k,total_queries,num_hit,hit_rate,avg_hit_rate,mrr
1,5311,1840,0.3464507625682546,0.3464507625682546,0.3464507625682546
3,5311,2778,0.5230653360948974,0.5230653360948974,0.42211134124144783
5,5311,3102,0.584070796460177,0.584070796460177,0.4355739659825511
