k,total_queries,num_hit,hit_rate,avg_hit_rate,mrr
1,99,33,0.3333333333333333,0.3333333333333333,0.3333333333333333
3,99,40,0.40404040404040403,0.40404040404040403,0.36363636363636365
5,99,43,0.43434343434343436,0.43434343434343436,0.37121212121212127
