k,total_queries,num_hit,hit_rate,avg_hit_rate,mrr
1,5310,1673,0.3150659133709981,0.3150659133709981,0.3150659133709981
3,5310,2547,0.47966101694915253,0.47966101694915253,0.3892969240426853
5,5310,2834,0.5337099811676083,0.5337099811676083,0.4016792215944751
