k,total_queries,num_hit,hit_rate,avg_hit_rate,mrr
1,5310,2511,0.4728813559322034,0.4728813559322034,0.4728813559322034
3,5310,3450,0.6497175141242938,0.6497175141242938,0.5563088512241068
5,5310,3515,0.6619585687382298,0.6619585687382298,0.5591807909604529
