k,total_queries,num_hit,hit_rate,avg_hit_rate,mrr
1,5310,2469,0.46497175141242936,0.46497175141242936,0.46497175141242936
3,5310,3331,0.6273069679849341,0.6273069679849341,0.5423101067168872
5,5310,3394,0.6391713747645951,0.6391713747645951,0.545078468298808
