k,total_queries,num_hit,hit_rate,avg_hit_rate,mrr
1,99,42,0.42424242424242425,0.42424242424242425,0.42424242424242425
3,99,50,0.5050505050505051,0.5050505050505051,0.46296296296296297
5,99,50,0.5050505050505051,0.5050505050505051,0.46296296296296297
