k,total_queries,num_hit,hit_rate,avg_hit_rate,mrr
1,5310,1660,0.3126177024482109,0.3126177024482109,0.3126177024482109
3,5310,2553,0.4807909604519774,0.4807909604519774,0.38722536095417254
5,5310,2837,0.5342749529190207,0.5342749529190207,0.39949466415567997
