question,k,gold_chunk_ids,retrieved_chunk_ids,first_hit_rank,hit,hit_rate
What is the source of the information mentioned in the footnote?,1,yanbaor2_e2f6b15971d68a7f081216b0c0d8538cab413124fc8911f4db4fbb3d17f167c4.pdf_14_p14_c0,jiaocaineedrop_jiaocai_needrop_en_1118_p1118_c0,0,False,0.0
What is the source of the information mentioned in the footnote?,3,yanbaor2_e2f6b15971d68a7f081216b0c0d8538cab413124fc8911f4db4fbb3d17f167c4.pdf_14_p14_c0,"jiaocaineedrop_jiaocai_needrop_en_1118_p1118_c0,yanbaor2_89c3718f5a45179ef57a5063c6df36fc2c9b7e3ab4275f4905ed89f1c17232ea.pdf_14_p14_c4,yanbaopptmerge_5473246b8da789b9bfdeef53a70c4d72afd480415d5cbcedb83d105856710328.pdf_8_p8_c0",0,False,0.0
What is the source of the information mentioned in the footnote?,5,yanbaor2_e2f6b15971d68a7f081216b0c0d8538cab413124fc8911f4db4fbb3d17f167c4.pdf_14_p14_c0,"jiaocaineedrop_jiaocai_needrop_en_1118_p1118_c0,yanbaor2_89c3718f5a45179ef57a5063c6df36fc2c9b7e3ab4275f4905ed89f1c17232ea.pdf_14_p14_c4,yanbaopptmerge_5473246b8da789b9bfdeef53a70c4d72afd480415d5cbcedb83d105856710328.pdf_8_p8_c0,newspaper_The Globe and Mail - 2025-1-8@magazinesclubnew_page_014_p14_c22,docstructbench_dianzishu_zhongwenzaixian-o.O-61323717.pdf_203_p203_c7",0,False,0.0
What channels are suggested for foreign managers to drive investor education besides digital platforms?,1,yanbaor2_e2f6b15971d68a7f081216b0c0d8538cab413124fc8911f4db4fbb3d17f167c4.pdf_14_p14_c1,yanbaor2_e2f6b15971d68a7f081216b0c0d8538cab413124fc8911f4db4fbb3d17f167c4.pdf_14_p14_c1,1,True,1.0
What channels are suggested for foreign managers to drive investor education besides digital platforms?,3,yanbaor2_e2f6b15971d68a7f081216b0c0d8538cab413124fc8911f4db4fbb3d17f167c4.pdf_14_p14_c1,"yanbaor2_e2f6b15971d68a7f081216b0c0d8538cab413124fc8911f4db4fbb3d17f167c4.pdf_14_p14_c1,yanbaor2_e2f6b15971d68a7f081216b0c0d8538cab413124fc8911f4db4fbb3d17f167c4.pdf_14_p14_c0,yanbaor2_e2f6b15971d68a7f081216b0c0d8538cab413124fc8911f4db4fbb3d17f167c4.pdf_14_p14_c2",1,True,1.0
What channels are suggested for foreign managers to drive investor education besides digital platforms?,5,yanbaor2_e2f6b15971d68a7f081216b0c0d8538cab413124fc8911f4db4fbb3d17f167c4.pdf_14_p14_c1,"yanbaor2_e2f6b15971d68a7f081216b0c0d8538cab413124fc8911f4db4fbb3d17f167c4.pdf_14_p14_c1,yanbaor2_e2f6b15971d68a7f081216b0c0d8538cab413124fc8911f4db4fbb3d17f167c4.pdf_14_p14_c0,yanbaor2_e2f6b15971d68a7f081216b0c0d8538cab413124fc8911f4db4fbb3d17f167c4.pdf_14_p14_c2,eastmoney_d2bb183f5254ede5760932ac3118524aa7eddad551935713b435541f1525c1ee.pdf_7_p7_c1,yanbaor2_f832cad1f46c067198e9df95ae7b150213f16805037c1a5725e72245010d3e97.pdf_3_p3_c3",1,True,1.0
What benefit do foreign managers gain from participating in the conversation?,1,yanbaor2_e2f6b15971d68a7f081216b0c0d8538cab413124fc8911f4db4fbb3d17f167c4.pdf_14_p14_c2,yanbaor2_e2f6b15971d68a7f081216b0c0d8538cab413124fc8911f4db4fbb3d17f167c4.pdf_14_p14_c2,1,True,1.0
What benefit do foreign managers gain from participating in the conversation?,3,yanbaor2_e2f6b15971d68a7f081216b0c0d8538cab413124fc8911f4db4fbb3d17f167c4.pdf_14_p14_c2,"yanbaor2_e2f6b15971d68a7f081216b0c0d8538cab413124fc8911f4db4fbb3d17f167c4.pdf_14_p14_c2,yanbaor2_e2f6b15971d68a7f081216b0c0d8538cab413124fc8911f4db4fbb3d17f167c4.pdf_14_p14_c1,yanbaor2_e2f6b15971d68a7f081216b0c0d8538cab413124fc8911f4db4fbb3d17f167c4.pdf_14_p14_c0",1,True,1.0
What benefit do foreign managers gain from participating in the conversation?,5,yanbaor2_e2f6b15971d68a7f081216b0c0d8538cab413124fc8911f4db4fbb3d17f167c4.pdf_14_p14_c2,"yanbaor2_e2f6b15971d68a7f081216b0c0d8538cab413124fc8911f4db4fbb3d17f167c4.pdf_14_p14_c2,yanbaor2_e2f6b15971d68a7f081216b0c0d8538cab413124fc8911f4db4fbb3d17f167c4.pdf_14_p14_c1,yanbaor2_e2f6b15971d68a7f081216b0c0d8538cab413124fc8911f4db4fbb3d17f167c4.pdf_14_p14_c0,yanbaor2_f832cad1f46c067198e9df95ae7b150213f16805037c1a5725e72245010d3e97.pdf_3_p3_c0,PPT_1001115_eng_page_005_p5_c0",1,True,1.0
女子小学停办前有哪些课程设置？,1,docstructbench_dianzishu_zhongwenzaixian-o.O-61323717.pdf_203_p203_c0,docstructbench_dianzishu_zhongwenzaixian-o.O-61323717.pdf_203_p203_c0,1,True,1.0
女子小学停办前有哪些课程设置？,3,docstructbench_dianzishu_zhongwenzaixian-o.O-61323717.pdf_203_p203_c0,"docstructbench_dianzishu_zhongwenzaixian-o.O-61323717.pdf_203_p203_c0,yanbaopptmerge_yanbaoPPT_4615_p4615_c0,jiaocaineedrop_jiaocai_needrop_en_3274_p3274_c1",1,True,1.0
女子小学停办前有哪些课程设置？,5,docstructbench_dianzishu_zhongwenzaixian-o.O-61323717.pdf_203_p203_c0,"docstructbench_dianzishu_zhongwenzaixian-o.O-61323717.pdf_203_p203_c0,yanbaopptmerge_yanbaoPPT_4615_p4615_c0,jiaocaineedrop_jiaocai_needrop_en_3274_p3274_c1,yanbaor2_7f386f737cb55cffa10c8321a94bd38d7169cd69b3b253b9e2e502c12a68feea.pdf_15_p15_c0,newspaper_e62730aaeb9b509119e0c3699ac18201_1_p1_c6",1,True,1.0
表35的标题是什么？,1,docstructbench_dianzishu_zhongwenzaixian-o.O-61323717.pdf_203_p203_c1,docstructbench_dianzishu_zhongwenzaixian-o.O-61323717.pdf_203_p203_c1,1,True,1.0
表35的标题是什么？,3,docstructbench_dianzishu_zhongwenzaixian-o.O-61323717.pdf_203_p203_c1,"docstructbench_dianzishu_zhongwenzaixian-o.O-61323717.pdf_203_p203_c1,jiaocaineedrop_jiaocai_needrop_en_2884_p2884_c1,jiaocaineedrop_jiaocai_needrop_en_1836_p1836_c1",1,True,1.0
表35的标题是什么？,5,docstructbench_dianzishu_zhongwenzaixian-o.O-61323717.pdf_203_p203_c1,"docstructbench_dianzishu_zhongwenzaixian-o.O-61323717.pdf_203_p203_c1,jiaocaineedrop_jiaocai_needrop_en_2884_p2884_c1,jiaocaineedrop_jiaocai_needrop_en_1836_p1836_c1,exam_paper_2004-2019上海高考英语听力原文和答案_page_017_p17_c0,color_textbook_教材全解1+1二年级上册英语上海牛津版_page_067_p67_c1",1,True,1.0
What is the total number of schools in the '合计' row?,1,docstructbench_dianzishu_zhongwenzaixian-o.O-61323717.pdf_203_p203_c2,docstructbench_dianzishu_zhongwenzaixian-o.O-61323717.pdf_203_p203_c2,1,True,1.0
What is the total number of schools in the '合计' row?,3,docstructbench_dianzishu_zhongwenzaixian-o.O-61323717.pdf_203_p203_c2,"docstructbench_dianzishu_zhongwenzaixian-o.O-61323717.pdf_203_p203_c2,docstructbench_dianzishu_zhongwenzaixian-o.O-61323717.pdf_203_p203_c3,docstructbench_dianzishu_zhongwenzaixian-o.O-61323717.pdf_203_p203_c4",1,True,1.0
What is the total number of schools in the '合计' row?,5,docstructbench_dianzishu_zhongwenzaixian-o.O-61323717.pdf_203_p203_c2,"docstructbench_dianzishu_zhongwenzaixian-o.O-61323717.pdf_203_p203_c2,docstructbench_dianzishu_zhongwenzaixian-o.O-61323717.pdf_203_p203_c3,docstructbench_dianzishu_zhongwenzaixian-o.O-61323717.pdf_203_p203_c4,exam_paper_en-file-putnam-archive_1995_Solutions_1995s_page_002_p2_c4,exam_paper_2004-2019上海高考英语听力原文和答案_page_017_p17_c1",1,True,1.0
What is the total number of students in the last row?,1,docstructbench_dianzishu_zhongwenzaixian-o.O-61323717.pdf_203_p203_c3,docstructbench_dianzishu_zhongwenzaixian-o.O-61323717.pdf_203_p203_c3,1,True,1.0
What is the total number of students in the last row?,3,docstructbench_dianzishu_zhongwenzaixian-o.O-61323717.pdf_203_p203_c3,"docstructbench_dianzishu_zhongwenzaixian-o.O-61323717.pdf_203_p203_c3,docstructbench_dianzishu_zhongwenzaixian-o.O-61323717.pdf_203_p203_c4,docstructbench_dianzishu_zhongwenzaixian-o.O-61323717.pdf_203_p203_c2",1,True,1.0
What is the total number of students in the last row?,5,docstructbench_dianzishu_zhongwenzaixian-o.O-61323717.pdf_203_p203_c3,"docstructbench_dianzishu_zhongwenzaixian-o.O-61323717.pdf_203_p203_c3,docstructbench_dianzishu_zhongwenzaixian-o.O-61323717.pdf_203_p203_c4,docstructbench_dianzishu_zhongwenzaixian-o.O-61323717.pdf_203_p203_c2,exam_paper_en-file-putnam-archive_1995_Solutions_1995s_page_002_p2_c4,jiaocaineedrop_Chapter9.pdf_46_p46_c0",1,True,1.0
What is the total number of male staff?,1,docstructbench_dianzishu_zhongwenzaixian-o.O-61323717.pdf_203_p203_c4,docstructbench_dianzishu_zhongwenzaixian-o.O-61323717.pdf_203_p203_c4,1,True,1.0
What is the total number of male staff?,3,docstructbench_dianzishu_zhongwenzaixian-o.O-61323717.pdf_203_p203_c4,"docstructbench_dianzishu_zhongwenzaixian-o.O-61323717.pdf_203_p203_c4,docstructbench_dianzishu_zhongwenzaixian-o.O-61323717.pdf_203_p203_c3,magazine_TheEconomist.2023.11.25_page_069_p69_c5",1,True,1.0
What is the total number of male staff?,5,docstructbench_dianzishu_zhongwenzaixian-o.O-61323717.pdf_203_p203_c4,"docstructbench_dianzishu_zhongwenzaixian-o.O-61323717.pdf_203_p203_c4,docstructbench_dianzishu_zhongwenzaixian-o.O-61323717.pdf_203_p203_c3,magazine_TheEconomist.2023.11.25_page_069_p69_c5,newspaper_fe2c8b45b2a086cd75984640bb3080e1_1_p1_c5,docstructbench_dianzishu_zhongwenzaixian-o.O-61323717.pdf_203_p203_c6",1,True,1.0
盐池县女生数量的依据来自何处？,1,docstructbench_dianzishu_zhongwenzaixian-o.O-61323717.pdf_203_p203_c7,docstructbench_dianzishu_zhongwenzaixian-o.O-61323717.pdf_203_p203_c7,1,True,1.0
盐池县女生数量的依据来自何处？,3,docstructbench_dianzishu_zhongwenzaixian-o.O-61323717.pdf_203_p203_c7,"docstructbench_dianzishu_zhongwenzaixian-o.O-61323717.pdf_203_p203_c7,docstructbench_dianzishu_zhongwenzaixian-o.O-61323717.pdf_203_p203_c0,docstructbench_dianzishu_zhongwenzaixian-o.O-61323717.pdf_203_p203_c2",1,True,1.0
盐池县女生数量的依据来自何处？,5,docstructbench_dianzishu_zhongwenzaixian-o.O-61323717.pdf_203_p203_c7,"docstructbench_dianzishu_zhongwenzaixian-o.O-61323717.pdf_203_p203_c7,docstructbench_dianzishu_zhongwenzaixian-o.O-61323717.pdf_203_p203_c0,docstructbench_dianzishu_zhongwenzaixian-o.O-61323717.pdf_203_p203_c2,docstructbench_dianzishu_zhongwenzaixian-o.O-61323717.pdf_203_p203_c6,docstructbench_dianzishu_zhongwenzaixian-o.O-61323717.pdf_203_p203_c3",1,True,1.0
What is the deadline for submitting the Group Presentation Topic and Description?,1,PPT_PresentationSpecification_page_007_p7_c0,PPT_PresentationSpecification_page_007_p7_c0,1,True,1.0
What is the deadline for submitting the Group Presentation Topic and Description?,3,PPT_PresentationSpecification_page_007_p7_c0,"PPT_PresentationSpecification_page_007_p7_c0,newspaper_2a6b4fa088699701a6fa9ccecfb5c25d_3_p3_c0,newspaper_fe5ed29024932fad071afc53807b16ba_1_p1_c1",1,True,1.0
What is the deadline for submitting the Group Presentation Topic and Description?,5,PPT_PresentationSpecification_page_007_p7_c0,"PPT_PresentationSpecification_page_007_p7_c0,newspaper_2a6b4fa088699701a6fa9ccecfb5c25d_3_p3_c0,newspaper_fe5ed29024932fad071afc53807b16ba_1_p1_c1,yanbaopptmerge_51e549c0d1a2669ac976409fcf99ce91908b1e0a07f0fc70d92263abf6d07f18.pdf_1_p1_c0,newspaper_fe5ed29024932fad071afc53807b16ba_1_p1_c0",1,True,1.0
What is a prisoner point according to the document?,1,jiaocaineedrop_glossary.pdf_7_p7_c0,jiaocaineedrop_glossary.pdf_7_p7_c0,1,True,1.0
What is a prisoner point according to the document?,3,jiaocaineedrop_glossary.pdf_7_p7_c0,"jiaocaineedrop_glossary.pdf_7_p7_c0,magazine_TheEconomist.2024.03.02_page_028_p28_c6,newspaper_The Globe and Mail - 2025-1-8@magazinesclubnew_page_014_p14_c22",1,True,1.0
What is a prisoner point according to the document?,5,jiaocaineedrop_glossary.pdf_7_p7_c0,"jiaocaineedrop_glossary.pdf_7_p7_c0,magazine_TheEconomist.2024.03.02_page_028_p28_c6,newspaper_The Globe and Mail - 2025-1-8@magazinesclubnew_page_014_p14_c22,jiaocaineedrop_biz-96816.pdf_48_p48_c5,magazine_TheEconomist.2024.03.02_page_075_p75_c3",1,True,1.0
What is the definition of probability according to the fragment?,1,jiaocaineedrop_glossary.pdf_7_p7_c1,jiaocaineedrop_glossary.pdf_7_p7_c1,1,True,1.0
What is the definition of probability according to the fragment?,3,jiaocaineedrop_glossary.pdf_7_p7_c1,"jiaocaineedrop_glossary.pdf_7_p7_c1,newspaper_The Globe and Mail - 2025-1-8@magazinesclubnew_page_014_p14_c3,jiaocaineedrop_jiaocai_needrop_en_1564_p1564_c1",1,True,1.0
What is the definition of probability according to the fragment?,5,jiaocaineedrop_glossary.pdf_7_p7_c1,"jiaocaineedrop_glossary.pdf_7_p7_c1,newspaper_The Globe and Mail - 2025-1-8@magazinesclubnew_page_014_p14_c3,jiaocaineedrop_jiaocai_needrop_en_1564_p1564_c1,newspaper_The Globe and Mail - 2025-1-8@magazinesclubnew_page_014_p14_c22,docstructbench_llm-raw-scihub-o.O-j.chroma.2005.05.085.pdf_4_p4_c6",1,True,1.0
What is the term for an angle in standard position whose terminal side coincides with one of the axes?,1,jiaocaineedrop_glossary.pdf_7_p7_c2,jiaocaineedrop_glossary.pdf_7_p7_c2,1,True,1.0
What is the term for an angle in standard position whose terminal side coincides with one of the axes?,3,jiaocaineedrop_glossary.pdf_7_p7_c2,"jiaocaineedrop_glossary.pdf_7_p7_c2,jiaocaineedrop_glossary.pdf_7_p7_c7,jiaocaineedrop_glossary.pdf_7_p7_c4",1,True,1.0
What is the term for an angle in standard position whose terminal side coincides with one of the axes?,5,jiaocaineedrop_glossary.pdf_7_p7_c2,"jiaocaineedrop_glossary.pdf_7_p7_c2,jiaocaineedrop_glossary.pdf_7_p7_c7,jiaocaineedrop_glossary.pdf_7_p7_c4,jiaocaineedrop_jiaocai_needrop_en_1473_p1473_c0,yanbaopptmerge_yanbaoPPT_4125_p4125_c0",1,True,1.0
What is the definition of range of a relation according to the fragment?,1,jiaocaineedrop_glossary.pdf_7_p7_c3,jiaocaineedrop_glossary.pdf_7_p7_c3,1,True,1.0
What is the definition of range of a relation according to the fragment?,3,jiaocaineedrop_glossary.pdf_7_p7_c3,"jiaocaineedrop_glossary.pdf_7_p7_c3,jiaocaineedrop_jiaocai_needrop_en_1564_p1564_c6,newspaper_The Globe and Mail - 2025-1-8@magazinesclubnew_page_014_p14_c22",1,True,1.0
What is the definition of range of a relation according to the fragment?,5,jiaocaineedrop_glossary.pdf_7_p7_c3,"jiaocaineedrop_glossary.pdf_7_p7_c3,jiaocaineedrop_jiaocai_needrop_en_1564_p1564_c6,newspaper_The Globe and Mail - 2025-1-8@magazinesclubnew_page_014_p14_c22,docstructbench_llm-raw-scihub-o.O-j.1365-2818.2003.01210.x.pdf_7_p7_c0,exam_paper_en-file-putnam-archive_1996_Solutions_1996s_page_002_p2_c7",1,True,1.0
What is the rectangular form of a complex number?,1,jiaocaineedrop_glossary.pdf_7_p7_c4,jiaocaineedrop_glossary.pdf_7_p7_c4,1,True,1.0
What is the rectangular form of a complex number?,3,jiaocaineedrop_glossary.pdf_7_p7_c4,"jiaocaineedrop_glossary.pdf_7_p7_c4,jiaocaineedrop_glossary.pdf_7_p7_c2,exam_paper_en-file-putnam-archive_2011_Solutions_2011s_page_002_p2_c6",1,True,1.0
What is the rectangular form of a complex number?,5,jiaocaineedrop_glossary.pdf_7_p7_c4,"jiaocaineedrop_glossary.pdf_7_p7_c4,jiaocaineedrop_glossary.pdf_7_p7_c2,exam_paper_en-file-putnam-archive_2011_Solutions_2011s_page_002_p2_c6,docstructbench_dianzishu_zhongwenzaixian-o.O-61523162.pdf_276_p276_c4,exam_paper_en-file-putnam-archive_2000_Solutions_2000s_page_001_p1_c4",1,True,1.0
What is the general equation of a rectangular hyperbola?,1,jiaocaineedrop_glossary.pdf_7_p7_c5,jiaocaineedrop_glossary.pdf_7_p7_c5,1,True,1.0
What is the general equation of a rectangular hyperbola?,3,jiaocaineedrop_glossary.pdf_7_p7_c5,"jiaocaineedrop_glossary.pdf_7_p7_c5,jiaocaineedrop_glossary.pdf_7_p7_c4,docstructbench_llm-raw-scihub-o.O-j.chroma.2005.05.085.pdf_4_p4_c7",1,True,1.0
What is the general equation of a rectangular hyperbola?,5,jiaocaineedrop_glossary.pdf_7_p7_c5,"jiaocaineedrop_glossary.pdf_7_p7_c5,jiaocaineedrop_glossary.pdf_7_p7_c4,docstructbench_llm-raw-scihub-o.O-j.chroma.2005.05.085.pdf_4_p4_c7,docstructbench_llm-raw-scihub-o.O-j.chroma.2005.05.085.pdf_4_p4_c6,exam_paper_en-file-putnam-archive_2007_Solutions_2007s_page_001_p1_c7",1,True,1.0
What is a reduced sample space according to the document fragment?,1,jiaocaineedrop_glossary.pdf_7_p7_c6,jiaocaineedrop_glossary.pdf_7_p7_c6,1,True,1.0
What is a reduced sample space according to the document fragment?,3,jiaocaineedrop_glossary.pdf_7_p7_c6,"jiaocaineedrop_glossary.pdf_7_p7_c6,docstructbench_llm-raw-scihub-o.O-j.1365-2818.2003.01210.x.pdf_7_p7_c1,docstructbench_llm-raw-scihub-o.O-j.1365-2818.2003.01210.x.pdf_7_p7_c0",1,True,1.0
What is a reduced sample space according to the document fragment?,5,jiaocaineedrop_glossary.pdf_7_p7_c6,"jiaocaineedrop_glossary.pdf_7_p7_c6,docstructbench_llm-raw-scihub-o.O-j.1365-2818.2003.01210.x.pdf_7_p7_c1,docstructbench_llm-raw-scihub-o.O-j.1365-2818.2003.01210.x.pdf_7_p7_c0,newspaper_The Globe and Mail - 2025-1-8@magazinesclubnew_page_014_p14_c22,jiaocaineedrop_jiaocai_needrop_en_2884_p2884_c1",1,True,1.0
What is the definition of a reference angle according to the fragment?,1,jiaocaineedrop_glossary.pdf_7_p7_c7,jiaocaineedrop_glossary.pdf_7_p7_c7,1,True,1.0
What is the definition of a reference angle according to the fragment?,3,jiaocaineedrop_glossary.pdf_7_p7_c7,"jiaocaineedrop_glossary.pdf_7_p7_c7,yanbaopptmerge_1c5f17c3dfa38c45b86802b9d014da18.pdf_1372_p1372_c0,jiaocaineedrop_glossary.pdf_7_p7_c2",1,True,1.0
What is the definition of a reference angle according to the fragment?,5,jiaocaineedrop_glossary.pdf_7_p7_c7,"jiaocaineedrop_glossary.pdf_7_p7_c7,yanbaopptmerge_1c5f17c3dfa38c45b86802b9d014da18.pdf_1372_p1372_c0,jiaocaineedrop_glossary.pdf_7_p7_c2,jiaocaineedrop_jiaocai_needrop_en_2193_p2193_c0,jiaocaineedrop_jiaocai_needrop_en_1118_p1118_c0",1,True,1.0
What is the definition of a root according to the document fragment?,1,jiaocaineedrop_glossary.pdf_7_p7_c8,exam_paper_en-file-putnam-archive_1999_Solutions_1999s_page_003_p3_c5,0,False,0.0
What is the definition of a root according to the document fragment?,3,jiaocaineedrop_glossary.pdf_7_p7_c8,"exam_paper_en-file-putnam-archive_1999_Solutions_1999s_page_003_p3_c5,jiaocaineedrop_glossary.pdf_7_p7_c8,newspaper_The Globe and Mail - 2025-1-8@magazinesclubnew_page_014_p14_c20",2,True,1.0
What is the definition of a root according to the document fragment?,5,jiaocaineedrop_glossary.pdf_7_p7_c8,"exam_paper_en-file-putnam-archive_1999_Solutions_1999s_page_003_p3_c5,jiaocaineedrop_glossary.pdf_7_p7_c8,newspaper_The Globe and Mail - 2025-1-8@magazinesclubnew_page_014_p14_c20,color_textbook_教材全解1+1二年级上册英语上海牛津版_page_067_p67_c1,jiaocaineedrop_jiaocai_needrop_en_2193_p2193_c0",2,True,1.0
What is a row matrix defined as in the document?,1,jiaocaineedrop_glossary.pdf_7_p7_c9,jiaocaineedrop_glossary.pdf_7_p7_c9,1,True,1.0
What is a row matrix defined as in the document?,3,jiaocaineedrop_glossary.pdf_7_p7_c9,"jiaocaineedrop_glossary.pdf_7_p7_c9,book_en_国外数学教材-非数学专业教材-线性代数-Gilbert Strang—Linear Algebra and Its Applications 4e_0242_p242_c0,book_en_国外数学教材-非数学专业教材-线性代数-Gilbert Strang—Linear Algebra and Its Applications 4e_0035_p35_c2",1,True,1.0
What is a row matrix defined as in the document?,5,jiaocaineedrop_glossary.pdf_7_p7_c9,"jiaocaineedrop_glossary.pdf_7_p7_c9,book_en_国外数学教材-非数学专业教材-线性代数-Gilbert Strang—Linear Algebra and Its Applications 4e_0242_p242_c0,book_en_国外数学教材-非数学专业教材-线性代数-Gilbert Strang—Linear Algebra and Its Applications 4e_0035_p35_c2,PPT_lay_linalg5_01_05_page_009_p9_c0,book_en_国外数学教材-非数学专业教材-线性代数-Gilbert Strang—Linear Algebra and Its Applications 4e_0242_p242_c1",1,True,1.0
What is the limit of the cost as m approaches infinity?,1,exam_paper_en-file-putnam-archive_2009_Solutions_2009s_page_003_p3_c0,exam_paper_en-file-putnam-archive_2011_Solutions_2011s_page_002_p2_c7,0,False,0.0
What is the limit of the cost as m approaches infinity?,3,exam_paper_en-file-putnam-archive_2009_Solutions_2009s_page_003_p3_c0,"exam_paper_en-file-putnam-archive_2011_Solutions_2011s_page_002_p2_c7,exam_paper_en-file-putnam-archive_2009_Solutions_2009s_page_003_p3_c0,exam_paper_en-file-putnam-archive_2011_Solutions_2011s_page_002_p2_c9",2,True,1.0
What is the limit of the cost as m approaches infinity?,5,exam_paper_en-file-putnam-archive_2009_Solutions_2009s_page_003_p3_c0,"exam_paper_en-file-putnam-archive_2011_Solutions_2011s_page_002_p2_c7,exam_paper_en-file-putnam-archive_2009_Solutions_2009s_page_003_p3_c0,exam_paper_en-file-putnam-archive_2011_Solutions_2011s_page_002_p2_c9,exam_paper_en-file-putnam-archive_2006_Solutions_2006s_page_006_p6_c7,exam_paper_en-file-putnam-archive_2006_Solutions_2006s_page_006_p6_c6",2,True,1.0
What is the formula for n in terms of k?,1,exam_paper_en-file-putnam-archive_2009_Solutions_2009s_page_003_p3_c1,exam_paper_en-file-putnam-archive_1996_Solutions_1996s_page_002_p2_c2,0,False,0.0
What is the formula for n in terms of k?,3,exam_paper_en-file-putnam-archive_2009_Solutions_2009s_page_003_p3_c1,"exam_paper_en-file-putnam-archive_1996_Solutions_1996s_page_002_p2_c2,exam_paper_en-file-putnam-archive_2009_Solutions_2009s_page_003_p3_c2,exam_paper_en-file-putnam-archive_2006_Solutions_2006s_page_006_p6_c8",0,False,0.0
What is the formula for n in terms of k?,5,exam_paper_en-file-putnam-archive_2009_Solutions_2009s_page_003_p3_c1,"exam_paper_en-file-putnam-archive_1996_Solutions_1996s_page_002_p2_c2,exam_paper_en-file-putnam-archive_2009_Solutions_2009s_page_003_p3_c2,exam_paper_en-file-putnam-archive_2006_Solutions_2006s_page_006_p6_c8,exam_paper_en-file-putnam-archive_2006_Solutions_2006s_page_006_p6_c7,exam_paper_en-file-putnam-archive_2002_Solutions_2002s_page_001_p1_c1",0,False,0.0
What was known to Archimedes regarding the integral computation?,1,exam_paper_en-file-putnam-archive_2009_Solutions_2009s_page_003_p3_c2,exam_paper_en-file-putnam-archive_2009_Solutions_2009s_page_003_p3_c1,0,False,0.0
What was known to Archimedes regarding the integral computation?,3,exam_paper_en-file-putnam-archive_2009_Solutions_2009s_page_003_p3_c2,"exam_paper_en-file-putnam-archive_2009_Solutions_2009s_page_003_p3_c1,exam_paper_en-file-putnam-archive_2009_Solutions_2009s_page_003_p3_c2,docstructbench_llm-raw-scihub-o.O-j.physletb.2004.11.060.pdf_2_p2_c6",2,True,1.0
What was known to Archimedes regarding the integral computation?,5,exam_paper_en-file-putnam-archive_2009_Solutions_2009s_page_003_p3_c2,"exam_paper_en-file-putnam-archive_2009_Solutions_2009s_page_003_p3_c1,exam_paper_en-file-putnam-archive_2009_Solutions_2009s_page_003_p3_c2,docstructbench_llm-raw-scihub-o.O-j.physletb.2004.11.060.pdf_2_p2_c6,book_en_国外数学教材-数论-Melvyn B. Nathanson—Elementary Methods in Number Theory_0035_p35_c0,jiaocaineedrop_96657786.pdf_0_p0_c2",2,True,1.0
What is the term used for mediocre subsets containing both 1 and n+2?,1,exam_paper_en-file-putnam-archive_2009_Solutions_2009s_page_003_p3_c3,exam_paper_en-file-putnam-archive_2009_Solutions_2009s_page_003_p3_c3,1,True,1.0
What is the term used for mediocre subsets containing both 1 and n+2?,3,exam_paper_en-file-putnam-archive_2009_Solutions_2009s_page_003_p3_c3,"exam_paper_en-file-putnam-archive_2009_Solutions_2009s_page_003_p3_c3,exam_paper_en-file-putnam-archive_2009_Solutions_2009s_page_003_p3_c2,exam_paper_en-file-putnam-archive_2009_Solutions_2009s_page_003_p3_c4",1,True,1.0
What is the term used for mediocre subsets containing both 1 and n+2?,5,exam_paper_en-file-putnam-archive_2009_Solutions_2009s_page_003_p3_c3,"exam_paper_en-file-putnam-archive_2009_Solutions_2009s_page_003_p3_c3,exam_paper_en-file-putnam-archive_2009_Solutions_2009s_page_003_p3_c2,exam_paper_en-file-putnam-archive_2009_Solutions_2009s_page_003_p3_c4,exam_paper_en-file-putnam-archive_2009_Solutions_2009s_page_003_p3_c5,exam_paper_en-file-putnam-archive_2009_Solutions_2009s_page_003_p3_c6",1,True,1.0
What is the average of 1 + m1b and 1 + m2b when their sum is even?,1,exam_paper_en-file-putnam-archive_2009_Solutions_2009s_page_003_p3_c4,exam_paper_en-file-putnam-archive_2009_Solutions_2009s_page_003_p3_c4,1,True,1.0
What is the average of 1 + m1b and 1 + m2b when their sum is even?,3,exam_paper_en-file-putnam-archive_2009_Solutions_2009s_page_003_p3_c4,"exam_paper_en-file-putnam-archive_2009_Solutions_2009s_page_003_p3_c4,scihub_bloodadvances.2019030924.pdf_3_p3_c1,exam_paper_en-file-putnam-archive_2007_Solutions_2007s_page_001_p1_c8",1,True,1.0
What is the average of 1 + m1b and 1 + m2b when their sum is even?,5,exam_paper_en-file-putnam-archive_2009_Solutions_2009s_page_003_p3_c4,"exam_paper_en-file-putnam-archive_2009_Solutions_2009s_page_003_p3_c4,scihub_bloodadvances.2019030924.pdf_3_p3_c1,exam_paper_en-file-putnam-archive_2007_Solutions_2007s_page_001_p1_c8,docstructbench_llm-raw-scihub-o.O-j.chroma.2005.05.085.pdf_4_p4_c7,jiaocaineedrop_96657786.pdf_0_p0_c1",1,True,1.0
"What must a mediocre subset containing the endpoints of $\{1, \ldots, 2^k + 1\}$ contain?",1,exam_paper_en-file-putnam-archive_2009_Solutions_2009s_page_003_p3_c5,exam_paper_en-file-putnam-archive_2009_Solutions_2009s_page_003_p3_c5,1,True,1.0
"What must a mediocre subset containing the endpoints of $\{1, \ldots, 2^k + 1\}$ contain?",3,exam_paper_en-file-putnam-archive_2009_Solutions_2009s_page_003_p3_c5,"exam_paper_en-file-putnam-archive_2009_Solutions_2009s_page_003_p3_c5,exam_paper_en-file-putnam-archive_2009_Solutions_2009s_page_003_p3_c4,exam_paper_en-file-putnam-archive_2009_Solutions_2009s_page_003_p3_c3",1,True,1.0
"What must a mediocre subset containing the endpoints of $\{1, \ldots, 2^k + 1\}$ contain?",5,exam_paper_en-file-putnam-archive_2009_Solutions_2009s_page_003_p3_c5,"exam_paper_en-file-putnam-archive_2009_Solutions_2009s_page_003_p3_c5,exam_paper_en-file-putnam-archive_2009_Solutions_2009s_page_003_p3_c4,exam_paper_en-file-putnam-archive_2009_Solutions_2009s_page_003_p3_c3,exam_paper_en-file-putnam-archive_2009_Solutions_2009s_page_003_p3_c6,exam_paper_en-file-putnam-archive_2009_Solutions_2009s_page_003_p3_c2",1,True,1.0
What is the set S defined as in the proof?,1,exam_paper_en-file-putnam-archive_2009_Solutions_2009s_page_003_p3_c6,exam_paper_en-file-putnam-archive_2012_Solutions_2012s_page_001_p1_c4,0,False,0.0
What is the set S defined as in the proof?,3,exam_paper_en-file-putnam-archive_2009_Solutions_2009s_page_003_p3_c6,"exam_paper_en-file-putnam-archive_2012_Solutions_2012s_page_001_p1_c4,exam_paper_en-file-putnam-archive_2012_Solutions_2012s_page_001_p1_c3,exam_paper_en-file-putnam-archive_2016_Solutions_2016s_page_002_p2_c4",0,False,0.0
What is the set S defined as in the proof?,5,exam_paper_en-file-putnam-archive_2009_Solutions_2009s_page_003_p3_c6,"exam_paper_en-file-putnam-archive_2012_Solutions_2012s_page_001_p1_c4,exam_paper_en-file-putnam-archive_2012_Solutions_2012s_page_001_p1_c3,exam_paper_en-file-putnam-archive_2016_Solutions_2016s_page_002_p2_c4,exam_paper_en-file-putnam-archive_2012_Solutions_2012s_page_001_p1_c7,exam_paper_en-file-putnam-archive_2016_Solutions_2016s_page_002_p2_c5",0,False,0.0
What is the condition for a polynomial P to be balanced?,1,exam_paper_en-file-putnam-archive_2009_Solutions_2009s_page_003_p3_c7,exam_paper_en-file-putnam-archive_2009_Solutions_2009s_page_003_p3_c7,1,True,1.0
What is the condition for a polynomial P to be balanced?,3,exam_paper_en-file-putnam-archive_2009_Solutions_2009s_page_003_p3_c7,"exam_paper_en-file-putnam-archive_2009_Solutions_2009s_page_003_p3_c7,exam_paper_en-file-putnam-archive_2009_Solutions_2009s_page_003_p3_c8,exam_paper_en-file-putnam-archive_1999_Solutions_1999s_page_003_p3_c4",1,True,1.0
What is the condition for a polynomial P to be balanced?,5,exam_paper_en-file-putnam-archive_2009_Solutions_2009s_page_003_p3_c7,"exam_paper_en-file-putnam-archive_2009_Solutions_2009s_page_003_p3_c7,exam_paper_en-file-putnam-archive_2009_Solutions_2009s_page_003_p3_c8,exam_paper_en-file-putnam-archive_1999_Solutions_1999s_page_003_p3_c4,exam_paper_en-file-putnam-archive_1999_Solutions_1999s_page_003_p3_c3,exam_paper_en-file-putnam-archive_1999_Solutions_1999s_page_002_p2_c4",1,True,1.0
What is the dimension of V according to the formula provided?,1,exam_paper_en-file-putnam-archive_2009_Solutions_2009s_page_003_p3_c8,exam_paper_en-file-putnam-archive_2009_Solutions_2009s_page_003_p3_c9,0,False,0.0
What is the dimension of V according to the formula provided?,3,exam_paper_en-file-putnam-archive_2009_Solutions_2009s_page_003_p3_c8,"exam_paper_en-file-putnam-archive_2009_Solutions_2009s_page_003_p3_c9,exam_paper_en-file-putnam-archive_2009_Solutions_2009s_page_003_p3_c8,exam_paper_en-file-putnam-archive_2006_Solutions_2006s_page_006_p6_c1",2,True,1.0
What is the dimension of V according to the formula provided?,5,exam_paper_en-file-putnam-archive_2009_Solutions_2009s_page_003_p3_c8,"exam_paper_en-file-putnam-archive_2009_Solutions_2009s_page_003_p3_c9,exam_paper_en-file-putnam-archive_2009_Solutions_2009s_page_003_p3_c8,exam_paper_en-file-putnam-archive_2006_Solutions_2006s_page_006_p6_c1,book_zh_CNASGL0092018_extracted_page_69_p69_c1,book_en_国外数学教材-非数学专业教材-线性代数-Gilbert Strang—Linear Algebra and Its Applications 4e_0119_p119_c1",2,True,1.0
What is the dimension of V according to the formula provided?,1,exam_paper_en-file-putnam-archive_2009_Solutions_2009s_page_003_p3_c9,exam_paper_en-file-putnam-archive_2009_Solutions_2009s_page_003_p3_c9,1,True,1.0
What is the dimension of V according to the formula provided?,3,exam_paper_en-file-putnam-archive_2009_Solutions_2009s_page_003_p3_c9,"exam_paper_en-file-putnam-archive_2009_Solutions_2009s_page_003_p3_c9,exam_paper_en-file-putnam-archive_2009_Solutions_2009s_page_003_p3_c8,exam_paper_en-file-putnam-archive_2006_Solutions_2006s_page_006_p6_c1",1,True,1.0
What is the dimension of V according to the formula provided?,5,exam_paper_en-file-putnam-archive_2009_Solutions_2009s_page_003_p3_c9,"exam_paper_en-file-putnam-archive_2009_Solutions_2009s_page_003_p3_c9,exam_paper_en-file-putnam-archive_2009_Solutions_2009s_page_003_p3_c8,exam_paper_en-file-putnam-archive_2006_Solutions_2006s_page_006_p6_c1,book_zh_CNASGL0092018_extracted_page_69_p69_c1,book_en_国外数学教材-非数学专业教材-线性代数-Gilbert Strang—Linear Algebra and Its Applications 4e_0119_p119_c1",1,True,1.0
What is the assumption made to prove the claim?,1,exam_paper_en-file-putnam-archive_2009_Solutions_2009s_page_003_p3_c10,exam_paper_en-file-putnam-archive_2012_Solutions_2012s_page_001_p1_c4,0,False,0.0
What is the assumption made to prove the claim?,3,exam_paper_en-file-putnam-archive_2009_Solutions_2009s_page_003_p3_c10,"exam_paper_en-file-putnam-archive_2012_Solutions_2012s_page_001_p1_c4,exam_paper_en-file-putnam-archive_2009_Solutions_2009s_page_003_p3_c5,exam_paper_en-file-putnam-archive_2009_Solutions_2009s_page_003_p3_c6",0,False,0.0
What is the assumption made to prove the claim?,5,exam_paper_en-file-putnam-archive_2009_Solutions_2009s_page_003_p3_c10,"exam_paper_en-file-putnam-archive_2012_Solutions_2012s_page_001_p1_c4,exam_paper_en-file-putnam-archive_2009_Solutions_2009s_page_003_p3_c5,exam_paper_en-file-putnam-archive_2009_Solutions_2009s_page_003_p3_c6,exam_paper_en-file-putnam-archive_2012_Solutions_2012s_page_001_p1_c5,magazine_TheEconomist.2024.03.02_page_028_p28_c6",0,False,0.0
What is the condition for equality between the two integrals?,1,exam_paper_en-file-putnam-archive_1995_Solutions_1995s_page_002_p2_c2,exam_paper_en-file-putnam-archive_1995_Solutions_1995s_page_002_p2_c2,1,True,1.0
What is the condition for equality between the two integrals?,3,exam_paper_en-file-putnam-archive_1995_Solutions_1995s_page_002_p2_c2,"exam_paper_en-file-putnam-archive_1995_Solutions_1995s_page_002_p2_c2,exam_paper_en-file-putnam-archive_1999_Solutions_1999s_page_002_p2_c6,exam_paper_en-file-putnam-archive_2012_Solutions_2012s_page_001_p1_c6",1,True,1.0
What is the condition for equality between the two integrals?,5,exam_paper_en-file-putnam-archive_1995_Solutions_1995s_page_002_p2_c2,"exam_paper_en-file-putnam-archive_1995_Solutions_1995s_page_002_p2_c2,exam_paper_en-file-putnam-archive_1999_Solutions_1999s_page_002_p2_c6,exam_paper_en-file-putnam-archive_2012_Solutions_2012s_page_001_p1_c6,exam_paper_en-file-putnam-archive_1995_Solutions_1995s_page_002_p2_c1,exam_paper_en-file-putnam-archive_2000_Solutions_2000s_page_001_p1_c6",1,True,1.0
What is the sum of the 100 second rows?,1,exam_paper_en-file-putnam-archive_1995_Solutions_1995s_page_002_p2_c4,exam_paper_en-file-putnam-archive_1995_Solutions_1995s_page_002_p2_c4,1,True,1.0
What is the sum of the 100 second rows?,3,exam_paper_en-file-putnam-archive_1995_Solutions_1995s_page_002_p2_c4,"exam_paper_en-file-putnam-archive_1995_Solutions_1995s_page_002_p2_c4,exam_paper_en-file-putnam-archive_1995_Solutions_1995s_page_002_p2_c3,docstructbench_llm-raw-scihub-o.O-j.chroma.2005.03.134.pdf_6_p6_c3",1,True,1.0
What is the sum of the 100 second rows?,5,exam_paper_en-file-putnam-archive_1995_Solutions_1995s_page_002_p2_c4,"exam_paper_en-file-putnam-archive_1995_Solutions_1995s_page_002_p2_c4,exam_paper_en-file-putnam-archive_1995_Solutions_1995s_page_002_p2_c3,docstructbench_llm-raw-scihub-o.O-j.chroma.2005.03.134.pdf_6_p6_c3,docstructbench_dianzishu_zhongwenzaixian-o.O-61323717.pdf_203_p203_c4,docstructbench_llm-raw-scihub-o.O-j.chroma.2005.03.134.pdf_6_p6_c2",1,True,1.0
What is the value of $ L^{1/8} $?,1,exam_paper_en-file-putnam-archive_1995_Solutions_1995s_page_002_p2_c5,exam_paper_en-file-putnam-archive_1995_Solutions_1995s_page_002_p2_c5,1,True,1.0
What is the value of $ L^{1/8} $?,3,exam_paper_en-file-putnam-archive_1995_Solutions_1995s_page_002_p2_c5,"exam_paper_en-file-putnam-archive_1995_Solutions_1995s_page_002_p2_c5,scihub_bloodadvances.2019030924.pdf_3_p3_c1,docstructbench_llm-raw-scihub-o.O-j.chroma.2005.05.085.pdf_4_p4_c7",1,True,1.0
What is the value of $ L^{1/8} $?,5,exam_paper_en-file-putnam-archive_1995_Solutions_1995s_page_002_p2_c5,"exam_paper_en-file-putnam-archive_1995_Solutions_1995s_page_002_p2_c5,scihub_bloodadvances.2019030924.pdf_3_p3_c1,docstructbench_llm-raw-scihub-o.O-j.chroma.2005.05.085.pdf_4_p4_c7,docstructbench_dianzishu_zhongwenzaixian-o.O-60403612.pdf_179_p179_c4,docstructbench_llm-raw-scihub-o.O-j.chroma.2005.05.085.pdf_4_p4_c6",1,True,1.0
What is the nim-value of a pile of 4?,1,exam_paper_en-file-putnam-archive_1995_Solutions_1995s_page_002_p2_c6,exam_paper_en-file-putnam-archive_1995_Solutions_1995s_page_002_p2_c6,1,True,1.0
What is the nim-value of a pile of 4?,3,exam_paper_en-file-putnam-archive_1995_Solutions_1995s_page_002_p2_c6,"exam_paper_en-file-putnam-archive_1995_Solutions_1995s_page_002_p2_c6,exam_paper_en-file-putnam-archive_1995_Solutions_1995s_page_002_p2_c7,docstructbench_llm-raw-scihub-o.O-j.chroma.2005.05.085.pdf_4_p4_c6",1,True,1.0
What is the nim-value of a pile of 4?,5,exam_paper_en-file-putnam-archive_1995_Solutions_1995s_page_002_p2_c6,"exam_paper_en-file-putnam-archive_1995_Solutions_1995s_page_002_p2_c6,exam_paper_en-file-putnam-archive_1995_Solutions_1995s_page_002_p2_c7,docstructbench_llm-raw-scihub-o.O-j.chroma.2005.05.085.pdf_4_p4_c6,docstructbench_dianzishu_zhongwenzaixian-o.O-60403612.pdf_179_p179_c2,docstructbench_dianzishu_zhongwenzaixian-o.O-61323717.pdf_203_p203_c2",1,True,1.0
"What is the nim-value of the starting position with piles of 3, 4, 5, 6?",1,exam_paper_en-file-putnam-archive_1995_Solutions_1995s_page_002_p2_c7,exam_paper_en-file-putnam-archive_1995_Solutions_1995s_page_002_p2_c7,1,True,1.0
"What is the nim-value of the starting position with piles of 3, 4, 5, 6?",3,exam_paper_en-file-putnam-archive_1995_Solutions_1995s_page_002_p2_c7,"exam_paper_en-file-putnam-archive_1995_Solutions_1995s_page_002_p2_c7,exam_paper_en-file-putnam-archive_1995_Solutions_1995s_page_002_p2_c6,PPT_lay_linalg5_01_05_page_004_p4_c0",1,True,1.0
"What is the nim-value of the starting position with piles of 3, 4, 5, 6?",5,exam_paper_en-file-putnam-archive_1995_Solutions_1995s_page_002_p2_c7,"exam_paper_en-file-putnam-archive_1995_Solutions_1995s_page_002_p2_c7,exam_paper_en-file-putnam-archive_1995_Solutions_1995s_page_002_p2_c6,PPT_lay_linalg5_01_05_page_004_p4_c0,newspaper_The Globe and Mail - 2025-1-8@magazinesclubnew_page_014_p14_c10,newspaper_The Globe and Mail - 2025-1-8@magazinesclubnew_page_014_p14_c13",1,True,1.0
What equation is derived by dividing through by n and taking the limit as n approaches infinity?,1,exam_paper_en-file-putnam-archive_1995_Solutions_1995s_page_002_p2_c8,exam_paper_en-file-putnam-archive_1995_Solutions_1995s_page_002_p2_c9,0,False,0.0
What equation is derived by dividing through by n and taking the limit as n approaches infinity?,3,exam_paper_en-file-putnam-archive_1995_Solutions_1995s_page_002_p2_c8,"exam_paper_en-file-putnam-archive_1995_Solutions_1995s_page_002_p2_c9,exam_paper_en-file-putnam-archive_2006_Solutions_2006s_page_006_p6_c7,exam_paper_en-file-putnam-archive_2011_Solutions_2011s_page_002_p2_c7",0,False,0.0
What equation is derived by dividing through by n and taking the limit as n approaches infinity?,5,exam_paper_en-file-putnam-archive_1995_Solutions_1995s_page_002_p2_c8,"exam_paper_en-file-putnam-archive_1995_Solutions_1995s_page_002_p2_c9,exam_paper_en-file-putnam-archive_2006_Solutions_2006s_page_006_p6_c7,exam_paper_en-file-putnam-archive_2011_Solutions_2011s_page_002_p2_c7,exam_paper_en-file-putnam-archive_2006_Solutions_2006s_page_006_p6_c8,exam_paper_en-file-putnam-archive_2012_Solutions_2012s_page_001_p1_c3",0,False,0.0
What equation does the left side equal for some n?,1,exam_paper_en-file-putnam-archive_1995_Solutions_1995s_page_002_p2_c9,exam_paper_en-file-putnam-archive_1995_Solutions_1995s_page_002_p2_c9,1,True,1.0
What equation does the left side equal for some n?,3,exam_paper_en-file-putnam-archive_1995_Solutions_1995s_page_002_p2_c9,"exam_paper_en-file-putnam-archive_1995_Solutions_1995s_page_002_p2_c9,exam_paper_en-file-putnam-archive_1995_Solutions_1995s_page_002_p2_c3,exam_paper_en-file-putnam-archive_1998_Solutions_1998s_page_002_p2_c9",1,True,1.0
What equation does the left side equal for some n?,5,exam_paper_en-file-putnam-archive_1995_Solutions_1995s_page_002_p2_c9,"exam_paper_en-file-putnam-archive_1995_Solutions_1995s_page_002_p2_c9,exam_paper_en-file-putnam-archive_1995_Solutions_1995s_page_002_p2_c3,exam_paper_en-file-putnam-archive_1998_Solutions_1998s_page_002_p2_c9,exam_paper_en-file-putnam-archive_1995_Solutions_1995s_page_002_p2_c2,book_en_国外数学教材-数论-Melvyn B. Nathanson—Elementary Methods in Number Theory_0451_p451_c1",1,True,1.0
What are the available tablet strengths for immediate-release tablets?,1,docstructbench_enbook-zlib-o.O-19221575.pdf_1173_p1173_c0,docstructbench_enbook-zlib-o.O-19221575.pdf_1173_p1173_c0,1,True,1.0
What are the available tablet strengths for immediate-release tablets?,3,docstructbench_enbook-zlib-o.O-19221575.pdf_1173_p1173_c0,"docstructbench_enbook-zlib-o.O-19221575.pdf_1173_p1173_c0,docstructbench_enbook-zlib-o.O-19221575.pdf_1173_p1173_c2,docstructbench_enbook-zlib-o.O-19221575.pdf_1173_p1173_c5",1,True,1.0
What are the available tablet strengths for immediate-release tablets?,5,docstructbench_enbook-zlib-o.O-19221575.pdf_1173_p1173_c0,"docstructbench_enbook-zlib-o.O-19221575.pdf_1173_p1173_c0,docstructbench_enbook-zlib-o.O-19221575.pdf_1173_p1173_c2,docstructbench_enbook-zlib-o.O-19221575.pdf_1173_p1173_c5,docstructbench_enbook-zlib-o.O-19221575.pdf_1173_p1173_c4,docstructbench_enbook-zlib-o.O-19221575.pdf_1173_p1173_c3",1,True,1.0
What is the recommended approach when restarting patients who have been off QUEtiapine for longer than 1 week?,1,docstructbench_enbook-zlib-o.O-19221575.pdf_1173_p1173_c1,docstructbench_enbook-zlib-o.O-19221575.pdf_1173_p1173_c1,1,True,1.0
What is the recommended approach when restarting patients who have been off QUEtiapine for longer than 1 week?,3,docstructbench_enbook-zlib-o.O-19221575.pdf_1173_p1173_c1,"docstructbench_enbook-zlib-o.O-19221575.pdf_1173_p1173_c1,docstructbench_enbook-zlib-o.O-19221575.pdf_1173_p1173_c2,docstructbench_enbook-zlib-o.O-19221575.pdf_1173_p1173_c0",1,True,1.0
What is the recommended approach when restarting patients who have been off QUEtiapine for longer than 1 week?,5,docstructbench_enbook-zlib-o.O-19221575.pdf_1173_p1173_c1,"docstructbench_enbook-zlib-o.O-19221575.pdf_1173_p1173_c1,docstructbench_enbook-zlib-o.O-19221575.pdf_1173_p1173_c2,docstructbench_enbook-zlib-o.O-19221575.pdf_1173_p1173_c0,docstructbench_llm-raw-scihub-o.O-hup.908.pdf_5_p5_c1,docstructbench_llm-raw-scihub-o.O-hup.908.pdf_5_p5_c7",1,True,1.0
What is the initial dosage for adults starting extended-release medication?,1,docstructbench_enbook-zlib-o.O-19221575.pdf_1173_p1173_c2,docstructbench_enbook-zlib-o.O-19221575.pdf_1173_p1173_c3,0,False,0.0
What is the initial dosage for adults starting extended-release medication?,3,docstructbench_enbook-zlib-o.O-19221575.pdf_1173_p1173_c2,"docstructbench_enbook-zlib-o.O-19221575.pdf_1173_p1173_c3,docstructbench_enbook-zlib-o.O-19221575.pdf_1173_p1173_c4,docstructbench_enbook-zlib-o.O-19221575.pdf_1173_p1173_c6",0,False,0.0
What is the initial dosage for adults starting extended-release medication?,5,docstructbench_enbook-zlib-o.O-19221575.pdf_1173_p1173_c2,"docstructbench_enbook-zlib-o.O-19221575.pdf_1173_p1173_c3,docstructbench_enbook-zlib-o.O-19221575.pdf_1173_p1173_c4,docstructbench_enbook-zlib-o.O-19221575.pdf_1173_p1173_c6,docstructbench_enbook-zlib-o.O-19221575.pdf_1173_p1173_c2,docstructbench_enbook-zlib-o.O-19221575.pdf_1173_p1173_c5",4,True,1.0
What is the initial dose for extended-release in children 13 years and older?,1,docstructbench_enbook-zlib-o.O-19221575.pdf_1173_p1173_c3,docstructbench_enbook-zlib-o.O-19221575.pdf_1173_p1173_c3,1,True,1.0
What is the initial dose for extended-release in children 13 years and older?,3,docstructbench_enbook-zlib-o.O-19221575.pdf_1173_p1173_c3,"docstructbench_enbook-zlib-o.O-19221575.pdf_1173_p1173_c3,docstructbench_enbook-zlib-o.O-19221575.pdf_1173_p1173_c4,docstructbench_enbook-zlib-o.O-19221575.pdf_1173_p1173_c5",1,True,1.0
What is the initial dose for extended-release in children 13 years and older?,5,docstructbench_enbook-zlib-o.O-19221575.pdf_1173_p1173_c3,"docstructbench_enbook-zlib-o.O-19221575.pdf_1173_p1173_c3,docstructbench_enbook-zlib-o.O-19221575.pdf_1173_p1173_c4,docstructbench_enbook-zlib-o.O-19221575.pdf_1173_p1173_c5,docstructbench_enbook-zlib-o.O-19221575.pdf_1173_p1173_c6,docstructbench_enbook-zlib-o.O-19221575.pdf_1173_p1173_c2",1,True,1.0
What is the initial dose for extended-release on day 1?,1,docstructbench_enbook-zlib-o.O-19221575.pdf_1173_p1173_c4,docstructbench_enbook-zlib-o.O-19221575.pdf_1173_p1173_c6,0,False,0.0
What is the initial dose for extended-release on day 1?,3,docstructbench_enbook-zlib-o.O-19221575.pdf_1173_p1173_c4,"docstructbench_enbook-zlib-o.O-19221575.pdf_1173_p1173_c6,docstructbench_enbook-zlib-o.O-19221575.pdf_1173_p1173_c5,docstructbench_enbook-zlib-o.O-19221575.pdf_1173_p1173_c4",3,True,1.0
What is the initial dose for extended-release on day 1?,5,docstructbench_enbook-zlib-o.O-19221575.pdf_1173_p1173_c4,"docstructbench_enbook-zlib-o.O-19221575.pdf_1173_p1173_c6,docstructbench_enbook-zlib-o.O-19221575.pdf_1173_p1173_c5,docstructbench_enbook-zlib-o.O-19221575.pdf_1173_p1173_c4,docstructbench_enbook-zlib-o.O-19221575.pdf_1173_p1173_c3,docstructbench_enbook-zlib-o.O-19221575.pdf_1173_p1173_c2",3,True,1.0
What is the initial dose for adults and elderly with depression in bipolar disorder using immediate-release medication?,1,docstructbench_enbook-zlib-o.O-19221575.pdf_1173_p1173_c5,docstructbench_enbook-zlib-o.O-19221575.pdf_1173_p1173_c5,1,True,1.0
What is the initial dose for adults and elderly with depression in bipolar disorder using immediate-release medication?,3,docstructbench_enbook-zlib-o.O-19221575.pdf_1173_p1173_c5,"docstructbench_enbook-zlib-o.O-19221575.pdf_1173_p1173_c5,docstructbench_enbook-zlib-o.O-19221575.pdf_1173_p1173_c4,docstructbench_enbook-zlib-o.O-19221575.pdf_1173_p1173_c3",1,True,1.0
What is the initial dose for adults and elderly with depression in bipolar disorder using immediate-release medication?,5,docstructbench_enbook-zlib-o.O-19221575.pdf_1173_p1173_c5,"docstructbench_enbook-zlib-o.O-19221575.pdf_1173_p1173_c5,docstructbench_enbook-zlib-o.O-19221575.pdf_1173_p1173_c4,docstructbench_enbook-zlib-o.O-19221575.pdf_1173_p1173_c3,docstructbench_enbook-zlib-o.O-19221575.pdf_1173_p1173_c2,docstructbench_enbook-zlib-o.O-19221575.pdf_1173_p1173_c6",1,True,1.0
What is the dosage on day 4 for adjunctive therapy in MDD?,1,docstructbench_enbook-zlib-o.O-19221575.pdf_1173_p1173_c6,docstructbench_enbook-zlib-o.O-19221575.pdf_1173_p1173_c6,1,True,1.0
What is the dosage on day 4 for adjunctive therapy in MDD?,3,docstructbench_enbook-zlib-o.O-19221575.pdf_1173_p1173_c6,"docstructbench_enbook-zlib-o.O-19221575.pdf_1173_p1173_c6,docstructbench_enbook-zlib-o.O-19221575.pdf_1173_p1173_c5,docstructbench_enbook-zlib-o.O-19221575.pdf_1173_p1173_c4",1,True,1.0
What is the dosage on day 4 for adjunctive therapy in MDD?,5,docstructbench_enbook-zlib-o.O-19221575.pdf_1173_p1173_c6,"docstructbench_enbook-zlib-o.O-19221575.pdf_1173_p1173_c6,docstructbench_enbook-zlib-o.O-19221575.pdf_1173_p1173_c5,docstructbench_enbook-zlib-o.O-19221575.pdf_1173_p1173_c4,docstructbench_llm-raw-scihub-o.O-j.chroma.2005.05.085.pdf_4_p4_c6,docstructbench_enbook-zlib-o.O-19221575.pdf_1173_p1173_c2",1,True,1.0
anyway 的意思是？,1,color_textbook_zhonggaokao_小学_KET听说读写逐项突破_KET听说读写逐项突破之轻松搞定KET写作25分 【10讲 褚连一】_第10讲第十课写作Part9小作文练习_第十课写作Part9小作文练习_page_010_p10_c5,color_textbook_zhonggaokao_小学_KET听说读写逐项突破_KET听说读写逐项突破之轻松搞定KET写作25分 【10讲 褚连一】_第10讲第十课写作Part9小作文练习_第十课写作Part9小作文练习_page_010_p10_c5,1,True,1.0
anyway 的意思是？,3,color_textbook_zhonggaokao_小学_KET听说读写逐项突破_KET听说读写逐项突破之轻松搞定KET写作25分 【10讲 褚连一】_第10讲第十课写作Part9小作文练习_第十课写作Part9小作文练习_page_010_p10_c5,"color_textbook_zhonggaokao_小学_KET听说读写逐项突破_KET听说读写逐项突破之轻松搞定KET写作25分 【10讲 褚连一】_第10讲第十课写作Part9小作文练习_第十课写作Part9小作文练习_page_010_p10_c5,notes_f7f010b78016aeebd76e56d9283eb67f_27_p27_c0,color_textbook_zhonggaokao_小学_KET听说读写逐项突破_KET听说读写逐项突破之轻松搞定KET写作25分 【10讲 褚连一】_第10讲第十课写作Part9小作文练习_第十课写作Part9小作文练习_page_010_p10_c7",1,True,1.0
anyway 的意思是？,5,color_textbook_zhonggaokao_小学_KET听说读写逐项突破_KET听说读写逐项突破之轻松搞定KET写作25分 【10讲 褚连一】_第10讲第十课写作Part9小作文练习_第十课写作Part9小作文练习_page_010_p10_c5,"color_textbook_zhonggaokao_小学_KET听说读写逐项突破_KET听说读写逐项突破之轻松搞定KET写作25分 【10讲 褚连一】_第10讲第十课写作Part9小作文练习_第十课写作Part9小作文练习_page_010_p10_c5,notes_f7f010b78016aeebd76e56d9283eb67f_27_p27_c0,color_textbook_zhonggaokao_小学_KET听说读写逐项突破_KET听说读写逐项突破之轻松搞定KET写作25分 【10讲 褚连一】_第10讲第十课写作Part9小作文练习_第十课写作Part9小作文练习_page_010_p10_c7,color_textbook_zhonggaokao_小学_KET听说读写逐项突破_KET听说读写逐项突破之轻松搞定KET写作25分 【10讲 褚连一】_第10讲第十课写作Part9小作文练习_第十课写作Part9小作文练习_page_010_p10_c4,color_textbook_zhonggaokao_小学_KET听说读写逐项突破_KET听说读写逐项突破之轻松搞定KET写作25分 【10讲 褚连一】_第10讲第十课写作Part9小作文练习_第十课写作Part9小作文练习_page_010_p10_c2",1,True,1.0
What is the meaning of 'as well as' in the document fragment?,1,color_textbook_zhonggaokao_小学_KET听说读写逐项突破_KET听说读写逐项突破之轻松搞定KET写作25分 【10讲 褚连一】_第10讲第十课写作Part9小作文练习_第十课写作Part9小作文练习_page_010_p10_c6,color_textbook_zhonggaokao_小学_KET听说读写逐项突破_KET听说读写逐项突破之轻松搞定KET写作25分 【10讲 褚连一】_第10讲第十课写作Part9小作文练习_第十课写作Part9小作文练习_page_010_p10_c6,1,True,1.0
What is the meaning of 'as well as' in the document fragment?,3,color_textbook_zhonggaokao_小学_KET听说读写逐项突破_KET听说读写逐项突破之轻松搞定KET写作25分 【10讲 褚连一】_第10讲第十课写作Part9小作文练习_第十课写作Part9小作文练习_page_010_p10_c6,"color_textbook_zhonggaokao_小学_KET听说读写逐项突破_KET听说读写逐项突破之轻松搞定KET写作25分 【10讲 褚连一】_第10讲第十课写作Part9小作文练习_第十课写作Part9小作文练习_page_010_p10_c6,yanbaopptmerge_5473246b8da789b9bfdeef53a70c4d72afd480415d5cbcedb83d105856710328.pdf_8_p8_c0,color_textbook_zhonggaokao_小学_KET听说读写逐项突破_KET听说读写逐项突破之轻松搞定KET写作25分 【10讲 褚连一】_第10讲第十课写作Part9小作文练习_第十课写作Part9小作文练习_page_010_p10_c7",1,True,1.0
What is the meaning of 'as well as' in the document fragment?,5,color_textbook_zhonggaokao_小学_KET听说读写逐项突破_KET听说读写逐项突破之轻松搞定KET写作25分 【10讲 褚连一】_第10讲第十课写作Part9小作文练习_第十课写作Part9小作文练习_page_010_p10_c6,"color_textbook_zhonggaokao_小学_KET听说读写逐项突破_KET听说读写逐项突破之轻松搞定KET写作25分 【10讲 褚连一】_第10讲第十课写作Part9小作文练习_第十课写作Part9小作文练习_page_010_p10_c6,yanbaopptmerge_5473246b8da789b9bfdeef53a70c4d72afd480415d5cbcedb83d105856710328.pdf_8_p8_c0,color_textbook_zhonggaokao_小学_KET听说读写逐项突破_KET听说读写逐项突破之轻松搞定KET写作25分 【10讲 褚连一】_第10讲第十课写作Part9小作文练习_第十课写作Part9小作文练习_page_010_p10_c7,jiaocaineedrop_jiaocai_needrop_en_1141_p1141_c0,PPT_8076_MEYER_Chapter_2_-_Language_Change_page_014_p14_c1",1,True,1.0
什么词表示在后面，在之后？,1,color_textbook_zhonggaokao_小学_KET听说读写逐项突破_KET听说读写逐项突破之轻松搞定KET写作25分 【10讲 褚连一】_第10讲第十课写作Part9小作文练习_第十课写作Part9小作文练习_page_010_p10_c7,color_textbook_zhonggaokao_小学_KET听说读写逐项突破_KET听说读写逐项突破之轻松搞定KET写作25分 【10讲 褚连一】_第10讲第十课写作Part9小作文练习_第十课写作Part9小作文练习_page_010_p10_c8,0,False,0.0
什么词表示在后面，在之后？,3,color_textbook_zhonggaokao_小学_KET听说读写逐项突破_KET听说读写逐项突破之轻松搞定KET写作25分 【10讲 褚连一】_第10讲第十课写作Part9小作文练习_第十课写作Part9小作文练习_page_010_p10_c7,"color_textbook_zhonggaokao_小学_KET听说读写逐项突破_KET听说读写逐项突破之轻松搞定KET写作25分 【10讲 褚连一】_第10讲第十课写作Part9小作文练习_第十课写作Part9小作文练习_page_010_p10_c8,color_textbook_zhonggaokao_小学_KET听说读写逐项突破_KET听说读写逐项突破之轻松搞定KET写作25分 【10讲 褚连一】_第10讲第十课写作Part9小作文练习_第十课写作Part9小作文练习_page_010_p10_c7,notes_f7f010b78016aeebd76e56d9283eb67f_52_p52_c0",2,True,1.0
什么词表示在后面，在之后？,5,color_textbook_zhonggaokao_小学_KET听说读写逐项突破_KET听说读写逐项突破之轻松搞定KET写作25分 【10讲 褚连一】_第10讲第十课写作Part9小作文练习_第十课写作Part9小作文练习_page_010_p10_c7,"color_textbook_zhonggaokao_小学_KET听说读写逐项突破_KET听说读写逐项突破之轻松搞定KET写作25分 【10讲 褚连一】_第10讲第十课写作Part9小作文练习_第十课写作Part9小作文练习_page_010_p10_c8,color_textbook_zhonggaokao_小学_KET听说读写逐项突破_KET听说读写逐项突破之轻松搞定KET写作25分 【10讲 褚连一】_第10讲第十课写作Part9小作文练习_第十课写作Part9小作文练习_page_010_p10_c7,notes_f7f010b78016aeebd76e56d9283eb67f_52_p52_c0,notes_f7f010b78016aeebd76e56d9283eb67f_27_p27_c1,notes_f7f010b78016aeebd76e56d9283eb67f_27_p27_c0",2,True,1.0
What is the meaning of the word 'begin'?,1,color_textbook_zhonggaokao_小学_KET听说读写逐项突破_KET听说读写逐项突破之轻松搞定KET写作25分 【10讲 褚连一】_第10讲第十课写作Part9小作文练习_第十课写作Part9小作文练习_page_010_p10_c8,color_textbook_zhonggaokao_小学_KET听说读写逐项突破_KET听说读写逐项突破之轻松搞定KET写作25分 【10讲 褚连一】_第10讲第十课写作Part9小作文练习_第十课写作Part9小作文练习_page_010_p10_c8,1,True,1.0
What is the meaning of the word 'begin'?,3,color_textbook_zhonggaokao_小学_KET听说读写逐项突破_KET听说读写逐项突破之轻松搞定KET写作25分 【10讲 褚连一】_第10讲第十课写作Part9小作文练习_第十课写作Part9小作文练习_page_010_p10_c8,"color_textbook_zhonggaokao_小学_KET听说读写逐项突破_KET听说读写逐项突破之轻松搞定KET写作25分 【10讲 褚连一】_第10讲第十课写作Part9小作文练习_第十课写作Part9小作文练习_page_010_p10_c8,color_textbook_zhonggaokao_小学_KET听说读写逐项突破_KET听说读写逐项突破之轻松搞定KET写作25分 【10讲 褚连一】_第10讲第十课写作Part9小作文练习_第十课写作Part9小作文练习_page_010_p10_c7,jiaocaineedrop_jiaocai_needrop_en_155_p155_c0",1,True,1.0
What is the meaning of the word 'begin'?,5,color_textbook_zhonggaokao_小学_KET听说读写逐项突破_KET听说读写逐项突破之轻松搞定KET写作25分 【10讲 褚连一】_第10讲第十课写作Part9小作文练习_第十课写作Part9小作文练习_page_010_p10_c8,"color_textbook_zhonggaokao_小学_KET听说读写逐项突破_KET听说读写逐项突破之轻松搞定KET写作25分 【10讲 褚连一】_第10讲第十课写作Part9小作文练习_第十课写作Part9小作文练习_page_010_p10_c8,color_textbook_zhonggaokao_小学_KET听说读写逐项突破_KET听说读写逐项突破之轻松搞定KET写作25分 【10讲 褚连一】_第10讲第十课写作Part9小作文练习_第十课写作Part9小作文练习_page_010_p10_c7,jiaocaineedrop_jiaocai_needrop_en_155_p155_c0,yanbaopptmerge_yanbaoPPT_6170_p6170_c0,notes_f7f010b78016aeebd76e56d9283eb67f_72_p72_c0",1,True,1.0
What does the OMG Unified Modeling Language Specification define a component as?,1,yanbaopptmerge_SE14.pdf_1_p1_c0,yanbaopptmerge_SE14.pdf_1_p1_c0,1,True,1.0
What does the OMG Unified Modeling Language Specification define a component as?,3,yanbaopptmerge_SE14.pdf_1_p1_c0,"yanbaopptmerge_SE14.pdf_1_p1_c0,book_en_[搬书匠#893][Pyomo—Optimization Modeling in Python].2012.英文版_page_188_p188_c7,docstructbench_dianzishu_zhongwenzaixian-o.O-61523162.pdf_276_p276_c4",1,True,1.0
What does the OMG Unified Modeling Language Specification define a component as?,5,yanbaopptmerge_SE14.pdf_1_p1_c0,"yanbaopptmerge_SE14.pdf_1_p1_c0,book_en_[搬书匠#893][Pyomo—Optimization Modeling in Python].2012.英文版_page_188_p188_c7,docstructbench_dianzishu_zhongwenzaixian-o.O-61523162.pdf_276_p276_c4,exam_paper_en-file-putnam-archive_2011_Solutions_2011s_page_002_p2_c3,docstructbench_llm-raw-scihub-o.O-j.chroma.2005.03.134.pdf_6_p6_c6",1,True,1.0
到发线通过能力利用率的计算公式是什么？,1,book_zh_TB100782001_extracted_page_21_p21_c0,book_zh_TB100782001_extracted_page_21_p21_c0,1,True,1.0
到发线通过能力利用率的计算公式是什么？,3,book_zh_TB100782001_extracted_page_21_p21_c0,"book_zh_TB100782001_extracted_page_21_p21_c0,book_zh_TB100782001_extracted_page_21_p21_c1,book_zh_TB100782001_extracted_page_21_p21_c3",1,True,1.0
到发线通过能力利用率的计算公式是什么？,5,book_zh_TB100782001_extracted_page_21_p21_c0,"book_zh_TB100782001_extracted_page_21_p21_c0,book_zh_TB100782001_extracted_page_21_p21_c1,book_zh_TB100782001_extracted_page_21_p21_c3,book_zh_TB100782001_extracted_page_21_p21_c2,jiaocaineedrop_jiaocai_needrop_en_1473_p1473_c3",1,True,1.0
什么是开始向编发线解体前预先办理进路的时间？,1,book_zh_TB100782001_extracted_page_21_p21_c2,book_zh_TB100782001_extracted_page_21_p21_c2,1,True,1.0
什么是开始向编发线解体前预先办理进路的时间？,3,book_zh_TB100782001_extracted_page_21_p21_c2,"book_zh_TB100782001_extracted_page_21_p21_c2,book_zh_TB100782001_extracted_page_21_p21_c1,book_zh_TB100782001_extracted_page_21_p21_c0",1,True,1.0
什么是开始向编发线解体前预先办理进路的时间？,5,book_zh_TB100782001_extracted_page_21_p21_c2,"book_zh_TB100782001_extracted_page_21_p21_c2,book_zh_TB100782001_extracted_page_21_p21_c1,book_zh_TB100782001_extracted_page_21_p21_c0,eastmoney_7c25f92e2ab21d83e1eada0e40a68e3151e7c1c2d673ddb12b0242fa3ab931ab.pdf_13_p13_c2,jiaocaineedrop_jiaocai_needrop_en_2884_p2884_c2",1,True,1.0
哪套高考题考察了句式变换？,1,yanbaopptmerge_yanbaoPPT_5205_p5205_c0,yanbaopptmerge_yanbaoPPT_5205_p5205_c0,1,True,1.0
哪套高考题考察了句式变换？,3,yanbaopptmerge_yanbaoPPT_5205_p5205_c0,"yanbaopptmerge_yanbaoPPT_5205_p5205_c0,jiaocaineedrop_jiaocai_needrop_en_1564_p1564_c2,jiaocaineedrop_jiaocai_needrop_en_1473_p1473_c1",1,True,1.0
哪套高考题考察了句式变换？,5,yanbaopptmerge_yanbaoPPT_5205_p5205_c0,"yanbaopptmerge_yanbaoPPT_5205_p5205_c0,jiaocaineedrop_jiaocai_needrop_en_1564_p1564_c2,jiaocaineedrop_jiaocai_needrop_en_1473_p1473_c1,jiaocaineedrop_jiaocai_needrop_en_1836_p1836_c2,jiaocaineedrop_jiaocai_needrop_en_1564_p1564_c1",1,True,1.0
What is the article number mentioned in the document fragment?,1,newspaper_The Globe and Mail - 2025-1-8@magazinesclubnew_page_014_p14_c0,docstructbench_llm-raw-scihub-o.O-j.ergon.2004.09.009.pdf_13_p13_c0,0,False,0.0
What is the article number mentioned in the document fragment?,3,newspaper_The Globe and Mail - 2025-1-8@magazinesclubnew_page_014_p14_c0,"docstructbench_llm-raw-scihub-o.O-j.ergon.2004.09.009.pdf_13_p13_c0,yanbaopptmerge_5473246b8da789b9bfdeef53a70c4d72afd480415d5cbcedb83d105856710328.pdf_8_p8_c0,scihub_prrv.2001.0150.pdf_0_p0_c0",0,False,0.0
What is the article number mentioned in the document fragment?,5,newspaper_The Globe and Mail - 2025-1-8@magazinesclubnew_page_014_p14_c0,"docstructbench_llm-raw-scihub-o.O-j.ergon.2004.09.009.pdf_13_p13_c0,yanbaopptmerge_5473246b8da789b9bfdeef53a70c4d72afd480415d5cbcedb83d105856710328.pdf_8_p8_c0,scihub_prrv.2001.0150.pdf_0_p0_c0,book_en_[搬书匠#893][Pyomo—Optimization Modeling in Python].2012.英文版_page_188_p188_c0,scihub_ijcac.2012040101.pdf_5_p5_c0",0,False,0.0
What is the result for BELJING in the third column?,1,newspaper_The Globe and Mail - 2025-1-8@magazinesclubnew_page_014_p14_c3,book_en_国外数学教材-非数学专业教材-线性代数-Gilbert Strang—Linear Algebra and Its Applications 4e_0035_p35_c4,0,False,0.0
What is the result for BELJING in the third column?,3,newspaper_The Globe and Mail - 2025-1-8@magazinesclubnew_page_014_p14_c3,"book_en_国外数学教材-非数学专业教材-线性代数-Gilbert Strang—Linear Algebra and Its Applications 4e_0035_p35_c4,book_en_国外数学教材-非数学专业教材-线性代数-Gilbert Strang—Linear Algebra and Its Applications 4e_0035_p35_c3,newspaper_The Globe and Mail - 2025-1-8@magazinesclubnew_page_014_p14_c10",0,False,0.0
What is the result for BELJING in the third column?,5,newspaper_The Globe and Mail - 2025-1-8@magazinesclubnew_page_014_p14_c3,"book_en_国外数学教材-非数学专业教材-线性代数-Gilbert Strang—Linear Algebra and Its Applications 4e_0035_p35_c4,book_en_国外数学教材-非数学专业教材-线性代数-Gilbert Strang—Linear Algebra and Its Applications 4e_0035_p35_c3,newspaper_The Globe and Mail - 2025-1-8@magazinesclubnew_page_014_p14_c10,book_en_国外数学教材-非数学专业教材-线性代数-Gilbert Strang—Linear Algebra and Its Applications 4e_0085_p85_c0,book_en_国外数学教材-非数学专业教材-线性代数-Gilbert Strang—Linear Algebra and Its Applications 4e_0035_p35_c2",0,False,0.0
What is the ratio for MADRID in the third column?,1,newspaper_The Globe and Mail - 2025-1-8@magazinesclubnew_page_014_p14_c4,newspaper_The Globe and Mail - 2025-1-8@magazinesclubnew_page_014_p14_c5,0,False,0.0
What is the ratio for MADRID in the third column?,3,newspaper_The Globe and Mail - 2025-1-8@magazinesclubnew_page_014_p14_c4,"newspaper_The Globe and Mail - 2025-1-8@magazinesclubnew_page_014_p14_c5,newspaper_The Globe and Mail - 2025-1-8@magazinesclubnew_page_014_p14_c3,book_en_国外数学教材-非数学专业教材-线性代数-Gilbert Strang—Linear Algebra and Its Applications 4e_0035_p35_c4",0,False,0.0
What is the ratio for MADRID in the third column?,5,newspaper_The Globe and Mail - 2025-1-8@magazinesclubnew_page_014_p14_c4,"newspaper_The Globe and Mail - 2025-1-8@magazinesclubnew_page_014_p14_c5,newspaper_The Globe and Mail - 2025-1-8@magazinesclubnew_page_014_p14_c3,book_en_国外数学教材-非数学专业教材-线性代数-Gilbert Strang—Linear Algebra and Its Applications 4e_0035_p35_c4,newspaper_The Globe and Mail - 2025-1-8@magazinesclubnew_page_014_p14_c11,newspaper_The Globe and Mail - 2025-1-8@magazinesclubnew_page_014_p14_c6",0,False,0.0
What is the third entry for Rome in the document fragment?,1,newspaper_The Globe and Mail - 2025-1-8@magazinesclubnew_page_014_p14_c5,newspaper_The Globe and Mail - 2025-1-8@magazinesclubnew_page_014_p14_c5,1,True,1.0
What is the third entry for Rome in the document fragment?,3,newspaper_The Globe and Mail - 2025-1-8@magazinesclubnew_page_014_p14_c5,"newspaper_The Globe and Mail - 2025-1-8@magazinesclubnew_page_014_p14_c5,newspaper_The Globe and Mail - 2025-1-8@magazinesclubnew_page_014_p14_c4,newspaper_The Globe and Mail - 2025-1-8@magazinesclubnew_page_014_p14_c3",1,True,1.0
What is the third entry for Rome in the document fragment?,5,newspaper_The Globe and Mail - 2025-1-8@magazinesclubnew_page_014_p14_c5,"newspaper_The Globe and Mail - 2025-1-8@magazinesclubnew_page_014_p14_c5,newspaper_The Globe and Mail - 2025-1-8@magazinesclubnew_page_014_p14_c4,newspaper_The Globe and Mail - 2025-1-8@magazinesclubnew_page_014_p14_c3,newspaper_The Globe and Mail - 2025-1-8@magazinesclubnew_page_014_p14_c6,newspaper_The Globe and Mail - 2025-1-8@magazinesclubnew_page_014_p14_c22",1,True,1.0
What is the status for Singapore on the third row?,1,newspaper_The Globe and Mail - 2025-1-8@magazinesclubnew_page_014_p14_c6,newspaper_The Globe and Mail - 2025-1-8@magazinesclubnew_page_014_p14_c6,1,True,1.0
What is the status for Singapore on the third row?,3,newspaper_The Globe and Mail - 2025-1-8@magazinesclubnew_page_014_p14_c6,"newspaper_The Globe and Mail - 2025-1-8@magazinesclubnew_page_014_p14_c6,newspaper_The Globe and Mail - 2025-1-8@magazinesclubnew_page_014_p14_c5,newspaper_The Globe and Mail - 2025-1-8@magazinesclubnew_page_014_p14_c4",1,True,1.0
What is the status for Singapore on the third row?,5,newspaper_The Globe and Mail - 2025-1-8@magazinesclubnew_page_014_p14_c6,"newspaper_The Globe and Mail - 2025-1-8@magazinesclubnew_page_014_p14_c6,newspaper_The Globe and Mail - 2025-1-8@magazinesclubnew_page_014_p14_c5,newspaper_The Globe and Mail - 2025-1-8@magazinesclubnew_page_014_p14_c4,newspaper_The Globe and Mail - 2025-1-8@magazinesclubnew_page_014_p14_c11,newspaper_The Globe and Mail - 2025-1-8@magazinesclubnew_page_014_p14_c3",1,True,1.0
What does the abbreviation FG stand for in the legend?,1,newspaper_The Globe and Mail - 2025-1-8@magazinesclubnew_page_014_p14_c7,newspaper_The Globe and Mail - 2025-1-8@magazinesclubnew_page_014_p14_c7,1,True,1.0
What does the abbreviation FG stand for in the legend?,3,newspaper_The Globe and Mail - 2025-1-8@magazinesclubnew_page_014_p14_c7,"newspaper_The Globe and Mail - 2025-1-8@magazinesclubnew_page_014_p14_c7,docstructbench_llm-raw-scihub-o.O-j.chroma.2005.05.085.pdf_4_p4_c6,jiaocaineedrop_biz-96816.pdf_48_p48_c5",1,True,1.0
What does the abbreviation FG stand for in the legend?,5,newspaper_The Globe and Mail - 2025-1-8@magazinesclubnew_page_014_p14_c7,"newspaper_The Globe and Mail - 2025-1-8@magazinesclubnew_page_014_p14_c7,docstructbench_llm-raw-scihub-o.O-j.chroma.2005.05.085.pdf_4_p4_c6,jiaocaineedrop_biz-96816.pdf_48_p48_c5,newspaper_The Globe and Mail - 2025-1-8@magazinesclubnew_page_014_p14_c3,newspaper_The Globe and Mail - 2025-1-8@magazinesclubnew_page_014_p14_c6",1,True,1.0
What days are listed in the table?,1,newspaper_The Globe and Mail - 2025-1-8@magazinesclubnew_page_014_p14_c8,newspaper_The Globe and Mail - 2025-1-8@magazinesclubnew_page_014_p14_c2,0,False,0.0
What days are listed in the table?,3,newspaper_The Globe and Mail - 2025-1-8@magazinesclubnew_page_014_p14_c8,"newspaper_The Globe and Mail - 2025-1-8@magazinesclubnew_page_014_p14_c2,newspaper_The Globe and Mail - 2025-1-8@magazinesclubnew_page_014_p14_c8,newspaper_The Globe and Mail - 2025-1-8@magazinesclubnew_page_014_p14_c3",2,True,1.0
What days are listed in the table?,5,newspaper_The Globe and Mail - 2025-1-8@magazinesclubnew_page_014_p14_c8,"newspaper_The Globe and Mail - 2025-1-8@magazinesclubnew_page_014_p14_c2,newspaper_The Globe and Mail - 2025-1-8@magazinesclubnew_page_014_p14_c8,newspaper_The Globe and Mail - 2025-1-8@magazinesclubnew_page_014_p14_c3,newspaper_The Globe and Mail - 2025-1-8@magazinesclubnew_page_014_p14_c6,newspaper_The Globe and Mail - 2025-1-8@magazinesclubnew_page_014_p14_c4",2,True,1.0
What is the weather condition for Calgary on Friday?,1,newspaper_The Globe and Mail - 2025-1-8@magazinesclubnew_page_014_p14_c9,newspaper_The Globe and Mail - 2025-1-8@magazinesclubnew_page_014_p14_c9,1,True,1.0
What is the weather condition for Calgary on Friday?,3,newspaper_The Globe and Mail - 2025-1-8@magazinesclubnew_page_014_p14_c9,"newspaper_The Globe and Mail - 2025-1-8@magazinesclubnew_page_014_p14_c9,newspaper_The Globe and Mail - 2025-1-8@magazinesclubnew_page_014_p14_c3,newspaper_The Globe and Mail - 2025-1-8@magazinesclubnew_page_014_p14_c7",1,True,1.0
What is the weather condition for Calgary on Friday?,5,newspaper_The Globe and Mail - 2025-1-8@magazinesclubnew_page_014_p14_c9,"newspaper_The Globe and Mail - 2025-1-8@magazinesclubnew_page_014_p14_c9,newspaper_The Globe and Mail - 2025-1-8@magazinesclubnew_page_014_p14_c3,newspaper_The Globe and Mail - 2025-1-8@magazinesclubnew_page_014_p14_c7,newspaper_The Globe and Mail - 2025-1-8@magazinesclubnew_page_014_p14_c16,newspaper_The Globe and Mail - 2025-1-8@magazinesclubnew_page_014_p14_c15",1,True,1.0
What is the third value for Edmonton?,1,newspaper_The Globe and Mail - 2025-1-8@magazinesclubnew_page_014_p14_c10,newspaper_The Globe and Mail - 2025-1-8@magazinesclubnew_page_014_p14_c10,1,True,1.0
What is the third value for Edmonton?,3,newspaper_The Globe and Mail - 2025-1-8@magazinesclubnew_page_014_p14_c10,"newspaper_The Globe and Mail - 2025-1-8@magazinesclubnew_page_014_p14_c10,newspaper_The Globe and Mail - 2025-1-8@magazinesclubnew_page_014_p14_c15,newspaper_The Globe and Mail - 2025-1-8@magazinesclubnew_page_014_p14_c11",1,True,1.0
What is the third value for Edmonton?,5,newspaper_The Globe and Mail - 2025-1-8@magazinesclubnew_page_014_p14_c10,"newspaper_The Globe and Mail - 2025-1-8@magazinesclubnew_page_014_p14_c10,newspaper_The Globe and Mail - 2025-1-8@magazinesclubnew_page_014_p14_c15,newspaper_The Globe and Mail - 2025-1-8@magazinesclubnew_page_014_p14_c11,jiaocaineedrop_Chapter9.pdf_46_p46_c2,newspaper_The Globe and Mail - 2025-1-8@magazinesclubnew_page_014_p14_c13",1,True,1.0
What is the third column value for KINGSTON?,1,newspaper_The Globe and Mail - 2025-1-8@magazinesclubnew_page_014_p14_c11,newspaper_The Globe and Mail - 2025-1-8@magazinesclubnew_page_014_p14_c11,1,True,1.0
What is the third column value for KINGSTON?,3,newspaper_The Globe and Mail - 2025-1-8@magazinesclubnew_page_014_p14_c11,"newspaper_The Globe and Mail - 2025-1-8@magazinesclubnew_page_014_p14_c11,book_en_国外数学教材-非数学专业教材-线性代数-Gilbert Strang—Linear Algebra and Its Applications 4e_0035_p35_c4,newspaper_The Globe and Mail - 2025-1-8@magazinesclubnew_page_014_p14_c4",1,True,1.0
What is the third column value for KINGSTON?,5,newspaper_The Globe and Mail - 2025-1-8@magazinesclubnew_page_014_p14_c11,"newspaper_The Globe and Mail - 2025-1-8@magazinesclubnew_page_014_p14_c11,book_en_国外数学教材-非数学专业教材-线性代数-Gilbert Strang—Linear Algebra and Its Applications 4e_0035_p35_c4,newspaper_The Globe and Mail - 2025-1-8@magazinesclubnew_page_014_p14_c4,newspaper_The Globe and Mail - 2025-1-8@magazinesclubnew_page_014_p14_c3,newspaper_The Globe and Mail - 2025-1-8@magazinesclubnew_page_014_p14_c10",1,True,1.0
What is the temperature for Ottawa on the third column?,1,newspaper_The Globe and Mail - 2025-1-8@magazinesclubnew_page_014_p14_c12,newspaper_The Globe and Mail - 2025-1-8@magazinesclubnew_page_014_p14_c12,1,True,1.0
What is the temperature for Ottawa on the third column?,3,newspaper_The Globe and Mail - 2025-1-8@magazinesclubnew_page_014_p14_c12,"newspaper_The Globe and Mail - 2025-1-8@magazinesclubnew_page_014_p14_c12,book_en_国外数学教材-非数学专业教材-线性代数-Gilbert Strang—Linear Algebra and Its Applications 4e_0035_p35_c4,newspaper_The Globe and Mail - 2025-1-8@magazinesclubnew_page_014_p14_c11",1,True,1.0
What is the temperature for Ottawa on the third column?,5,newspaper_The Globe and Mail - 2025-1-8@magazinesclubnew_page_014_p14_c12,"newspaper_The Globe and Mail - 2025-1-8@magazinesclubnew_page_014_p14_c12,book_en_国外数学教材-非数学专业教材-线性代数-Gilbert Strang—Linear Algebra and Its Applications 4e_0035_p35_c4,newspaper_The Globe and Mail - 2025-1-8@magazinesclubnew_page_014_p14_c11,newspaper_The Globe and Mail - 2025-1-8@magazinesclubnew_page_014_p14_c3,newspaper_The Globe and Mail - 2025-1-8@magazinesclubnew_page_014_p14_c9",1,True,1.0
What is the value for REGINA in the third column?,1,newspaper_The Globe and Mail - 2025-1-8@magazinesclubnew_page_014_p14_c13,newspaper_The Globe and Mail - 2025-1-8@magazinesclubnew_page_014_p14_c13,1,True,1.0
What is the value for REGINA in the third column?,3,newspaper_The Globe and Mail - 2025-1-8@magazinesclubnew_page_014_p14_c13,"newspaper_The Globe and Mail - 2025-1-8@magazinesclubnew_page_014_p14_c13,book_en_国外数学教材-非数学专业教材-线性代数-Gilbert Strang—Linear Algebra and Its Applications 4e_0035_p35_c4,docstructbench_llm-raw-scihub-o.O-j.chroma.2005.03.134.pdf_6_p6_c2",1,True,1.0
What is the value for REGINA in the third column?,5,newspaper_The Globe and Mail - 2025-1-8@magazinesclubnew_page_014_p14_c13,"newspaper_The Globe and Mail - 2025-1-8@magazinesclubnew_page_014_p14_c13,book_en_国外数学教材-非数学专业教材-线性代数-Gilbert Strang—Linear Algebra and Its Applications 4e_0035_p35_c4,docstructbench_llm-raw-scihub-o.O-j.chroma.2005.03.134.pdf_6_p6_c2,newspaper_The Globe and Mail - 2025-1-8@magazinesclubnew_page_014_p14_c9,book_en_[搬书匠#893][Pyomo—Optimization Modeling in Python].2012.英文版_page_188_p188_c2",1,True,1.0
What is the temperature range for Saint John?,1,newspaper_The Globe and Mail - 2025-1-8@magazinesclubnew_page_014_p14_c14,newspaper_The Globe and Mail - 2025-1-8@magazinesclubnew_page_014_p14_c14,1,True,1.0
What is the temperature range for Saint John?,3,newspaper_The Globe and Mail - 2025-1-8@magazinesclubnew_page_014_p14_c14,"newspaper_The Globe and Mail - 2025-1-8@magazinesclubnew_page_014_p14_c14,newspaper_The Globe and Mail - 2025-1-8@magazinesclubnew_page_014_p14_c15,newspaper_The Globe and Mail - 2025-1-8@magazinesclubnew_page_014_p14_c13",1,True,1.0
What is the temperature range for Saint John?,5,newspaper_The Globe and Mail - 2025-1-8@magazinesclubnew_page_014_p14_c14,"newspaper_The Globe and Mail - 2025-1-8@magazinesclubnew_page_014_p14_c14,newspaper_The Globe and Mail - 2025-1-8@magazinesclubnew_page_014_p14_c15,newspaper_The Globe and Mail - 2025-1-8@magazinesclubnew_page_014_p14_c13,newspaper_The Globe and Mail - 2025-1-8@magazinesclubnew_page_014_p14_c11,newspaper_The Globe and Mail - 2025-1-8@magazinesclubnew_page_014_p14_c9",1,True,1.0
What is the temperature range for Thunder Bay in the fourth column?,1,newspaper_The Globe and Mail - 2025-1-8@magazinesclubnew_page_014_p14_c15,newspaper_The Globe and Mail - 2025-1-8@magazinesclubnew_page_014_p14_c15,1,True,1.0
What is the temperature range for Thunder Bay in the fourth column?,3,newspaper_The Globe and Mail - 2025-1-8@magazinesclubnew_page_014_p14_c15,"newspaper_The Globe and Mail - 2025-1-8@magazinesclubnew_page_014_p14_c15,newspaper_The Globe and Mail - 2025-1-8@magazinesclubnew_page_014_p14_c12,docstructbench_llm-raw-scihub-o.O-j.chroma.2005.05.085.pdf_4_p4_c6",1,True,1.0
What is the temperature range for Thunder Bay in the fourth column?,5,newspaper_The Globe and Mail - 2025-1-8@magazinesclubnew_page_014_p14_c15,"newspaper_The Globe and Mail - 2025-1-8@magazinesclubnew_page_014_p14_c15,newspaper_The Globe and Mail - 2025-1-8@magazinesclubnew_page_014_p14_c12,docstructbench_llm-raw-scihub-o.O-j.chroma.2005.05.085.pdf_4_p4_c6,newspaper_The Globe and Mail - 2025-1-8@magazinesclubnew_page_014_p14_c9,newspaper_The Globe and Mail - 2025-1-8@magazinesclubnew_page_014_p14_c11",1,True,1.0
What is the temperature in Yellowknife on the third row?,1,newspaper_The Globe and Mail - 2025-1-8@magazinesclubnew_page_014_p14_c16,newspaper_The Globe and Mail - 2025-1-8@magazinesclubnew_page_014_p14_c16,1,True,1.0
What is the temperature in Yellowknife on the third row?,3,newspaper_The Globe and Mail - 2025-1-8@magazinesclubnew_page_014_p14_c16,"newspaper_The Globe and Mail - 2025-1-8@magazinesclubnew_page_014_p14_c16,newspaper_The Globe and Mail - 2025-1-8@magazinesclubnew_page_014_p14_c14,docstructbench_llm-raw-scihub-o.O-j.chroma.2005.05.085.pdf_4_p4_c7",1,True,1.0
What is the temperature in Yellowknife on the third row?,5,newspaper_The Globe and Mail - 2025-1-8@magazinesclubnew_page_014_p14_c16,"newspaper_The Globe and Mail - 2025-1-8@magazinesclubnew_page_014_p14_c16,newspaper_The Globe and Mail - 2025-1-8@magazinesclubnew_page_014_p14_c14,docstructbench_llm-raw-scihub-o.O-j.chroma.2005.05.085.pdf_4_p4_c7,newspaper_The Globe and Mail - 2025-1-8@magazinesclubnew_page_014_p14_c11,newspaper_The Globe and Mail - 2025-1-8@magazinesclubnew_page_014_p14_c9",1,True,1.0
What is the task described in the footnote?,1,newspaper_The Globe and Mail - 2025-1-8@magazinesclubnew_page_014_p14_c17,jiaocaineedrop_jiaocai_needrop_en_1118_p1118_c0,0,False,0.0
What is the task described in the footnote?,3,newspaper_The Globe and Mail - 2025-1-8@magazinesclubnew_page_014_p14_c17,"jiaocaineedrop_jiaocai_needrop_en_1118_p1118_c0,jiaocaineedrop_jiaocai_needrop_en_237_p237_c2,newspaper_The Globe and Mail - 2025-1-8@magazinesclubnew_page_014_p14_c22",0,False,0.0
What is the task described in the footnote?,5,newspaper_The Globe and Mail - 2025-1-8@magazinesclubnew_page_014_p14_c17,"jiaocaineedrop_jiaocai_needrop_en_1118_p1118_c0,jiaocaineedrop_jiaocai_needrop_en_237_p237_c2,newspaper_The Globe and Mail - 2025-1-8@magazinesclubnew_page_014_p14_c22,newspaper_The Globe and Mail - 2025-1-8@magazinesclubnew_page_014_p14_c20,jiaocaineedrop_jiaocai_needrop_en_2884_p2884_c2",0,False,0.0
What numbers are included in each column of nine?,1,newspaper_The Globe and Mail - 2025-1-8@magazinesclubnew_page_014_p14_c18,newspaper_The Globe and Mail - 2025-1-8@magazinesclubnew_page_014_p14_c18,1,True,1.0
What numbers are included in each column of nine?,3,newspaper_The Globe and Mail - 2025-1-8@magazinesclubnew_page_014_p14_c18,"newspaper_The Globe and Mail - 2025-1-8@magazinesclubnew_page_014_p14_c18,docstructbench_dianzishu_zhongwenzaixian-o.O-60403612.pdf_179_p179_c3,newspaper_The Globe and Mail - 2025-1-8@magazinesclubnew_page_014_p14_c21",1,True,1.0
What numbers are included in each column of nine?,5,newspaper_The Globe and Mail - 2025-1-8@magazinesclubnew_page_014_p14_c18,"newspaper_The Globe and Mail - 2025-1-8@magazinesclubnew_page_014_p14_c18,docstructbench_dianzishu_zhongwenzaixian-o.O-60403612.pdf_179_p179_c3,newspaper_The Globe and Mail - 2025-1-8@magazinesclubnew_page_014_p14_c21,docstructbench_dianzishu_zhongwenzaixian-o.O-61523162.pdf_276_p276_c5,book_en_[搬书匠#893][Pyomo—Optimization Modeling in Python].2012.英文版_page_188_p188_c3",1,True,1.0
Where can solutions to today's Sudoku and Kenken be found?,1,newspaper_The Globe and Mail - 2025-1-8@magazinesclubnew_page_014_p14_c19,newspaper_The Globe and Mail - 2025-1-8@magazinesclubnew_page_014_p14_c19,1,True,1.0
Where can solutions to today's Sudoku and Kenken be found?,3,newspaper_The Globe and Mail - 2025-1-8@magazinesclubnew_page_014_p14_c19,"newspaper_The Globe and Mail - 2025-1-8@magazinesclubnew_page_014_p14_c19,newspaper_The Globe and Mail - 2025-1-8@magazinesclubnew_page_014_p14_c16,newspaper_The Globe and Mail - 2025-1-8@magazinesclubnew_page_014_p14_c20",1,True,1.0
Where can solutions to today's Sudoku and Kenken be found?,5,newspaper_The Globe and Mail - 2025-1-8@magazinesclubnew_page_014_p14_c19,"newspaper_The Globe and Mail - 2025-1-8@magazinesclubnew_page_014_p14_c19,newspaper_The Globe and Mail - 2025-1-8@magazinesclubnew_page_014_p14_c16,newspaper_The Globe and Mail - 2025-1-8@magazinesclubnew_page_014_p14_c20,book_en_[搬书匠#893][Pyomo—Optimization Modeling in Python].2012.英文版_page_188_p188_c5,color_textbook_教材全解1+1二年级上册英语上海牛津版_page_067_p67_c1",1,True,1.0
What is the clue for the 13th answer in the ACROSS section?,1,newspaper_The Globe and Mail - 2025-1-8@magazinesclubnew_page_014_p14_c20,newspaper_The Globe and Mail - 2025-1-8@magazinesclubnew_page_014_p14_c22,0,False,0.0
What is the clue for the 13th answer in the ACROSS section?,3,newspaper_The Globe and Mail - 2025-1-8@magazinesclubnew_page_014_p14_c20,"newspaper_The Globe and Mail - 2025-1-8@magazinesclubnew_page_014_p14_c22,newspaper_The Globe and Mail - 2025-1-8@magazinesclubnew_page_014_p14_c20,jiaocaineedrop_jiaocai_needrop_en_1473_p1473_c0",2,True,1.0
What is the clue for the 13th answer in the ACROSS section?,5,newspaper_The Globe and Mail - 2025-1-8@magazinesclubnew_page_014_p14_c20,"newspaper_The Globe and Mail - 2025-1-8@magazinesclubnew_page_014_p14_c22,newspaper_The Globe and Mail - 2025-1-8@magazinesclubnew_page_014_p14_c20,jiaocaineedrop_jiaocai_needrop_en_1473_p1473_c0,newspaper_The Globe and Mail - 2025-1-8@magazinesclubnew_page_014_p14_c19,docstructbench_dianzishu_zhongwenzaixian-o.O-61523162.pdf_276_p276_c4",2,True,1.0
What must numbers within cages combine to produce?,1,newspaper_The Globe and Mail - 2025-1-8@magazinesclubnew_page_014_p14_c21,newspaper_The Globe and Mail - 2025-1-8@magazinesclubnew_page_014_p14_c21,1,True,1.0
What must numbers within cages combine to produce?,3,newspaper_The Globe and Mail - 2025-1-8@magazinesclubnew_page_014_p14_c21,"newspaper_The Globe and Mail - 2025-1-8@magazinesclubnew_page_014_p14_c21,jiaocaineedrop_jiaocai_needrop_en_2518_p2518_c1,jiaocaineedrop_jiaocai_needrop_en_2518_p2518_c3",1,True,1.0
What must numbers within cages combine to produce?,5,newspaper_The Globe and Mail - 2025-1-8@magazinesclubnew_page_014_p14_c21,"newspaper_The Globe and Mail - 2025-1-8@magazinesclubnew_page_014_p14_c21,jiaocaineedrop_jiaocai_needrop_en_2518_p2518_c1,jiaocaineedrop_jiaocai_needrop_en_2518_p2518_c3,docstructbench_dianzishu_zhongwenzaixian-o.O-61323717.pdf_203_p203_c4,color_textbook_zhonggaokao_小学_13.人教新起点英语（4-5年级）_人教新起点五年级英语上册_课本_人教新起点英语5A电子课本_page_055_p55_c0",1,True,1.0
What is the synonym for 'utterly baffling' in the crossword clue?,1,newspaper_The Globe and Mail - 2025-1-8@magazinesclubnew_page_014_p14_c22,newspaper_The Globe and Mail - 2025-1-8@magazinesclubnew_page_014_p14_c22,1,True,1.0
What is the synonym for 'utterly baffling' in the crossword clue?,3,newspaper_The Globe and Mail - 2025-1-8@magazinesclubnew_page_014_p14_c22,"newspaper_The Globe and Mail - 2025-1-8@magazinesclubnew_page_014_p14_c22,exam_paper_2004-2019上海高考英语听力原文和答案_page_017_p17_c0,newspaper_The Globe and Mail - 2025-1-8@magazinesclubnew_page_014_p14_c23",1,True,1.0
What is the synonym for 'utterly baffling' in the crossword clue?,5,newspaper_The Globe and Mail - 2025-1-8@magazinesclubnew_page_014_p14_c22,"newspaper_The Globe and Mail - 2025-1-8@magazinesclubnew_page_014_p14_c22,exam_paper_2004-2019上海高考英语听力原文和答案_page_017_p17_c0,newspaper_The Globe and Mail - 2025-1-8@magazinesclubnew_page_014_p14_c23,notes_f7f010b78016aeebd76e56d9283eb67f_72_p72_c0,jiaocaineedrop_jiaocai_needrop_en_453_p453_c0",1,True,1.0
What is the clue for number 5 in the list?,1,newspaper_The Globe and Mail - 2025-1-8@magazinesclubnew_page_014_p14_c23,newspaper_The Globe and Mail - 2025-1-8@magazinesclubnew_page_014_p14_c13,0,False,0.0
What is the clue for number 5 in the list?,3,newspaper_The Globe and Mail - 2025-1-8@magazinesclubnew_page_014_p14_c23,"newspaper_The Globe and Mail - 2025-1-8@magazinesclubnew_page_014_p14_c13,exam_paper_en-file-putnam-archive_2007_Solutions_2007s_page_005_p5_c0,newspaper_The Globe and Mail - 2025-1-8@magazinesclubnew_page_014_p14_c23",3,True,1.0
What is the clue for number 5 in the list?,5,newspaper_The Globe and Mail - 2025-1-8@magazinesclubnew_page_014_p14_c23,"newspaper_The Globe and Mail - 2025-1-8@magazinesclubnew_page_014_p14_c13,exam_paper_en-file-putnam-archive_2007_Solutions_2007s_page_005_p5_c0,newspaper_The Globe and Mail - 2025-1-8@magazinesclubnew_page_014_p14_c23,jiaocaineedrop_jiaocai_needrop_en_2518_p2518_c1,book_en_[搬书匠#893][Pyomo—Optimization Modeling in Python].2012.英文版_page_188_p188_c2",3,True,1.0
What is the name of the bridge game convention mentioned?,1,newspaper_The Globe and Mail - 2025-1-8@magazinesclubnew_page_014_p14_c24,newspaper_The Globe and Mail - 2025-1-8@magazinesclubnew_page_014_p14_c24,1,True,1.0
What is the name of the bridge game convention mentioned?,3,newspaper_The Globe and Mail - 2025-1-8@magazinesclubnew_page_014_p14_c24,"newspaper_The Globe and Mail - 2025-1-8@magazinesclubnew_page_014_p14_c24,newspaper_The Globe and Mail - 2025-1-8@magazinesclubnew_page_014_p14_c27,newspaper_The Globe and Mail - 2025-1-8@magazinesclubnew_page_014_p14_c26",1,True,1.0
What is the name of the bridge game convention mentioned?,5,newspaper_The Globe and Mail - 2025-1-8@magazinesclubnew_page_014_p14_c24,"newspaper_The Globe and Mail - 2025-1-8@magazinesclubnew_page_014_p14_c24,newspaper_The Globe and Mail - 2025-1-8@magazinesclubnew_page_014_p14_c27,newspaper_The Globe and Mail - 2025-1-8@magazinesclubnew_page_014_p14_c26,newspaper_The Globe and Mail - 2025-1-8@magazinesclubnew_page_014_p14_c25,exam_paper_en-file-putnam-archive_2002_Solutions_2002s_page_001_p1_c7",1,True,1.0
What does East's return of the three indicate about his preference for the next lead?,1,newspaper_The Globe and Mail - 2025-1-8@magazinesclubnew_page_014_p14_c25,newspaper_The Globe and Mail - 2025-1-8@magazinesclubnew_page_014_p14_c26,0,False,0.0
What does East's return of the three indicate about his preference for the next lead?,3,newspaper_The Globe and Mail - 2025-1-8@magazinesclubnew_page_014_p14_c25,"newspaper_The Globe and Mail - 2025-1-8@magazinesclubnew_page_014_p14_c26,newspaper_The Globe and Mail - 2025-1-8@magazinesclubnew_page_014_p14_c25,newspaper_The Globe and Mail - 2025-1-8@magazinesclubnew_page_014_p14_c27",2,True,1.0
What does East's return of the three indicate about his preference for the next lead?,5,newspaper_The Globe and Mail - 2025-1-8@magazinesclubnew_page_014_p14_c25,"newspaper_The Globe and Mail - 2025-1-8@magazinesclubnew_page_014_p14_c26,newspaper_The Globe and Mail - 2025-1-8@magazinesclubnew_page_014_p14_c25,newspaper_The Globe and Mail - 2025-1-8@magazinesclubnew_page_014_p14_c27,newspaper_Daily Mirror 2025-1-8@magazinesclubnew_page_058_p58_c0,newspaper_The Globe and Mail - 2025-1-8@magazinesclubnew_page_014_p14_c10",2,True,1.0
What does East's return of the three indicate about his preference?,1,newspaper_The Globe and Mail - 2025-1-8@magazinesclubnew_page_014_p14_c26,newspaper_The Globe and Mail - 2025-1-8@magazinesclubnew_page_014_p14_c25,0,False,0.0
What does East's return of the three indicate about his preference?,3,newspaper_The Globe and Mail - 2025-1-8@magazinesclubnew_page_014_p14_c26,"newspaper_The Globe and Mail - 2025-1-8@magazinesclubnew_page_014_p14_c25,newspaper_The Globe and Mail - 2025-1-8@magazinesclubnew_page_014_p14_c26,newspaper_The Globe and Mail - 2025-1-8@magazinesclubnew_page_014_p14_c27",2,True,1.0
What does East's return of the three indicate about his preference?,5,newspaper_The Globe and Mail - 2025-1-8@magazinesclubnew_page_014_p14_c26,"newspaper_The Globe and Mail - 2025-1-8@magazinesclubnew_page_014_p14_c25,newspaper_The Globe and Mail - 2025-1-8@magazinesclubnew_page_014_p14_c26,newspaper_The Globe and Mail - 2025-1-8@magazinesclubnew_page_014_p14_c27,magazine_TheEconomist.2023.11.25_page_069_p69_c4,newspaper_The Globe and Mail - 2025-1-8@magazinesclubnew_page_014_p14_c10",2,True,1.0
What does East return at trick five?,1,newspaper_The Globe and Mail - 2025-1-8@magazinesclubnew_page_014_p14_c27,newspaper_The Globe and Mail - 2025-1-8@magazinesclubnew_page_014_p14_c27,1,True,1.0
What does East return at trick five?,3,newspaper_The Globe and Mail - 2025-1-8@magazinesclubnew_page_014_p14_c27,"newspaper_The Globe and Mail - 2025-1-8@magazinesclubnew_page_014_p14_c27,newspaper_The Globe and Mail - 2025-1-8@magazinesclubnew_page_014_p14_c25,newspaper_The Globe and Mail - 2025-1-8@magazinesclubnew_page_014_p14_c26",1,True,1.0
What does East return at trick five?,5,newspaper_The Globe and Mail - 2025-1-8@magazinesclubnew_page_014_p14_c27,"newspaper_The Globe and Mail - 2025-1-8@magazinesclubnew_page_014_p14_c27,newspaper_The Globe and Mail - 2025-1-8@magazinesclubnew_page_014_p14_c25,newspaper_The Globe and Mail - 2025-1-8@magazinesclubnew_page_014_p14_c26,newspaper_The Globe and Mail - 2025-1-8@magazinesclubnew_page_014_p14_c24,book_en_[搬书匠#893][Pyomo—Optimization Modeling in Python].2012.英文版_page_188_p188_c2",1,True,1.0
What are the topics of the scientific articles?,1,PPT_all655920_page_002_p2_c0,PPT_all655920_page_002_p2_c0,1,True,1.0
What are the topics of the scientific articles?,3,PPT_all655920_page_002_p2_c0,"PPT_all655920_page_002_p2_c0,PPT_all655920_page_001_p1_c0,docstructbench_dianzishu_zhongwenzaixian-o.O-61523162.pdf_276_p276_c2",1,True,1.0
What are the topics of the scientific articles?,5,PPT_all655920_page_002_p2_c0,"PPT_all655920_page_002_p2_c0,PPT_all655920_page_001_p1_c0,docstructbench_dianzishu_zhongwenzaixian-o.O-61523162.pdf_276_p276_c2,yanbaopptmerge_5473246b8da789b9bfdeef53a70c4d72afd480415d5cbcedb83d105856710328.pdf_8_p8_c0,scihub_prrv.2001.0150.pdf_0_p0_c2",1,True,1.0
What is the main difference between ESL programs in secondary school and elementary school?,1,PPT_The Right Moves_page_016_p16_c0,PPT_The Right Moves_page_016_p16_c0,1,True,1.0
What is the main difference between ESL programs in secondary school and elementary school?,3,PPT_The Right Moves_page_016_p16_c0,"PPT_The Right Moves_page_016_p16_c0,jiaocaineedrop_jiaocai_needrop_en_2193_p2193_c0,notes_f7f010b78016aeebd76e56d9283eb67f_4_p4_c0",1,True,1.0
What is the main difference between ESL programs in secondary school and elementary school?,5,PPT_The Right Moves_page_016_p16_c0,"PPT_The Right Moves_page_016_p16_c0,jiaocaineedrop_jiaocai_needrop_en_2193_p2193_c0,notes_f7f010b78016aeebd76e56d9283eb67f_4_p4_c0,jiaocaineedrop_jiaocai_needrop_en_237_p237_c0,jiaocaineedrop_jiaocai_needrop_en_1836_p1836_c1",1,True,1.0
What is the number given in the document fragment?,1,color_textbook_zhonggaokao_小学_13.人教新起点英语（4-5年级）_人教新起点五年级英语下册_课本_人教新起点英语5B电子课本_page_034_p34_c0,docstructbench_llm-raw-scihub-o.O-j.chroma.2005.03.134.pdf_6_p6_c3,0,False,0.0
What is the number given in the document fragment?,3,color_textbook_zhonggaokao_小学_13.人教新起点英语（4-5年级）_人教新起点五年级英语下册_课本_人教新起点英语5B电子课本_page_034_p34_c0,"docstructbench_llm-raw-scihub-o.O-j.chroma.2005.03.134.pdf_6_p6_c3,newspaper_The Globe and Mail - 2025-1-8@magazinesclubnew_page_014_p14_c3,newspaper_The Globe and Mail - 2025-1-8@magazinesclubnew_page_014_p14_c22",0,False,0.0
What is the number given in the document fragment?,5,color_textbook_zhonggaokao_小学_13.人教新起点英语（4-5年级）_人教新起点五年级英语下册_课本_人教新起点英语5B电子课本_page_034_p34_c0,"docstructbench_llm-raw-scihub-o.O-j.chroma.2005.03.134.pdf_6_p6_c3,newspaper_The Globe and Mail - 2025-1-8@magazinesclubnew_page_014_p14_c3,newspaper_The Globe and Mail - 2025-1-8@magazinesclubnew_page_014_p14_c22,jiaocaineedrop_Chapter9.pdf_46_p46_c0,jiaocaineedrop_jiaocai_needrop_en_2884_p2884_c2",0,False,0.0
What is the main purpose of participating in sports during adulthood?,1,exam_paper_2004-2019上海高考英语听力原文和答案_page_017_p17_c0,exam_paper_2004-2019上海高考英语听力原文和答案_page_017_p17_c0,1,True,1.0
What is the main purpose of participating in sports during adulthood?,3,exam_paper_2004-2019上海高考英语听力原文和答案_page_017_p17_c0,"exam_paper_2004-2019上海高考英语听力原文和答案_page_017_p17_c0,jiaocaineedrop_jiaocai_needrop_en_237_p237_c0,jiaocaineedrop_jiaocai_needrop_en_237_p237_c1",1,True,1.0
What is the main purpose of participating in sports during adulthood?,5,exam_paper_2004-2019上海高考英语听力原文和答案_page_017_p17_c0,"exam_paper_2004-2019上海高考英语听力原文和答案_page_017_p17_c0,jiaocaineedrop_jiaocai_needrop_en_237_p237_c0,jiaocaineedrop_jiaocai_needrop_en_237_p237_c1,jiaocaineedrop_jiaocai_needrop_en_237_p237_c2,jiaocaineedrop_jiaocai_needrop_en_1836_p1836_c1",1,True,1.0
What is the total score for the first section?,1,exam_paper_2004-2019上海高考英语听力原文和答案_page_017_p17_c1,jiaocaineedrop_jiaocai_needrop_en_2884_p2884_c1,0,False,0.0
What is the total score for the first section?,3,exam_paper_2004-2019上海高考英语听力原文和答案_page_017_p17_c1,"jiaocaineedrop_jiaocai_needrop_en_2884_p2884_c1,docstructbench_dianzishu_zhongwenzaixian-o.O-61323717.pdf_203_p203_c2,docstructbench_dianzishu_zhongwenzaixian-o.O-61323717.pdf_203_p203_c4",0,False,0.0
What is the total score for the first section?,5,exam_paper_2004-2019上海高考英语听力原文和答案_page_017_p17_c1,"jiaocaineedrop_jiaocai_needrop_en_2884_p2884_c1,docstructbench_dianzishu_zhongwenzaixian-o.O-61323717.pdf_203_p203_c2,docstructbench_dianzishu_zhongwenzaixian-o.O-61323717.pdf_203_p203_c4,exam_paper_2004-2019上海高考英语听力原文和答案_page_017_p17_c1,jiaocaineedrop_jiaocai_needrop_en_1564_p1564_c1",4,True,1.0
What is the man's reservation name?,1,exam_paper_2004-2019上海高考英语听力原文和答案_page_017_p17_c2,exam_paper_2004-2019上海高考英语听力原文和答案_page_017_p17_c3,0,False,0.0
What is the man's reservation name?,3,exam_paper_2004-2019上海高考英语听力原文和答案_page_017_p17_c2,"exam_paper_2004-2019上海高考英语听力原文和答案_page_017_p17_c3,magazine_TheEconomist.2024.03.02_page_075_p75_c5,magazine_TheEconomist.2024.03.02_page_075_p75_c4",0,False,0.0
What is the man's reservation name?,5,exam_paper_2004-2019上海高考英语听力原文和答案_page_017_p17_c2,"exam_paper_2004-2019上海高考英语听力原文和答案_page_017_p17_c3,magazine_TheEconomist.2024.03.02_page_075_p75_c5,magazine_TheEconomist.2024.03.02_page_075_p75_c4,newspaper_The Globe and Mail - 2025-1-8@magazinesclubnew_page_018_p18_c16,newspaper_e62730aaeb9b509119e0c3699ac18201_1_p1_c0",0,False,0.0
Who is most probably the woman?,1,exam_paper_2004-2019上海高考英语听力原文和答案_page_017_p17_c3,exam_paper_2004-2019上海高考英语听力原文和答案_page_017_p17_c2,0,False,0.0
Who is most probably the woman?,3,exam_paper_2004-2019上海高考英语听力原文和答案_page_017_p17_c3,"exam_paper_2004-2019上海高考英语听力原文和答案_page_017_p17_c2,exam_paper_2004-2019上海高考英语听力原文和答案_page_017_p17_c3,docstructbench_dianzishu_zhongwenzaixian-o.O-61323717.pdf_203_p203_c4",2,True,1.0
Who is most probably the woman?,5,exam_paper_2004-2019上海高考英语听力原文和答案_page_017_p17_c3,"exam_paper_2004-2019上海高考英语听力原文和答案_page_017_p17_c2,exam_paper_2004-2019上海高考英语听力原文和答案_page_017_p17_c3,docstructbench_dianzishu_zhongwenzaixian-o.O-61323717.pdf_203_p203_c4,color_textbook_教材全解1+1二年级上册英语上海牛津版_page_067_p67_c2,newspaper_The Wall Street Journal - 2025-01-08@magazinesclubnew_page_018_p18_c2",2,True,1.0
What is the value of $ P_n(1) $ for all $ n \geq 0 $?,1,exam_paper_en-file-putnam-archive_2002_Solutions_2002s_page_001_p1_c0,exam_paper_en-file-putnam-archive_2002_Solutions_2002s_page_001_p1_c1,0,False,0.0
What is the value of $ P_n(1) $ for all $ n \geq 0 $?,3,exam_paper_en-file-putnam-archive_2002_Solutions_2002s_page_001_p1_c0,"exam_paper_en-file-putnam-archive_2002_Solutions_2002s_page_001_p1_c1,exam_paper_en-file-putnam-archive_2002_Solutions_2002s_page_001_p1_c0,exam_paper_en-file-putnam-archive_1999_Solutions_1999s_page_003_p3_c3",2,True,1.0
What is the value of $ P_n(1) $ for all $ n \geq 0 $?,5,exam_paper_en-file-putnam-archive_2002_Solutions_2002s_page_001_p1_c0,"exam_paper_en-file-putnam-archive_2002_Solutions_2002s_page_001_p1_c1,exam_paper_en-file-putnam-archive_2002_Solutions_2002s_page_001_p1_c0,exam_paper_en-file-putnam-archive_1999_Solutions_1999s_page_003_p3_c3,exam_paper_en-file-putnam-archive_1998_Solutions_1998s_page_002_p2_c7,exam_paper_en-file-putnam-archive_2012_Solutions_2012s_page_001_p1_c3",2,True,1.0
What is the expression for $ P_n(1) $ according to the induction?,1,exam_paper_en-file-putnam-archive_2002_Solutions_2002s_page_001_p1_c1,exam_paper_en-file-putnam-archive_2002_Solutions_2002s_page_001_p1_c1,1,True,1.0
What is the expression for $ P_n(1) $ according to the induction?,3,exam_paper_en-file-putnam-archive_2002_Solutions_2002s_page_001_p1_c1,"exam_paper_en-file-putnam-archive_2002_Solutions_2002s_page_001_p1_c1,exam_paper_en-file-putnam-archive_2002_Solutions_2002s_page_001_p1_c0,exam_paper_en-file-putnam-archive_1998_Solutions_1998s_page_002_p2_c7",1,True,1.0
What is the expression for $ P_n(1) $ according to the induction?,5,exam_paper_en-file-putnam-archive_2002_Solutions_2002s_page_001_p1_c1,"exam_paper_en-file-putnam-archive_2002_Solutions_2002s_page_001_p1_c1,exam_paper_en-file-putnam-archive_2002_Solutions_2002s_page_001_p1_c0,exam_paper_en-file-putnam-archive_1998_Solutions_1998s_page_002_p2_c7,exam_paper_en-file-putnam-archive_2009_Solutions_2009s_page_003_p3_c6,exam_paper_en-file-putnam-archive_2012_Solutions_2012s_page_001_p1_c8",1,True,1.0
What is the minimum number of points required on an n-dimensional sphere such that some n+2 of them lie on a closed hemisphere?,1,exam_paper_en-file-putnam-archive_2002_Solutions_2002s_page_001_p1_c2,exam_paper_en-file-putnam-archive_2002_Solutions_2002s_page_001_p1_c2,1,True,1.0
What is the minimum number of points required on an n-dimensional sphere such that some n+2 of them lie on a closed hemisphere?,3,exam_paper_en-file-putnam-archive_2002_Solutions_2002s_page_001_p1_c2,"exam_paper_en-file-putnam-archive_2002_Solutions_2002s_page_001_p1_c2,exam_paper_en-file-putnam-archive_2002_Solutions_2002s_page_001_p1_c3,jiaocaineedrop_96657786.pdf_0_p0_c3",1,True,1.0
What is the minimum number of points required on an n-dimensional sphere such that some n+2 of them lie on a closed hemisphere?,5,exam_paper_en-file-putnam-archive_2002_Solutions_2002s_page_001_p1_c2,"exam_paper_en-file-putnam-archive_2002_Solutions_2002s_page_001_p1_c2,exam_paper_en-file-putnam-archive_2002_Solutions_2002s_page_001_p1_c3,jiaocaineedrop_96657786.pdf_0_p0_c3,exam_paper_en-file-putnam-archive_2007_Solutions_2007s_page_001_p1_c8,jiaocaineedrop_96657786.pdf_0_p0_c2",1,True,1.0
What is the position of Player 0's first move?,1,exam_paper_en-file-putnam-archive_2002_Solutions_2002s_page_001_p1_c4,exam_paper_en-file-putnam-archive_2002_Solutions_2002s_page_001_p1_c4,1,True,1.0
What is the position of Player 0's first move?,3,exam_paper_en-file-putnam-archive_2002_Solutions_2002s_page_001_p1_c4,"exam_paper_en-file-putnam-archive_2002_Solutions_2002s_page_001_p1_c4,exam_paper_en-file-putnam-archive_2002_Solutions_2002s_page_001_p1_c7,exam_paper_en-file-putnam-archive_2002_Solutions_2002s_page_001_p1_c5",1,True,1.0
What is the position of Player 0's first move?,5,exam_paper_en-file-putnam-archive_2002_Solutions_2002s_page_001_p1_c4,"exam_paper_en-file-putnam-archive_2002_Solutions_2002s_page_001_p1_c4,exam_paper_en-file-putnam-archive_2002_Solutions_2002s_page_001_p1_c7,exam_paper_en-file-putnam-archive_2002_Solutions_2002s_page_001_p1_c5,exam_paper_en-file-putnam-archive_2002_Solutions_2002s_page_001_p1_c6,exam_paper_en-file-putnam-archive_1995_Solutions_1995s_page_002_p2_c7",1,True,1.0
What position does Player 0 play at after Player 1’s third move if it is unoccupied?,1,exam_paper_en-file-putnam-archive_2002_Solutions_2002s_page_001_p1_c5,exam_paper_en-file-putnam-archive_2002_Solutions_2002s_page_001_p1_c5,1,True,1.0
What position does Player 0 play at after Player 1’s third move if it is unoccupied?,3,exam_paper_en-file-putnam-archive_2002_Solutions_2002s_page_001_p1_c5,"exam_paper_en-file-putnam-archive_2002_Solutions_2002s_page_001_p1_c5,exam_paper_en-file-putnam-archive_2002_Solutions_2002s_page_001_p1_c6,exam_paper_en-file-putnam-archive_2002_Solutions_2002s_page_001_p1_c7",1,True,1.0
What position does Player 0 play at after Player 1’s third move if it is unoccupied?,5,exam_paper_en-file-putnam-archive_2002_Solutions_2002s_page_001_p1_c5,"exam_paper_en-file-putnam-archive_2002_Solutions_2002s_page_001_p1_c5,exam_paper_en-file-putnam-archive_2002_Solutions_2002s_page_001_p1_c6,exam_paper_en-file-putnam-archive_2002_Solutions_2002s_page_001_p1_c7,exam_paper_en-file-putnam-archive_2002_Solutions_2002s_page_001_p1_c4,exam_paper_en-file-putnam-archive_2002_Solutions_2002s_page_001_p1_c3",1,True,1.0
What is the first move of Player 1 in the described game scenario?,1,exam_paper_en-file-putnam-archive_2002_Solutions_2002s_page_001_p1_c7,exam_paper_en-file-putnam-archive_2002_Solutions_2002s_page_001_p1_c4,0,False,0.0
What is the first move of Player 1 in the described game scenario?,3,exam_paper_en-file-putnam-archive_2002_Solutions_2002s_page_001_p1_c7,"exam_paper_en-file-putnam-archive_2002_Solutions_2002s_page_001_p1_c4,exam_paper_en-file-putnam-archive_2002_Solutions_2002s_page_001_p1_c6,exam_paper_en-file-putnam-archive_2002_Solutions_2002s_page_001_p1_c7",3,True,1.0
What is the first move of Player 1 in the described game scenario?,5,exam_paper_en-file-putnam-archive_2002_Solutions_2002s_page_001_p1_c7,"exam_paper_en-file-putnam-archive_2002_Solutions_2002s_page_001_p1_c4,exam_paper_en-file-putnam-archive_2002_Solutions_2002s_page_001_p1_c6,exam_paper_en-file-putnam-archive_2002_Solutions_2002s_page_001_p1_c7,exam_paper_en-file-putnam-archive_2002_Solutions_2002s_page_001_p1_c5,newspaper_The Globe and Mail - 2025-1-8@magazinesclubnew_page_014_p14_c10",3,True,1.0
哪个词是表示毒药的名词？,1,notes_f7f010b78016aeebd76e56d9283eb67f_72_p72_c0,notes_f7f010b78016aeebd76e56d9283eb67f_72_p72_c0,1,True,1.0
哪个词是表示毒药的名词？,3,notes_f7f010b78016aeebd76e56d9283eb67f_72_p72_c0,"notes_f7f010b78016aeebd76e56d9283eb67f_72_p72_c0,docstructbench_dianzishu_zhongwenzaixian-o.O-61570552.pdf_129_p129_c0,notes_f7f010b78016aeebd76e56d9283eb67f_27_p27_c1",1,True,1.0
哪个词是表示毒药的名词？,5,notes_f7f010b78016aeebd76e56d9283eb67f_72_p72_c0,"notes_f7f010b78016aeebd76e56d9283eb67f_72_p72_c0,docstructbench_dianzishu_zhongwenzaixian-o.O-61570552.pdf_129_p129_c0,notes_f7f010b78016aeebd76e56d9283eb67f_27_p27_c1,notes_f7f010b78016aeebd76e56d9283eb67f_27_p27_c0,color_textbook_教材全解1+1二年级上册英语上海牛津版_page_067_p67_c1",1,True,1.0
什么词表示未加工的？,1,notes_f7f010b78016aeebd76e56d9283eb67f_72_p72_c1,notes_f7f010b78016aeebd76e56d9283eb67f_72_p72_c1,1,True,1.0
什么词表示未加工的？,3,notes_f7f010b78016aeebd76e56d9283eb67f_72_p72_c1,"notes_f7f010b78016aeebd76e56d9283eb67f_72_p72_c1,jiaocaineedrop_jiaocai_needrop_en_1836_p1836_c2,notes_f7f010b78016aeebd76e56d9283eb67f_27_p27_c0",1,True,1.0
什么词表示未加工的？,5,notes_f7f010b78016aeebd76e56d9283eb67f_72_p72_c1,"notes_f7f010b78016aeebd76e56d9283eb67f_72_p72_c1,jiaocaineedrop_jiaocai_needrop_en_1836_p1836_c2,notes_f7f010b78016aeebd76e56d9283eb67f_27_p27_c0,docstructbench_dianzishu_zhongwenzaixian-o.O-61570552.pdf_129_p129_c1,docstructbench_dianzishu_zhongwenzaixian-o.O-61570552.pdf_129_p129_c0",1,True,1.0
如何体现思辨性中的多重关系？,1,yanbaopptmerge_yanbaoPPT_6170_p6170_c0,yanbaopptmerge_yanbaoPPT_6170_p6170_c0,1,True,1.0
如何体现思辨性中的多重关系？,3,yanbaopptmerge_yanbaoPPT_6170_p6170_c0,"yanbaopptmerge_yanbaoPPT_6170_p6170_c0,yanbaopptmerge_yanbaoPPT_4125_p4125_c0,jiaocaineedrop_jiaocai_needrop_en_2193_p2193_c1",1,True,1.0
如何体现思辨性中的多重关系？,5,yanbaopptmerge_yanbaoPPT_6170_p6170_c0,"yanbaopptmerge_yanbaoPPT_6170_p6170_c0,yanbaopptmerge_yanbaoPPT_4125_p4125_c0,jiaocaineedrop_jiaocai_needrop_en_2193_p2193_c1,yanbaopptmerge_yanbaoPPT_825_p825_c0,jiaocaineedrop_jiaocai_needrop_en_377_p377_c3",1,True,1.0
What is the derivative of uv as Δx approaches 0?,1,PPT_StewartCalcET7e_03_02_page_007_p7_c1,PPT_StewartCalcET7e_03_02_page_007_p7_c1,1,True,1.0
What is the derivative of uv as Δx approaches 0?,3,PPT_StewartCalcET7e_03_02_page_007_p7_c1,"PPT_StewartCalcET7e_03_02_page_007_p7_c1,PPT_StewartCalcET7e_03_02_page_007_p7_c0,jiaocaineedrop_Evans_PDE_Solution_Chapter_6_Second-Order_Elliptic_Equations.pdf_5_p5_c4",1,True,1.0
What is the derivative of uv as Δx approaches 0?,5,PPT_StewartCalcET7e_03_02_page_007_p7_c1,"PPT_StewartCalcET7e_03_02_page_007_p7_c1,PPT_StewartCalcET7e_03_02_page_007_p7_c0,jiaocaineedrop_Evans_PDE_Solution_Chapter_6_Second-Order_Elliptic_Equations.pdf_5_p5_c4,jiaocaineedrop_Evans_PDE_Solution_Chapter_6_Second-Order_Elliptic_Equations.pdf_5_p5_c1,jiaocaineedrop_Evans_PDE_Solution_Chapter_6_Second-Order_Elliptic_Equations.pdf_5_p5_c3",1,True,1.0
Fe3O4的相对分子质量是多少？,1,yanbaopptmerge_yanbaoPPT_1465_p1465_c0,yanbaopptmerge_yanbaoPPT_1465_p1465_c0,1,True,1.0
Fe3O4的相对分子质量是多少？,3,yanbaopptmerge_yanbaoPPT_1465_p1465_c0,"yanbaopptmerge_yanbaoPPT_1465_p1465_c0,book_zh_CNASGL0092018_extracted_page_69_p69_c1,docstructbench_dianzishu_zhongwenzaixian-o.O-60403612.pdf_179_p179_c2",1,True,1.0
Fe3O4的相对分子质量是多少？,5,yanbaopptmerge_yanbaoPPT_1465_p1465_c0,"yanbaopptmerge_yanbaoPPT_1465_p1465_c0,book_zh_CNASGL0092018_extracted_page_69_p69_c1,docstructbench_dianzishu_zhongwenzaixian-o.O-60403612.pdf_179_p179_c2,docstructbench_dianzishu_zhongwenzaixian-o.O-60403612.pdf_179_p179_c3,book_zh_CNASGL0092018_extracted_page_69_p69_c0",1,True,1.0
2023年2月24日汽车指数上涨了多少？,1,eastmoney_7c25f92e2ab21d83e1eada0e40a68e3151e7c1c2d673ddb12b0242fa3ab931ab.pdf_13_p13_c0,eastmoney_7c25f92e2ab21d83e1eada0e40a68e3151e7c1c2d673ddb12b0242fa3ab931ab.pdf_13_p13_c0,1,True,1.0
2023年2月24日汽车指数上涨了多少？,3,eastmoney_7c25f92e2ab21d83e1eada0e40a68e3151e7c1c2d673ddb12b0242fa3ab931ab.pdf_13_p13_c0,"eastmoney_7c25f92e2ab21d83e1eada0e40a68e3151e7c1c2d673ddb12b0242fa3ab931ab.pdf_13_p13_c0,eastmoney_7c25f92e2ab21d83e1eada0e40a68e3151e7c1c2d673ddb12b0242fa3ab931ab.pdf_13_p13_c1,eastmoney_7c25f92e2ab21d83e1eada0e40a68e3151e7c1c2d673ddb12b0242fa3ab931ab.pdf_13_p13_c2",1,True,1.0
2023年2月24日汽车指数上涨了多少？,5,eastmoney_7c25f92e2ab21d83e1eada0e40a68e3151e7c1c2d673ddb12b0242fa3ab931ab.pdf_13_p13_c0,"eastmoney_7c25f92e2ab21d83e1eada0e40a68e3151e7c1c2d673ddb12b0242fa3ab931ab.pdf_13_p13_c0,eastmoney_7c25f92e2ab21d83e1eada0e40a68e3151e7c1c2d673ddb12b0242fa3ab931ab.pdf_13_p13_c1,eastmoney_7c25f92e2ab21d83e1eada0e40a68e3151e7c1c2d673ddb12b0242fa3ab931ab.pdf_13_p13_c2,yanbaopptmerge_2f4902871606698497c53ccb18d3fec2f83d05047d883cd65bbce26bfb27bcd2.pdf_1_p1_c1,yanbaopptmerge_2f4902871606698497c53ccb18d3fec2f83d05047d883cd65bbce26bfb27bcd2.pdf_1_p1_c2",1,True,1.0
哪些新能源汽车可以享受铁路运输不按危险货物管理的政策？,1,eastmoney_7c25f92e2ab21d83e1eada0e40a68e3151e7c1c2d673ddb12b0242fa3ab931ab.pdf_13_p13_c2,eastmoney_7c25f92e2ab21d83e1eada0e40a68e3151e7c1c2d673ddb12b0242fa3ab931ab.pdf_13_p13_c2,1,True,1.0
哪些新能源汽车可以享受铁路运输不按危险货物管理的政策？,3,eastmoney_7c25f92e2ab21d83e1eada0e40a68e3151e7c1c2d673ddb12b0242fa3ab931ab.pdf_13_p13_c2,"eastmoney_7c25f92e2ab21d83e1eada0e40a68e3151e7c1c2d673ddb12b0242fa3ab931ab.pdf_13_p13_c2,eastmoney_7c25f92e2ab21d83e1eada0e40a68e3151e7c1c2d673ddb12b0242fa3ab931ab.pdf_13_p13_c3,eastmoney_7c25f92e2ab21d83e1eada0e40a68e3151e7c1c2d673ddb12b0242fa3ab931ab.pdf_13_p13_c1",1,True,1.0
哪些新能源汽车可以享受铁路运输不按危险货物管理的政策？,5,eastmoney_7c25f92e2ab21d83e1eada0e40a68e3151e7c1c2d673ddb12b0242fa3ab931ab.pdf_13_p13_c2,"eastmoney_7c25f92e2ab21d83e1eada0e40a68e3151e7c1c2d673ddb12b0242fa3ab931ab.pdf_13_p13_c2,eastmoney_7c25f92e2ab21d83e1eada0e40a68e3151e7c1c2d673ddb12b0242fa3ab931ab.pdf_13_p13_c3,eastmoney_7c25f92e2ab21d83e1eada0e40a68e3151e7c1c2d673ddb12b0242fa3ab931ab.pdf_13_p13_c1,yanbaopptmerge_51e549c0d1a2669ac976409fcf99ce91908b1e0a07f0fc70d92263abf6d07f18.pdf_1_p1_c1,eastmoney_03e39833d520af7d1abb96dd624dcd15f2b57d061969d196e80922e2f590503f.pdf_22_p22_c0",1,True,1.0
办理新能源商品汽车国际铁路联运需要符合什么规定？,1,eastmoney_7c25f92e2ab21d83e1eada0e40a68e3151e7c1c2d673ddb12b0242fa3ab931ab.pdf_13_p13_c3,eastmoney_7c25f92e2ab21d83e1eada0e40a68e3151e7c1c2d673ddb12b0242fa3ab931ab.pdf_13_p13_c3,1,True,1.0
办理新能源商品汽车国际铁路联运需要符合什么规定？,3,eastmoney_7c25f92e2ab21d83e1eada0e40a68e3151e7c1c2d673ddb12b0242fa3ab931ab.pdf_13_p13_c3,"eastmoney_7c25f92e2ab21d83e1eada0e40a68e3151e7c1c2d673ddb12b0242fa3ab931ab.pdf_13_p13_c3,eastmoney_7c25f92e2ab21d83e1eada0e40a68e3151e7c1c2d673ddb12b0242fa3ab931ab.pdf_13_p13_c2,book_zh_JGJ1022003_extracted_page_27_p27_c2",1,True,1.0
办理新能源商品汽车国际铁路联运需要符合什么规定？,5,eastmoney_7c25f92e2ab21d83e1eada0e40a68e3151e7c1c2d673ddb12b0242fa3ab931ab.pdf_13_p13_c3,"eastmoney_7c25f92e2ab21d83e1eada0e40a68e3151e7c1c2d673ddb12b0242fa3ab931ab.pdf_13_p13_c3,eastmoney_7c25f92e2ab21d83e1eada0e40a68e3151e7c1c2d673ddb12b0242fa3ab931ab.pdf_13_p13_c2,book_zh_JGJ1022003_extracted_page_27_p27_c2,book_zh_JGJ1022003_extracted_page_27_p27_c0,yanbaopptmerge_baa6d02928efcac46ccf7dfd3859de565cfb0bea918ae0ec0eed50944a7c20b4.pdf_11_p11_c1",1,True,1.0
Who collaborated on this article?,1,yanbaor2_yanbaoPPT_1517_p1517_c0,yanbaor2_yanbaoPPT_1517_p1517_c0,1,True,1.0
Who collaborated on this article?,3,yanbaor2_yanbaoPPT_1517_p1517_c0,"yanbaor2_yanbaoPPT_1517_p1517_c0,newspaper_b95d1d8eb0d756cc94a5d8b5db3cf69b_1_p1_c0,docstructbench_llm-raw-scihub-o.O-j.chroma.2005.03.134.pdf_6_p6_c0",1,True,1.0
Who collaborated on this article?,5,yanbaor2_yanbaoPPT_1517_p1517_c0,"yanbaor2_yanbaoPPT_1517_p1517_c0,newspaper_b95d1d8eb0d756cc94a5d8b5db3cf69b_1_p1_c0,docstructbench_llm-raw-scihub-o.O-j.chroma.2005.03.134.pdf_6_p6_c0,newspaper_e62730aaeb9b509119e0c3699ac18201_1_p1_c0,newspaper_The Wall Street Journal - 2025-01-08@magazinesclubnew_page_018_p18_c2",1,True,1.0
Which player was booked in the match?,1,newspaper_Daily Mirror 2025-1-8@magazinesclubnew_page_058_p58_c0,newspaper_Daily Mirror 2025-1-8@magazinesclubnew_page_058_p58_c0,1,True,1.0
Which player was booked in the match?,3,newspaper_Daily Mirror 2025-1-8@magazinesclubnew_page_058_p58_c0,"newspaper_Daily Mirror 2025-1-8@magazinesclubnew_page_058_p58_c0,newspaper_Daily Mirror 2025-1-8@magazinesclubnew_page_058_p58_c3,newspaper_Daily Mirror 2025-1-8@magazinesclubnew_page_058_p58_c4",1,True,1.0
Which player was booked in the match?,5,newspaper_Daily Mirror 2025-1-8@magazinesclubnew_page_058_p58_c0,"newspaper_Daily Mirror 2025-1-8@magazinesclubnew_page_058_p58_c0,newspaper_Daily Mirror 2025-1-8@magazinesclubnew_page_058_p58_c3,newspaper_Daily Mirror 2025-1-8@magazinesclubnew_page_058_p58_c4,newspaper_Daily Mirror 2025-1-8@magazinesclubnew_page_058_p58_c5,newspaper_The Globe and Mail - 2025-1-8@magazinesclubnew_page_027_p27_c0",1,True,1.0
What is the main issue with the Puma match ball according to the Gunners boss?,1,newspaper_Daily Mirror 2025-1-8@magazinesclubnew_page_058_p58_c1,newspaper_Daily Mirror 2025-1-8@magazinesclubnew_page_058_p58_c1,1,True,1.0
What is the main issue with the Puma match ball according to the Gunners boss?,3,newspaper_Daily Mirror 2025-1-8@magazinesclubnew_page_058_p58_c1,"newspaper_Daily Mirror 2025-1-8@magazinesclubnew_page_058_p58_c1,newspaper_Daily Mirror 2025-1-8@magazinesclubnew_page_058_p58_c0,newspaper_Daily Mirror 2025-1-8@magazinesclubnew_page_058_p58_c2",1,True,1.0
What is the main issue with the Puma match ball according to the Gunners boss?,5,newspaper_Daily Mirror 2025-1-8@magazinesclubnew_page_058_p58_c1,"newspaper_Daily Mirror 2025-1-8@magazinesclubnew_page_058_p58_c1,newspaper_Daily Mirror 2025-1-8@magazinesclubnew_page_058_p58_c0,newspaper_Daily Mirror 2025-1-8@magazinesclubnew_page_058_p58_c2,newspaper_Daily Mirror 2025-1-8@magazinesclubnew_page_058_p58_c5,newspaper_The Globe and Mail - 2025-1-8@magazinesclubnew_page_014_p14_c11",1,True,1.0
What did Eddie Howe say about Isak's performance in the first half?,1,newspaper_Daily Mirror 2025-1-8@magazinesclubnew_page_058_p58_c2,newspaper_Daily Mirror 2025-1-8@magazinesclubnew_page_058_p58_c2,1,True,1.0
What did Eddie Howe say about Isak's performance in the first half?,3,newspaper_Daily Mirror 2025-1-8@magazinesclubnew_page_058_p58_c2,"newspaper_Daily Mirror 2025-1-8@magazinesclubnew_page_058_p58_c2,newspaper_Daily Mirror 2025-1-8@magazinesclubnew_page_058_p58_c3,newspaper_Daily Mirror 2025-1-8@magazinesclubnew_page_058_p58_c4",1,True,1.0
What did Eddie Howe say about Isak's performance in the first half?,5,newspaper_Daily Mirror 2025-1-8@magazinesclubnew_page_058_p58_c2,"newspaper_Daily Mirror 2025-1-8@magazinesclubnew_page_058_p58_c2,newspaper_Daily Mirror 2025-1-8@magazinesclubnew_page_058_p58_c3,newspaper_Daily Mirror 2025-1-8@magazinesclubnew_page_058_p58_c4,newspaper_Daily Mirror 2025-1-8@magazinesclubnew_page_058_p58_c0,newspaper_Daily Mirror 2025-1-8@magazinesclubnew_page_058_p58_c1",1,True,1.0
What did the article say about the difference a top striker makes?,1,newspaper_Daily Mirror 2025-1-8@magazinesclubnew_page_058_p58_c3,newspaper_Daily Mirror 2025-1-8@magazinesclubnew_page_058_p58_c3,1,True,1.0
What did the article say about the difference a top striker makes?,3,newspaper_Daily Mirror 2025-1-8@magazinesclubnew_page_058_p58_c3,"newspaper_Daily Mirror 2025-1-8@magazinesclubnew_page_058_p58_c3,newspaper_Daily Mirror 2025-1-8@magazinesclubnew_page_058_p58_c4,newspaper_Daily Mirror 2025-1-8@magazinesclubnew_page_058_p58_c2",1,True,1.0
What did the article say about the difference a top striker makes?,5,newspaper_Daily Mirror 2025-1-8@magazinesclubnew_page_058_p58_c3,"newspaper_Daily Mirror 2025-1-8@magazinesclubnew_page_058_p58_c3,newspaper_Daily Mirror 2025-1-8@magazinesclubnew_page_058_p58_c4,newspaper_Daily Mirror 2025-1-8@magazinesclubnew_page_058_p58_c2,newspaper_Daily Mirror 2025-1-8@magazinesclubnew_page_058_p58_c0,newspaper_Daily Mirror 2025-1-8@magazinesclubnew_page_058_p58_c5",1,True,1.0
What goal did Isak assist in the match?,1,newspaper_Daily Mirror 2025-1-8@magazinesclubnew_page_058_p58_c4,newspaper_Daily Mirror 2025-1-8@magazinesclubnew_page_058_p58_c4,1,True,1.0
What goal did Isak assist in the match?,3,newspaper_Daily Mirror 2025-1-8@magazinesclubnew_page_058_p58_c4,"newspaper_Daily Mirror 2025-1-8@magazinesclubnew_page_058_p58_c4,newspaper_Daily Mirror 2025-1-8@magazinesclubnew_page_058_p58_c0,newspaper_Daily Mirror 2025-1-8@magazinesclubnew_page_058_p58_c2",1,True,1.0
What goal did Isak assist in the match?,5,newspaper_Daily Mirror 2025-1-8@magazinesclubnew_page_058_p58_c4,"newspaper_Daily Mirror 2025-1-8@magazinesclubnew_page_058_p58_c4,newspaper_Daily Mirror 2025-1-8@magazinesclubnew_page_058_p58_c0,newspaper_Daily Mirror 2025-1-8@magazinesclubnew_page_058_p58_c2,newspaper_Daily Mirror 2025-1-8@magazinesclubnew_page_058_p58_c3,newspaper_The Globe and Mail - 2025-1-8@magazinesclubnew_page_014_p14_c3",1,True,1.0
What did Kai Havertz miss that highlighted Arsenal's issues?,1,newspaper_Daily Mirror 2025-1-8@magazinesclubnew_page_058_p58_c5,newspaper_Daily Mirror 2025-1-8@magazinesclubnew_page_058_p58_c5,1,True,1.0
What did Kai Havertz miss that highlighted Arsenal's issues?,3,newspaper_Daily Mirror 2025-1-8@magazinesclubnew_page_058_p58_c5,"newspaper_Daily Mirror 2025-1-8@magazinesclubnew_page_058_p58_c5,newspaper_Daily Mirror 2025-1-8@magazinesclubnew_page_058_p58_c0,newspaper_Daily Mirror 2025-1-8@magazinesclubnew_page_058_p58_c4",1,True,1.0
What did Kai Havertz miss that highlighted Arsenal's issues?,5,newspaper_Daily Mirror 2025-1-8@magazinesclubnew_page_058_p58_c5,"newspaper_Daily Mirror 2025-1-8@magazinesclubnew_page_058_p58_c5,newspaper_Daily Mirror 2025-1-8@magazinesclubnew_page_058_p58_c0,newspaper_Daily Mirror 2025-1-8@magazinesclubnew_page_058_p58_c4,newspaper_Daily Mirror 2025-1-8@magazinesclubnew_page_058_p58_c3,newspaper_Daily Mirror 2025-1-8@magazinesclubnew_page_058_p58_c2",1,True,1.0
橄榄树在古代希腊被如何对待？,1,exam_paper_2016年安徽省中考英语试题（解析）_page_015_p15_c0,exam_paper_2016年安徽省中考英语试题（解析）_page_015_p15_c0,1,True,1.0
橄榄树在古代希腊被如何对待？,3,exam_paper_2016年安徽省中考英语试题（解析）_page_015_p15_c0,"exam_paper_2016年安徽省中考英语试题（解析）_page_015_p15_c0,jiaocaineedrop_jiaocai_needrop_en_1836_p1836_c2,jiaocaineedrop_jiaocai_needrop_en_2193_p2193_c0",1,True,1.0
橄榄树在古代希腊被如何对待？,5,exam_paper_2016年安徽省中考英语试题（解析）_page_015_p15_c0,"exam_paper_2016年安徽省中考英语试题（解析）_page_015_p15_c0,jiaocaineedrop_jiaocai_needrop_en_1836_p1836_c2,jiaocaineedrop_jiaocai_needrop_en_2193_p2193_c0,jiaocaineedrop_jiaocai_needrop_en_155_p155_c1,jiaocaineedrop_jiaocai_needrop_en_3937_p3937_c1",1,True,1.0
How much money did Zach raise for the Little Red Wagon Foundation?,1,exam_paper_2016年安徽省中考英语试题（解析）_page_015_p15_c1,exam_paper_2016年安徽省中考英语试题（解析）_page_015_p15_c1,1,True,1.0
How much money did Zach raise for the Little Red Wagon Foundation?,3,exam_paper_2016年安徽省中考英语试题（解析）_page_015_p15_c1,"exam_paper_2016年安徽省中考英语试题（解析）_page_015_p15_c1,exam_paper_2016年安徽省中考英语试题（解析）_page_015_p15_c2,exam_paper_2016年安徽省中考英语试题（解析）_page_015_p15_c3",1,True,1.0
How much money did Zach raise for the Little Red Wagon Foundation?,5,exam_paper_2016年安徽省中考英语试题（解析）_page_015_p15_c1,"exam_paper_2016年安徽省中考英语试题（解析）_page_015_p15_c1,exam_paper_2016年安徽省中考英语试题（解析）_page_015_p15_c2,exam_paper_2016年安徽省中考英语试题（解析）_page_015_p15_c3,newspaper_The Globe and Mail - 2025-1-8@magazinesclubnew_page_018_p18_c16,newspaper_e62730aaeb9b509119e0c3699ac18201_1_p1_c5",1,True,1.0
What did Zach do during the summer vacation in 2010?,1,exam_paper_2016年安徽省中考英语试题（解析）_page_015_p15_c2,exam_paper_2016年安徽省中考英语试题（解析）_page_015_p15_c2,1,True,1.0
What did Zach do during the summer vacation in 2010?,3,exam_paper_2016年安徽省中考英语试题（解析）_page_015_p15_c2,"exam_paper_2016年安徽省中考英语试题（解析）_page_015_p15_c2,exam_paper_2016年安徽省中考英语试题（解析）_page_015_p15_c1,exam_paper_2016年安徽省中考英语试题（解析）_page_015_p15_c3",1,True,1.0
What did Zach do during the summer vacation in 2010?,5,exam_paper_2016年安徽省中考英语试题（解析）_page_015_p15_c2,"exam_paper_2016年安徽省中考英语试题（解析）_page_015_p15_c2,exam_paper_2016年安徽省中考英语试题（解析）_page_015_p15_c1,exam_paper_2016年安徽省中考英语试题（解析）_page_015_p15_c3,newspaper_The Globe and Mail - 2025-1-8@magazinesclubnew_page_018_p18_c16,newspaper_e62730aaeb9b509119e0c3699ac18201_1_p1_c0",1,True,1.0
What did Zach do with his family according to option B?,1,exam_paper_2016年安徽省中考英语试题（解析）_page_015_p15_c3,exam_paper_2016年安徽省中考英语试题（解析）_page_015_p15_c2,0,False,0.0
What did Zach do with his family according to option B?,3,exam_paper_2016年安徽省中考英语试题（解析）_page_015_p15_c3,"exam_paper_2016年安徽省中考英语试题（解析）_page_015_p15_c2,exam_paper_2016年安徽省中考英语试题（解析）_page_015_p15_c3,exam_paper_2016年安徽省中考英语试题（解析）_page_015_p15_c1",2,True,1.0
What did Zach do with his family according to option B?,5,exam_paper_2016年安徽省中考英语试题（解析）_page_015_p15_c3,"exam_paper_2016年安徽省中考英语试题（解析）_page_015_p15_c2,exam_paper_2016年安徽省中考英语试题（解析）_page_015_p15_c3,exam_paper_2016年安徽省中考英语试题（解析）_page_015_p15_c1,newspaper_The Wall Street Journal - 2025-01-08@magazinesclubnew_page_018_p18_c2,newspaper_The Wall Street Journal - 2025-01-08@magazinesclubnew_page_018_p18_c4",2,True,1.0
张天佑为农民工维权的总行程超过多少公里？,1,newspaper_e62730aaeb9b509119e0c3699ac18201_1_p1_c0,newspaper_e62730aaeb9b509119e0c3699ac18201_1_p1_c0,1,True,1.0
张天佑为农民工维权的总行程超过多少公里？,3,newspaper_e62730aaeb9b509119e0c3699ac18201_1_p1_c0,"newspaper_e62730aaeb9b509119e0c3699ac18201_1_p1_c0,newspaper_e62730aaeb9b509119e0c3699ac18201_1_p1_c1,newspaper_e62730aaeb9b509119e0c3699ac18201_1_p1_c2",1,True,1.0
张天佑为农民工维权的总行程超过多少公里？,5,newspaper_e62730aaeb9b509119e0c3699ac18201_1_p1_c0,"newspaper_e62730aaeb9b509119e0c3699ac18201_1_p1_c0,newspaper_e62730aaeb9b509119e0c3699ac18201_1_p1_c1,newspaper_e62730aaeb9b509119e0c3699ac18201_1_p1_c2,newspaper_e62730aaeb9b509119e0c3699ac18201_1_p1_c3,newspaper_e62730aaeb9b509119e0c3699ac18201_1_p1_c4",1,True,1.0
张天佑在维权过程中如何与用人单位交涉？,1,newspaper_e62730aaeb9b509119e0c3699ac18201_1_p1_c2,newspaper_e62730aaeb9b509119e0c3699ac18201_1_p1_c2,1,True,1.0
张天佑在维权过程中如何与用人单位交涉？,3,newspaper_e62730aaeb9b509119e0c3699ac18201_1_p1_c2,"newspaper_e62730aaeb9b509119e0c3699ac18201_1_p1_c2,newspaper_e62730aaeb9b509119e0c3699ac18201_1_p1_c3,newspaper_e62730aaeb9b509119e0c3699ac18201_1_p1_c4",1,True,1.0
张天佑在维权过程中如何与用人单位交涉？,5,newspaper_e62730aaeb9b509119e0c3699ac18201_1_p1_c2,"newspaper_e62730aaeb9b509119e0c3699ac18201_1_p1_c2,newspaper_e62730aaeb9b509119e0c3699ac18201_1_p1_c3,newspaper_e62730aaeb9b509119e0c3699ac18201_1_p1_c4,newspaper_e62730aaeb9b509119e0c3699ac18201_1_p1_c1,newspaper_e62730aaeb9b509119e0c3699ac18201_1_p1_c0",1,True,1.0
张天佑在谈判期间遇到什么困难？,1,newspaper_e62730aaeb9b509119e0c3699ac18201_1_p1_c3,newspaper_e62730aaeb9b509119e0c3699ac18201_1_p1_c3,1,True,1.0
张天佑在谈判期间遇到什么困难？,3,newspaper_e62730aaeb9b509119e0c3699ac18201_1_p1_c3,"newspaper_e62730aaeb9b509119e0c3699ac18201_1_p1_c3,newspaper_e62730aaeb9b509119e0c3699ac18201_1_p1_c4,newspaper_e62730aaeb9b509119e0c3699ac18201_1_p1_c2",1,True,1.0
张天佑在谈判期间遇到什么困难？,5,newspaper_e62730aaeb9b509119e0c3699ac18201_1_p1_c3,"newspaper_e62730aaeb9b509119e0c3699ac18201_1_p1_c3,newspaper_e62730aaeb9b509119e0c3699ac18201_1_p1_c4,newspaper_e62730aaeb9b509119e0c3699ac18201_1_p1_c2,newspaper_e62730aaeb9b509119e0c3699ac18201_1_p1_c1,newspaper_e62730aaeb9b509119e0c3699ac18201_1_p1_c5",1,True,1.0
张天佑为何要陪同家属将死者送至殡仪馆火化？,1,newspaper_e62730aaeb9b509119e0c3699ac18201_1_p1_c4,newspaper_e62730aaeb9b509119e0c3699ac18201_1_p1_c4,1,True,1.0
张天佑为何要陪同家属将死者送至殡仪馆火化？,3,newspaper_e62730aaeb9b509119e0c3699ac18201_1_p1_c4,"newspaper_e62730aaeb9b509119e0c3699ac18201_1_p1_c4,newspaper_e62730aaeb9b509119e0c3699ac18201_1_p1_c5,newspaper_e62730aaeb9b509119e0c3699ac18201_1_p1_c3",1,True,1.0
张天佑为何要陪同家属将死者送至殡仪馆火化？,5,newspaper_e62730aaeb9b509119e0c3699ac18201_1_p1_c4,"newspaper_e62730aaeb9b509119e0c3699ac18201_1_p1_c4,newspaper_e62730aaeb9b509119e0c3699ac18201_1_p1_c5,newspaper_e62730aaeb9b509119e0c3699ac18201_1_p1_c3,newspaper_e62730aaeb9b509119e0c3699ac18201_1_p1_c2,newspaper_e62730aaeb9b509119e0c3699ac18201_1_p1_c1",1,True,1.0
黄治东为什么选择打工？,1,newspaper_e62730aaeb9b509119e0c3699ac18201_1_p1_c5,newspaper_e62730aaeb9b509119e0c3699ac18201_1_p1_c8,0,False,0.0
黄治东为什么选择打工？,3,newspaper_e62730aaeb9b509119e0c3699ac18201_1_p1_c5,"newspaper_e62730aaeb9b509119e0c3699ac18201_1_p1_c8,newspaper_e62730aaeb9b509119e0c3699ac18201_1_p1_c9,newspaper_e62730aaeb9b509119e0c3699ac18201_1_p1_c5",3,True,1.0
黄治东为什么选择打工？,5,newspaper_e62730aaeb9b509119e0c3699ac18201_1_p1_c5,"newspaper_e62730aaeb9b509119e0c3699ac18201_1_p1_c8,newspaper_e62730aaeb9b509119e0c3699ac18201_1_p1_c9,newspaper_e62730aaeb9b509119e0c3699ac18201_1_p1_c5,newspaper_e62730aaeb9b509119e0c3699ac18201_1_p1_c10,newspaper_e62730aaeb9b509119e0c3699ac18201_1_p1_c7",3,True,1.0
哪些农民工通过了培训结业考试？,1,newspaper_e62730aaeb9b509119e0c3699ac18201_1_p1_c6,newspaper_e62730aaeb9b509119e0c3699ac18201_1_p1_c6,1,True,1.0
哪些农民工通过了培训结业考试？,3,newspaper_e62730aaeb9b509119e0c3699ac18201_1_p1_c6,"newspaper_e62730aaeb9b509119e0c3699ac18201_1_p1_c6,newspaper_e62730aaeb9b509119e0c3699ac18201_1_p1_c7,newspaper_e62730aaeb9b509119e0c3699ac18201_1_p1_c5",1,True,1.0
哪些农民工通过了培训结业考试？,5,newspaper_e62730aaeb9b509119e0c3699ac18201_1_p1_c6,"newspaper_e62730aaeb9b509119e0c3699ac18201_1_p1_c6,newspaper_e62730aaeb9b509119e0c3699ac18201_1_p1_c7,newspaper_e62730aaeb9b509119e0c3699ac18201_1_p1_c5,newspaper_e62730aaeb9b509119e0c3699ac18201_1_p1_c11,newspaper_2c69e142b52dbb30cac2cb11d3eb25e5_1_p1_c6",1,True,1.0
政府对获得高级证书和中级证书的学员分别给予多少培训补贴？,1,newspaper_e62730aaeb9b509119e0c3699ac18201_1_p1_c7,newspaper_e62730aaeb9b509119e0c3699ac18201_1_p1_c7,1,True,1.0
政府对获得高级证书和中级证书的学员分别给予多少培训补贴？,3,newspaper_e62730aaeb9b509119e0c3699ac18201_1_p1_c7,"newspaper_e62730aaeb9b509119e0c3699ac18201_1_p1_c7,newspaper_e62730aaeb9b509119e0c3699ac18201_1_p1_c6,newspaper_2c69e142b52dbb30cac2cb11d3eb25e5_1_p1_c5",1,True,1.0
政府对获得高级证书和中级证书的学员分别给予多少培训补贴？,5,newspaper_e62730aaeb9b509119e0c3699ac18201_1_p1_c7,"newspaper_e62730aaeb9b509119e0c3699ac18201_1_p1_c7,newspaper_e62730aaeb9b509119e0c3699ac18201_1_p1_c6,newspaper_2c69e142b52dbb30cac2cb11d3eb25e5_1_p1_c5,yanbaor2_7f386f737cb55cffa10c8321a94bd38d7169cd69b3b253b9e2e502c12a68feea.pdf_15_p15_c0,jiaocaineedrop_jiaocai_needrop_en_1473_p1473_c2",1,True,1.0
黄治东在鸡场高危期如何确保种鸡安全？,1,newspaper_e62730aaeb9b509119e0c3699ac18201_1_p1_c8,newspaper_e62730aaeb9b509119e0c3699ac18201_1_p1_c8,1,True,1.0
黄治东在鸡场高危期如何确保种鸡安全？,3,newspaper_e62730aaeb9b509119e0c3699ac18201_1_p1_c8,"newspaper_e62730aaeb9b509119e0c3699ac18201_1_p1_c8,newspaper_e62730aaeb9b509119e0c3699ac18201_1_p1_c9,newspaper_e62730aaeb9b509119e0c3699ac18201_1_p1_c5",1,True,1.0
黄治东在鸡场高危期如何确保种鸡安全？,5,newspaper_e62730aaeb9b509119e0c3699ac18201_1_p1_c8,"newspaper_e62730aaeb9b509119e0c3699ac18201_1_p1_c8,newspaper_e62730aaeb9b509119e0c3699ac18201_1_p1_c9,newspaper_e62730aaeb9b509119e0c3699ac18201_1_p1_c5,newspaper_e62730aaeb9b509119e0c3699ac18201_1_p1_c7,newspaper_e62730aaeb9b509119e0c3699ac18201_1_p1_c10",1,True,1.0
黄治东在打工期间积累了哪些宝贵经验？,1,newspaper_e62730aaeb9b509119e0c3699ac18201_1_p1_c9,newspaper_e62730aaeb9b509119e0c3699ac18201_1_p1_c9,1,True,1.0
黄治东在打工期间积累了哪些宝贵经验？,3,newspaper_e62730aaeb9b509119e0c3699ac18201_1_p1_c9,"newspaper_e62730aaeb9b509119e0c3699ac18201_1_p1_c9,newspaper_e62730aaeb9b509119e0c3699ac18201_1_p1_c8,newspaper_e62730aaeb9b509119e0c3699ac18201_1_p1_c10",1,True,1.0
黄治东在打工期间积累了哪些宝贵经验？,5,newspaper_e62730aaeb9b509119e0c3699ac18201_1_p1_c9,"newspaper_e62730aaeb9b509119e0c3699ac18201_1_p1_c9,newspaper_e62730aaeb9b509119e0c3699ac18201_1_p1_c8,newspaper_e62730aaeb9b509119e0c3699ac18201_1_p1_c10,newspaper_e62730aaeb9b509119e0c3699ac18201_1_p1_c5,newspaper_e62730aaeb9b509119e0c3699ac18201_1_p1_c7",1,True,1.0
黄治东如何实现养殖业的自动化？,1,newspaper_e62730aaeb9b509119e0c3699ac18201_1_p1_c10,newspaper_e62730aaeb9b509119e0c3699ac18201_1_p1_c9,0,False,0.0
黄治东如何实现养殖业的自动化？,3,newspaper_e62730aaeb9b509119e0c3699ac18201_1_p1_c10,"newspaper_e62730aaeb9b509119e0c3699ac18201_1_p1_c9,newspaper_e62730aaeb9b509119e0c3699ac18201_1_p1_c10,newspaper_e62730aaeb9b509119e0c3699ac18201_1_p1_c8",2,True,1.0
黄治东如何实现养殖业的自动化？,5,newspaper_e62730aaeb9b509119e0c3699ac18201_1_p1_c10,"newspaper_e62730aaeb9b509119e0c3699ac18201_1_p1_c9,newspaper_e62730aaeb9b509119e0c3699ac18201_1_p1_c10,newspaper_e62730aaeb9b509119e0c3699ac18201_1_p1_c8,newspaper_e62730aaeb9b509119e0c3699ac18201_1_p1_c5,newspaper_e62730aaeb9b509119e0c3699ac18201_1_p1_c7",2,True,1.0
大学生志愿者帮农民工拍照寄回家的活动目的是什么？,1,newspaper_e62730aaeb9b509119e0c3699ac18201_1_p1_c11,newspaper_e62730aaeb9b509119e0c3699ac18201_1_p1_c10,0,False,0.0
大学生志愿者帮农民工拍照寄回家的活动目的是什么？,3,newspaper_e62730aaeb9b509119e0c3699ac18201_1_p1_c11,"newspaper_e62730aaeb9b509119e0c3699ac18201_1_p1_c10,newspaper_e62730aaeb9b509119e0c3699ac18201_1_p1_c11,jiaocaineedrop_jiaocai_needrop_en_1836_p1836_c2",2,True,1.0
大学生志愿者帮农民工拍照寄回家的活动目的是什么？,5,newspaper_e62730aaeb9b509119e0c3699ac18201_1_p1_c11,"newspaper_e62730aaeb9b509119e0c3699ac18201_1_p1_c10,newspaper_e62730aaeb9b509119e0c3699ac18201_1_p1_c11,jiaocaineedrop_jiaocai_needrop_en_1836_p1836_c2,newspaper_e62730aaeb9b509119e0c3699ac18201_1_p1_c5,newspaper_e62730aaeb9b509119e0c3699ac18201_1_p1_c4",2,True,1.0
为什么人们更信任能力差一些却足够敬业的人？,1,newspaper_e62730aaeb9b509119e0c3699ac18201_1_p1_c12,newspaper_e62730aaeb9b509119e0c3699ac18201_1_p1_c12,1,True,1.0
为什么人们更信任能力差一些却足够敬业的人？,3,newspaper_e62730aaeb9b509119e0c3699ac18201_1_p1_c12,"newspaper_e62730aaeb9b509119e0c3699ac18201_1_p1_c12,newspaper_e62730aaeb9b509119e0c3699ac18201_1_p1_c11,newspaper_e62730aaeb9b509119e0c3699ac18201_1_p1_c14",1,True,1.0
为什么人们更信任能力差一些却足够敬业的人？,5,newspaper_e62730aaeb9b509119e0c3699ac18201_1_p1_c12,"newspaper_e62730aaeb9b509119e0c3699ac18201_1_p1_c12,newspaper_e62730aaeb9b509119e0c3699ac18201_1_p1_c11,newspaper_e62730aaeb9b509119e0c3699ac18201_1_p1_c14,newspaper_e62730aaeb9b509119e0c3699ac18201_1_p1_c13,yanbaor2_decf70a006d6f8f66725ead2f27b248a911016d258a236cefcdd26c6aff1d463.pdf_40_p40_c0",1,True,1.0
What is the English translation of 'in the center of'?,1,jiaocaineedrop_jiaocai_needrop_en_1118_p1118_c0,jiaocaineedrop_jiaocai_needrop_en_1118_p1118_c0,1,True,1.0
What is the English translation of 'in the center of'?,3,jiaocaineedrop_jiaocai_needrop_en_1118_p1118_c0,"jiaocaineedrop_jiaocai_needrop_en_1118_p1118_c0,color_textbook_zhonggaokao_小学_KET听说读写逐项突破_KET听说读写逐项突破之轻松搞定KET写作25分 【10讲 褚连一】_第10讲第十课写作Part9小作文练习_第十课写作Part9小作文练习_page_010_p10_c6,color_textbook_zhonggaokao_小学_KET听说读写逐项突破_KET听说读写逐项突破之轻松搞定KET写作25分 【10讲 褚连一】_第10讲第十课写作Part9小作文练习_第十课写作Part9小作文练习_page_010_p10_c8",1,True,1.0
What is the English translation of 'in the center of'?,5,jiaocaineedrop_jiaocai_needrop_en_1118_p1118_c0,"jiaocaineedrop_jiaocai_needrop_en_1118_p1118_c0,color_textbook_zhonggaokao_小学_KET听说读写逐项突破_KET听说读写逐项突破之轻松搞定KET写作25分 【10讲 褚连一】_第10讲第十课写作Part9小作文练习_第十课写作Part9小作文练习_page_010_p10_c6,color_textbook_zhonggaokao_小学_KET听说读写逐项突破_KET听说读写逐项突破之轻松搞定KET写作25分 【10讲 褚连一】_第10讲第十课写作Part9小作文练习_第十课写作Part9小作文练习_page_010_p10_c8,color_textbook_zhonggaokao_小学_KET听说读写逐项突破_KET听说读写逐项突破之轻松搞定KET写作25分 【10讲 褚连一】_第10讲第十课写作Part9小作文练习_第十课写作Part9小作文练习_page_010_p10_c7,color_textbook_zhonggaokao_小学_KET听说读写逐项突破_KET听说读写逐项突破之轻松搞定KET写作25分 【10讲 褚连一】_第10讲第十课写作Part9小作文练习_第十课写作Part9小作文练习_page_010_p10_c5",1,True,1.0
What is the Modern English equivalent of the Old English fót?,1,PPT_8076_MEYER_Chapter_2_-_Language_Change_page_012_p12_c0,PPT_8076_MEYER_Chapter_2_-_Language_Change_page_012_p12_c0,1,True,1.0
What is the Modern English equivalent of the Old English fót?,3,PPT_8076_MEYER_Chapter_2_-_Language_Change_page_012_p12_c0,"PPT_8076_MEYER_Chapter_2_-_Language_Change_page_012_p12_c0,newspaper_The Globe and Mail - 2025-1-8@magazinesclubnew_page_014_p14_c22,exam_paper_2004-2019上海高考英语听力原文和答案_page_017_p17_c0",1,True,1.0
What is the Modern English equivalent of the Old English fót?,5,PPT_8076_MEYER_Chapter_2_-_Language_Change_page_012_p12_c0,"PPT_8076_MEYER_Chapter_2_-_Language_Change_page_012_p12_c0,newspaper_The Globe and Mail - 2025-1-8@magazinesclubnew_page_014_p14_c22,exam_paper_2004-2019上海高考英语听力原文和答案_page_017_p17_c0,notes_f7f010b78016aeebd76e56d9283eb67f_72_p72_c0,newspaper_The Globe and Mail - 2025-1-8@magazinesclubnew_page_014_p14_c3",1,True,1.0
What is the range of plasmid DNA concentrations used in the experiment?,1,docstructbench_llm-raw-scihub-o.O-j.ab.2007.10.021.pdf_3_p3_c0,docstructbench_llm-raw-scihub-o.O-j.ab.2007.10.021.pdf_3_p3_c0,1,True,1.0
What is the range of plasmid DNA concentrations used in the experiment?,3,docstructbench_llm-raw-scihub-o.O-j.ab.2007.10.021.pdf_3_p3_c0,"docstructbench_llm-raw-scihub-o.O-j.ab.2007.10.021.pdf_3_p3_c0,docstructbench_llm-raw-scihub-o.O-j.chroma.2005.05.085.pdf_4_p4_c8,docstructbench_llm-raw-scihub-o.O-j.chroma.2005.05.085.pdf_4_p4_c9",1,True,1.0
What is the range of plasmid DNA concentrations used in the experiment?,5,docstructbench_llm-raw-scihub-o.O-j.ab.2007.10.021.pdf_3_p3_c0,"docstructbench_llm-raw-scihub-o.O-j.ab.2007.10.021.pdf_3_p3_c0,docstructbench_llm-raw-scihub-o.O-j.chroma.2005.05.085.pdf_4_p4_c8,docstructbench_llm-raw-scihub-o.O-j.chroma.2005.05.085.pdf_4_p4_c9,docstructbench_enbook-zlib-o.O-19221575.pdf_1173_p1173_c3,docstructbench_llm-raw-scihub-o.O-j.chroma.2005.05.085.pdf_4_p4_c5",1,True,1.0
Where can a deletion be introduced according to the text?,1,docstructbench_llm-raw-scihub-o.O-j.ab.2007.10.021.pdf_3_p3_c1,docstructbench_llm-raw-scihub-o.O-j.ab.2007.10.021.pdf_3_p3_c1,1,True,1.0
Where can a deletion be introduced according to the text?,3,docstructbench_llm-raw-scihub-o.O-j.ab.2007.10.021.pdf_3_p3_c1,"docstructbench_llm-raw-scihub-o.O-j.ab.2007.10.021.pdf_3_p3_c1,docstructbench_llm-raw-scihub-o.O-j.ab.2007.10.021.pdf_3_p3_c0,yanbaor2_89c3718f5a45179ef57a5063c6df36fc2c9b7e3ab4275f4905ed89f1c17232ea.pdf_14_p14_c2",1,True,1.0
Where can a deletion be introduced according to the text?,5,docstructbench_llm-raw-scihub-o.O-j.ab.2007.10.021.pdf_3_p3_c1,"docstructbench_llm-raw-scihub-o.O-j.ab.2007.10.021.pdf_3_p3_c1,docstructbench_llm-raw-scihub-o.O-j.ab.2007.10.021.pdf_3_p3_c0,yanbaor2_89c3718f5a45179ef57a5063c6df36fc2c9b7e3ab4275f4905ed89f1c17232ea.pdf_14_p14_c2,jiaocaineedrop_jiaocai_needrop_en_2193_p2193_c0,book_en_国外数学教材-非数学专业教材-线性代数-Gilbert Strang—Linear Algebra and Its Applications 4e_0035_p35_c0",1,True,1.0
Which author wrote the 1997 paper on site directed mutagenesis using one-step overlap extension PCR?,1,docstructbench_llm-raw-scihub-o.O-j.ab.2007.10.021.pdf_3_p3_c2,docstructbench_llm-raw-scihub-o.O-j.ab.2007.10.021.pdf_3_p3_c3,0,False,0.0
Which author wrote the 1997 paper on site directed mutagenesis using one-step overlap extension PCR?,3,docstructbench_llm-raw-scihub-o.O-j.ab.2007.10.021.pdf_3_p3_c2,"docstructbench_llm-raw-scihub-o.O-j.ab.2007.10.021.pdf_3_p3_c3,docstructbench_llm-raw-scihub-o.O-j.ab.2007.10.021.pdf_3_p3_c2,docstructbench_llm-raw-scihub-o.O-j.ab.2007.10.021.pdf_3_p3_c4",2,True,1.0
Which author wrote the 1997 paper on site directed mutagenesis using one-step overlap extension PCR?,5,docstructbench_llm-raw-scihub-o.O-j.ab.2007.10.021.pdf_3_p3_c2,"docstructbench_llm-raw-scihub-o.O-j.ab.2007.10.021.pdf_3_p3_c3,docstructbench_llm-raw-scihub-o.O-j.ab.2007.10.021.pdf_3_p3_c2,docstructbench_llm-raw-scihub-o.O-j.ab.2007.10.021.pdf_3_p3_c4,docstructbench_llm-raw-scihub-o.O-j.ab.2007.10.021.pdf_3_p3_c1,docstructbench_llm-raw-scihub-o.O-j.ab.2007.10.021.pdf_3_p3_c0",2,True,1.0
Which author wrote about a rapid and efficient method for site directed mutagenesis using one-step overlap extension PCR?,1,docstructbench_llm-raw-scihub-o.O-j.ab.2007.10.021.pdf_3_p3_c3,docstructbench_llm-raw-scihub-o.O-j.ab.2007.10.021.pdf_3_p3_c3,1,True,1.0
Which author wrote about a rapid and efficient method for site directed mutagenesis using one-step overlap extension PCR?,3,docstructbench_llm-raw-scihub-o.O-j.ab.2007.10.021.pdf_3_p3_c3,"docstructbench_llm-raw-scihub-o.O-j.ab.2007.10.021.pdf_3_p3_c3,docstructbench_llm-raw-scihub-o.O-j.ab.2007.10.021.pdf_3_p3_c2,docstructbench_llm-raw-scihub-o.O-j.ab.2007.10.021.pdf_3_p3_c4",1,True,1.0
Which author wrote about a rapid and efficient method for site directed mutagenesis using one-step overlap extension PCR?,5,docstructbench_llm-raw-scihub-o.O-j.ab.2007.10.021.pdf_3_p3_c3,"docstructbench_llm-raw-scihub-o.O-j.ab.2007.10.021.pdf_3_p3_c3,docstructbench_llm-raw-scihub-o.O-j.ab.2007.10.021.pdf_3_p3_c2,docstructbench_llm-raw-scihub-o.O-j.ab.2007.10.021.pdf_3_p3_c4,docstructbench_llm-raw-scihub-o.O-j.ab.2007.10.021.pdf_3_p3_c1,docstructbench_llm-raw-scihub-o.O-j.ab.2007.10.021.pdf_3_p3_c0",1,True,1.0
Which author wrote the article about site-directed mutagenesis using PCR and DpnI?,1,docstructbench_llm-raw-scihub-o.O-j.ab.2007.10.021.pdf_3_p3_c4,docstructbench_llm-raw-scihub-o.O-j.ab.2007.10.021.pdf_3_p3_c3,0,False,0.0
Which author wrote the article about site-directed mutagenesis using PCR and DpnI?,3,docstructbench_llm-raw-scihub-o.O-j.ab.2007.10.021.pdf_3_p3_c4,"docstructbench_llm-raw-scihub-o.O-j.ab.2007.10.021.pdf_3_p3_c3,docstructbench_llm-raw-scihub-o.O-j.ab.2007.10.021.pdf_3_p3_c4,docstructbench_llm-raw-scihub-o.O-j.ab.2007.10.021.pdf_3_p3_c2",2,True,1.0
Which author wrote the article about site-directed mutagenesis using PCR and DpnI?,5,docstructbench_llm-raw-scihub-o.O-j.ab.2007.10.021.pdf_3_p3_c4,"docstructbench_llm-raw-scihub-o.O-j.ab.2007.10.021.pdf_3_p3_c3,docstructbench_llm-raw-scihub-o.O-j.ab.2007.10.021.pdf_3_p3_c4,docstructbench_llm-raw-scihub-o.O-j.ab.2007.10.021.pdf_3_p3_c2,docstructbench_llm-raw-scihub-o.O-j.ab.2007.10.021.pdf_3_p3_c0,docstructbench_llm-raw-scihub-o.O-j.ab.2007.10.021.pdf_3_p3_c1",2,True,1.0
What was the percentage increase in Canada's merchandise trade exports in November?,1,newspaper_The Globe and Mail - 2025-1-8@magazinesclubnew_page_018_p18_c0,newspaper_The Globe and Mail - 2025-1-8@magazinesclubnew_page_018_p18_c1,0,False,0.0
What was the percentage increase in Canada's merchandise trade exports in November?,3,newspaper_The Globe and Mail - 2025-1-8@magazinesclubnew_page_018_p18_c0,"newspaper_The Globe and Mail - 2025-1-8@magazinesclubnew_page_018_p18_c1,newspaper_The Globe and Mail - 2025-1-8@magazinesclubnew_page_018_p18_c0,newspaper_The Globe and Mail - 2025-1-8@magazinesclubnew_page_018_p18_c7",2,True,1.0
What was the percentage increase in Canada's merchandise trade exports in November?,5,newspaper_The Globe and Mail - 2025-1-8@magazinesclubnew_page_018_p18_c0,"newspaper_The Globe and Mail - 2025-1-8@magazinesclubnew_page_018_p18_c1,newspaper_The Globe and Mail - 2025-1-8@magazinesclubnew_page_018_p18_c0,newspaper_The Globe and Mail - 2025-1-8@magazinesclubnew_page_018_p18_c7,newspaper_The Globe and Mail - 2025-1-8@magazinesclubnew_page_018_p18_c6,newspaper_The Globe and Mail - 2025-1-8@magazinesclubnew_page_018_p18_c4",2,True,1.0
What was the trade deficit with the rest of the world in November?,1,newspaper_The Globe and Mail - 2025-1-8@magazinesclubnew_page_018_p18_c1,newspaper_The Globe and Mail - 2025-1-8@magazinesclubnew_page_018_p18_c1,1,True,1.0
What was the trade deficit with the rest of the world in November?,3,newspaper_The Globe and Mail - 2025-1-8@magazinesclubnew_page_018_p18_c1,"newspaper_The Globe and Mail - 2025-1-8@magazinesclubnew_page_018_p18_c1,newspaper_The Globe and Mail - 2025-1-8@magazinesclubnew_page_018_p18_c7,newspaper_The Globe and Mail - 2025-1-8@magazinesclubnew_page_018_p18_c0",1,True,1.0
What was the trade deficit with the rest of the world in November?,5,newspaper_The Globe and Mail - 2025-1-8@magazinesclubnew_page_018_p18_c1,"newspaper_The Globe and Mail - 2025-1-8@magazinesclubnew_page_018_p18_c1,newspaper_The Globe and Mail - 2025-1-8@magazinesclubnew_page_018_p18_c7,newspaper_The Globe and Mail - 2025-1-8@magazinesclubnew_page_018_p18_c0,newspaper_The Globe and Mail - 2025-1-8@magazinesclubnew_page_018_p18_c2,newspaper_The Globe and Mail - 2025-1-8@magazinesclubnew_page_018_p18_c4",1,True,1.0
What percentage of cars does Canada make according to Mr. Trump?,1,newspaper_The Globe and Mail - 2025-1-8@magazinesclubnew_page_018_p18_c2,newspaper_The Globe and Mail - 2025-1-8@magazinesclubnew_page_018_p18_c3,0,False,0.0
What percentage of cars does Canada make according to Mr. Trump?,3,newspaper_The Globe and Mail - 2025-1-8@magazinesclubnew_page_018_p18_c2,"newspaper_The Globe and Mail - 2025-1-8@magazinesclubnew_page_018_p18_c3,newspaper_The Globe and Mail - 2025-1-8@magazinesclubnew_page_018_p18_c2,newspaper_The Globe and Mail - 2025-1-8@magazinesclubnew_page_018_p18_c5",2,True,1.0
What percentage of cars does Canada make according to Mr. Trump?,5,newspaper_The Globe and Mail - 2025-1-8@magazinesclubnew_page_018_p18_c2,"newspaper_The Globe and Mail - 2025-1-8@magazinesclubnew_page_018_p18_c3,newspaper_The Globe and Mail - 2025-1-8@magazinesclubnew_page_018_p18_c2,newspaper_The Globe and Mail - 2025-1-8@magazinesclubnew_page_018_p18_c5,newspaper_The Globe and Mail - 2025-1-8@magazinesclubnew_page_018_p18_c4,newspaper_The Globe and Mail - 2025-1-8@magazinesclubnew_page_018_p18_c0",2,True,1.0
What percentage of Canadian exports go to the U.S.?,1,newspaper_The Globe and Mail - 2025-1-8@magazinesclubnew_page_018_p18_c3,newspaper_The Globe and Mail - 2025-1-8@magazinesclubnew_page_018_p18_c3,1,True,1.0
What percentage of Canadian exports go to the U.S.?,3,newspaper_The Globe and Mail - 2025-1-8@magazinesclubnew_page_018_p18_c3,"newspaper_The Globe and Mail - 2025-1-8@magazinesclubnew_page_018_p18_c3,newspaper_The Globe and Mail - 2025-1-8@magazinesclubnew_page_018_p18_c1,newspaper_The Globe and Mail - 2025-1-8@magazinesclubnew_page_018_p18_c6",1,True,1.0
What percentage of Canadian exports go to the U.S.?,5,newspaper_The Globe and Mail - 2025-1-8@magazinesclubnew_page_018_p18_c3,"newspaper_The Globe and Mail - 2025-1-8@magazinesclubnew_page_018_p18_c3,newspaper_The Globe and Mail - 2025-1-8@magazinesclubnew_page_018_p18_c1,newspaper_The Globe and Mail - 2025-1-8@magazinesclubnew_page_018_p18_c6,newspaper_The Globe and Mail - 2025-1-8@magazinesclubnew_page_018_p18_c0,newspaper_The Globe and Mail - 2025-1-8@magazinesclubnew_page_018_p18_c5",1,True,1.0
What was the percentage increase in metals and nonmetallic ores exports in November?,1,newspaper_The Globe and Mail - 2025-1-8@magazinesclubnew_page_018_p18_c4,newspaper_The Globe and Mail - 2025-1-8@magazinesclubnew_page_018_p18_c4,1,True,1.0
What was the percentage increase in metals and nonmetallic ores exports in November?,3,newspaper_The Globe and Mail - 2025-1-8@magazinesclubnew_page_018_p18_c4,"newspaper_The Globe and Mail - 2025-1-8@magazinesclubnew_page_018_p18_c4,newspaper_The Globe and Mail - 2025-1-8@magazinesclubnew_page_018_p18_c6,newspaper_The Globe and Mail - 2025-1-8@magazinesclubnew_page_018_p18_c5",1,True,1.0
What was the percentage increase in metals and nonmetallic ores exports in November?,5,newspaper_The Globe and Mail - 2025-1-8@magazinesclubnew_page_018_p18_c4,"newspaper_The Globe and Mail - 2025-1-8@magazinesclubnew_page_018_p18_c4,newspaper_The Globe and Mail - 2025-1-8@magazinesclubnew_page_018_p18_c6,newspaper_The Globe and Mail - 2025-1-8@magazinesclubnew_page_018_p18_c5,newspaper_The Globe and Mail - 2025-1-8@magazinesclubnew_page_018_p18_c1,newspaper_The Globe and Mail - 2025-1-8@magazinesclubnew_page_018_p18_c0",1,True,1.0
What was the percentage increase in aircraft and transportation equipment exports?,1,newspaper_The Globe and Mail - 2025-1-8@magazinesclubnew_page_018_p18_c5,newspaper_The Globe and Mail - 2025-1-8@magazinesclubnew_page_018_p18_c4,0,False,0.0
What was the percentage increase in aircraft and transportation equipment exports?,3,newspaper_The Globe and Mail - 2025-1-8@magazinesclubnew_page_018_p18_c5,"newspaper_The Globe and Mail - 2025-1-8@magazinesclubnew_page_018_p18_c4,newspaper_The Globe and Mail - 2025-1-8@magazinesclubnew_page_018_p18_c5,newspaper_The Globe and Mail - 2025-1-8@magazinesclubnew_page_018_p18_c6",2,True,1.0
What was the percentage increase in aircraft and transportation equipment exports?,5,newspaper_The Globe and Mail - 2025-1-8@magazinesclubnew_page_018_p18_c5,"newspaper_The Globe and Mail - 2025-1-8@magazinesclubnew_page_018_p18_c4,newspaper_The Globe and Mail - 2025-1-8@magazinesclubnew_page_018_p18_c5,newspaper_The Globe and Mail - 2025-1-8@magazinesclubnew_page_018_p18_c6,newspaper_The Globe and Mail - 2025-1-8@magazinesclubnew_page_018_p18_c1,newspaper_The Globe and Mail - 2025-1-8@magazinesclubnew_page_018_p18_c0",2,True,1.0
What percentage of Canadian companies are accelerating shipments to the U.S.?,1,newspaper_The Globe and Mail - 2025-1-8@magazinesclubnew_page_018_p18_c6,newspaper_The Globe and Mail - 2025-1-8@magazinesclubnew_page_018_p18_c6,1,True,1.0
What percentage of Canadian companies are accelerating shipments to the U.S.?,3,newspaper_The Globe and Mail - 2025-1-8@magazinesclubnew_page_018_p18_c6,"newspaper_The Globe and Mail - 2025-1-8@magazinesclubnew_page_018_p18_c6,newspaper_The Globe and Mail - 2025-1-8@magazinesclubnew_page_018_p18_c5,newspaper_The Globe and Mail - 2025-1-8@magazinesclubnew_page_018_p18_c3",1,True,1.0
What percentage of Canadian companies are accelerating shipments to the U.S.?,5,newspaper_The Globe and Mail - 2025-1-8@magazinesclubnew_page_018_p18_c6,"newspaper_The Globe and Mail - 2025-1-8@magazinesclubnew_page_018_p18_c6,newspaper_The Globe and Mail - 2025-1-8@magazinesclubnew_page_018_p18_c5,newspaper_The Globe and Mail - 2025-1-8@magazinesclubnew_page_018_p18_c3,newspaper_The Globe and Mail - 2025-1-8@magazinesclubnew_page_018_p18_c0,newspaper_The Globe and Mail - 2025-1-8@magazinesclubnew_page_018_p18_c1",1,True,1.0
What was the trade deficit between Canada and non-U.S. countries in November?,1,newspaper_The Globe and Mail - 2025-1-8@magazinesclubnew_page_018_p18_c7,newspaper_The Globe and Mail - 2025-1-8@magazinesclubnew_page_018_p18_c7,1,True,1.0
What was the trade deficit between Canada and non-U.S. countries in November?,3,newspaper_The Globe and Mail - 2025-1-8@magazinesclubnew_page_018_p18_c7,"newspaper_The Globe and Mail - 2025-1-8@magazinesclubnew_page_018_p18_c7,newspaper_The Globe and Mail - 2025-1-8@magazinesclubnew_page_018_p18_c1,newspaper_The Globe and Mail - 2025-1-8@magazinesclubnew_page_018_p18_c0",1,True,1.0
What was the trade deficit between Canada and non-U.S. countries in November?,5,newspaper_The Globe and Mail - 2025-1-8@magazinesclubnew_page_018_p18_c7,"newspaper_The Globe and Mail - 2025-1-8@magazinesclubnew_page_018_p18_c7,newspaper_The Globe and Mail - 2025-1-8@magazinesclubnew_page_018_p18_c1,newspaper_The Globe and Mail - 2025-1-8@magazinesclubnew_page_018_p18_c0,newspaper_The Globe and Mail - 2025-1-8@magazinesclubnew_page_018_p18_c2,newspaper_The Globe and Mail - 2025-1-8@magazinesclubnew_page_018_p18_c3",1,True,1.0
What was John Hunkin's role at CIBC?,1,newspaper_The Globe and Mail - 2025-1-8@magazinesclubnew_page_018_p18_c8,newspaper_The Globe and Mail - 2025-1-8@magazinesclubnew_page_018_p18_c8,1,True,1.0
What was John Hunkin's role at CIBC?,3,newspaper_The Globe and Mail - 2025-1-8@magazinesclubnew_page_018_p18_c8,"newspaper_The Globe and Mail - 2025-1-8@magazinesclubnew_page_018_p18_c8,newspaper_The Globe and Mail - 2025-1-8@magazinesclubnew_page_018_p18_c9,newspaper_The Globe and Mail - 2025-1-8@magazinesclubnew_page_018_p18_c7",1,True,1.0
What was John Hunkin's role at CIBC?,5,newspaper_The Globe and Mail - 2025-1-8@magazinesclubnew_page_018_p18_c8,"newspaper_The Globe and Mail - 2025-1-8@magazinesclubnew_page_018_p18_c8,newspaper_The Globe and Mail - 2025-1-8@magazinesclubnew_page_018_p18_c9,newspaper_The Globe and Mail - 2025-1-8@magazinesclubnew_page_018_p18_c7,newspaper_The Globe and Mail - 2025-1-8@magazinesclubnew_page_018_p18_c13,newspaper_The Globe and Mail - 2025-1-8@magazinesclubnew_page_018_p18_c14",1,True,1.0
What did Mr. Hunkin oversee during his tenure as CEO?,1,newspaper_The Globe and Mail - 2025-1-8@magazinesclubnew_page_018_p18_c9,newspaper_The Globe and Mail - 2025-1-8@magazinesclubnew_page_018_p18_c9,1,True,1.0
What did Mr. Hunkin oversee during his tenure as CEO?,3,newspaper_The Globe and Mail - 2025-1-8@magazinesclubnew_page_018_p18_c9,"newspaper_The Globe and Mail - 2025-1-8@magazinesclubnew_page_018_p18_c9,newspaper_The Globe and Mail - 2025-1-8@magazinesclubnew_page_018_p18_c8,newspaper_The Globe and Mail - 2025-1-8@magazinesclubnew_page_018_p18_c7",1,True,1.0
What did Mr. Hunkin oversee during his tenure as CEO?,5,newspaper_The Globe and Mail - 2025-1-8@magazinesclubnew_page_018_p18_c9,"newspaper_The Globe and Mail - 2025-1-8@magazinesclubnew_page_018_p18_c9,newspaper_The Globe and Mail - 2025-1-8@magazinesclubnew_page_018_p18_c8,newspaper_The Globe and Mail - 2025-1-8@magazinesclubnew_page_018_p18_c7,newspaper_The Globe and Mail - 2025-1-8@magazinesclubnew_page_018_p18_c15,newspaper_The Globe and Mail - 2025-1-8@magazinesclubnew_page_018_p18_c16",1,True,1.0
What was the amount of the donation Mr. Hunkin helped secure in 2011?,1,newspaper_The Globe and Mail - 2025-1-8@magazinesclubnew_page_018_p18_c10,newspaper_The Globe and Mail - 2025-1-8@magazinesclubnew_page_018_p18_c10,1,True,1.0
What was the amount of the donation Mr. Hunkin helped secure in 2011?,3,newspaper_The Globe and Mail - 2025-1-8@magazinesclubnew_page_018_p18_c10,"newspaper_The Globe and Mail - 2025-1-8@magazinesclubnew_page_018_p18_c10,newspaper_The Globe and Mail - 2025-1-8@magazinesclubnew_page_018_p18_c11,newspaper_The Globe and Mail - 2025-1-8@magazinesclubnew_page_018_p18_c16",1,True,1.0
What was the amount of the donation Mr. Hunkin helped secure in 2011?,5,newspaper_The Globe and Mail - 2025-1-8@magazinesclubnew_page_018_p18_c10,"newspaper_The Globe and Mail - 2025-1-8@magazinesclubnew_page_018_p18_c10,newspaper_The Globe and Mail - 2025-1-8@magazinesclubnew_page_018_p18_c11,newspaper_The Globe and Mail - 2025-1-8@magazinesclubnew_page_018_p18_c16,newspaper_The Globe and Mail - 2025-1-8@magazinesclubnew_page_018_p18_c15,newspaper_The Globe and Mail - 2025-1-8@magazinesclubnew_page_018_p18_c7",1,True,1.0
Which organization did Mr. Hunkin support in Toronto?,1,newspaper_The Globe and Mail - 2025-1-8@magazinesclubnew_page_018_p18_c11,newspaper_The Globe and Mail - 2025-1-8@magazinesclubnew_page_018_p18_c11,1,True,1.0
Which organization did Mr. Hunkin support in Toronto?,3,newspaper_The Globe and Mail - 2025-1-8@magazinesclubnew_page_018_p18_c11,"newspaper_The Globe and Mail - 2025-1-8@magazinesclubnew_page_018_p18_c11,newspaper_The Globe and Mail - 2025-1-8@magazinesclubnew_page_018_p18_c10,newspaper_The Globe and Mail - 2025-1-8@magazinesclubnew_page_018_p18_c15",1,True,1.0
Which organization did Mr. Hunkin support in Toronto?,5,newspaper_The Globe and Mail - 2025-1-8@magazinesclubnew_page_018_p18_c11,"newspaper_The Globe and Mail - 2025-1-8@magazinesclubnew_page_018_p18_c11,newspaper_The Globe and Mail - 2025-1-8@magazinesclubnew_page_018_p18_c10,newspaper_The Globe and Mail - 2025-1-8@magazinesclubnew_page_018_p18_c15,newspaper_The Globe and Mail - 2025-1-8@magazinesclubnew_page_018_p18_c7,newspaper_The Globe and Mail - 2025-1-8@magazinesclubnew_page_018_p18_c14",1,True,1.0
Which bank acquired Wood Gundy after the 1987 market crash?,1,newspaper_The Globe and Mail - 2025-1-8@magazinesclubnew_page_018_p18_c12,newspaper_The Globe and Mail - 2025-1-8@magazinesclubnew_page_018_p18_c12,1,True,1.0
Which bank acquired Wood Gundy after the 1987 market crash?,3,newspaper_The Globe and Mail - 2025-1-8@magazinesclubnew_page_018_p18_c12,"newspaper_The Globe and Mail - 2025-1-8@magazinesclubnew_page_018_p18_c12,newspaper_The Globe and Mail - 2025-1-8@magazinesclubnew_page_018_p18_c13,newspaper_The Globe and Mail - 2025-1-8@magazinesclubnew_page_018_p18_c9",1,True,1.0
Which bank acquired Wood Gundy after the 1987 market crash?,5,newspaper_The Globe and Mail - 2025-1-8@magazinesclubnew_page_018_p18_c12,"newspaper_The Globe and Mail - 2025-1-8@magazinesclubnew_page_018_p18_c12,newspaper_The Globe and Mail - 2025-1-8@magazinesclubnew_page_018_p18_c13,newspaper_The Globe and Mail - 2025-1-8@magazinesclubnew_page_018_p18_c9,newspaper_The Globe and Mail - 2025-1-8@magazinesclubnew_page_018_p18_c15,newspaper_The Wall Street Journal - 2025-01-08@magazinesclubnew_page_018_p18_c0",1,True,1.0
Who said John excelled at building client relationships?,1,newspaper_The Globe and Mail - 2025-1-8@magazinesclubnew_page_018_p18_c13,newspaper_The Globe and Mail - 2025-1-8@magazinesclubnew_page_018_p18_c13,1,True,1.0
Who said John excelled at building client relationships?,3,newspaper_The Globe and Mail - 2025-1-8@magazinesclubnew_page_018_p18_c13,"newspaper_The Globe and Mail - 2025-1-8@magazinesclubnew_page_018_p18_c13,newspaper_The Globe and Mail - 2025-1-8@magazinesclubnew_page_018_p18_c14,newspaper_The Globe and Mail - 2025-1-8@magazinesclubnew_page_018_p18_c8",1,True,1.0
Who said John excelled at building client relationships?,5,newspaper_The Globe and Mail - 2025-1-8@magazinesclubnew_page_018_p18_c13,"newspaper_The Globe and Mail - 2025-1-8@magazinesclubnew_page_018_p18_c13,newspaper_The Globe and Mail - 2025-1-8@magazinesclubnew_page_018_p18_c14,newspaper_The Globe and Mail - 2025-1-8@magazinesclubnew_page_018_p18_c8,newspaper_The Globe and Mail - 2025-1-8@magazinesclubnew_page_018_p18_c9,newspaper_The Globe and Mail - 2025-1-8@magazinesclubnew_page_018_p18_c10",1,True,1.0
Who was head of retail banking when Mr. Hunkin was considered as successor?,1,newspaper_The Globe and Mail - 2025-1-8@magazinesclubnew_page_018_p18_c14,newspaper_The Globe and Mail - 2025-1-8@magazinesclubnew_page_018_p18_c14,1,True,1.0
Who was head of retail banking when Mr. Hunkin was considered as successor?,3,newspaper_The Globe and Mail - 2025-1-8@magazinesclubnew_page_018_p18_c14,"newspaper_The Globe and Mail - 2025-1-8@magazinesclubnew_page_018_p18_c14,newspaper_The Globe and Mail - 2025-1-8@magazinesclubnew_page_018_p18_c15,newspaper_The Globe and Mail - 2025-1-8@magazinesclubnew_page_018_p18_c12",1,True,1.0
Who was head of retail banking when Mr. Hunkin was considered as successor?,5,newspaper_The Globe and Mail - 2025-1-8@magazinesclubnew_page_018_p18_c14,"newspaper_The Globe and Mail - 2025-1-8@magazinesclubnew_page_018_p18_c14,newspaper_The Globe and Mail - 2025-1-8@magazinesclubnew_page_018_p18_c15,newspaper_The Globe and Mail - 2025-1-8@magazinesclubnew_page_018_p18_c12,newspaper_The Globe and Mail - 2025-1-8@magazinesclubnew_page_018_p18_c7,newspaper_The Globe and Mail - 2025-1-8@magazinesclubnew_page_018_p18_c8",1,True,1.0
Who was Mr. Hunkin's successor at CIBC?,1,newspaper_The Globe and Mail - 2025-1-8@magazinesclubnew_page_018_p18_c15,newspaper_The Globe and Mail - 2025-1-8@magazinesclubnew_page_018_p18_c14,0,False,0.0
Who was Mr. Hunkin's successor at CIBC?,3,newspaper_The Globe and Mail - 2025-1-8@magazinesclubnew_page_018_p18_c15,"newspaper_The Globe and Mail - 2025-1-8@magazinesclubnew_page_018_p18_c14,newspaper_The Globe and Mail - 2025-1-8@magazinesclubnew_page_018_p18_c15,newspaper_The Globe and Mail - 2025-1-8@magazinesclubnew_page_018_p18_c12",2,True,1.0
Who was Mr. Hunkin's successor at CIBC?,5,newspaper_The Globe and Mail - 2025-1-8@magazinesclubnew_page_018_p18_c15,"newspaper_The Globe and Mail - 2025-1-8@magazinesclubnew_page_018_p18_c14,newspaper_The Globe and Mail - 2025-1-8@magazinesclubnew_page_018_p18_c15,newspaper_The Globe and Mail - 2025-1-8@magazinesclubnew_page_018_p18_c12,newspaper_The Globe and Mail - 2025-1-8@magazinesclubnew_page_018_p18_c8,newspaper_The Globe and Mail - 2025-1-8@magazinesclubnew_page_018_p18_c16",2,True,1.0
What was the name of Mr. Hunkin's wife?,1,newspaper_The Globe and Mail - 2025-1-8@magazinesclubnew_page_018_p18_c16,newspaper_The Globe and Mail - 2025-1-8@magazinesclubnew_page_018_p18_c16,1,True,1.0
What was the name of Mr. Hunkin's wife?,3,newspaper_The Globe and Mail - 2025-1-8@magazinesclubnew_page_018_p18_c16,"newspaper_The Globe and Mail - 2025-1-8@magazinesclubnew_page_018_p18_c16,newspaper_The Globe and Mail - 2025-1-8@magazinesclubnew_page_018_p18_c15,newspaper_The Globe and Mail - 2025-1-8@magazinesclubnew_page_018_p18_c11",1,True,1.0
What was the name of Mr. Hunkin's wife?,5,newspaper_The Globe and Mail - 2025-1-8@magazinesclubnew_page_018_p18_c16,"newspaper_The Globe and Mail - 2025-1-8@magazinesclubnew_page_018_p18_c16,newspaper_The Globe and Mail - 2025-1-8@magazinesclubnew_page_018_p18_c15,newspaper_The Globe and Mail - 2025-1-8@magazinesclubnew_page_018_p18_c11,newspaper_The Globe and Mail - 2025-1-8@magazinesclubnew_page_018_p18_c10,newspaper_The Globe and Mail - 2025-1-8@magazinesclubnew_page_018_p18_c13",1,True,1.0
Which year was the Canada Health Act passed?,1,newspaper_The Globe and Mail - 2025-1-8@magazinesclubnew_page_018_p18_c17,newspaper_The Globe and Mail - 2025-1-8@magazinesclubnew_page_018_p18_c17,1,True,1.0
Which year was the Canada Health Act passed?,3,newspaper_The Globe and Mail - 2025-1-8@magazinesclubnew_page_018_p18_c17,"newspaper_The Globe and Mail - 2025-1-8@magazinesclubnew_page_018_p18_c17,newspaper_The Globe and Mail - 2025-1-8@magazinesclubnew_page_018_p18_c18,newspaper_The Globe and Mail - 2025-1-8@magazinesclubnew_page_018_p18_c10",1,True,1.0
Which year was the Canada Health Act passed?,5,newspaper_The Globe and Mail - 2025-1-8@magazinesclubnew_page_018_p18_c17,"newspaper_The Globe and Mail - 2025-1-8@magazinesclubnew_page_018_p18_c17,newspaper_The Globe and Mail - 2025-1-8@magazinesclubnew_page_018_p18_c18,newspaper_The Globe and Mail - 2025-1-8@magazinesclubnew_page_018_p18_c10,newspaper_The Globe and Mail - 2025-1-8@magazinesclubnew_page_018_p18_c11,newspaper_The Globe and Mail - 2025-1-8@magazinesclubnew_page_018_p18_c16",1,True,1.0
What happens to providers using out-of-pocket or private pay options?,1,newspaper_The Globe and Mail - 2025-1-8@magazinesclubnew_page_018_p18_c18,newspaper_The Globe and Mail - 2025-1-8@magazinesclubnew_page_018_p18_c22,0,False,0.0
What happens to providers using out-of-pocket or private pay options?,3,newspaper_The Globe and Mail - 2025-1-8@magazinesclubnew_page_018_p18_c18,"newspaper_The Globe and Mail - 2025-1-8@magazinesclubnew_page_018_p18_c22,newspaper_The Globe and Mail - 2025-1-8@magazinesclubnew_page_018_p18_c18,newspaper_The Globe and Mail - 2025-1-8@magazinesclubnew_page_018_p18_c19",2,True,1.0
What happens to providers using out-of-pocket or private pay options?,5,newspaper_The Globe and Mail - 2025-1-8@magazinesclubnew_page_018_p18_c18,"newspaper_The Globe and Mail - 2025-1-8@magazinesclubnew_page_018_p18_c22,newspaper_The Globe and Mail - 2025-1-8@magazinesclubnew_page_018_p18_c18,newspaper_The Globe and Mail - 2025-1-8@magazinesclubnew_page_018_p18_c19,newspaper_The Globe and Mail - 2025-1-8@magazinesclubnew_page_018_p18_c21,newspaper_The Globe and Mail - 2025-1-8@magazinesclubnew_page_018_p18_c16",2,True,1.0
What is the main effect of the private pay options on the public system?,1,newspaper_The Globe and Mail - 2025-1-8@magazinesclubnew_page_018_p18_c19,newspaper_The Globe and Mail - 2025-1-8@magazinesclubnew_page_018_p18_c22,0,False,0.0
What is the main effect of the private pay options on the public system?,3,newspaper_The Globe and Mail - 2025-1-8@magazinesclubnew_page_018_p18_c19,"newspaper_The Globe and Mail - 2025-1-8@magazinesclubnew_page_018_p18_c22,newspaper_The Globe and Mail - 2025-1-8@magazinesclubnew_page_018_p18_c21,newspaper_The Globe and Mail - 2025-1-8@magazinesclubnew_page_018_p18_c19",3,True,1.0
What is the main effect of the private pay options on the public system?,5,newspaper_The Globe and Mail - 2025-1-8@magazinesclubnew_page_018_p18_c19,"newspaper_The Globe and Mail - 2025-1-8@magazinesclubnew_page_018_p18_c22,newspaper_The Globe and Mail - 2025-1-8@magazinesclubnew_page_018_p18_c21,newspaper_The Globe and Mail - 2025-1-8@magazinesclubnew_page_018_p18_c19,newspaper_The Globe and Mail - 2025-1-8@magazinesclubnew_page_018_p18_c18,newspaper_The Globe and Mail - 2025-1-8@magazinesclubnew_page_018_p18_c20",3,True,1.0
What did Brett Belchetz say about user fees for accessing health care providers?,1,newspaper_The Globe and Mail - 2025-1-8@magazinesclubnew_page_018_p18_c20,newspaper_The Globe and Mail - 2025-1-8@magazinesclubnew_page_018_p18_c20,1,True,1.0
What did Brett Belchetz say about user fees for accessing health care providers?,3,newspaper_The Globe and Mail - 2025-1-8@magazinesclubnew_page_018_p18_c20,"newspaper_The Globe and Mail - 2025-1-8@magazinesclubnew_page_018_p18_c20,newspaper_The Globe and Mail - 2025-1-8@magazinesclubnew_page_018_p18_c21,newspaper_The Globe and Mail - 2025-1-8@magazinesclubnew_page_018_p18_c22",1,True,1.0
What did Brett Belchetz say about user fees for accessing health care providers?,5,newspaper_The Globe and Mail - 2025-1-8@magazinesclubnew_page_018_p18_c20,"newspaper_The Globe and Mail - 2025-1-8@magazinesclubnew_page_018_p18_c20,newspaper_The Globe and Mail - 2025-1-8@magazinesclubnew_page_018_p18_c21,newspaper_The Globe and Mail - 2025-1-8@magazinesclubnew_page_018_p18_c22,newspaper_The Globe and Mail - 2025-1-8@magazinesclubnew_page_018_p18_c17,newspaper_The Globe and Mail - 2025-1-8@magazinesclubnew_page_018_p18_c23",1,True,1.0
What is the main concern of the Canadian Medical Association regarding private providers?,1,newspaper_The Globe and Mail - 2025-1-8@magazinesclubnew_page_018_p18_c21,newspaper_The Globe and Mail - 2025-1-8@magazinesclubnew_page_018_p18_c21,1,True,1.0
What is the main concern of the Canadian Medical Association regarding private providers?,3,newspaper_The Globe and Mail - 2025-1-8@magazinesclubnew_page_018_p18_c21,"newspaper_The Globe and Mail - 2025-1-8@magazinesclubnew_page_018_p18_c21,newspaper_The Globe and Mail - 2025-1-8@magazinesclubnew_page_018_p18_c19,newspaper_The Globe and Mail - 2025-1-8@magazinesclubnew_page_018_p18_c20",1,True,1.0
What is the main concern of the Canadian Medical Association regarding private providers?,5,newspaper_The Globe and Mail - 2025-1-8@magazinesclubnew_page_018_p18_c21,"newspaper_The Globe and Mail - 2025-1-8@magazinesclubnew_page_018_p18_c21,newspaper_The Globe and Mail - 2025-1-8@magazinesclubnew_page_018_p18_c19,newspaper_The Globe and Mail - 2025-1-8@magazinesclubnew_page_018_p18_c20,newspaper_The Globe and Mail - 2025-1-8@magazinesclubnew_page_018_p18_c16,newspaper_The Globe and Mail - 2025-1-8@magazinesclubnew_page_018_p18_c18",1,True,1.0
What is the effect of providers using out-of-pocket or private pay options according to Dr. Reimer?,1,newspaper_The Globe and Mail - 2025-1-8@magazinesclubnew_page_018_p18_c22,newspaper_The Globe and Mail - 2025-1-8@magazinesclubnew_page_018_p18_c22,1,True,1.0
What is the effect of providers using out-of-pocket or private pay options according to Dr. Reimer?,3,newspaper_The Globe and Mail - 2025-1-8@magazinesclubnew_page_018_p18_c22,"newspaper_The Globe and Mail - 2025-1-8@magazinesclubnew_page_018_p18_c22,newspaper_The Globe and Mail - 2025-1-8@magazinesclubnew_page_018_p18_c19,newspaper_The Globe and Mail - 2025-1-8@magazinesclubnew_page_018_p18_c21",1,True,1.0
What is the effect of providers using out-of-pocket or private pay options according to Dr. Reimer?,5,newspaper_The Globe and Mail - 2025-1-8@magazinesclubnew_page_018_p18_c22,"newspaper_The Globe and Mail - 2025-1-8@magazinesclubnew_page_018_p18_c22,newspaper_The Globe and Mail - 2025-1-8@magazinesclubnew_page_018_p18_c19,newspaper_The Globe and Mail - 2025-1-8@magazinesclubnew_page_018_p18_c21,newspaper_The Globe and Mail - 2025-1-8@magazinesclubnew_page_018_p18_c18,newspaper_The Globe and Mail - 2025-1-8@magazinesclubnew_page_018_p18_c16",1,True,1.0
What was the recommendation made by Ontario Health Minister Sylvia Jones in her letter?,1,newspaper_The Globe and Mail - 2025-1-8@magazinesclubnew_page_018_p18_c23,newspaper_The Globe and Mail - 2025-1-8@magazinesclubnew_page_018_p18_c23,1,True,1.0
What was the recommendation made by Ontario Health Minister Sylvia Jones in her letter?,3,newspaper_The Globe and Mail - 2025-1-8@magazinesclubnew_page_018_p18_c23,"newspaper_The Globe and Mail - 2025-1-8@magazinesclubnew_page_018_p18_c23,newspaper_The Globe and Mail - 2025-1-8@magazinesclubnew_page_018_p18_c22,newspaper_The Globe and Mail - 2025-1-8@magazinesclubnew_page_018_p18_c16",1,True,1.0
What was the recommendation made by Ontario Health Minister Sylvia Jones in her letter?,5,newspaper_The Globe and Mail - 2025-1-8@magazinesclubnew_page_018_p18_c23,"newspaper_The Globe and Mail - 2025-1-8@magazinesclubnew_page_018_p18_c23,newspaper_The Globe and Mail - 2025-1-8@magazinesclubnew_page_018_p18_c22,newspaper_The Globe and Mail - 2025-1-8@magazinesclubnew_page_018_p18_c16,newspaper_The Globe and Mail - 2025-1-8@magazinesclubnew_page_018_p18_c19,newspaper_The Globe and Mail - 2025-1-8@magazinesclubnew_page_018_p18_c17",1,True,1.0
喜欢吃梨的小朋友比喜欢吃苹果的多几人？,1,jiaocaineedrop_jiaocai_needrop_en_3937_p3937_c0,jiaocaineedrop_jiaocai_needrop_en_3937_p3937_c1,0,False,0.0
喜欢吃梨的小朋友比喜欢吃苹果的多几人？,3,jiaocaineedrop_jiaocai_needrop_en_3937_p3937_c0,"jiaocaineedrop_jiaocai_needrop_en_3937_p3937_c1,jiaocaineedrop_jiaocai_needrop_en_3937_p3937_c0,jiaocaineedrop_jiaocai_needrop_en_1836_p1836_c1",2,True,1.0
喜欢吃梨的小朋友比喜欢吃苹果的多几人？,5,jiaocaineedrop_jiaocai_needrop_en_3937_p3937_c0,"jiaocaineedrop_jiaocai_needrop_en_3937_p3937_c1,jiaocaineedrop_jiaocai_needrop_en_3937_p3937_c0,jiaocaineedrop_jiaocai_needrop_en_1836_p1836_c1,jiaocaineedrop_jiaocai_needrop_en_1836_p1836_c2,jiaocaineedrop_jiaocai_needrop_en_3274_p3274_c1",2,True,1.0
喜欢吃香蕉的比喜欢吃苹果的多几人？,1,jiaocaineedrop_jiaocai_needrop_en_3937_p3937_c1,jiaocaineedrop_jiaocai_needrop_en_3937_p3937_c1,1,True,1.0
喜欢吃香蕉的比喜欢吃苹果的多几人？,3,jiaocaineedrop_jiaocai_needrop_en_3937_p3937_c1,"jiaocaineedrop_jiaocai_needrop_en_3937_p3937_c1,jiaocaineedrop_jiaocai_needrop_en_3937_p3937_c0,jiaocaineedrop_jiaocai_needrop_en_3274_p3274_c0",1,True,1.0
喜欢吃香蕉的比喜欢吃苹果的多几人？,5,jiaocaineedrop_jiaocai_needrop_en_3937_p3937_c1,"jiaocaineedrop_jiaocai_needrop_en_3937_p3937_c1,jiaocaineedrop_jiaocai_needrop_en_3937_p3937_c0,jiaocaineedrop_jiaocai_needrop_en_3274_p3274_c0,newspaper_35bdaa11dec104ccbdc9e19ac8527d21_1_p1_c2,newspaper_The Wall Street Journal - 2025-01-08@magazinesclubnew_page_018_p18_c2",1,True,1.0
What was the incubation time for the PAE/PDGFRβ cells in the right panels?,1,docstructbench_llm-raw-scihub-o.O-ijc.22999.pdf_3_p3_c0,docstructbench_llm-raw-scihub-o.O-ijc.22999.pdf_3_p3_c0,1,True,1.0
What was the incubation time for the PAE/PDGFRβ cells in the right panels?,3,docstructbench_llm-raw-scihub-o.O-ijc.22999.pdf_3_p3_c0,"docstructbench_llm-raw-scihub-o.O-ijc.22999.pdf_3_p3_c0,docstructbench_llm-raw-scihub-o.O-ijc.22999.pdf_3_p3_c4,docstructbench_llm-raw-scihub-o.O-ijc.22999.pdf_3_p3_c1",1,True,1.0
What was the incubation time for the PAE/PDGFRβ cells in the right panels?,5,docstructbench_llm-raw-scihub-o.O-ijc.22999.pdf_3_p3_c0,"docstructbench_llm-raw-scihub-o.O-ijc.22999.pdf_3_p3_c0,docstructbench_llm-raw-scihub-o.O-ijc.22999.pdf_3_p3_c4,docstructbench_llm-raw-scihub-o.O-ijc.22999.pdf_3_p3_c1,docstructbench_llm-raw-scihub-o.O-ijc.22999.pdf_3_p3_c5,docstructbench_llm-raw-scihub-o.O-ijc.22999.pdf_3_p3_c3",1,True,1.0
What was the duration of treatment for mice bearing B16/PDGF-BB tumors?,1,docstructbench_llm-raw-scihub-o.O-ijc.22999.pdf_3_p3_c1,docstructbench_llm-raw-scihub-o.O-ijc.22999.pdf_3_p3_c1,1,True,1.0
What was the duration of treatment for mice bearing B16/PDGF-BB tumors?,3,docstructbench_llm-raw-scihub-o.O-ijc.22999.pdf_3_p3_c1,"docstructbench_llm-raw-scihub-o.O-ijc.22999.pdf_3_p3_c1,docstructbench_llm-raw-scihub-o.O-ijc.22999.pdf_3_p3_c2,docstructbench_llm-raw-scihub-o.O-ijc.22999.pdf_3_p3_c0",1,True,1.0
What was the duration of treatment for mice bearing B16/PDGF-BB tumors?,5,docstructbench_llm-raw-scihub-o.O-ijc.22999.pdf_3_p3_c1,"docstructbench_llm-raw-scihub-o.O-ijc.22999.pdf_3_p3_c1,docstructbench_llm-raw-scihub-o.O-ijc.22999.pdf_3_p3_c2,docstructbench_llm-raw-scihub-o.O-ijc.22999.pdf_3_p3_c0,docstructbench_llm-raw-scihub-o.O-ijc.22999.pdf_3_p3_c5,docstructbench_llm-raw-scihub-o.O-ijc.22999.pdf_3_p3_c3",1,True,1.0
What was the treatment duration for mice with B16/PDGF-BB tumors?,1,docstructbench_llm-raw-scihub-o.O-ijc.22999.pdf_3_p3_c2,docstructbench_llm-raw-scihub-o.O-ijc.22999.pdf_3_p3_c1,0,False,0.0
What was the treatment duration for mice with B16/PDGF-BB tumors?,3,docstructbench_llm-raw-scihub-o.O-ijc.22999.pdf_3_p3_c2,"docstructbench_llm-raw-scihub-o.O-ijc.22999.pdf_3_p3_c1,docstructbench_llm-raw-scihub-o.O-ijc.22999.pdf_3_p3_c2,docstructbench_llm-raw-scihub-o.O-ijc.22999.pdf_3_p3_c0",2,True,1.0
What was the treatment duration for mice with B16/PDGF-BB tumors?,5,docstructbench_llm-raw-scihub-o.O-ijc.22999.pdf_3_p3_c2,"docstructbench_llm-raw-scihub-o.O-ijc.22999.pdf_3_p3_c1,docstructbench_llm-raw-scihub-o.O-ijc.22999.pdf_3_p3_c2,docstructbench_llm-raw-scihub-o.O-ijc.22999.pdf_3_p3_c0,docstructbench_llm-raw-scihub-o.O-ijc.22999.pdf_3_p3_c5,docstructbench_llm-raw-scihub-o.O-ijc.22999.pdf_3_p3_c3",2,True,1.0
What was used as a negative control for immunoprecipitation?,1,docstructbench_llm-raw-scihub-o.O-ijc.22999.pdf_3_p3_c3,docstructbench_llm-raw-scihub-o.O-ijc.22999.pdf_3_p3_c3,1,True,1.0
What was used as a negative control for immunoprecipitation?,3,docstructbench_llm-raw-scihub-o.O-ijc.22999.pdf_3_p3_c3,"docstructbench_llm-raw-scihub-o.O-ijc.22999.pdf_3_p3_c3,docstructbench_llm-raw-scihub-o.O-j.ab.2007.11.016.pdf_5_p5_c1,docstructbench_llm-raw-scihub-o.O-j.ab.2007.11.016.pdf_5_p5_c2",1,True,1.0
What was used as a negative control for immunoprecipitation?,5,docstructbench_llm-raw-scihub-o.O-ijc.22999.pdf_3_p3_c3,"docstructbench_llm-raw-scihub-o.O-ijc.22999.pdf_3_p3_c3,docstructbench_llm-raw-scihub-o.O-j.ab.2007.11.016.pdf_5_p5_c1,docstructbench_llm-raw-scihub-o.O-j.ab.2007.11.016.pdf_5_p5_c2,docstructbench_llm-raw-scihub-o.O-j.chroma.2005.05.085.pdf_4_p4_c8,scihub_s00586-010-1656-7.pdf_3_p3_c5",1,True,1.0
What was the minimum amount of PDGF-BB released into the conditioned medium by the B16/PDGF-BB cells after 2 days?,1,docstructbench_llm-raw-scihub-o.O-ijc.22999.pdf_3_p3_c4,docstructbench_llm-raw-scihub-o.O-ijc.22999.pdf_3_p3_c5,0,False,0.0
What was the minimum amount of PDGF-BB released into the conditioned medium by the B16/PDGF-BB cells after 2 days?,3,docstructbench_llm-raw-scihub-o.O-ijc.22999.pdf_3_p3_c4,"docstructbench_llm-raw-scihub-o.O-ijc.22999.pdf_3_p3_c5,docstructbench_llm-raw-scihub-o.O-ijc.22999.pdf_3_p3_c4,docstructbench_llm-raw-scihub-o.O-ijc.22999.pdf_3_p3_c1",2,True,1.0
What was the minimum amount of PDGF-BB released into the conditioned medium by the B16/PDGF-BB cells after 2 days?,5,docstructbench_llm-raw-scihub-o.O-ijc.22999.pdf_3_p3_c4,"docstructbench_llm-raw-scihub-o.O-ijc.22999.pdf_3_p3_c5,docstructbench_llm-raw-scihub-o.O-ijc.22999.pdf_3_p3_c4,docstructbench_llm-raw-scihub-o.O-ijc.22999.pdf_3_p3_c1,docstructbench_llm-raw-scihub-o.O-ijc.22999.pdf_3_p3_c0,docstructbench_llm-raw-scihub-o.O-ijc.22999.pdf_3_p3_c2",2,True,1.0
What is the minimum amount of PDGF-BB released by the cells?,1,docstructbench_llm-raw-scihub-o.O-ijc.22999.pdf_3_p3_c5,docstructbench_llm-raw-scihub-o.O-ijc.22999.pdf_3_p3_c5,1,True,1.0
What is the minimum amount of PDGF-BB released by the cells?,3,docstructbench_llm-raw-scihub-o.O-ijc.22999.pdf_3_p3_c5,"docstructbench_llm-raw-scihub-o.O-ijc.22999.pdf_3_p3_c5,docstructbench_llm-raw-scihub-o.O-ijc.22999.pdf_3_p3_c4,docstructbench_llm-raw-scihub-o.O-ijc.22999.pdf_3_p3_c1",1,True,1.0
What is the minimum amount of PDGF-BB released by the cells?,5,docstructbench_llm-raw-scihub-o.O-ijc.22999.pdf_3_p3_c5,"docstructbench_llm-raw-scihub-o.O-ijc.22999.pdf_3_p3_c5,docstructbench_llm-raw-scihub-o.O-ijc.22999.pdf_3_p3_c4,docstructbench_llm-raw-scihub-o.O-ijc.22999.pdf_3_p3_c1,docstructbench_llm-raw-scihub-o.O-ijc.22999.pdf_3_p3_c3,docstructbench_llm-raw-scihub-o.O-ijc.22999.pdf_3_p3_c0",1,True,1.0
增额终身寿险在低利率环境下的优势是什么？,1,eastmoney_f671ab94bf8b8274d6736f1a3dc775b3b74fa68686df2946aa5307b6b2a32062.pdf_18_p18_c0,eastmoney_f671ab94bf8b8274d6736f1a3dc775b3b74fa68686df2946aa5307b6b2a32062.pdf_18_p18_c0,1,True,1.0
增额终身寿险在低利率环境下的优势是什么？,3,eastmoney_f671ab94bf8b8274d6736f1a3dc775b3b74fa68686df2946aa5307b6b2a32062.pdf_18_p18_c0,"eastmoney_f671ab94bf8b8274d6736f1a3dc775b3b74fa68686df2946aa5307b6b2a32062.pdf_18_p18_c0,eastmoney_e42b6e1cd2d48113ff4db8854e539d828d632bf9b1757e10cb8ddb2cfc7b1393.pdf_12_p12_c2,eastmoney_f671ab94bf8b8274d6736f1a3dc775b3b74fa68686df2946aa5307b6b2a32062.pdf_18_p18_c1",1,True,1.0
增额终身寿险在低利率环境下的优势是什么？,5,eastmoney_f671ab94bf8b8274d6736f1a3dc775b3b74fa68686df2946aa5307b6b2a32062.pdf_18_p18_c0,"eastmoney_f671ab94bf8b8274d6736f1a3dc775b3b74fa68686df2946aa5307b6b2a32062.pdf_18_p18_c0,eastmoney_e42b6e1cd2d48113ff4db8854e539d828d632bf9b1757e10cb8ddb2cfc7b1393.pdf_12_p12_c2,eastmoney_f671ab94bf8b8274d6736f1a3dc775b3b74fa68686df2946aa5307b6b2a32062.pdf_18_p18_c1,yanbaopptmerge_ee19df4a08e3d07ac1190446f5b3dd3f25438c661b87cf4fbb9040ac5fac443b.pdf_1_p1_c2,eastmoney_f671ab94bf8b8274d6736f1a3dc775b3b74fa68686df2946aa5307b6b2a32062.pdf_18_p18_c2",1,True,1.0
线上线下结合的服务包含哪些内容？,1,eastmoney_f671ab94bf8b8274d6736f1a3dc775b3b74fa68686df2946aa5307b6b2a32062.pdf_18_p18_c2,eastmoney_f671ab94bf8b8274d6736f1a3dc775b3b74fa68686df2946aa5307b6b2a32062.pdf_18_p18_c2,1,True,1.0
线上线下结合的服务包含哪些内容？,3,eastmoney_f671ab94bf8b8274d6736f1a3dc775b3b74fa68686df2946aa5307b6b2a32062.pdf_18_p18_c2,"eastmoney_f671ab94bf8b8274d6736f1a3dc775b3b74fa68686df2946aa5307b6b2a32062.pdf_18_p18_c2,eastmoney_f671ab94bf8b8274d6736f1a3dc775b3b74fa68686df2946aa5307b6b2a32062.pdf_18_p18_c1,yanbaor2_7f386f737cb55cffa10c8321a94bd38d7169cd69b3b253b9e2e502c12a68feea.pdf_15_p15_c0",1,True,1.0
线上线下结合的服务包含哪些内容？,5,eastmoney_f671ab94bf8b8274d6736f1a3dc775b3b74fa68686df2946aa5307b6b2a32062.pdf_18_p18_c2,"eastmoney_f671ab94bf8b8274d6736f1a3dc775b3b74fa68686df2946aa5307b6b2a32062.pdf_18_p18_c2,eastmoney_f671ab94bf8b8274d6736f1a3dc775b3b74fa68686df2946aa5307b6b2a32062.pdf_18_p18_c1,yanbaor2_7f386f737cb55cffa10c8321a94bd38d7169cd69b3b253b9e2e502c12a68feea.pdf_15_p15_c0,newspaper_35bdaa11dec104ccbdc9e19ac8527d21_1_p1_c9,newspaper_35bdaa11dec104ccbdc9e19ac8527d21_1_p1_c8",1,True,1.0
通电螺线管的磁性如何分布？,1,jiaocaineedrop_jiaocai_needrop_en_3738_p3738_c0,jiaocaineedrop_jiaocai_needrop_en_3738_p3738_c0,1,True,1.0
通电螺线管的磁性如何分布？,3,jiaocaineedrop_jiaocai_needrop_en_3738_p3738_c0,"jiaocaineedrop_jiaocai_needrop_en_3738_p3738_c0,jiaocaineedrop_jiaocai_needrop_en_3738_p3738_c1,book_zh_CNASGL0092018_extracted_page_69_p69_c1",1,True,1.0
通电螺线管的磁性如何分布？,5,jiaocaineedrop_jiaocai_needrop_en_3738_p3738_c0,"jiaocaineedrop_jiaocai_needrop_en_3738_p3738_c0,jiaocaineedrop_jiaocai_needrop_en_3738_p3738_c1,book_zh_CNASGL0092018_extracted_page_69_p69_c1,book_zh_CNASGL0092018_extracted_page_69_p69_c0,book_zh_TB100782001_extracted_page_21_p21_c1",1,True,1.0
导体在磁场中运动时什么情况下电流计指针会偏转？,1,jiaocaineedrop_jiaocai_needrop_en_3738_p3738_c1,jiaocaineedrop_jiaocai_needrop_en_3738_p3738_c1,1,True,1.0
导体在磁场中运动时什么情况下电流计指针会偏转？,3,jiaocaineedrop_jiaocai_needrop_en_3738_p3738_c1,"jiaocaineedrop_jiaocai_needrop_en_3738_p3738_c1,jiaocaineedrop_jiaocai_needrop_en_3738_p3738_c0,book_zh_CNASGL0092018_extracted_page_69_p69_c1",1,True,1.0
导体在磁场中运动时什么情况下电流计指针会偏转？,5,jiaocaineedrop_jiaocai_needrop_en_3738_p3738_c1,"jiaocaineedrop_jiaocai_needrop_en_3738_p3738_c1,jiaocaineedrop_jiaocai_needrop_en_3738_p3738_c0,book_zh_CNASGL0092018_extracted_page_69_p69_c1,jiaocaineedrop_jiaocai_needrop_en_3738_p3738_c3,docstructbench_dianzishu_zhongwenzaixian-o.O-60403612.pdf_179_p179_c0",1,True,1.0
变化的电流会产生什么现象？,1,jiaocaineedrop_jiaocai_needrop_en_3738_p3738_c3,jiaocaineedrop_jiaocai_needrop_en_3738_p3738_c3,1,True,1.0
变化的电流会产生什么现象？,3,jiaocaineedrop_jiaocai_needrop_en_3738_p3738_c3,"jiaocaineedrop_jiaocai_needrop_en_3738_p3738_c3,jiaocaineedrop_jiaocai_needrop_en_3738_p3738_c1,jiaocaineedrop_jiaocai_needrop_en_887_p887_c0",1,True,1.0
变化的电流会产生什么现象？,5,jiaocaineedrop_jiaocai_needrop_en_3738_p3738_c3,"jiaocaineedrop_jiaocai_needrop_en_3738_p3738_c3,jiaocaineedrop_jiaocai_needrop_en_3738_p3738_c1,jiaocaineedrop_jiaocai_needrop_en_887_p887_c0,jiaocaineedrop_jiaocai_needrop_en_3738_p3738_c0,docstructbench_dianzishu_zhongwenzaixian-o.O-61465568.pdf_186_p186_c0",1,True,1.0
What advice is given for turning off the TV and computer?,1,color_textbook_zhonggaokao_小学_13.人教新起点英语（4-5年级）_人教新起点五年级英语下册_课本_人教新起点英语5B电子课本_page_011_p11_c0,color_textbook_zhonggaokao_小学_13.人教新起点英语（4-5年级）_人教新起点五年级英语下册_课本_人教新起点英语5B电子课本_page_011_p11_c0,1,True,1.0
What advice is given for turning off the TV and computer?,3,color_textbook_zhonggaokao_小学_13.人教新起点英语（4-5年级）_人教新起点五年级英语下册_课本_人教新起点英语5B电子课本_page_011_p11_c0,"color_textbook_zhonggaokao_小学_13.人教新起点英语（4-5年级）_人教新起点五年级英语下册_课本_人教新起点英语5B电子课本_page_011_p11_c0,color_textbook_zhonggaokao_小学_13.人教新起点英语（4-5年级）_人教新起点五年级英语下册_课本_人教新起点英语5B电子课本_page_011_p11_c1,jiaocaineedrop_jiaocai_needrop_en_453_p453_c1",1,True,1.0
What advice is given for turning off the TV and computer?,5,color_textbook_zhonggaokao_小学_13.人教新起点英语（4-5年级）_人教新起点五年级英语下册_课本_人教新起点英语5B电子课本_page_011_p11_c0,"color_textbook_zhonggaokao_小学_13.人教新起点英语（4-5年级）_人教新起点五年级英语下册_课本_人教新起点英语5B电子课本_page_011_p11_c0,color_textbook_zhonggaokao_小学_13.人教新起点英语（4-5年级）_人教新起点五年级英语下册_课本_人教新起点英语5B电子课本_page_011_p11_c1,jiaocaineedrop_jiaocai_needrop_en_453_p453_c1,newspaper_b95d1d8eb0d756cc94a5d8b5db3cf69b_1_p1_c5,newspaper_35bdaa11dec104ccbdc9e19ac8527d21_1_p1_c9",1,True,1.0
What time should Worried go to bed according to Linda's advice?,1,color_textbook_zhonggaokao_小学_13.人教新起点英语（4-5年级）_人教新起点五年级英语下册_课本_人教新起点英语5B电子课本_page_011_p11_c1,color_textbook_zhonggaokao_小学_13.人教新起点英语（4-5年级）_人教新起点五年级英语下册_课本_人教新起点英语5B电子课本_page_011_p11_c1,1,True,1.0
What time should Worried go to bed according to Linda's advice?,3,color_textbook_zhonggaokao_小学_13.人教新起点英语（4-5年级）_人教新起点五年级英语下册_课本_人教新起点英语5B电子课本_page_011_p11_c1,"color_textbook_zhonggaokao_小学_13.人教新起点英语（4-5年级）_人教新起点五年级英语下册_课本_人教新起点英语5B电子课本_page_011_p11_c1,color_textbook_zhonggaokao_小学_13.人教新起点英语（4-5年级）_人教新起点五年级英语下册_课本_人教新起点英语5B电子课本_page_011_p11_c0,jiaocaineedrop_jiaocai_needrop_en_453_p453_c1",1,True,1.0
What time should Worried go to bed according to Linda's advice?,5,color_textbook_zhonggaokao_小学_13.人教新起点英语（4-5年级）_人教新起点五年级英语下册_课本_人教新起点英语5B电子课本_page_011_p11_c1,"color_textbook_zhonggaokao_小学_13.人教新起点英语（4-5年级）_人教新起点五年级英语下册_课本_人教新起点英语5B电子课本_page_011_p11_c1,color_textbook_zhonggaokao_小学_13.人教新起点英语（4-5年级）_人教新起点五年级英语下册_课本_人教新起点英语5B电子课本_page_011_p11_c0,jiaocaineedrop_jiaocai_needrop_en_453_p453_c1,newspaper_The Globe and Mail - 2025-1-8@magazinesclubnew_page_014_p14_c9,jiaocaineedrop_jiaocai_needrop_en_961_p961_c0",1,True,1.0
What did the Palestinian man urge Joe Sacco to write about?,1,magazine_TheEconomist.2024.03.02_page_075_p75_c0,magazine_TheEconomist.2024.03.02_page_075_p75_c0,1,True,1.0
What did the Palestinian man urge Joe Sacco to write about?,3,magazine_TheEconomist.2024.03.02_page_075_p75_c0,"magazine_TheEconomist.2024.03.02_page_075_p75_c0,magazine_TheEconomist.2024.03.02_page_075_p75_c1,magazine_TheEconomist.2024.03.02_page_075_p75_c5",1,True,1.0
What did the Palestinian man urge Joe Sacco to write about?,5,magazine_TheEconomist.2024.03.02_page_075_p75_c0,"magazine_TheEconomist.2024.03.02_page_075_p75_c0,magazine_TheEconomist.2024.03.02_page_075_p75_c1,magazine_TheEconomist.2024.03.02_page_075_p75_c5,magazine_TheEconomist.2024.03.02_page_075_p75_c3,magazine_TheEconomist.2024.03.02_page_075_p75_c6",1,True,1.0
What is the title of Mr Sacco's graphic novel?,1,magazine_TheEconomist.2024.03.02_page_075_p75_c1,magazine_TheEconomist.2024.03.02_page_075_p75_c1,1,True,1.0
What is the title of Mr Sacco's graphic novel?,3,magazine_TheEconomist.2024.03.02_page_075_p75_c1,"magazine_TheEconomist.2024.03.02_page_075_p75_c1,magazine_TheEconomist.2024.03.02_page_075_p75_c0,magazine_TheEconomist.2024.03.02_page_075_p75_c5",1,True,1.0
What is the title of Mr Sacco's graphic novel?,5,magazine_TheEconomist.2024.03.02_page_075_p75_c1,"magazine_TheEconomist.2024.03.02_page_075_p75_c1,magazine_TheEconomist.2024.03.02_page_075_p75_c0,magazine_TheEconomist.2024.03.02_page_075_p75_c5,magazine_TheEconomist.2024.03.02_page_075_p75_c3,magazine_TheEconomist.2024.03.02_page_075_p75_c6",1,True,1.0
What event caused a surge in interest for the comic book 'Palestine'?,1,magazine_TheEconomist.2024.03.02_page_075_p75_c2,magazine_TheEconomist.2024.03.02_page_075_p75_c2,1,True,1.0
What event caused a surge in interest for the comic book 'Palestine'?,3,magazine_TheEconomist.2024.03.02_page_075_p75_c2,"magazine_TheEconomist.2024.03.02_page_075_p75_c2,magazine_TheEconomist.2024.03.02_page_075_p75_c0,magazine_TheEconomist.2024.03.02_page_075_p75_c3",1,True,1.0
What event caused a surge in interest for the comic book 'Palestine'?,5,magazine_TheEconomist.2024.03.02_page_075_p75_c2,"magazine_TheEconomist.2024.03.02_page_075_p75_c2,magazine_TheEconomist.2024.03.02_page_075_p75_c0,magazine_TheEconomist.2024.03.02_page_075_p75_c3,magazine_TheEconomist.2024.03.02_page_075_p75_c1,magazine_TheEconomist.2024.03.02_page_075_p75_c5",1,True,1.0
What event is depicted in the cartoons described in the fragment?,1,magazine_TheEconomist.2024.03.02_page_075_p75_c3,magazine_TheEconomist.2024.03.02_page_075_p75_c3,1,True,1.0
What event is depicted in the cartoons described in the fragment?,3,magazine_TheEconomist.2024.03.02_page_075_p75_c3,"magazine_TheEconomist.2024.03.02_page_075_p75_c3,jiaocaineedrop_jiaocai_needrop_en_453_p453_c1,magazine_TheEconomist.2024.03.02_page_075_p75_c1",1,True,1.0
What event is depicted in the cartoons described in the fragment?,5,magazine_TheEconomist.2024.03.02_page_075_p75_c3,"magazine_TheEconomist.2024.03.02_page_075_p75_c3,jiaocaineedrop_jiaocai_needrop_en_453_p453_c1,magazine_TheEconomist.2024.03.02_page_075_p75_c1,magazine_TheEconomist.2024.03.02_page_075_p75_c5,magazine_TheEconomist.2024.03.02_page_075_p75_c4",1,True,1.0
Where does Mr Sacco currently reside?,1,magazine_TheEconomist.2024.03.02_page_075_p75_c4,magazine_TheEconomist.2024.03.02_page_075_p75_c4,1,True,1.0
Where does Mr Sacco currently reside?,3,magazine_TheEconomist.2024.03.02_page_075_p75_c4,"magazine_TheEconomist.2024.03.02_page_075_p75_c4,magazine_TheEconomist.2024.03.02_page_075_p75_c5,magazine_TheEconomist.2024.03.02_page_075_p75_c0",1,True,1.0
Where does Mr Sacco currently reside?,5,magazine_TheEconomist.2024.03.02_page_075_p75_c4,"magazine_TheEconomist.2024.03.02_page_075_p75_c4,magazine_TheEconomist.2024.03.02_page_075_p75_c5,magazine_TheEconomist.2024.03.02_page_075_p75_c0,magazine_TheEconomist.2024.03.02_page_075_p75_c1,magazine_TheEconomist.2024.03.02_page_075_p75_c6",1,True,1.0
What does the old man in Jenin say about the situation?,1,magazine_TheEconomist.2024.03.02_page_075_p75_c5,magazine_TheEconomist.2024.03.02_page_075_p75_c5,1,True,1.0
What does the old man in Jenin say about the situation?,3,magazine_TheEconomist.2024.03.02_page_075_p75_c5,"magazine_TheEconomist.2024.03.02_page_075_p75_c5,magazine_TheEconomist.2024.03.02_page_075_p75_c6,magazine_TheEconomist.2024.03.02_page_075_p75_c3",1,True,1.0
What does the old man in Jenin say about the situation?,5,magazine_TheEconomist.2024.03.02_page_075_p75_c5,"magazine_TheEconomist.2024.03.02_page_075_p75_c5,magazine_TheEconomist.2024.03.02_page_075_p75_c6,magazine_TheEconomist.2024.03.02_page_075_p75_c3,magazine_TheEconomist.2024.03.02_page_075_p75_c4,magazine_TheEconomist.2024.03.02_page_075_p75_c0",1,True,1.0
What does Mr Sacco wonder aloud about the peace process?,1,magazine_TheEconomist.2024.03.02_page_075_p75_c6,magazine_TheEconomist.2024.03.02_page_075_p75_c6,1,True,1.0
What does Mr Sacco wonder aloud about the peace process?,3,magazine_TheEconomist.2024.03.02_page_075_p75_c6,"magazine_TheEconomist.2024.03.02_page_075_p75_c6,magazine_TheEconomist.2024.03.02_page_075_p75_c0,magazine_TheEconomist.2024.03.02_page_075_p75_c5",1,True,1.0
What does Mr Sacco wonder aloud about the peace process?,5,magazine_TheEconomist.2024.03.02_page_075_p75_c6,"magazine_TheEconomist.2024.03.02_page_075_p75_c6,magazine_TheEconomist.2024.03.02_page_075_p75_c0,magazine_TheEconomist.2024.03.02_page_075_p75_c5,magazine_TheEconomist.2024.03.02_page_075_p75_c4,magazine_TheEconomist.2024.03.02_page_075_p75_c1",1,True,1.0
What was the title of Neil MacGregor's bestseller?,1,magazine_TheEconomist.2024.03.02_page_075_p75_c7,magazine_TheEconomist.2024.03.02_page_075_p75_c7,1,True,1.0
What was the title of Neil MacGregor's bestseller?,3,magazine_TheEconomist.2024.03.02_page_075_p75_c7,"magazine_TheEconomist.2024.03.02_page_075_p75_c7,magazine_TheEconomist.2024.03.02_page_075_p75_c8,jiaocaineedrop_unit2t03.pdf_63_p63_c0",1,True,1.0
What was the title of Neil MacGregor's bestseller?,5,magazine_TheEconomist.2024.03.02_page_075_p75_c7,"magazine_TheEconomist.2024.03.02_page_075_p75_c7,magazine_TheEconomist.2024.03.02_page_075_p75_c8,jiaocaineedrop_unit2t03.pdf_63_p63_c0,jiaocaineedrop_unit2t03.pdf_63_p63_c4,magazine_TheEconomist.2024.03.02_page_075_p75_c2",1,True,1.0
What did Neil MacGregor highlight from the British Museum's collection?,1,magazine_TheEconomist.2024.03.02_page_075_p75_c8,magazine_TheEconomist.2024.03.02_page_075_p75_c8,1,True,1.0
What did Neil MacGregor highlight from the British Museum's collection?,3,magazine_TheEconomist.2024.03.02_page_075_p75_c8,"magazine_TheEconomist.2024.03.02_page_075_p75_c8,magazine_TheEconomist.2024.03.02_page_075_p75_c7,color_textbook_教材全解1+1二年级上册英语上海牛津版_page_067_p67_c2",1,True,1.0
What did Neil MacGregor highlight from the British Museum's collection?,5,magazine_TheEconomist.2024.03.02_page_075_p75_c8,"magazine_TheEconomist.2024.03.02_page_075_p75_c8,magazine_TheEconomist.2024.03.02_page_075_p75_c7,color_textbook_教材全解1+1二年级上册英语上海牛津版_page_067_p67_c2,color_textbook_教材全解1+1二年级上册英语上海牛津版_page_067_p67_c1,newspaper_The Globe and Mail - 2025-1-8@magazinesclubnew_page_014_p14_c11",1,True,1.0
What is the page number for Unit 1 in the document?,1,color_textbook_zhonggaokao_小学_13.人教新起点英语（4-5年级）_人教新起点四年级英语上册_课本_人教新起点英语4A电子课本_page_091_p91_c0,color_textbook_zhonggaokao_小学_13.人教新起点英语（4-5年级）_人教新起点四年级英语上册_课本_人教新起点英语4A电子课本_page_091_p91_c0,1,True,1.0
What is the page number for Unit 1 in the document?,3,color_textbook_zhonggaokao_小学_13.人教新起点英语（4-5年级）_人教新起点四年级英语上册_课本_人教新起点英语4A电子课本_page_091_p91_c0,"color_textbook_zhonggaokao_小学_13.人教新起点英语（4-5年级）_人教新起点四年级英语上册_课本_人教新起点英语4A电子课本_page_091_p91_c0,color_textbook_教材全解1+1二年级上册英语上海牛津版_page_067_p67_c1,book_zh_CNASGL0092018_extracted_page_73_p73_c0",1,True,1.0
What is the page number for Unit 1 in the document?,5,color_textbook_zhonggaokao_小学_13.人教新起点英语（4-5年级）_人教新起点四年级英语上册_课本_人教新起点英语4A电子课本_page_091_p91_c0,"color_textbook_zhonggaokao_小学_13.人教新起点英语（4-5年级）_人教新起点四年级英语上册_课本_人教新起点英语4A电子课本_page_091_p91_c0,color_textbook_教材全解1+1二年级上册英语上海牛津版_page_067_p67_c1,book_zh_CNASGL0092018_extracted_page_73_p73_c0,jiaocaineedrop_jiaocai_needrop_en_3274_p3274_c0,PPT_BaharMartonosi_page_006_p6_c0",1,True,1.0
What is the main reason they can't go to the zoo today?,1,jiaocaineedrop_jiaocai_needrop_en_961_p961_c0,jiaocaineedrop_jiaocai_needrop_en_961_p961_c0,1,True,1.0
What is the main reason they can't go to the zoo today?,3,jiaocaineedrop_jiaocai_needrop_en_961_p961_c0,"jiaocaineedrop_jiaocai_needrop_en_961_p961_c0,newspaper_b95d1d8eb0d756cc94a5d8b5db3cf69b_1_p1_c5,newspaper_Daily Mirror 2025-1-8@magazinesclubnew_page_058_p58_c5",1,True,1.0
What is the main reason they can't go to the zoo today?,5,jiaocaineedrop_jiaocai_needrop_en_961_p961_c0,"jiaocaineedrop_jiaocai_needrop_en_961_p961_c0,newspaper_b95d1d8eb0d756cc94a5d8b5db3cf69b_1_p1_c5,newspaper_Daily Mirror 2025-1-8@magazinesclubnew_page_058_p58_c5,jiaocaineedrop_jiaocai_needrop_en_453_p453_c1,yanbaopptmerge_yanbaoPPT_495_p495_c0",1,True,1.0
Who won the first place in the 'Super Girl' singing competition?,1,jiaocaineedrop_jiaocai_needrop_en_453_p453_c0,jiaocaineedrop_jiaocai_needrop_en_453_p453_c0,1,True,1.0
Who won the first place in the 'Super Girl' singing competition?,3,jiaocaineedrop_jiaocai_needrop_en_453_p453_c0,"jiaocaineedrop_jiaocai_needrop_en_453_p453_c0,newspaper_The Globe and Mail - 2025-1-8@magazinesclubnew_page_014_p14_c16,newspaper_The Wall Street Journal - 2025-01-08@magazinesclubnew_page_018_p18_c3",1,True,1.0
Who won the first place in the 'Super Girl' singing competition?,5,jiaocaineedrop_jiaocai_needrop_en_453_p453_c0,"jiaocaineedrop_jiaocai_needrop_en_453_p453_c0,newspaper_The Globe and Mail - 2025-1-8@magazinesclubnew_page_014_p14_c16,newspaper_The Wall Street Journal - 2025-01-08@magazinesclubnew_page_018_p18_c3,newspaper_The Wall Street Journal - 2025-01-08@magazinesclubnew_page_018_p18_c2,newspaper_The Globe and Mail - 2025-1-8@magazinesclubnew_page_014_p14_c13",1,True,1.0
What is the correct form of the verb in question 33?,1,jiaocaineedrop_jiaocai_needrop_en_453_p453_c1,jiaocaineedrop_jiaocai_needrop_en_453_p453_c1,1,True,1.0
What is the correct form of the verb in question 33?,3,jiaocaineedrop_jiaocai_needrop_en_453_p453_c1,"jiaocaineedrop_jiaocai_needrop_en_453_p453_c1,exam_paper_2004-2019上海高考英语听力原文和答案_page_017_p17_c0,newspaper_The Globe and Mail - 2025-1-8@magazinesclubnew_page_014_p14_c22",1,True,1.0
What is the correct form of the verb in question 33?,5,jiaocaineedrop_jiaocai_needrop_en_453_p453_c1,"jiaocaineedrop_jiaocai_needrop_en_453_p453_c1,exam_paper_2004-2019上海高考英语听力原文和答案_page_017_p17_c0,newspaper_The Globe and Mail - 2025-1-8@magazinesclubnew_page_014_p14_c22,notes_f7f010b78016aeebd76e56d9283eb67f_72_p72_c0,notes_f7f010b78016aeebd76e56d9283eb67f_72_p72_c1",1,True,1.0
What is the correct question for the given answer?,1,jiaocaineedrop_jiaocai_needrop_en_453_p453_c2,jiaocaineedrop_Chapter9.pdf_46_p46_c0,0,False,0.0
What is the correct question for the given answer?,3,jiaocaineedrop_jiaocai_needrop_en_453_p453_c2,"jiaocaineedrop_Chapter9.pdf_46_p46_c0,exam_paper_2004-2019上海高考英语听力原文和答案_page_017_p17_c2,exam_paper_2004-2019上海高考英语听力原文和答案_page_017_p17_c0",0,False,0.0
What is the correct question for the given answer?,5,jiaocaineedrop_jiaocai_needrop_en_453_p453_c2,"jiaocaineedrop_Chapter9.pdf_46_p46_c0,exam_paper_2004-2019上海高考英语听力原文和答案_page_017_p17_c2,exam_paper_2004-2019上海高考英语听力原文和答案_page_017_p17_c0,jiaocaineedrop_jiaocai_needrop_en_1836_p1836_c1,jiaocaineedrop_jiaocai_needrop_en_377_p377_c6",0,False,0.0
What year and age were written in the hymnbook?,1,jiaocaineedrop_jiaocai_needrop_en_453_p453_c3,jiaocaineedrop_jiaocai_needrop_en_453_p453_c3,1,True,1.0
What year and age were written in the hymnbook?,3,jiaocaineedrop_jiaocai_needrop_en_453_p453_c3,"jiaocaineedrop_jiaocai_needrop_en_453_p453_c3,jiaocaineedrop_unit2t03.pdf_63_p63_c4,jiaocaineedrop_unit2t03.pdf_63_p63_c1",1,True,1.0
What year and age were written in the hymnbook?,5,jiaocaineedrop_jiaocai_needrop_en_453_p453_c3,"jiaocaineedrop_jiaocai_needrop_en_453_p453_c3,jiaocaineedrop_unit2t03.pdf_63_p63_c4,jiaocaineedrop_unit2t03.pdf_63_p63_c1,jiaocaineedrop_jiaocai_needrop_en_453_p453_c4,newspaper_The Globe and Mail - 2025-1-8@magazinesclubnew_page_014_p14_c14",1,True,1.0
What age was John in 1959 according to the entry?,1,jiaocaineedrop_jiaocai_needrop_en_453_p453_c4,jiaocaineedrop_jiaocai_needrop_en_453_p453_c4,1,True,1.0
What age was John in 1959 according to the entry?,3,jiaocaineedrop_jiaocai_needrop_en_453_p453_c4,"jiaocaineedrop_jiaocai_needrop_en_453_p453_c4,jiaocaineedrop_jiaocai_needrop_en_453_p453_c3,newspaper_The Globe and Mail - 2025-1-8@magazinesclubnew_page_018_p18_c8",1,True,1.0
What age was John in 1959 according to the entry?,5,jiaocaineedrop_jiaocai_needrop_en_453_p453_c4,"jiaocaineedrop_jiaocai_needrop_en_453_p453_c4,jiaocaineedrop_jiaocai_needrop_en_453_p453_c3,newspaper_The Globe and Mail - 2025-1-8@magazinesclubnew_page_018_p18_c8,newspaper_The Globe and Mail - 2025-1-8@magazinesclubnew_page_014_p14_c14,jiaocaineedrop_unit2t03.pdf_63_p63_c3",1,True,1.0
哪些动物属于脊椎动物亚门？,1,yanbaopptmerge_yanbaoPPT_725_p725_c0,yanbaopptmerge_yanbaoPPT_725_p725_c0,1,True,1.0
哪些动物属于脊椎动物亚门？,3,yanbaopptmerge_yanbaoPPT_725_p725_c0,"yanbaopptmerge_yanbaoPPT_725_p725_c0,jiaocaineedrop_jiaocai_needrop_en_1836_p1836_c2,docstructbench_dianzishu_zhongwenzaixian-o.O-61523162.pdf_276_p276_c3",1,True,1.0
哪些动物属于脊椎动物亚门？,5,yanbaopptmerge_yanbaoPPT_725_p725_c0,"yanbaopptmerge_yanbaoPPT_725_p725_c0,jiaocaineedrop_jiaocai_needrop_en_1836_p1836_c2,docstructbench_dianzishu_zhongwenzaixian-o.O-61523162.pdf_276_p276_c3,color_textbook_zhonggaokao_小学_KET听说读写逐项突破_KET听说读写逐项突破之轻松搞定KET写作25分 【10讲 褚连一】_第10讲第十课写作Part9小作文练习_第十课写作Part9小作文练习_page_010_p10_c2,color_textbook_zhonggaokao_小学_KET听说读写逐项突破_KET听说读写逐项突破之轻松搞定KET写作25分 【10讲 褚连一】_第10讲第十课写作Part9小作文练习_第十课写作Part9小作文练习_page_010_p10_c3",1,True,1.0
What fraction represents the portion of time Natalie spent washing dishes?,1,jiaocaineedrop_Chapter9.pdf_46_p46_c1,jiaocaineedrop_Chapter9.pdf_46_p46_c1,1,True,1.0
What fraction represents the portion of time Natalie spent washing dishes?,3,jiaocaineedrop_Chapter9.pdf_46_p46_c1,"jiaocaineedrop_Chapter9.pdf_46_p46_c1,jiaocaineedrop_Chapter9.pdf_46_p46_c0,jiaocaineedrop_Chapter9.pdf_46_p46_c2",1,True,1.0
What fraction represents the portion of time Natalie spent washing dishes?,5,jiaocaineedrop_Chapter9.pdf_46_p46_c1,"jiaocaineedrop_Chapter9.pdf_46_p46_c1,jiaocaineedrop_Chapter9.pdf_46_p46_c0,jiaocaineedrop_Chapter9.pdf_46_p46_c2,jiaocaineedrop_jiaocai_needrop_en_2884_p2884_c1,exam_paper_2004-2019上海高考英语听力原文和答案_page_017_p17_c0",1,True,1.0
What is the prime factor of the composite number 32?,1,jiaocaineedrop_Chapter9.pdf_46_p46_c2,jiaocaineedrop_Chapter9.pdf_46_p46_c1,0,False,0.0
What is the prime factor of the composite number 32?,3,jiaocaineedrop_Chapter9.pdf_46_p46_c2,"jiaocaineedrop_Chapter9.pdf_46_p46_c1,jiaocaineedrop_Chapter9.pdf_46_p46_c2,docstructbench_dianzishu_zhongwenzaixian-o.O-60403612.pdf_179_p179_c2",2,True,1.0
What is the prime factor of the composite number 32?,5,jiaocaineedrop_Chapter9.pdf_46_p46_c2,"jiaocaineedrop_Chapter9.pdf_46_p46_c1,jiaocaineedrop_Chapter9.pdf_46_p46_c2,docstructbench_dianzishu_zhongwenzaixian-o.O-60403612.pdf_179_p179_c2,jiaocaineedrop_jiaocai_needrop_en_2518_p2518_c1,book_en_国外数学教材-非数学专业教材-线性代数-Gilbert Strang—Linear Algebra and Its Applications 4e_0035_p35_c1",2,True,1.0
What is the approximate area under the curve using 4 rectangles?,1,PPT_fundamental_theorem_of_calculus___page_002_p2_c0,PPT_fundamental_theorem_of_calculus___page_002_p2_c0,1,True,1.0
What is the approximate area under the curve using 4 rectangles?,3,PPT_fundamental_theorem_of_calculus___page_002_p2_c0,"PPT_fundamental_theorem_of_calculus___page_002_p2_c0,exam_paper_en-file-putnam-archive_2007_Solutions_2007s_page_001_p1_c8,jiaocaineedrop_jiaocai_needrop_en_2893_p2893_c1",1,True,1.0
What is the approximate area under the curve using 4 rectangles?,5,PPT_fundamental_theorem_of_calculus___page_002_p2_c0,"PPT_fundamental_theorem_of_calculus___page_002_p2_c0,exam_paper_en-file-putnam-archive_2007_Solutions_2007s_page_001_p1_c8,jiaocaineedrop_jiaocai_needrop_en_2893_p2893_c1,exam_paper_en-file-putnam-archive_2000_Solutions_2000s_page_001_p1_c4,jiaocaineedrop_jiaocai_needrop_en_1564_p1564_c6",1,True,1.0
上海大都市的辐射意义是什么？,1,notes_1ba14cb325bc448f7201b20502ecf2b5_118_p118_c0,notes_1ba14cb325bc448f7201b20502ecf2b5_118_p118_c0,1,True,1.0
上海大都市的辐射意义是什么？,3,notes_1ba14cb325bc448f7201b20502ecf2b5_118_p118_c0,"notes_1ba14cb325bc448f7201b20502ecf2b5_118_p118_c0,eastmoney_dcf347592d4160dffacffdf00a9c39aa75cf9859205a7543c283d1df8bb14f90.pdf_1_p1_c3,yanbaopptmerge_baa6d02928efcac46ccf7dfd3859de565cfb0bea918ae0ec0eed50944a7c20b4.pdf_11_p11_c1",1,True,1.0
上海大都市的辐射意义是什么？,5,notes_1ba14cb325bc448f7201b20502ecf2b5_118_p118_c0,"notes_1ba14cb325bc448f7201b20502ecf2b5_118_p118_c0,eastmoney_dcf347592d4160dffacffdf00a9c39aa75cf9859205a7543c283d1df8bb14f90.pdf_1_p1_c3,yanbaopptmerge_baa6d02928efcac46ccf7dfd3859de565cfb0bea918ae0ec0eed50944a7c20b4.pdf_11_p11_c1,jiaocaineedrop_jiaocai_needrop_en_1118_p1118_c0,newspaper_The Globe and Mail - 2025-1-8@magazinesclubnew_page_014_p14_c5",1,True,1.0
Which company has a total market value of 649 billion yuan?,1,yanbaopptmerge_2f4902871606698497c53ccb18d3fec2f83d05047d883cd65bbce26bfb27bcd2.pdf_1_p1_c0,newspaper_The Wall Street Journal - 2025-01-08@magazinesclubnew_page_018_p18_c0,0,False,0.0
Which company has a total market value of 649 billion yuan?,3,yanbaopptmerge_2f4902871606698497c53ccb18d3fec2f83d05047d883cd65bbce26bfb27bcd2.pdf_1_p1_c0,"newspaper_The Wall Street Journal - 2025-01-08@magazinesclubnew_page_018_p18_c0,yanbaopptmerge_2f4902871606698497c53ccb18d3fec2f83d05047d883cd65bbce26bfb27bcd2.pdf_1_p1_c0,magazine_TheEconomist.2024.03.09_page_064_p64_c2",2,True,1.0
Which company has a total market value of 649 billion yuan?,5,yanbaopptmerge_2f4902871606698497c53ccb18d3fec2f83d05047d883cd65bbce26bfb27bcd2.pdf_1_p1_c0,"newspaper_The Wall Street Journal - 2025-01-08@magazinesclubnew_page_018_p18_c0,yanbaopptmerge_2f4902871606698497c53ccb18d3fec2f83d05047d883cd65bbce26bfb27bcd2.pdf_1_p1_c0,magazine_TheEconomist.2024.03.09_page_064_p64_c2,yanbaopptmerge_2f4902871606698497c53ccb18d3fec2f83d05047d883cd65bbce26bfb27bcd2.pdf_1_p1_c1,magazine_TheEconomist.2024.03.09_page_064_p64_c9",2,True,1.0
Which stock has a price of 125.60?,1,yanbaopptmerge_2f4902871606698497c53ccb18d3fec2f83d05047d883cd65bbce26bfb27bcd2.pdf_1_p1_c3,yanbaopptmerge_2f4902871606698497c53ccb18d3fec2f83d05047d883cd65bbce26bfb27bcd2.pdf_1_p1_c3,1,True,1.0
Which stock has a price of 125.60?,3,yanbaopptmerge_2f4902871606698497c53ccb18d3fec2f83d05047d883cd65bbce26bfb27bcd2.pdf_1_p1_c3,"yanbaopptmerge_2f4902871606698497c53ccb18d3fec2f83d05047d883cd65bbce26bfb27bcd2.pdf_1_p1_c3,yanbaopptmerge_2f4902871606698497c53ccb18d3fec2f83d05047d883cd65bbce26bfb27bcd2.pdf_1_p1_c1,newspaper_The Wall Street Journal - 2025-01-08@magazinesclubnew_page_018_p18_c0",1,True,1.0
Which stock has a price of 125.60?,5,yanbaopptmerge_2f4902871606698497c53ccb18d3fec2f83d05047d883cd65bbce26bfb27bcd2.pdf_1_p1_c3,"yanbaopptmerge_2f4902871606698497c53ccb18d3fec2f83d05047d883cd65bbce26bfb27bcd2.pdf_1_p1_c3,yanbaopptmerge_2f4902871606698497c53ccb18d3fec2f83d05047d883cd65bbce26bfb27bcd2.pdf_1_p1_c1,newspaper_The Wall Street Journal - 2025-01-08@magazinesclubnew_page_018_p18_c0,yanbaopptmerge_2f4902871606698497c53ccb18d3fec2f83d05047d883cd65bbce26bfb27bcd2.pdf_1_p1_c2,yanbaopptmerge_2f4902871606698497c53ccb18d3fec2f83d05047d883cd65bbce26bfb27bcd2.pdf_1_p1_c0",1,True,1.0
盐附子的表面特征是什么？,1,docstructbench_dianzishu_zhongwenzaixian-o.O-61570552.pdf_129_p129_c0,docstructbench_dianzishu_zhongwenzaixian-o.O-61570552.pdf_129_p129_c0,1,True,1.0
盐附子的表面特征是什么？,3,docstructbench_dianzishu_zhongwenzaixian-o.O-61570552.pdf_129_p129_c0,"docstructbench_dianzishu_zhongwenzaixian-o.O-61570552.pdf_129_p129_c0,docstructbench_dianzishu_zhongwenzaixian-o.O-61570552.pdf_129_p129_c1,jiaocaineedrop_c2-ma-11-q-11-cl.pdf_2_p2_c0",1,True,1.0
盐附子的表面特征是什么？,5,docstructbench_dianzishu_zhongwenzaixian-o.O-61570552.pdf_129_p129_c0,"docstructbench_dianzishu_zhongwenzaixian-o.O-61570552.pdf_129_p129_c0,docstructbench_dianzishu_zhongwenzaixian-o.O-61570552.pdf_129_p129_c1,jiaocaineedrop_c2-ma-11-q-11-cl.pdf_2_p2_c0,jiaocaineedrop_jiaocai_needrop_en_1836_p1836_c2,jiaocaineedrop_jiaocai_needrop_en_2193_p2193_c0",1,True,1.0
干姜的采收加工方法是什么？,1,docstructbench_dianzishu_zhongwenzaixian-o.O-61570552.pdf_129_p129_c1,docstructbench_dianzishu_zhongwenzaixian-o.O-61570552.pdf_129_p129_c1,1,True,1.0
干姜的采收加工方法是什么？,3,docstructbench_dianzishu_zhongwenzaixian-o.O-61570552.pdf_129_p129_c1,"docstructbench_dianzishu_zhongwenzaixian-o.O-61570552.pdf_129_p129_c1,docstructbench_dianzishu_zhongwenzaixian-o.O-61570552.pdf_129_p129_c0,newspaper_35bdaa11dec104ccbdc9e19ac8527d21_1_p1_c6",1,True,1.0
干姜的采收加工方法是什么？,5,docstructbench_dianzishu_zhongwenzaixian-o.O-61570552.pdf_129_p129_c1,"docstructbench_dianzishu_zhongwenzaixian-o.O-61570552.pdf_129_p129_c1,docstructbench_dianzishu_zhongwenzaixian-o.O-61570552.pdf_129_p129_c0,newspaper_35bdaa11dec104ccbdc9e19ac8527d21_1_p1_c6,newspaper_2c69e142b52dbb30cac2cb11d3eb25e5_1_p1_c7,docstructbench_llm-raw-scihub-o.O-j.chroma.2005.05.085.pdf_4_p4_c8",1,True,1.0
What did Lula claim about the situation in Gaza during his press conference in Addis Ababa?,1,magazine_TheEconomist.2024.03.02_page_028_p28_c0,magazine_TheEconomist.2024.03.02_page_028_p28_c0,1,True,1.0
What did Lula claim about the situation in Gaza during his press conference in Addis Ababa?,3,magazine_TheEconomist.2024.03.02_page_028_p28_c0,"magazine_TheEconomist.2024.03.02_page_028_p28_c0,magazine_TheEconomist.2024.03.02_page_028_p28_c1,magazine_TheEconomist.2024.03.02_page_028_p28_c2",1,True,1.0
What did Lula claim about the situation in Gaza during his press conference in Addis Ababa?,5,magazine_TheEconomist.2024.03.02_page_028_p28_c0,"magazine_TheEconomist.2024.03.02_page_028_p28_c0,magazine_TheEconomist.2024.03.02_page_028_p28_c1,magazine_TheEconomist.2024.03.02_page_028_p28_c2,magazine_TheEconomist.2024.03.02_page_028_p28_c4,magazine_TheEconomist.2024.03.02_page_028_p28_c3",1,True,1.0
What did Hamas call Lula's comments?,1,magazine_TheEconomist.2024.03.02_page_028_p28_c1,magazine_TheEconomist.2024.03.02_page_028_p28_c1,1,True,1.0
What did Hamas call Lula's comments?,3,magazine_TheEconomist.2024.03.02_page_028_p28_c1,"magazine_TheEconomist.2024.03.02_page_028_p28_c1,magazine_TheEconomist.2024.03.02_page_028_p28_c0,magazine_TheEconomist.2024.03.02_page_028_p28_c2",1,True,1.0
What did Hamas call Lula's comments?,5,magazine_TheEconomist.2024.03.02_page_028_p28_c1,"magazine_TheEconomist.2024.03.02_page_028_p28_c1,magazine_TheEconomist.2024.03.02_page_028_p28_c0,magazine_TheEconomist.2024.03.02_page_028_p28_c2,magazine_TheEconomist.2024.03.02_page_028_p28_c3,magazine_TheEconomist.2023.12.23_page_012_p12_c0",1,True,1.0
What did Lula say about Mr Putin attending the G20 summit?,1,magazine_TheEconomist.2024.03.02_page_028_p28_c2,magazine_TheEconomist.2024.03.02_page_028_p28_c2,1,True,1.0
What did Lula say about Mr Putin attending the G20 summit?,3,magazine_TheEconomist.2024.03.02_page_028_p28_c2,"magazine_TheEconomist.2024.03.02_page_028_p28_c2,magazine_TheEconomist.2024.03.02_page_028_p28_c1,magazine_TheEconomist.2023.12.23_page_012_p12_c0",1,True,1.0
What did Lula say about Mr Putin attending the G20 summit?,5,magazine_TheEconomist.2024.03.02_page_028_p28_c2,"magazine_TheEconomist.2024.03.02_page_028_p28_c2,magazine_TheEconomist.2024.03.02_page_028_p28_c1,magazine_TheEconomist.2023.12.23_page_012_p12_c0,magazine_TheEconomist.2024.03.02_page_028_p28_c0,magazine_TheEconomist.2024.03.02_page_028_p28_c3",1,True,1.0
What event did Mr Bolsonaro's supporters attempt to overturn?,1,magazine_TheEconomist.2024.03.02_page_028_p28_c3,magazine_TheEconomist.2024.03.02_page_028_p28_c3,1,True,1.0
What event did Mr Bolsonaro's supporters attempt to overturn?,3,magazine_TheEconomist.2024.03.02_page_028_p28_c3,"magazine_TheEconomist.2024.03.02_page_028_p28_c3,magazine_TheEconomist.2024.03.02_page_028_p28_c4,magazine_TheEconomist.2024.03.02_page_028_p28_c2",1,True,1.0
What event did Mr Bolsonaro's supporters attempt to overturn?,5,magazine_TheEconomist.2024.03.02_page_028_p28_c3,"magazine_TheEconomist.2024.03.02_page_028_p28_c3,magazine_TheEconomist.2024.03.02_page_028_p28_c4,magazine_TheEconomist.2024.03.02_page_028_p28_c2,magazine_TheEconomist.2024.03.02_page_028_p28_c0,newspaper_The Globe and Mail - 2025-1-8@magazinesclubnew_page_014_p14_c3",1,True,1.0
What does Lula want Brazil to be?,1,magazine_TheEconomist.2024.03.02_page_028_p28_c4,magazine_TheEconomist.2024.03.02_page_028_p28_c4,1,True,1.0
What does Lula want Brazil to be?,3,magazine_TheEconomist.2024.03.02_page_028_p28_c4,"magazine_TheEconomist.2024.03.02_page_028_p28_c4,magazine_TheEconomist.2024.03.02_page_028_p28_c0,magazine_TheEconomist.2024.03.02_page_028_p28_c2",1,True,1.0
What does Lula want Brazil to be?,5,magazine_TheEconomist.2024.03.02_page_028_p28_c4,"magazine_TheEconomist.2024.03.02_page_028_p28_c4,magazine_TheEconomist.2024.03.02_page_028_p28_c0,magazine_TheEconomist.2024.03.02_page_028_p28_c2,newspaper_b95d1d8eb0d756cc94a5d8b5db3cf69b_1_p1_c6,magazine_TheEconomist.2023.12.23_page_012_p12_c0",1,True,1.0
Which former Honduran president is on trial for drug trafficking?,1,magazine_TheEconomist.2024.03.02_page_028_p28_c5,magazine_TheEconomist.2024.03.02_page_028_p28_c5,1,True,1.0
Which former Honduran president is on trial for drug trafficking?,3,magazine_TheEconomist.2024.03.02_page_028_p28_c5,"magazine_TheEconomist.2024.03.02_page_028_p28_c5,magazine_TheEconomist.2024.03.02_page_028_p28_c6,magazine_TheEconomist.2024.03.02_page_028_p28_c10",1,True,1.0
Which former Honduran president is on trial for drug trafficking?,5,magazine_TheEconomist.2024.03.02_page_028_p28_c5,"magazine_TheEconomist.2024.03.02_page_028_p28_c5,magazine_TheEconomist.2024.03.02_page_028_p28_c6,magazine_TheEconomist.2024.03.02_page_028_p28_c10,magazine_TheEconomist.2024.03.02_page_028_p28_c8,magazine_TheEconomist.2024.03.02_page_028_p28_c11",1,True,1.0
What did federal prosecutors claim about Mr Hernández's support for the United States' efforts to curb drug trafficking?,1,magazine_TheEconomist.2024.03.02_page_028_p28_c6,magazine_TheEconomist.2024.03.02_page_028_p28_c6,1,True,1.0
What did federal prosecutors claim about Mr Hernández's support for the United States' efforts to curb drug trafficking?,3,magazine_TheEconomist.2024.03.02_page_028_p28_c6,"magazine_TheEconomist.2024.03.02_page_028_p28_c6,magazine_TheEconomist.2024.03.02_page_028_p28_c5,magazine_TheEconomist.2024.03.02_page_028_p28_c11",1,True,1.0
What did federal prosecutors claim about Mr Hernández's support for the United States' efforts to curb drug trafficking?,5,magazine_TheEconomist.2024.03.02_page_028_p28_c6,"magazine_TheEconomist.2024.03.02_page_028_p28_c6,magazine_TheEconomist.2024.03.02_page_028_p28_c5,magazine_TheEconomist.2024.03.02_page_028_p28_c11,magazine_TheEconomist.2024.03.02_page_028_p28_c8,magazine_TheEconomist.2024.03.02_page_028_p28_c9",1,True,1.0
Who was hailed as a 'Supercop' before being arrested?,1,magazine_TheEconomist.2024.03.02_page_028_p28_c7,magazine_TheEconomist.2024.03.02_page_028_p28_c8,0,False,0.0
Who was hailed as a 'Supercop' before being arrested?,3,magazine_TheEconomist.2024.03.02_page_028_p28_c7,"magazine_TheEconomist.2024.03.02_page_028_p28_c8,magazine_TheEconomist.2024.03.02_page_028_p28_c7,magazine_TheEconomist.2024.03.02_page_028_p28_c2",2,True,1.0
Who was hailed as a 'Supercop' before being arrested?,5,magazine_TheEconomist.2024.03.02_page_028_p28_c7,"magazine_TheEconomist.2024.03.02_page_028_p28_c8,magazine_TheEconomist.2024.03.02_page_028_p28_c7,magazine_TheEconomist.2024.03.02_page_028_p28_c2,magazine_TheEconomist.2024.03.02_page_028_p28_c3,magazine_TheEconomist.2024.03.09_page_064_p64_c0",2,True,1.0
What policy did President Andrés Manuel López Obrador adopt to reduce Mexico's homicide rate?,1,magazine_TheEconomist.2024.03.02_page_028_p28_c8,magazine_TheEconomist.2024.03.02_page_028_p28_c8,1,True,1.0
What policy did President Andrés Manuel López Obrador adopt to reduce Mexico's homicide rate?,3,magazine_TheEconomist.2024.03.02_page_028_p28_c8,"magazine_TheEconomist.2024.03.02_page_028_p28_c8,magazine_TheEconomist.2024.03.02_page_028_p28_c9,magazine_TheEconomist.2024.03.02_page_028_p28_c7",1,True,1.0
What policy did President Andrés Manuel López Obrador adopt to reduce Mexico's homicide rate?,5,magazine_TheEconomist.2024.03.02_page_028_p28_c8,"magazine_TheEconomist.2024.03.02_page_028_p28_c8,magazine_TheEconomist.2024.03.02_page_028_p28_c9,magazine_TheEconomist.2024.03.02_page_028_p28_c7,magazine_TheEconomist.2024.03.02_page_028_p28_c3,magazine_TheEconomist.2024.03.02_page_028_p28_c6",1,True,1.0
What did Mr López Obrador accuse the DEA of doing in Mexico?,1,magazine_TheEconomist.2024.03.02_page_028_p28_c9,magazine_TheEconomist.2024.03.02_page_028_p28_c9,1,True,1.0
What did Mr López Obrador accuse the DEA of doing in Mexico?,3,magazine_TheEconomist.2024.03.02_page_028_p28_c9,"magazine_TheEconomist.2024.03.02_page_028_p28_c9,magazine_TheEconomist.2024.03.02_page_028_p28_c8,magazine_TheEconomist.2024.03.02_page_028_p28_c6",1,True,1.0
What did Mr López Obrador accuse the DEA of doing in Mexico?,5,magazine_TheEconomist.2024.03.02_page_028_p28_c9,"magazine_TheEconomist.2024.03.02_page_028_p28_c9,magazine_TheEconomist.2024.03.02_page_028_p28_c8,magazine_TheEconomist.2024.03.02_page_028_p28_c6,magazine_TheEconomist.2024.03.02_page_028_p28_c7,magazine_TheEconomist.2024.03.02_page_028_p28_c3",1,True,1.0
What role did Honduras play in the drug war?,1,magazine_TheEconomist.2024.03.02_page_028_p28_c11,magazine_TheEconomist.2024.03.02_page_028_p28_c11,1,True,1.0
What role did Honduras play in the drug war?,3,magazine_TheEconomist.2024.03.02_page_028_p28_c11,"magazine_TheEconomist.2024.03.02_page_028_p28_c11,magazine_TheEconomist.2024.03.02_page_028_p28_c10,magazine_TheEconomist.2024.03.02_page_028_p28_c5",1,True,1.0
What role did Honduras play in the drug war?,5,magazine_TheEconomist.2024.03.02_page_028_p28_c11,"magazine_TheEconomist.2024.03.02_page_028_p28_c11,magazine_TheEconomist.2024.03.02_page_028_p28_c10,magazine_TheEconomist.2024.03.02_page_028_p28_c5,magazine_TheEconomist.2024.03.02_page_028_p28_c6,magazine_TheEconomist.2024.03.02_page_028_p28_c8",1,True,1.0
容量瓶体积定值的相对标准不确定度来源于什么？,1,book_zh_CNASGL0092018_extracted_page_69_p69_c0,book_zh_CNASGL0092018_extracted_page_69_p69_c0,1,True,1.0
容量瓶体积定值的相对标准不确定度来源于什么？,3,book_zh_CNASGL0092018_extracted_page_69_p69_c0,"book_zh_CNASGL0092018_extracted_page_69_p69_c0,book_zh_CNASGL0092018_extracted_page_69_p69_c1,book_zh_CNASGL0092018_extracted_page_73_p73_c0",1,True,1.0
容量瓶体积定值的相对标准不确定度来源于什么？,5,book_zh_CNASGL0092018_extracted_page_69_p69_c0,"book_zh_CNASGL0092018_extracted_page_69_p69_c0,book_zh_CNASGL0092018_extracted_page_69_p69_c1,book_zh_CNASGL0092018_extracted_page_73_p73_c0,book_zh_CNASGL0092018_extracted_page_69_p69_c2,book_zh_CNASGL0092018_extracted_page_69_p69_c3",1,True,1.0
重铬酸钾标准溶液所用容量瓶的最大允许差是多少？,1,book_zh_CNASGL0092018_extracted_page_69_p69_c1,book_zh_CNASGL0092018_extracted_page_69_p69_c1,1,True,1.0
重铬酸钾标准溶液所用容量瓶的最大允许差是多少？,3,book_zh_CNASGL0092018_extracted_page_69_p69_c1,"book_zh_CNASGL0092018_extracted_page_69_p69_c1,book_zh_CNASGL0092018_extracted_page_69_p69_c2,book_zh_CNASGL0092018_extracted_page_69_p69_c0",1,True,1.0
重铬酸钾标准溶液所用容量瓶的最大允许差是多少？,5,book_zh_CNASGL0092018_extracted_page_69_p69_c1,"book_zh_CNASGL0092018_extracted_page_69_p69_c1,book_zh_CNASGL0092018_extracted_page_69_p69_c2,book_zh_CNASGL0092018_extracted_page_69_p69_c0,book_zh_CNASGL0092018_extracted_page_69_p69_c3,docstructbench_dianzishu_zhongwenzaixian-o.O-60403612.pdf_179_p179_c2",1,True,1.0
What is the equilibrium salary for nurses in the Minneapolis-St. Paul-Bloomington area?,1,yanbaopptmerge_d346b889f1d85c61950a71d4b0ac2752.pdf_89_p89_c0,yanbaopptmerge_d346b889f1d85c61950a71d4b0ac2752.pdf_89_p89_c0,1,True,1.0
What is the equilibrium salary for nurses in the Minneapolis-St. Paul-Bloomington area?,3,yanbaopptmerge_d346b889f1d85c61950a71d4b0ac2752.pdf_89_p89_c0,"yanbaopptmerge_d346b889f1d85c61950a71d4b0ac2752.pdf_89_p89_c0,yanbaopptmerge_d346b889f1d85c61950a71d4b0ac2752.pdf_89_p89_c2,yanbaopptmerge_d346b889f1d85c61950a71d4b0ac2752.pdf_89_p89_c3",1,True,1.0
What is the equilibrium salary for nurses in the Minneapolis-St. Paul-Bloomington area?,5,yanbaopptmerge_d346b889f1d85c61950a71d4b0ac2752.pdf_89_p89_c0,"yanbaopptmerge_d346b889f1d85c61950a71d4b0ac2752.pdf_89_p89_c0,yanbaopptmerge_d346b889f1d85c61950a71d4b0ac2752.pdf_89_p89_c2,yanbaopptmerge_d346b889f1d85c61950a71d4b0ac2752.pdf_89_p89_c3,yanbaopptmerge_d346b889f1d85c61950a71d4b0ac2752.pdf_89_p89_c4,yanbaopptmerge_d346b889f1d85c61950a71d4b0ac2752.pdf_89_p89_c1",1,True,1.0
What is an example of a product with varying quality and price?,1,yanbaopptmerge_d346b889f1d85c61950a71d4b0ac2752.pdf_89_p89_c1,yanbaopptmerge_d346b889f1d85c61950a71d4b0ac2752.pdf_89_p89_c1,1,True,1.0
What is an example of a product with varying quality and price?,3,yanbaopptmerge_d346b889f1d85c61950a71d4b0ac2752.pdf_89_p89_c1,"yanbaopptmerge_d346b889f1d85c61950a71d4b0ac2752.pdf_89_p89_c1,yanbaopptmerge_d346b889f1d85c61950a71d4b0ac2752.pdf_89_p89_c5,magazine_TheEconomist.2024.03.09_page_064_p64_c4",1,True,1.0
What is an example of a product with varying quality and price?,5,yanbaopptmerge_d346b889f1d85c61950a71d4b0ac2752.pdf_89_p89_c1,"yanbaopptmerge_d346b889f1d85c61950a71d4b0ac2752.pdf_89_p89_c1,yanbaopptmerge_d346b889f1d85c61950a71d4b0ac2752.pdf_89_p89_c5,magazine_TheEconomist.2024.03.09_page_064_p64_c4,newspaper_35bdaa11dec104ccbdc9e19ac8527d21_1_p1_c8,newspaper_35bdaa11dec104ccbdc9e19ac8527d21_1_p1_c6",1,True,1.0
What happens when the salary is below the equilibrium?,1,yanbaopptmerge_d346b889f1d85c61950a71d4b0ac2752.pdf_89_p89_c2,yanbaopptmerge_d346b889f1d85c61950a71d4b0ac2752.pdf_89_p89_c2,1,True,1.0
What happens when the salary is below the equilibrium?,3,yanbaopptmerge_d346b889f1d85c61950a71d4b0ac2752.pdf_89_p89_c2,"yanbaopptmerge_d346b889f1d85c61950a71d4b0ac2752.pdf_89_p89_c2,yanbaopptmerge_d346b889f1d85c61950a71d4b0ac2752.pdf_89_p89_c3,yanbaopptmerge_d346b889f1d85c61950a71d4b0ac2752.pdf_89_p89_c1",1,True,1.0
What happens when the salary is below the equilibrium?,5,yanbaopptmerge_d346b889f1d85c61950a71d4b0ac2752.pdf_89_p89_c2,"yanbaopptmerge_d346b889f1d85c61950a71d4b0ac2752.pdf_89_p89_c2,yanbaopptmerge_d346b889f1d85c61950a71d4b0ac2752.pdf_89_p89_c3,yanbaopptmerge_d346b889f1d85c61950a71d4b0ac2752.pdf_89_p89_c1,yanbaopptmerge_d346b889f1d85c61950a71d4b0ac2752.pdf_89_p89_c0,yanbaopptmerge_d346b889f1d85c61950a71d4b0ac2752.pdf_89_p89_c4",1,True,1.0
"How many nurses want to work at $60,000 per year in Minneapolis-St. Paul-Bloomington?",1,yanbaopptmerge_d346b889f1d85c61950a71d4b0ac2752.pdf_89_p89_c3,yanbaopptmerge_d346b889f1d85c61950a71d4b0ac2752.pdf_89_p89_c3,1,True,1.0
"How many nurses want to work at $60,000 per year in Minneapolis-St. Paul-Bloomington?",3,yanbaopptmerge_d346b889f1d85c61950a71d4b0ac2752.pdf_89_p89_c3,"yanbaopptmerge_d346b889f1d85c61950a71d4b0ac2752.pdf_89_p89_c3,yanbaopptmerge_d346b889f1d85c61950a71d4b0ac2752.pdf_89_p89_c2,yanbaopptmerge_d346b889f1d85c61950a71d4b0ac2752.pdf_89_p89_c0",1,True,1.0
"How many nurses want to work at $60,000 per year in Minneapolis-St. Paul-Bloomington?",5,yanbaopptmerge_d346b889f1d85c61950a71d4b0ac2752.pdf_89_p89_c3,"yanbaopptmerge_d346b889f1d85c61950a71d4b0ac2752.pdf_89_p89_c3,yanbaopptmerge_d346b889f1d85c61950a71d4b0ac2752.pdf_89_p89_c2,yanbaopptmerge_d346b889f1d85c61950a71d4b0ac2752.pdf_89_p89_c0,yanbaopptmerge_d346b889f1d85c61950a71d4b0ac2752.pdf_89_p89_c4,yanbaopptmerge_d346b889f1d85c61950a71d4b0ac2752.pdf_89_p89_c1",1,True,1.0
What happens to the quantity of labor demanded when wages and salaries decrease?,1,yanbaopptmerge_d346b889f1d85c61950a71d4b0ac2752.pdf_89_p89_c4,yanbaopptmerge_d346b889f1d85c61950a71d4b0ac2752.pdf_89_p89_c4,1,True,1.0
What happens to the quantity of labor demanded when wages and salaries decrease?,3,yanbaopptmerge_d346b889f1d85c61950a71d4b0ac2752.pdf_89_p89_c4,"yanbaopptmerge_d346b889f1d85c61950a71d4b0ac2752.pdf_89_p89_c4,yanbaopptmerge_d346b889f1d85c61950a71d4b0ac2752.pdf_89_p89_c5,yanbaopptmerge_d346b889f1d85c61950a71d4b0ac2752.pdf_89_p89_c3",1,True,1.0
What happens to the quantity of labor demanded when wages and salaries decrease?,5,yanbaopptmerge_d346b889f1d85c61950a71d4b0ac2752.pdf_89_p89_c4,"yanbaopptmerge_d346b889f1d85c61950a71d4b0ac2752.pdf_89_p89_c4,yanbaopptmerge_d346b889f1d85c61950a71d4b0ac2752.pdf_89_p89_c5,yanbaopptmerge_d346b889f1d85c61950a71d4b0ac2752.pdf_89_p89_c3,yanbaopptmerge_d346b889f1d85c61950a71d4b0ac2752.pdf_89_p89_c6,yanbaopptmerge_d346b889f1d85c61950a71d4b0ac2752.pdf_89_p89_c2",1,True,1.0
What is an example of derived demand for labor?,1,yanbaopptmerge_d346b889f1d85c61950a71d4b0ac2752.pdf_89_p89_c5,yanbaopptmerge_d346b889f1d85c61950a71d4b0ac2752.pdf_89_p89_c5,1,True,1.0
What is an example of derived demand for labor?,3,yanbaopptmerge_d346b889f1d85c61950a71d4b0ac2752.pdf_89_p89_c5,"yanbaopptmerge_d346b889f1d85c61950a71d4b0ac2752.pdf_89_p89_c5,yanbaopptmerge_d346b889f1d85c61950a71d4b0ac2752.pdf_89_p89_c6,yanbaopptmerge_d346b889f1d85c61950a71d4b0ac2752.pdf_89_p89_c7",1,True,1.0
What is an example of derived demand for labor?,5,yanbaopptmerge_d346b889f1d85c61950a71d4b0ac2752.pdf_89_p89_c5,"yanbaopptmerge_d346b889f1d85c61950a71d4b0ac2752.pdf_89_p89_c5,yanbaopptmerge_d346b889f1d85c61950a71d4b0ac2752.pdf_89_p89_c6,yanbaopptmerge_d346b889f1d85c61950a71d4b0ac2752.pdf_89_p89_c7,yanbaopptmerge_d346b889f1d85c61950a71d4b0ac2752.pdf_89_p89_c4,yanbaopptmerge_d346b889f1d85c61950a71d4b0ac2752.pdf_89_p89_c2",1,True,1.0
What happens to the demand for labor when the demand for goods and services increases?,1,yanbaopptmerge_d346b889f1d85c61950a71d4b0ac2752.pdf_89_p89_c6,yanbaopptmerge_d346b889f1d85c61950a71d4b0ac2752.pdf_89_p89_c6,1,True,1.0
What happens to the demand for labor when the demand for goods and services increases?,3,yanbaopptmerge_d346b889f1d85c61950a71d4b0ac2752.pdf_89_p89_c6,"yanbaopptmerge_d346b889f1d85c61950a71d4b0ac2752.pdf_89_p89_c6,yanbaopptmerge_d346b889f1d85c61950a71d4b0ac2752.pdf_89_p89_c7,yanbaopptmerge_d346b889f1d85c61950a71d4b0ac2752.pdf_89_p89_c5",1,True,1.0
What happens to the demand for labor when the demand for goods and services increases?,5,yanbaopptmerge_d346b889f1d85c61950a71d4b0ac2752.pdf_89_p89_c6,"yanbaopptmerge_d346b889f1d85c61950a71d4b0ac2752.pdf_89_p89_c6,yanbaopptmerge_d346b889f1d85c61950a71d4b0ac2752.pdf_89_p89_c7,yanbaopptmerge_d346b889f1d85c61950a71d4b0ac2752.pdf_89_p89_c5,yanbaopptmerge_d346b889f1d85c61950a71d4b0ac2752.pdf_89_p89_c4,yanbaopptmerge_d346b889f1d85c61950a71d4b0ac2752.pdf_89_p89_c2",1,True,1.0
What happens to output price and profitability when demand for the good produced increases?,1,yanbaopptmerge_d346b889f1d85c61950a71d4b0ac2752.pdf_89_p89_c7,yanbaopptmerge_d346b889f1d85c61950a71d4b0ac2752.pdf_89_p89_c7,1,True,1.0
What happens to output price and profitability when demand for the good produced increases?,3,yanbaopptmerge_d346b889f1d85c61950a71d4b0ac2752.pdf_89_p89_c7,"yanbaopptmerge_d346b889f1d85c61950a71d4b0ac2752.pdf_89_p89_c7,yanbaopptmerge_d346b889f1d85c61950a71d4b0ac2752.pdf_89_p89_c6,yanbaopptmerge_d346b889f1d85c61950a71d4b0ac2752.pdf_89_p89_c5",1,True,1.0
What happens to output price and profitability when demand for the good produced increases?,5,yanbaopptmerge_d346b889f1d85c61950a71d4b0ac2752.pdf_89_p89_c7,"yanbaopptmerge_d346b889f1d85c61950a71d4b0ac2752.pdf_89_p89_c7,yanbaopptmerge_d346b889f1d85c61950a71d4b0ac2752.pdf_89_p89_c6,yanbaopptmerge_d346b889f1d85c61950a71d4b0ac2752.pdf_89_p89_c5,yanbaor2_930d8c81854d7450cd35af7b050fed88e4e461b4f0ac0dab07e3232a4e703a06.pdf_14_p14_c4,yanbaopptmerge_d346b889f1d85c61950a71d4b0ac2752.pdf_89_p89_c4",1,True,1.0
商鞅改组秦国家庭制度的主要目的是什么？,1,jiaocaineedrop_jiaocai_needrop_en_155_p155_c1,jiaocaineedrop_jiaocai_needrop_en_155_p155_c1,1,True,1.0
商鞅改组秦国家庭制度的主要目的是什么？,3,jiaocaineedrop_jiaocai_needrop_en_155_p155_c1,"jiaocaineedrop_jiaocai_needrop_en_155_p155_c1,jiaocaineedrop_jiaocai_needrop_en_155_p155_c0,jiaocaineedrop_jiaocai_needrop_en_377_p377_c1",1,True,1.0
商鞅改组秦国家庭制度的主要目的是什么？,5,jiaocaineedrop_jiaocai_needrop_en_155_p155_c1,"jiaocaineedrop_jiaocai_needrop_en_155_p155_c1,jiaocaineedrop_jiaocai_needrop_en_155_p155_c0,jiaocaineedrop_jiaocai_needrop_en_377_p377_c1,jiaocaineedrop_jiaocai_needrop_en_377_p377_c3,notes_1ba14cb325bc448f7201b20502ecf2b5_118_p118_c0",1,True,1.0
哪家学派代表下层平民利益并受到统治者推崇？,1,jiaocaineedrop_jiaocai_needrop_en_155_p155_c2,jiaocaineedrop_jiaocai_needrop_en_155_p155_c2,1,True,1.0
哪家学派代表下层平民利益并受到统治者推崇？,3,jiaocaineedrop_jiaocai_needrop_en_155_p155_c2,"jiaocaineedrop_jiaocai_needrop_en_155_p155_c2,docstructbench_dianzishu_zhongwenzaixian-o.O-61323717.pdf_203_p203_c0,color_textbook_zhonggaokao_小学_KET听说读写逐项突破_KET听说读写逐项突破之轻松搞定KET写作25分 【10讲 褚连一】_第10讲第十课写作Part9小作文练习_第十课写作Part9小作文练习_page_010_p10_c2",1,True,1.0
哪家学派代表下层平民利益并受到统治者推崇？,5,jiaocaineedrop_jiaocai_needrop_en_155_p155_c2,"jiaocaineedrop_jiaocai_needrop_en_155_p155_c2,docstructbench_dianzishu_zhongwenzaixian-o.O-61323717.pdf_203_p203_c0,color_textbook_zhonggaokao_小学_KET听说读写逐项突破_KET听说读写逐项突破之轻松搞定KET写作25分 【10讲 褚连一】_第10讲第十课写作Part9小作文练习_第十课写作Part9小作文练习_page_010_p10_c2,color_textbook_zhonggaokao_小学_KET听说读写逐项突破_KET听说读写逐项突破之轻松搞定KET写作25分 【10讲 褚连一】_第10讲第十课写作Part9小作文练习_第十课写作Part9小作文练习_page_010_p10_c3,jiaocaineedrop_jiaocai_needrop_en_155_p155_c1",1,True,1.0
What risks should suppliers assess for their portfolio transition?,1,yanbaor2_930d8c81854d7450cd35af7b050fed88e4e461b4f0ac0dab07e3232a4e703a06.pdf_14_p14_c0,yanbaor2_930d8c81854d7450cd35af7b050fed88e4e461b4f0ac0dab07e3232a4e703a06.pdf_14_p14_c0,1,True,1.0
What risks should suppliers assess for their portfolio transition?,3,yanbaor2_930d8c81854d7450cd35af7b050fed88e4e461b4f0ac0dab07e3232a4e703a06.pdf_14_p14_c0,"yanbaor2_930d8c81854d7450cd35af7b050fed88e4e461b4f0ac0dab07e3232a4e703a06.pdf_14_p14_c0,yanbaor2_930d8c81854d7450cd35af7b050fed88e4e461b4f0ac0dab07e3232a4e703a06.pdf_14_p14_c3,yanbaor2_930d8c81854d7450cd35af7b050fed88e4e461b4f0ac0dab07e3232a4e703a06.pdf_14_p14_c1",1,True,1.0
What risks should suppliers assess for their portfolio transition?,5,yanbaor2_930d8c81854d7450cd35af7b050fed88e4e461b4f0ac0dab07e3232a4e703a06.pdf_14_p14_c0,"yanbaor2_930d8c81854d7450cd35af7b050fed88e4e461b4f0ac0dab07e3232a4e703a06.pdf_14_p14_c0,yanbaor2_930d8c81854d7450cd35af7b050fed88e4e461b4f0ac0dab07e3232a4e703a06.pdf_14_p14_c3,yanbaor2_930d8c81854d7450cd35af7b050fed88e4e461b4f0ac0dab07e3232a4e703a06.pdf_14_p14_c1,yanbaor2_930d8c81854d7450cd35af7b050fed88e4e461b4f0ac0dab07e3232a4e703a06.pdf_14_p14_c2,yanbaor2_930d8c81854d7450cd35af7b050fed88e4e461b4f0ac0dab07e3232a4e703a06.pdf_14_p14_c4",1,True,1.0
What is the purpose of Figure 3 according to the text?,1,yanbaor2_930d8c81854d7450cd35af7b050fed88e4e461b4f0ac0dab07e3232a4e703a06.pdf_14_p14_c1,yanbaor2_930d8c81854d7450cd35af7b050fed88e4e461b4f0ac0dab07e3232a4e703a06.pdf_14_p14_c2,0,False,0.0
What is the purpose of Figure 3 according to the text?,3,yanbaor2_930d8c81854d7450cd35af7b050fed88e4e461b4f0ac0dab07e3232a4e703a06.pdf_14_p14_c1,"yanbaor2_930d8c81854d7450cd35af7b050fed88e4e461b4f0ac0dab07e3232a4e703a06.pdf_14_p14_c2,jiaocaineedrop_jiaocai_needrop_en_2893_p2893_c1,docstructbench_llm-raw-scihub-o.O-j.1365-2818.2003.01210.x.pdf_7_p7_c0",0,False,0.0
What is the purpose of Figure 3 according to the text?,5,yanbaor2_930d8c81854d7450cd35af7b050fed88e4e461b4f0ac0dab07e3232a4e703a06.pdf_14_p14_c1,"yanbaor2_930d8c81854d7450cd35af7b050fed88e4e461b4f0ac0dab07e3232a4e703a06.pdf_14_p14_c2,jiaocaineedrop_jiaocai_needrop_en_2893_p2893_c1,docstructbench_llm-raw-scihub-o.O-j.1365-2818.2003.01210.x.pdf_7_p7_c0,jiaocaineedrop_jiaocai_needrop_en_1118_p1118_c0,eastmoney_dd8f39ced2188b907304224a635ad605689270486020c34636003e57018c01d8.pdf_2_p2_c0",0,False,0.0
What does figure 3 illustrate?,1,yanbaor2_930d8c81854d7450cd35af7b050fed88e4e461b4f0ac0dab07e3232a4e703a06.pdf_14_p14_c2,yanbaor2_930d8c81854d7450cd35af7b050fed88e4e461b4f0ac0dab07e3232a4e703a06.pdf_14_p14_c2,1,True,1.0
What does figure 3 illustrate?,3,yanbaor2_930d8c81854d7450cd35af7b050fed88e4e461b4f0ac0dab07e3232a4e703a06.pdf_14_p14_c2,"yanbaor2_930d8c81854d7450cd35af7b050fed88e4e461b4f0ac0dab07e3232a4e703a06.pdf_14_p14_c2,docstructbench_llm-raw-scihub-o.O-j.1365-2818.2003.01210.x.pdf_7_p7_c0,jiaocaineedrop_jiaocai_needrop_en_1564_p1564_c2",1,True,1.0
What does figure 3 illustrate?,5,yanbaor2_930d8c81854d7450cd35af7b050fed88e4e461b4f0ac0dab07e3232a4e703a06.pdf_14_p14_c2,"yanbaor2_930d8c81854d7450cd35af7b050fed88e4e461b4f0ac0dab07e3232a4e703a06.pdf_14_p14_c2,docstructbench_llm-raw-scihub-o.O-j.1365-2818.2003.01210.x.pdf_7_p7_c0,jiaocaineedrop_jiaocai_needrop_en_1564_p1564_c2,eastmoney_dd8f39ced2188b907304224a635ad605689270486020c34636003e57018c01d8.pdf_2_p2_c0,newspaper_The Wall Street Journal - 2025-01-08@magazinesclubnew_page_018_p18_c2",1,True,1.0
What are the three potential strategic plays suppliers can make?,1,yanbaor2_930d8c81854d7450cd35af7b050fed88e4e461b4f0ac0dab07e3232a4e703a06.pdf_14_p14_c3,yanbaor2_930d8c81854d7450cd35af7b050fed88e4e461b4f0ac0dab07e3232a4e703a06.pdf_14_p14_c3,1,True,1.0
What are the three potential strategic plays suppliers can make?,3,yanbaor2_930d8c81854d7450cd35af7b050fed88e4e461b4f0ac0dab07e3232a4e703a06.pdf_14_p14_c3,"yanbaor2_930d8c81854d7450cd35af7b050fed88e4e461b4f0ac0dab07e3232a4e703a06.pdf_14_p14_c3,yanbaor2_930d8c81854d7450cd35af7b050fed88e4e461b4f0ac0dab07e3232a4e703a06.pdf_14_p14_c2,yanbaor2_930d8c81854d7450cd35af7b050fed88e4e461b4f0ac0dab07e3232a4e703a06.pdf_14_p14_c1",1,True,1.0
What are the three potential strategic plays suppliers can make?,5,yanbaor2_930d8c81854d7450cd35af7b050fed88e4e461b4f0ac0dab07e3232a4e703a06.pdf_14_p14_c3,"yanbaor2_930d8c81854d7450cd35af7b050fed88e4e461b4f0ac0dab07e3232a4e703a06.pdf_14_p14_c3,yanbaor2_930d8c81854d7450cd35af7b050fed88e4e461b4f0ac0dab07e3232a4e703a06.pdf_14_p14_c2,yanbaor2_930d8c81854d7450cd35af7b050fed88e4e461b4f0ac0dab07e3232a4e703a06.pdf_14_p14_c1,yanbaor2_930d8c81854d7450cd35af7b050fed88e4e461b4f0ac0dab07e3232a4e703a06.pdf_14_p14_c0,yanbaor2_930d8c81854d7450cd35af7b050fed88e4e461b4f0ac0dab07e3232a4e703a06.pdf_14_p14_c4",1,True,1.0
What is the core choice faced by businesses driven by performance innovation?,1,yanbaor2_930d8c81854d7450cd35af7b050fed88e4e461b4f0ac0dab07e3232a4e703a06.pdf_14_p14_c4,yanbaor2_930d8c81854d7450cd35af7b050fed88e4e461b4f0ac0dab07e3232a4e703a06.pdf_14_p14_c4,1,True,1.0
What is the core choice faced by businesses driven by performance innovation?,3,yanbaor2_930d8c81854d7450cd35af7b050fed88e4e461b4f0ac0dab07e3232a4e703a06.pdf_14_p14_c4,"yanbaor2_930d8c81854d7450cd35af7b050fed88e4e461b4f0ac0dab07e3232a4e703a06.pdf_14_p14_c4,yanbaor2_930d8c81854d7450cd35af7b050fed88e4e461b4f0ac0dab07e3232a4e703a06.pdf_14_p14_c3,yanbaor2_930d8c81854d7450cd35af7b050fed88e4e461b4f0ac0dab07e3232a4e703a06.pdf_14_p14_c1",1,True,1.0
What is the core choice faced by businesses driven by performance innovation?,5,yanbaor2_930d8c81854d7450cd35af7b050fed88e4e461b4f0ac0dab07e3232a4e703a06.pdf_14_p14_c4,"yanbaor2_930d8c81854d7450cd35af7b050fed88e4e461b4f0ac0dab07e3232a4e703a06.pdf_14_p14_c4,yanbaor2_930d8c81854d7450cd35af7b050fed88e4e461b4f0ac0dab07e3232a4e703a06.pdf_14_p14_c3,yanbaor2_930d8c81854d7450cd35af7b050fed88e4e461b4f0ac0dab07e3232a4e703a06.pdf_14_p14_c1,magazine_TheEconomist.2024.03.09_page_064_p64_c1,yanbaor2_7f386f737cb55cffa10c8321a94bd38d7169cd69b3b253b9e2e502c12a68feea.pdf_15_p15_c0",1,True,1.0
哪些地方试点交易所推出了碳金融衍生品？,1,yanbaor2_3e1be78252e2fdfe1adf12bba38ec2a7b30699e152d61269aa6e5827f5adcc35.pdf_13_p13_c0,yanbaor2_3e1be78252e2fdfe1adf12bba38ec2a7b30699e152d61269aa6e5827f5adcc35.pdf_13_p13_c0,1,True,1.0
哪些地方试点交易所推出了碳金融衍生品？,3,yanbaor2_3e1be78252e2fdfe1adf12bba38ec2a7b30699e152d61269aa6e5827f5adcc35.pdf_13_p13_c0,"yanbaor2_3e1be78252e2fdfe1adf12bba38ec2a7b30699e152d61269aa6e5827f5adcc35.pdf_13_p13_c0,yanbaor2_3e1be78252e2fdfe1adf12bba38ec2a7b30699e152d61269aa6e5827f5adcc35.pdf_13_p13_c1,newspaper_2c69e142b52dbb30cac2cb11d3eb25e5_1_p1_c9",1,True,1.0
哪些地方试点交易所推出了碳金融衍生品？,5,yanbaor2_3e1be78252e2fdfe1adf12bba38ec2a7b30699e152d61269aa6e5827f5adcc35.pdf_13_p13_c0,"yanbaor2_3e1be78252e2fdfe1adf12bba38ec2a7b30699e152d61269aa6e5827f5adcc35.pdf_13_p13_c0,yanbaor2_3e1be78252e2fdfe1adf12bba38ec2a7b30699e152d61269aa6e5827f5adcc35.pdf_13_p13_c1,newspaper_2c69e142b52dbb30cac2cb11d3eb25e5_1_p1_c9,yanbaor2_3e1be78252e2fdfe1adf12bba38ec2a7b30699e152d61269aa6e5827f5adcc35.pdf_13_p13_c3,yanbaopptmerge_baa6d02928efcac46ccf7dfd3859de565cfb0bea918ae0ec0eed50944a7c20b4.pdf_11_p11_c1",1,True,1.0
哪些地区暂未纳入碳金融衍生品？,1,yanbaor2_3e1be78252e2fdfe1adf12bba38ec2a7b30699e152d61269aa6e5827f5adcc35.pdf_13_p13_c1,yanbaor2_3e1be78252e2fdfe1adf12bba38ec2a7b30699e152d61269aa6e5827f5adcc35.pdf_13_p13_c1,1,True,1.0
哪些地区暂未纳入碳金融衍生品？,3,yanbaor2_3e1be78252e2fdfe1adf12bba38ec2a7b30699e152d61269aa6e5827f5adcc35.pdf_13_p13_c1,"yanbaor2_3e1be78252e2fdfe1adf12bba38ec2a7b30699e152d61269aa6e5827f5adcc35.pdf_13_p13_c1,yanbaor2_3e1be78252e2fdfe1adf12bba38ec2a7b30699e152d61269aa6e5827f5adcc35.pdf_13_p13_c0,newspaper_2c69e142b52dbb30cac2cb11d3eb25e5_1_p1_c9",1,True,1.0
哪些地区暂未纳入碳金融衍生品？,5,yanbaor2_3e1be78252e2fdfe1adf12bba38ec2a7b30699e152d61269aa6e5827f5adcc35.pdf_13_p13_c1,"yanbaor2_3e1be78252e2fdfe1adf12bba38ec2a7b30699e152d61269aa6e5827f5adcc35.pdf_13_p13_c1,yanbaor2_3e1be78252e2fdfe1adf12bba38ec2a7b30699e152d61269aa6e5827f5adcc35.pdf_13_p13_c0,newspaper_2c69e142b52dbb30cac2cb11d3eb25e5_1_p1_c9,eastmoney_dd8f39ced2188b907304224a635ad605689270486020c34636003e57018c01d8.pdf_2_p2_c1,yanbaor2_89c3718f5a45179ef57a5063c6df36fc2c9b7e3ab4275f4905ed89f1c17232ea.pdf_14_p14_c3",1,True,1.0
中国碳金融创新模式应用有哪些？,1,yanbaor2_3e1be78252e2fdfe1adf12bba38ec2a7b30699e152d61269aa6e5827f5adcc35.pdf_13_p13_c3,yanbaor2_3e1be78252e2fdfe1adf12bba38ec2a7b30699e152d61269aa6e5827f5adcc35.pdf_13_p13_c0,0,False,0.0
中国碳金融创新模式应用有哪些？,3,yanbaor2_3e1be78252e2fdfe1adf12bba38ec2a7b30699e152d61269aa6e5827f5adcc35.pdf_13_p13_c3,"yanbaor2_3e1be78252e2fdfe1adf12bba38ec2a7b30699e152d61269aa6e5827f5adcc35.pdf_13_p13_c0,yanbaor2_3e1be78252e2fdfe1adf12bba38ec2a7b30699e152d61269aa6e5827f5adcc35.pdf_13_p13_c3,yanbaor2_3e1be78252e2fdfe1adf12bba38ec2a7b30699e152d61269aa6e5827f5adcc35.pdf_13_p13_c1",2,True,1.0
中国碳金融创新模式应用有哪些？,5,yanbaor2_3e1be78252e2fdfe1adf12bba38ec2a7b30699e152d61269aa6e5827f5adcc35.pdf_13_p13_c3,"yanbaor2_3e1be78252e2fdfe1adf12bba38ec2a7b30699e152d61269aa6e5827f5adcc35.pdf_13_p13_c0,yanbaor2_3e1be78252e2fdfe1adf12bba38ec2a7b30699e152d61269aa6e5827f5adcc35.pdf_13_p13_c3,yanbaor2_3e1be78252e2fdfe1adf12bba38ec2a7b30699e152d61269aa6e5827f5adcc35.pdf_13_p13_c1,newspaper_2c69e142b52dbb30cac2cb11d3eb25e5_1_p1_c9,jiaocaineedrop_jiaocai_needrop_en_1473_p1473_c2",2,True,1.0
What did Hawthorne say about his career choices?,1,jiaocaineedrop_unit2t03.pdf_63_p63_c0,jiaocaineedrop_unit2t03.pdf_63_p63_c0,1,True,1.0
What did Hawthorne say about his career choices?,3,jiaocaineedrop_unit2t03.pdf_63_p63_c0,"jiaocaineedrop_unit2t03.pdf_63_p63_c0,jiaocaineedrop_unit2t03.pdf_63_p63_c4,jiaocaineedrop_unit2t03.pdf_63_p63_c3",1,True,1.0
What did Hawthorne say about his career choices?,5,jiaocaineedrop_unit2t03.pdf_63_p63_c0,"jiaocaineedrop_unit2t03.pdf_63_p63_c0,jiaocaineedrop_unit2t03.pdf_63_p63_c4,jiaocaineedrop_unit2t03.pdf_63_p63_c3,jiaocaineedrop_unit2t03.pdf_63_p63_c1,jiaocaineedrop_unit2t03.pdf_63_p63_c5",1,True,1.0
Which book by Hawthorne was praised by reviewers and had modest success?,1,jiaocaineedrop_unit2t03.pdf_63_p63_c1,jiaocaineedrop_unit2t03.pdf_63_p63_c1,1,True,1.0
Which book by Hawthorne was praised by reviewers and had modest success?,3,jiaocaineedrop_unit2t03.pdf_63_p63_c1,"jiaocaineedrop_unit2t03.pdf_63_p63_c1,jiaocaineedrop_unit2t03.pdf_63_p63_c2,jiaocaineedrop_unit2t03.pdf_63_p63_c3",1,True,1.0
Which book by Hawthorne was praised by reviewers and had modest success?,5,jiaocaineedrop_unit2t03.pdf_63_p63_c1,"jiaocaineedrop_unit2t03.pdf_63_p63_c1,jiaocaineedrop_unit2t03.pdf_63_p63_c2,jiaocaineedrop_unit2t03.pdf_63_p63_c3,jiaocaineedrop_unit2t03.pdf_63_p63_c4,jiaocaineedrop_unit2t03.pdf_63_p63_c0",1,True,1.0
What did Hawthorne's ancestors include?,1,jiaocaineedrop_unit2t03.pdf_63_p63_c2,jiaocaineedrop_unit2t03.pdf_63_p63_c3,0,False,0.0
What did Hawthorne's ancestors include?,3,jiaocaineedrop_unit2t03.pdf_63_p63_c2,"jiaocaineedrop_unit2t03.pdf_63_p63_c3,jiaocaineedrop_unit2t03.pdf_63_p63_c2,jiaocaineedrop_unit2t03.pdf_63_p63_c1",2,True,1.0
What did Hawthorne's ancestors include?,5,jiaocaineedrop_unit2t03.pdf_63_p63_c2,"jiaocaineedrop_unit2t03.pdf_63_p63_c3,jiaocaineedrop_unit2t03.pdf_63_p63_c2,jiaocaineedrop_unit2t03.pdf_63_p63_c1,jiaocaineedrop_unit2t03.pdf_63_p63_c0,jiaocaineedrop_unit2t03.pdf_63_p63_c5",2,True,1.0
Where did Hawthorne move after marrying Sophia Peabody?,1,jiaocaineedrop_unit2t03.pdf_63_p63_c3,jiaocaineedrop_unit2t03.pdf_63_p63_c3,1,True,1.0
Where did Hawthorne move after marrying Sophia Peabody?,3,jiaocaineedrop_unit2t03.pdf_63_p63_c3,"jiaocaineedrop_unit2t03.pdf_63_p63_c3,jiaocaineedrop_unit2t03.pdf_63_p63_c4,jiaocaineedrop_unit2t03.pdf_63_p63_c1",1,True,1.0
Where did Hawthorne move after marrying Sophia Peabody?,5,jiaocaineedrop_unit2t03.pdf_63_p63_c3,"jiaocaineedrop_unit2t03.pdf_63_p63_c3,jiaocaineedrop_unit2t03.pdf_63_p63_c4,jiaocaineedrop_unit2t03.pdf_63_p63_c1,jiaocaineedrop_unit2t03.pdf_63_p63_c2,jiaocaineedrop_unit2t03.pdf_63_p63_c0",1,True,1.0
What was Hawthorne's last complete novel?,1,jiaocaineedrop_unit2t03.pdf_63_p63_c4,jiaocaineedrop_unit2t03.pdf_63_p63_c4,1,True,1.0
What was Hawthorne's last complete novel?,3,jiaocaineedrop_unit2t03.pdf_63_p63_c4,"jiaocaineedrop_unit2t03.pdf_63_p63_c4,jiaocaineedrop_unit2t03.pdf_63_p63_c3,jiaocaineedrop_unit2t03.pdf_63_p63_c2",1,True,1.0
What was Hawthorne's last complete novel?,5,jiaocaineedrop_unit2t03.pdf_63_p63_c4,"jiaocaineedrop_unit2t03.pdf_63_p63_c4,jiaocaineedrop_unit2t03.pdf_63_p63_c3,jiaocaineedrop_unit2t03.pdf_63_p63_c2,jiaocaineedrop_unit2t03.pdf_63_p63_c1,jiaocaineedrop_unit2t03.pdf_63_p63_c0",1,True,1.0
When did Nathaniel Hawthorne die?,1,jiaocaineedrop_unit2t03.pdf_63_p63_c5,jiaocaineedrop_unit2t03.pdf_63_p63_c5,1,True,1.0
When did Nathaniel Hawthorne die?,3,jiaocaineedrop_unit2t03.pdf_63_p63_c5,"jiaocaineedrop_unit2t03.pdf_63_p63_c5,jiaocaineedrop_unit2t03.pdf_63_p63_c4,jiaocaineedrop_unit2t03.pdf_63_p63_c0",1,True,1.0
When did Nathaniel Hawthorne die?,5,jiaocaineedrop_unit2t03.pdf_63_p63_c5,"jiaocaineedrop_unit2t03.pdf_63_p63_c5,jiaocaineedrop_unit2t03.pdf_63_p63_c4,jiaocaineedrop_unit2t03.pdf_63_p63_c0,newspaper_The Globe and Mail - 2025-1-8@magazinesclubnew_page_014_p14_c3,jiaocaineedrop_unit2t03.pdf_63_p63_c3",1,True,1.0
在等腰直角△ABC中，E、F都是AC上的点，且∠EBF=45°，猜想并证明线段EF、CE、AF之间的数量关系？,1,yanbaopptmerge_yanbaoPPT_4125_p4125_c0,yanbaopptmerge_yanbaoPPT_4125_p4125_c0,1,True,1.0
在等腰直角△ABC中，E、F都是AC上的点，且∠EBF=45°，猜想并证明线段EF、CE、AF之间的数量关系？,3,yanbaopptmerge_yanbaoPPT_4125_p4125_c0,"yanbaopptmerge_yanbaoPPT_4125_p4125_c0,jiaocaineedrop_jiaocai_needrop_en_1473_p1473_c1,notes_9e951846094758afac08c620144e3a76_17_p17_c0",1,True,1.0
在等腰直角△ABC中，E、F都是AC上的点，且∠EBF=45°，猜想并证明线段EF、CE、AF之间的数量关系？,5,yanbaopptmerge_yanbaoPPT_4125_p4125_c0,"yanbaopptmerge_yanbaoPPT_4125_p4125_c0,jiaocaineedrop_jiaocai_needrop_en_1473_p1473_c1,notes_9e951846094758afac08c620144e3a76_17_p17_c0,jiaocaineedrop_jiaocai_needrop_en_1473_p1473_c3,jiaocaineedrop_96657786.pdf_0_p0_c5",1,True,1.0
2021年锂电铜箔供需缺口所占比例是多少？,1,eastmoney_03e39833d520af7d1abb96dd624dcd15f2b57d061969d196e80922e2f590503f.pdf_22_p22_c1,eastmoney_03e39833d520af7d1abb96dd624dcd15f2b57d061969d196e80922e2f590503f.pdf_22_p22_c1,1,True,1.0
2021年锂电铜箔供需缺口所占比例是多少？,3,eastmoney_03e39833d520af7d1abb96dd624dcd15f2b57d061969d196e80922e2f590503f.pdf_22_p22_c1,"eastmoney_03e39833d520af7d1abb96dd624dcd15f2b57d061969d196e80922e2f590503f.pdf_22_p22_c1,eastmoney_03e39833d520af7d1abb96dd624dcd15f2b57d061969d196e80922e2f590503f.pdf_22_p22_c2,eastmoney_03e39833d520af7d1abb96dd624dcd15f2b57d061969d196e80922e2f590503f.pdf_22_p22_c0",1,True,1.0
2021年锂电铜箔供需缺口所占比例是多少？,5,eastmoney_03e39833d520af7d1abb96dd624dcd15f2b57d061969d196e80922e2f590503f.pdf_22_p22_c1,"eastmoney_03e39833d520af7d1abb96dd624dcd15f2b57d061969d196e80922e2f590503f.pdf_22_p22_c1,eastmoney_03e39833d520af7d1abb96dd624dcd15f2b57d061969d196e80922e2f590503f.pdf_22_p22_c2,eastmoney_03e39833d520af7d1abb96dd624dcd15f2b57d061969d196e80922e2f590503f.pdf_22_p22_c0,yanbaopptmerge_51e549c0d1a2669ac976409fcf99ce91908b1e0a07f0fc70d92263abf6d07f18.pdf_1_p1_c1,docstructbench_dianzishu_zhongwenzaixian-o.O-60403612.pdf_179_p179_c2",1,True,1.0
锂电铝箔供需平衡情况如何？,1,eastmoney_03e39833d520af7d1abb96dd624dcd15f2b57d061969d196e80922e2f590503f.pdf_22_p22_c2,eastmoney_03e39833d520af7d1abb96dd624dcd15f2b57d061969d196e80922e2f590503f.pdf_22_p22_c2,1,True,1.0
锂电铝箔供需平衡情况如何？,3,eastmoney_03e39833d520af7d1abb96dd624dcd15f2b57d061969d196e80922e2f590503f.pdf_22_p22_c2,"eastmoney_03e39833d520af7d1abb96dd624dcd15f2b57d061969d196e80922e2f590503f.pdf_22_p22_c2,eastmoney_03e39833d520af7d1abb96dd624dcd15f2b57d061969d196e80922e2f590503f.pdf_22_p22_c1,eastmoney_03e39833d520af7d1abb96dd624dcd15f2b57d061969d196e80922e2f590503f.pdf_22_p22_c0",1,True,1.0
锂电铝箔供需平衡情况如何？,5,eastmoney_03e39833d520af7d1abb96dd624dcd15f2b57d061969d196e80922e2f590503f.pdf_22_p22_c2,"eastmoney_03e39833d520af7d1abb96dd624dcd15f2b57d061969d196e80922e2f590503f.pdf_22_p22_c2,eastmoney_03e39833d520af7d1abb96dd624dcd15f2b57d061969d196e80922e2f590503f.pdf_22_p22_c1,eastmoney_03e39833d520af7d1abb96dd624dcd15f2b57d061969d196e80922e2f590503f.pdf_22_p22_c0,docstructbench_dianzishu_zhongwenzaixian-o.O-60403612.pdf_179_p179_c4,eastmoney_7c25f92e2ab21d83e1eada0e40a68e3151e7c1c2d673ddb12b0242fa3ab931ab.pdf_13_p13_c2",1,True,1.0
What is the number associated with this chapter?,1,book_en_国外数学教材-非数学专业教材-线性代数-Gilbert Strang—Linear Algebra and Its Applications 4e_0085_p85_c0,book_en_国外数学教材-非数学专业教材-线性代数-Gilbert Strang—Linear Algebra and Its Applications 4e_0035_p35_c0,0,False,0.0
What is the number associated with this chapter?,3,book_en_国外数学教材-非数学专业教材-线性代数-Gilbert Strang—Linear Algebra and Its Applications 4e_0085_p85_c0,"book_en_国外数学教材-非数学专业教材-线性代数-Gilbert Strang—Linear Algebra and Its Applications 4e_0035_p35_c0,docstructbench_dianzishu_zhongwenzaixian-o.O-61523162.pdf_276_p276_c7,book_en_[搬书匠#893][Pyomo—Optimization Modeling in Python].2012.英文版_page_188_p188_c0",0,False,0.0
What is the number associated with this chapter?,5,book_en_国外数学教材-非数学专业教材-线性代数-Gilbert Strang—Linear Algebra and Its Applications 4e_0085_p85_c0,"book_en_国外数学教材-非数学专业教材-线性代数-Gilbert Strang—Linear Algebra and Its Applications 4e_0035_p35_c0,docstructbench_dianzishu_zhongwenzaixian-o.O-61523162.pdf_276_p276_c7,book_en_[搬书匠#893][Pyomo—Optimization Modeling in Python].2012.英文版_page_188_p188_c0,jiaocaineedrop_jiaocai_needrop_en_2884_p2884_c2,jiaocaineedrop_jiaocai_needrop_en_453_p453_c4",0,False,0.0
What is the result of the LU factorization?,1,book_en_国外数学教材-非数学专业教材-线性代数-Gilbert Strang—Linear Algebra and Its Applications 4e_0085_p85_c1,book_en_国外数学教材-非数学专业教材-线性代数-Gilbert Strang—Linear Algebra and Its Applications 4e_0085_p85_c1,1,True,1.0
What is the result of the LU factorization?,3,book_en_国外数学教材-非数学专业教材-线性代数-Gilbert Strang—Linear Algebra and Its Applications 4e_0085_p85_c1,"book_en_国外数学教材-非数学专业教材-线性代数-Gilbert Strang—Linear Algebra and Its Applications 4e_0085_p85_c1,book_en_国外数学教材-非数学专业教材-线性代数-Gilbert Strang—Linear Algebra and Its Applications 4e_0085_p85_c0,jiaocaineedrop_Evans_PDE_Solution_Chapter_6_Second-Order_Elliptic_Equations.pdf_5_p5_c4",1,True,1.0
What is the result of the LU factorization?,5,book_en_国外数学教材-非数学专业教材-线性代数-Gilbert Strang—Linear Algebra and Its Applications 4e_0085_p85_c1,"book_en_国外数学教材-非数学专业教材-线性代数-Gilbert Strang—Linear Algebra and Its Applications 4e_0085_p85_c1,book_en_国外数学教材-非数学专业教材-线性代数-Gilbert Strang—Linear Algebra and Its Applications 4e_0085_p85_c0,jiaocaineedrop_Evans_PDE_Solution_Chapter_6_Second-Order_Elliptic_Equations.pdf_5_p5_c4,book_en_国外数学教材-非数学专业教材-线性代数-Gilbert Strang—Linear Algebra and Its Applications 4e_0035_p35_c3,jiaocaineedrop_Evans_PDE_Solution_Chapter_6_Second-Order_Elliptic_Equations.pdf_5_p5_c2",1,True,1.0
What is the result of the row operations applied to the matrix?,1,PPT_lay_linalg5_01_05_page_004_p4_c0,PPT_lay_linalg5_01_05_page_009_p9_c0,0,False,0.0
What is the result of the row operations applied to the matrix?,3,PPT_lay_linalg5_01_05_page_004_p4_c0,"PPT_lay_linalg5_01_05_page_009_p9_c0,book_en_国外数学教材-非数学专业教材-线性代数-Gilbert Strang—Linear Algebra and Its Applications 4e_0242_p242_c0,book_en_国外数学教材-非数学专业教材-线性代数-Gilbert Strang—Linear Algebra and Its Applications 4e_0242_p242_c1",0,False,0.0
What is the result of the row operations applied to the matrix?,5,PPT_lay_linalg5_01_05_page_004_p4_c0,"PPT_lay_linalg5_01_05_page_009_p9_c0,book_en_国外数学教材-非数学专业教材-线性代数-Gilbert Strang—Linear Algebra and Its Applications 4e_0242_p242_c0,book_en_国外数学教材-非数学专业教材-线性代数-Gilbert Strang—Linear Algebra and Its Applications 4e_0242_p242_c1,exam_paper_en-file-putnam-archive_2011_Solutions_2011s_page_002_p2_c8,exam_paper_en-file-putnam-archive_1995_Solutions_1995s_page_002_p2_c3",0,False,0.0
哪些城市和景区被预测为2021五一假期全国5A级热门爬山景区？,1,yanbaor2_yanbaoPPT_916_p916_c0,yanbaor2_yanbaoPPT_916_p916_c0,1,True,1.0
哪些城市和景区被预测为2021五一假期全国5A级热门爬山景区？,3,yanbaor2_yanbaoPPT_916_p916_c0,"yanbaor2_yanbaoPPT_916_p916_c0,yanbaopptmerge_5473246b8da789b9bfdeef53a70c4d72afd480415d5cbcedb83d105856710328.pdf_8_p8_c3,newspaper_0b1bb8d03b4287eb95f67b68c2cf9f92_1_p1_c28",1,True,1.0
哪些城市和景区被预测为2021五一假期全国5A级热门爬山景区？,5,yanbaor2_yanbaoPPT_916_p916_c0,"yanbaor2_yanbaoPPT_916_p916_c0,yanbaopptmerge_5473246b8da789b9bfdeef53a70c4d72afd480415d5cbcedb83d105856710328.pdf_8_p8_c3,newspaper_0b1bb8d03b4287eb95f67b68c2cf9f92_1_p1_c28,newspaper_0b1bb8d03b4287eb95f67b68c2cf9f92_1_p1_c0,yanbaopptmerge_baa6d02928efcac46ccf7dfd3859de565cfb0bea918ae0ec0eed50944a7c20b4.pdf_11_p11_c1",1,True,1.0
What is the minimum perimeter of triangle ABC according to the document fragment?,1,exam_paper_en-file-putnam-archive_1998_Solutions_1998s_page_002_p2_c0,exam_paper_en-file-putnam-archive_1998_Solutions_1998s_page_002_p2_c0,1,True,1.0
What is the minimum perimeter of triangle ABC according to the document fragment?,3,exam_paper_en-file-putnam-archive_1998_Solutions_1998s_page_002_p2_c0,"exam_paper_en-file-putnam-archive_1998_Solutions_1998s_page_002_p2_c0,jiaocaineedrop_96657786.pdf_0_p0_c1,exam_paper_en-file-putnam-archive_1998_Solutions_1998s_page_002_p2_c1",1,True,1.0
What is the minimum perimeter of triangle ABC according to the document fragment?,5,exam_paper_en-file-putnam-archive_1998_Solutions_1998s_page_002_p2_c0,"exam_paper_en-file-putnam-archive_1998_Solutions_1998s_page_002_p2_c0,jiaocaineedrop_96657786.pdf_0_p0_c1,exam_paper_en-file-putnam-archive_1998_Solutions_1998s_page_002_p2_c1,jiaocaineedrop_jiaocai_needrop_en_1141_p1141_c0,exam_paper_en-file-putnam-archive_2007_Solutions_2007s_page_001_p1_c8",1,True,1.0
What is the value of z₀ in terms of π and 5?,1,exam_paper_en-file-putnam-archive_1998_Solutions_1998s_page_002_p2_c1,docstructbench_dianzishu_zhongwenzaixian-o.O-60403612.pdf_179_p179_c3,0,False,0.0
What is the value of z₀ in terms of π and 5?,3,exam_paper_en-file-putnam-archive_1998_Solutions_1998s_page_002_p2_c1,"docstructbench_dianzishu_zhongwenzaixian-o.O-60403612.pdf_179_p179_c3,docstructbench_dianzishu_zhongwenzaixian-o.O-60403612.pdf_179_p179_c2,jiaocaineedrop_96657786.pdf_0_p0_c4",0,False,0.0
What is the value of z₀ in terms of π and 5?,5,exam_paper_en-file-putnam-archive_1998_Solutions_1998s_page_002_p2_c1,"docstructbench_dianzishu_zhongwenzaixian-o.O-60403612.pdf_179_p179_c3,docstructbench_dianzishu_zhongwenzaixian-o.O-60403612.pdf_179_p179_c2,jiaocaineedrop_96657786.pdf_0_p0_c4,exam_paper_en-file-putnam-archive_1998_Solutions_1998s_page_002_p2_c2,docstructbench_llm-raw-scihub-o.O-j.chroma.2005.03.134.pdf_6_p6_c2",0,False,0.0
What is the value of B in the given expression?,1,exam_paper_en-file-putnam-archive_1998_Solutions_1998s_page_002_p2_c2,jiaocaineedrop_96657786.pdf_0_p0_c4,0,False,0.0
What is the value of B in the given expression?,3,exam_paper_en-file-putnam-archive_1998_Solutions_1998s_page_002_p2_c2,"jiaocaineedrop_96657786.pdf_0_p0_c4,newspaper_The Wall Street Journal - 2025-01-08@magazinesclubnew_page_018_p18_c2,exam_paper_en-file-putnam-archive_2011_Solutions_2011s_page_002_p2_c4",0,False,0.0
What is the value of B in the given expression?,5,exam_paper_en-file-putnam-archive_1998_Solutions_1998s_page_002_p2_c2,"jiaocaineedrop_96657786.pdf_0_p0_c4,newspaper_The Wall Street Journal - 2025-01-08@magazinesclubnew_page_018_p18_c2,exam_paper_en-file-putnam-archive_2011_Solutions_2011s_page_002_p2_c4,jiaocaineedrop_Evans_PDE_Solution_Chapter_6_Second-Order_Elliptic_Equations.pdf_5_p5_c1,exam_paper_en-file-putnam-archive_1995_Solutions_1995s_page_002_p2_c3",0,False,0.0
What is the result when m and n have opposite parity?,1,exam_paper_en-file-putnam-archive_1998_Solutions_1998s_page_002_p2_c3,exam_paper_en-file-putnam-archive_1998_Solutions_1998s_page_002_p2_c3,1,True,1.0
What is the result when m and n have opposite parity?,3,exam_paper_en-file-putnam-archive_1998_Solutions_1998s_page_002_p2_c3,"exam_paper_en-file-putnam-archive_1998_Solutions_1998s_page_002_p2_c3,exam_paper_en-file-putnam-archive_1998_Solutions_1998s_page_002_p2_c4,exam_paper_en-file-putnam-archive_1998_Solutions_1998s_page_002_p2_c2",1,True,1.0
What is the result when m and n have opposite parity?,5,exam_paper_en-file-putnam-archive_1998_Solutions_1998s_page_002_p2_c3,"exam_paper_en-file-putnam-archive_1998_Solutions_1998s_page_002_p2_c3,exam_paper_en-file-putnam-archive_1998_Solutions_1998s_page_002_p2_c4,exam_paper_en-file-putnam-archive_1998_Solutions_1998s_page_002_p2_c2,exam_paper_en-file-putnam-archive_1998_Solutions_1998s_page_002_p2_c5,exam_paper_en-file-putnam-archive_2011_Solutions_2011s_page_002_p2_c7",1,True,1.0
What is the expression for N?,1,exam_paper_en-file-putnam-archive_1998_Solutions_1998s_page_002_p2_c4,exam_paper_en-file-putnam-archive_1998_Solutions_1998s_page_002_p2_c5,0,False,0.0
What is the expression for N?,3,exam_paper_en-file-putnam-archive_1998_Solutions_1998s_page_002_p2_c4,"exam_paper_en-file-putnam-archive_1998_Solutions_1998s_page_002_p2_c5,exam_paper_en-file-putnam-archive_1998_Solutions_1998s_page_002_p2_c6,exam_paper_en-file-putnam-archive_2007_Solutions_2007s_page_005_p5_c1",0,False,0.0
What is the expression for N?,5,exam_paper_en-file-putnam-archive_1998_Solutions_1998s_page_002_p2_c4,"exam_paper_en-file-putnam-archive_1998_Solutions_1998s_page_002_p2_c5,exam_paper_en-file-putnam-archive_1998_Solutions_1998s_page_002_p2_c6,exam_paper_en-file-putnam-archive_2007_Solutions_2007s_page_005_p5_c1,exam_paper_en-file-putnam-archive_1995_Solutions_1995s_page_002_p2_c8,book_en_国外数学教材-数论-Melvyn B. Nathanson—Elementary Methods in Number Theory_0451_p451_c1",0,False,0.0
What is the value of $ N $?,1,exam_paper_en-file-putnam-archive_1998_Solutions_1998s_page_002_p2_c5,exam_paper_en-file-putnam-archive_1998_Solutions_1998s_page_002_p2_c5,1,True,1.0
What is the value of $ N $?,3,exam_paper_en-file-putnam-archive_1998_Solutions_1998s_page_002_p2_c5,"exam_paper_en-file-putnam-archive_1998_Solutions_1998s_page_002_p2_c5,docstructbench_dianzishu_zhongwenzaixian-o.O-60403612.pdf_179_p179_c0,docstructbench_dianzishu_zhongwenzaixian-o.O-60403612.pdf_179_p179_c1",1,True,1.0
What is the value of $ N $?,5,exam_paper_en-file-putnam-archive_1998_Solutions_1998s_page_002_p2_c5,"exam_paper_en-file-putnam-archive_1998_Solutions_1998s_page_002_p2_c5,docstructbench_dianzishu_zhongwenzaixian-o.O-60403612.pdf_179_p179_c0,docstructbench_dianzishu_zhongwenzaixian-o.O-60403612.pdf_179_p179_c1,exam_paper_en-file-putnam-archive_2006_Solutions_2006s_page_006_p6_c8,exam_paper_en-file-putnam-archive_1999_Solutions_1999s_page_002_p2_c0",1,True,1.0
What is the thousandth digit of the first 1000 digits of $ \sqrt{N} $?,1,exam_paper_en-file-putnam-archive_1998_Solutions_1998s_page_002_p2_c6,exam_paper_en-file-putnam-archive_1998_Solutions_1998s_page_002_p2_c5,0,False,0.0
What is the thousandth digit of the first 1000 digits of $ \sqrt{N} $?,3,exam_paper_en-file-putnam-archive_1998_Solutions_1998s_page_002_p2_c6,"exam_paper_en-file-putnam-archive_1998_Solutions_1998s_page_002_p2_c5,exam_paper_en-file-putnam-archive_1998_Solutions_1998s_page_002_p2_c6,docstructbench_dianzishu_zhongwenzaixian-o.O-61523162.pdf_276_p276_c4",2,True,1.0
What is the thousandth digit of the first 1000 digits of $ \sqrt{N} $?,5,exam_paper_en-file-putnam-archive_1998_Solutions_1998s_page_002_p2_c6,"exam_paper_en-file-putnam-archive_1998_Solutions_1998s_page_002_p2_c5,exam_paper_en-file-putnam-archive_1998_Solutions_1998s_page_002_p2_c6,docstructbench_dianzishu_zhongwenzaixian-o.O-61523162.pdf_276_p276_c4,jiaocaineedrop_96657786.pdf_0_p0_c3,jiaocaineedrop_jiaocai_needrop_en_1564_p1564_c5",2,True,1.0
What is the discriminant of P called in the context of the Euclidean algorithm?,1,exam_paper_en-file-putnam-archive_1998_Solutions_1998s_page_002_p2_c7,exam_paper_en-file-putnam-archive_1998_Solutions_1998s_page_002_p2_c7,1,True,1.0
What is the discriminant of P called in the context of the Euclidean algorithm?,3,exam_paper_en-file-putnam-archive_1998_Solutions_1998s_page_002_p2_c7,"exam_paper_en-file-putnam-archive_1998_Solutions_1998s_page_002_p2_c7,exam_paper_en-file-putnam-archive_1999_Solutions_1999s_page_002_p2_c3,book_en_国外数学教材-数论-Melvyn B. Nathanson—Elementary Methods in Number Theory_0035_p35_c2",1,True,1.0
What is the discriminant of P called in the context of the Euclidean algorithm?,5,exam_paper_en-file-putnam-archive_1998_Solutions_1998s_page_002_p2_c7,"exam_paper_en-file-putnam-archive_1998_Solutions_1998s_page_002_p2_c7,exam_paper_en-file-putnam-archive_1999_Solutions_1999s_page_002_p2_c3,book_en_国外数学教材-数论-Melvyn B. Nathanson—Elementary Methods in Number Theory_0035_p35_c2,book_en_国外数学教材-数论-Melvyn B. Nathanson—Elementary Methods in Number Theory_0035_p35_c1,exam_paper_en-file-putnam-archive_2009_Solutions_2009s_page_003_p3_c7",1,True,1.0
What is the condition for $ P(n+kp) $ to not be a perfect square?,1,exam_paper_en-file-putnam-archive_1998_Solutions_1998s_page_002_p2_c8,exam_paper_en-file-putnam-archive_1998_Solutions_1998s_page_002_p2_c8,1,True,1.0
What is the condition for $ P(n+kp) $ to not be a perfect square?,3,exam_paper_en-file-putnam-archive_1998_Solutions_1998s_page_002_p2_c8,"exam_paper_en-file-putnam-archive_1998_Solutions_1998s_page_002_p2_c8,exam_paper_en-file-putnam-archive_1998_Solutions_1998s_page_002_p2_c6,exam_paper_en-file-putnam-archive_1998_Solutions_1998s_page_002_p2_c9",1,True,1.0
What is the condition for $ P(n+kp) $ to not be a perfect square?,5,exam_paper_en-file-putnam-archive_1998_Solutions_1998s_page_002_p2_c8,"exam_paper_en-file-putnam-archive_1998_Solutions_1998s_page_002_p2_c8,exam_paper_en-file-putnam-archive_1998_Solutions_1998s_page_002_p2_c6,exam_paper_en-file-putnam-archive_1998_Solutions_1998s_page_002_p2_c9,exam_paper_en-file-putnam-archive_2002_Solutions_2002s_page_001_p1_c0,exam_paper_en-file-putnam-archive_1996_Solutions_1996s_page_002_p2_c3",1,True,1.0
What is the expression for the square root of $ n^{3} + an^{2} + bn + c $?,1,exam_paper_en-file-putnam-archive_1998_Solutions_1998s_page_002_p2_c10,exam_paper_en-file-putnam-archive_1998_Solutions_1998s_page_002_p2_c9,0,False,0.0
What is the expression for the square root of $ n^{3} + an^{2} + bn + c $?,3,exam_paper_en-file-putnam-archive_1998_Solutions_1998s_page_002_p2_c10,"exam_paper_en-file-putnam-archive_1998_Solutions_1998s_page_002_p2_c9,exam_paper_en-file-putnam-archive_1998_Solutions_1998s_page_002_p2_c6,exam_paper_en-file-putnam-archive_1998_Solutions_1998s_page_002_p2_c5",0,False,0.0
What is the expression for the square root of $ n^{3} + an^{2} + bn + c $?,5,exam_paper_en-file-putnam-archive_1998_Solutions_1998s_page_002_p2_c10,"exam_paper_en-file-putnam-archive_1998_Solutions_1998s_page_002_p2_c9,exam_paper_en-file-putnam-archive_1998_Solutions_1998s_page_002_p2_c6,exam_paper_en-file-putnam-archive_1998_Solutions_1998s_page_002_p2_c5,exam_paper_en-file-putnam-archive_1998_Solutions_1998s_page_002_p2_c10,exam_paper_en-file-putnam-archive_1998_Solutions_1998s_page_002_p2_c8",4,True,1.0
圆 O 与 x 轴的正半轴的交点为 A，点 C，B 在圆 O 上，且点 C 位于第一象限，点 B 的坐标为多少？,1,jiaocaineedrop_jiaocai_needrop_en_1473_p1473_c0,jiaocaineedrop_jiaocai_needrop_en_1473_p1473_c0,1,True,1.0
圆 O 与 x 轴的正半轴的交点为 A，点 C，B 在圆 O 上，且点 C 位于第一象限，点 B 的坐标为多少？,3,jiaocaineedrop_jiaocai_needrop_en_1473_p1473_c0,"jiaocaineedrop_jiaocai_needrop_en_1473_p1473_c0,jiaocaineedrop_jiaocai_needrop_en_1473_p1473_c4,jiaocaineedrop_jiaocai_needrop_en_1473_p1473_c1",1,True,1.0
圆 O 与 x 轴的正半轴的交点为 A，点 C，B 在圆 O 上，且点 C 位于第一象限，点 B 的坐标为多少？,5,jiaocaineedrop_jiaocai_needrop_en_1473_p1473_c0,"jiaocaineedrop_jiaocai_needrop_en_1473_p1473_c0,jiaocaineedrop_jiaocai_needrop_en_1473_p1473_c4,jiaocaineedrop_jiaocai_needrop_en_1473_p1473_c1,jiaocaineedrop_jiaocai_needrop_en_1473_p1473_c3,jiaocaineedrop_jiaocai_needrop_en_1564_p1564_c4",1,True,1.0
问题中提到的国家主席在什么时间发表了讲话？,1,jiaocaineedrop_jiaocai_needrop_en_1473_p1473_c1,jiaocaineedrop_jiaocai_needrop_en_1473_p1473_c1,1,True,1.0
问题中提到的国家主席在什么时间发表了讲话？,3,jiaocaineedrop_jiaocai_needrop_en_1473_p1473_c1,"jiaocaineedrop_jiaocai_needrop_en_1473_p1473_c1,newspaper_0b1bb8d03b4287eb95f67b68c2cf9f92_1_p1_c0,yanbaor2_ea86fd46182ff9b675775645ecaf43782b996ffaeeb09c679f56a47aabfbf6b7.pdf_9_p9_c1",1,True,1.0
问题中提到的国家主席在什么时间发表了讲话？,5,jiaocaineedrop_jiaocai_needrop_en_1473_p1473_c1,"jiaocaineedrop_jiaocai_needrop_en_1473_p1473_c1,newspaper_0b1bb8d03b4287eb95f67b68c2cf9f92_1_p1_c0,yanbaor2_ea86fd46182ff9b675775645ecaf43782b996ffaeeb09c679f56a47aabfbf6b7.pdf_9_p9_c1,newspaper_b95d1d8eb0d756cc94a5d8b5db3cf69b_1_p1_c0,jiaocaineedrop_jiaocai_needrop_en_237_p237_c2",1,True,1.0
如何估计第114株树苗的高度？,1,jiaocaineedrop_jiaocai_needrop_en_1473_p1473_c2,jiaocaineedrop_jiaocai_needrop_en_1473_p1473_c2,1,True,1.0
如何估计第114株树苗的高度？,3,jiaocaineedrop_jiaocai_needrop_en_1473_p1473_c2,"jiaocaineedrop_jiaocai_needrop_en_1473_p1473_c2,jiaocaineedrop_jiaocai_needrop_en_1473_p1473_c1,docstructbench_llm-raw-scihub-o.O-j.chroma.2005.03.134.pdf_6_p6_c3",1,True,1.0
如何估计第114株树苗的高度？,5,jiaocaineedrop_jiaocai_needrop_en_1473_p1473_c2,"jiaocaineedrop_jiaocai_needrop_en_1473_p1473_c2,jiaocaineedrop_jiaocai_needrop_en_1473_p1473_c1,docstructbench_llm-raw-scihub-o.O-j.chroma.2005.03.134.pdf_6_p6_c3,jiaocaineedrop_jiaocai_needrop_en_2893_p2893_c1,jiaocaineedrop_jiaocai_needrop_en_2893_p2893_c0",1,True,1.0
函数 f(x) 的表达式是什么？,1,jiaocaineedrop_jiaocai_needrop_en_1473_p1473_c4,jiaocaineedrop_jiaocai_needrop_en_1473_p1473_c3,0,False,0.0
函数 f(x) 的表达式是什么？,3,jiaocaineedrop_jiaocai_needrop_en_1473_p1473_c4,"jiaocaineedrop_jiaocai_needrop_en_1473_p1473_c3,jiaocaineedrop_96657786.pdf_0_p0_c2,jiaocaineedrop_jiaocai_needrop_en_1564_p1564_c2",0,False,0.0
函数 f(x) 的表达式是什么？,5,jiaocaineedrop_jiaocai_needrop_en_1473_p1473_c4,"jiaocaineedrop_jiaocai_needrop_en_1473_p1473_c3,jiaocaineedrop_96657786.pdf_0_p0_c2,jiaocaineedrop_jiaocai_needrop_en_1564_p1564_c2,jiaocaineedrop_96657786.pdf_0_p0_c5,jiaocaineedrop_jiaocai_needrop_en_1473_p1473_c4",5,True,1.0
扩展不确定度的计算公式是什么？,1,book_zh_CNASGL0092018_extracted_page_73_p73_c0,book_zh_CNASGL0092018_extracted_page_73_p73_c0,1,True,1.0
扩展不确定度的计算公式是什么？,3,book_zh_CNASGL0092018_extracted_page_73_p73_c0,"book_zh_CNASGL0092018_extracted_page_73_p73_c0,book_zh_CNASGL0092018_extracted_page_69_p69_c0,book_zh_CNASGL0092018_extracted_page_69_p69_c2",1,True,1.0
扩展不确定度的计算公式是什么？,5,book_zh_CNASGL0092018_extracted_page_73_p73_c0,"book_zh_CNASGL0092018_extracted_page_73_p73_c0,book_zh_CNASGL0092018_extracted_page_69_p69_c0,book_zh_CNASGL0092018_extracted_page_69_p69_c2,book_zh_CNASGL0092018_extracted_page_69_p69_c1,jiaocaineedrop_96657786.pdf_0_p0_c3",1,True,1.0
What is the main question type in KET writing Part 7?,1,color_textbook_zhonggaokao_小学_KET听说读写逐项突破_KET听说读写逐项突破之轻松搞定KET写作25分 【10讲 褚连一】_第05讲第五课写作Part7详解_第五课写作Part7详解_page_001_p1_c0,color_textbook_zhonggaokao_小学_KET听说读写逐项突破_KET听说读写逐项突破之轻松搞定KET写作25分 【10讲 褚连一】_第05讲第五课写作Part7详解_第五课写作Part7详解_page_001_p1_c0,1,True,1.0
What is the main question type in KET writing Part 7?,3,color_textbook_zhonggaokao_小学_KET听说读写逐项突破_KET听说读写逐项突破之轻松搞定KET写作25分 【10讲 褚连一】_第05讲第五课写作Part7详解_第五课写作Part7详解_page_001_p1_c0,"color_textbook_zhonggaokao_小学_KET听说读写逐项突破_KET听说读写逐项突破之轻松搞定KET写作25分 【10讲 褚连一】_第05讲第五课写作Part7详解_第五课写作Part7详解_page_001_p1_c0,color_textbook_zhonggaokao_小学_KET听说读写逐项突破_KET听说读写逐项突破之轻松搞定KET写作25分 【10讲 褚连一】_第05讲第五课写作Part7详解_第五课写作Part7详解_page_001_p1_c1,exam_paper_2004-2019上海高考英语听力原文和答案_page_017_p17_c0",1,True,1.0
What is the main question type in KET writing Part 7?,5,color_textbook_zhonggaokao_小学_KET听说读写逐项突破_KET听说读写逐项突破之轻松搞定KET写作25分 【10讲 褚连一】_第05讲第五课写作Part7详解_第五课写作Part7详解_page_001_p1_c0,"color_textbook_zhonggaokao_小学_KET听说读写逐项突破_KET听说读写逐项突破之轻松搞定KET写作25分 【10讲 褚连一】_第05讲第五课写作Part7详解_第五课写作Part7详解_page_001_p1_c0,color_textbook_zhonggaokao_小学_KET听说读写逐项突破_KET听说读写逐项突破之轻松搞定KET写作25分 【10讲 褚连一】_第05讲第五课写作Part7详解_第五课写作Part7详解_page_001_p1_c1,exam_paper_2004-2019上海高考英语听力原文和答案_page_017_p17_c0,newspaper_The Globe and Mail - 2025-1-8@magazinesclubnew_page_014_p14_c22,notes_f7f010b78016aeebd76e56d9283eb67f_114_p114_c1",1,True,1.0
What is the date of Janet's birthday?,1,color_textbook_zhonggaokao_小学_KET听说读写逐项突破_KET听说读写逐项突破之轻松搞定KET写作25分 【10讲 褚连一】_第05讲第五课写作Part7详解_第五课写作Part7详解_page_001_p1_c1,color_textbook_zhonggaokao_小学_KET听说读写逐项突破_KET听说读写逐项突破之轻松搞定KET写作25分 【10讲 褚连一】_第05讲第五课写作Part7详解_第五课写作Part7详解_page_001_p1_c1,1,True,1.0
What is the date of Janet's birthday?,3,color_textbook_zhonggaokao_小学_KET听说读写逐项突破_KET听说读写逐项突破之轻松搞定KET写作25分 【10讲 褚连一】_第05讲第五课写作Part7详解_第五课写作Part7详解_page_001_p1_c1,"color_textbook_zhonggaokao_小学_KET听说读写逐项突破_KET听说读写逐项突破之轻松搞定KET写作25分 【10讲 褚连一】_第05讲第五课写作Part7详解_第五课写作Part7详解_page_001_p1_c1,newspaper_The Globe and Mail - 2025-1-8@magazinesclubnew_page_014_p14_c3,newspaper_The Globe and Mail - 2025-1-8@magazinesclubnew_page_014_p14_c6",1,True,1.0
What is the date of Janet's birthday?,5,color_textbook_zhonggaokao_小学_KET听说读写逐项突破_KET听说读写逐项突破之轻松搞定KET写作25分 【10讲 褚连一】_第05讲第五课写作Part7详解_第五课写作Part7详解_page_001_p1_c1,"color_textbook_zhonggaokao_小学_KET听说读写逐项突破_KET听说读写逐项突破之轻松搞定KET写作25分 【10讲 褚连一】_第05讲第五课写作Part7详解_第五课写作Part7详解_page_001_p1_c1,newspaper_The Globe and Mail - 2025-1-8@magazinesclubnew_page_014_p14_c3,newspaper_The Globe and Mail - 2025-1-8@magazinesclubnew_page_014_p14_c6,newspaper_The Globe and Mail - 2025-1-8@magazinesclubnew_page_014_p14_c4,newspaper_The Globe and Mail - 2025-1-8@magazinesclubnew_page_014_p14_c11",1,True,1.0
温水脱毒处理的甘蔗种苗在田间栽种管理上有什么特点？,1,newspaper_fe2c8b45b2a086cd75984640bb3080e1_1_p1_c0,newspaper_fe2c8b45b2a086cd75984640bb3080e1_1_p1_c0,1,True,1.0
温水脱毒处理的甘蔗种苗在田间栽种管理上有什么特点？,3,newspaper_fe2c8b45b2a086cd75984640bb3080e1_1_p1_c0,"newspaper_fe2c8b45b2a086cd75984640bb3080e1_1_p1_c0,newspaper_fe2c8b45b2a086cd75984640bb3080e1_1_p1_c1,newspaper_fe2c8b45b2a086cd75984640bb3080e1_1_p1_c8",1,True,1.0
温水脱毒处理的甘蔗种苗在田间栽种管理上有什么特点？,5,newspaper_fe2c8b45b2a086cd75984640bb3080e1_1_p1_c0,"newspaper_fe2c8b45b2a086cd75984640bb3080e1_1_p1_c0,newspaper_fe2c8b45b2a086cd75984640bb3080e1_1_p1_c1,newspaper_fe2c8b45b2a086cd75984640bb3080e1_1_p1_c8,newspaper_fe2c8b45b2a086cd75984640bb3080e1_1_p1_c9,newspaper_fe2c8b45b2a086cd75984640bb3080e1_1_p1_c5",1,True,1.0
海丰种业与上海农科院共同组建了哪些研发中心？,1,newspaper_fe2c8b45b2a086cd75984640bb3080e1_1_p1_c2,newspaper_fe2c8b45b2a086cd75984640bb3080e1_1_p1_c2,1,True,1.0
海丰种业与上海农科院共同组建了哪些研发中心？,3,newspaper_fe2c8b45b2a086cd75984640bb3080e1_1_p1_c2,"newspaper_fe2c8b45b2a086cd75984640bb3080e1_1_p1_c2,newspaper_fe2c8b45b2a086cd75984640bb3080e1_1_p1_c1,newspaper_fe2c8b45b2a086cd75984640bb3080e1_1_p1_c5",1,True,1.0
海丰种业与上海农科院共同组建了哪些研发中心？,5,newspaper_fe2c8b45b2a086cd75984640bb3080e1_1_p1_c2,"newspaper_fe2c8b45b2a086cd75984640bb3080e1_1_p1_c2,newspaper_fe2c8b45b2a086cd75984640bb3080e1_1_p1_c1,newspaper_fe2c8b45b2a086cd75984640bb3080e1_1_p1_c5,newspaper_fe2c8b45b2a086cd75984640bb3080e1_1_p1_c6,newspaper_fe2c8b45b2a086cd75984640bb3080e1_1_p1_c4",1,True,1.0
朱英国团队在上世纪80年代发现了什么新的雄性不育细胞质类型？,1,newspaper_fe2c8b45b2a086cd75984640bb3080e1_1_p1_c3,newspaper_fe2c8b45b2a086cd75984640bb3080e1_1_p1_c4,0,False,0.0
朱英国团队在上世纪80年代发现了什么新的雄性不育细胞质类型？,3,newspaper_fe2c8b45b2a086cd75984640bb3080e1_1_p1_c3,"newspaper_fe2c8b45b2a086cd75984640bb3080e1_1_p1_c4,newspaper_fe2c8b45b2a086cd75984640bb3080e1_1_p1_c3,newspaper_fe2c8b45b2a086cd75984640bb3080e1_1_p1_c5",2,True,1.0
朱英国团队在上世纪80年代发现了什么新的雄性不育细胞质类型？,5,newspaper_fe2c8b45b2a086cd75984640bb3080e1_1_p1_c3,"newspaper_fe2c8b45b2a086cd75984640bb3080e1_1_p1_c4,newspaper_fe2c8b45b2a086cd75984640bb3080e1_1_p1_c3,newspaper_fe2c8b45b2a086cd75984640bb3080e1_1_p1_c5,newspaper_fe2c8b45b2a086cd75984640bb3080e1_1_p1_c2,color_textbook_zhonggaokao_小学_KET听说读写逐项突破_KET听说读写逐项突破之轻松搞定KET写作25分 【10讲 褚连一】_第10讲第十课写作Part9小作文练习_第十课写作Part9小作文练习_page_010_p10_c2",2,True,1.0
朱英国团队如何确保繁殖优质、高产的亲本？,1,newspaper_fe2c8b45b2a086cd75984640bb3080e1_1_p1_c4,newspaper_fe2c8b45b2a086cd75984640bb3080e1_1_p1_c4,1,True,1.0
朱英国团队如何确保繁殖优质、高产的亲本？,3,newspaper_fe2c8b45b2a086cd75984640bb3080e1_1_p1_c4,"newspaper_fe2c8b45b2a086cd75984640bb3080e1_1_p1_c4,newspaper_fe2c8b45b2a086cd75984640bb3080e1_1_p1_c3,newspaper_fe2c8b45b2a086cd75984640bb3080e1_1_p1_c2",1,True,1.0
朱英国团队如何确保繁殖优质、高产的亲本？,5,newspaper_fe2c8b45b2a086cd75984640bb3080e1_1_p1_c4,"newspaper_fe2c8b45b2a086cd75984640bb3080e1_1_p1_c4,newspaper_fe2c8b45b2a086cd75984640bb3080e1_1_p1_c3,newspaper_fe2c8b45b2a086cd75984640bb3080e1_1_p1_c2,newspaper_fe2c8b45b2a086cd75984640bb3080e1_1_p1_c5,newspaper_fe2c8b45b2a086cd75984640bb3080e1_1_p1_c8",1,True,1.0
红莲型杂交水稻在越南创下哪三项第一？,1,newspaper_fe2c8b45b2a086cd75984640bb3080e1_1_p1_c5,newspaper_fe2c8b45b2a086cd75984640bb3080e1_1_p1_c5,1,True,1.0
红莲型杂交水稻在越南创下哪三项第一？,3,newspaper_fe2c8b45b2a086cd75984640bb3080e1_1_p1_c5,"newspaper_fe2c8b45b2a086cd75984640bb3080e1_1_p1_c5,newspaper_fe2c8b45b2a086cd75984640bb3080e1_1_p1_c4,newspaper_fe2c8b45b2a086cd75984640bb3080e1_1_p1_c3",1,True,1.0
红莲型杂交水稻在越南创下哪三项第一？,5,newspaper_fe2c8b45b2a086cd75984640bb3080e1_1_p1_c5,"newspaper_fe2c8b45b2a086cd75984640bb3080e1_1_p1_c5,newspaper_fe2c8b45b2a086cd75984640bb3080e1_1_p1_c4,newspaper_fe2c8b45b2a086cd75984640bb3080e1_1_p1_c3,newspaper_fe2c8b45b2a086cd75984640bb3080e1_1_p1_c2,newspaper_fe2c8b45b2a086cd75984640bb3080e1_1_p1_c6",1,True,1.0
滑丰种业如何实现新品种的高产记录？,1,newspaper_fe2c8b45b2a086cd75984640bb3080e1_1_p1_c6,newspaper_fe2c8b45b2a086cd75984640bb3080e1_1_p1_c6,1,True,1.0
滑丰种业如何实现新品种的高产记录？,3,newspaper_fe2c8b45b2a086cd75984640bb3080e1_1_p1_c6,"newspaper_fe2c8b45b2a086cd75984640bb3080e1_1_p1_c6,newspaper_fe2c8b45b2a086cd75984640bb3080e1_1_p1_c7,newspaper_fe2c8b45b2a086cd75984640bb3080e1_1_p1_c5",1,True,1.0
滑丰种业如何实现新品种的高产记录？,5,newspaper_fe2c8b45b2a086cd75984640bb3080e1_1_p1_c6,"newspaper_fe2c8b45b2a086cd75984640bb3080e1_1_p1_c6,newspaper_fe2c8b45b2a086cd75984640bb3080e1_1_p1_c7,newspaper_fe2c8b45b2a086cd75984640bb3080e1_1_p1_c5,newspaper_fe2c8b45b2a086cd75984640bb3080e1_1_p1_c8,newspaper_fe2c8b45b2a086cd75984640bb3080e1_1_p1_c1",1,True,1.0
赵秀珍如何确保种子质量不达标不流入市场？,1,newspaper_fe2c8b45b2a086cd75984640bb3080e1_1_p1_c7,newspaper_fe2c8b45b2a086cd75984640bb3080e1_1_p1_c7,1,True,1.0
赵秀珍如何确保种子质量不达标不流入市场？,3,newspaper_fe2c8b45b2a086cd75984640bb3080e1_1_p1_c7,"newspaper_fe2c8b45b2a086cd75984640bb3080e1_1_p1_c7,newspaper_fe2c8b45b2a086cd75984640bb3080e1_1_p1_c6,newspaper_fe2c8b45b2a086cd75984640bb3080e1_1_p1_c8",1,True,1.0
赵秀珍如何确保种子质量不达标不流入市场？,5,newspaper_fe2c8b45b2a086cd75984640bb3080e1_1_p1_c7,"newspaper_fe2c8b45b2a086cd75984640bb3080e1_1_p1_c7,newspaper_fe2c8b45b2a086cd75984640bb3080e1_1_p1_c6,newspaper_fe2c8b45b2a086cd75984640bb3080e1_1_p1_c8,newspaper_fe2c8b45b2a086cd75984640bb3080e1_1_p1_c9,newspaper_fe2c8b45b2a086cd75984640bb3080e1_1_p1_c5",1,True,1.0
赵秀珍如何保证随时为农户服务？,1,newspaper_fe2c8b45b2a086cd75984640bb3080e1_1_p1_c8,newspaper_fe2c8b45b2a086cd75984640bb3080e1_1_p1_c7,0,False,0.0
赵秀珍如何保证随时为农户服务？,3,newspaper_fe2c8b45b2a086cd75984640bb3080e1_1_p1_c8,"newspaper_fe2c8b45b2a086cd75984640bb3080e1_1_p1_c7,newspaper_fe2c8b45b2a086cd75984640bb3080e1_1_p1_c8,newspaper_fe2c8b45b2a086cd75984640bb3080e1_1_p1_c6",2,True,1.0
赵秀珍如何保证随时为农户服务？,5,newspaper_fe2c8b45b2a086cd75984640bb3080e1_1_p1_c8,"newspaper_fe2c8b45b2a086cd75984640bb3080e1_1_p1_c7,newspaper_fe2c8b45b2a086cd75984640bb3080e1_1_p1_c8,newspaper_fe2c8b45b2a086cd75984640bb3080e1_1_p1_c6,newspaper_eb569707cf5621d4c71d5898216cdb17_1_p1_c3,newspaper_35bdaa11dec104ccbdc9e19ac8527d21_1_p1_c9",2,True,1.0
哪些人获得了湖北省种子集团有限公司2010年度水稻种子营销奖励？,1,newspaper_fe2c8b45b2a086cd75984640bb3080e1_1_p1_c9,newspaper_fe2c8b45b2a086cd75984640bb3080e1_1_p1_c9,1,True,1.0
哪些人获得了湖北省种子集团有限公司2010年度水稻种子营销奖励？,3,newspaper_fe2c8b45b2a086cd75984640bb3080e1_1_p1_c9,"newspaper_fe2c8b45b2a086cd75984640bb3080e1_1_p1_c9,newspaper_fe2c8b45b2a086cd75984640bb3080e1_1_p1_c5,newspaper_fe2c8b45b2a086cd75984640bb3080e1_1_p1_c4",1,True,1.0
哪些人获得了湖北省种子集团有限公司2010年度水稻种子营销奖励？,5,newspaper_fe2c8b45b2a086cd75984640bb3080e1_1_p1_c9,"newspaper_fe2c8b45b2a086cd75984640bb3080e1_1_p1_c9,newspaper_fe2c8b45b2a086cd75984640bb3080e1_1_p1_c5,newspaper_fe2c8b45b2a086cd75984640bb3080e1_1_p1_c4,newspaper_fe2c8b45b2a086cd75984640bb3080e1_1_p1_c3,newspaper_0b1bb8d03b4287eb95f67b68c2cf9f92_1_p1_c7",1,True,1.0
正雅齿科的差异化产品有哪些？,1,yanbaor2_bfe5f11c4ad2e94d966ef6801dc992816f42c9150e2be42b008c95f59713e901.pdf_139_p139_c0,yanbaor2_bfe5f11c4ad2e94d966ef6801dc992816f42c9150e2be42b008c95f59713e901.pdf_139_p139_c1,0,False,0.0
正雅齿科的差异化产品有哪些？,3,yanbaor2_bfe5f11c4ad2e94d966ef6801dc992816f42c9150e2be42b008c95f59713e901.pdf_139_p139_c0,"yanbaor2_bfe5f11c4ad2e94d966ef6801dc992816f42c9150e2be42b008c95f59713e901.pdf_139_p139_c1,yanbaor2_bfe5f11c4ad2e94d966ef6801dc992816f42c9150e2be42b008c95f59713e901.pdf_139_p139_c0,yanbaor2_bfe5f11c4ad2e94d966ef6801dc992816f42c9150e2be42b008c95f59713e901.pdf_137_p137_c1",2,True,1.0
正雅齿科的差异化产品有哪些？,5,yanbaor2_bfe5f11c4ad2e94d966ef6801dc992816f42c9150e2be42b008c95f59713e901.pdf_139_p139_c0,"yanbaor2_bfe5f11c4ad2e94d966ef6801dc992816f42c9150e2be42b008c95f59713e901.pdf_139_p139_c1,yanbaor2_bfe5f11c4ad2e94d966ef6801dc992816f42c9150e2be42b008c95f59713e901.pdf_139_p139_c0,yanbaor2_bfe5f11c4ad2e94d966ef6801dc992816f42c9150e2be42b008c95f59713e901.pdf_137_p137_c1,yanbaor2_bfe5f11c4ad2e94d966ef6801dc992816f42c9150e2be42b008c95f59713e901.pdf_137_p137_c0,newspaper_35bdaa11dec104ccbdc9e19ac8527d21_1_p1_c2",2,True,1.0
正雅齿科的产品覆盖哪些年龄段的用户？,1,yanbaor2_bfe5f11c4ad2e94d966ef6801dc992816f42c9150e2be42b008c95f59713e901.pdf_139_p139_c1,yanbaor2_bfe5f11c4ad2e94d966ef6801dc992816f42c9150e2be42b008c95f59713e901.pdf_139_p139_c1,1,True,1.0
正雅齿科的产品覆盖哪些年龄段的用户？,3,yanbaor2_bfe5f11c4ad2e94d966ef6801dc992816f42c9150e2be42b008c95f59713e901.pdf_139_p139_c1,"yanbaor2_bfe5f11c4ad2e94d966ef6801dc992816f42c9150e2be42b008c95f59713e901.pdf_139_p139_c1,yanbaor2_bfe5f11c4ad2e94d966ef6801dc992816f42c9150e2be42b008c95f59713e901.pdf_139_p139_c0,eastmoney_f671ab94bf8b8274d6736f1a3dc775b3b74fa68686df2946aa5307b6b2a32062.pdf_18_p18_c0",1,True,1.0
正雅齿科的产品覆盖哪些年龄段的用户？,5,yanbaor2_bfe5f11c4ad2e94d966ef6801dc992816f42c9150e2be42b008c95f59713e901.pdf_139_p139_c1,"yanbaor2_bfe5f11c4ad2e94d966ef6801dc992816f42c9150e2be42b008c95f59713e901.pdf_139_p139_c1,yanbaor2_bfe5f11c4ad2e94d966ef6801dc992816f42c9150e2be42b008c95f59713e901.pdf_139_p139_c0,eastmoney_f671ab94bf8b8274d6736f1a3dc775b3b74fa68686df2946aa5307b6b2a32062.pdf_18_p18_c0,yanbaor2_bfe5f11c4ad2e94d966ef6801dc992816f42c9150e2be42b008c95f59713e901.pdf_137_p137_c0,yanbaor2_bfe5f11c4ad2e94d966ef6801dc992816f42c9150e2be42b008c95f59713e901.pdf_137_p137_c1",1,True,1.0
Who was offered refuge at Microsoft on November 20th?,1,magazine_TheEconomist.2023.11.25_page_069_p69_c0,magazine_TheEconomist.2023.11.25_page_069_p69_c0,1,True,1.0
Who was offered refuge at Microsoft on November 20th?,3,magazine_TheEconomist.2023.11.25_page_069_p69_c0,"magazine_TheEconomist.2023.11.25_page_069_p69_c0,magazine_TheEconomist.2023.11.25_page_069_p69_c4,magazine_TheEconomist.2023.11.25_page_069_p69_c3",1,True,1.0
Who was offered refuge at Microsoft on November 20th?,5,magazine_TheEconomist.2023.11.25_page_069_p69_c0,"magazine_TheEconomist.2023.11.25_page_069_p69_c0,magazine_TheEconomist.2023.11.25_page_069_p69_c4,magazine_TheEconomist.2023.11.25_page_069_p69_c3,magazine_TheEconomist.2023.11.25_page_069_p69_c1,magazine_TheEconomist.2024.03.09_page_064_p64_c3",1,True,1.0
What breakthrough did OpenAI make according to insiders?,1,magazine_TheEconomist.2023.11.25_page_069_p69_c2,magazine_TheEconomist.2023.11.25_page_069_p69_c2,1,True,1.0
What breakthrough did OpenAI make according to insiders?,3,magazine_TheEconomist.2023.11.25_page_069_p69_c2,"magazine_TheEconomist.2023.11.25_page_069_p69_c2,magazine_TheEconomist.2023.11.25_page_069_p69_c1,magazine_TheEconomist.2024.03.09_page_064_p64_c7",1,True,1.0
What breakthrough did OpenAI make according to insiders?,5,magazine_TheEconomist.2023.11.25_page_069_p69_c2,"magazine_TheEconomist.2023.11.25_page_069_p69_c2,magazine_TheEconomist.2023.11.25_page_069_p69_c1,magazine_TheEconomist.2024.03.09_page_064_p64_c7,magazine_TheEconomist.2023.11.25_page_069_p69_c4,magazine_TheEconomist.2023.11.25_page_069_p69_c0",1,True,1.0
Which company offered to create a new in-house AI lab for Ms Toner and Mr Altman?,1,magazine_TheEconomist.2023.11.25_page_069_p69_c3,magazine_TheEconomist.2023.11.25_page_069_p69_c4,0,False,0.0
Which company offered to create a new in-house AI lab for Ms Toner and Mr Altman?,3,magazine_TheEconomist.2023.11.25_page_069_p69_c3,"magazine_TheEconomist.2023.11.25_page_069_p69_c4,magazine_TheEconomist.2023.11.25_page_069_p69_c3,magazine_TheEconomist.2023.11.25_page_069_p69_c1",2,True,1.0
Which company offered to create a new in-house AI lab for Ms Toner and Mr Altman?,5,magazine_TheEconomist.2023.11.25_page_069_p69_c3,"magazine_TheEconomist.2023.11.25_page_069_p69_c4,magazine_TheEconomist.2023.11.25_page_069_p69_c3,magazine_TheEconomist.2023.11.25_page_069_p69_c1,magazine_TheEconomist.2023.11.25_page_069_p69_c0,magazine_TheEconomist.2023.11.25_page_069_p69_c2",2,True,1.0
Who are the individuals who are out of OpenAI after the deal?,1,magazine_TheEconomist.2023.11.25_page_069_p69_c4,magazine_TheEconomist.2023.11.25_page_069_p69_c4,1,True,1.0
Who are the individuals who are out of OpenAI after the deal?,3,magazine_TheEconomist.2023.11.25_page_069_p69_c4,"magazine_TheEconomist.2023.11.25_page_069_p69_c4,magazine_TheEconomist.2023.11.25_page_069_p69_c0,magazine_TheEconomist.2023.11.25_page_069_p69_c3",1,True,1.0
Who are the individuals who are out of OpenAI after the deal?,5,magazine_TheEconomist.2023.11.25_page_069_p69_c4,"magazine_TheEconomist.2023.11.25_page_069_p69_c4,magazine_TheEconomist.2023.11.25_page_069_p69_c0,magazine_TheEconomist.2023.11.25_page_069_p69_c3,magazine_TheEconomist.2023.11.25_page_069_p69_c2,magazine_TheEconomist.2023.11.25_page_069_p69_c1",1,True,1.0
Who is not returning along with Mr Altman?,1,magazine_TheEconomist.2023.11.25_page_069_p69_c5,magazine_TheEconomist.2023.11.25_page_069_p69_c5,1,True,1.0
Who is not returning along with Mr Altman?,3,magazine_TheEconomist.2023.11.25_page_069_p69_c5,"magazine_TheEconomist.2023.11.25_page_069_p69_c5,magazine_TheEconomist.2023.11.25_page_069_p69_c4,magazine_TheEconomist.2023.11.25_page_069_p69_c1",1,True,1.0
Who is not returning along with Mr Altman?,5,magazine_TheEconomist.2023.11.25_page_069_p69_c5,"magazine_TheEconomist.2023.11.25_page_069_p69_c5,magazine_TheEconomist.2023.11.25_page_069_p69_c4,magazine_TheEconomist.2023.11.25_page_069_p69_c1,magazine_TheEconomist.2023.11.25_page_069_p69_c0,magazine_TheEconomist.2023.11.25_page_069_p69_c2",1,True,1.0
What is the RSD (%) for PCB congener 15?,1,docstructbench_llm-raw-scihub-o.O-j.chroma.2005.03.134.pdf_6_p6_c0,docstructbench_llm-raw-scihub-o.O-j.chroma.2005.03.134.pdf_6_p6_c0,1,True,1.0
What is the RSD (%) for PCB congener 15?,3,docstructbench_llm-raw-scihub-o.O-j.chroma.2005.03.134.pdf_6_p6_c0,"docstructbench_llm-raw-scihub-o.O-j.chroma.2005.03.134.pdf_6_p6_c0,docstructbench_llm-raw-scihub-o.O-j.chroma.2005.03.134.pdf_6_p6_c7,docstructbench_llm-raw-scihub-o.O-j.chroma.2005.03.134.pdf_6_p6_c1",1,True,1.0
What is the RSD (%) for PCB congener 15?,5,docstructbench_llm-raw-scihub-o.O-j.chroma.2005.03.134.pdf_6_p6_c0,"docstructbench_llm-raw-scihub-o.O-j.chroma.2005.03.134.pdf_6_p6_c0,docstructbench_llm-raw-scihub-o.O-j.chroma.2005.03.134.pdf_6_p6_c7,docstructbench_llm-raw-scihub-o.O-j.chroma.2005.03.134.pdf_6_p6_c1,docstructbench_llm-raw-scihub-o.O-j.chroma.2005.03.134.pdf_6_p6_c4,docstructbench_llm-raw-scihub-o.O-j.chroma.2005.03.134.pdf_6_p6_c6",1,True,1.0
What is the m/z value for Tetrachlorobiphenyl?,1,docstructbench_llm-raw-scihub-o.O-j.chroma.2005.03.134.pdf_6_p6_c1,docstructbench_llm-raw-scihub-o.O-j.chroma.2005.03.134.pdf_6_p6_c1,1,True,1.0
What is the m/z value for Tetrachlorobiphenyl?,3,docstructbench_llm-raw-scihub-o.O-j.chroma.2005.03.134.pdf_6_p6_c1,"docstructbench_llm-raw-scihub-o.O-j.chroma.2005.03.134.pdf_6_p6_c1,docstructbench_llm-raw-scihub-o.O-j.chroma.2005.03.134.pdf_6_p6_c4,docstructbench_llm-raw-scihub-o.O-j.chroma.2005.03.134.pdf_6_p6_c0",1,True,1.0
What is the m/z value for Tetrachlorobiphenyl?,5,docstructbench_llm-raw-scihub-o.O-j.chroma.2005.03.134.pdf_6_p6_c1,"docstructbench_llm-raw-scihub-o.O-j.chroma.2005.03.134.pdf_6_p6_c1,docstructbench_llm-raw-scihub-o.O-j.chroma.2005.03.134.pdf_6_p6_c4,docstructbench_llm-raw-scihub-o.O-j.chroma.2005.03.134.pdf_6_p6_c0,docstructbench_llm-raw-scihub-o.O-j.chroma.2005.03.134.pdf_6_p6_c5,docstructbench_llm-raw-scihub-o.O-j.chroma.2005.03.134.pdf_6_p6_c2",1,True,1.0
What is the m/z value for Pentachlorobiphenyl?,1,docstructbench_llm-raw-scihub-o.O-j.chroma.2005.03.134.pdf_6_p6_c2,docstructbench_llm-raw-scihub-o.O-j.chroma.2005.03.134.pdf_6_p6_c2,1,True,1.0
What is the m/z value for Pentachlorobiphenyl?,3,docstructbench_llm-raw-scihub-o.O-j.chroma.2005.03.134.pdf_6_p6_c2,"docstructbench_llm-raw-scihub-o.O-j.chroma.2005.03.134.pdf_6_p6_c2,docstructbench_llm-raw-scihub-o.O-j.chroma.2005.03.134.pdf_6_p6_c4,docstructbench_llm-raw-scihub-o.O-j.chroma.2005.03.134.pdf_6_p6_c5",1,True,1.0
What is the m/z value for Pentachlorobiphenyl?,5,docstructbench_llm-raw-scihub-o.O-j.chroma.2005.03.134.pdf_6_p6_c2,"docstructbench_llm-raw-scihub-o.O-j.chroma.2005.03.134.pdf_6_p6_c2,docstructbench_llm-raw-scihub-o.O-j.chroma.2005.03.134.pdf_6_p6_c4,docstructbench_llm-raw-scihub-o.O-j.chroma.2005.03.134.pdf_6_p6_c5,docstructbench_llm-raw-scihub-o.O-j.chroma.2005.03.134.pdf_6_p6_c1,docstructbench_llm-raw-scihub-o.O-j.chroma.2005.03.134.pdf_6_p6_c0",1,True,1.0
What is the m/z value for Hexachlorobiphenyl?,1,docstructbench_llm-raw-scihub-o.O-j.chroma.2005.03.134.pdf_6_p6_c3,docstructbench_llm-raw-scihub-o.O-j.chroma.2005.03.134.pdf_6_p6_c3,1,True,1.0
What is the m/z value for Hexachlorobiphenyl?,3,docstructbench_llm-raw-scihub-o.O-j.chroma.2005.03.134.pdf_6_p6_c3,"docstructbench_llm-raw-scihub-o.O-j.chroma.2005.03.134.pdf_6_p6_c3,docstructbench_llm-raw-scihub-o.O-j.chroma.2005.03.134.pdf_6_p6_c5,docstructbench_llm-raw-scihub-o.O-j.chroma.2005.03.134.pdf_6_p6_c4",1,True,1.0
What is the m/z value for Hexachlorobiphenyl?,5,docstructbench_llm-raw-scihub-o.O-j.chroma.2005.03.134.pdf_6_p6_c3,"docstructbench_llm-raw-scihub-o.O-j.chroma.2005.03.134.pdf_6_p6_c3,docstructbench_llm-raw-scihub-o.O-j.chroma.2005.03.134.pdf_6_p6_c5,docstructbench_llm-raw-scihub-o.O-j.chroma.2005.03.134.pdf_6_p6_c4,docstructbench_llm-raw-scihub-o.O-j.chroma.2005.03.134.pdf_6_p6_c0,docstructbench_llm-raw-scihub-o.O-j.chroma.2005.03.134.pdf_6_p6_c1",1,True,1.0
What is the m/z value for Heptachlorobiphenyl?,1,docstructbench_llm-raw-scihub-o.O-j.chroma.2005.03.134.pdf_6_p6_c4,docstructbench_llm-raw-scihub-o.O-j.chroma.2005.03.134.pdf_6_p6_c4,1,True,1.0
What is the m/z value for Heptachlorobiphenyl?,3,docstructbench_llm-raw-scihub-o.O-j.chroma.2005.03.134.pdf_6_p6_c4,"docstructbench_llm-raw-scihub-o.O-j.chroma.2005.03.134.pdf_6_p6_c4,docstructbench_llm-raw-scihub-o.O-j.chroma.2005.03.134.pdf_6_p6_c5,docstructbench_llm-raw-scihub-o.O-j.chroma.2005.03.134.pdf_6_p6_c3",1,True,1.0
What is the m/z value for Heptachlorobiphenyl?,5,docstructbench_llm-raw-scihub-o.O-j.chroma.2005.03.134.pdf_6_p6_c4,"docstructbench_llm-raw-scihub-o.O-j.chroma.2005.03.134.pdf_6_p6_c4,docstructbench_llm-raw-scihub-o.O-j.chroma.2005.03.134.pdf_6_p6_c5,docstructbench_llm-raw-scihub-o.O-j.chroma.2005.03.134.pdf_6_p6_c3,docstructbench_llm-raw-scihub-o.O-j.chroma.2005.03.134.pdf_6_p6_c0,docstructbench_llm-raw-scihub-o.O-j.chroma.2005.03.134.pdf_6_p6_c1",1,True,1.0
What is the m/z value for Octachlorobiphenyl?,1,docstructbench_llm-raw-scihub-o.O-j.chroma.2005.03.134.pdf_6_p6_c5,docstructbench_llm-raw-scihub-o.O-j.chroma.2005.03.134.pdf_6_p6_c6,0,False,0.0
What is the m/z value for Octachlorobiphenyl?,3,docstructbench_llm-raw-scihub-o.O-j.chroma.2005.03.134.pdf_6_p6_c5,"docstructbench_llm-raw-scihub-o.O-j.chroma.2005.03.134.pdf_6_p6_c6,docstructbench_llm-raw-scihub-o.O-j.chroma.2005.03.134.pdf_6_p6_c5,docstructbench_llm-raw-scihub-o.O-j.chroma.2005.03.134.pdf_6_p6_c0",2,True,1.0
What is the m/z value for Octachlorobiphenyl?,5,docstructbench_llm-raw-scihub-o.O-j.chroma.2005.03.134.pdf_6_p6_c5,"docstructbench_llm-raw-scihub-o.O-j.chroma.2005.03.134.pdf_6_p6_c6,docstructbench_llm-raw-scihub-o.O-j.chroma.2005.03.134.pdf_6_p6_c5,docstructbench_llm-raw-scihub-o.O-j.chroma.2005.03.134.pdf_6_p6_c0,docstructbench_llm-raw-scihub-o.O-j.chroma.2005.03.134.pdf_6_p6_c1,docstructbench_llm-raw-scihub-o.O-j.chroma.2005.03.134.pdf_6_p6_c4",2,True,1.0
What is the m/z value for Octachlorobiphenyl?,1,docstructbench_llm-raw-scihub-o.O-j.chroma.2005.03.134.pdf_6_p6_c6,docstructbench_llm-raw-scihub-o.O-j.chroma.2005.03.134.pdf_6_p6_c6,1,True,1.0
What is the m/z value for Octachlorobiphenyl?,3,docstructbench_llm-raw-scihub-o.O-j.chroma.2005.03.134.pdf_6_p6_c6,"docstructbench_llm-raw-scihub-o.O-j.chroma.2005.03.134.pdf_6_p6_c6,docstructbench_llm-raw-scihub-o.O-j.chroma.2005.03.134.pdf_6_p6_c5,docstructbench_llm-raw-scihub-o.O-j.chroma.2005.03.134.pdf_6_p6_c0",1,True,1.0
What is the m/z value for Octachlorobiphenyl?,5,docstructbench_llm-raw-scihub-o.O-j.chroma.2005.03.134.pdf_6_p6_c6,"docstructbench_llm-raw-scihub-o.O-j.chroma.2005.03.134.pdf_6_p6_c6,docstructbench_llm-raw-scihub-o.O-j.chroma.2005.03.134.pdf_6_p6_c5,docstructbench_llm-raw-scihub-o.O-j.chroma.2005.03.134.pdf_6_p6_c0,docstructbench_llm-raw-scihub-o.O-j.chroma.2005.03.134.pdf_6_p6_c1,docstructbench_llm-raw-scihub-o.O-j.chroma.2005.03.134.pdf_6_p6_c4",1,True,1.0
What is the MDL value mentioned in the text?,1,docstructbench_llm-raw-scihub-o.O-j.chroma.2005.03.134.pdf_6_p6_c7,docstructbench_llm-raw-scihub-o.O-j.chroma.2005.03.134.pdf_6_p6_c7,1,True,1.0
What is the MDL value mentioned in the text?,3,docstructbench_llm-raw-scihub-o.O-j.chroma.2005.03.134.pdf_6_p6_c7,"docstructbench_llm-raw-scihub-o.O-j.chroma.2005.03.134.pdf_6_p6_c7,docstructbench_llm-raw-scihub-o.O-j.chroma.2005.03.134.pdf_6_p6_c0,docstructbench_llm-raw-scihub-o.O-j.chroma.2005.03.134.pdf_6_p6_c5",1,True,1.0
What is the MDL value mentioned in the text?,5,docstructbench_llm-raw-scihub-o.O-j.chroma.2005.03.134.pdf_6_p6_c7,"docstructbench_llm-raw-scihub-o.O-j.chroma.2005.03.134.pdf_6_p6_c7,docstructbench_llm-raw-scihub-o.O-j.chroma.2005.03.134.pdf_6_p6_c0,docstructbench_llm-raw-scihub-o.O-j.chroma.2005.03.134.pdf_6_p6_c5,docstructbench_llm-raw-scihub-o.O-j.chroma.2005.03.134.pdf_6_p6_c4,docstructbench_llm-raw-scihub-o.O-j.chroma.2005.03.134.pdf_6_p6_c1",1,True,1.0
What did Sandra Day pack for the cowboys' lunch?,1,magazine_TheEconomist.2023.12.09_page_082_p82_c0,magazine_TheEconomist.2023.12.09_page_082_p82_c0,1,True,1.0
What did Sandra Day pack for the cowboys' lunch?,3,magazine_TheEconomist.2023.12.09_page_082_p82_c0,"magazine_TheEconomist.2023.12.09_page_082_p82_c0,magazine_TheEconomist.2023.12.09_page_082_p82_c1,magazine_TheEconomist.2023.12.09_page_082_p82_c10",1,True,1.0
What did Sandra Day pack for the cowboys' lunch?,5,magazine_TheEconomist.2023.12.09_page_082_p82_c0,"magazine_TheEconomist.2023.12.09_page_082_p82_c0,magazine_TheEconomist.2023.12.09_page_082_p82_c1,magazine_TheEconomist.2023.12.09_page_082_p82_c10,newspaper_The Globe and Mail - 2025-1-8@magazinesclubnew_page_014_p14_c24,magazine_TheEconomist.2023.12.09_page_082_p82_c9",1,True,1.0
What did she have to fix herself after the tyre went flat?,1,magazine_TheEconomist.2023.12.09_page_082_p82_c1,magazine_TheEconomist.2023.12.09_page_082_p82_c1,1,True,1.0
What did she have to fix herself after the tyre went flat?,3,magazine_TheEconomist.2023.12.09_page_082_p82_c1,"magazine_TheEconomist.2023.12.09_page_082_p82_c1,jiaocaineedrop_jiaocai_needrop_en_1836_p1836_c2,magazine_TheEconomist.2023.12.09_page_082_p82_c6",1,True,1.0
What did she have to fix herself after the tyre went flat?,5,magazine_TheEconomist.2023.12.09_page_082_p82_c1,"magazine_TheEconomist.2023.12.09_page_082_p82_c1,jiaocaineedrop_jiaocai_needrop_en_1836_p1836_c2,magazine_TheEconomist.2023.12.09_page_082_p82_c6,magazine_TheEconomist.2023.12.09_page_082_p82_c5,magazine_TheEconomist.2023.12.09_page_082_p82_c4",1,True,1.0
Which law school did she leave in 1952?,1,magazine_TheEconomist.2023.12.09_page_082_p82_c2,magazine_TheEconomist.2023.12.09_page_082_p82_c2,1,True,1.0
Which law school did she leave in 1952?,3,magazine_TheEconomist.2023.12.09_page_082_p82_c2,"magazine_TheEconomist.2023.12.09_page_082_p82_c2,magazine_TheEconomist.2023.12.09_page_082_p82_c3,magazine_TheEconomist.2023.12.09_page_082_p82_c4",1,True,1.0
Which law school did she leave in 1952?,5,magazine_TheEconomist.2023.12.09_page_082_p82_c2,"magazine_TheEconomist.2023.12.09_page_082_p82_c2,magazine_TheEconomist.2023.12.09_page_082_p82_c3,magazine_TheEconomist.2023.12.09_page_082_p82_c4,magazine_TheEconomist.2023.11.25_page_069_p69_c3,magazine_TheEconomist.2023.12.09_page_082_p82_c5",1,True,1.0
What was the only law firm that would interview her?,1,magazine_TheEconomist.2023.12.09_page_082_p82_c3,magazine_TheEconomist.2023.12.09_page_082_p82_c3,1,True,1.0
What was the only law firm that would interview her?,3,magazine_TheEconomist.2023.12.09_page_082_p82_c3,"magazine_TheEconomist.2023.12.09_page_082_p82_c3,magazine_TheEconomist.2023.12.09_page_082_p82_c2,magazine_TheEconomist.2023.12.09_page_082_p82_c4",1,True,1.0
What was the only law firm that would interview her?,5,magazine_TheEconomist.2023.12.09_page_082_p82_c3,"magazine_TheEconomist.2023.12.09_page_082_p82_c3,magazine_TheEconomist.2023.12.09_page_082_p82_c2,magazine_TheEconomist.2023.12.09_page_082_p82_c4,magazine_TheEconomist.2023.12.09_page_082_p82_c8,magazine_TheEconomist.2023.12.09_page_082_p82_c9",1,True,1.0
What did she consider to be a crisis?,1,magazine_TheEconomist.2023.12.09_page_082_p82_c4,magazine_TheEconomist.2023.12.09_page_082_p82_c4,1,True,1.0
What did she consider to be a crisis?,3,magazine_TheEconomist.2023.12.09_page_082_p82_c4,"magazine_TheEconomist.2023.12.09_page_082_p82_c4,magazine_TheEconomist.2023.12.09_page_082_p82_c5,magazine_TheEconomist.2023.12.09_page_082_p82_c7",1,True,1.0
What did she consider to be a crisis?,5,magazine_TheEconomist.2023.12.09_page_082_p82_c4,"magazine_TheEconomist.2023.12.09_page_082_p82_c4,magazine_TheEconomist.2023.12.09_page_082_p82_c5,magazine_TheEconomist.2023.12.09_page_082_p82_c7,magazine_TheEconomist.2023.12.09_page_082_p82_c6,magazine_TheEconomist.2023.12.23_page_012_p12_c1",1,True,1.0
What did she rule against in a gerrymandering case?,1,magazine_TheEconomist.2023.12.09_page_082_p82_c5,magazine_TheEconomist.2023.12.09_page_082_p82_c5,1,True,1.0
What did she rule against in a gerrymandering case?,3,magazine_TheEconomist.2023.12.09_page_082_p82_c5,"magazine_TheEconomist.2023.12.09_page_082_p82_c5,magazine_TheEconomist.2023.12.09_page_082_p82_c6,magazine_TheEconomist.2023.12.09_page_082_p82_c7",1,True,1.0
What did she rule against in a gerrymandering case?,5,magazine_TheEconomist.2023.12.09_page_082_p82_c5,"magazine_TheEconomist.2023.12.09_page_082_p82_c5,magazine_TheEconomist.2023.12.09_page_082_p82_c6,magazine_TheEconomist.2023.12.09_page_082_p82_c7,magazine_TheEconomist.2023.12.09_page_082_p82_c8,magazine_TheEconomist.2023.12.09_page_082_p82_c9",1,True,1.0
What was the prime example of legal rulings that could prove intolerable?,1,magazine_TheEconomist.2023.12.09_page_082_p82_c6,magazine_TheEconomist.2023.12.09_page_082_p82_c6,1,True,1.0
What was the prime example of legal rulings that could prove intolerable?,3,magazine_TheEconomist.2023.12.09_page_082_p82_c6,"magazine_TheEconomist.2023.12.09_page_082_p82_c6,magazine_TheEconomist.2023.12.09_page_082_p82_c7,magazine_TheEconomist.2023.12.09_page_082_p82_c4",1,True,1.0
What was the prime example of legal rulings that could prove intolerable?,5,magazine_TheEconomist.2023.12.09_page_082_p82_c6,"magazine_TheEconomist.2023.12.09_page_082_p82_c6,magazine_TheEconomist.2023.12.09_page_082_p82_c7,magazine_TheEconomist.2023.12.09_page_082_p82_c4,magazine_TheEconomist.2023.12.09_page_082_p82_c5,magazine_TheEconomist.2023.12.09_page_082_p82_c8",1,True,1.0
What was her opinion on the Florida recount in the 2000 election?,1,magazine_TheEconomist.2023.12.09_page_082_p82_c7,magazine_TheEconomist.2023.12.09_page_082_p82_c7,1,True,1.0
What was her opinion on the Florida recount in the 2000 election?,3,magazine_TheEconomist.2023.12.09_page_082_p82_c7,"magazine_TheEconomist.2023.12.09_page_082_p82_c7,magazine_TheEconomist.2023.12.09_page_082_p82_c8,magazine_TheEconomist.2023.12.09_page_082_p82_c5",1,True,1.0
What was her opinion on the Florida recount in the 2000 election?,5,magazine_TheEconomist.2023.12.09_page_082_p82_c7,"magazine_TheEconomist.2023.12.09_page_082_p82_c7,magazine_TheEconomist.2023.12.09_page_082_p82_c8,magazine_TheEconomist.2023.12.09_page_082_p82_c5,newspaper_The Globe and Mail - 2025-1-8@magazinesclubnew_page_014_p14_c10,newspaper_The Globe and Mail - 2025-1-8@magazinesclubnew_page_014_p14_c13",1,True,1.0
Who was the first woman to ride with a cattle drive at the Lazy B ranch?,1,magazine_TheEconomist.2023.12.09_page_082_p82_c9,magazine_TheEconomist.2023.12.09_page_082_p82_c9,1,True,1.0
Who was the first woman to ride with a cattle drive at the Lazy B ranch?,3,magazine_TheEconomist.2023.12.09_page_082_p82_c9,"magazine_TheEconomist.2023.12.09_page_082_p82_c9,magazine_TheEconomist.2023.12.09_page_082_p82_c10,magazine_TheEconomist.2023.12.09_page_082_p82_c0",1,True,1.0
Who was the first woman to ride with a cattle drive at the Lazy B ranch?,5,magazine_TheEconomist.2023.12.09_page_082_p82_c9,"magazine_TheEconomist.2023.12.09_page_082_p82_c9,magazine_TheEconomist.2023.12.09_page_082_p82_c10,magazine_TheEconomist.2023.12.09_page_082_p82_c0,magazine_TheEconomist.2023.12.09_page_082_p82_c4,magazine_TheEconomist.2023.12.09_page_082_p82_c1",1,True,1.0
What did she learn to show the men at the Lazy B ranch?,1,magazine_TheEconomist.2023.12.09_page_082_p82_c10,magazine_TheEconomist.2023.12.09_page_082_p82_c10,1,True,1.0
What did she learn to show the men at the Lazy B ranch?,3,magazine_TheEconomist.2023.12.09_page_082_p82_c10,"magazine_TheEconomist.2023.12.09_page_082_p82_c10,magazine_TheEconomist.2023.12.09_page_082_p82_c9,magazine_TheEconomist.2023.12.09_page_082_p82_c1",1,True,1.0
What did she learn to show the men at the Lazy B ranch?,5,magazine_TheEconomist.2023.12.09_page_082_p82_c10,"magazine_TheEconomist.2023.12.09_page_082_p82_c10,magazine_TheEconomist.2023.12.09_page_082_p82_c9,magazine_TheEconomist.2023.12.09_page_082_p82_c1,magazine_TheEconomist.2023.12.09_page_082_p82_c4,magazine_TheEconomist.2023.12.09_page_082_p82_c2",1,True,1.0
空调机是否违反热力学第二定律？,1,jiaocaineedrop_jiaocai_needrop_en_887_p887_c1,jiaocaineedrop_jiaocai_needrop_en_887_p887_c1,1,True,1.0
空调机是否违反热力学第二定律？,3,jiaocaineedrop_jiaocai_needrop_en_887_p887_c1,"jiaocaineedrop_jiaocai_needrop_en_887_p887_c1,jiaocaineedrop_jiaocai_needrop_en_887_p887_c0,book_zh_CNASGL0092018_extracted_page_69_p69_c1",1,True,1.0
空调机是否违反热力学第二定律？,5,jiaocaineedrop_jiaocai_needrop_en_887_p887_c1,"jiaocaineedrop_jiaocai_needrop_en_887_p887_c1,jiaocaineedrop_jiaocai_needrop_en_887_p887_c0,book_zh_CNASGL0092018_extracted_page_69_p69_c1,docstructbench_dianzishu_zhongwenzaixian-o.O-61523162.pdf_276_p276_c0,jiaocaineedrop_c2-ma-11-q-11-cl.pdf_2_p2_c0",1,True,1.0
分析员是否持有研究报告内所推介股份的任何权益？,1,eastmoney_d2bb183f5254ede5760932ac3118524aa7eddad551935713b435541f1525c1ee.pdf_7_p7_c0,eastmoney_d2bb183f5254ede5760932ac3118524aa7eddad551935713b435541f1525c1ee.pdf_7_p7_c0,1,True,1.0
分析员是否持有研究报告内所推介股份的任何权益？,3,eastmoney_d2bb183f5254ede5760932ac3118524aa7eddad551935713b435541f1525c1ee.pdf_7_p7_c0,"eastmoney_d2bb183f5254ede5760932ac3118524aa7eddad551935713b435541f1525c1ee.pdf_7_p7_c0,eastmoney_d2bb183f5254ede5760932ac3118524aa7eddad551935713b435541f1525c1ee.pdf_7_p7_c1,yanbaopptmerge_5473246b8da789b9bfdeef53a70c4d72afd480415d5cbcedb83d105856710328.pdf_8_p8_c1",1,True,1.0
分析员是否持有研究报告内所推介股份的任何权益？,5,eastmoney_d2bb183f5254ede5760932ac3118524aa7eddad551935713b435541f1525c1ee.pdf_7_p7_c0,"eastmoney_d2bb183f5254ede5760932ac3118524aa7eddad551935713b435541f1525c1ee.pdf_7_p7_c0,eastmoney_d2bb183f5254ede5760932ac3118524aa7eddad551935713b435541f1525c1ee.pdf_7_p7_c1,yanbaopptmerge_5473246b8da789b9bfdeef53a70c4d72afd480415d5cbcedb83d105856710328.pdf_8_p8_c1,yanbaopptmerge_5473246b8da789b9bfdeef53a70c4d72afd480415d5cbcedb83d105856710328.pdf_8_p8_c0,eastmoney_dd8f39ced2188b907304224a635ad605689270486020c34636003e57018c01d8.pdf_2_p2_c2",1,True,1.0
该报告是否保证信息的全部或部分可靠、准确、完整？,1,eastmoney_d2bb183f5254ede5760932ac3118524aa7eddad551935713b435541f1525c1ee.pdf_7_p7_c1,eastmoney_d2bb183f5254ede5760932ac3118524aa7eddad551935713b435541f1525c1ee.pdf_7_p7_c1,1,True,1.0
该报告是否保证信息的全部或部分可靠、准确、完整？,3,eastmoney_d2bb183f5254ede5760932ac3118524aa7eddad551935713b435541f1525c1ee.pdf_7_p7_c1,"eastmoney_d2bb183f5254ede5760932ac3118524aa7eddad551935713b435541f1525c1ee.pdf_7_p7_c1,yanbaopptmerge_0c79d327060dbf9f1582d03c235dadb039533a19091d2c0d24f2ad95d267f79b.pdf_2_p2_c2,yanbaopptmerge_5473246b8da789b9bfdeef53a70c4d72afd480415d5cbcedb83d105856710328.pdf_8_p8_c0",1,True,1.0
该报告是否保证信息的全部或部分可靠、准确、完整？,5,eastmoney_d2bb183f5254ede5760932ac3118524aa7eddad551935713b435541f1525c1ee.pdf_7_p7_c1,"eastmoney_d2bb183f5254ede5760932ac3118524aa7eddad551935713b435541f1525c1ee.pdf_7_p7_c1,yanbaopptmerge_0c79d327060dbf9f1582d03c235dadb039533a19091d2c0d24f2ad95d267f79b.pdf_2_p2_c2,yanbaopptmerge_5473246b8da789b9bfdeef53a70c4d72afd480415d5cbcedb83d105856710328.pdf_8_p8_c0,eastmoney_dd8f39ced2188b907304224a635ad605689270486020c34636003e57018c01d8.pdf_2_p2_c1,eastmoney_dcf347592d4160dffacffdf00a9c39aa75cf9859205a7543c283d1df8bb14f90.pdf_1_p1_c0",1,True,1.0
What is your plan to address all issues?,1,jiaocaineedrop_biz-96816.pdf_48_p48_c0,jiaocaineedrop_biz-96816.pdf_48_p48_c0,1,True,1.0
What is your plan to address all issues?,3,jiaocaineedrop_biz-96816.pdf_48_p48_c0,"jiaocaineedrop_biz-96816.pdf_48_p48_c0,jiaocaineedrop_biz-96816.pdf_48_p48_c1,color_textbook_zhonggaokao_小学_13.人教新起点英语（4-5年级）_人教新起点五年级英语下册_课本_人教新起点英语5B电子课本_page_011_p11_c1",1,True,1.0
What is your plan to address all issues?,5,jiaocaineedrop_biz-96816.pdf_48_p48_c0,"jiaocaineedrop_biz-96816.pdf_48_p48_c0,jiaocaineedrop_biz-96816.pdf_48_p48_c1,color_textbook_zhonggaokao_小学_13.人教新起点英语（4-5年级）_人教新起点五年级英语下册_课本_人教新起点英语5B电子课本_page_011_p11_c1,jiaocaineedrop_jiaocai_needrop_en_2884_p2884_c0,notes_f7f010b78016aeebd76e56d9283eb67f_114_p114_c0",1,True,1.0
What is the predominant use of a motor scooter according to the table?,1,jiaocaineedrop_biz-96816.pdf_48_p48_c1,jiaocaineedrop_biz-96816.pdf_48_p48_c1,1,True,1.0
What is the predominant use of a motor scooter according to the table?,3,jiaocaineedrop_biz-96816.pdf_48_p48_c1,"jiaocaineedrop_biz-96816.pdf_48_p48_c1,jiaocaineedrop_biz-96816.pdf_48_p48_c2,newspaper_The Globe and Mail - 2025-1-8@magazinesclubnew_page_014_p14_c16",1,True,1.0
What is the predominant use of a motor scooter according to the table?,5,jiaocaineedrop_biz-96816.pdf_48_p48_c1,"jiaocaineedrop_biz-96816.pdf_48_p48_c1,jiaocaineedrop_biz-96816.pdf_48_p48_c2,newspaper_The Globe and Mail - 2025-1-8@magazinesclubnew_page_014_p14_c16,newspaper_The Globe and Mail - 2025-1-8@magazinesclubnew_page_014_p14_c11,eastmoney_7c25f92e2ab21d83e1eada0e40a68e3151e7c1c2d673ddb12b0242fa3ab931ab.pdf_13_p13_c1",1,True,1.0
What is the purpose of outlining according to the text?,1,jiaocaineedrop_biz-96816.pdf_48_p48_c2,jiaocaineedrop_biz-96816.pdf_48_p48_c0,0,False,0.0
What is the purpose of outlining according to the text?,3,jiaocaineedrop_biz-96816.pdf_48_p48_c2,"jiaocaineedrop_biz-96816.pdf_48_p48_c0,jiaocaineedrop_biz-96816.pdf_48_p48_c1,jiaocaineedrop_biz-96816.pdf_48_p48_c4",0,False,0.0
What is the purpose of outlining according to the text?,5,jiaocaineedrop_biz-96816.pdf_48_p48_c2,"jiaocaineedrop_biz-96816.pdf_48_p48_c0,jiaocaineedrop_biz-96816.pdf_48_p48_c1,jiaocaineedrop_biz-96816.pdf_48_p48_c4,PPT_BaharMartonosi_page_006_p6_c0,book_en_[搬书匠#893][Pyomo—Optimization Modeling in Python].2012.英文版_page_188_p188_c2",0,False,0.0
What are the rights of the parties?,1,jiaocaineedrop_biz-96816.pdf_48_p48_c3,jiaocaineedrop_biz-96816.pdf_48_p48_c3,1,True,1.0
What are the rights of the parties?,3,jiaocaineedrop_biz-96816.pdf_48_p48_c3,"jiaocaineedrop_biz-96816.pdf_48_p48_c3,yanbaor2_89c3718f5a45179ef57a5063c6df36fc2c9b7e3ab4275f4905ed89f1c17232ea.pdf_14_p14_c2,eastmoney_dcf347592d4160dffacffdf00a9c39aa75cf9859205a7543c283d1df8bb14f90.pdf_1_p1_c0",1,True,1.0
What are the rights of the parties?,5,jiaocaineedrop_biz-96816.pdf_48_p48_c3,"jiaocaineedrop_biz-96816.pdf_48_p48_c3,yanbaor2_89c3718f5a45179ef57a5063c6df36fc2c9b7e3ab4275f4905ed89f1c17232ea.pdf_14_p14_c2,eastmoney_dcf347592d4160dffacffdf00a9c39aa75cf9859205a7543c283d1df8bb14f90.pdf_1_p1_c0,newspaper_35bdaa11dec104ccbdc9e19ac8527d21_1_p1_c8,newspaper_fe5ed29024932fad071afc53807b16ba_1_p1_c8",1,True,1.0
What is the name of the first method described for issue spotting?,1,jiaocaineedrop_biz-96816.pdf_48_p48_c4,jiaocaineedrop_biz-96816.pdf_48_p48_c4,1,True,1.0
What is the name of the first method described for issue spotting?,3,jiaocaineedrop_biz-96816.pdf_48_p48_c4,"jiaocaineedrop_biz-96816.pdf_48_p48_c4,jiaocaineedrop_biz-96816.pdf_48_p48_c2,docstructbench_llm-raw-scihub-o.O-j.chroma.2005.05.085.pdf_4_p4_c8",1,True,1.0
What is the name of the first method described for issue spotting?,5,jiaocaineedrop_biz-96816.pdf_48_p48_c4,"jiaocaineedrop_biz-96816.pdf_48_p48_c4,jiaocaineedrop_biz-96816.pdf_48_p48_c2,docstructbench_llm-raw-scihub-o.O-j.chroma.2005.05.085.pdf_4_p4_c8,yanbaopptmerge_1c5f17c3dfa38c45b86802b9d014da18.pdf_1372_p1372_c5,yanbaopptmerge_1c5f17c3dfa38c45b86802b9d014da18.pdf_1372_p1372_c0",1,True,1.0
What is an example of a tort listed in the checklist?,1,jiaocaineedrop_biz-96816.pdf_48_p48_c5,jiaocaineedrop_biz-96816.pdf_48_p48_c4,0,False,0.0
What is an example of a tort listed in the checklist?,3,jiaocaineedrop_biz-96816.pdf_48_p48_c5,"jiaocaineedrop_biz-96816.pdf_48_p48_c4,jiaocaineedrop_biz-96816.pdf_48_p48_c6,jiaocaineedrop_biz-96816.pdf_48_p48_c5",3,True,1.0
What is an example of a tort listed in the checklist?,5,jiaocaineedrop_biz-96816.pdf_48_p48_c5,"jiaocaineedrop_biz-96816.pdf_48_p48_c4,jiaocaineedrop_biz-96816.pdf_48_p48_c6,jiaocaineedrop_biz-96816.pdf_48_p48_c5,newspaper_35bdaa11dec104ccbdc9e19ac8527d21_1_p1_c7,newspaper_35bdaa11dec104ccbdc9e19ac8527d21_1_p1_c8",3,True,1.0
What is the example given for checking if someone is touching another person?,1,jiaocaineedrop_biz-96816.pdf_48_p48_c6,jiaocaineedrop_biz-96816.pdf_48_p48_c6,1,True,1.0
What is the example given for checking if someone is touching another person?,3,jiaocaineedrop_biz-96816.pdf_48_p48_c6,"jiaocaineedrop_biz-96816.pdf_48_p48_c6,jiaocaineedrop_biz-96816.pdf_48_p48_c5,jiaocaineedrop_biz-96816.pdf_48_p48_c4",1,True,1.0
What is the example given for checking if someone is touching another person?,5,jiaocaineedrop_biz-96816.pdf_48_p48_c6,"jiaocaineedrop_biz-96816.pdf_48_p48_c6,jiaocaineedrop_biz-96816.pdf_48_p48_c5,jiaocaineedrop_biz-96816.pdf_48_p48_c4,jiaocaineedrop_jiaocai_needrop_en_1836_p1836_c2,jiaocaineedrop_jiaocai_needrop_en_1836_p1836_c1",1,True,1.0
参选企业是否一定获奖？,1,yanbaor2_f832cad1f46c067198e9df95ae7b150213f16805037c1a5725e72245010d3e97.pdf_3_p3_c0,yanbaor2_f832cad1f46c067198e9df95ae7b150213f16805037c1a5725e72245010d3e97.pdf_3_p3_c0,1,True,1.0
参选企业是否一定获奖？,3,yanbaor2_f832cad1f46c067198e9df95ae7b150213f16805037c1a5725e72245010d3e97.pdf_3_p3_c0,"yanbaor2_f832cad1f46c067198e9df95ae7b150213f16805037c1a5725e72245010d3e97.pdf_3_p3_c0,yanbaor2_f832cad1f46c067198e9df95ae7b150213f16805037c1a5725e72245010d3e97.pdf_3_p3_c1,newspaper_fe2c8b45b2a086cd75984640bb3080e1_1_p1_c5",1,True,1.0
参选企业是否一定获奖？,5,yanbaor2_f832cad1f46c067198e9df95ae7b150213f16805037c1a5725e72245010d3e97.pdf_3_p3_c0,"yanbaor2_f832cad1f46c067198e9df95ae7b150213f16805037c1a5725e72245010d3e97.pdf_3_p3_c0,yanbaor2_f832cad1f46c067198e9df95ae7b150213f16805037c1a5725e72245010d3e97.pdf_3_p3_c1,newspaper_fe2c8b45b2a086cd75984640bb3080e1_1_p1_c5,yanbaor2_f832cad1f46c067198e9df95ae7b150213f16805037c1a5725e72245010d3e97.pdf_3_p3_c2,newspaper_fe2c8b45b2a086cd75984640bb3080e1_1_p1_c6",1,True,1.0
参选企业如何通过卓越管理CEO实验室达成共识？,1,yanbaor2_f832cad1f46c067198e9df95ae7b150213f16805037c1a5725e72245010d3e97.pdf_3_p3_c1,yanbaor2_f832cad1f46c067198e9df95ae7b150213f16805037c1a5725e72245010d3e97.pdf_3_p3_c1,1,True,1.0
参选企业如何通过卓越管理CEO实验室达成共识？,3,yanbaor2_f832cad1f46c067198e9df95ae7b150213f16805037c1a5725e72245010d3e97.pdf_3_p3_c1,"yanbaor2_f832cad1f46c067198e9df95ae7b150213f16805037c1a5725e72245010d3e97.pdf_3_p3_c1,yanbaor2_f832cad1f46c067198e9df95ae7b150213f16805037c1a5725e72245010d3e97.pdf_3_p3_c0,yanbaor2_f832cad1f46c067198e9df95ae7b150213f16805037c1a5725e72245010d3e97.pdf_3_p3_c3",1,True,1.0
参选企业如何通过卓越管理CEO实验室达成共识？,5,yanbaor2_f832cad1f46c067198e9df95ae7b150213f16805037c1a5725e72245010d3e97.pdf_3_p3_c1,"yanbaor2_f832cad1f46c067198e9df95ae7b150213f16805037c1a5725e72245010d3e97.pdf_3_p3_c1,yanbaor2_f832cad1f46c067198e9df95ae7b150213f16805037c1a5725e72245010d3e97.pdf_3_p3_c0,yanbaor2_f832cad1f46c067198e9df95ae7b150213f16805037c1a5725e72245010d3e97.pdf_3_p3_c3,yanbaor2_7f386f737cb55cffa10c8321a94bd38d7169cd69b3b253b9e2e502c12a68feea.pdf_15_p15_c0,yanbaor2_f832cad1f46c067198e9df95ae7b150213f16805037c1a5725e72245010d3e97.pdf_3_p3_c4",1,True,1.0
连续七年获奖的企业会获得什么称号？,1,yanbaor2_f832cad1f46c067198e9df95ae7b150213f16805037c1a5725e72245010d3e97.pdf_3_p3_c2,yanbaor2_f832cad1f46c067198e9df95ae7b150213f16805037c1a5725e72245010d3e97.pdf_3_p3_c2,1,True,1.0
连续七年获奖的企业会获得什么称号？,3,yanbaor2_f832cad1f46c067198e9df95ae7b150213f16805037c1a5725e72245010d3e97.pdf_3_p3_c2,"yanbaor2_f832cad1f46c067198e9df95ae7b150213f16805037c1a5725e72245010d3e97.pdf_3_p3_c2,yanbaor2_f832cad1f46c067198e9df95ae7b150213f16805037c1a5725e72245010d3e97.pdf_3_p3_c1,newspaper_fe2c8b45b2a086cd75984640bb3080e1_1_p1_c6",1,True,1.0
连续七年获奖的企业会获得什么称号？,5,yanbaor2_f832cad1f46c067198e9df95ae7b150213f16805037c1a5725e72245010d3e97.pdf_3_p3_c2,"yanbaor2_f832cad1f46c067198e9df95ae7b150213f16805037c1a5725e72245010d3e97.pdf_3_p3_c2,yanbaor2_f832cad1f46c067198e9df95ae7b150213f16805037c1a5725e72245010d3e97.pdf_3_p3_c1,newspaper_fe2c8b45b2a086cd75984640bb3080e1_1_p1_c6,newspaper_fe2c8b45b2a086cd75984640bb3080e1_1_p1_c5,newspaper_fe2c8b45b2a086cd75984640bb3080e1_1_p1_c8",1,True,1.0
获奖企业可以如何使用最佳管理公司证书？,1,yanbaor2_f832cad1f46c067198e9df95ae7b150213f16805037c1a5725e72245010d3e97.pdf_3_p3_c3,yanbaor2_f832cad1f46c067198e9df95ae7b150213f16805037c1a5725e72245010d3e97.pdf_3_p3_c3,1,True,1.0
获奖企业可以如何使用最佳管理公司证书？,3,yanbaor2_f832cad1f46c067198e9df95ae7b150213f16805037c1a5725e72245010d3e97.pdf_3_p3_c3,"yanbaor2_f832cad1f46c067198e9df95ae7b150213f16805037c1a5725e72245010d3e97.pdf_3_p3_c3,yanbaor2_f832cad1f46c067198e9df95ae7b150213f16805037c1a5725e72245010d3e97.pdf_3_p3_c2,yanbaor2_f832cad1f46c067198e9df95ae7b150213f16805037c1a5725e72245010d3e97.pdf_3_p3_c1",1,True,1.0
获奖企业可以如何使用最佳管理公司证书？,5,yanbaor2_f832cad1f46c067198e9df95ae7b150213f16805037c1a5725e72245010d3e97.pdf_3_p3_c3,"yanbaor2_f832cad1f46c067198e9df95ae7b150213f16805037c1a5725e72245010d3e97.pdf_3_p3_c3,yanbaor2_f832cad1f46c067198e9df95ae7b150213f16805037c1a5725e72245010d3e97.pdf_3_p3_c2,yanbaor2_f832cad1f46c067198e9df95ae7b150213f16805037c1a5725e72245010d3e97.pdf_3_p3_c1,yanbaor2_f832cad1f46c067198e9df95ae7b150213f16805037c1a5725e72245010d3e97.pdf_3_p3_c0,yanbaor2_7f386f737cb55cffa10c8321a94bd38d7169cd69b3b253b9e2e502c12a68feea.pdf_15_p15_c0",1,True,1.0
What is the purpose of engaging in reciprocal communication with private companies?,1,yanbaor2_f832cad1f46c067198e9df95ae7b150213f16805037c1a5725e72245010d3e97.pdf_3_p3_c4,yanbaor2_f832cad1f46c067198e9df95ae7b150213f16805037c1a5725e72245010d3e97.pdf_3_p3_c4,1,True,1.0
What is the purpose of engaging in reciprocal communication with private companies?,3,yanbaor2_f832cad1f46c067198e9df95ae7b150213f16805037c1a5725e72245010d3e97.pdf_3_p3_c4,"yanbaor2_f832cad1f46c067198e9df95ae7b150213f16805037c1a5725e72245010d3e97.pdf_3_p3_c4,yanbaor2_f832cad1f46c067198e9df95ae7b150213f16805037c1a5725e72245010d3e97.pdf_3_p3_c3,yanbaopptmerge_0c79d327060dbf9f1582d03c235dadb039533a19091d2c0d24f2ad95d267f79b.pdf_2_p2_c2",1,True,1.0
What is the purpose of engaging in reciprocal communication with private companies?,5,yanbaor2_f832cad1f46c067198e9df95ae7b150213f16805037c1a5725e72245010d3e97.pdf_3_p3_c4,"yanbaor2_f832cad1f46c067198e9df95ae7b150213f16805037c1a5725e72245010d3e97.pdf_3_p3_c4,yanbaor2_f832cad1f46c067198e9df95ae7b150213f16805037c1a5725e72245010d3e97.pdf_3_p3_c3,yanbaopptmerge_0c79d327060dbf9f1582d03c235dadb039533a19091d2c0d24f2ad95d267f79b.pdf_2_p2_c2,newspaper_e62730aaeb9b509119e0c3699ac18201_1_p1_c12,yanbaor2_e2f6b15971d68a7f081216b0c0d8538cab413124fc8911f4db4fbb3d17f167c4.pdf_14_p14_c1",1,True,1.0
What is the matrix called when it results from row exchanges?,1,book_en_国外数学教材-非数学专业教材-线性代数-Gilbert Strang—Linear Algebra and Its Applications 4e_0242_p242_c0,book_en_国外数学教材-非数学专业教材-线性代数-Gilbert Strang—Linear Algebra and Its Applications 4e_0242_p242_c0,1,True,1.0
What is the matrix called when it results from row exchanges?,3,book_en_国外数学教材-非数学专业教材-线性代数-Gilbert Strang—Linear Algebra and Its Applications 4e_0242_p242_c0,"book_en_国外数学教材-非数学专业教材-线性代数-Gilbert Strang—Linear Algebra and Its Applications 4e_0242_p242_c0,PPT_lay_linalg5_01_05_page_009_p9_c0,book_en_国外数学教材-非数学专业教材-线性代数-Gilbert Strang—Linear Algebra and Its Applications 4e_0035_p35_c2",1,True,1.0
What is the matrix called when it results from row exchanges?,5,book_en_国外数学教材-非数学专业教材-线性代数-Gilbert Strang—Linear Algebra and Its Applications 4e_0242_p242_c0,"book_en_国外数学教材-非数学专业教材-线性代数-Gilbert Strang—Linear Algebra and Its Applications 4e_0242_p242_c0,PPT_lay_linalg5_01_05_page_009_p9_c0,book_en_国外数学教材-非数学专业教材-线性代数-Gilbert Strang—Linear Algebra and Its Applications 4e_0035_p35_c2,exam_paper_en-file-putnam-archive_2011_Solutions_2011s_page_002_p2_c8,jiaocaineedrop_glossary.pdf_7_p7_c9",1,True,1.0
What kind of box is formed from the rows (or columns) of Q?,1,book_en_国外数学教材-非数学专业教材-线性代数-Gilbert Strang—Linear Algebra and Its Applications 4e_0242_p242_c1,book_en_国外数学教材-非数学专业教材-线性代数-Gilbert Strang—Linear Algebra and Its Applications 4e_0242_p242_c1,1,True,1.0
What kind of box is formed from the rows (or columns) of Q?,3,book_en_国外数学教材-非数学专业教材-线性代数-Gilbert Strang—Linear Algebra and Its Applications 4e_0242_p242_c1,"book_en_国外数学教材-非数学专业教材-线性代数-Gilbert Strang—Linear Algebra and Its Applications 4e_0242_p242_c1,newspaper_The Globe and Mail - 2025-1-8@magazinesclubnew_page_014_p14_c21,exam_paper_en-file-putnam-archive_1999_Solutions_1999s_page_003_p3_c3",1,True,1.0
What kind of box is formed from the rows (or columns) of Q?,5,book_en_国外数学教材-非数学专业教材-线性代数-Gilbert Strang—Linear Algebra and Its Applications 4e_0242_p242_c1,"book_en_国外数学教材-非数学专业教材-线性代数-Gilbert Strang—Linear Algebra and Its Applications 4e_0242_p242_c1,newspaper_The Globe and Mail - 2025-1-8@magazinesclubnew_page_014_p14_c21,exam_paper_en-file-putnam-archive_1999_Solutions_1999s_page_003_p3_c3,exam_paper_en-file-putnam-archive_2007_Solutions_2007s_page_001_p1_c7,book_en_国外数学教材-非数学专业教材-线性代数-Gilbert Strang—Linear Algebra and Its Applications 4e_0035_p35_c1",1,True,1.0
What is the determinant of the given skew-symmetric matrix K?,1,book_en_国外数学教材-非数学专业教材-线性代数-Gilbert Strang—Linear Algebra and Its Applications 4e_0242_p242_c2,book_en_国外数学教材-非数学专业教材-线性代数-Gilbert Strang—Linear Algebra and Its Applications 4e_0242_p242_c2,1,True,1.0
What is the determinant of the given skew-symmetric matrix K?,3,book_en_国外数学教材-非数学专业教材-线性代数-Gilbert Strang—Linear Algebra and Its Applications 4e_0242_p242_c2,"book_en_国外数学教材-非数学专业教材-线性代数-Gilbert Strang—Linear Algebra and Its Applications 4e_0242_p242_c2,book_en_国外数学教材-非数学专业教材-线性代数-Gilbert Strang—Linear Algebra and Its Applications 4e_0242_p242_c1,exam_paper_en-file-putnam-archive_1995_Solutions_1995s_page_002_p2_c3",1,True,1.0
What is the determinant of the given skew-symmetric matrix K?,5,book_en_国外数学教材-非数学专业教材-线性代数-Gilbert Strang—Linear Algebra and Its Applications 4e_0242_p242_c2,"book_en_国外数学教材-非数学专业教材-线性代数-Gilbert Strang—Linear Algebra and Its Applications 4e_0242_p242_c2,book_en_国外数学教材-非数学专业教材-线性代数-Gilbert Strang—Linear Algebra and Its Applications 4e_0242_p242_c1,exam_paper_en-file-putnam-archive_1995_Solutions_1995s_page_002_p2_c3,book_en_国外数学教材-非数学专业教材-线性代数-Gilbert Strang—Linear Algebra and Its Applications 4e_0242_p242_c0,book_en_国外数学教材-非数学专业教材-线性代数-Gilbert Strang—Linear Algebra and Its Applications 4e_0242_p242_c3",1,True,1.0
Which statement claims that the determinant of AB - BA is zero?,1,book_en_国外数学教材-非数学专业教材-线性代数-Gilbert Strang—Linear Algebra and Its Applications 4e_0242_p242_c3,book_en_国外数学教材-非数学专业教材-线性代数-Gilbert Strang—Linear Algebra and Its Applications 4e_0242_p242_c3,1,True,1.0
Which statement claims that the determinant of AB - BA is zero?,3,book_en_国外数学教材-非数学专业教材-线性代数-Gilbert Strang—Linear Algebra and Its Applications 4e_0242_p242_c3,"book_en_国外数学教材-非数学专业教材-线性代数-Gilbert Strang—Linear Algebra and Its Applications 4e_0242_p242_c3,book_en_国外数学教材-非数学专业教材-线性代数-Gilbert Strang—Linear Algebra and Its Applications 4e_0242_p242_c2,exam_paper_en-file-putnam-archive_2011_Solutions_2011s_page_002_p2_c2",1,True,1.0
Which statement claims that the determinant of AB - BA is zero?,5,book_en_国外数学教材-非数学专业教材-线性代数-Gilbert Strang—Linear Algebra and Its Applications 4e_0242_p242_c3,"book_en_国外数学教材-非数学专业教材-线性代数-Gilbert Strang—Linear Algebra and Its Applications 4e_0242_p242_c3,book_en_国外数学教材-非数学专业教材-线性代数-Gilbert Strang—Linear Algebra and Its Applications 4e_0242_p242_c2,exam_paper_en-file-putnam-archive_2011_Solutions_2011s_page_002_p2_c2,book_en_国外数学教材-非数学专业教材-线性代数-Gilbert Strang—Linear Algebra and Its Applications 4e_0035_p35_c4,exam_paper_en-file-putnam-archive_2002_Solutions_2002s_page_001_p1_c4",1,True,1.0
北京天坛的回音壁应用的声学原理是什么？,1,yanbaopptmerge_yanbaoPPT_985_p985_c0,yanbaopptmerge_yanbaoPPT_985_p985_c0,1,True,1.0
北京天坛的回音壁应用的声学原理是什么？,3,yanbaopptmerge_yanbaoPPT_985_p985_c0,"yanbaopptmerge_yanbaoPPT_985_p985_c0,jiaocaineedrop_jiaocai_needrop_en_1473_p1473_c1,docstructbench_dianzishu_zhongwenzaixian-o.O-61513005.pdf_179_p179_c0",1,True,1.0
北京天坛的回音壁应用的声学原理是什么？,5,yanbaopptmerge_yanbaoPPT_985_p985_c0,"yanbaopptmerge_yanbaoPPT_985_p985_c0,jiaocaineedrop_jiaocai_needrop_en_1473_p1473_c1,docstructbench_dianzishu_zhongwenzaixian-o.O-61513005.pdf_179_p179_c0,yanbaor2_bfe5f11c4ad2e94d966ef6801dc992816f42c9150e2be42b008c95f59713e901.pdf_137_p137_c0,book_zh_JGJ1022003_extracted_page_27_p27_c0",1,True,1.0
优你造科技的产品远销哪些地区？,1,yanbaor2_bfe5f11c4ad2e94d966ef6801dc992816f42c9150e2be42b008c95f59713e901.pdf_137_p137_c0,yanbaor2_bfe5f11c4ad2e94d966ef6801dc992816f42c9150e2be42b008c95f59713e901.pdf_137_p137_c1,0,False,0.0
优你造科技的产品远销哪些地区？,3,yanbaor2_bfe5f11c4ad2e94d966ef6801dc992816f42c9150e2be42b008c95f59713e901.pdf_137_p137_c0,"yanbaor2_bfe5f11c4ad2e94d966ef6801dc992816f42c9150e2be42b008c95f59713e901.pdf_137_p137_c1,yanbaor2_bfe5f11c4ad2e94d966ef6801dc992816f42c9150e2be42b008c95f59713e901.pdf_137_p137_c0,newspaper_35bdaa11dec104ccbdc9e19ac8527d21_1_p1_c6",2,True,1.0
优你造科技的产品远销哪些地区？,5,yanbaor2_bfe5f11c4ad2e94d966ef6801dc992816f42c9150e2be42b008c95f59713e901.pdf_137_p137_c0,"yanbaor2_bfe5f11c4ad2e94d966ef6801dc992816f42c9150e2be42b008c95f59713e901.pdf_137_p137_c1,yanbaor2_bfe5f11c4ad2e94d966ef6801dc992816f42c9150e2be42b008c95f59713e901.pdf_137_p137_c0,newspaper_35bdaa11dec104ccbdc9e19ac8527d21_1_p1_c6,newspaper_35bdaa11dec104ccbdc9e19ac8527d21_1_p1_c2,newspaper_fe2c8b45b2a086cd75984640bb3080e1_1_p1_c5",2,True,1.0
优你造科技的研发团队来自哪些机构？,1,yanbaor2_bfe5f11c4ad2e94d966ef6801dc992816f42c9150e2be42b008c95f59713e901.pdf_137_p137_c1,yanbaor2_bfe5f11c4ad2e94d966ef6801dc992816f42c9150e2be42b008c95f59713e901.pdf_137_p137_c1,1,True,1.0
优你造科技的研发团队来自哪些机构？,3,yanbaor2_bfe5f11c4ad2e94d966ef6801dc992816f42c9150e2be42b008c95f59713e901.pdf_137_p137_c1,"yanbaor2_bfe5f11c4ad2e94d966ef6801dc992816f42c9150e2be42b008c95f59713e901.pdf_137_p137_c1,yanbaor2_bfe5f11c4ad2e94d966ef6801dc992816f42c9150e2be42b008c95f59713e901.pdf_137_p137_c0,yanbaor2_bfe5f11c4ad2e94d966ef6801dc992816f42c9150e2be42b008c95f59713e901.pdf_139_p139_c1",1,True,1.0
优你造科技的研发团队来自哪些机构？,5,yanbaor2_bfe5f11c4ad2e94d966ef6801dc992816f42c9150e2be42b008c95f59713e901.pdf_137_p137_c1,"yanbaor2_bfe5f11c4ad2e94d966ef6801dc992816f42c9150e2be42b008c95f59713e901.pdf_137_p137_c1,yanbaor2_bfe5f11c4ad2e94d966ef6801dc992816f42c9150e2be42b008c95f59713e901.pdf_137_p137_c0,yanbaor2_bfe5f11c4ad2e94d966ef6801dc992816f42c9150e2be42b008c95f59713e901.pdf_139_p139_c1,newspaper_fe2c8b45b2a086cd75984640bb3080e1_1_p1_c2,yanbaor2_7f386f737cb55cffa10c8321a94bd38d7169cd69b3b253b9e2e502c12a68feea.pdf_15_p15_c0",1,True,1.0
What are some examples of phenomena explained by the zero-point term?,1,docstructbench_llm-raw-scihub-o.O-j.physletb.2004.11.060.pdf_2_p2_c0,docstructbench_llm-raw-scihub-o.O-j.physletb.2004.11.060.pdf_2_p2_c0,1,True,1.0
What are some examples of phenomena explained by the zero-point term?,3,docstructbench_llm-raw-scihub-o.O-j.physletb.2004.11.060.pdf_2_p2_c0,"docstructbench_llm-raw-scihub-o.O-j.physletb.2004.11.060.pdf_2_p2_c0,docstructbench_llm-raw-scihub-o.O-j.physletb.2004.11.060.pdf_2_p2_c1,docstructbench_llm-raw-scihub-o.O-j.physletb.2004.11.060.pdf_2_p2_c5",1,True,1.0
What are some examples of phenomena explained by the zero-point term?,5,docstructbench_llm-raw-scihub-o.O-j.physletb.2004.11.060.pdf_2_p2_c0,"docstructbench_llm-raw-scihub-o.O-j.physletb.2004.11.060.pdf_2_p2_c0,docstructbench_llm-raw-scihub-o.O-j.physletb.2004.11.060.pdf_2_p2_c1,docstructbench_llm-raw-scihub-o.O-j.physletb.2004.11.060.pdf_2_p2_c5,docstructbench_llm-raw-scihub-o.O-j.physletb.2004.11.060.pdf_2_p2_c2,docstructbench_llm-raw-scihub-o.O-j.physletb.2004.11.060.pdf_2_p2_c3",1,True,1.0
What is the maximum frequency mentioned in the document fragment?,1,docstructbench_llm-raw-scihub-o.O-j.physletb.2004.11.060.pdf_2_p2_c1,docstructbench_llm-raw-scihub-o.O-j.physletb.2004.11.060.pdf_2_p2_c2,0,False,0.0
What is the maximum frequency mentioned in the document fragment?,3,docstructbench_llm-raw-scihub-o.O-j.physletb.2004.11.060.pdf_2_p2_c1,"docstructbench_llm-raw-scihub-o.O-j.physletb.2004.11.060.pdf_2_p2_c2,docstructbench_llm-raw-scihub-o.O-j.physletb.2004.11.060.pdf_2_p2_c1,docstructbench_llm-raw-scihub-o.O-j.chroma.2005.05.085.pdf_4_p4_c6",2,True,1.0
What is the maximum frequency mentioned in the document fragment?,5,docstructbench_llm-raw-scihub-o.O-j.physletb.2004.11.060.pdf_2_p2_c1,"docstructbench_llm-raw-scihub-o.O-j.physletb.2004.11.060.pdf_2_p2_c2,docstructbench_llm-raw-scihub-o.O-j.physletb.2004.11.060.pdf_2_p2_c1,docstructbench_llm-raw-scihub-o.O-j.chroma.2005.05.085.pdf_4_p4_c6,newspaper_The Globe and Mail - 2025-1-8@magazinesclubnew_page_014_p14_c3,docstructbench_llm-raw-scihub-o.O-j.physletb.2004.11.060.pdf_2_p2_c3",2,True,1.0
What relation could have been used by Planck and Nernst to obtain a different equation?,1,docstructbench_llm-raw-scihub-o.O-j.physletb.2004.11.060.pdf_2_p2_c3,docstructbench_llm-raw-scihub-o.O-j.physletb.2004.11.060.pdf_2_p2_c3,1,True,1.0
What relation could have been used by Planck and Nernst to obtain a different equation?,3,docstructbench_llm-raw-scihub-o.O-j.physletb.2004.11.060.pdf_2_p2_c3,"docstructbench_llm-raw-scihub-o.O-j.physletb.2004.11.060.pdf_2_p2_c3,exam_paper_en-file-putnam-archive_1996_Solutions_1996s_page_002_p2_c3,exam_paper_en-file-putnam-archive_2007_Solutions_2007s_page_001_p1_c7",1,True,1.0
What relation could have been used by Planck and Nernst to obtain a different equation?,5,docstructbench_llm-raw-scihub-o.O-j.physletb.2004.11.060.pdf_2_p2_c3,"docstructbench_llm-raw-scihub-o.O-j.physletb.2004.11.060.pdf_2_p2_c3,exam_paper_en-file-putnam-archive_1996_Solutions_1996s_page_002_p2_c3,exam_paper_en-file-putnam-archive_2007_Solutions_2007s_page_001_p1_c7,jiaocaineedrop_96657786.pdf_0_p0_c1,exam_paper_en-file-putnam-archive_2006_Solutions_2006s_page_006_p6_c7",1,True,1.0
What is the result of the integral as the cutoff frequency approaches infinity?,1,docstructbench_llm-raw-scihub-o.O-j.physletb.2004.11.060.pdf_2_p2_c4,docstructbench_llm-raw-scihub-o.O-j.physletb.2004.11.060.pdf_2_p2_c6,0,False,0.0
What is the result of the integral as the cutoff frequency approaches infinity?,3,docstructbench_llm-raw-scihub-o.O-j.physletb.2004.11.060.pdf_2_p2_c4,"docstructbench_llm-raw-scihub-o.O-j.physletb.2004.11.060.pdf_2_p2_c6,docstructbench_llm-raw-scihub-o.O-j.physletb.2004.11.060.pdf_2_p2_c4,docstructbench_llm-raw-scihub-o.O-j.physletb.2004.11.060.pdf_2_p2_c5",2,True,1.0
What is the result of the integral as the cutoff frequency approaches infinity?,5,docstructbench_llm-raw-scihub-o.O-j.physletb.2004.11.060.pdf_2_p2_c4,"docstructbench_llm-raw-scihub-o.O-j.physletb.2004.11.060.pdf_2_p2_c6,docstructbench_llm-raw-scihub-o.O-j.physletb.2004.11.060.pdf_2_p2_c4,docstructbench_llm-raw-scihub-o.O-j.physletb.2004.11.060.pdf_2_p2_c5,docstructbench_llm-raw-scihub-o.O-j.chroma.2005.05.085.pdf_4_p4_c7,docstructbench_llm-raw-scihub-o.O-j.physletb.2004.11.060.pdf_2_p2_c3",2,True,1.0
What happens to the film where the interference is constructive?,1,yanbaopptmerge_1c5f17c3dfa38c45b86802b9d014da18.pdf_1372_p1372_c0,yanbaopptmerge_1c5f17c3dfa38c45b86802b9d014da18.pdf_1372_p1372_c1,0,False,0.0
What happens to the film where the interference is constructive?,3,yanbaopptmerge_1c5f17c3dfa38c45b86802b9d014da18.pdf_1372_p1372_c0,"yanbaopptmerge_1c5f17c3dfa38c45b86802b9d014da18.pdf_1372_p1372_c1,yanbaopptmerge_1c5f17c3dfa38c45b86802b9d014da18.pdf_1372_p1372_c0,yanbaopptmerge_1c5f17c3dfa38c45b86802b9d014da18.pdf_1372_p1372_c3",2,True,1.0
What happens to the film where the interference is constructive?,5,yanbaopptmerge_1c5f17c3dfa38c45b86802b9d014da18.pdf_1372_p1372_c0,"yanbaopptmerge_1c5f17c3dfa38c45b86802b9d014da18.pdf_1372_p1372_c1,yanbaopptmerge_1c5f17c3dfa38c45b86802b9d014da18.pdf_1372_p1372_c0,yanbaopptmerge_1c5f17c3dfa38c45b86802b9d014da18.pdf_1372_p1372_c3,yanbaopptmerge_1c5f17c3dfa38c45b86802b9d014da18.pdf_1372_p1372_c4,yanbaopptmerge_1c5f17c3dfa38c45b86802b9d014da18.pdf_1372_p1372_c5",2,True,1.0
What is the film referred to as in the context of constructive interference?,1,yanbaopptmerge_1c5f17c3dfa38c45b86802b9d014da18.pdf_1372_p1372_c1,yanbaopptmerge_1c5f17c3dfa38c45b86802b9d014da18.pdf_1372_p1372_c0,0,False,0.0
What is the film referred to as in the context of constructive interference?,3,yanbaopptmerge_1c5f17c3dfa38c45b86802b9d014da18.pdf_1372_p1372_c1,"yanbaopptmerge_1c5f17c3dfa38c45b86802b9d014da18.pdf_1372_p1372_c0,yanbaopptmerge_1c5f17c3dfa38c45b86802b9d014da18.pdf_1372_p1372_c1,yanbaopptmerge_1c5f17c3dfa38c45b86802b9d014da18.pdf_1372_p1372_c3",2,True,1.0
What is the film referred to as in the context of constructive interference?,5,yanbaopptmerge_1c5f17c3dfa38c45b86802b9d014da18.pdf_1372_p1372_c1,"yanbaopptmerge_1c5f17c3dfa38c45b86802b9d014da18.pdf_1372_p1372_c0,yanbaopptmerge_1c5f17c3dfa38c45b86802b9d014da18.pdf_1372_p1372_c1,yanbaopptmerge_1c5f17c3dfa38c45b86802b9d014da18.pdf_1372_p1372_c3,yanbaopptmerge_1c5f17c3dfa38c45b86802b9d014da18.pdf_1372_p1372_c4,yanbaopptmerge_1c5f17c3dfa38c45b86802b9d014da18.pdf_1372_p1372_c2",2,True,1.0
What does the film act like in the process?,1,yanbaopptmerge_1c5f17c3dfa38c45b86802b9d014da18.pdf_1372_p1372_c2,yanbaopptmerge_1c5f17c3dfa38c45b86802b9d014da18.pdf_1372_p1372_c2,1,True,1.0
What does the film act like in the process?,3,yanbaopptmerge_1c5f17c3dfa38c45b86802b9d014da18.pdf_1372_p1372_c2,"yanbaopptmerge_1c5f17c3dfa38c45b86802b9d014da18.pdf_1372_p1372_c2,yanbaopptmerge_1c5f17c3dfa38c45b86802b9d014da18.pdf_1372_p1372_c1,yanbaopptmerge_1c5f17c3dfa38c45b86802b9d014da18.pdf_1372_p1372_c3",1,True,1.0
What does the film act like in the process?,5,yanbaopptmerge_1c5f17c3dfa38c45b86802b9d014da18.pdf_1372_p1372_c2,"yanbaopptmerge_1c5f17c3dfa38c45b86802b9d014da18.pdf_1372_p1372_c2,yanbaopptmerge_1c5f17c3dfa38c45b86802b9d014da18.pdf_1372_p1372_c1,yanbaopptmerge_1c5f17c3dfa38c45b86802b9d014da18.pdf_1372_p1372_c3,yanbaopptmerge_1c5f17c3dfa38c45b86802b9d014da18.pdf_1372_p1372_c0,newspaper_USAToday-2025-01-08@magazinesclubnew_page_021_p21_c6",1,True,1.0
What produces the same interference pattern as the object?,1,yanbaopptmerge_1c5f17c3dfa38c45b86802b9d014da18.pdf_1372_p1372_c3,yanbaopptmerge_1c5f17c3dfa38c45b86802b9d014da18.pdf_1372_p1372_c3,1,True,1.0
What produces the same interference pattern as the object?,3,yanbaopptmerge_1c5f17c3dfa38c45b86802b9d014da18.pdf_1372_p1372_c3,"yanbaopptmerge_1c5f17c3dfa38c45b86802b9d014da18.pdf_1372_p1372_c3,yanbaopptmerge_1c5f17c3dfa38c45b86802b9d014da18.pdf_1372_p1372_c4,yanbaopptmerge_1c5f17c3dfa38c45b86802b9d014da18.pdf_1372_p1372_c1",1,True,1.0
What produces the same interference pattern as the object?,5,yanbaopptmerge_1c5f17c3dfa38c45b86802b9d014da18.pdf_1372_p1372_c3,"yanbaopptmerge_1c5f17c3dfa38c45b86802b9d014da18.pdf_1372_p1372_c3,yanbaopptmerge_1c5f17c3dfa38c45b86802b9d014da18.pdf_1372_p1372_c4,yanbaopptmerge_1c5f17c3dfa38c45b86802b9d014da18.pdf_1372_p1372_c1,yanbaopptmerge_1c5f17c3dfa38c45b86802b9d014da18.pdf_1372_p1372_c2,yanbaopptmerge_1c5f17c3dfa38c45b86802b9d014da18.pdf_1372_p1372_c0",1,True,1.0
What causes the blurry appearance in white light holograms?,1,yanbaopptmerge_1c5f17c3dfa38c45b86802b9d014da18.pdf_1372_p1372_c4,yanbaopptmerge_1c5f17c3dfa38c45b86802b9d014da18.pdf_1372_p1372_c4,1,True,1.0
What causes the blurry appearance in white light holograms?,3,yanbaopptmerge_1c5f17c3dfa38c45b86802b9d014da18.pdf_1372_p1372_c4,"yanbaopptmerge_1c5f17c3dfa38c45b86802b9d014da18.pdf_1372_p1372_c4,yanbaopptmerge_1c5f17c3dfa38c45b86802b9d014da18.pdf_1372_p1372_c0,yanbaopptmerge_1c5f17c3dfa38c45b86802b9d014da18.pdf_1372_p1372_c1",1,True,1.0
What causes the blurry appearance in white light holograms?,5,yanbaopptmerge_1c5f17c3dfa38c45b86802b9d014da18.pdf_1372_p1372_c4,"yanbaopptmerge_1c5f17c3dfa38c45b86802b9d014da18.pdf_1372_p1372_c4,yanbaopptmerge_1c5f17c3dfa38c45b86802b9d014da18.pdf_1372_p1372_c0,yanbaopptmerge_1c5f17c3dfa38c45b86802b9d014da18.pdf_1372_p1372_c1,yanbaopptmerge_1c5f17c3dfa38c45b86802b9d014da18.pdf_1372_p1372_c3,yanbaopptmerge_1c5f17c3dfa38c45b86802b9d014da18.pdf_1372_p1372_c2",1,True,1.0
How are moving holograms produced?,1,yanbaopptmerge_1c5f17c3dfa38c45b86802b9d014da18.pdf_1372_p1372_c5,yanbaopptmerge_1c5f17c3dfa38c45b86802b9d014da18.pdf_1372_p1372_c5,1,True,1.0
How are moving holograms produced?,3,yanbaopptmerge_1c5f17c3dfa38c45b86802b9d014da18.pdf_1372_p1372_c5,"yanbaopptmerge_1c5f17c3dfa38c45b86802b9d014da18.pdf_1372_p1372_c5,yanbaopptmerge_1c5f17c3dfa38c45b86802b9d014da18.pdf_1372_p1372_c6,yanbaopptmerge_1c5f17c3dfa38c45b86802b9d014da18.pdf_1372_p1372_c1",1,True,1.0
How are moving holograms produced?,5,yanbaopptmerge_1c5f17c3dfa38c45b86802b9d014da18.pdf_1372_p1372_c5,"yanbaopptmerge_1c5f17c3dfa38c45b86802b9d014da18.pdf_1372_p1372_c5,yanbaopptmerge_1c5f17c3dfa38c45b86802b9d014da18.pdf_1372_p1372_c6,yanbaopptmerge_1c5f17c3dfa38c45b86802b9d014da18.pdf_1372_p1372_c1,yanbaopptmerge_1c5f17c3dfa38c45b86802b9d014da18.pdf_1372_p1372_c3,yanbaopptmerge_1c5f17c3dfa38c45b86802b9d014da18.pdf_1372_p1372_c0",1,True,1.0
What allows complete 3-D holographic displays of objects from a stack or images in the medical field?,1,yanbaopptmerge_1c5f17c3dfa38c45b86802b9d014da18.pdf_1372_p1372_c6,yanbaopptmerge_1c5f17c3dfa38c45b86802b9d014da18.pdf_1372_p1372_c6,1,True,1.0
What allows complete 3-D holographic displays of objects from a stack or images in the medical field?,3,yanbaopptmerge_1c5f17c3dfa38c45b86802b9d014da18.pdf_1372_p1372_c6,"yanbaopptmerge_1c5f17c3dfa38c45b86802b9d014da18.pdf_1372_p1372_c6,yanbaopptmerge_1c5f17c3dfa38c45b86802b9d014da18.pdf_1372_p1372_c5,yanbaopptmerge_1c5f17c3dfa38c45b86802b9d014da18.pdf_1372_p1372_c4",1,True,1.0
What allows complete 3-D holographic displays of objects from a stack or images in the medical field?,5,yanbaopptmerge_1c5f17c3dfa38c45b86802b9d014da18.pdf_1372_p1372_c6,"yanbaopptmerge_1c5f17c3dfa38c45b86802b9d014da18.pdf_1372_p1372_c6,yanbaopptmerge_1c5f17c3dfa38c45b86802b9d014da18.pdf_1372_p1372_c5,yanbaopptmerge_1c5f17c3dfa38c45b86802b9d014da18.pdf_1372_p1372_c4,yanbaopptmerge_1c5f17c3dfa38c45b86802b9d014da18.pdf_1372_p1372_c1,yanbaopptmerge_1c5f17c3dfa38c45b86802b9d014da18.pdf_1372_p1372_c3",1,True,1.0
What solvent was used to elute the extract?,1,docstructbench_llm-raw-scihub-o.O-j.chroma.2005.05.085.pdf_4_p4_c0,docstructbench_llm-raw-scihub-o.O-j.chroma.2005.05.085.pdf_4_p4_c0,1,True,1.0
What solvent was used to elute the extract?,3,docstructbench_llm-raw-scihub-o.O-j.chroma.2005.05.085.pdf_4_p4_c0,"docstructbench_llm-raw-scihub-o.O-j.chroma.2005.05.085.pdf_4_p4_c0,docstructbench_llm-raw-scihub-o.O-j.chroma.2005.05.085.pdf_4_p4_c1,docstructbench_llm-raw-scihub-o.O-j.chroma.2005.05.085.pdf_4_p4_c10",1,True,1.0
What solvent was used to elute the extract?,5,docstructbench_llm-raw-scihub-o.O-j.chroma.2005.05.085.pdf_4_p4_c0,"docstructbench_llm-raw-scihub-o.O-j.chroma.2005.05.085.pdf_4_p4_c0,docstructbench_llm-raw-scihub-o.O-j.chroma.2005.05.085.pdf_4_p4_c1,docstructbench_llm-raw-scihub-o.O-j.chroma.2005.05.085.pdf_4_p4_c10,book_zh_CNASGL0092018_extracted_page_73_p73_c1,scihub_s11661-013-1726-7.pdf_2_p2_c1",1,True,1.0
What substances are removed using Bio-Beads in the process?,1,docstructbench_llm-raw-scihub-o.O-j.chroma.2005.05.085.pdf_4_p4_c1,docstructbench_llm-raw-scihub-o.O-j.chroma.2005.05.085.pdf_4_p4_c1,1,True,1.0
What substances are removed using Bio-Beads in the process?,3,docstructbench_llm-raw-scihub-o.O-j.chroma.2005.05.085.pdf_4_p4_c1,"docstructbench_llm-raw-scihub-o.O-j.chroma.2005.05.085.pdf_4_p4_c1,docstructbench_llm-raw-scihub-o.O-j.apcata.2006.05.010.pdf_2_p2_c0,docstructbench_llm-raw-scihub-o.O-j.chroma.2005.05.085.pdf_4_p4_c0",1,True,1.0
What substances are removed using Bio-Beads in the process?,5,docstructbench_llm-raw-scihub-o.O-j.chroma.2005.05.085.pdf_4_p4_c1,"docstructbench_llm-raw-scihub-o.O-j.chroma.2005.05.085.pdf_4_p4_c1,docstructbench_llm-raw-scihub-o.O-j.apcata.2006.05.010.pdf_2_p2_c0,docstructbench_llm-raw-scihub-o.O-j.chroma.2005.05.085.pdf_4_p4_c0,book_zh_CNASGL0092018_extracted_page_73_p73_c1,docstructbench_llm-raw-scihub-o.O-j.chroma.2005.05.085.pdf_4_p4_c8",1,True,1.0
What is the daily sewage quantity received by Jahra?,1,docstructbench_llm-raw-scihub-o.O-j.chroma.2005.05.085.pdf_4_p4_c2,docstructbench_llm-raw-scihub-o.O-j.chroma.2005.05.085.pdf_4_p4_c2,1,True,1.0
What is the daily sewage quantity received by Jahra?,3,docstructbench_llm-raw-scihub-o.O-j.chroma.2005.05.085.pdf_4_p4_c2,"docstructbench_llm-raw-scihub-o.O-j.chroma.2005.05.085.pdf_4_p4_c2,docstructbench_llm-raw-scihub-o.O-j.chroma.2005.05.085.pdf_4_p4_c3,magazine_TheEconomist.2023.12.23_page_012_p12_c4",1,True,1.0
What is the daily sewage quantity received by Jahra?,5,docstructbench_llm-raw-scihub-o.O-j.chroma.2005.05.085.pdf_4_p4_c2,"docstructbench_llm-raw-scihub-o.O-j.chroma.2005.05.085.pdf_4_p4_c2,docstructbench_llm-raw-scihub-o.O-j.chroma.2005.05.085.pdf_4_p4_c3,magazine_TheEconomist.2023.12.23_page_012_p12_c4,docstructbench_llm-raw-scihub-o.O-j.chroma.2005.05.085.pdf_4_p4_c5,newspaper_fe5ed29024932fad071afc53807b16ba_1_p1_c9",1,True,1.0
What temperature in summer may cause PAHs to volatilize?,1,docstructbench_llm-raw-scihub-o.O-j.chroma.2005.05.085.pdf_4_p4_c3,docstructbench_llm-raw-scihub-o.O-j.chroma.2005.05.085.pdf_4_p4_c3,1,True,1.0
What temperature in summer may cause PAHs to volatilize?,3,docstructbench_llm-raw-scihub-o.O-j.chroma.2005.05.085.pdf_4_p4_c3,"docstructbench_llm-raw-scihub-o.O-j.chroma.2005.05.085.pdf_4_p4_c3,docstructbench_llm-raw-scihub-o.O-j.chroma.2005.05.085.pdf_4_p4_c4,docstructbench_llm-raw-scihub-o.O-j.apcata.2006.05.010.pdf_2_p2_c10",1,True,1.0
What temperature in summer may cause PAHs to volatilize?,5,docstructbench_llm-raw-scihub-o.O-j.chroma.2005.05.085.pdf_4_p4_c3,"docstructbench_llm-raw-scihub-o.O-j.chroma.2005.05.085.pdf_4_p4_c3,docstructbench_llm-raw-scihub-o.O-j.chroma.2005.05.085.pdf_4_p4_c4,docstructbench_llm-raw-scihub-o.O-j.apcata.2006.05.010.pdf_2_p2_c10,docstructbench_llm-raw-scihub-o.O-j.apcata.2006.05.010.pdf_2_p2_c9,docstructbench_llm-raw-scihub-o.O-j.apcata.2006.05.010.pdf_2_p2_c6",1,True,1.0
What is the eventual fate of chemicals in sludge according to the text?,1,docstructbench_llm-raw-scihub-o.O-j.chroma.2005.05.085.pdf_4_p4_c4,docstructbench_llm-raw-scihub-o.O-j.chroma.2005.05.085.pdf_4_p4_c4,1,True,1.0
What is the eventual fate of chemicals in sludge according to the text?,3,docstructbench_llm-raw-scihub-o.O-j.chroma.2005.05.085.pdf_4_p4_c4,"docstructbench_llm-raw-scihub-o.O-j.chroma.2005.05.085.pdf_4_p4_c4,docstructbench_llm-raw-scihub-o.O-j.chroma.2005.05.085.pdf_4_p4_c1,docstructbench_llm-raw-scihub-o.O-j.chroma.2005.05.085.pdf_4_p4_c3",1,True,1.0
What is the eventual fate of chemicals in sludge according to the text?,5,docstructbench_llm-raw-scihub-o.O-j.chroma.2005.05.085.pdf_4_p4_c4,"docstructbench_llm-raw-scihub-o.O-j.chroma.2005.05.085.pdf_4_p4_c4,docstructbench_llm-raw-scihub-o.O-j.chroma.2005.05.085.pdf_4_p4_c1,docstructbench_llm-raw-scihub-o.O-j.chroma.2005.05.085.pdf_4_p4_c3,docstructbench_llm-raw-scihub-o.O-j.chroma.2005.05.085.pdf_4_p4_c2,docstructbench_llm-raw-scihub-o.O-j.chroma.2005.05.085.pdf_4_p4_c5",1,True,1.0
What is the recovery percentage for PHE using the Soxhlet technique?,1,docstructbench_llm-raw-scihub-o.O-j.chroma.2005.05.085.pdf_4_p4_c5,docstructbench_llm-raw-scihub-o.O-j.chroma.2005.05.085.pdf_4_p4_c5,1,True,1.0
What is the recovery percentage for PHE using the Soxhlet technique?,3,docstructbench_llm-raw-scihub-o.O-j.chroma.2005.05.085.pdf_4_p4_c5,"docstructbench_llm-raw-scihub-o.O-j.chroma.2005.05.085.pdf_4_p4_c5,docstructbench_llm-raw-scihub-o.O-j.chroma.2005.05.085.pdf_4_p4_c8,docstructbench_llm-raw-scihub-o.O-j.chroma.2005.05.085.pdf_4_p4_c9",1,True,1.0
What is the recovery percentage for PHE using the Soxhlet technique?,5,docstructbench_llm-raw-scihub-o.O-j.chroma.2005.05.085.pdf_4_p4_c5,"docstructbench_llm-raw-scihub-o.O-j.chroma.2005.05.085.pdf_4_p4_c5,docstructbench_llm-raw-scihub-o.O-j.chroma.2005.05.085.pdf_4_p4_c8,docstructbench_llm-raw-scihub-o.O-j.chroma.2005.05.085.pdf_4_p4_c9,docstructbench_llm-raw-scihub-o.O-j.chroma.2005.05.085.pdf_4_p4_c6,scihub_s00586-010-1656-7.pdf_3_p3_c5",1,True,1.0
What is the value for BbF in the second column?,1,docstructbench_llm-raw-scihub-o.O-j.chroma.2005.05.085.pdf_4_p4_c6,docstructbench_llm-raw-scihub-o.O-j.chroma.2005.05.085.pdf_4_p4_c7,0,False,0.0
What is the value for BbF in the second column?,3,docstructbench_llm-raw-scihub-o.O-j.chroma.2005.05.085.pdf_4_p4_c6,"docstructbench_llm-raw-scihub-o.O-j.chroma.2005.05.085.pdf_4_p4_c7,docstructbench_llm-raw-scihub-o.O-j.chroma.2005.05.085.pdf_4_p4_c6,docstructbench_llm-raw-scihub-o.O-j.chroma.2005.03.134.pdf_6_p6_c3",2,True,1.0
What is the value for BbF in the second column?,5,docstructbench_llm-raw-scihub-o.O-j.chroma.2005.05.085.pdf_4_p4_c6,"docstructbench_llm-raw-scihub-o.O-j.chroma.2005.05.085.pdf_4_p4_c7,docstructbench_llm-raw-scihub-o.O-j.chroma.2005.05.085.pdf_4_p4_c6,docstructbench_llm-raw-scihub-o.O-j.chroma.2005.03.134.pdf_6_p6_c3,scihub_s11661-013-1726-7.pdf_2_p2_c5,docstructbench_llm-raw-scihub-o.O-j.chroma.2005.03.134.pdf_6_p6_c1",2,True,1.0
What is the value for BkF in the second column?,1,docstructbench_llm-raw-scihub-o.O-j.chroma.2005.05.085.pdf_4_p4_c7,docstructbench_llm-raw-scihub-o.O-j.chroma.2005.05.085.pdf_4_p4_c7,1,True,1.0
What is the value for BkF in the second column?,3,docstructbench_llm-raw-scihub-o.O-j.chroma.2005.05.085.pdf_4_p4_c7,"docstructbench_llm-raw-scihub-o.O-j.chroma.2005.05.085.pdf_4_p4_c7,docstructbench_llm-raw-scihub-o.O-j.chroma.2005.03.134.pdf_6_p6_c2,docstructbench_llm-raw-scihub-o.O-j.chroma.2005.05.085.pdf_4_p4_c6",1,True,1.0
What is the value for BkF in the second column?,5,docstructbench_llm-raw-scihub-o.O-j.chroma.2005.05.085.pdf_4_p4_c7,"docstructbench_llm-raw-scihub-o.O-j.chroma.2005.05.085.pdf_4_p4_c7,docstructbench_llm-raw-scihub-o.O-j.chroma.2005.03.134.pdf_6_p6_c2,docstructbench_llm-raw-scihub-o.O-j.chroma.2005.05.085.pdf_4_p4_c6,newspaper_The Globe and Mail - 2025-1-8@magazinesclubnew_page_014_p14_c9,newspaper_The Globe and Mail - 2025-1-8@magazinesclubnew_page_014_p14_c10",1,True,1.0
What is the range of relative standard deviations for the extraction recoveries?,1,docstructbench_llm-raw-scihub-o.O-j.chroma.2005.05.085.pdf_4_p4_c8,docstructbench_llm-raw-scihub-o.O-j.chroma.2005.05.085.pdf_4_p4_c8,1,True,1.0
What is the range of relative standard deviations for the extraction recoveries?,3,docstructbench_llm-raw-scihub-o.O-j.chroma.2005.05.085.pdf_4_p4_c8,"docstructbench_llm-raw-scihub-o.O-j.chroma.2005.05.085.pdf_4_p4_c8,docstructbench_llm-raw-scihub-o.O-j.chroma.2005.05.085.pdf_4_p4_c9,docstructbench_llm-raw-scihub-o.O-j.chroma.2005.05.085.pdf_4_p4_c5",1,True,1.0
What is the range of relative standard deviations for the extraction recoveries?,5,docstructbench_llm-raw-scihub-o.O-j.chroma.2005.05.085.pdf_4_p4_c8,"docstructbench_llm-raw-scihub-o.O-j.chroma.2005.05.085.pdf_4_p4_c8,docstructbench_llm-raw-scihub-o.O-j.chroma.2005.05.085.pdf_4_p4_c9,docstructbench_llm-raw-scihub-o.O-j.chroma.2005.05.085.pdf_4_p4_c5,docstructbench_llm-raw-scihub-o.O-j.chroma.2005.05.085.pdf_4_p4_c10,book_zh_CNASGL0092018_extracted_page_69_p69_c3",1,True,1.0
What was the range of RSDs for the PAHs in the multi-step process?,1,docstructbench_llm-raw-scihub-o.O-j.chroma.2005.05.085.pdf_4_p4_c9,docstructbench_llm-raw-scihub-o.O-j.chroma.2005.05.085.pdf_4_p4_c9,1,True,1.0
What was the range of RSDs for the PAHs in the multi-step process?,3,docstructbench_llm-raw-scihub-o.O-j.chroma.2005.05.085.pdf_4_p4_c9,"docstructbench_llm-raw-scihub-o.O-j.chroma.2005.05.085.pdf_4_p4_c9,docstructbench_llm-raw-scihub-o.O-j.chroma.2005.05.085.pdf_4_p4_c5,docstructbench_llm-raw-scihub-o.O-j.chroma.2005.05.085.pdf_4_p4_c10",1,True,1.0
What was the range of RSDs for the PAHs in the multi-step process?,5,docstructbench_llm-raw-scihub-o.O-j.chroma.2005.05.085.pdf_4_p4_c9,"docstructbench_llm-raw-scihub-o.O-j.chroma.2005.05.085.pdf_4_p4_c9,docstructbench_llm-raw-scihub-o.O-j.chroma.2005.05.085.pdf_4_p4_c5,docstructbench_llm-raw-scihub-o.O-j.chroma.2005.05.085.pdf_4_p4_c10,docstructbench_llm-raw-scihub-o.O-j.chroma.2005.05.085.pdf_4_p4_c8,docstructbench_llm-raw-scihub-o.O-j.chroma.2005.05.085.pdf_4_p4_c4",1,True,1.0
What is the range of RSDs for PLE recoveries?,1,docstructbench_llm-raw-scihub-o.O-j.chroma.2005.05.085.pdf_4_p4_c10,docstructbench_llm-raw-scihub-o.O-j.chroma.2005.05.085.pdf_4_p4_c9,0,False,0.0
What is the range of RSDs for PLE recoveries?,3,docstructbench_llm-raw-scihub-o.O-j.chroma.2005.05.085.pdf_4_p4_c10,"docstructbench_llm-raw-scihub-o.O-j.chroma.2005.05.085.pdf_4_p4_c9,docstructbench_llm-raw-scihub-o.O-j.chroma.2005.05.085.pdf_4_p4_c10,docstructbench_llm-raw-scihub-o.O-j.chroma.2005.05.085.pdf_4_p4_c5",2,True,1.0
What is the range of RSDs for PLE recoveries?,5,docstructbench_llm-raw-scihub-o.O-j.chroma.2005.05.085.pdf_4_p4_c10,"docstructbench_llm-raw-scihub-o.O-j.chroma.2005.05.085.pdf_4_p4_c9,docstructbench_llm-raw-scihub-o.O-j.chroma.2005.05.085.pdf_4_p4_c10,docstructbench_llm-raw-scihub-o.O-j.chroma.2005.05.085.pdf_4_p4_c5,docstructbench_llm-raw-scihub-o.O-j.chroma.2005.05.085.pdf_4_p4_c8,docstructbench_llm-raw-scihub-o.O-j.chroma.2005.03.134.pdf_6_p6_c7",2,True,1.0
如何提高地理思维能力？,1,notes_1ba14cb325bc448f7201b20502ecf2b5_123_p123_c1,notes_1ba14cb325bc448f7201b20502ecf2b5_123_p123_c1,1,True,1.0
如何提高地理思维能力？,3,notes_1ba14cb325bc448f7201b20502ecf2b5_123_p123_c1,"notes_1ba14cb325bc448f7201b20502ecf2b5_123_p123_c1,notes_1ba14cb325bc448f7201b20502ecf2b5_123_p123_c0,jiaocaineedrop_jiaocai_needrop_en_2893_p2893_c1",1,True,1.0
如何提高地理思维能力？,5,notes_1ba14cb325bc448f7201b20502ecf2b5_123_p123_c1,"notes_1ba14cb325bc448f7201b20502ecf2b5_123_p123_c1,notes_1ba14cb325bc448f7201b20502ecf2b5_123_p123_c0,jiaocaineedrop_jiaocai_needrop_en_2893_p2893_c1,jiaocaineedrop_jiaocai_needrop_en_1836_p1836_c2,jiaocaineedrop_jiaocai_needrop_en_2893_p2893_c0",1,True,1.0
Which states are home to most of India’s leading tech companies and global giants like Amazon and Microsoft?,1,magazine_TheEconomist.2024.03.02_page_032_p32_c0,magazine_TheEconomist.2024.03.02_page_032_p32_c1,0,False,0.0
Which states are home to most of India’s leading tech companies and global giants like Amazon and Microsoft?,3,magazine_TheEconomist.2024.03.02_page_032_p32_c0,"magazine_TheEconomist.2024.03.02_page_032_p32_c1,magazine_TheEconomist.2024.03.02_page_032_p32_c0,newspaper_0b1bb8d03b4287eb95f67b68c2cf9f92_1_p1_c5",2,True,1.0
Which states are home to most of India’s leading tech companies and global giants like Amazon and Microsoft?,5,magazine_TheEconomist.2024.03.02_page_032_p32_c0,"magazine_TheEconomist.2024.03.02_page_032_p32_c1,magazine_TheEconomist.2024.03.02_page_032_p32_c0,newspaper_0b1bb8d03b4287eb95f67b68c2cf9f92_1_p1_c5,magazine_TheEconomist.2024.03.02_page_032_p32_c2,newspaper_0b1bb8d03b4287eb95f67b68c2cf9f92_1_p1_c6",2,True,1.0
Which state hosts 16% of India's factories?,1,magazine_TheEconomist.2024.03.02_page_032_p32_c1,magazine_TheEconomist.2024.03.02_page_032_p32_c1,1,True,1.0
Which state hosts 16% of India's factories?,3,magazine_TheEconomist.2024.03.02_page_032_p32_c1,"magazine_TheEconomist.2024.03.02_page_032_p32_c1,magazine_TheEconomist.2024.03.02_page_032_p32_c2,magazine_TheEconomist.2024.03.02_page_032_p32_c0",1,True,1.0
Which state hosts 16% of India's factories?,5,magazine_TheEconomist.2024.03.02_page_032_p32_c1,"magazine_TheEconomist.2024.03.02_page_032_p32_c1,magazine_TheEconomist.2024.03.02_page_032_p32_c2,magazine_TheEconomist.2024.03.02_page_032_p32_c0,magazine_TheEconomist.2023.11.18_page_030_p30_c1,magazine_TheEconomist.2023.11.18_page_030_p30_c0",1,True,1.0
What is the average literacy rate of women aged between 15 and 49 in the south?,1,magazine_TheEconomist.2024.03.02_page_032_p32_c2,magazine_TheEconomist.2024.03.02_page_032_p32_c3,0,False,0.0
What is the average literacy rate of women aged between 15 and 49 in the south?,3,magazine_TheEconomist.2024.03.02_page_032_p32_c2,"magazine_TheEconomist.2024.03.02_page_032_p32_c3,magazine_TheEconomist.2024.03.02_page_032_p32_c2,newspaper_The Globe and Mail - 2025-1-8@magazinesclubnew_page_014_p14_c13",2,True,1.0
What is the average literacy rate of women aged between 15 and 49 in the south?,5,magazine_TheEconomist.2024.03.02_page_032_p32_c2,"magazine_TheEconomist.2024.03.02_page_032_p32_c3,magazine_TheEconomist.2024.03.02_page_032_p32_c2,newspaper_The Globe and Mail - 2025-1-8@magazinesclubnew_page_014_p14_c13,docstructbench_dianzishu_zhongwenzaixian-o.O-61323717.pdf_203_p203_c2,newspaper_The Globe and Mail - 2025-1-8@magazinesclubnew_page_014_p14_c14",2,True,1.0
Which state has been controlled since the 1960s by parties stemming from the Dravidian movement?,1,magazine_TheEconomist.2024.03.02_page_032_p32_c3,magazine_TheEconomist.2024.03.02_page_032_p32_c3,1,True,1.0
Which state has been controlled since the 1960s by parties stemming from the Dravidian movement?,3,magazine_TheEconomist.2024.03.02_page_032_p32_c3,"magazine_TheEconomist.2024.03.02_page_032_p32_c3,magazine_TheEconomist.2024.03.02_page_032_p32_c4,magazine_TheEconomist.2024.03.02_page_032_p32_c5",1,True,1.0
Which state has been controlled since the 1960s by parties stemming from the Dravidian movement?,5,magazine_TheEconomist.2024.03.02_page_032_p32_c3,"magazine_TheEconomist.2024.03.02_page_032_p32_c3,magazine_TheEconomist.2024.03.02_page_032_p32_c4,magazine_TheEconomist.2024.03.02_page_032_p32_c5,magazine_TheEconomist.2023.11.18_page_030_p30_c1,magazine_TheEconomist.2024.03.02_page_032_p32_c9",1,True,1.0
Who was appointed as the state chief by the BJP in 2021?,1,magazine_TheEconomist.2024.03.02_page_032_p32_c4,magazine_TheEconomist.2024.03.02_page_032_p32_c4,1,True,1.0
Who was appointed as the state chief by the BJP in 2021?,3,magazine_TheEconomist.2024.03.02_page_032_p32_c4,"magazine_TheEconomist.2024.03.02_page_032_p32_c4,magazine_TheEconomist.2024.03.02_page_032_p32_c9,magazine_TheEconomist.2024.03.02_page_032_p32_c8",1,True,1.0
Who was appointed as the state chief by the BJP in 2021?,5,magazine_TheEconomist.2024.03.02_page_032_p32_c4,"magazine_TheEconomist.2024.03.02_page_032_p32_c4,magazine_TheEconomist.2024.03.02_page_032_p32_c9,magazine_TheEconomist.2024.03.02_page_032_p32_c8,newspaper_0b1bb8d03b4287eb95f67b68c2cf9f92_1_p1_c37,magazine_TheEconomist.2024.03.02_page_032_p32_c6",1,True,1.0
What issue has often provoked protests in the south?,1,magazine_TheEconomist.2024.03.02_page_032_p32_c5,magazine_TheEconomist.2024.03.02_page_032_p32_c5,1,True,1.0
What issue has often provoked protests in the south?,3,magazine_TheEconomist.2024.03.02_page_032_p32_c5,"magazine_TheEconomist.2024.03.02_page_032_p32_c5,magazine_TheEconomist.2024.03.02_page_032_p32_c6,magazine_TheEconomist.2024.03.02_page_032_p32_c7",1,True,1.0
What issue has often provoked protests in the south?,5,magazine_TheEconomist.2024.03.02_page_032_p32_c5,"magazine_TheEconomist.2024.03.02_page_032_p32_c5,magazine_TheEconomist.2024.03.02_page_032_p32_c6,magazine_TheEconomist.2024.03.02_page_032_p32_c7,magazine_TheEconomist.2024.03.02_page_032_p32_c3,magazine_TheEconomist.2024.03.02_page_032_p32_c8",1,True,1.0
What event in Tamil Nadu occurred in 1965?,1,magazine_TheEconomist.2024.03.02_page_032_p32_c6,magazine_TheEconomist.2024.03.02_page_032_p32_c5,0,False,0.0
What event in Tamil Nadu occurred in 1965?,3,magazine_TheEconomist.2024.03.02_page_032_p32_c6,"magazine_TheEconomist.2024.03.02_page_032_p32_c5,magazine_TheEconomist.2024.03.02_page_032_p32_c6,magazine_TheEconomist.2024.03.02_page_032_p32_c3",2,True,1.0
What event in Tamil Nadu occurred in 1965?,5,magazine_TheEconomist.2024.03.02_page_032_p32_c6,"magazine_TheEconomist.2024.03.02_page_032_p32_c5,magazine_TheEconomist.2024.03.02_page_032_p32_c6,magazine_TheEconomist.2024.03.02_page_032_p32_c3,magazine_TheEconomist.2024.03.02_page_032_p32_c8,magazine_TheEconomist.2023.11.18_page_030_p30_c4",2,True,1.0
What policy did Mr Modi introduce in 2017 that caused protests in Delhi?,1,magazine_TheEconomist.2024.03.02_page_032_p32_c7,magazine_TheEconomist.2024.03.02_page_032_p32_c7,1,True,1.0
What policy did Mr Modi introduce in 2017 that caused protests in Delhi?,3,magazine_TheEconomist.2024.03.02_page_032_p32_c7,"magazine_TheEconomist.2024.03.02_page_032_p32_c7,magazine_TheEconomist.2024.03.02_page_032_p32_c5,magazine_TheEconomist.2023.11.18_page_030_p30_c2",1,True,1.0
What policy did Mr Modi introduce in 2017 that caused protests in Delhi?,5,magazine_TheEconomist.2024.03.02_page_032_p32_c7,"magazine_TheEconomist.2024.03.02_page_032_p32_c7,magazine_TheEconomist.2024.03.02_page_032_p32_c5,magazine_TheEconomist.2023.11.18_page_030_p30_c2,magazine_TheEconomist.2023.11.18_page_030_p30_c1,magazine_TheEconomist.2023.11.18_page_030_p30_c3",1,True,1.0
What did M.K. Stalin say about delimitation?,1,magazine_TheEconomist.2024.03.02_page_032_p32_c8,magazine_TheEconomist.2024.03.02_page_032_p32_c8,1,True,1.0
What did M.K. Stalin say about delimitation?,3,magazine_TheEconomist.2024.03.02_page_032_p32_c8,"magazine_TheEconomist.2024.03.02_page_032_p32_c8,magazine_TheEconomist.2024.03.02_page_032_p32_c9,jiaocaineedrop_jiaocai_needrop_en_155_p155_c0",1,True,1.0
What did M.K. Stalin say about delimitation?,5,magazine_TheEconomist.2024.03.02_page_032_p32_c8,"magazine_TheEconomist.2024.03.02_page_032_p32_c8,magazine_TheEconomist.2024.03.02_page_032_p32_c9,jiaocaineedrop_jiaocai_needrop_en_155_p155_c0,newspaper_The Globe and Mail - 2025-1-8@magazinesclubnew_page_014_p14_c3,jiaocaineedrop_jiaocai_needrop_en_2193_p2193_c0",1,True,1.0
Which southern state has the BJP already made inroads in?,1,magazine_TheEconomist.2024.03.02_page_032_p32_c9,magazine_TheEconomist.2024.03.02_page_032_p32_c9,1,True,1.0
Which southern state has the BJP already made inroads in?,3,magazine_TheEconomist.2024.03.02_page_032_p32_c9,"magazine_TheEconomist.2024.03.02_page_032_p32_c9,magazine_TheEconomist.2024.03.02_page_032_p32_c3,magazine_TheEconomist.2024.03.02_page_032_p32_c8",1,True,1.0
Which southern state has the BJP already made inroads in?,5,magazine_TheEconomist.2024.03.02_page_032_p32_c9,"magazine_TheEconomist.2024.03.02_page_032_p32_c9,magazine_TheEconomist.2024.03.02_page_032_p32_c3,magazine_TheEconomist.2024.03.02_page_032_p32_c8,magazine_TheEconomist.2024.03.02_page_032_p32_c6,magazine_TheEconomist.2024.03.02_page_032_p32_c0",1,True,1.0
Which organization investigates violations of federal consumer protection law?,1,jiaocaineedrop_chap15.pdf_3_p3_c0,jiaocaineedrop_chap15.pdf_3_p3_c0,1,True,1.0
Which organization investigates violations of federal consumer protection law?,3,jiaocaineedrop_chap15.pdf_3_p3_c0,"jiaocaineedrop_chap15.pdf_3_p3_c0,jiaocaineedrop_chap15.pdf_3_p3_c3,jiaocaineedrop_chap15.pdf_3_p3_c2",1,True,1.0
Which organization investigates violations of federal consumer protection law?,5,jiaocaineedrop_chap15.pdf_3_p3_c0,"jiaocaineedrop_chap15.pdf_3_p3_c0,jiaocaineedrop_chap15.pdf_3_p3_c3,jiaocaineedrop_chap15.pdf_3_p3_c2,jiaocaineedrop_chap15.pdf_3_p3_c1,newspaper_The Wall Street Journal - 2025-01-08@magazinesclubnew_page_018_p18_c13",1,True,1.0
What law applies to interstate commerce?,1,jiaocaineedrop_chap15.pdf_3_p3_c1,jiaocaineedrop_chap15.pdf_3_p3_c1,1,True,1.0
What law applies to interstate commerce?,3,jiaocaineedrop_chap15.pdf_3_p3_c1,"jiaocaineedrop_chap15.pdf_3_p3_c1,jiaocaineedrop_chap15.pdf_3_p3_c2,jiaocaineedrop_chap15.pdf_3_p3_c0",1,True,1.0
What law applies to interstate commerce?,5,jiaocaineedrop_chap15.pdf_3_p3_c1,"jiaocaineedrop_chap15.pdf_3_p3_c1,jiaocaineedrop_chap15.pdf_3_p3_c2,jiaocaineedrop_chap15.pdf_3_p3_c0,newspaper_fe5ed29024932fad071afc53807b16ba_1_p1_c8,newspaper_fe5ed29024932fad071afc53807b16ba_1_p1_c7",1,True,1.0
What percentage of fraud complaints in 2002 were related to nondelivery and payment?,1,jiaocaineedrop_chap15.pdf_3_p3_c2,jiaocaineedrop_chap15.pdf_3_p3_c3,0,False,0.0
What percentage of fraud complaints in 2002 were related to nondelivery and payment?,3,jiaocaineedrop_chap15.pdf_3_p3_c2,"jiaocaineedrop_chap15.pdf_3_p3_c3,jiaocaineedrop_chap15.pdf_3_p3_c2,docstructbench_llm-raw-scihub-o.O-hup.908.pdf_5_p5_c1",2,True,1.0
What percentage of fraud complaints in 2002 were related to nondelivery and payment?,5,jiaocaineedrop_chap15.pdf_3_p3_c2,"jiaocaineedrop_chap15.pdf_3_p3_c3,jiaocaineedrop_chap15.pdf_3_p3_c2,docstructbench_llm-raw-scihub-o.O-hup.908.pdf_5_p5_c1,docstructbench_llm-raw-scihub-o.O-hup.908.pdf_5_p5_c2,docstructbench_llm-raw-scihub-o.O-hup.908.pdf_5_p5_c0",2,True,1.0
What percentage of complaints were about nondelivery and payment?,1,jiaocaineedrop_chap15.pdf_3_p3_c3,jiaocaineedrop_chap15.pdf_3_p3_c3,1,True,1.0
What percentage of complaints were about nondelivery and payment?,3,jiaocaineedrop_chap15.pdf_3_p3_c3,"jiaocaineedrop_chap15.pdf_3_p3_c3,jiaocaineedrop_chap15.pdf_3_p3_c2,docstructbench_llm-raw-scihub-o.O-hup.908.pdf_5_p5_c5",1,True,1.0
What percentage of complaints were about nondelivery and payment?,5,jiaocaineedrop_chap15.pdf_3_p3_c3,"jiaocaineedrop_chap15.pdf_3_p3_c3,jiaocaineedrop_chap15.pdf_3_p3_c2,docstructbench_llm-raw-scihub-o.O-hup.908.pdf_5_p5_c5,docstructbench_llm-raw-scihub-o.O-hup.908.pdf_5_p5_c1,docstructbench_llm-raw-scihub-o.O-hup.908.pdf_5_p5_c2",1,True,1.0
中国在新疆地区投资主要用于哪些建设？,1,yanbaor2_ea86fd46182ff9b675775645ecaf43782b996ffaeeb09c679f56a47aabfbf6b7.pdf_9_p9_c0,yanbaor2_ea86fd46182ff9b675775645ecaf43782b996ffaeeb09c679f56a47aabfbf6b7.pdf_9_p9_c0,1,True,1.0
中国在新疆地区投资主要用于哪些建设？,3,yanbaor2_ea86fd46182ff9b675775645ecaf43782b996ffaeeb09c679f56a47aabfbf6b7.pdf_9_p9_c0,"yanbaor2_ea86fd46182ff9b675775645ecaf43782b996ffaeeb09c679f56a47aabfbf6b7.pdf_9_p9_c0,newspaper_eb569707cf5621d4c71d5898216cdb17_1_p1_c7,notes_1ba14cb325bc448f7201b20502ecf2b5_74_p74_c0",1,True,1.0
中国在新疆地区投资主要用于哪些建设？,5,yanbaor2_ea86fd46182ff9b675775645ecaf43782b996ffaeeb09c679f56a47aabfbf6b7.pdf_9_p9_c0,"yanbaor2_ea86fd46182ff9b675775645ecaf43782b996ffaeeb09c679f56a47aabfbf6b7.pdf_9_p9_c0,newspaper_eb569707cf5621d4c71d5898216cdb17_1_p1_c7,notes_1ba14cb325bc448f7201b20502ecf2b5_74_p74_c0,newspaper_fe2c8b45b2a086cd75984640bb3080e1_1_p1_c9,newspaper_eb569707cf5621d4c71d5898216cdb17_1_p1_c8",1,True,1.0
亚投行的初始资金总规模是多少？,1,yanbaor2_ea86fd46182ff9b675775645ecaf43782b996ffaeeb09c679f56a47aabfbf6b7.pdf_9_p9_c1,yanbaor2_ea86fd46182ff9b675775645ecaf43782b996ffaeeb09c679f56a47aabfbf6b7.pdf_9_p9_c1,1,True,1.0
亚投行的初始资金总规模是多少？,3,yanbaor2_ea86fd46182ff9b675775645ecaf43782b996ffaeeb09c679f56a47aabfbf6b7.pdf_9_p9_c1,"yanbaor2_ea86fd46182ff9b675775645ecaf43782b996ffaeeb09c679f56a47aabfbf6b7.pdf_9_p9_c1,yanbaor2_ea86fd46182ff9b675775645ecaf43782b996ffaeeb09c679f56a47aabfbf6b7.pdf_9_p9_c0,yanbaopptmerge_baa6d02928efcac46ccf7dfd3859de565cfb0bea918ae0ec0eed50944a7c20b4.pdf_11_p11_c2",1,True,1.0
亚投行的初始资金总规模是多少？,5,yanbaor2_ea86fd46182ff9b675775645ecaf43782b996ffaeeb09c679f56a47aabfbf6b7.pdf_9_p9_c1,"yanbaor2_ea86fd46182ff9b675775645ecaf43782b996ffaeeb09c679f56a47aabfbf6b7.pdf_9_p9_c1,yanbaor2_ea86fd46182ff9b675775645ecaf43782b996ffaeeb09c679f56a47aabfbf6b7.pdf_9_p9_c0,yanbaopptmerge_baa6d02928efcac46ccf7dfd3859de565cfb0bea918ae0ec0eed50944a7c20b4.pdf_11_p11_c2,eastmoney_e42b6e1cd2d48113ff4db8854e539d828d632bf9b1757e10cb8ddb2cfc7b1393.pdf_12_p12_c2,eastmoney_e42b6e1cd2d48113ff4db8854e539d828d632bf9b1757e10cb8ddb2cfc7b1393.pdf_12_p12_c1",1,True,1.0
贾探春的诗句是什么？,1,yanbaopptmerge_yanbaoPPT_1090_p1090_c0,yanbaopptmerge_yanbaoPPT_1090_p1090_c0,1,True,1.0
贾探春的诗句是什么？,3,yanbaopptmerge_yanbaoPPT_1090_p1090_c0,"yanbaopptmerge_yanbaoPPT_1090_p1090_c0,color_textbook_zhonggaokao_小学_KET听说读写逐项突破_KET听说读写逐项突破之轻松搞定KET写作25分 【10讲 褚连一】_第10讲第十课写作Part9小作文练习_第十课写作Part9小作文练习_page_010_p10_c2,color_textbook_zhonggaokao_小学_KET听说读写逐项突破_KET听说读写逐项突破之轻松搞定KET写作25分 【10讲 褚连一】_第10讲第十课写作Part9小作文练习_第十课写作Part9小作文练习_page_010_p10_c3",1,True,1.0
贾探春的诗句是什么？,5,yanbaopptmerge_yanbaoPPT_1090_p1090_c0,"yanbaopptmerge_yanbaoPPT_1090_p1090_c0,color_textbook_zhonggaokao_小学_KET听说读写逐项突破_KET听说读写逐项突破之轻松搞定KET写作25分 【10讲 褚连一】_第10讲第十课写作Part9小作文练习_第十课写作Part9小作文练习_page_010_p10_c2,color_textbook_zhonggaokao_小学_KET听说读写逐项突破_KET听说读写逐项突破之轻松搞定KET写作25分 【10讲 褚连一】_第10讲第十课写作Part9小作文练习_第十课写作Part9小作文练习_page_010_p10_c3,jiaocaineedrop_jiaocai_needrop_en_1836_p1836_c2,jiaocaineedrop_jiaocai_needrop_en_2193_p2193_c0",1,True,1.0
为什么不能听到演讲者讲话？,1,exam_paper_2016年安徽省中考英语试题（解析）_page_003_p3_c0,exam_paper_2016年安徽省中考英语试题（解析）_page_003_p3_c0,1,True,1.0
为什么不能听到演讲者讲话？,3,exam_paper_2016年安徽省中考英语试题（解析）_page_003_p3_c0,"exam_paper_2016年安徽省中考英语试题（解析）_page_003_p3_c0,newspaper_e62730aaeb9b509119e0c3699ac18201_1_p1_c14,jiaocaineedrop_jiaocai_needrop_en_1836_p1836_c0",1,True,1.0
为什么不能听到演讲者讲话？,5,exam_paper_2016年安徽省中考英语试题（解析）_page_003_p3_c0,"exam_paper_2016年安徽省中考英语试题（解析）_page_003_p3_c0,newspaper_e62730aaeb9b509119e0c3699ac18201_1_p1_c14,jiaocaineedrop_jiaocai_needrop_en_1836_p1836_c0,jiaocaineedrop_jiaocai_needrop_en_2884_p2884_c2,jiaocaineedrop_jiaocai_needrop_en_3738_p3738_c3",1,True,1.0
为什么在句子中要选择耐心这个词？,1,exam_paper_2016年安徽省中考英语试题（解析）_page_003_p3_c1,exam_paper_2016年安徽省中考英语试题（解析）_page_003_p3_c1,1,True,1.0
为什么在句子中要选择耐心这个词？,3,exam_paper_2016年安徽省中考英语试题（解析）_page_003_p3_c1,"exam_paper_2016年安徽省中考英语试题（解析）_page_003_p3_c1,jiaocaineedrop_jiaocai_needrop_en_1836_p1836_c2,exam_paper_2016年安徽省中考英语试题（解析）_page_003_p3_c0",1,True,1.0
为什么在句子中要选择耐心这个词？,5,exam_paper_2016年安徽省中考英语试题（解析）_page_003_p3_c1,"exam_paper_2016年安徽省中考英语试题（解析）_page_003_p3_c1,jiaocaineedrop_jiaocai_needrop_en_1836_p1836_c2,exam_paper_2016年安徽省中考英语试题（解析）_page_003_p3_c0,notes_f7f010b78016aeebd76e56d9283eb67f_27_p27_c0,jiaocaineedrop_jiaocai_needrop_en_2193_p2193_c0",1,True,1.0
水面下降了多少厘米？,1,jiaocaineedrop_jiaocai_needrop_en_2893_p2893_c0,jiaocaineedrop_jiaocai_needrop_en_2893_p2893_c0,1,True,1.0
水面下降了多少厘米？,3,jiaocaineedrop_jiaocai_needrop_en_2893_p2893_c0,"jiaocaineedrop_jiaocai_needrop_en_2893_p2893_c0,jiaocaineedrop_jiaocai_needrop_en_2893_p2893_c1,jiaocaineedrop_jiaocai_needrop_en_377_p377_c7",1,True,1.0
水面下降了多少厘米？,5,jiaocaineedrop_jiaocai_needrop_en_2893_p2893_c0,"jiaocaineedrop_jiaocai_needrop_en_2893_p2893_c0,jiaocaineedrop_jiaocai_needrop_en_2893_p2893_c1,jiaocaineedrop_jiaocai_needrop_en_377_p377_c7,docstructbench_llm-raw-scihub-o.O-j.apcata.2006.05.010.pdf_2_p2_c9,jiaocaineedrop_c2-ma-11-q-11-cl.pdf_2_p2_c0",1,True,1.0
铅锤的底面直径是多少？,1,jiaocaineedrop_jiaocai_needrop_en_2893_p2893_c1,jiaocaineedrop_jiaocai_needrop_en_2893_p2893_c1,1,True,1.0
铅锤的底面直径是多少？,3,jiaocaineedrop_jiaocai_needrop_en_2893_p2893_c1,"jiaocaineedrop_jiaocai_needrop_en_2893_p2893_c1,jiaocaineedrop_jiaocai_needrop_en_2893_p2893_c0,jiaocaineedrop_jiaocai_needrop_en_1473_p1473_c0",1,True,1.0
铅锤的底面直径是多少？,5,jiaocaineedrop_jiaocai_needrop_en_2893_p2893_c1,"jiaocaineedrop_jiaocai_needrop_en_2893_p2893_c1,jiaocaineedrop_jiaocai_needrop_en_2893_p2893_c0,jiaocaineedrop_jiaocai_needrop_en_1473_p1473_c0,jiaocaineedrop_jiaocai_needrop_en_1473_p1473_c1,jiaocaineedrop_jiaocai_needrop_en_1564_p1564_c2",1,True,1.0
What is the augmented matrix for Exercise 2.1.6?,1,".2012_page_065_p65_c0,.Birkhauser,.Geza.Schay,book_en_A.Concise.Introduction.to.Linear.Algebra","book_en_A.Concise.Introduction.to.Linear.Algebra,.Geza.Schay,.Birkhauser,.2012_page_065_p65_c0",0,False,0.0
What is the augmented matrix for Exercise 2.1.6?,3,".2012_page_065_p65_c0,.Birkhauser,.Geza.Schay,book_en_A.Concise.Introduction.to.Linear.Algebra","book_en_A.Concise.Introduction.to.Linear.Algebra,.Geza.Schay,.Birkhauser,.2012_page_065_p65_c0,book_en_A.Concise.Introduction.to.Linear.Algebra,.Geza.Schay,.Birkhauser,.2012_page_065_p65_c1,book_en_A.Concise.Introduction.to.Linear.Algebra,.Geza.Schay,.Birkhauser,.2012_page_065_p65_c2",0,False,0.0
What is the augmented matrix for Exercise 2.1.6?,5,".2012_page_065_p65_c0,.Birkhauser,.Geza.Schay,book_en_A.Concise.Introduction.to.Linear.Algebra","book_en_A.Concise.Introduction.to.Linear.Algebra,.Geza.Schay,.Birkhauser,.2012_page_065_p65_c0,book_en_A.Concise.Introduction.to.Linear.Algebra,.Geza.Schay,.Birkhauser,.2012_page_065_p65_c1,book_en_A.Concise.Introduction.to.Linear.Algebra,.Geza.Schay,.Birkhauser,.2012_page_065_p65_c2,docstructbench_llm-raw-scihub-o.O-j.chroma.2005.05.085.pdf_4_p4_c7,scihub_bloodadvances.2019030924.pdf_3_p3_c1",0,False,0.0
What is the entry in the third row and fourth column of Exercise 2.1.7?,1,".2012_page_065_p65_c1,.Birkhauser,.Geza.Schay,book_en_A.Concise.Introduction.to.Linear.Algebra","book_en_A.Concise.Introduction.to.Linear.Algebra,.Geza.Schay,.Birkhauser,.2012_page_065_p65_c1",0,False,0.0
What is the entry in the third row and fourth column of Exercise 2.1.7?,3,".2012_page_065_p65_c1,.Birkhauser,.Geza.Schay,book_en_A.Concise.Introduction.to.Linear.Algebra","book_en_A.Concise.Introduction.to.Linear.Algebra,.Geza.Schay,.Birkhauser,.2012_page_065_p65_c1,book_en_国外数学教材-非数学专业教材-线性代数-Gilbert Strang—Linear Algebra and Its Applications 4e_0035_p35_c2,book_en_A.Concise.Introduction.to.Linear.Algebra,.Geza.Schay,.Birkhauser,.2012_page_065_p65_c0",0,False,0.0
What is the entry in the third row and fourth column of Exercise 2.1.7?,5,".2012_page_065_p65_c1,.Birkhauser,.Geza.Schay,book_en_A.Concise.Introduction.to.Linear.Algebra","book_en_A.Concise.Introduction.to.Linear.Algebra,.Geza.Schay,.Birkhauser,.2012_page_065_p65_c1,book_en_国外数学教材-非数学专业教材-线性代数-Gilbert Strang—Linear Algebra and Its Applications 4e_0035_p35_c2,book_en_A.Concise.Introduction.to.Linear.Algebra,.Geza.Schay,.Birkhauser,.2012_page_065_p65_c0,book_en_A.Concise.Introduction.to.Linear.Algebra,.Geza.Schay,.Birkhauser,.2012_page_065_p65_c2,book_en_A.Concise.Introduction.to.Linear.Algebra,.Geza.Schay,.Birkhauser,.2012_page_065_p65_c3",0,False,0.0
What is the first element in the first row of Exercise 2.1.12?,1,".2012_page_065_p65_c2,.Birkhauser,.Geza.Schay,book_en_A.Concise.Introduction.to.Linear.Algebra","book_en_A.Concise.Introduction.to.Linear.Algebra,.Geza.Schay,.Birkhauser,.2012_page_065_p65_c2",0,False,0.0
What is the first element in the first row of Exercise 2.1.12?,3,".2012_page_065_p65_c2,.Birkhauser,.Geza.Schay,book_en_A.Concise.Introduction.to.Linear.Algebra","book_en_A.Concise.Introduction.to.Linear.Algebra,.Geza.Schay,.Birkhauser,.2012_page_065_p65_c2,book_en_A.Concise.Introduction.to.Linear.Algebra,.Geza.Schay,.Birkhauser,.2012_page_065_p65_c3,book_en_A.Concise.Introduction.to.Linear.Algebra,.Geza.Schay,.Birkhauser,.2012_page_065_p65_c1",0,False,0.0
What is the first element in the first row of Exercise 2.1.12?,5,".2012_page_065_p65_c2,.Birkhauser,.Geza.Schay,book_en_A.Concise.Introduction.to.Linear.Algebra","book_en_A.Concise.Introduction.to.Linear.Algebra,.Geza.Schay,.Birkhauser,.2012_page_065_p65_c2,book_en_A.Concise.Introduction.to.Linear.Algebra,.Geza.Schay,.Birkhauser,.2012_page_065_p65_c3,book_en_A.Concise.Introduction.to.Linear.Algebra,.Geza.Schay,.Birkhauser,.2012_page_065_p65_c1,book_en_A.Concise.Introduction.to.Linear.Algebra,.Geza.Schay,.Birkhauser,.2012_page_065_p65_c0,newspaper_The Globe and Mail - 2025-1-8@magazinesclubnew_page_014_p14_c22",0,False,0.0
What is the third row of the second matrix?,1,".2012_page_065_p65_c3,.Birkhauser,.Geza.Schay,book_en_A.Concise.Introduction.to.Linear.Algebra",book_en_国外数学教材-非数学专业教材-线性代数-Gilbert Strang—Linear Algebra and Its Applications 4e_0035_p35_c3,0,False,0.0
What is the third row of the second matrix?,3,".2012_page_065_p65_c3,.Birkhauser,.Geza.Schay,book_en_A.Concise.Introduction.to.Linear.Algebra","book_en_国外数学教材-非数学专业教材-线性代数-Gilbert Strang—Linear Algebra and Its Applications 4e_0035_p35_c3,exam_paper_en-file-putnam-archive_1995_Solutions_1995s_page_002_p2_c3,exam_paper_en-file-putnam-archive_2002_Solutions_2002s_page_001_p1_c5",0,False,0.0
What is the third row of the second matrix?,5,".2012_page_065_p65_c3,.Birkhauser,.Geza.Schay,book_en_A.Concise.Introduction.to.Linear.Algebra","book_en_国外数学教材-非数学专业教材-线性代数-Gilbert Strang—Linear Algebra and Its Applications 4e_0035_p35_c3,exam_paper_en-file-putnam-archive_1995_Solutions_1995s_page_002_p2_c3,exam_paper_en-file-putnam-archive_2002_Solutions_2002s_page_001_p1_c5,book_en_国外数学教材-非数学专业教材-线性代数-Gilbert Strang—Linear Algebra and Its Applications 4e_0035_p35_c1,book_en_国外数学教材-非数学专业教材-线性代数-Gilbert Strang—Linear Algebra and Its Applications 4e_0035_p35_c2",0,False,0.0
What is the answer to B−1?,1,exam_paper_en-file-putnam-archive_1999_Solutions_1999s_page_003_p3_c0,newspaper_The Wall Street Journal - 2025-01-08@magazinesclubnew_page_018_p18_c3,0,False,0.0
What is the answer to B−1?,3,exam_paper_en-file-putnam-archive_1999_Solutions_1999s_page_003_p3_c0,"newspaper_The Wall Street Journal - 2025-01-08@magazinesclubnew_page_018_p18_c3,exam_paper_en-file-putnam-archive_1995_Solutions_1995s_page_002_p2_c0,exam_paper_en-file-putnam-archive_2009_Solutions_2009s_page_003_p3_c2",0,False,0.0
What is the answer to B−1?,5,exam_paper_en-file-putnam-archive_1999_Solutions_1999s_page_003_p3_c0,"newspaper_The Wall Street Journal - 2025-01-08@magazinesclubnew_page_018_p18_c3,exam_paper_en-file-putnam-archive_1995_Solutions_1995s_page_002_p2_c0,exam_paper_en-file-putnam-archive_2009_Solutions_2009s_page_003_p3_c2,newspaper_The Wall Street Journal - 2025-01-08@magazinesclubnew_page_018_p18_c2,exam_paper_en-file-putnam-archive_1995_Solutions_1995s_page_002_p2_c3",0,False,0.0
What is the limit as theta approaches 0 of sin(theta/2) over sin(3theta/2)?,1,exam_paper_en-file-putnam-archive_1999_Solutions_1999s_page_003_p3_c1,exam_paper_en-file-putnam-archive_1999_Solutions_1999s_page_003_p3_c1,1,True,1.0
What is the limit as theta approaches 0 of sin(theta/2) over sin(3theta/2)?,3,exam_paper_en-file-putnam-archive_1999_Solutions_1999s_page_003_p3_c1,"exam_paper_en-file-putnam-archive_1999_Solutions_1999s_page_003_p3_c1,jiaocaineedrop_96657786.pdf_0_p0_c2,exam_paper_en-file-putnam-archive_1995_Solutions_1995s_page_002_p2_c2",1,True,1.0
What is the limit as theta approaches 0 of sin(theta/2) over sin(3theta/2)?,5,exam_paper_en-file-putnam-archive_1999_Solutions_1999s_page_003_p3_c1,"exam_paper_en-file-putnam-archive_1999_Solutions_1999s_page_003_p3_c1,jiaocaineedrop_96657786.pdf_0_p0_c2,exam_paper_en-file-putnam-archive_1995_Solutions_1995s_page_002_p2_c2,jiaocaineedrop_glossary.pdf_7_p7_c8,exam_paper_en-file-putnam-archive_2007_Solutions_2007s_page_001_p1_c8",1,True,1.0
What is the constant C in terms of n?,1,exam_paper_en-file-putnam-archive_1999_Solutions_1999s_page_003_p3_c2,exam_paper_en-file-putnam-archive_1999_Solutions_1999s_page_003_p3_c3,0,False,0.0
What is the constant C in terms of n?,3,exam_paper_en-file-putnam-archive_1999_Solutions_1999s_page_003_p3_c2,"exam_paper_en-file-putnam-archive_1999_Solutions_1999s_page_003_p3_c3,exam_paper_en-file-putnam-archive_1996_Solutions_1996s_page_002_p2_c3,exam_paper_en-file-putnam-archive_1996_Solutions_1996s_page_002_p2_c5",0,False,0.0
What is the constant C in terms of n?,5,exam_paper_en-file-putnam-archive_1999_Solutions_1999s_page_003_p3_c2,"exam_paper_en-file-putnam-archive_1999_Solutions_1999s_page_003_p3_c3,exam_paper_en-file-putnam-archive_1996_Solutions_1996s_page_002_p2_c3,exam_paper_en-file-putnam-archive_1996_Solutions_1996s_page_002_p2_c5,jiaocaineedrop_jiaocai_needrop_en_1564_p1564_c5,exam_paper_en-file-putnam-archive_1995_Solutions_1995s_page_002_p2_c0",0,False,0.0
What is the value of C in terms of n?,1,exam_paper_en-file-putnam-archive_1999_Solutions_1999s_page_003_p3_c3,exam_paper_en-file-putnam-archive_1999_Solutions_1999s_page_003_p3_c3,1,True,1.0
What is the value of C in terms of n?,3,exam_paper_en-file-putnam-archive_1999_Solutions_1999s_page_003_p3_c3,"exam_paper_en-file-putnam-archive_1999_Solutions_1999s_page_003_p3_c3,jiaocaineedrop_jiaocai_needrop_en_1564_p1564_c5,jiaocaineedrop_96657786.pdf_0_p0_c2",1,True,1.0
What is the value of C in terms of n?,5,exam_paper_en-file-putnam-archive_1999_Solutions_1999s_page_003_p3_c3,"exam_paper_en-file-putnam-archive_1999_Solutions_1999s_page_003_p3_c3,jiaocaineedrop_jiaocai_needrop_en_1564_p1564_c5,jiaocaineedrop_96657786.pdf_0_p0_c2,exam_paper_en-file-putnam-archive_1996_Solutions_1996s_page_002_p2_c7,exam_paper_en-file-putnam-archive_2006_Solutions_2006s_page_006_p6_c8",1,True,1.0
What is the desired limit according to the document fragment?,1,exam_paper_en-file-putnam-archive_1999_Solutions_1999s_page_003_p3_c6,newspaper_The Globe and Mail - 2025-1-8@magazinesclubnew_page_014_p14_c3,0,False,0.0
What is the desired limit according to the document fragment?,3,exam_paper_en-file-putnam-archive_1999_Solutions_1999s_page_003_p3_c6,"newspaper_The Globe and Mail - 2025-1-8@magazinesclubnew_page_014_p14_c3,newspaper_The Globe and Mail - 2025-1-8@magazinesclubnew_page_014_p14_c9,exam_paper_en-file-putnam-archive_2011_Solutions_2011s_page_002_p2_c7",0,False,0.0
What is the desired limit according to the document fragment?,5,exam_paper_en-file-putnam-archive_1999_Solutions_1999s_page_003_p3_c6,"newspaper_The Globe and Mail - 2025-1-8@magazinesclubnew_page_014_p14_c3,newspaper_The Globe and Mail - 2025-1-8@magazinesclubnew_page_014_p14_c9,exam_paper_en-file-putnam-archive_2011_Solutions_2011s_page_002_p2_c7,yanbaor2_89c3718f5a45179ef57a5063c6df36fc2c9b7e3ab4275f4905ed89f1c17232ea.pdf_14_p14_c3,exam_paper_en-file-putnam-archive_1998_Solutions_1998s_page_002_p2_c1",0,False,0.0
What inequality is derived from the given fact about the function f?,1,exam_paper_en-file-putnam-archive_1999_Solutions_1999s_page_003_p3_c7,exam_paper_en-file-putnam-archive_1999_Solutions_1999s_page_003_p3_c7,1,True,1.0
What inequality is derived from the given fact about the function f?,3,exam_paper_en-file-putnam-archive_1999_Solutions_1999s_page_003_p3_c7,"exam_paper_en-file-putnam-archive_1999_Solutions_1999s_page_003_p3_c7,jiaocaineedrop_96657786.pdf_0_p0_c5,jiaocaineedrop_96657786.pdf_0_p0_c2",1,True,1.0
What inequality is derived from the given fact about the function f?,5,exam_paper_en-file-putnam-archive_1999_Solutions_1999s_page_003_p3_c7,"exam_paper_en-file-putnam-archive_1999_Solutions_1999s_page_003_p3_c7,jiaocaineedrop_96657786.pdf_0_p0_c5,jiaocaineedrop_96657786.pdf_0_p0_c2,exam_paper_en-file-putnam-archive_1996_Solutions_1996s_page_002_p2_c3,exam_paper_en-file-putnam-archive_2011_Solutions_2011s_page_002_p2_c6",1,True,1.0
What inequality is derived from applying the fact to the difference between the sides?,1,exam_paper_en-file-putnam-archive_1999_Solutions_1999s_page_003_p3_c8,exam_paper_en-file-putnam-archive_1999_Solutions_1999s_page_003_p3_c7,0,False,0.0
What inequality is derived from applying the fact to the difference between the sides?,3,exam_paper_en-file-putnam-archive_1999_Solutions_1999s_page_003_p3_c8,"exam_paper_en-file-putnam-archive_1999_Solutions_1999s_page_003_p3_c7,exam_paper_en-file-putnam-archive_1999_Solutions_1999s_page_003_p3_c8,jiaocaineedrop_glossary.pdf_7_p7_c4",2,True,1.0
What inequality is derived from applying the fact to the difference between the sides?,5,exam_paper_en-file-putnam-archive_1999_Solutions_1999s_page_003_p3_c8,"exam_paper_en-file-putnam-archive_1999_Solutions_1999s_page_003_p3_c7,exam_paper_en-file-putnam-archive_1999_Solutions_1999s_page_003_p3_c8,jiaocaineedrop_glossary.pdf_7_p7_c4,jiaocaineedrop_96657786.pdf_0_p0_c5,yanbaopptmerge_yanbaoPPT_825_p825_c0",2,True,1.0
What is the result of 7.21 plus 2?,1,jiaocaineedrop_jiaocai_needrop_en_2518_p2518_c0,jiaocaineedrop_jiaocai_needrop_en_2518_p2518_c1,0,False,0.0
What is the result of 7.21 plus 2?,3,jiaocaineedrop_jiaocai_needrop_en_2518_p2518_c0,"jiaocaineedrop_jiaocai_needrop_en_2518_p2518_c1,jiaocaineedrop_jiaocai_needrop_en_2518_p2518_c0,docstructbench_llm-raw-scihub-o.O-j.chroma.2005.05.085.pdf_4_p4_c6",2,True,1.0
What is the result of 7.21 plus 2?,5,jiaocaineedrop_jiaocai_needrop_en_2518_p2518_c0,"jiaocaineedrop_jiaocai_needrop_en_2518_p2518_c1,jiaocaineedrop_jiaocai_needrop_en_2518_p2518_c0,docstructbench_llm-raw-scihub-o.O-j.chroma.2005.05.085.pdf_4_p4_c6,docstructbench_llm-raw-scihub-o.O-j.chroma.2005.05.085.pdf_4_p4_c7,scihub_bloodadvances.2019030924.pdf_3_p3_c1",2,True,1.0
What is the result of 9.32 minus 1?,1,jiaocaineedrop_jiaocai_needrop_en_2518_p2518_c1,jiaocaineedrop_jiaocai_needrop_en_2518_p2518_c1,1,True,1.0
What is the result of 9.32 minus 1?,3,jiaocaineedrop_jiaocai_needrop_en_2518_p2518_c1,"jiaocaineedrop_jiaocai_needrop_en_2518_p2518_c1,exam_paper_en-file-putnam-archive_1999_Solutions_1999s_page_002_p2_c0,jiaocaineedrop_jiaocai_needrop_en_2518_p2518_c2",1,True,1.0
What is the result of 9.32 minus 1?,5,jiaocaineedrop_jiaocai_needrop_en_2518_p2518_c1,"jiaocaineedrop_jiaocai_needrop_en_2518_p2518_c1,exam_paper_en-file-putnam-archive_1999_Solutions_1999s_page_002_p2_c0,jiaocaineedrop_jiaocai_needrop_en_2518_p2518_c2,docstructbench_dianzishu_zhongwenzaixian-o.O-60403612.pdf_179_p179_c3,book_en_[搬书匠#893][Pyomo—Optimization Modeling in Python].2012.英文版_page_188_p188_c3",1,True,1.0
What is the subtraction formula for 1/2 - 1/3?,1,jiaocaineedrop_jiaocai_needrop_en_2518_p2518_c2,exam_paper_en-file-putnam-archive_1999_Solutions_1999s_page_003_p3_c0,0,False,0.0
What is the subtraction formula for 1/2 - 1/3?,3,jiaocaineedrop_jiaocai_needrop_en_2518_p2518_c2,"exam_paper_en-file-putnam-archive_1999_Solutions_1999s_page_003_p3_c0,exam_paper_en-file-putnam-archive_1999_Solutions_1999s_page_002_p2_c1,exam_paper_en-file-putnam-archive_2007_Solutions_2007s_page_001_p1_c8",0,False,0.0
What is the subtraction formula for 1/2 - 1/3?,5,jiaocaineedrop_jiaocai_needrop_en_2518_p2518_c2,"exam_paper_en-file-putnam-archive_1999_Solutions_1999s_page_003_p3_c0,exam_paper_en-file-putnam-archive_1999_Solutions_1999s_page_002_p2_c1,exam_paper_en-file-putnam-archive_2007_Solutions_2007s_page_001_p1_c8,exam_paper_en-file-putnam-archive_2009_Solutions_2009s_page_003_p3_c0,newspaper_The Globe and Mail - 2025-1-8@magazinesclubnew_page_014_p14_c10",0,False,0.0
根据减法算式写出一道减法算式和一道加法算式是什么？,1,jiaocaineedrop_jiaocai_needrop_en_2518_p2518_c3,jiaocaineedrop_jiaocai_needrop_en_2518_p2518_c3,1,True,1.0
根据减法算式写出一道减法算式和一道加法算式是什么？,3,jiaocaineedrop_jiaocai_needrop_en_2518_p2518_c3,"jiaocaineedrop_jiaocai_needrop_en_2518_p2518_c3,jiaocaineedrop_jiaocai_needrop_en_2518_p2518_c2,jiaocaineedrop_96657786.pdf_0_p0_c3",1,True,1.0
根据减法算式写出一道减法算式和一道加法算式是什么？,5,jiaocaineedrop_jiaocai_needrop_en_2518_p2518_c3,"jiaocaineedrop_jiaocai_needrop_en_2518_p2518_c3,jiaocaineedrop_jiaocai_needrop_en_2518_p2518_c2,jiaocaineedrop_96657786.pdf_0_p0_c3,jiaocaineedrop_jiaocai_needrop_en_1564_p1564_c2,jiaocaineedrop_jiaocai_needrop_en_1564_p1564_c1",1,True,1.0
成都市明年将逐步推进哪种产品的溯源？,1,newspaper_35bdaa11dec104ccbdc9e19ac8527d21_1_p1_c0,newspaper_35bdaa11dec104ccbdc9e19ac8527d21_1_p1_c0,1,True,1.0
成都市明年将逐步推进哪种产品的溯源？,3,newspaper_35bdaa11dec104ccbdc9e19ac8527d21_1_p1_c0,"newspaper_35bdaa11dec104ccbdc9e19ac8527d21_1_p1_c0,newspaper_35bdaa11dec104ccbdc9e19ac8527d21_1_p1_c1,newspaper_eb569707cf5621d4c71d5898216cdb17_1_p1_c10",1,True,1.0
成都市明年将逐步推进哪种产品的溯源？,5,newspaper_35bdaa11dec104ccbdc9e19ac8527d21_1_p1_c0,"newspaper_35bdaa11dec104ccbdc9e19ac8527d21_1_p1_c0,newspaper_35bdaa11dec104ccbdc9e19ac8527d21_1_p1_c1,newspaper_eb569707cf5621d4c71d5898216cdb17_1_p1_c10,newspaper_fe2c8b45b2a086cd75984640bb3080e1_1_p1_c9,eastmoney_03e39833d520af7d1abb96dd624dcd15f2b57d061969d196e80922e2f590503f.pdf_22_p22_c1",1,True,1.0
广西水产业品牌化建设中，有哪些具体的认证和备案登记？,1,newspaper_35bdaa11dec104ccbdc9e19ac8527d21_1_p1_c1,newspaper_35bdaa11dec104ccbdc9e19ac8527d21_1_p1_c1,1,True,1.0
广西水产业品牌化建设中，有哪些具体的认证和备案登记？,3,newspaper_35bdaa11dec104ccbdc9e19ac8527d21_1_p1_c1,"newspaper_35bdaa11dec104ccbdc9e19ac8527d21_1_p1_c1,newspaper_35bdaa11dec104ccbdc9e19ac8527d21_1_p1_c0,newspaper_35bdaa11dec104ccbdc9e19ac8527d21_1_p1_c2",1,True,1.0
广西水产业品牌化建设中，有哪些具体的认证和备案登记？,5,newspaper_35bdaa11dec104ccbdc9e19ac8527d21_1_p1_c1,"newspaper_35bdaa11dec104ccbdc9e19ac8527d21_1_p1_c1,newspaper_35bdaa11dec104ccbdc9e19ac8527d21_1_p1_c0,newspaper_35bdaa11dec104ccbdc9e19ac8527d21_1_p1_c2,newspaper_2c69e142b52dbb30cac2cb11d3eb25e5_1_p1_c8,newspaper_35bdaa11dec104ccbdc9e19ac8527d21_1_p1_c3",1,True,1.0
广西北海海水珍珠年交易总额超过多少？,1,newspaper_35bdaa11dec104ccbdc9e19ac8527d21_1_p1_c2,newspaper_35bdaa11dec104ccbdc9e19ac8527d21_1_p1_c1,0,False,0.0
广西北海海水珍珠年交易总额超过多少？,3,newspaper_35bdaa11dec104ccbdc9e19ac8527d21_1_p1_c2,"newspaper_35bdaa11dec104ccbdc9e19ac8527d21_1_p1_c1,newspaper_35bdaa11dec104ccbdc9e19ac8527d21_1_p1_c2,newspaper_fe2c8b45b2a086cd75984640bb3080e1_1_p1_c2",2,True,1.0
广西北海海水珍珠年交易总额超过多少？,5,newspaper_35bdaa11dec104ccbdc9e19ac8527d21_1_p1_c2,"newspaper_35bdaa11dec104ccbdc9e19ac8527d21_1_p1_c1,newspaper_35bdaa11dec104ccbdc9e19ac8527d21_1_p1_c2,newspaper_fe2c8b45b2a086cd75984640bb3080e1_1_p1_c2,newspaper_35bdaa11dec104ccbdc9e19ac8527d21_1_p1_c4,eastmoney_e42b6e1cd2d48113ff4db8854e539d828d632bf9b1757e10cb8ddb2cfc7b1393.pdf_12_p12_c1",2,True,1.0
陕西有机苹果认证面积达到多少？,1,newspaper_35bdaa11dec104ccbdc9e19ac8527d21_1_p1_c3,newspaper_35bdaa11dec104ccbdc9e19ac8527d21_1_p1_c3,1,True,1.0
陕西有机苹果认证面积达到多少？,3,newspaper_35bdaa11dec104ccbdc9e19ac8527d21_1_p1_c3,"newspaper_35bdaa11dec104ccbdc9e19ac8527d21_1_p1_c3,newspaper_35bdaa11dec104ccbdc9e19ac8527d21_1_p1_c2,newspaper_35bdaa11dec104ccbdc9e19ac8527d21_1_p1_c5",1,True,1.0
陕西有机苹果认证面积达到多少？,5,newspaper_35bdaa11dec104ccbdc9e19ac8527d21_1_p1_c3,"newspaper_35bdaa11dec104ccbdc9e19ac8527d21_1_p1_c3,newspaper_35bdaa11dec104ccbdc9e19ac8527d21_1_p1_c2,newspaper_35bdaa11dec104ccbdc9e19ac8527d21_1_p1_c5,newspaper_2c69e142b52dbb30cac2cb11d3eb25e5_1_p1_c7,newspaper_35bdaa11dec104ccbdc9e19ac8527d21_1_p1_c9",1,True,1.0
山东省农产品出口总额预计今年将达到多少？,1,newspaper_35bdaa11dec104ccbdc9e19ac8527d21_1_p1_c4,newspaper_35bdaa11dec104ccbdc9e19ac8527d21_1_p1_c4,1,True,1.0
山东省农产品出口总额预计今年将达到多少？,3,newspaper_35bdaa11dec104ccbdc9e19ac8527d21_1_p1_c4,"newspaper_35bdaa11dec104ccbdc9e19ac8527d21_1_p1_c4,newspaper_35bdaa11dec104ccbdc9e19ac8527d21_1_p1_c5,newspaper_35bdaa11dec104ccbdc9e19ac8527d21_1_p1_c3",1,True,1.0
山东省农产品出口总额预计今年将达到多少？,5,newspaper_35bdaa11dec104ccbdc9e19ac8527d21_1_p1_c4,"newspaper_35bdaa11dec104ccbdc9e19ac8527d21_1_p1_c4,newspaper_35bdaa11dec104ccbdc9e19ac8527d21_1_p1_c5,newspaper_35bdaa11dec104ccbdc9e19ac8527d21_1_p1_c3,newspaper_35bdaa11dec104ccbdc9e19ac8527d21_1_p1_c6,newspaper_35bdaa11dec104ccbdc9e19ac8527d21_1_p1_c2",1,True,1.0
漳州市拥有多少万亩无公害农产品生产基地面积？,1,newspaper_35bdaa11dec104ccbdc9e19ac8527d21_1_p1_c5,newspaper_35bdaa11dec104ccbdc9e19ac8527d21_1_p1_c5,1,True,1.0
漳州市拥有多少万亩无公害农产品生产基地面积？,3,newspaper_35bdaa11dec104ccbdc9e19ac8527d21_1_p1_c5,"newspaper_35bdaa11dec104ccbdc9e19ac8527d21_1_p1_c5,newspaper_2c69e142b52dbb30cac2cb11d3eb25e5_1_p1_c7,newspaper_35bdaa11dec104ccbdc9e19ac8527d21_1_p1_c1",1,True,1.0
漳州市拥有多少万亩无公害农产品生产基地面积？,5,newspaper_35bdaa11dec104ccbdc9e19ac8527d21_1_p1_c5,"newspaper_35bdaa11dec104ccbdc9e19ac8527d21_1_p1_c5,newspaper_2c69e142b52dbb30cac2cb11d3eb25e5_1_p1_c7,newspaper_35bdaa11dec104ccbdc9e19ac8527d21_1_p1_c1,newspaper_35bdaa11dec104ccbdc9e19ac8527d21_1_p1_c2,newspaper_35bdaa11dec104ccbdc9e19ac8527d21_1_p1_c9",1,True,1.0
甘肃省农产品出口总值今年前10个月是多少？,1,newspaper_35bdaa11dec104ccbdc9e19ac8527d21_1_p1_c6,newspaper_35bdaa11dec104ccbdc9e19ac8527d21_1_p1_c6,1,True,1.0
甘肃省农产品出口总值今年前10个月是多少？,3,newspaper_35bdaa11dec104ccbdc9e19ac8527d21_1_p1_c6,"newspaper_35bdaa11dec104ccbdc9e19ac8527d21_1_p1_c6,newspaper_35bdaa11dec104ccbdc9e19ac8527d21_1_p1_c5,newspaper_35bdaa11dec104ccbdc9e19ac8527d21_1_p1_c4",1,True,1.0
甘肃省农产品出口总值今年前10个月是多少？,5,newspaper_35bdaa11dec104ccbdc9e19ac8527d21_1_p1_c6,"newspaper_35bdaa11dec104ccbdc9e19ac8527d21_1_p1_c6,newspaper_35bdaa11dec104ccbdc9e19ac8527d21_1_p1_c5,newspaper_35bdaa11dec104ccbdc9e19ac8527d21_1_p1_c4,newspaper_35bdaa11dec104ccbdc9e19ac8527d21_1_p1_c2,newspaper_35bdaa11dec104ccbdc9e19ac8527d21_1_p1_c3",1,True,1.0
消费者可以向谁要求赔偿农产品质量安全问题造成的损害？,1,newspaper_35bdaa11dec104ccbdc9e19ac8527d21_1_p1_c7,newspaper_35bdaa11dec104ccbdc9e19ac8527d21_1_p1_c7,1,True,1.0
消费者可以向谁要求赔偿农产品质量安全问题造成的损害？,3,newspaper_35bdaa11dec104ccbdc9e19ac8527d21_1_p1_c7,"newspaper_35bdaa11dec104ccbdc9e19ac8527d21_1_p1_c7,newspaper_35bdaa11dec104ccbdc9e19ac8527d21_1_p1_c6,newspaper_35bdaa11dec104ccbdc9e19ac8527d21_1_p1_c8",1,True,1.0
消费者可以向谁要求赔偿农产品质量安全问题造成的损害？,5,newspaper_35bdaa11dec104ccbdc9e19ac8527d21_1_p1_c7,"newspaper_35bdaa11dec104ccbdc9e19ac8527d21_1_p1_c7,newspaper_35bdaa11dec104ccbdc9e19ac8527d21_1_p1_c6,newspaper_35bdaa11dec104ccbdc9e19ac8527d21_1_p1_c8,newspaper_35bdaa11dec104ccbdc9e19ac8527d21_1_p1_c9,newspaper_35bdaa11dec104ccbdc9e19ac8527d21_1_p1_c10",1,True,1.0
消费者如何查询冬季瓜菜的详细信息？,1,newspaper_35bdaa11dec104ccbdc9e19ac8527d21_1_p1_c8,newspaper_35bdaa11dec104ccbdc9e19ac8527d21_1_p1_c8,1,True,1.0
消费者如何查询冬季瓜菜的详细信息？,3,newspaper_35bdaa11dec104ccbdc9e19ac8527d21_1_p1_c8,"newspaper_35bdaa11dec104ccbdc9e19ac8527d21_1_p1_c8,newspaper_35bdaa11dec104ccbdc9e19ac8527d21_1_p1_c9,newspaper_35bdaa11dec104ccbdc9e19ac8527d21_1_p1_c6",1,True,1.0
消费者如何查询冬季瓜菜的详细信息？,5,newspaper_35bdaa11dec104ccbdc9e19ac8527d21_1_p1_c8,"newspaper_35bdaa11dec104ccbdc9e19ac8527d21_1_p1_c8,newspaper_35bdaa11dec104ccbdc9e19ac8527d21_1_p1_c9,newspaper_35bdaa11dec104ccbdc9e19ac8527d21_1_p1_c6,docstructbench_dianzishu_zhongwenzaixian-o.O-61570552.pdf_129_p129_c1,newspaper_35bdaa11dec104ccbdc9e19ac8527d21_1_p1_c7",1,True,1.0
武汉市农业局采取了哪些措施确保农产品质量安全？,1,newspaper_35bdaa11dec104ccbdc9e19ac8527d21_1_p1_c9,newspaper_35bdaa11dec104ccbdc9e19ac8527d21_1_p1_c9,1,True,1.0
武汉市农业局采取了哪些措施确保农产品质量安全？,3,newspaper_35bdaa11dec104ccbdc9e19ac8527d21_1_p1_c9,"newspaper_35bdaa11dec104ccbdc9e19ac8527d21_1_p1_c9,newspaper_35bdaa11dec104ccbdc9e19ac8527d21_1_p1_c10,newspaper_35bdaa11dec104ccbdc9e19ac8527d21_1_p1_c5",1,True,1.0
武汉市农业局采取了哪些措施确保农产品质量安全？,5,newspaper_35bdaa11dec104ccbdc9e19ac8527d21_1_p1_c9,"newspaper_35bdaa11dec104ccbdc9e19ac8527d21_1_p1_c9,newspaper_35bdaa11dec104ccbdc9e19ac8527d21_1_p1_c10,newspaper_35bdaa11dec104ccbdc9e19ac8527d21_1_p1_c5,newspaper_2c69e142b52dbb30cac2cb11d3eb25e5_1_p1_c8,newspaper_2c69e142b52dbb30cac2cb11d3eb25e5_1_p1_c7",1,True,1.0
于玲玲和丈夫自创的盆栽草莓在何时展示？,1,newspaper_35bdaa11dec104ccbdc9e19ac8527d21_1_p1_c10,newspaper_35bdaa11dec104ccbdc9e19ac8527d21_1_p1_c11,0,False,0.0
于玲玲和丈夫自创的盆栽草莓在何时展示？,3,newspaper_35bdaa11dec104ccbdc9e19ac8527d21_1_p1_c10,"newspaper_35bdaa11dec104ccbdc9e19ac8527d21_1_p1_c11,newspaper_35bdaa11dec104ccbdc9e19ac8527d21_1_p1_c10,newspaper_35bdaa11dec104ccbdc9e19ac8527d21_1_p1_c12",2,True,1.0
于玲玲和丈夫自创的盆栽草莓在何时展示？,5,newspaper_35bdaa11dec104ccbdc9e19ac8527d21_1_p1_c10,"newspaper_35bdaa11dec104ccbdc9e19ac8527d21_1_p1_c11,newspaper_35bdaa11dec104ccbdc9e19ac8527d21_1_p1_c10,newspaper_35bdaa11dec104ccbdc9e19ac8527d21_1_p1_c12,newspaper_fe2c8b45b2a086cd75984640bb3080e1_1_p1_c8,newspaper_fe2c8b45b2a086cd75984640bb3080e1_1_p1_c5",2,True,1.0
如何实现一个大棚两份收益？,1,newspaper_35bdaa11dec104ccbdc9e19ac8527d21_1_p1_c11,newspaper_35bdaa11dec104ccbdc9e19ac8527d21_1_p1_c11,1,True,1.0
如何实现一个大棚两份收益？,3,newspaper_35bdaa11dec104ccbdc9e19ac8527d21_1_p1_c11,"newspaper_35bdaa11dec104ccbdc9e19ac8527d21_1_p1_c11,newspaper_2c69e142b52dbb30cac2cb11d3eb25e5_1_p1_c4,newspaper_35bdaa11dec104ccbdc9e19ac8527d21_1_p1_c12",1,True,1.0
如何实现一个大棚两份收益？,5,newspaper_35bdaa11dec104ccbdc9e19ac8527d21_1_p1_c11,"newspaper_35bdaa11dec104ccbdc9e19ac8527d21_1_p1_c11,newspaper_2c69e142b52dbb30cac2cb11d3eb25e5_1_p1_c4,newspaper_35bdaa11dec104ccbdc9e19ac8527d21_1_p1_c12,newspaper_2c69e142b52dbb30cac2cb11d3eb25e5_1_p1_c5,newspaper_2c69e142b52dbb30cac2cb11d3eb25e5_1_p1_c3",1,True,1.0
消费者买回家之后如何保持湿度？,1,newspaper_35bdaa11dec104ccbdc9e19ac8527d21_1_p1_c12,docstructbench_dianzishu_zhongwenzaixian-o.O-61570552.pdf_129_p129_c1,0,False,0.0
消费者买回家之后如何保持湿度？,3,newspaper_35bdaa11dec104ccbdc9e19ac8527d21_1_p1_c12,"docstructbench_dianzishu_zhongwenzaixian-o.O-61570552.pdf_129_p129_c1,docstructbench_dianzishu_zhongwenzaixian-o.O-61570552.pdf_129_p129_c0,newspaper_35bdaa11dec104ccbdc9e19ac8527d21_1_p1_c7",0,False,0.0
消费者买回家之后如何保持湿度？,5,newspaper_35bdaa11dec104ccbdc9e19ac8527d21_1_p1_c12,"docstructbench_dianzishu_zhongwenzaixian-o.O-61570552.pdf_129_p129_c1,docstructbench_dianzishu_zhongwenzaixian-o.O-61570552.pdf_129_p129_c0,newspaper_35bdaa11dec104ccbdc9e19ac8527d21_1_p1_c7,newspaper_35bdaa11dec104ccbdc9e19ac8527d21_1_p1_c9,newspaper_35bdaa11dec104ccbdc9e19ac8527d21_1_p1_c8",0,False,0.0
当x为5km时地壳的温度是多少？,1,jiaocaineedrop_c2-ma-11-q-11-cl.pdf_2_p2_c1,jiaocaineedrop_c2-ma-11-q-11-cl.pdf_2_p2_c1,1,True,1.0
当x为5km时地壳的温度是多少？,3,jiaocaineedrop_c2-ma-11-q-11-cl.pdf_2_p2_c1,"jiaocaineedrop_c2-ma-11-q-11-cl.pdf_2_p2_c1,jiaocaineedrop_c2-ma-11-q-11-cl.pdf_2_p2_c0,jiaocaineedrop_jiaocai_needrop_en_1473_p1473_c1",1,True,1.0
当x为5km时地壳的温度是多少？,5,jiaocaineedrop_c2-ma-11-q-11-cl.pdf_2_p2_c1,"jiaocaineedrop_c2-ma-11-q-11-cl.pdf_2_p2_c1,jiaocaineedrop_c2-ma-11-q-11-cl.pdf_2_p2_c0,jiaocaineedrop_jiaocai_needrop_en_1473_p1473_c1,jiaocaineedrop_jiaocai_needrop_en_1473_p1473_c0,docstructbench_dianzishu_zhongwenzaixian-o.O-60403612.pdf_179_p179_c2",1,True,1.0
What is the kernel of the homomorphism defined in question 8?,1,book_en_国外数学教材-数论-Melvyn B. Nathanson—Elementary Methods in Number Theory_0119_p119_c0,book_en_国外数学教材-数论-Melvyn B. Nathanson—Elementary Methods in Number Theory_0119_p119_c0,1,True,1.0
What is the kernel of the homomorphism defined in question 8?,3,book_en_国外数学教材-数论-Melvyn B. Nathanson—Elementary Methods in Number Theory_0119_p119_c0,"book_en_国外数学教材-数论-Melvyn B. Nathanson—Elementary Methods in Number Theory_0119_p119_c0,PPT_lay_linalg5_01_05_page_004_p4_c0,exam_paper_en-file-putnam-archive_2009_Solutions_2009s_page_003_p3_c8",1,True,1.0
What is the kernel of the homomorphism defined in question 8?,5,book_en_国外数学教材-数论-Melvyn B. Nathanson—Elementary Methods in Number Theory_0119_p119_c0,"book_en_国外数学教材-数论-Melvyn B. Nathanson—Elementary Methods in Number Theory_0119_p119_c0,PPT_lay_linalg5_01_05_page_004_p4_c0,exam_paper_en-file-putnam-archive_2009_Solutions_2009s_page_003_p3_c8,docstructbench_dianzishu_zhongwenzaixian-o.O-61523162.pdf_276_p276_c4,PPT_lay_linalg5_01_05_page_009_p9_c0",1,True,1.0
What is the congruence condition for q in part (d)?,1,book_en_国外数学教材-数论-Melvyn B. Nathanson—Elementary Methods in Number Theory_0119_p119_c2,exam_paper_en-file-putnam-archive_2012_Solutions_2012s_page_001_p1_c6,0,False,0.0
What is the congruence condition for q in part (d)?,3,book_en_国外数学教材-数论-Melvyn B. Nathanson—Elementary Methods in Number Theory_0119_p119_c2,"exam_paper_en-file-putnam-archive_2012_Solutions_2012s_page_001_p1_c6,exam_paper_en-file-putnam-archive_1999_Solutions_1999s_page_002_p2_c5,book_en_国外数学教材-数论-Melvyn B. Nathanson—Elementary Methods in Number Theory_0017_p17_c0",0,False,0.0
What is the congruence condition for q in part (d)?,5,book_en_国外数学教材-数论-Melvyn B. Nathanson—Elementary Methods in Number Theory_0119_p119_c2,"exam_paper_en-file-putnam-archive_2012_Solutions_2012s_page_001_p1_c6,exam_paper_en-file-putnam-archive_1999_Solutions_1999s_page_002_p2_c5,book_en_国外数学教材-数论-Melvyn B. Nathanson—Elementary Methods in Number Theory_0017_p17_c0,exam_paper_en-file-putnam-archive_2012_Solutions_2012s_page_001_p1_c5,book_en_国外数学教材-数论-Melvyn B. Nathanson—Elementary Methods in Number Theory_0035_p35_c1",0,False,0.0
本报告的信息来源于哪些资料？,1,eastmoney_dcf347592d4160dffacffdf00a9c39aa75cf9859205a7543c283d1df8bb14f90.pdf_1_p1_c0,yanbaopptmerge_5473246b8da789b9bfdeef53a70c4d72afd480415d5cbcedb83d105856710328.pdf_8_p8_c0,0,False,0.0
本报告的信息来源于哪些资料？,3,eastmoney_dcf347592d4160dffacffdf00a9c39aa75cf9859205a7543c283d1df8bb14f90.pdf_1_p1_c0,"yanbaopptmerge_5473246b8da789b9bfdeef53a70c4d72afd480415d5cbcedb83d105856710328.pdf_8_p8_c0,eastmoney_dcf347592d4160dffacffdf00a9c39aa75cf9859205a7543c283d1df8bb14f90.pdf_1_p1_c0,yanbaopptmerge_0c79d327060dbf9f1582d03c235dadb039533a19091d2c0d24f2ad95d267f79b.pdf_2_p2_c2",2,True,1.0
本报告的信息来源于哪些资料？,5,eastmoney_dcf347592d4160dffacffdf00a9c39aa75cf9859205a7543c283d1df8bb14f90.pdf_1_p1_c0,"yanbaopptmerge_5473246b8da789b9bfdeef53a70c4d72afd480415d5cbcedb83d105856710328.pdf_8_p8_c0,eastmoney_dcf347592d4160dffacffdf00a9c39aa75cf9859205a7543c283d1df8bb14f90.pdf_1_p1_c0,yanbaopptmerge_0c79d327060dbf9f1582d03c235dadb039533a19091d2c0d24f2ad95d267f79b.pdf_2_p2_c2,eastmoney_dd8f39ced2188b907304224a635ad605689270486020c34636003e57018c01d8.pdf_2_p2_c1,yanbaopptmerge_0c79d327060dbf9f1582d03c235dadb039533a19091d2c0d24f2ad95d267f79b.pdf_2_p2_c3",2,True,1.0
未经公司事先书面授权，报告的任何部分是否可以制作拷贝或分发？,1,eastmoney_dcf347592d4160dffacffdf00a9c39aa75cf9859205a7543c283d1df8bb14f90.pdf_1_p1_c1,eastmoney_dcf347592d4160dffacffdf00a9c39aa75cf9859205a7543c283d1df8bb14f90.pdf_1_p1_c1,1,True,1.0
未经公司事先书面授权，报告的任何部分是否可以制作拷贝或分发？,3,eastmoney_dcf347592d4160dffacffdf00a9c39aa75cf9859205a7543c283d1df8bb14f90.pdf_1_p1_c1,"eastmoney_dcf347592d4160dffacffdf00a9c39aa75cf9859205a7543c283d1df8bb14f90.pdf_1_p1_c1,yanbaopptmerge_0c79d327060dbf9f1582d03c235dadb039533a19091d2c0d24f2ad95d267f79b.pdf_2_p2_c3,eastmoney_dd8f39ced2188b907304224a635ad605689270486020c34636003e57018c01d8.pdf_2_p2_c2",1,True,1.0
未经公司事先书面授权，报告的任何部分是否可以制作拷贝或分发？,5,eastmoney_dcf347592d4160dffacffdf00a9c39aa75cf9859205a7543c283d1df8bb14f90.pdf_1_p1_c1,"eastmoney_dcf347592d4160dffacffdf00a9c39aa75cf9859205a7543c283d1df8bb14f90.pdf_1_p1_c1,yanbaopptmerge_0c79d327060dbf9f1582d03c235dadb039533a19091d2c0d24f2ad95d267f79b.pdf_2_p2_c3,eastmoney_dd8f39ced2188b907304224a635ad605689270486020c34636003e57018c01d8.pdf_2_p2_c2,yanbaopptmerge_5473246b8da789b9bfdeef53a70c4d72afd480415d5cbcedb83d105856710328.pdf_8_p8_c0,eastmoney_d2bb183f5254ede5760932ac3118524aa7eddad551935713b435541f1525c1ee.pdf_7_p7_c1",1,True,1.0
买入评级的定义是什么？,1,eastmoney_dcf347592d4160dffacffdf00a9c39aa75cf9859205a7543c283d1df8bb14f90.pdf_1_p1_c2,eastmoney_d2bb183f5254ede5760932ac3118524aa7eddad551935713b435541f1525c1ee.pdf_7_p7_c0,0,False,0.0
买入评级的定义是什么？,3,eastmoney_dcf347592d4160dffacffdf00a9c39aa75cf9859205a7543c283d1df8bb14f90.pdf_1_p1_c2,"eastmoney_d2bb183f5254ede5760932ac3118524aa7eddad551935713b435541f1525c1ee.pdf_7_p7_c0,eastmoney_dd8f39ced2188b907304224a635ad605689270486020c34636003e57018c01d8.pdf_2_p2_c0,eastmoney_dcf347592d4160dffacffdf00a9c39aa75cf9859205a7543c283d1df8bb14f90.pdf_1_p1_c2",3,True,1.0
买入评级的定义是什么？,5,eastmoney_dcf347592d4160dffacffdf00a9c39aa75cf9859205a7543c283d1df8bb14f90.pdf_1_p1_c2,"eastmoney_d2bb183f5254ede5760932ac3118524aa7eddad551935713b435541f1525c1ee.pdf_7_p7_c0,eastmoney_dd8f39ced2188b907304224a635ad605689270486020c34636003e57018c01d8.pdf_2_p2_c0,eastmoney_dcf347592d4160dffacffdf00a9c39aa75cf9859205a7543c283d1df8bb14f90.pdf_1_p1_c2,yanbaopptmerge_5473246b8da789b9bfdeef53a70c4d72afd480415d5cbcedb83d105856710328.pdf_8_p8_c2,yanbaopptmerge_2f4902871606698497c53ccb18d3fec2f83d05047d883cd65bbce26bfb27bcd2.pdf_1_p1_c0",3,True,1.0
美股市场常用的基准指数有哪些？,1,eastmoney_dcf347592d4160dffacffdf00a9c39aa75cf9859205a7543c283d1df8bb14f90.pdf_1_p1_c3,eastmoney_dcf347592d4160dffacffdf00a9c39aa75cf9859205a7543c283d1df8bb14f90.pdf_1_p1_c3,1,True,1.0
美股市场常用的基准指数有哪些？,3,eastmoney_dcf347592d4160dffacffdf00a9c39aa75cf9859205a7543c283d1df8bb14f90.pdf_1_p1_c3,"eastmoney_dcf347592d4160dffacffdf00a9c39aa75cf9859205a7543c283d1df8bb14f90.pdf_1_p1_c3,eastmoney_dd8f39ced2188b907304224a635ad605689270486020c34636003e57018c01d8.pdf_2_p2_c1,eastmoney_dd8f39ced2188b907304224a635ad605689270486020c34636003e57018c01d8.pdf_2_p2_c0",1,True,1.0
美股市场常用的基准指数有哪些？,5,eastmoney_dcf347592d4160dffacffdf00a9c39aa75cf9859205a7543c283d1df8bb14f90.pdf_1_p1_c3,"eastmoney_dcf347592d4160dffacffdf00a9c39aa75cf9859205a7543c283d1df8bb14f90.pdf_1_p1_c3,eastmoney_dd8f39ced2188b907304224a635ad605689270486020c34636003e57018c01d8.pdf_2_p2_c1,eastmoney_dd8f39ced2188b907304224a635ad605689270486020c34636003e57018c01d8.pdf_2_p2_c0,eastmoney_dcf347592d4160dffacffdf00a9c39aa75cf9859205a7543c283d1df8bb14f90.pdf_1_p1_c2,yanbaopptmerge_0c79d327060dbf9f1582d03c235dadb039533a19091d2c0d24f2ad95d267f79b.pdf_2_p2_c1",1,True,1.0
如何在射线 BM 上截取 BC 的长度？,1,yanbaopptmerge_yanbaoPPT_1825_p1825_c0,yanbaopptmerge_yanbaoPPT_1825_p1825_c0,1,True,1.0
如何在射线 BM 上截取 BC 的长度？,3,yanbaopptmerge_yanbaoPPT_1825_p1825_c0,"yanbaopptmerge_yanbaoPPT_1825_p1825_c0,jiaocaineedrop_jiaocai_needrop_en_1473_p1473_c0,jiaocaineedrop_jiaocai_needrop_en_1473_p1473_c1",1,True,1.0
如何在射线 BM 上截取 BC 的长度？,5,yanbaopptmerge_yanbaoPPT_1825_p1825_c0,"yanbaopptmerge_yanbaoPPT_1825_p1825_c0,jiaocaineedrop_jiaocai_needrop_en_1473_p1473_c0,jiaocaineedrop_jiaocai_needrop_en_1473_p1473_c1,jiaocaineedrop_jiaocai_needrop_en_1141_p1141_c0,jiaocaineedrop_jiaocai_needrop_en_1473_p1473_c3",1,True,1.0
What is the correct answer for question 1 in the thinking expansion section?,1,jiaocaineedrop_jiaocai_needrop_en_2509_p2509_c0,jiaocaineedrop_jiaocai_needrop_en_2509_p2509_c0,1,True,1.0
What is the correct answer for question 1 in the thinking expansion section?,3,jiaocaineedrop_jiaocai_needrop_en_2509_p2509_c0,"jiaocaineedrop_jiaocai_needrop_en_2509_p2509_c0,exam_paper_2004-2019上海高考英语听力原文和答案_page_017_p17_c0,jiaocaineedrop_Chapter9.pdf_46_p46_c0",1,True,1.0
What is the correct answer for question 1 in the thinking expansion section?,5,jiaocaineedrop_jiaocai_needrop_en_2509_p2509_c0,"jiaocaineedrop_jiaocai_needrop_en_2509_p2509_c0,exam_paper_2004-2019上海高考英语听力原文和答案_page_017_p17_c0,jiaocaineedrop_Chapter9.pdf_46_p46_c0,jiaocaineedrop_jiaocai_needrop_en_1836_p1836_c2,jiaocaineedrop_96657786.pdf_0_p0_c3",1,True,1.0
北上资金在2020年前的市场反转时流入流出幅度如何？,1,eastmoney_e42b6e1cd2d48113ff4db8854e539d828d632bf9b1757e10cb8ddb2cfc7b1393.pdf_12_p12_c0,eastmoney_e42b6e1cd2d48113ff4db8854e539d828d632bf9b1757e10cb8ddb2cfc7b1393.pdf_12_p12_c0,1,True,1.0
北上资金在2020年前的市场反转时流入流出幅度如何？,3,eastmoney_e42b6e1cd2d48113ff4db8854e539d828d632bf9b1757e10cb8ddb2cfc7b1393.pdf_12_p12_c0,"eastmoney_e42b6e1cd2d48113ff4db8854e539d828d632bf9b1757e10cb8ddb2cfc7b1393.pdf_12_p12_c0,eastmoney_e42b6e1cd2d48113ff4db8854e539d828d632bf9b1757e10cb8ddb2cfc7b1393.pdf_12_p12_c1,eastmoney_e42b6e1cd2d48113ff4db8854e539d828d632bf9b1757e10cb8ddb2cfc7b1393.pdf_12_p12_c2",1,True,1.0
北上资金在2020年前的市场反转时流入流出幅度如何？,5,eastmoney_e42b6e1cd2d48113ff4db8854e539d828d632bf9b1757e10cb8ddb2cfc7b1393.pdf_12_p12_c0,"eastmoney_e42b6e1cd2d48113ff4db8854e539d828d632bf9b1757e10cb8ddb2cfc7b1393.pdf_12_p12_c0,eastmoney_e42b6e1cd2d48113ff4db8854e539d828d632bf9b1757e10cb8ddb2cfc7b1393.pdf_12_p12_c1,eastmoney_e42b6e1cd2d48113ff4db8854e539d828d632bf9b1757e10cb8ddb2cfc7b1393.pdf_12_p12_c2,eastmoney_e42b6e1cd2d48113ff4db8854e539d828d632bf9b1757e10cb8ddb2cfc7b1393.pdf_12_p12_c3,eastmoney_dcf347592d4160dffacffdf00a9c39aa75cf9859205a7543c283d1df8bb14f90.pdf_1_p1_c2",1,True,1.0
What was the T \pm 15 value for the top in 2019-04-10?,1,eastmoney_e42b6e1cd2d48113ff4db8854e539d828d632bf9b1757e10cb8ddb2cfc7b1393.pdf_12_p12_c1,eastmoney_e42b6e1cd2d48113ff4db8854e539d828d632bf9b1757e10cb8ddb2cfc7b1393.pdf_12_p12_c1,1,True,1.0
What was the T \pm 15 value for the top in 2019-04-10?,3,eastmoney_e42b6e1cd2d48113ff4db8854e539d828d632bf9b1757e10cb8ddb2cfc7b1393.pdf_12_p12_c1,"eastmoney_e42b6e1cd2d48113ff4db8854e539d828d632bf9b1757e10cb8ddb2cfc7b1393.pdf_12_p12_c1,eastmoney_e42b6e1cd2d48113ff4db8854e539d828d632bf9b1757e10cb8ddb2cfc7b1393.pdf_12_p12_c2,docstructbench_dianzishu_zhongwenzaixian-o.O-60403612.pdf_179_p179_c3",1,True,1.0
What was the T \pm 15 value for the top in 2019-04-10?,5,eastmoney_e42b6e1cd2d48113ff4db8854e539d828d632bf9b1757e10cb8ddb2cfc7b1393.pdf_12_p12_c1,"eastmoney_e42b6e1cd2d48113ff4db8854e539d828d632bf9b1757e10cb8ddb2cfc7b1393.pdf_12_p12_c1,eastmoney_e42b6e1cd2d48113ff4db8854e539d828d632bf9b1757e10cb8ddb2cfc7b1393.pdf_12_p12_c2,docstructbench_dianzishu_zhongwenzaixian-o.O-60403612.pdf_179_p179_c3,docstructbench_llm-raw-scihub-o.O-j.chroma.2005.05.085.pdf_4_p4_c7,yanbaopptmerge_2f4902871606698497c53ccb18d3fec2f83d05047d883cd65bbce26bfb27bcd2.pdf_1_p1_c3",1,True,1.0
Which date is associated with the value 6162.69?,1,eastmoney_e42b6e1cd2d48113ff4db8854e539d828d632bf9b1757e10cb8ddb2cfc7b1393.pdf_12_p12_c2,eastmoney_e42b6e1cd2d48113ff4db8854e539d828d632bf9b1757e10cb8ddb2cfc7b1393.pdf_12_p12_c2,1,True,1.0
Which date is associated with the value 6162.69?,3,eastmoney_e42b6e1cd2d48113ff4db8854e539d828d632bf9b1757e10cb8ddb2cfc7b1393.pdf_12_p12_c2,"eastmoney_e42b6e1cd2d48113ff4db8854e539d828d632bf9b1757e10cb8ddb2cfc7b1393.pdf_12_p12_c2,newspaper_The Globe and Mail - 2025-1-8@magazinesclubnew_page_014_p14_c3,docstructbench_llm-raw-scihub-o.O-j.chroma.2005.03.134.pdf_6_p6_c3",1,True,1.0
Which date is associated with the value 6162.69?,5,eastmoney_e42b6e1cd2d48113ff4db8854e539d828d632bf9b1757e10cb8ddb2cfc7b1393.pdf_12_p12_c2,"eastmoney_e42b6e1cd2d48113ff4db8854e539d828d632bf9b1757e10cb8ddb2cfc7b1393.pdf_12_p12_c2,newspaper_The Globe and Mail - 2025-1-8@magazinesclubnew_page_014_p14_c3,docstructbench_llm-raw-scihub-o.O-j.chroma.2005.03.134.pdf_6_p6_c3,scihub_bloodadvances.2019030924.pdf_3_p3_c1,docstructbench_llm-raw-scihub-o.O-j.chroma.2005.03.134.pdf_6_p6_c1",1,True,1.0
北上资金大幅流入的三个月里，哪些行业将面临更大的调整压力？,1,eastmoney_e42b6e1cd2d48113ff4db8854e539d828d632bf9b1757e10cb8ddb2cfc7b1393.pdf_12_p12_c3,eastmoney_e42b6e1cd2d48113ff4db8854e539d828d632bf9b1757e10cb8ddb2cfc7b1393.pdf_12_p12_c3,1,True,1.0
北上资金大幅流入的三个月里，哪些行业将面临更大的调整压力？,3,eastmoney_e42b6e1cd2d48113ff4db8854e539d828d632bf9b1757e10cb8ddb2cfc7b1393.pdf_12_p12_c3,"eastmoney_e42b6e1cd2d48113ff4db8854e539d828d632bf9b1757e10cb8ddb2cfc7b1393.pdf_12_p12_c3,eastmoney_e42b6e1cd2d48113ff4db8854e539d828d632bf9b1757e10cb8ddb2cfc7b1393.pdf_12_p12_c0,eastmoney_e42b6e1cd2d48113ff4db8854e539d828d632bf9b1757e10cb8ddb2cfc7b1393.pdf_12_p12_c2",1,True,1.0
北上资金大幅流入的三个月里，哪些行业将面临更大的调整压力？,5,eastmoney_e42b6e1cd2d48113ff4db8854e539d828d632bf9b1757e10cb8ddb2cfc7b1393.pdf_12_p12_c3,"eastmoney_e42b6e1cd2d48113ff4db8854e539d828d632bf9b1757e10cb8ddb2cfc7b1393.pdf_12_p12_c3,eastmoney_e42b6e1cd2d48113ff4db8854e539d828d632bf9b1757e10cb8ddb2cfc7b1393.pdf_12_p12_c0,eastmoney_e42b6e1cd2d48113ff4db8854e539d828d632bf9b1757e10cb8ddb2cfc7b1393.pdf_12_p12_c2,eastmoney_03e39833d520af7d1abb96dd624dcd15f2b57d061969d196e80922e2f590503f.pdf_22_p22_c0,eastmoney_03e39833d520af7d1abb96dd624dcd15f2b57d061969d196e80922e2f590503f.pdf_22_p22_c1",1,True,1.0
中国境内货物的平均交通流转速度比印度快多少？,1,yanbaor2_yanbaoPPT_467_p467_c0,yanbaor2_yanbaoPPT_467_p467_c0,1,True,1.0
中国境内货物的平均交通流转速度比印度快多少？,3,yanbaor2_yanbaoPPT_467_p467_c0,"yanbaor2_yanbaoPPT_467_p467_c0,docstructbench_llm-raw-scihub-o.O-j.chroma.2005.05.085.pdf_4_p4_c7,newspaper_35bdaa11dec104ccbdc9e19ac8527d21_1_p1_c4",1,True,1.0
中国境内货物的平均交通流转速度比印度快多少？,5,yanbaor2_yanbaoPPT_467_p467_c0,"yanbaor2_yanbaoPPT_467_p467_c0,docstructbench_llm-raw-scihub-o.O-j.chroma.2005.05.085.pdf_4_p4_c7,newspaper_35bdaa11dec104ccbdc9e19ac8527d21_1_p1_c4,newspaper_The Globe and Mail - 2025-1-8@magazinesclubnew_page_014_p14_c3,yanbaor2_ea86fd46182ff9b675775645ecaf43782b996ffaeeb09c679f56a47aabfbf6b7.pdf_9_p9_c0",1,True,1.0
中考英语作文有哪些必备的句型？,1,notes_f7f010b78016aeebd76e56d9283eb67f_4_p4_c0,color_textbook_教材全解1+1二年级上册英语上海牛津版_page_067_p67_c4,0,False,0.0
中考英语作文有哪些必备的句型？,3,notes_f7f010b78016aeebd76e56d9283eb67f_4_p4_c0,"color_textbook_教材全解1+1二年级上册英语上海牛津版_page_067_p67_c4,notes_f7f010b78016aeebd76e56d9283eb67f_4_p4_c0,jiaocaineedrop_jiaocai_needrop_en_1836_p1836_c1",2,True,1.0
中考英语作文有哪些必备的句型？,5,notes_f7f010b78016aeebd76e56d9283eb67f_4_p4_c0,"color_textbook_教材全解1+1二年级上册英语上海牛津版_page_067_p67_c4,notes_f7f010b78016aeebd76e56d9283eb67f_4_p4_c0,jiaocaineedrop_jiaocai_needrop_en_1836_p1836_c1,notes_f7f010b78016aeebd76e56d9283eb67f_114_p114_c1,jiaocaineedrop_jiaocai_needrop_en_237_p237_c2",2,True,1.0
What information did the agency review in making its 12-month findings?,1,newspaper_2a6b4fa088699701a6fa9ccecfb5c25d_3_p3_c0,newspaper_2a6b4fa088699701a6fa9ccecfb5c25d_3_p3_c0,1,True,1.0
What information did the agency review in making its 12-month findings?,3,newspaper_2a6b4fa088699701a6fa9ccecfb5c25d_3_p3_c0,"newspaper_2a6b4fa088699701a6fa9ccecfb5c25d_3_p3_c0,eastmoney_d2bb183f5254ede5760932ac3118524aa7eddad551935713b435541f1525c1ee.pdf_7_p7_c0,eastmoney_dcf347592d4160dffacffdf00a9c39aa75cf9859205a7543c283d1df8bb14f90.pdf_1_p1_c2",1,True,1.0
What information did the agency review in making its 12-month findings?,5,newspaper_2a6b4fa088699701a6fa9ccecfb5c25d_3_p3_c0,"newspaper_2a6b4fa088699701a6fa9ccecfb5c25d_3_p3_c0,eastmoney_d2bb183f5254ede5760932ac3118524aa7eddad551935713b435541f1525c1ee.pdf_7_p7_c0,eastmoney_dcf347592d4160dffacffdf00a9c39aa75cf9859205a7543c283d1df8bb14f90.pdf_1_p1_c2,yanbaopptmerge_0c79d327060dbf9f1582d03c235dadb039533a19091d2c0d24f2ad95d267f79b.pdf_2_p2_c0,newspaper_2a6b4fa088699701a6fa9ccecfb5c25d_3_p3_c7",1,True,1.0
What was the publication date of the annual candidate notice of review?,1,newspaper_2a6b4fa088699701a6fa9ccecfb5c25d_3_p3_c1,newspaper_2a6b4fa088699701a6fa9ccecfb5c25d_3_p3_c1,1,True,1.0
What was the publication date of the annual candidate notice of review?,3,newspaper_2a6b4fa088699701a6fa9ccecfb5c25d_3_p3_c1,"newspaper_2a6b4fa088699701a6fa9ccecfb5c25d_3_p3_c1,newspaper_2a6b4fa088699701a6fa9ccecfb5c25d_3_p3_c0,newspaper_2a6b4fa088699701a6fa9ccecfb5c25d_3_p3_c7",1,True,1.0
What was the publication date of the annual candidate notice of review?,5,newspaper_2a6b4fa088699701a6fa9ccecfb5c25d_3_p3_c1,"newspaper_2a6b4fa088699701a6fa9ccecfb5c25d_3_p3_c1,newspaper_2a6b4fa088699701a6fa9ccecfb5c25d_3_p3_c0,newspaper_2a6b4fa088699701a6fa9ccecfb5c25d_3_p3_c7,newspaper_fe5ed29024932fad071afc53807b16ba_1_p1_c0,newspaper_fe5ed29024932fad071afc53807b16ba_1_p1_c2",1,True,1.0
What was the listing priority number assigned to the Huachuca-Canelo population of the Arizona treefrog in 2007?,1,newspaper_2a6b4fa088699701a6fa9ccecfb5c25d_3_p3_c2,newspaper_2a6b4fa088699701a6fa9ccecfb5c25d_3_p3_c2,1,True,1.0
What was the listing priority number assigned to the Huachuca-Canelo population of the Arizona treefrog in 2007?,3,newspaper_2a6b4fa088699701a6fa9ccecfb5c25d_3_p3_c2,"newspaper_2a6b4fa088699701a6fa9ccecfb5c25d_3_p3_c2,newspaper_2a6b4fa088699701a6fa9ccecfb5c25d_3_p3_c1,newspaper_2a6b4fa088699701a6fa9ccecfb5c25d_3_p3_c3",1,True,1.0
What was the listing priority number assigned to the Huachuca-Canelo population of the Arizona treefrog in 2007?,5,newspaper_2a6b4fa088699701a6fa9ccecfb5c25d_3_p3_c2,"newspaper_2a6b4fa088699701a6fa9ccecfb5c25d_3_p3_c2,newspaper_2a6b4fa088699701a6fa9ccecfb5c25d_3_p3_c1,newspaper_2a6b4fa088699701a6fa9ccecfb5c25d_3_p3_c3,newspaper_2a6b4fa088699701a6fa9ccecfb5c25d_3_p3_c6,newspaper_2a6b4fa088699701a6fa9ccecfb5c25d_3_p3_c4",1,True,1.0
What is the highest LPN number?,1,newspaper_2a6b4fa088699701a6fa9ccecfb5c25d_3_p3_c3,newspaper_2a6b4fa088699701a6fa9ccecfb5c25d_3_p3_c3,1,True,1.0
What is the highest LPN number?,3,newspaper_2a6b4fa088699701a6fa9ccecfb5c25d_3_p3_c3,"newspaper_2a6b4fa088699701a6fa9ccecfb5c25d_3_p3_c3,docstructbench_llm-raw-scihub-o.O-j.chroma.2005.03.134.pdf_6_p6_c3,docstructbench_llm-raw-scihub-o.O-j.chroma.2005.03.134.pdf_6_p6_c2",1,True,1.0
What is the highest LPN number?,5,newspaper_2a6b4fa088699701a6fa9ccecfb5c25d_3_p3_c3,"newspaper_2a6b4fa088699701a6fa9ccecfb5c25d_3_p3_c3,docstructbench_llm-raw-scihub-o.O-j.chroma.2005.03.134.pdf_6_p6_c3,docstructbench_llm-raw-scihub-o.O-j.chroma.2005.03.134.pdf_6_p6_c2,docstructbench_dianzishu_zhongwenzaixian-o.O-60403612.pdf_179_p179_c2,docstructbench_dianzishu_zhongwenzaixian-o.O-61323717.pdf_203_p203_c2",1,True,1.0
Where were Arizona treefrogs historically documented in the Huachuca-Canelo population?,1,newspaper_2a6b4fa088699701a6fa9ccecfb5c25d_3_p3_c4,newspaper_2a6b4fa088699701a6fa9ccecfb5c25d_3_p3_c4,1,True,1.0
Where were Arizona treefrogs historically documented in the Huachuca-Canelo population?,3,newspaper_2a6b4fa088699701a6fa9ccecfb5c25d_3_p3_c4,"newspaper_2a6b4fa088699701a6fa9ccecfb5c25d_3_p3_c4,newspaper_2a6b4fa088699701a6fa9ccecfb5c25d_3_p3_c6,newspaper_2a6b4fa088699701a6fa9ccecfb5c25d_3_p3_c5",1,True,1.0
Where were Arizona treefrogs historically documented in the Huachuca-Canelo population?,5,newspaper_2a6b4fa088699701a6fa9ccecfb5c25d_3_p3_c4,"newspaper_2a6b4fa088699701a6fa9ccecfb5c25d_3_p3_c4,newspaper_2a6b4fa088699701a6fa9ccecfb5c25d_3_p3_c6,newspaper_2a6b4fa088699701a6fa9ccecfb5c25d_3_p3_c5,newspaper_2a6b4fa088699701a6fa9ccecfb5c25d_3_p3_c10,newspaper_2a6b4fa088699701a6fa9ccecfb5c25d_3_p3_c3",1,True,1.0
Where have the Arizona treefrogs been found recently?,1,newspaper_2a6b4fa088699701a6fa9ccecfb5c25d_3_p3_c5,newspaper_2a6b4fa088699701a6fa9ccecfb5c25d_3_p3_c4,0,False,0.0
Where have the Arizona treefrogs been found recently?,3,newspaper_2a6b4fa088699701a6fa9ccecfb5c25d_3_p3_c5,"newspaper_2a6b4fa088699701a6fa9ccecfb5c25d_3_p3_c4,newspaper_2a6b4fa088699701a6fa9ccecfb5c25d_3_p3_c6,newspaper_2a6b4fa088699701a6fa9ccecfb5c25d_3_p3_c5",3,True,1.0
Where have the Arizona treefrogs been found recently?,5,newspaper_2a6b4fa088699701a6fa9ccecfb5c25d_3_p3_c5,"newspaper_2a6b4fa088699701a6fa9ccecfb5c25d_3_p3_c4,newspaper_2a6b4fa088699701a6fa9ccecfb5c25d_3_p3_c6,newspaper_2a6b4fa088699701a6fa9ccecfb5c25d_3_p3_c5,newspaper_2a6b4fa088699701a6fa9ccecfb5c25d_3_p3_c3,newspaper_2a6b4fa088699701a6fa9ccecfb5c25d_3_p3_c9",3,True,1.0
Where else does the Arizona treefrog occur besides the DPS boundary?,1,newspaper_2a6b4fa088699701a6fa9ccecfb5c25d_3_p3_c6,newspaper_2a6b4fa088699701a6fa9ccecfb5c25d_3_p3_c6,1,True,1.0
Where else does the Arizona treefrog occur besides the DPS boundary?,3,newspaper_2a6b4fa088699701a6fa9ccecfb5c25d_3_p3_c6,"newspaper_2a6b4fa088699701a6fa9ccecfb5c25d_3_p3_c6,newspaper_2a6b4fa088699701a6fa9ccecfb5c25d_3_p3_c4,newspaper_2a6b4fa088699701a6fa9ccecfb5c25d_3_p3_c3",1,True,1.0
Where else does the Arizona treefrog occur besides the DPS boundary?,5,newspaper_2a6b4fa088699701a6fa9ccecfb5c25d_3_p3_c6,"newspaper_2a6b4fa088699701a6fa9ccecfb5c25d_3_p3_c6,newspaper_2a6b4fa088699701a6fa9ccecfb5c25d_3_p3_c4,newspaper_2a6b4fa088699701a6fa9ccecfb5c25d_3_p3_c3,newspaper_2a6b4fa088699701a6fa9ccecfb5c25d_3_p3_c5,newspaper_2a6b4fa088699701a6fa9ccecfb5c25d_3_p3_c9",1,True,1.0
What policy sets the criteria for determining if a vertebrate population is a DPS?,1,newspaper_2a6b4fa088699701a6fa9ccecfb5c25d_3_p3_c7,newspaper_2a6b4fa088699701a6fa9ccecfb5c25d_3_p3_c7,1,True,1.0
What policy sets the criteria for determining if a vertebrate population is a DPS?,3,newspaper_2a6b4fa088699701a6fa9ccecfb5c25d_3_p3_c7,"newspaper_2a6b4fa088699701a6fa9ccecfb5c25d_3_p3_c7,newspaper_2a6b4fa088699701a6fa9ccecfb5c25d_3_p3_c8,newspaper_2a6b4fa088699701a6fa9ccecfb5c25d_3_p3_c9",1,True,1.0
What policy sets the criteria for determining if a vertebrate population is a DPS?,5,newspaper_2a6b4fa088699701a6fa9ccecfb5c25d_3_p3_c7,"newspaper_2a6b4fa088699701a6fa9ccecfb5c25d_3_p3_c7,newspaper_2a6b4fa088699701a6fa9ccecfb5c25d_3_p3_c8,newspaper_2a6b4fa088699701a6fa9ccecfb5c25d_3_p3_c9,newspaper_2a6b4fa088699701a6fa9ccecfb5c25d_3_p3_c11,newspaper_2a6b4fa088699701a6fa9ccecfb5c25d_3_p3_c1",1,True,1.0
What is the status of the Huachuca-Canelo population of the Arizona treefrog according to the DPS Policy?,1,newspaper_2a6b4fa088699701a6fa9ccecfb5c25d_3_p3_c8,newspaper_2a6b4fa088699701a6fa9ccecfb5c25d_3_p3_c8,1,True,1.0
What is the status of the Huachuca-Canelo population of the Arizona treefrog according to the DPS Policy?,3,newspaper_2a6b4fa088699701a6fa9ccecfb5c25d_3_p3_c8,"newspaper_2a6b4fa088699701a6fa9ccecfb5c25d_3_p3_c8,newspaper_2a6b4fa088699701a6fa9ccecfb5c25d_3_p3_c7,newspaper_2a6b4fa088699701a6fa9ccecfb5c25d_3_p3_c9",1,True,1.0
What is the status of the Huachuca-Canelo population of the Arizona treefrog according to the DPS Policy?,5,newspaper_2a6b4fa088699701a6fa9ccecfb5c25d_3_p3_c8,"newspaper_2a6b4fa088699701a6fa9ccecfb5c25d_3_p3_c8,newspaper_2a6b4fa088699701a6fa9ccecfb5c25d_3_p3_c7,newspaper_2a6b4fa088699701a6fa9ccecfb5c25d_3_p3_c9,newspaper_2a6b4fa088699701a6fa9ccecfb5c25d_3_p3_c10,newspaper_2a6b4fa088699701a6fa9ccecfb5c25d_3_p3_c11",1,True,1.0
What is the conclusion about the Huachuca-Canelo population of the Arizona treefrog?,1,newspaper_2a6b4fa088699701a6fa9ccecfb5c25d_3_p3_c9,newspaper_2a6b4fa088699701a6fa9ccecfb5c25d_3_p3_c9,1,True,1.0
What is the conclusion about the Huachuca-Canelo population of the Arizona treefrog?,3,newspaper_2a6b4fa088699701a6fa9ccecfb5c25d_3_p3_c9,"newspaper_2a6b4fa088699701a6fa9ccecfb5c25d_3_p3_c9,newspaper_2a6b4fa088699701a6fa9ccecfb5c25d_3_p3_c8,newspaper_2a6b4fa088699701a6fa9ccecfb5c25d_3_p3_c10",1,True,1.0
What is the conclusion about the Huachuca-Canelo population of the Arizona treefrog?,5,newspaper_2a6b4fa088699701a6fa9ccecfb5c25d_3_p3_c9,"newspaper_2a6b4fa088699701a6fa9ccecfb5c25d_3_p3_c9,newspaper_2a6b4fa088699701a6fa9ccecfb5c25d_3_p3_c8,newspaper_2a6b4fa088699701a6fa9ccecfb5c25d_3_p3_c10,newspaper_2a6b4fa088699701a6fa9ccecfb5c25d_3_p3_c7,newspaper_2a6b4fa088699701a6fa9ccecfb5c25d_3_p3_c11",1,True,1.0
What is the significance of the Huachuca-Canelo population's persistence in the area?,1,newspaper_2a6b4fa088699701a6fa9ccecfb5c25d_3_p3_c10,newspaper_2a6b4fa088699701a6fa9ccecfb5c25d_3_p3_c10,1,True,1.0
What is the significance of the Huachuca-Canelo population's persistence in the area?,3,newspaper_2a6b4fa088699701a6fa9ccecfb5c25d_3_p3_c10,"newspaper_2a6b4fa088699701a6fa9ccecfb5c25d_3_p3_c10,newspaper_2a6b4fa088699701a6fa9ccecfb5c25d_3_p3_c11,newspaper_2a6b4fa088699701a6fa9ccecfb5c25d_3_p3_c9",1,True,1.0
What is the significance of the Huachuca-Canelo population's persistence in the area?,5,newspaper_2a6b4fa088699701a6fa9ccecfb5c25d_3_p3_c10,"newspaper_2a6b4fa088699701a6fa9ccecfb5c25d_3_p3_c10,newspaper_2a6b4fa088699701a6fa9ccecfb5c25d_3_p3_c11,newspaper_2a6b4fa088699701a6fa9ccecfb5c25d_3_p3_c9,newspaper_2a6b4fa088699701a6fa9ccecfb5c25d_3_p3_c8,newspaper_2a6b4fa088699701a6fa9ccecfb5c25d_3_p3_c5",1,True,1.0
Which three considerations did the DPS Policy use to evaluate significance?,1,newspaper_2a6b4fa088699701a6fa9ccecfb5c25d_3_p3_c11,newspaper_2a6b4fa088699701a6fa9ccecfb5c25d_3_p3_c11,1,True,1.0
Which three considerations did the DPS Policy use to evaluate significance?,3,newspaper_2a6b4fa088699701a6fa9ccecfb5c25d_3_p3_c11,"newspaper_2a6b4fa088699701a6fa9ccecfb5c25d_3_p3_c11,newspaper_2a6b4fa088699701a6fa9ccecfb5c25d_3_p3_c7,newspaper_2a6b4fa088699701a6fa9ccecfb5c25d_3_p3_c9",1,True,1.0
Which three considerations did the DPS Policy use to evaluate significance?,5,newspaper_2a6b4fa088699701a6fa9ccecfb5c25d_3_p3_c11,"newspaper_2a6b4fa088699701a6fa9ccecfb5c25d_3_p3_c11,newspaper_2a6b4fa088699701a6fa9ccecfb5c25d_3_p3_c7,newspaper_2a6b4fa088699701a6fa9ccecfb5c25d_3_p3_c9,newspaper_2a6b4fa088699701a6fa9ccecfb5c25d_3_p3_c8,docstructbench_llm-raw-scihub-o.O-ijc.22999.pdf_3_p3_c2",1,True,1.0
What are some tactical initiatives universities use to reduce energy bills?,1,yanbaor2_ey-financial-sustainability-whitepaper.pdf_17_p17_c0,yanbaor2_ey-financial-sustainability-whitepaper.pdf_17_p17_c0,1,True,1.0
What are some tactical initiatives universities use to reduce energy bills?,3,yanbaor2_ey-financial-sustainability-whitepaper.pdf_17_p17_c0,"yanbaor2_ey-financial-sustainability-whitepaper.pdf_17_p17_c0,yanbaor2_ey-financial-sustainability-whitepaper.pdf_17_p17_c1,yanbaor2_ey-financial-sustainability-whitepaper.pdf_17_p17_c2",1,True,1.0
What are some tactical initiatives universities use to reduce energy bills?,5,yanbaor2_ey-financial-sustainability-whitepaper.pdf_17_p17_c0,"yanbaor2_ey-financial-sustainability-whitepaper.pdf_17_p17_c0,yanbaor2_ey-financial-sustainability-whitepaper.pdf_17_p17_c1,yanbaor2_ey-financial-sustainability-whitepaper.pdf_17_p17_c2,yanbaor2_ey-financial-sustainability-whitepaper.pdf_17_p17_c3,newspaper_eb569707cf5621d4c71d5898216cdb17_1_p1_c7",1,True,1.0
What did university leaders call the approach of making minor cost cuts?,1,yanbaor2_ey-financial-sustainability-whitepaper.pdf_17_p17_c1,yanbaor2_ey-financial-sustainability-whitepaper.pdf_17_p17_c1,1,True,1.0
What did university leaders call the approach of making minor cost cuts?,3,yanbaor2_ey-financial-sustainability-whitepaper.pdf_17_p17_c1,"yanbaor2_ey-financial-sustainability-whitepaper.pdf_17_p17_c1,yanbaor2_ey-financial-sustainability-whitepaper.pdf_17_p17_c0,yanbaor2_ey-financial-sustainability-whitepaper.pdf_17_p17_c2",1,True,1.0
What did university leaders call the approach of making minor cost cuts?,5,yanbaor2_ey-financial-sustainability-whitepaper.pdf_17_p17_c1,"yanbaor2_ey-financial-sustainability-whitepaper.pdf_17_p17_c1,yanbaor2_ey-financial-sustainability-whitepaper.pdf_17_p17_c0,yanbaor2_ey-financial-sustainability-whitepaper.pdf_17_p17_c2,yanbaor2_ey-financial-sustainability-whitepaper.pdf_17_p17_c3,yanbaor2_ey-financial-sustainability-whitepaper.pdf_17_p17_c4",1,True,1.0
What is the biggest balance sheet risk mentioned in the document fragment?,1,yanbaor2_ey-financial-sustainability-whitepaper.pdf_17_p17_c2,yanbaor2_ey-financial-sustainability-whitepaper.pdf_17_p17_c2,1,True,1.0
What is the biggest balance sheet risk mentioned in the document fragment?,3,yanbaor2_ey-financial-sustainability-whitepaper.pdf_17_p17_c2,"yanbaor2_ey-financial-sustainability-whitepaper.pdf_17_p17_c2,magazine_TheEconomist.2023.11.18_page_071_p71_c2,magazine_TheEconomist.2023.12.23_page_012_p12_c9",1,True,1.0
What is the biggest balance sheet risk mentioned in the document fragment?,5,yanbaor2_ey-financial-sustainability-whitepaper.pdf_17_p17_c2,"yanbaor2_ey-financial-sustainability-whitepaper.pdf_17_p17_c2,magazine_TheEconomist.2023.11.18_page_071_p71_c2,magazine_TheEconomist.2023.12.23_page_012_p12_c9,yanbaopptmerge_5473246b8da789b9bfdeef53a70c4d72afd480415d5cbcedb83d105856710328.pdf_8_p8_c0,newspaper_The Wall Street Journal - 2025-01-08@magazinesclubnew_page_018_p18_c21",1,True,1.0
What is the cultural cost of redundancies according to the text?,1,yanbaor2_ey-financial-sustainability-whitepaper.pdf_17_p17_c3,yanbaor2_ey-financial-sustainability-whitepaper.pdf_17_p17_c3,1,True,1.0
What is the cultural cost of redundancies according to the text?,3,yanbaor2_ey-financial-sustainability-whitepaper.pdf_17_p17_c3,"yanbaor2_ey-financial-sustainability-whitepaper.pdf_17_p17_c3,jiaocaineedrop_jiaocai_needrop_en_377_p377_c0,jiaocaineedrop_jiaocai_needrop_en_155_p155_c1",1,True,1.0
What is the cultural cost of redundancies according to the text?,5,yanbaor2_ey-financial-sustainability-whitepaper.pdf_17_p17_c3,"yanbaor2_ey-financial-sustainability-whitepaper.pdf_17_p17_c3,jiaocaineedrop_jiaocai_needrop_en_377_p377_c0,jiaocaineedrop_jiaocai_needrop_en_155_p155_c1,magazine_TheEconomist.2023.11.18_page_071_p71_c2,magazine_TheEconomist.2024.03.02_page_032_p32_c5",1,True,1.0
What is the concern of leaders regarding staff reduction?,1,yanbaor2_ey-financial-sustainability-whitepaper.pdf_17_p17_c4,yanbaor2_ey-financial-sustainability-whitepaper.pdf_17_p17_c4,1,True,1.0
What is the concern of leaders regarding staff reduction?,3,yanbaor2_ey-financial-sustainability-whitepaper.pdf_17_p17_c4,"yanbaor2_ey-financial-sustainability-whitepaper.pdf_17_p17_c4,yanbaor2_ey-financial-sustainability-whitepaper.pdf_17_p17_c3,yanbaor2_ey-financial-sustainability-whitepaper.pdf_17_p17_c2",1,True,1.0
What is the concern of leaders regarding staff reduction?,5,yanbaor2_ey-financial-sustainability-whitepaper.pdf_17_p17_c4,"yanbaor2_ey-financial-sustainability-whitepaper.pdf_17_p17_c4,yanbaor2_ey-financial-sustainability-whitepaper.pdf_17_p17_c3,yanbaor2_ey-financial-sustainability-whitepaper.pdf_17_p17_c2,yanbaor2_yanbaoPPT_1517_p1517_c0,newspaper_The Globe and Mail - 2025-1-8@magazinesclubnew_page_018_p18_c19",1,True,1.0
等高线地形图中如何判断地形类型？,1,notes_1ba14cb325bc448f7201b20502ecf2b5_10_p10_c0,notes_1ba14cb325bc448f7201b20502ecf2b5_10_p10_c0,1,True,1.0
等高线地形图中如何判断地形类型？,3,notes_1ba14cb325bc448f7201b20502ecf2b5_10_p10_c0,"notes_1ba14cb325bc448f7201b20502ecf2b5_10_p10_c0,notes_1ba14cb325bc448f7201b20502ecf2b5_74_p74_c0,jiaocaineedrop_c2-ma-11-q-11-cl.pdf_2_p2_c0",1,True,1.0
等高线地形图中如何判断地形类型？,5,notes_1ba14cb325bc448f7201b20502ecf2b5_10_p10_c0,"notes_1ba14cb325bc448f7201b20502ecf2b5_10_p10_c0,notes_1ba14cb325bc448f7201b20502ecf2b5_74_p74_c0,jiaocaineedrop_c2-ma-11-q-11-cl.pdf_2_p2_c0,notes_1ba14cb325bc448f7201b20502ecf2b5_33_p33_c1,jiaocaineedrop_jiaocai_needrop_en_1473_p1473_c1",1,True,1.0
What is the purpose of the rotating scraper unit in the filtration process?,1,docstructbench_llm-raw-scihub-o.O-bf00151572.pdf_3_p3_c0,docstructbench_llm-raw-scihub-o.O-bf00151572.pdf_3_p3_c0,1,True,1.0
What is the purpose of the rotating scraper unit in the filtration process?,3,docstructbench_llm-raw-scihub-o.O-bf00151572.pdf_3_p3_c0,"docstructbench_llm-raw-scihub-o.O-bf00151572.pdf_3_p3_c0,docstructbench_llm-raw-scihub-o.O-bf00151572.pdf_3_p3_c1,docstructbench_llm-raw-scihub-o.O-bf00151572.pdf_3_p3_c2",1,True,1.0
What is the purpose of the rotating scraper unit in the filtration process?,5,docstructbench_llm-raw-scihub-o.O-bf00151572.pdf_3_p3_c0,"docstructbench_llm-raw-scihub-o.O-bf00151572.pdf_3_p3_c0,docstructbench_llm-raw-scihub-o.O-bf00151572.pdf_3_p3_c1,docstructbench_llm-raw-scihub-o.O-bf00151572.pdf_3_p3_c2,docstructbench_llm-raw-scihub-o.O-bf00151572.pdf_3_p3_c3,docstructbench_llm-raw-scihub-o.O-j.chroma.2005.05.085.pdf_4_p4_c0",1,True,1.0
What was the clearance between the scraper and the filter in the study by Tiller and Cheng?,1,docstructbench_llm-raw-scihub-o.O-bf00151572.pdf_3_p3_c1,docstructbench_llm-raw-scihub-o.O-bf00151572.pdf_3_p3_c1,1,True,1.0
What was the clearance between the scraper and the filter in the study by Tiller and Cheng?,3,docstructbench_llm-raw-scihub-o.O-bf00151572.pdf_3_p3_c1,"docstructbench_llm-raw-scihub-o.O-bf00151572.pdf_3_p3_c1,docstructbench_llm-raw-scihub-o.O-bf00151572.pdf_3_p3_c0,book_zh_CNASGL0092018_extracted_page_73_p73_c1",1,True,1.0
What was the clearance between the scraper and the filter in the study by Tiller and Cheng?,5,docstructbench_llm-raw-scihub-o.O-bf00151572.pdf_3_p3_c1,"docstructbench_llm-raw-scihub-o.O-bf00151572.pdf_3_p3_c1,docstructbench_llm-raw-scihub-o.O-bf00151572.pdf_3_p3_c0,book_zh_CNASGL0092018_extracted_page_73_p73_c1,docstructbench_llm-raw-scihub-o.O-bf00151572.pdf_3_p3_c2,docstructbench_llm-raw-scihub-o.O-bf00151572.pdf_3_p3_c3",1,True,1.0
What was the cell concentration in the reactor?,1,docstructbench_llm-raw-scihub-o.O-bf00151572.pdf_3_p3_c2,docstructbench_llm-raw-scihub-o.O-bf00151572.pdf_3_p3_c2,1,True,1.0
What was the cell concentration in the reactor?,3,docstructbench_llm-raw-scihub-o.O-bf00151572.pdf_3_p3_c2,"docstructbench_llm-raw-scihub-o.O-bf00151572.pdf_3_p3_c2,docstructbench_llm-raw-scihub-o.O-j.chroma.2005.03.134.pdf_6_p6_c1,yanbaopptmerge_3aa9b6677e17fd012b0a7a230b9f18db.pdf_1327_p1327_c1",1,True,1.0
What was the cell concentration in the reactor?,5,docstructbench_llm-raw-scihub-o.O-bf00151572.pdf_3_p3_c2,"docstructbench_llm-raw-scihub-o.O-bf00151572.pdf_3_p3_c2,docstructbench_llm-raw-scihub-o.O-j.chroma.2005.03.134.pdf_6_p6_c1,yanbaopptmerge_3aa9b6677e17fd012b0a7a230b9f18db.pdf_1327_p1327_c1,docstructbench_dianzishu_zhongwenzaixian-o.O-60403612.pdf_179_p179_c5,docstructbench_llm-raw-scihub-o.O-j.chroma.2005.03.134.pdf_6_p6_c2",1,True,1.0
What was the water flux achieved at the constant pump speed?,1,docstructbench_llm-raw-scihub-o.O-bf00151572.pdf_3_p3_c3,docstructbench_llm-raw-scihub-o.O-bf00151572.pdf_3_p3_c3,1,True,1.0
What was the water flux achieved at the constant pump speed?,3,docstructbench_llm-raw-scihub-o.O-bf00151572.pdf_3_p3_c3,"docstructbench_llm-raw-scihub-o.O-bf00151572.pdf_3_p3_c3,docstructbench_llm-raw-scihub-o.O-bf00151572.pdf_3_p3_c2,docstructbench_llm-raw-scihub-o.O-j.chroma.2005.05.085.pdf_4_p4_c6",1,True,1.0
What was the water flux achieved at the constant pump speed?,5,docstructbench_llm-raw-scihub-o.O-bf00151572.pdf_3_p3_c3,"docstructbench_llm-raw-scihub-o.O-bf00151572.pdf_3_p3_c3,docstructbench_llm-raw-scihub-o.O-bf00151572.pdf_3_p3_c2,docstructbench_llm-raw-scihub-o.O-j.chroma.2005.05.085.pdf_4_p4_c6,docstructbench_llm-raw-scihub-o.O-j.chroma.2005.05.085.pdf_4_p4_c5,docstructbench_llm-raw-scihub-o.O-s00348-006-0169-y.pdf_2_p2_c8",1,True,1.0
"What is the definition of B[u,v] given in the document fragment?",1,jiaocaineedrop_Evans_PDE_Solution_Chapter_6_Second-Order_Elliptic_Equations.pdf_5_p5_c0,jiaocaineedrop_Evans_PDE_Solution_Chapter_6_Second-Order_Elliptic_Equations.pdf_5_p5_c1,0,False,0.0
"What is the definition of B[u,v] given in the document fragment?",3,jiaocaineedrop_Evans_PDE_Solution_Chapter_6_Second-Order_Elliptic_Equations.pdf_5_p5_c0,"jiaocaineedrop_Evans_PDE_Solution_Chapter_6_Second-Order_Elliptic_Equations.pdf_5_p5_c1,jiaocaineedrop_Evans_PDE_Solution_Chapter_6_Second-Order_Elliptic_Equations.pdf_5_p5_c0,jiaocaineedrop_Evans_PDE_Solution_Chapter_6_Second-Order_Elliptic_Equations.pdf_5_p5_c4",2,True,1.0
"What is the definition of B[u,v] given in the document fragment?",5,jiaocaineedrop_Evans_PDE_Solution_Chapter_6_Second-Order_Elliptic_Equations.pdf_5_p5_c0,"jiaocaineedrop_Evans_PDE_Solution_Chapter_6_Second-Order_Elliptic_Equations.pdf_5_p5_c1,jiaocaineedrop_Evans_PDE_Solution_Chapter_6_Second-Order_Elliptic_Equations.pdf_5_p5_c0,jiaocaineedrop_Evans_PDE_Solution_Chapter_6_Second-Order_Elliptic_Equations.pdf_5_p5_c4,jiaocaineedrop_Evans_PDE_Solution_Chapter_6_Second-Order_Elliptic_Equations.pdf_5_p5_c3,PPT_StewartCalcET7e_03_02_page_007_p7_c1",2,True,1.0
Why is the product of two $ H^1 $ functions not considered in the proof?,1,jiaocaineedrop_Evans_PDE_Solution_Chapter_6_Second-Order_Elliptic_Equations.pdf_5_p5_c2,jiaocaineedrop_Evans_PDE_Solution_Chapter_6_Second-Order_Elliptic_Equations.pdf_5_p5_c1,0,False,0.0
Why is the product of two $ H^1 $ functions not considered in the proof?,3,jiaocaineedrop_Evans_PDE_Solution_Chapter_6_Second-Order_Elliptic_Equations.pdf_5_p5_c2,"jiaocaineedrop_Evans_PDE_Solution_Chapter_6_Second-Order_Elliptic_Equations.pdf_5_p5_c1,jiaocaineedrop_Evans_PDE_Solution_Chapter_6_Second-Order_Elliptic_Equations.pdf_5_p5_c2,jiaocaineedrop_Evans_PDE_Solution_Chapter_6_Second-Order_Elliptic_Equations.pdf_5_p5_c0",2,True,1.0
Why is the product of two $ H^1 $ functions not considered in the proof?,5,jiaocaineedrop_Evans_PDE_Solution_Chapter_6_Second-Order_Elliptic_Equations.pdf_5_p5_c2,"jiaocaineedrop_Evans_PDE_Solution_Chapter_6_Second-Order_Elliptic_Equations.pdf_5_p5_c1,jiaocaineedrop_Evans_PDE_Solution_Chapter_6_Second-Order_Elliptic_Equations.pdf_5_p5_c2,jiaocaineedrop_Evans_PDE_Solution_Chapter_6_Second-Order_Elliptic_Equations.pdf_5_p5_c0,exam_paper_en-file-putnam-archive_2016_Solutions_2016s_page_002_p2_c5,exam_paper_en-file-putnam-archive_2011_Solutions_2011s_page_002_p2_c1",2,True,1.0
What is the group of complex-valued characters of G called?,1,exam_paper_en-file-putnam-archive_2011_Solutions_2011s_page_002_p2_c3,exam_paper_en-file-putnam-archive_2011_Solutions_2011s_page_002_p2_c3,1,True,1.0
What is the group of complex-valued characters of G called?,3,exam_paper_en-file-putnam-archive_2011_Solutions_2011s_page_002_p2_c3,"exam_paper_en-file-putnam-archive_2011_Solutions_2011s_page_002_p2_c3,exam_paper_en-file-putnam-archive_2011_Solutions_2011s_page_002_p2_c4,exam_paper_en-file-putnam-archive_2011_Solutions_2011s_page_002_p2_c6",1,True,1.0
What is the group of complex-valued characters of G called?,5,exam_paper_en-file-putnam-archive_2011_Solutions_2011s_page_002_p2_c3,"exam_paper_en-file-putnam-archive_2011_Solutions_2011s_page_002_p2_c3,exam_paper_en-file-putnam-archive_2011_Solutions_2011s_page_002_p2_c4,exam_paper_en-file-putnam-archive_2011_Solutions_2011s_page_002_p2_c6,exam_paper_en-file-putnam-archive_2011_Solutions_2011s_page_002_p2_c8,newspaper_The Wall Street Journal - 2025-01-08@magazinesclubnew_page_018_p18_c3",1,True,1.0
What is the value of $ \lambda_{\hat{e}} $?,1,exam_paper_en-file-putnam-archive_2011_Solutions_2011s_page_002_p2_c4,exam_paper_en-file-putnam-archive_2011_Solutions_2011s_page_002_p2_c4,1,True,1.0
What is the value of $ \lambda_{\hat{e}} $?,3,exam_paper_en-file-putnam-archive_2011_Solutions_2011s_page_002_p2_c4,"exam_paper_en-file-putnam-archive_2011_Solutions_2011s_page_002_p2_c4,exam_paper_en-file-putnam-archive_2011_Solutions_2011s_page_002_p2_c5,exam_paper_en-file-putnam-archive_2011_Solutions_2011s_page_002_p2_c6",1,True,1.0
What is the value of $ \lambda_{\hat{e}} $?,5,exam_paper_en-file-putnam-archive_2011_Solutions_2011s_page_002_p2_c4,"exam_paper_en-file-putnam-archive_2011_Solutions_2011s_page_002_p2_c4,exam_paper_en-file-putnam-archive_2011_Solutions_2011s_page_002_p2_c5,exam_paper_en-file-putnam-archive_2011_Solutions_2011s_page_002_p2_c6,exam_paper_en-file-putnam-archive_2011_Solutions_2011s_page_002_p2_c7,docstructbench_dianzishu_zhongwenzaixian-o.O-60403612.pdf_179_p179_c0",1,True,1.0
"What is the value of b shown to be in (0,1)?",1,exam_paper_en-file-putnam-archive_2011_Solutions_2011s_page_002_p2_c5,exam_paper_en-file-putnam-archive_2011_Solutions_2011s_page_002_p2_c5,1,True,1.0
"What is the value of b shown to be in (0,1)?",3,exam_paper_en-file-putnam-archive_2011_Solutions_2011s_page_002_p2_c5,"exam_paper_en-file-putnam-archive_2011_Solutions_2011s_page_002_p2_c5,exam_paper_en-file-putnam-archive_2011_Solutions_2011s_page_002_p2_c4,exam_paper_en-file-putnam-archive_1999_Solutions_1999s_page_002_p2_c4",1,True,1.0
"What is the value of b shown to be in (0,1)?",5,exam_paper_en-file-putnam-archive_2011_Solutions_2011s_page_002_p2_c5,"exam_paper_en-file-putnam-archive_2011_Solutions_2011s_page_002_p2_c5,exam_paper_en-file-putnam-archive_2011_Solutions_2011s_page_002_p2_c4,exam_paper_en-file-putnam-archive_1999_Solutions_1999s_page_002_p2_c4,exam_paper_en-file-putnam-archive_1999_Solutions_1999s_page_002_p2_c3,exam_paper_en-file-putnam-archive_2012_Solutions_2012s_page_001_p1_c3",1,True,1.0
What is the result of the contradiction in the first paragraph?,1,exam_paper_en-file-putnam-archive_2011_Solutions_2011s_page_002_p2_c6,exam_paper_en-file-putnam-archive_2011_Solutions_2011s_page_002_p2_c6,1,True,1.0
What is the result of the contradiction in the first paragraph?,3,exam_paper_en-file-putnam-archive_2011_Solutions_2011s_page_002_p2_c6,"exam_paper_en-file-putnam-archive_2011_Solutions_2011s_page_002_p2_c6,jiaocaineedrop_jiaocai_needrop_en_155_p155_c0,jiaocaineedrop_jiaocai_needrop_en_2884_p2884_c1",1,True,1.0
What is the result of the contradiction in the first paragraph?,5,exam_paper_en-file-putnam-archive_2011_Solutions_2011s_page_002_p2_c6,"exam_paper_en-file-putnam-archive_2011_Solutions_2011s_page_002_p2_c6,jiaocaineedrop_jiaocai_needrop_en_155_p155_c0,jiaocaineedrop_jiaocai_needrop_en_2884_p2884_c1,jiaocaineedrop_jiaocai_needrop_en_1836_p1836_c2,exam_paper_en-file-putnam-archive_1995_Solutions_1995s_page_002_p2_c9",1,True,1.0
What is the result of the limit expression rewritten as?,1,exam_paper_en-file-putnam-archive_2011_Solutions_2011s_page_002_p2_c7,exam_paper_en-file-putnam-archive_2011_Solutions_2011s_page_002_p2_c7,1,True,1.0
What is the result of the limit expression rewritten as?,3,exam_paper_en-file-putnam-archive_2011_Solutions_2011s_page_002_p2_c7,"exam_paper_en-file-putnam-archive_2011_Solutions_2011s_page_002_p2_c7,exam_paper_en-file-putnam-archive_1995_Solutions_1995s_page_002_p2_c9,exam_paper_en-file-putnam-archive_1995_Solutions_1995s_page_002_p2_c4",1,True,1.0
What is the result of the limit expression rewritten as?,5,exam_paper_en-file-putnam-archive_2011_Solutions_2011s_page_002_p2_c7,"exam_paper_en-file-putnam-archive_2011_Solutions_2011s_page_002_p2_c7,exam_paper_en-file-putnam-archive_1995_Solutions_1995s_page_002_p2_c9,exam_paper_en-file-putnam-archive_1995_Solutions_1995s_page_002_p2_c4,docstructbench_llm-raw-scihub-o.O-j.chroma.2005.05.085.pdf_4_p4_c7,docstructbench_llm-raw-scihub-o.O-j.chroma.2005.05.085.pdf_4_p4_c6",1,True,1.0
What is the example given where the result fails if $ g_1 = e $ is not assumed?,1,exam_paper_en-file-putnam-archive_2011_Solutions_2011s_page_002_p2_c8,exam_paper_en-file-putnam-archive_2011_Solutions_2011s_page_002_p2_c8,1,True,1.0
What is the example given where the result fails if $ g_1 = e $ is not assumed?,3,exam_paper_en-file-putnam-archive_2011_Solutions_2011s_page_002_p2_c8,"exam_paper_en-file-putnam-archive_2011_Solutions_2011s_page_002_p2_c8,exam_paper_en-file-putnam-archive_2011_Solutions_2011s_page_002_p2_c7,exam_paper_en-file-putnam-archive_2011_Solutions_2011s_page_002_p2_c6",1,True,1.0
What is the example given where the result fails if $ g_1 = e $ is not assumed?,5,exam_paper_en-file-putnam-archive_2011_Solutions_2011s_page_002_p2_c8,"exam_paper_en-file-putnam-archive_2011_Solutions_2011s_page_002_p2_c8,exam_paper_en-file-putnam-archive_2011_Solutions_2011s_page_002_p2_c7,exam_paper_en-file-putnam-archive_2011_Solutions_2011s_page_002_p2_c6,exam_paper_en-file-putnam-archive_2011_Solutions_2011s_page_002_p2_c5,exam_paper_en-file-putnam-archive_2011_Solutions_2011s_page_002_p2_c3",1,True,1.0
What is the condition for the sequence of vectors $ M^{m}v $ to converge to a limit w?,1,exam_paper_en-file-putnam-archive_2011_Solutions_2011s_page_002_p2_c9,exam_paper_en-file-putnam-archive_2011_Solutions_2011s_page_002_p2_c9,1,True,1.0
What is the condition for the sequence of vectors $ M^{m}v $ to converge to a limit w?,3,exam_paper_en-file-putnam-archive_2011_Solutions_2011s_page_002_p2_c9,"exam_paper_en-file-putnam-archive_2011_Solutions_2011s_page_002_p2_c9,exam_paper_en-file-putnam-archive_2011_Solutions_2011s_page_002_p2_c7,exam_paper_en-file-putnam-archive_2011_Solutions_2011s_page_002_p2_c3",1,True,1.0
What is the condition for the sequence of vectors $ M^{m}v $ to converge to a limit w?,5,exam_paper_en-file-putnam-archive_2011_Solutions_2011s_page_002_p2_c9,"exam_paper_en-file-putnam-archive_2011_Solutions_2011s_page_002_p2_c9,exam_paper_en-file-putnam-archive_2011_Solutions_2011s_page_002_p2_c7,exam_paper_en-file-putnam-archive_2011_Solutions_2011s_page_002_p2_c3,jiaocaineedrop_Evans_PDE_Solution_Chapter_6_Second-Order_Elliptic_Equations.pdf_5_p5_c4,exam_paper_en-file-putnam-archive_2006_Solutions_2006s_page_006_p6_c7",1,True,1.0
What is the P/B ratio for the year 2025E?,1,yanbaopptmerge_51e549c0d1a2669ac976409fcf99ce91908b1e0a07f0fc70d92263abf6d07f18.pdf_1_p1_c0,yanbaopptmerge_51e549c0d1a2669ac976409fcf99ce91908b1e0a07f0fc70d92263abf6d07f18.pdf_1_p1_c0,1,True,1.0
What is the P/B ratio for the year 2025E?,3,yanbaopptmerge_51e549c0d1a2669ac976409fcf99ce91908b1e0a07f0fc70d92263abf6d07f18.pdf_1_p1_c0,"yanbaopptmerge_51e549c0d1a2669ac976409fcf99ce91908b1e0a07f0fc70d92263abf6d07f18.pdf_1_p1_c0,yanbaopptmerge_ee19df4a08e3d07ac1190446f5b3dd3f25438c661b87cf4fbb9040ac5fac443b.pdf_1_p1_c1,yanbaopptmerge_51e549c0d1a2669ac976409fcf99ce91908b1e0a07f0fc70d92263abf6d07f18.pdf_1_p1_c1",1,True,1.0
What is the P/B ratio for the year 2025E?,5,yanbaopptmerge_51e549c0d1a2669ac976409fcf99ce91908b1e0a07f0fc70d92263abf6d07f18.pdf_1_p1_c0,"yanbaopptmerge_51e549c0d1a2669ac976409fcf99ce91908b1e0a07f0fc70d92263abf6d07f18.pdf_1_p1_c0,yanbaopptmerge_ee19df4a08e3d07ac1190446f5b3dd3f25438c661b87cf4fbb9040ac5fac443b.pdf_1_p1_c1,yanbaopptmerge_51e549c0d1a2669ac976409fcf99ce91908b1e0a07f0fc70d92263abf6d07f18.pdf_1_p1_c1,yanbaopptmerge_ee19df4a08e3d07ac1190446f5b3dd3f25438c661b87cf4fbb9040ac5fac443b.pdf_1_p1_c2,yanbaopptmerge_2f4902871606698497c53ccb18d3fec2f83d05047d883cd65bbce26bfb27bcd2.pdf_1_p1_c0",1,True,1.0
What is the EV/EBITDA value for the fourth column?,1,yanbaopptmerge_51e549c0d1a2669ac976409fcf99ce91908b1e0a07f0fc70d92263abf6d07f18.pdf_1_p1_c1,yanbaopptmerge_ee19df4a08e3d07ac1190446f5b3dd3f25438c661b87cf4fbb9040ac5fac443b.pdf_1_p1_c2,0,False,0.0
What is the EV/EBITDA value for the fourth column?,3,yanbaopptmerge_51e549c0d1a2669ac976409fcf99ce91908b1e0a07f0fc70d92263abf6d07f18.pdf_1_p1_c1,"yanbaopptmerge_ee19df4a08e3d07ac1190446f5b3dd3f25438c661b87cf4fbb9040ac5fac443b.pdf_1_p1_c2,yanbaopptmerge_51e549c0d1a2669ac976409fcf99ce91908b1e0a07f0fc70d92263abf6d07f18.pdf_1_p1_c1,docstructbench_llm-raw-scihub-o.O-j.chroma.2005.05.085.pdf_4_p4_c6",2,True,1.0
What is the EV/EBITDA value for the fourth column?,5,yanbaopptmerge_51e549c0d1a2669ac976409fcf99ce91908b1e0a07f0fc70d92263abf6d07f18.pdf_1_p1_c1,"yanbaopptmerge_ee19df4a08e3d07ac1190446f5b3dd3f25438c661b87cf4fbb9040ac5fac443b.pdf_1_p1_c2,yanbaopptmerge_51e549c0d1a2669ac976409fcf99ce91908b1e0a07f0fc70d92263abf6d07f18.pdf_1_p1_c1,docstructbench_llm-raw-scihub-o.O-j.chroma.2005.05.085.pdf_4_p4_c6,yanbaopptmerge_51e549c0d1a2669ac976409fcf99ce91908b1e0a07f0fc70d92263abf6d07f18.pdf_1_p1_c0,yanbaopptmerge_ee19df4a08e3d07ac1190446f5b3dd3f25438c661b87cf4fbb9040ac5fac443b.pdf_1_p1_c1",2,True,1.0
考生在答卷前需要填写哪些信息？,1,jiaocaineedrop_96657786.pdf_0_p0_c0,jiaocaineedrop_96657786.pdf_0_p0_c0,1,True,1.0
考生在答卷前需要填写哪些信息？,3,jiaocaineedrop_96657786.pdf_0_p0_c0,"jiaocaineedrop_96657786.pdf_0_p0_c0,jiaocaineedrop_jiaocai_needrop_en_1564_p1564_c0,jiaocaineedrop_jiaocai_needrop_en_2884_p2884_c2",1,True,1.0
考生在答卷前需要填写哪些信息？,5,jiaocaineedrop_96657786.pdf_0_p0_c0,"jiaocaineedrop_96657786.pdf_0_p0_c0,jiaocaineedrop_jiaocai_needrop_en_1564_p1564_c0,jiaocaineedrop_jiaocai_needrop_en_2884_p2884_c2,jiaocaineedrop_jiaocai_needrop_en_1473_p1473_c0,jiaocaineedrop_jiaocai_needrop_en_1473_p1473_c1",1,True,1.0
What is the intersection of sets M and N?,1,jiaocaineedrop_96657786.pdf_0_p0_c1,color_textbook_教材全解1+1二年级上册英语上海牛津版_page_067_p67_c0,0,False,0.0
What is the intersection of sets M and N?,3,jiaocaineedrop_96657786.pdf_0_p0_c1,"color_textbook_教材全解1+1二年级上册英语上海牛津版_page_067_p67_c0,exam_paper_en-file-putnam-archive_1998_Solutions_1998s_page_002_p2_c2,exam_paper_en-file-putnam-archive_1998_Solutions_1998s_page_002_p2_c3",0,False,0.0
What is the intersection of sets M and N?,5,jiaocaineedrop_96657786.pdf_0_p0_c1,"color_textbook_教材全解1+1二年级上册英语上海牛津版_page_067_p67_c0,exam_paper_en-file-putnam-archive_1998_Solutions_1998s_page_002_p2_c2,exam_paper_en-file-putnam-archive_1998_Solutions_1998s_page_002_p2_c3,exam_paper_en-file-putnam-archive_1998_Solutions_1998s_page_002_p2_c5,exam_paper_en-file-putnam-archive_2012_Solutions_2012s_page_001_p1_c7",0,False,0.0
What is the value of $ \frac{\sqrt{2}}{2} $?,1,jiaocaineedrop_96657786.pdf_0_p0_c3,jiaocaineedrop_96657786.pdf_0_p0_c3,1,True,1.0
What is the value of $ \frac{\sqrt{2}}{2} $?,3,jiaocaineedrop_96657786.pdf_0_p0_c3,"jiaocaineedrop_96657786.pdf_0_p0_c3,jiaocaineedrop_96657786.pdf_0_p0_c5,jiaocaineedrop_jiaocai_needrop_en_1564_p1564_c4",1,True,1.0
What is the value of $ \frac{\sqrt{2}}{2} $?,5,jiaocaineedrop_96657786.pdf_0_p0_c3,"jiaocaineedrop_96657786.pdf_0_p0_c3,jiaocaineedrop_96657786.pdf_0_p0_c5,jiaocaineedrop_jiaocai_needrop_en_1564_p1564_c4,jiaocaineedrop_jiaocai_needrop_en_1473_p1473_c0,jiaocaineedrop_jiaocai_needrop_en_1564_p1564_c5",1,True,1.0
Which options are correct answers according to the provided answer?,1,jiaocaineedrop_96657786.pdf_0_p0_c5,jiaocaineedrop_Chapter9.pdf_46_p46_c0,0,False,0.0
Which options are correct answers according to the provided answer?,3,jiaocaineedrop_96657786.pdf_0_p0_c5,"jiaocaineedrop_Chapter9.pdf_46_p46_c0,jiaocaineedrop_96657786.pdf_0_p0_c3,exam_paper_2016年安徽省中考英语试题（解析）_page_003_p3_c1",0,False,0.0
Which options are correct answers according to the provided answer?,5,jiaocaineedrop_96657786.pdf_0_p0_c5,"jiaocaineedrop_Chapter9.pdf_46_p46_c0,jiaocaineedrop_96657786.pdf_0_p0_c3,exam_paper_2016年安徽省中考英语试题（解析）_page_003_p3_c1,jiaocaineedrop_jiaocai_needrop_en_1564_p1564_c1,exam_paper_2004-2019上海高考英语听力原文和答案_page_017_p17_c2",0,False,0.0
Which company is listed under the letter F in the Business & Finance section?,1,newspaper_The Wall Street Journal - 2025-01-08@magazinesclubnew_page_018_p18_c0,newspaper_The Wall Street Journal - 2025-01-08@magazinesclubnew_page_018_p18_c1,0,False,0.0
Which company is listed under the letter F in the Business & Finance section?,3,newspaper_The Wall Street Journal - 2025-01-08@magazinesclubnew_page_018_p18_c0,"newspaper_The Wall Street Journal - 2025-01-08@magazinesclubnew_page_018_p18_c1,newspaper_The Wall Street Journal - 2025-01-08@magazinesclubnew_page_018_p18_c0,yanbaopptmerge_baa6d02928efcac46ccf7dfd3859de565cfb0bea918ae0ec0eed50944a7c20b4.pdf_11_p11_c2",2,True,1.0
Which company is listed under the letter F in the Business & Finance section?,5,newspaper_The Wall Street Journal - 2025-01-08@magazinesclubnew_page_018_p18_c0,"newspaper_The Wall Street Journal - 2025-01-08@magazinesclubnew_page_018_p18_c1,newspaper_The Wall Street Journal - 2025-01-08@magazinesclubnew_page_018_p18_c0,yanbaopptmerge_baa6d02928efcac46ccf7dfd3859de565cfb0bea918ae0ec0eed50944a7c20b4.pdf_11_p11_c2,yanbaopptmerge_2f4902871606698497c53ccb18d3fec2f83d05047d883cd65bbce26bfb27bcd2.pdf_1_p1_c3,yanbaopptmerge_2f4902871606698497c53ccb18d3fec2f83d05047d883cd65bbce26bfb27bcd2.pdf_1_p1_c0",2,True,1.0
Which company is listed under the letter J in the document fragment?,1,newspaper_The Wall Street Journal - 2025-01-08@magazinesclubnew_page_018_p18_c1,newspaper_The Wall Street Journal - 2025-01-08@magazinesclubnew_page_018_p18_c1,1,True,1.0
Which company is listed under the letter J in the document fragment?,3,newspaper_The Wall Street Journal - 2025-01-08@magazinesclubnew_page_018_p18_c1,"newspaper_The Wall Street Journal - 2025-01-08@magazinesclubnew_page_018_p18_c1,newspaper_The Wall Street Journal - 2025-01-08@magazinesclubnew_page_018_p18_c0,yanbaopptmerge_2f4902871606698497c53ccb18d3fec2f83d05047d883cd65bbce26bfb27bcd2.pdf_1_p1_c0",1,True,1.0
Which company is listed under the letter J in the document fragment?,5,newspaper_The Wall Street Journal - 2025-01-08@magazinesclubnew_page_018_p18_c1,"newspaper_The Wall Street Journal - 2025-01-08@magazinesclubnew_page_018_p18_c1,newspaper_The Wall Street Journal - 2025-01-08@magazinesclubnew_page_018_p18_c0,yanbaopptmerge_2f4902871606698497c53ccb18d3fec2f83d05047d883cd65bbce26bfb27bcd2.pdf_1_p1_c0,yanbaopptmerge_baa6d02928efcac46ccf7dfd3859de565cfb0bea918ae0ec0eed50944a7c20b4.pdf_11_p11_c2,eastmoney_dd8f39ced2188b907304224a635ad605689270486020c34636003e57018c01d8.pdf_2_p2_c2",1,True,1.0
Which person is associated with B1?,1,newspaper_The Wall Street Journal - 2025-01-08@magazinesclubnew_page_018_p18_c2,newspaper_The Wall Street Journal - 2025-01-08@magazinesclubnew_page_018_p18_c3,0,False,0.0
Which person is associated with B1?,3,newspaper_The Wall Street Journal - 2025-01-08@magazinesclubnew_page_018_p18_c2,"newspaper_The Wall Street Journal - 2025-01-08@magazinesclubnew_page_018_p18_c3,newspaper_The Wall Street Journal - 2025-01-08@magazinesclubnew_page_018_p18_c2,newspaper_The Wall Street Journal - 2025-01-08@magazinesclubnew_page_018_p18_c1",2,True,1.0
Which person is associated with B1?,5,newspaper_The Wall Street Journal - 2025-01-08@magazinesclubnew_page_018_p18_c2,"newspaper_The Wall Street Journal - 2025-01-08@magazinesclubnew_page_018_p18_c3,newspaper_The Wall Street Journal - 2025-01-08@magazinesclubnew_page_018_p18_c2,newspaper_The Wall Street Journal - 2025-01-08@magazinesclubnew_page_018_p18_c1,newspaper_The Wall Street Journal - 2025-01-08@magazinesclubnew_page_018_p18_c0,newspaper_The Globe and Mail - 2025-1-8@magazinesclubnew_page_027_p27_c0",2,True,1.0
Who is listed under the P-Q section?,1,newspaper_The Wall Street Journal - 2025-01-08@magazinesclubnew_page_018_p18_c3,newspaper_The Wall Street Journal - 2025-01-08@magazinesclubnew_page_018_p18_c3,1,True,1.0
Who is listed under the P-Q section?,3,newspaper_The Wall Street Journal - 2025-01-08@magazinesclubnew_page_018_p18_c3,"newspaper_The Wall Street Journal - 2025-01-08@magazinesclubnew_page_018_p18_c3,newspaper_0b1bb8d03b4287eb95f67b68c2cf9f92_1_p1_c39,newspaper_The Globe and Mail - 2025-1-8@magazinesclubnew_page_014_p14_c13",1,True,1.0
Who is listed under the P-Q section?,5,newspaper_The Wall Street Journal - 2025-01-08@magazinesclubnew_page_018_p18_c3,"newspaper_The Wall Street Journal - 2025-01-08@magazinesclubnew_page_018_p18_c3,newspaper_0b1bb8d03b4287eb95f67b68c2cf9f92_1_p1_c39,newspaper_The Globe and Mail - 2025-1-8@magazinesclubnew_page_014_p14_c13,book_en_国外数学教材-数论-Melvyn B. Nathanson—Elementary Methods in Number Theory_0119_p119_c0,newspaper_The Wall Street Journal - 2025-01-08@magazinesclubnew_page_018_p18_c2",1,True,1.0
What is the fee for heavy-duty trucks?,1,newspaper_The Wall Street Journal - 2025-01-08@magazinesclubnew_page_018_p18_c4,newspaper_The Wall Street Journal - 2025-01-08@magazinesclubnew_page_018_p18_c4,1,True,1.0
What is the fee for heavy-duty trucks?,3,newspaper_The Wall Street Journal - 2025-01-08@magazinesclubnew_page_018_p18_c4,"newspaper_The Wall Street Journal - 2025-01-08@magazinesclubnew_page_018_p18_c4,newspaper_The Wall Street Journal - 2025-01-08@magazinesclubnew_page_018_p18_c8,eastmoney_7c25f92e2ab21d83e1eada0e40a68e3151e7c1c2d673ddb12b0242fa3ab931ab.pdf_13_p13_c2",1,True,1.0
What is the fee for heavy-duty trucks?,5,newspaper_The Wall Street Journal - 2025-01-08@magazinesclubnew_page_018_p18_c4,"newspaper_The Wall Street Journal - 2025-01-08@magazinesclubnew_page_018_p18_c4,newspaper_The Wall Street Journal - 2025-01-08@magazinesclubnew_page_018_p18_c8,eastmoney_7c25f92e2ab21d83e1eada0e40a68e3151e7c1c2d673ddb12b0242fa3ab931ab.pdf_13_p13_c2,newspaper_The Wall Street Journal - 2025-01-08@magazinesclubnew_page_018_p18_c5,yanbaopptmerge_2f4902871606698497c53ccb18d3fec2f83d05047d883cd65bbce26bfb27bcd2.pdf_1_p1_c2",1,True,1.0
What is the fee charged each time truckers enter Manhattan south of 60th Street between 5 a.m. and 9 p.m. on weekdays?,1,newspaper_The Wall Street Journal - 2025-01-08@magazinesclubnew_page_018_p18_c5,newspaper_The Wall Street Journal - 2025-01-08@magazinesclubnew_page_018_p18_c5,1,True,1.0
What is the fee charged each time truckers enter Manhattan south of 60th Street between 5 a.m. and 9 p.m. on weekdays?,3,newspaper_The Wall Street Journal - 2025-01-08@magazinesclubnew_page_018_p18_c5,"newspaper_The Wall Street Journal - 2025-01-08@magazinesclubnew_page_018_p18_c5,newspaper_The Wall Street Journal - 2025-01-08@magazinesclubnew_page_018_p18_c8,newspaper_The Wall Street Journal - 2025-01-08@magazinesclubnew_page_018_p18_c4",1,True,1.0
What is the fee charged each time truckers enter Manhattan south of 60th Street between 5 a.m. and 9 p.m. on weekdays?,5,newspaper_The Wall Street Journal - 2025-01-08@magazinesclubnew_page_018_p18_c5,"newspaper_The Wall Street Journal - 2025-01-08@magazinesclubnew_page_018_p18_c5,newspaper_The Wall Street Journal - 2025-01-08@magazinesclubnew_page_018_p18_c8,newspaper_The Wall Street Journal - 2025-01-08@magazinesclubnew_page_018_p18_c4,newspaper_The Wall Street Journal - 2025-01-08@magazinesclubnew_page_018_p18_c6,newspaper_The Wall Street Journal - 2025-01-08@magazinesclubnew_page_018_p18_c7",1,True,1.0
What is the impact of the charges on suppliers according to Andrew Rigie?,1,newspaper_The Wall Street Journal - 2025-01-08@magazinesclubnew_page_018_p18_c6,newspaper_The Wall Street Journal - 2025-01-08@magazinesclubnew_page_018_p18_c6,1,True,1.0
What is the impact of the charges on suppliers according to Andrew Rigie?,3,newspaper_The Wall Street Journal - 2025-01-08@magazinesclubnew_page_018_p18_c6,"newspaper_The Wall Street Journal - 2025-01-08@magazinesclubnew_page_018_p18_c6,yanbaor2_930d8c81854d7450cd35af7b050fed88e4e461b4f0ac0dab07e3232a4e703a06.pdf_14_p14_c4,newspaper_The Wall Street Journal - 2025-01-08@magazinesclubnew_page_018_p18_c5",1,True,1.0
What is the impact of the charges on suppliers according to Andrew Rigie?,5,newspaper_The Wall Street Journal - 2025-01-08@magazinesclubnew_page_018_p18_c6,"newspaper_The Wall Street Journal - 2025-01-08@magazinesclubnew_page_018_p18_c6,yanbaor2_930d8c81854d7450cd35af7b050fed88e4e461b4f0ac0dab07e3232a4e703a06.pdf_14_p14_c4,newspaper_The Wall Street Journal - 2025-01-08@magazinesclubnew_page_018_p18_c5,newspaper_The Globe and Mail - 2025-1-8@magazinesclubnew_page_018_p18_c7,newspaper_The Wall Street Journal - 2025-01-08@magazinesclubnew_page_018_p18_c10",1,True,1.0
What is the average number of deliveries and pickups per day for A. Duie Pyle's drivers in New York City?,1,newspaper_The Wall Street Journal - 2025-01-08@magazinesclubnew_page_018_p18_c7,newspaper_The Wall Street Journal - 2025-01-08@magazinesclubnew_page_018_p18_c7,1,True,1.0
What is the average number of deliveries and pickups per day for A. Duie Pyle's drivers in New York City?,3,newspaper_The Wall Street Journal - 2025-01-08@magazinesclubnew_page_018_p18_c7,"newspaper_The Wall Street Journal - 2025-01-08@magazinesclubnew_page_018_p18_c7,newspaper_The Wall Street Journal - 2025-01-08@magazinesclubnew_page_018_p18_c6,magazine_TheEconomist.2023.12.23_page_012_p12_c4",1,True,1.0
What is the average number of deliveries and pickups per day for A. Duie Pyle's drivers in New York City?,5,newspaper_The Wall Street Journal - 2025-01-08@magazinesclubnew_page_018_p18_c7,"newspaper_The Wall Street Journal - 2025-01-08@magazinesclubnew_page_018_p18_c7,newspaper_The Wall Street Journal - 2025-01-08@magazinesclubnew_page_018_p18_c6,magazine_TheEconomist.2023.12.23_page_012_p12_c4,newspaper_The Globe and Mail - 2025-1-8@magazinesclubnew_page_014_p14_c5,newspaper_The Globe and Mail - 2025-1-8@magazinesclubnew_page_014_p14_c9",1,True,1.0
What is the congestion toll for heavy-duty trucks during off-peak hours?,1,newspaper_The Wall Street Journal - 2025-01-08@magazinesclubnew_page_018_p18_c8,newspaper_The Wall Street Journal - 2025-01-08@magazinesclubnew_page_018_p18_c8,1,True,1.0
What is the congestion toll for heavy-duty trucks during off-peak hours?,3,newspaper_The Wall Street Journal - 2025-01-08@magazinesclubnew_page_018_p18_c8,"newspaper_The Wall Street Journal - 2025-01-08@magazinesclubnew_page_018_p18_c8,newspaper_The Wall Street Journal - 2025-01-08@magazinesclubnew_page_018_p18_c5,newspaper_The Globe and Mail - 2025-1-8@magazinesclubnew_page_014_p14_c3",1,True,1.0
What is the congestion toll for heavy-duty trucks during off-peak hours?,5,newspaper_The Wall Street Journal - 2025-01-08@magazinesclubnew_page_018_p18_c8,"newspaper_The Wall Street Journal - 2025-01-08@magazinesclubnew_page_018_p18_c8,newspaper_The Wall Street Journal - 2025-01-08@magazinesclubnew_page_018_p18_c5,newspaper_The Globe and Mail - 2025-1-8@magazinesclubnew_page_014_p14_c3,newspaper_The Wall Street Journal - 2025-01-08@magazinesclubnew_page_018_p18_c4,newspaper_The Globe and Mail - 2025-1-8@magazinesclubnew_page_014_p14_c15",1,True,1.0
Which official was appointed by President Biden to increase enforcement levels at the Federal Trade Commission?,1,newspaper_The Wall Street Journal - 2025-01-08@magazinesclubnew_page_018_p18_c9,newspaper_The Wall Street Journal - 2025-01-08@magazinesclubnew_page_018_p18_c9,1,True,1.0
Which official was appointed by President Biden to increase enforcement levels at the Federal Trade Commission?,3,newspaper_The Wall Street Journal - 2025-01-08@magazinesclubnew_page_018_p18_c9,"newspaper_The Wall Street Journal - 2025-01-08@magazinesclubnew_page_018_p18_c9,newspaper_The Wall Street Journal - 2025-01-08@magazinesclubnew_page_018_p18_c12,newspaper_The Wall Street Journal - 2025-01-08@magazinesclubnew_page_018_p18_c13",1,True,1.0
Which official was appointed by President Biden to increase enforcement levels at the Federal Trade Commission?,5,newspaper_The Wall Street Journal - 2025-01-08@magazinesclubnew_page_018_p18_c9,"newspaper_The Wall Street Journal - 2025-01-08@magazinesclubnew_page_018_p18_c9,newspaper_The Wall Street Journal - 2025-01-08@magazinesclubnew_page_018_p18_c12,newspaper_The Wall Street Journal - 2025-01-08@magazinesclubnew_page_018_p18_c13,newspaper_fe5ed29024932fad071afc53807b16ba_1_p1_c2,newspaper_The Globe and Mail - 2025-1-8@magazinesclubnew_page_018_p18_c7",1,True,1.0
What is the expected impact of the new administration on antitrust litigators' work?,1,newspaper_The Wall Street Journal - 2025-01-08@magazinesclubnew_page_018_p18_c10,newspaper_The Wall Street Journal - 2025-01-08@magazinesclubnew_page_018_p18_c9,0,False,0.0
What is the expected impact of the new administration on antitrust litigators' work?,3,newspaper_The Wall Street Journal - 2025-01-08@magazinesclubnew_page_018_p18_c10,"newspaper_The Wall Street Journal - 2025-01-08@magazinesclubnew_page_018_p18_c9,newspaper_The Wall Street Journal - 2025-01-08@magazinesclubnew_page_018_p18_c10,newspaper_The Wall Street Journal - 2025-01-08@magazinesclubnew_page_018_p18_c12",2,True,1.0
What is the expected impact of the new administration on antitrust litigators' work?,5,newspaper_The Wall Street Journal - 2025-01-08@magazinesclubnew_page_018_p18_c10,"newspaper_The Wall Street Journal - 2025-01-08@magazinesclubnew_page_018_p18_c9,newspaper_The Wall Street Journal - 2025-01-08@magazinesclubnew_page_018_p18_c10,newspaper_The Wall Street Journal - 2025-01-08@magazinesclubnew_page_018_p18_c12,magazine_TheEconomist.2024.03.09_page_064_p64_c8,newspaper_The Wall Street Journal - 2025-01-08@magazinesclubnew_page_018_p18_c13",2,True,1.0
What is the name of the task force created by Seyfarth Shaw in 2023?,1,newspaper_The Wall Street Journal - 2025-01-08@magazinesclubnew_page_018_p18_c11,newspaper_The Wall Street Journal - 2025-01-08@magazinesclubnew_page_018_p18_c11,1,True,1.0
What is the name of the task force created by Seyfarth Shaw in 2023?,3,newspaper_The Wall Street Journal - 2025-01-08@magazinesclubnew_page_018_p18_c11,"newspaper_The Wall Street Journal - 2025-01-08@magazinesclubnew_page_018_p18_c11,newspaper_The Wall Street Journal - 2025-01-08@magazinesclubnew_page_018_p18_c13,magazine_TheEconomist.2023.12.23_page_012_p12_c4",1,True,1.0
What is the name of the task force created by Seyfarth Shaw in 2023?,5,newspaper_The Wall Street Journal - 2025-01-08@magazinesclubnew_page_018_p18_c11,"newspaper_The Wall Street Journal - 2025-01-08@magazinesclubnew_page_018_p18_c11,newspaper_The Wall Street Journal - 2025-01-08@magazinesclubnew_page_018_p18_c13,magazine_TheEconomist.2023.12.23_page_012_p12_c4,magazine_TheEconomist.2024.03.02_page_032_p32_c5,yanbaor2_bfe5f11c4ad2e94d966ef6801dc992816f42c9150e2be42b008c95f59713e901.pdf_139_p139_c1",1,True,1.0
Which firm partner mentioned promoting diversity and inclusion in the workplace?,1,newspaper_The Wall Street Journal - 2025-01-08@magazinesclubnew_page_018_p18_c12,newspaper_The Wall Street Journal - 2025-01-08@magazinesclubnew_page_018_p18_c12,1,True,1.0
Which firm partner mentioned promoting diversity and inclusion in the workplace?,3,newspaper_The Wall Street Journal - 2025-01-08@magazinesclubnew_page_018_p18_c12,"newspaper_The Wall Street Journal - 2025-01-08@magazinesclubnew_page_018_p18_c12,newspaper_The Wall Street Journal - 2025-01-08@magazinesclubnew_page_018_p18_c11,newspaper_The Wall Street Journal - 2025-01-08@magazinesclubnew_page_018_p18_c13",1,True,1.0
Which firm partner mentioned promoting diversity and inclusion in the workplace?,5,newspaper_The Wall Street Journal - 2025-01-08@magazinesclubnew_page_018_p18_c12,"newspaper_The Wall Street Journal - 2025-01-08@magazinesclubnew_page_018_p18_c12,newspaper_The Wall Street Journal - 2025-01-08@magazinesclubnew_page_018_p18_c11,newspaper_The Wall Street Journal - 2025-01-08@magazinesclubnew_page_018_p18_c13,newspaper_The Wall Street Journal - 2025-01-08@magazinesclubnew_page_018_p18_c0,newspaper_The Wall Street Journal - 2025-01-08@magazinesclubnew_page_018_p18_c17",1,True,1.0
Which law firm was singled out for hiring the SEC's enforcement director?,1,newspaper_The Wall Street Journal - 2025-01-08@magazinesclubnew_page_018_p18_c13,newspaper_The Wall Street Journal - 2025-01-08@magazinesclubnew_page_018_p18_c13,1,True,1.0
Which law firm was singled out for hiring the SEC's enforcement director?,3,newspaper_The Wall Street Journal - 2025-01-08@magazinesclubnew_page_018_p18_c13,"newspaper_The Wall Street Journal - 2025-01-08@magazinesclubnew_page_018_p18_c13,newspaper_The Wall Street Journal - 2025-01-08@magazinesclubnew_page_018_p18_c12,newspaper_The Wall Street Journal - 2025-01-08@magazinesclubnew_page_018_p18_c10",1,True,1.0
Which law firm was singled out for hiring the SEC's enforcement director?,5,newspaper_The Wall Street Journal - 2025-01-08@magazinesclubnew_page_018_p18_c13,"newspaper_The Wall Street Journal - 2025-01-08@magazinesclubnew_page_018_p18_c13,newspaper_The Wall Street Journal - 2025-01-08@magazinesclubnew_page_018_p18_c12,newspaper_The Wall Street Journal - 2025-01-08@magazinesclubnew_page_018_p18_c10,newspaper_The Wall Street Journal - 2025-01-08@magazinesclubnew_page_018_p18_c9,newspaper_The Wall Street Journal - 2025-01-08@magazinesclubnew_page_018_p18_c17",1,True,1.0
What did Armstrong warn law firms about hiring certain individuals?,1,newspaper_The Wall Street Journal - 2025-01-08@magazinesclubnew_page_018_p18_c14,newspaper_The Wall Street Journal - 2025-01-08@magazinesclubnew_page_018_p18_c13,0,False,0.0
What did Armstrong warn law firms about hiring certain individuals?,3,newspaper_The Wall Street Journal - 2025-01-08@magazinesclubnew_page_018_p18_c14,"newspaper_The Wall Street Journal - 2025-01-08@magazinesclubnew_page_018_p18_c13,newspaper_The Wall Street Journal - 2025-01-08@magazinesclubnew_page_018_p18_c14,newspaper_The Wall Street Journal - 2025-01-08@magazinesclubnew_page_018_p18_c9",2,True,1.0
What did Armstrong warn law firms about hiring certain individuals?,5,newspaper_The Wall Street Journal - 2025-01-08@magazinesclubnew_page_018_p18_c14,"newspaper_The Wall Street Journal - 2025-01-08@magazinesclubnew_page_018_p18_c13,newspaper_The Wall Street Journal - 2025-01-08@magazinesclubnew_page_018_p18_c14,newspaper_The Wall Street Journal - 2025-01-08@magazinesclubnew_page_018_p18_c9,newspaper_The Wall Street Journal - 2025-01-08@magazinesclubnew_page_018_p18_c8,newspaper_The Wall Street Journal - 2025-01-08@magazinesclubnew_page_018_p18_c12",2,True,1.0
What is the name of the firm that has been pitching itself as particularly well placed for the coming administration?,1,newspaper_The Wall Street Journal - 2025-01-08@magazinesclubnew_page_018_p18_c15,newspaper_The Wall Street Journal - 2025-01-08@magazinesclubnew_page_018_p18_c15,1,True,1.0
What is the name of the firm that has been pitching itself as particularly well placed for the coming administration?,3,newspaper_The Wall Street Journal - 2025-01-08@magazinesclubnew_page_018_p18_c15,"newspaper_The Wall Street Journal - 2025-01-08@magazinesclubnew_page_018_p18_c15,newspaper_The Wall Street Journal - 2025-01-08@magazinesclubnew_page_018_p18_c9,newspaper_The Wall Street Journal - 2025-01-08@magazinesclubnew_page_018_p18_c10",1,True,1.0
What is the name of the firm that has been pitching itself as particularly well placed for the coming administration?,5,newspaper_The Wall Street Journal - 2025-01-08@magazinesclubnew_page_018_p18_c15,"newspaper_The Wall Street Journal - 2025-01-08@magazinesclubnew_page_018_p18_c15,newspaper_The Wall Street Journal - 2025-01-08@magazinesclubnew_page_018_p18_c9,newspaper_The Wall Street Journal - 2025-01-08@magazinesclubnew_page_018_p18_c10,newspaper_The Wall Street Journal - 2025-01-08@magazinesclubnew_page_018_p18_c16,newspaper_The Wall Street Journal - 2025-01-08@magazinesclubnew_page_018_p18_c12",1,True,1.0
Which former Rep. helped usher in tax cuts that are set to expire at the end of this year?,1,newspaper_The Wall Street Journal - 2025-01-08@magazinesclubnew_page_018_p18_c16,newspaper_The Wall Street Journal - 2025-01-08@magazinesclubnew_page_018_p18_c16,1,True,1.0
Which former Rep. helped usher in tax cuts that are set to expire at the end of this year?,3,newspaper_The Wall Street Journal - 2025-01-08@magazinesclubnew_page_018_p18_c16,"newspaper_The Wall Street Journal - 2025-01-08@magazinesclubnew_page_018_p18_c16,newspaper_The Wall Street Journal - 2025-01-08@magazinesclubnew_page_018_p18_c12,newspaper_The Globe and Mail - 2025-1-8@magazinesclubnew_page_018_p18_c7",1,True,1.0
Which former Rep. helped usher in tax cuts that are set to expire at the end of this year?,5,newspaper_The Wall Street Journal - 2025-01-08@magazinesclubnew_page_018_p18_c16,"newspaper_The Wall Street Journal - 2025-01-08@magazinesclubnew_page_018_p18_c16,newspaper_The Wall Street Journal - 2025-01-08@magazinesclubnew_page_018_p18_c12,newspaper_The Globe and Mail - 2025-1-8@magazinesclubnew_page_018_p18_c7,newspaper_The Wall Street Journal - 2025-01-08@magazinesclubnew_page_018_p18_c15,newspaper_The Wall Street Journal - 2025-01-08@magazinesclubnew_page_018_p18_c17",1,True,1.0
What is the main concern of Anthropic regarding AI safety?,1,newspaper_The Wall Street Journal - 2025-01-08@magazinesclubnew_page_018_p18_c17,newspaper_The Wall Street Journal - 2025-01-08@magazinesclubnew_page_018_p18_c17,1,True,1.0
What is the main concern of Anthropic regarding AI safety?,3,newspaper_The Wall Street Journal - 2025-01-08@magazinesclubnew_page_018_p18_c17,"newspaper_The Wall Street Journal - 2025-01-08@magazinesclubnew_page_018_p18_c17,yanbaor2_decf70a006d6f8f66725ead2f27b248a911016d258a236cefcdd26c6aff1d463.pdf_40_p40_c1,magazine_TheEconomist.2023.11.25_page_069_p69_c3",1,True,1.0
What is the main concern of Anthropic regarding AI safety?,5,newspaper_The Wall Street Journal - 2025-01-08@magazinesclubnew_page_018_p18_c17,"newspaper_The Wall Street Journal - 2025-01-08@magazinesclubnew_page_018_p18_c17,yanbaor2_decf70a006d6f8f66725ead2f27b248a911016d258a236cefcdd26c6aff1d463.pdf_40_p40_c1,magazine_TheEconomist.2023.11.25_page_069_p69_c3,newspaper_The Wall Street Journal - 2025-01-08@magazinesclubnew_page_018_p18_c18,yanbaor2_decf70a006d6f8f66725ead2f27b248a911016d258a236cefcdd26c6aff1d463.pdf_40_p40_c0",1,True,1.0
What was the total investment by Amazon.com in Anthropic since 2023?,1,newspaper_The Wall Street Journal - 2025-01-08@magazinesclubnew_page_018_p18_c18,newspaper_The Wall Street Journal - 2025-01-08@magazinesclubnew_page_018_p18_c18,1,True,1.0
What was the total investment by Amazon.com in Anthropic since 2023?,3,newspaper_The Wall Street Journal - 2025-01-08@magazinesclubnew_page_018_p18_c18,"newspaper_The Wall Street Journal - 2025-01-08@magazinesclubnew_page_018_p18_c18,newspaper_The Wall Street Journal - 2025-01-08@magazinesclubnew_page_018_p18_c17,newspaper_The Wall Street Journal - 2025-01-08@magazinesclubnew_page_018_p18_c0",1,True,1.0
What was the total investment by Amazon.com in Anthropic since 2023?,5,newspaper_The Wall Street Journal - 2025-01-08@magazinesclubnew_page_018_p18_c18,"newspaper_The Wall Street Journal - 2025-01-08@magazinesclubnew_page_018_p18_c18,newspaper_The Wall Street Journal - 2025-01-08@magazinesclubnew_page_018_p18_c17,newspaper_The Wall Street Journal - 2025-01-08@magazinesclubnew_page_018_p18_c0,magazine_TheEconomist.2023.12.23_page_012_p12_c4,magazine_TheEconomist.2023.12.23_page_012_p12_c0",1,True,1.0
What is the value of the deal GFL Environmental is selling its services business for?,1,newspaper_The Wall Street Journal - 2025-01-08@magazinesclubnew_page_018_p18_c19,newspaper_The Wall Street Journal - 2025-01-08@magazinesclubnew_page_018_p18_c19,1,True,1.0
What is the value of the deal GFL Environmental is selling its services business for?,3,newspaper_The Wall Street Journal - 2025-01-08@magazinesclubnew_page_018_p18_c19,"newspaper_The Wall Street Journal - 2025-01-08@magazinesclubnew_page_018_p18_c19,newspaper_The Wall Street Journal - 2025-01-08@magazinesclubnew_page_018_p18_c20,newspaper_The Wall Street Journal - 2025-01-08@magazinesclubnew_page_018_p18_c21",1,True,1.0
What is the value of the deal GFL Environmental is selling its services business for?,5,newspaper_The Wall Street Journal - 2025-01-08@magazinesclubnew_page_018_p18_c19,"newspaper_The Wall Street Journal - 2025-01-08@magazinesclubnew_page_018_p18_c19,newspaper_The Wall Street Journal - 2025-01-08@magazinesclubnew_page_018_p18_c20,newspaper_The Wall Street Journal - 2025-01-08@magazinesclubnew_page_018_p18_c21,magazine_TheEconomist.2023.11.18_page_071_p71_c2,newspaper_eb569707cf5621d4c71d5898216cdb17_1_p1_c7",1,True,1.0
What percentage equity interest will Apollo's funds hold in the business?,1,newspaper_The Wall Street Journal - 2025-01-08@magazinesclubnew_page_018_p18_c20,newspaper_The Wall Street Journal - 2025-01-08@magazinesclubnew_page_018_p18_c20,1,True,1.0
What percentage equity interest will Apollo's funds hold in the business?,3,newspaper_The Wall Street Journal - 2025-01-08@magazinesclubnew_page_018_p18_c20,"newspaper_The Wall Street Journal - 2025-01-08@magazinesclubnew_page_018_p18_c20,newspaper_The Wall Street Journal - 2025-01-08@magazinesclubnew_page_018_p18_c19,newspaper_The Wall Street Journal - 2025-01-08@magazinesclubnew_page_018_p18_c0",1,True,1.0
What percentage equity interest will Apollo's funds hold in the business?,5,newspaper_The Wall Street Journal - 2025-01-08@magazinesclubnew_page_018_p18_c20,"newspaper_The Wall Street Journal - 2025-01-08@magazinesclubnew_page_018_p18_c20,newspaper_The Wall Street Journal - 2025-01-08@magazinesclubnew_page_018_p18_c19,newspaper_The Wall Street Journal - 2025-01-08@magazinesclubnew_page_018_p18_c0,yanbaopptmerge_ee19df4a08e3d07ac1190446f5b3dd3f25438c661b87cf4fbb9040ac5fac443b.pdf_1_p1_c1,yanbaopptmerge_2f4902871606698497c53ccb18d3fec2f83d05047d883cd65bbce26bfb27bcd2.pdf_1_p1_c0",1,True,1.0
What is the maximum amount allocated for share repurchases?,1,newspaper_The Wall Street Journal - 2025-01-08@magazinesclubnew_page_018_p18_c21,newspaper_The Wall Street Journal - 2025-01-08@magazinesclubnew_page_018_p18_c21,1,True,1.0
What is the maximum amount allocated for share repurchases?,3,newspaper_The Wall Street Journal - 2025-01-08@magazinesclubnew_page_018_p18_c21,"newspaper_The Wall Street Journal - 2025-01-08@magazinesclubnew_page_018_p18_c21,newspaper_The Wall Street Journal - 2025-01-08@magazinesclubnew_page_018_p18_c20,eastmoney_dd8f39ced2188b907304224a635ad605689270486020c34636003e57018c01d8.pdf_2_p2_c1",1,True,1.0
What is the maximum amount allocated for share repurchases?,5,newspaper_The Wall Street Journal - 2025-01-08@magazinesclubnew_page_018_p18_c21,"newspaper_The Wall Street Journal - 2025-01-08@magazinesclubnew_page_018_p18_c21,newspaper_The Wall Street Journal - 2025-01-08@magazinesclubnew_page_018_p18_c20,eastmoney_dd8f39ced2188b907304224a635ad605689270486020c34636003e57018c01d8.pdf_2_p2_c1,yanbaopptmerge_2f4902871606698497c53ccb18d3fec2f83d05047d883cd65bbce26bfb27bcd2.pdf_1_p1_c2,yanbaopptmerge_0c79d327060dbf9f1582d03c235dadb039533a19091d2c0d24f2ad95d267f79b.pdf_2_p2_c2",1,True,1.0
What did UniFirst say about its business potential in October?,1,newspaper_The Wall Street Journal - 2025-01-08@magazinesclubnew_page_018_p18_c22,newspaper_The Wall Street Journal - 2025-01-08@magazinesclubnew_page_018_p18_c23,0,False,0.0
What did UniFirst say about its business potential in October?,3,newspaper_The Wall Street Journal - 2025-01-08@magazinesclubnew_page_018_p18_c22,"newspaper_The Wall Street Journal - 2025-01-08@magazinesclubnew_page_018_p18_c23,newspaper_The Wall Street Journal - 2025-01-08@magazinesclubnew_page_018_p18_c22,newspaper_The Wall Street Journal - 2025-01-08@magazinesclubnew_page_018_p18_c21",2,True,1.0
What did UniFirst say about its business potential in October?,5,newspaper_The Wall Street Journal - 2025-01-08@magazinesclubnew_page_018_p18_c22,"newspaper_The Wall Street Journal - 2025-01-08@magazinesclubnew_page_018_p18_c23,newspaper_The Wall Street Journal - 2025-01-08@magazinesclubnew_page_018_p18_c22,newspaper_The Wall Street Journal - 2025-01-08@magazinesclubnew_page_018_p18_c21,newspaper_The Wall Street Journal - 2025-01-08@magazinesclubnew_page_018_p18_c18,newspaper_The Globe and Mail - 2025-1-8@magazinesclubnew_page_027_p27_c4",2,True,1.0
What percentage of UniFirst common shares are held by investors who also own Cintas’s stock?,1,newspaper_The Wall Street Journal - 2025-01-08@magazinesclubnew_page_018_p18_c23,newspaper_The Wall Street Journal - 2025-01-08@magazinesclubnew_page_018_p18_c23,1,True,1.0
What percentage of UniFirst common shares are held by investors who also own Cintas’s stock?,3,newspaper_The Wall Street Journal - 2025-01-08@magazinesclubnew_page_018_p18_c23,"newspaper_The Wall Street Journal - 2025-01-08@magazinesclubnew_page_018_p18_c23,newspaper_The Wall Street Journal - 2025-01-08@magazinesclubnew_page_018_p18_c21,newspaper_The Wall Street Journal - 2025-01-08@magazinesclubnew_page_018_p18_c22",1,True,1.0
What percentage of UniFirst common shares are held by investors who also own Cintas’s stock?,5,newspaper_The Wall Street Journal - 2025-01-08@magazinesclubnew_page_018_p18_c23,"newspaper_The Wall Street Journal - 2025-01-08@magazinesclubnew_page_018_p18_c23,newspaper_The Wall Street Journal - 2025-01-08@magazinesclubnew_page_018_p18_c21,newspaper_The Wall Street Journal - 2025-01-08@magazinesclubnew_page_018_p18_c22,newspaper_The Wall Street Journal - 2025-01-08@magazinesclubnew_page_018_p18_c0,eastmoney_d2bb183f5254ede5760932ac3118524aa7eddad551935713b435541f1525c1ee.pdf_7_p7_c0",1,True,1.0
歌曲演唱时应使用什么样的声音？,1,yanbaopptmerge_yanbaoPPT_4615_p4615_c0,yanbaopptmerge_yanbaoPPT_4615_p4615_c0,1,True,1.0
歌曲演唱时应使用什么样的声音？,3,yanbaopptmerge_yanbaoPPT_4615_p4615_c0,"yanbaopptmerge_yanbaoPPT_4615_p4615_c0,color_textbook_教材全解1+1二年级上册英语上海牛津版_page_067_p67_c4,color_textbook_zhonggaokao_小学_KET听说读写逐项突破_KET听说读写逐项突破之轻松搞定KET写作25分 【10讲 褚连一】_第10讲第十课写作Part9小作文练习_第十课写作Part9小作文练习_page_010_p10_c2",1,True,1.0
歌曲演唱时应使用什么样的声音？,5,yanbaopptmerge_yanbaoPPT_4615_p4615_c0,"yanbaopptmerge_yanbaoPPT_4615_p4615_c0,color_textbook_教材全解1+1二年级上册英语上海牛津版_page_067_p67_c4,color_textbook_zhonggaokao_小学_KET听说读写逐项突破_KET听说读写逐项突破之轻松搞定KET写作25分 【10讲 褚连一】_第10讲第十课写作Part9小作文练习_第十课写作Part9小作文练习_page_010_p10_c2,color_textbook_zhonggaokao_小学_KET听说读写逐项突破_KET听说读写逐项突破之轻松搞定KET写作25分 【10讲 褚连一】_第10讲第十课写作Part9小作文练习_第十课写作Part9小作文练习_page_010_p10_c3,yanbaopptmerge_yanbaoPPT_985_p985_c0",1,True,1.0
卖地的钱大部分用于什么方面？,1,newspaper_2c69e142b52dbb30cac2cb11d3eb25e5_1_p1_c0,newspaper_2c69e142b52dbb30cac2cb11d3eb25e5_1_p1_c0,1,True,1.0
卖地的钱大部分用于什么方面？,3,newspaper_2c69e142b52dbb30cac2cb11d3eb25e5_1_p1_c0,"newspaper_2c69e142b52dbb30cac2cb11d3eb25e5_1_p1_c0,newspaper_2c69e142b52dbb30cac2cb11d3eb25e5_1_p1_c1,newspaper_2c69e142b52dbb30cac2cb11d3eb25e5_1_p1_c2",1,True,1.0
卖地的钱大部分用于什么方面？,5,newspaper_2c69e142b52dbb30cac2cb11d3eb25e5_1_p1_c0,"newspaper_2c69e142b52dbb30cac2cb11d3eb25e5_1_p1_c0,newspaper_2c69e142b52dbb30cac2cb11d3eb25e5_1_p1_c1,newspaper_2c69e142b52dbb30cac2cb11d3eb25e5_1_p1_c2,newspaper_2c69e142b52dbb30cac2cb11d3eb25e5_1_p1_c3,newspaper_2c69e142b52dbb30cac2cb11d3eb25e5_1_p1_c5",1,True,1.0
农民的补偿标准是否真的提高了？,1,newspaper_2c69e142b52dbb30cac2cb11d3eb25e5_1_p1_c1,newspaper_2c69e142b52dbb30cac2cb11d3eb25e5_1_p1_c1,1,True,1.0
农民的补偿标准是否真的提高了？,3,newspaper_2c69e142b52dbb30cac2cb11d3eb25e5_1_p1_c1,"newspaper_2c69e142b52dbb30cac2cb11d3eb25e5_1_p1_c1,newspaper_2c69e142b52dbb30cac2cb11d3eb25e5_1_p1_c2,newspaper_e62730aaeb9b509119e0c3699ac18201_1_p1_c2",1,True,1.0
农民的补偿标准是否真的提高了？,5,newspaper_2c69e142b52dbb30cac2cb11d3eb25e5_1_p1_c1,"newspaper_2c69e142b52dbb30cac2cb11d3eb25e5_1_p1_c1,newspaper_2c69e142b52dbb30cac2cb11d3eb25e5_1_p1_c2,newspaper_e62730aaeb9b509119e0c3699ac18201_1_p1_c2,newspaper_2c69e142b52dbb30cac2cb11d3eb25e5_1_p1_c5,newspaper_e62730aaeb9b509119e0c3699ac18201_1_p1_c3",1,True,1.0
农民的土地整理出来节省出来的土地归谁所有？,1,newspaper_2c69e142b52dbb30cac2cb11d3eb25e5_1_p1_c2,newspaper_2c69e142b52dbb30cac2cb11d3eb25e5_1_p1_c2,1,True,1.0
农民的土地整理出来节省出来的土地归谁所有？,3,newspaper_2c69e142b52dbb30cac2cb11d3eb25e5_1_p1_c2,"newspaper_2c69e142b52dbb30cac2cb11d3eb25e5_1_p1_c2,newspaper_2c69e142b52dbb30cac2cb11d3eb25e5_1_p1_c3,newspaper_2c69e142b52dbb30cac2cb11d3eb25e5_1_p1_c0",1,True,1.0
农民的土地整理出来节省出来的土地归谁所有？,5,newspaper_2c69e142b52dbb30cac2cb11d3eb25e5_1_p1_c2,"newspaper_2c69e142b52dbb30cac2cb11d3eb25e5_1_p1_c2,newspaper_2c69e142b52dbb30cac2cb11d3eb25e5_1_p1_c3,newspaper_2c69e142b52dbb30cac2cb11d3eb25e5_1_p1_c0,newspaper_2c69e142b52dbb30cac2cb11d3eb25e5_1_p1_c12,newspaper_2c69e142b52dbb30cac2cb11d3eb25e5_1_p1_c1",1,True,1.0
农村建设用地为什么被称为沉睡的资本？,1,newspaper_2c69e142b52dbb30cac2cb11d3eb25e5_1_p1_c3,newspaper_2c69e142b52dbb30cac2cb11d3eb25e5_1_p1_c3,1,True,1.0
农村建设用地为什么被称为沉睡的资本？,3,newspaper_2c69e142b52dbb30cac2cb11d3eb25e5_1_p1_c3,"newspaper_2c69e142b52dbb30cac2cb11d3eb25e5_1_p1_c3,newspaper_2c69e142b52dbb30cac2cb11d3eb25e5_1_p1_c0,newspaper_2c69e142b52dbb30cac2cb11d3eb25e5_1_p1_c2",1,True,1.0
农村建设用地为什么被称为沉睡的资本？,5,newspaper_2c69e142b52dbb30cac2cb11d3eb25e5_1_p1_c3,"newspaper_2c69e142b52dbb30cac2cb11d3eb25e5_1_p1_c3,newspaper_2c69e142b52dbb30cac2cb11d3eb25e5_1_p1_c0,newspaper_2c69e142b52dbb30cac2cb11d3eb25e5_1_p1_c2,newspaper_2c69e142b52dbb30cac2cb11d3eb25e5_1_p1_c4,newspaper_2c69e142b52dbb30cac2cb11d3eb25e5_1_p1_c6",1,True,1.0
为什么需要健全土地税收方面的配套政策？,1,newspaper_2c69e142b52dbb30cac2cb11d3eb25e5_1_p1_c4,newspaper_2c69e142b52dbb30cac2cb11d3eb25e5_1_p1_c4,1,True,1.0
为什么需要健全土地税收方面的配套政策？,3,newspaper_2c69e142b52dbb30cac2cb11d3eb25e5_1_p1_c4,"newspaper_2c69e142b52dbb30cac2cb11d3eb25e5_1_p1_c4,newspaper_2c69e142b52dbb30cac2cb11d3eb25e5_1_p1_c3,newspaper_2c69e142b52dbb30cac2cb11d3eb25e5_1_p1_c5",1,True,1.0
为什么需要健全土地税收方面的配套政策？,5,newspaper_2c69e142b52dbb30cac2cb11d3eb25e5_1_p1_c4,"newspaper_2c69e142b52dbb30cac2cb11d3eb25e5_1_p1_c4,newspaper_2c69e142b52dbb30cac2cb11d3eb25e5_1_p1_c3,newspaper_2c69e142b52dbb30cac2cb11d3eb25e5_1_p1_c5,newspaper_2c69e142b52dbb30cac2cb11d3eb25e5_1_p1_c2,newspaper_2c69e142b52dbb30cac2cb11d3eb25e5_1_p1_c0",1,True,1.0
如何判定农民收入是否增加及幅度如何？,1,newspaper_2c69e142b52dbb30cac2cb11d3eb25e5_1_p1_c5,newspaper_2c69e142b52dbb30cac2cb11d3eb25e5_1_p1_c5,1,True,1.0
如何判定农民收入是否增加及幅度如何？,3,newspaper_2c69e142b52dbb30cac2cb11d3eb25e5_1_p1_c5,"newspaper_2c69e142b52dbb30cac2cb11d3eb25e5_1_p1_c5,newspaper_2c69e142b52dbb30cac2cb11d3eb25e5_1_p1_c1,newspaper_2c69e142b52dbb30cac2cb11d3eb25e5_1_p1_c2",1,True,1.0
如何判定农民收入是否增加及幅度如何？,5,newspaper_2c69e142b52dbb30cac2cb11d3eb25e5_1_p1_c5,"newspaper_2c69e142b52dbb30cac2cb11d3eb25e5_1_p1_c5,newspaper_2c69e142b52dbb30cac2cb11d3eb25e5_1_p1_c1,newspaper_2c69e142b52dbb30cac2cb11d3eb25e5_1_p1_c2,jiaocaineedrop_jiaocai_needrop_en_1473_p1473_c1,newspaper_2c69e142b52dbb30cac2cb11d3eb25e5_1_p1_c6",1,True,1.0
为什么土地流转的实际效果不尽人意？,1,newspaper_2c69e142b52dbb30cac2cb11d3eb25e5_1_p1_c6,newspaper_2c69e142b52dbb30cac2cb11d3eb25e5_1_p1_c6,1,True,1.0
为什么土地流转的实际效果不尽人意？,3,newspaper_2c69e142b52dbb30cac2cb11d3eb25e5_1_p1_c6,"newspaper_2c69e142b52dbb30cac2cb11d3eb25e5_1_p1_c6,newspaper_2c69e142b52dbb30cac2cb11d3eb25e5_1_p1_c5,newspaper_2c69e142b52dbb30cac2cb11d3eb25e5_1_p1_c12",1,True,1.0
为什么土地流转的实际效果不尽人意？,5,newspaper_2c69e142b52dbb30cac2cb11d3eb25e5_1_p1_c6,"newspaper_2c69e142b52dbb30cac2cb11d3eb25e5_1_p1_c6,newspaper_2c69e142b52dbb30cac2cb11d3eb25e5_1_p1_c5,newspaper_2c69e142b52dbb30cac2cb11d3eb25e5_1_p1_c12,newspaper_2c69e142b52dbb30cac2cb11d3eb25e5_1_p1_c11,newspaper_2c69e142b52dbb30cac2cb11d3eb25e5_1_p1_c0",1,True,1.0
兴化市有哪些获得绿色食品和无公害产品认证的产品？,1,newspaper_2c69e142b52dbb30cac2cb11d3eb25e5_1_p1_c8,newspaper_2c69e142b52dbb30cac2cb11d3eb25e5_1_p1_c8,1,True,1.0
兴化市有哪些获得绿色食品和无公害产品认证的产品？,3,newspaper_2c69e142b52dbb30cac2cb11d3eb25e5_1_p1_c8,"newspaper_2c69e142b52dbb30cac2cb11d3eb25e5_1_p1_c8,newspaper_35bdaa11dec104ccbdc9e19ac8527d21_1_p1_c1,newspaper_35bdaa11dec104ccbdc9e19ac8527d21_1_p1_c5",1,True,1.0
兴化市有哪些获得绿色食品和无公害产品认证的产品？,5,newspaper_2c69e142b52dbb30cac2cb11d3eb25e5_1_p1_c8,"newspaper_2c69e142b52dbb30cac2cb11d3eb25e5_1_p1_c8,newspaper_35bdaa11dec104ccbdc9e19ac8527d21_1_p1_c1,newspaper_35bdaa11dec104ccbdc9e19ac8527d21_1_p1_c5,newspaper_2c69e142b52dbb30cac2cb11d3eb25e5_1_p1_c9,newspaper_35bdaa11dec104ccbdc9e19ac8527d21_1_p1_c2",1,True,1.0
四川省农村沼气资源开发利用率是多少？,1,newspaper_2c69e142b52dbb30cac2cb11d3eb25e5_1_p1_c10,newspaper_2c69e142b52dbb30cac2cb11d3eb25e5_1_p1_c9,0,False,0.0
四川省农村沼气资源开发利用率是多少？,3,newspaper_2c69e142b52dbb30cac2cb11d3eb25e5_1_p1_c10,"newspaper_2c69e142b52dbb30cac2cb11d3eb25e5_1_p1_c9,newspaper_2c69e142b52dbb30cac2cb11d3eb25e5_1_p1_c10,newspaper_eb569707cf5621d4c71d5898216cdb17_1_p1_c7",2,True,1.0
四川省农村沼气资源开发利用率是多少？,5,newspaper_2c69e142b52dbb30cac2cb11d3eb25e5_1_p1_c10,"newspaper_2c69e142b52dbb30cac2cb11d3eb25e5_1_p1_c9,newspaper_2c69e142b52dbb30cac2cb11d3eb25e5_1_p1_c10,newspaper_eb569707cf5621d4c71d5898216cdb17_1_p1_c7,newspaper_eb569707cf5621d4c71d5898216cdb17_1_p1_c8,newspaper_eb569707cf5621d4c71d5898216cdb17_1_p1_c3",2,True,1.0
土地流转中为何会出现纠纷？,1,newspaper_2c69e142b52dbb30cac2cb11d3eb25e5_1_p1_c12,newspaper_2c69e142b52dbb30cac2cb11d3eb25e5_1_p1_c12,1,True,1.0
土地流转中为何会出现纠纷？,3,newspaper_2c69e142b52dbb30cac2cb11d3eb25e5_1_p1_c12,"newspaper_2c69e142b52dbb30cac2cb11d3eb25e5_1_p1_c12,newspaper_2c69e142b52dbb30cac2cb11d3eb25e5_1_p1_c11,newspaper_2c69e142b52dbb30cac2cb11d3eb25e5_1_p1_c6",1,True,1.0
土地流转中为何会出现纠纷？,5,newspaper_2c69e142b52dbb30cac2cb11d3eb25e5_1_p1_c12,"newspaper_2c69e142b52dbb30cac2cb11d3eb25e5_1_p1_c12,newspaper_2c69e142b52dbb30cac2cb11d3eb25e5_1_p1_c11,newspaper_2c69e142b52dbb30cac2cb11d3eb25e5_1_p1_c6,newspaper_2c69e142b52dbb30cac2cb11d3eb25e5_1_p1_c5,newspaper_2c69e142b52dbb30cac2cb11d3eb25e5_1_p1_c0",1,True,1.0
What did Sumit Das used to be employed in before the bridge was built?,1,magazine_TheEconomist.2023.11.18_page_030_p30_c0,magazine_TheEconomist.2023.11.18_page_030_p30_c0,1,True,1.0
What did Sumit Das used to be employed in before the bridge was built?,3,magazine_TheEconomist.2023.11.18_page_030_p30_c0,"magazine_TheEconomist.2023.11.18_page_030_p30_c0,magazine_TheEconomist.2023.11.18_page_030_p30_c1,newspaper_The Globe and Mail - 2025-1-8@magazinesclubnew_page_018_p18_c13",1,True,1.0
What did Sumit Das used to be employed in before the bridge was built?,5,magazine_TheEconomist.2023.11.18_page_030_p30_c0,"magazine_TheEconomist.2023.11.18_page_030_p30_c0,magazine_TheEconomist.2023.11.18_page_030_p30_c1,newspaper_The Globe and Mail - 2025-1-8@magazinesclubnew_page_018_p18_c13,magazine_TheEconomist.2024.03.02_page_032_p32_c4,newspaper_The Globe and Mail - 2025-1-8@magazinesclubnew_page_018_p18_c15",1,True,1.0
Which states has the Modi government focused on for infrastructure projects?,1,magazine_TheEconomist.2023.11.18_page_030_p30_c1,magazine_TheEconomist.2023.11.18_page_030_p30_c1,1,True,1.0
Which states has the Modi government focused on for infrastructure projects?,3,magazine_TheEconomist.2023.11.18_page_030_p30_c1,"magazine_TheEconomist.2023.11.18_page_030_p30_c1,magazine_TheEconomist.2023.11.18_page_030_p30_c2,magazine_TheEconomist.2024.03.02_page_032_p32_c0",1,True,1.0
Which states has the Modi government focused on for infrastructure projects?,5,magazine_TheEconomist.2023.11.18_page_030_p30_c1,"magazine_TheEconomist.2023.11.18_page_030_p30_c1,magazine_TheEconomist.2023.11.18_page_030_p30_c2,magazine_TheEconomist.2024.03.02_page_032_p32_c0,magazine_TheEconomist.2023.11.18_page_030_p30_c5,magazine_TheEconomist.2024.03.02_page_032_p32_c6",1,True,1.0
What was the impact of the ethnic conflict in Manipur?,1,magazine_TheEconomist.2023.11.18_page_030_p30_c2,magazine_TheEconomist.2023.11.18_page_030_p30_c2,1,True,1.0
What was the impact of the ethnic conflict in Manipur?,3,magazine_TheEconomist.2023.11.18_page_030_p30_c2,"magazine_TheEconomist.2023.11.18_page_030_p30_c2,magazine_TheEconomist.2023.11.18_page_030_p30_c3,magazine_TheEconomist.2023.11.18_page_030_p30_c4",1,True,1.0
What was the impact of the ethnic conflict in Manipur?,5,magazine_TheEconomist.2023.11.18_page_030_p30_c2,"magazine_TheEconomist.2023.11.18_page_030_p30_c2,magazine_TheEconomist.2023.11.18_page_030_p30_c3,magazine_TheEconomist.2023.11.18_page_030_p30_c4,magazine_TheEconomist.2023.11.18_page_030_p30_c1,jiaocaineedrop_jiaocai_needrop_en_155_p155_c0",1,True,1.0
Which conflict was stirred by a rivalry over privileges from the central government?,1,magazine_TheEconomist.2023.11.18_page_030_p30_c3,magazine_TheEconomist.2023.11.18_page_030_p30_c3,1,True,1.0
Which conflict was stirred by a rivalry over privileges from the central government?,3,magazine_TheEconomist.2023.11.18_page_030_p30_c3,"magazine_TheEconomist.2023.11.18_page_030_p30_c3,magazine_TheEconomist.2023.11.18_page_030_p30_c4,magazine_TheEconomist.2024.03.02_page_032_p32_c7",1,True,1.0
Which conflict was stirred by a rivalry over privileges from the central government?,5,magazine_TheEconomist.2023.11.18_page_030_p30_c3,"magazine_TheEconomist.2023.11.18_page_030_p30_c3,magazine_TheEconomist.2023.11.18_page_030_p30_c4,magazine_TheEconomist.2024.03.02_page_032_p32_c7,magazine_TheEconomist.2023.11.18_page_030_p30_c2,jiaocaineedrop_jiaocai_needrop_en_155_p155_c0",1,True,1.0
What year did Indira Gandhi order air strikes on Aizawl?,1,magazine_TheEconomist.2023.11.18_page_030_p30_c4,magazine_TheEconomist.2023.11.18_page_030_p30_c4,1,True,1.0
What year did Indira Gandhi order air strikes on Aizawl?,3,magazine_TheEconomist.2023.11.18_page_030_p30_c4,"magazine_TheEconomist.2023.11.18_page_030_p30_c4,magazine_TheEconomist.2024.03.02_page_032_p32_c6,docstructbench_dianzishu_zhongwenzaixian-o.O-61323717.pdf_203_p203_c5",1,True,1.0
What year did Indira Gandhi order air strikes on Aizawl?,5,magazine_TheEconomist.2023.11.18_page_030_p30_c4,"magazine_TheEconomist.2023.11.18_page_030_p30_c4,magazine_TheEconomist.2024.03.02_page_032_p32_c6,docstructbench_dianzishu_zhongwenzaixian-o.O-61323717.pdf_203_p203_c5,magazine_TheEconomist.2023.11.18_page_030_p30_c5,magazine_TheEconomist.2024.03.02_page_075_p75_c2",1,True,1.0
How much money is allocated for development in the north-east in the current union budget?,1,magazine_TheEconomist.2023.11.18_page_030_p30_c5,magazine_TheEconomist.2023.11.18_page_030_p30_c5,1,True,1.0
How much money is allocated for development in the north-east in the current union budget?,3,magazine_TheEconomist.2023.11.18_page_030_p30_c5,"magazine_TheEconomist.2023.11.18_page_030_p30_c5,magazine_TheEconomist.2023.11.18_page_030_p30_c4,magazine_TheEconomist.2023.12.23_page_012_p12_c0",1,True,1.0
How much money is allocated for development in the north-east in the current union budget?,5,magazine_TheEconomist.2023.11.18_page_030_p30_c5,"magazine_TheEconomist.2023.11.18_page_030_p30_c5,magazine_TheEconomist.2023.11.18_page_030_p30_c4,magazine_TheEconomist.2023.12.23_page_012_p12_c0,eastmoney_e42b6e1cd2d48113ff4db8854e539d828d632bf9b1757e10cb8ddb2cfc7b1393.pdf_12_p12_c1,magazine_TheEconomist.2024.03.02_page_032_p32_c5",1,True,1.0
What can cause a gradual change in nerve tension?,1,docstructbench_enbook-zlib-o.O-17761417.pdf_894_p894_c0,docstructbench_enbook-zlib-o.O-17761417.pdf_894_p894_c0,1,True,1.0
What can cause a gradual change in nerve tension?,3,docstructbench_enbook-zlib-o.O-17761417.pdf_894_p894_c0,"docstructbench_enbook-zlib-o.O-17761417.pdf_894_p894_c0,docstructbench_enbook-zlib-o.O-17761417.pdf_894_p894_c1,docstructbench_enbook-zlib-o.O-17761417.pdf_894_p894_c3",1,True,1.0
What can cause a gradual change in nerve tension?,5,docstructbench_enbook-zlib-o.O-17761417.pdf_894_p894_c0,"docstructbench_enbook-zlib-o.O-17761417.pdf_894_p894_c0,docstructbench_enbook-zlib-o.O-17761417.pdf_894_p894_c1,docstructbench_enbook-zlib-o.O-17761417.pdf_894_p894_c3,docstructbench_enbook-zlib-o.O-17761417.pdf_894_p894_c4,docstructbench_enbook-zlib-o.O-17761417.pdf_894_p894_c2",1,True,1.0
What is an example of compression of the nerve caused by swelling?,1,docstructbench_enbook-zlib-o.O-17761417.pdf_894_p894_c1,docstructbench_enbook-zlib-o.O-17761417.pdf_894_p894_c1,1,True,1.0
What is an example of compression of the nerve caused by swelling?,3,docstructbench_enbook-zlib-o.O-17761417.pdf_894_p894_c1,"docstructbench_enbook-zlib-o.O-17761417.pdf_894_p894_c1,docstructbench_enbook-zlib-o.O-17761417.pdf_894_p894_c0,docstructbench_enbook-zlib-o.O-17761417.pdf_894_p894_c3",1,True,1.0
What is an example of compression of the nerve caused by swelling?,5,docstructbench_enbook-zlib-o.O-17761417.pdf_894_p894_c1,"docstructbench_enbook-zlib-o.O-17761417.pdf_894_p894_c1,docstructbench_enbook-zlib-o.O-17761417.pdf_894_p894_c0,docstructbench_enbook-zlib-o.O-17761417.pdf_894_p894_c3,docstructbench_enbook-zlib-o.O-17761417.pdf_894_p894_c4,docstructbench_enbook-zlib-o.O-17761417.pdf_894_p894_c5",1,True,1.0
What is the title of the figure mentioned in the document fragment?,1,docstructbench_enbook-zlib-o.O-17761417.pdf_894_p894_c2,book_en_[搬书匠#893][Pyomo—Optimization Modeling in Python].2012.英文版_page_188_p188_c4,0,False,0.0
What is the title of the figure mentioned in the document fragment?,3,docstructbench_enbook-zlib-o.O-17761417.pdf_894_p894_c2,"book_en_[搬书匠#893][Pyomo—Optimization Modeling in Python].2012.英文版_page_188_p188_c4,PPT_8076_MEYER_Chapter_2_-_Language_Change_page_014_p14_c1,color_textbook_教材全解1+1二年级上册英语上海牛津版_page_067_p67_c1",0,False,0.0
What is the title of the figure mentioned in the document fragment?,5,docstructbench_enbook-zlib-o.O-17761417.pdf_894_p894_c2,"book_en_[搬书匠#893][Pyomo—Optimization Modeling in Python].2012.英文版_page_188_p188_c4,PPT_8076_MEYER_Chapter_2_-_Language_Change_page_014_p14_c1,color_textbook_教材全解1+1二年级上册英语上海牛津版_page_067_p67_c1,color_textbook_教材全解1+1二年级上册英语上海牛津版_page_067_p67_c2,yanbaopptmerge_5473246b8da789b9bfdeef53a70c4d72afd480415d5cbcedb83d105856710328.pdf_8_p8_c0",0,False,0.0
What is the recovery time for Neurapraxia?,1,docstructbench_enbook-zlib-o.O-17761417.pdf_894_p894_c3,docstructbench_enbook-zlib-o.O-17761417.pdf_894_p894_c3,1,True,1.0
What is the recovery time for Neurapraxia?,3,docstructbench_enbook-zlib-o.O-17761417.pdf_894_p894_c3,"docstructbench_enbook-zlib-o.O-17761417.pdf_894_p894_c3,docstructbench_enbook-zlib-o.O-17761417.pdf_894_p894_c4,docstructbench_enbook-zlib-o.O-17761417.pdf_894_p894_c6",1,True,1.0
What is the recovery time for Neurapraxia?,5,docstructbench_enbook-zlib-o.O-17761417.pdf_894_p894_c3,"docstructbench_enbook-zlib-o.O-17761417.pdf_894_p894_c3,docstructbench_enbook-zlib-o.O-17761417.pdf_894_p894_c4,docstructbench_enbook-zlib-o.O-17761417.pdf_894_p894_c6,scihub_s00586-010-1656-7.pdf_3_p3_c0,newspaper_The Globe and Mail - 2025-1-8@magazinesclubnew_page_014_p14_c11",1,True,1.0
What is the prognosis for axonal regeneration in Type 3 injuries?,1,docstructbench_enbook-zlib-o.O-17761417.pdf_894_p894_c4,docstructbench_enbook-zlib-o.O-17761417.pdf_894_p894_c4,1,True,1.0
What is the prognosis for axonal regeneration in Type 3 injuries?,3,docstructbench_enbook-zlib-o.O-17761417.pdf_894_p894_c4,"docstructbench_enbook-zlib-o.O-17761417.pdf_894_p894_c4,docstructbench_enbook-zlib-o.O-17761417.pdf_894_p894_c5,scihub_s00586-010-1656-7.pdf_3_p3_c5",1,True,1.0
What is the prognosis for axonal regeneration in Type 3 injuries?,5,docstructbench_enbook-zlib-o.O-17761417.pdf_894_p894_c4,"docstructbench_enbook-zlib-o.O-17761417.pdf_894_p894_c4,docstructbench_enbook-zlib-o.O-17761417.pdf_894_p894_c5,scihub_s00586-010-1656-7.pdf_3_p3_c5,docstructbench_enbook-zlib-o.O-17761417.pdf_894_p894_c3,scihub_s00586-010-1656-7.pdf_3_p3_c1",1,True,1.0
What is the treatment for Type 5 nerve injury?,1,docstructbench_enbook-zlib-o.O-17761417.pdf_894_p894_c5,docstructbench_enbook-zlib-o.O-17761417.pdf_894_p894_c5,1,True,1.0
What is the treatment for Type 5 nerve injury?,3,docstructbench_enbook-zlib-o.O-17761417.pdf_894_p894_c5,"docstructbench_enbook-zlib-o.O-17761417.pdf_894_p894_c5,docstructbench_enbook-zlib-o.O-17761417.pdf_894_p894_c4,scihub_s00586-010-1656-7.pdf_3_p3_c1",1,True,1.0
What is the treatment for Type 5 nerve injury?,5,docstructbench_enbook-zlib-o.O-17761417.pdf_894_p894_c5,"docstructbench_enbook-zlib-o.O-17761417.pdf_894_p894_c5,docstructbench_enbook-zlib-o.O-17761417.pdf_894_p894_c4,scihub_s00586-010-1656-7.pdf_3_p3_c1,docstructbench_enbook-zlib-o.O-17761417.pdf_894_p894_c3,scihub_s00586-010-1656-7.pdf_3_p3_c5",1,True,1.0
为什么做阅读简答题目时普遍觉得不难但得高分的不多？,1,notes_f7f010b78016aeebd76e56d9283eb67f_92_p92_c0,notes_f7f010b78016aeebd76e56d9283eb67f_92_p92_c0,1,True,1.0
为什么做阅读简答题目时普遍觉得不难但得高分的不多？,3,notes_f7f010b78016aeebd76e56d9283eb67f_92_p92_c0,"notes_f7f010b78016aeebd76e56d9283eb67f_92_p92_c0,jiaocaineedrop_jiaocai_needrop_en_1836_p1836_c2,jiaocaineedrop_jiaocai_needrop_en_1836_p1836_c0",1,True,1.0
为什么做阅读简答题目时普遍觉得不难但得高分的不多？,5,notes_f7f010b78016aeebd76e56d9283eb67f_92_p92_c0,"notes_f7f010b78016aeebd76e56d9283eb67f_92_p92_c0,jiaocaineedrop_jiaocai_needrop_en_1836_p1836_c2,jiaocaineedrop_jiaocai_needrop_en_1836_p1836_c0,jiaocaineedrop_jiaocai_needrop_en_377_p377_c3,jiaocaineedrop_jiaocai_needrop_en_1564_p1564_c6",1,True,1.0
gold 和 golden 的区别是什么？,1,notes_f7f010b78016aeebd76e56d9283eb67f_27_p27_c0,notes_f7f010b78016aeebd76e56d9283eb67f_27_p27_c0,1,True,1.0
gold 和 golden 的区别是什么？,3,notes_f7f010b78016aeebd76e56d9283eb67f_27_p27_c0,"notes_f7f010b78016aeebd76e56d9283eb67f_27_p27_c0,yanbaor2_f832cad1f46c067198e9df95ae7b150213f16805037c1a5725e72245010d3e97.pdf_3_p3_c2,jiaocaineedrop_jiaocai_needrop_en_2193_p2193_c1",1,True,1.0
gold 和 golden 的区别是什么？,5,notes_f7f010b78016aeebd76e56d9283eb67f_27_p27_c0,"notes_f7f010b78016aeebd76e56d9283eb67f_27_p27_c0,yanbaor2_f832cad1f46c067198e9df95ae7b150213f16805037c1a5725e72245010d3e97.pdf_3_p3_c2,jiaocaineedrop_jiaocai_needrop_en_2193_p2193_c1,notes_f7f010b78016aeebd76e56d9283eb67f_27_p27_c1,jiaocaineedrop_jiaocai_needrop_en_1141_p1141_c0",1,True,1.0
What is the task in section B?,1,color_textbook_zhonggaokao_小学_13.人教新起点英语（4-5年级）_人教新起点五年级英语上册_课本_人教新起点英语5A电子课本_page_055_p55_c0,jiaocaineedrop_96657786.pdf_0_p0_c5,0,False,0.0
What is the task in section B?,3,color_textbook_zhonggaokao_小学_13.人教新起点英语（4-5年级）_人教新起点五年级英语上册_课本_人教新起点英语5A电子课本_page_055_p55_c0,"jiaocaineedrop_96657786.pdf_0_p0_c5,jiaocaineedrop_jiaocai_needrop_en_1564_p1564_c1,jiaocaineedrop_jiaocai_needrop_en_1473_p1473_c0",0,False,0.0
What is the task in section B?,5,color_textbook_zhonggaokao_小学_13.人教新起点英语（4-5年级）_人教新起点五年级英语上册_课本_人教新起点英语5A电子课本_page_055_p55_c0,"jiaocaineedrop_96657786.pdf_0_p0_c5,jiaocaineedrop_jiaocai_needrop_en_1564_p1564_c1,jiaocaineedrop_jiaocai_needrop_en_1473_p1473_c0,color_textbook_zhonggaokao_小学_13.人教新起点英语（4-5年级）_人教新起点五年级英语下册_课本_人教新起点英语5B电子课本_page_034_p34_c0,jiaocaineedrop_jiaocai_needrop_en_1564_p1564_c0",0,False,0.0
What is the equation for $ x_{1} $ in terms of $ x_{3} $?,1,PPT_lay_linalg5_01_05_page_009_p9_c0,PPT_lay_linalg5_01_05_page_009_p9_c0,1,True,1.0
What is the equation for $ x_{1} $ in terms of $ x_{3} $?,3,PPT_lay_linalg5_01_05_page_009_p9_c0,"PPT_lay_linalg5_01_05_page_009_p9_c0,PPT_lay_linalg5_01_05_page_004_p4_c0,book_en_A.Concise.Introduction.to.Linear.Algebra,.Geza.Schay,.Birkhauser,.2012_page_065_p65_c0",1,True,1.0
What is the equation for $ x_{1} $ in terms of $ x_{3} $?,5,PPT_lay_linalg5_01_05_page_009_p9_c0,"PPT_lay_linalg5_01_05_page_009_p9_c0,PPT_lay_linalg5_01_05_page_004_p4_c0,book_en_A.Concise.Introduction.to.Linear.Algebra,.Geza.Schay,.Birkhauser,.2012_page_065_p65_c0,exam_paper_en-file-putnam-archive_1999_Solutions_1999s_page_003_p3_c6,book_en_国外数学教材-非数学专业教材-线性代数-Gilbert Strang—Linear Algebra and Its Applications 4e_0119_p119_c3",1,True,1.0
What is the value of the Avogadro constant given in the table?,1,docstructbench_dianzishu_zhongwenzaixian-o.O-60403612.pdf_179_p179_c0,docstructbench_dianzishu_zhongwenzaixian-o.O-60403612.pdf_179_p179_c0,1,True,1.0
What is the value of the Avogadro constant given in the table?,3,docstructbench_dianzishu_zhongwenzaixian-o.O-60403612.pdf_179_p179_c0,"docstructbench_dianzishu_zhongwenzaixian-o.O-60403612.pdf_179_p179_c0,docstructbench_llm-raw-scihub-o.O-j.chroma.2005.03.134.pdf_6_p6_c3,scihub_bloodadvances.2019030924.pdf_3_p3_c1",1,True,1.0
What is the value of the Avogadro constant given in the table?,5,docstructbench_dianzishu_zhongwenzaixian-o.O-60403612.pdf_179_p179_c0,"docstructbench_dianzishu_zhongwenzaixian-o.O-60403612.pdf_179_p179_c0,docstructbench_llm-raw-scihub-o.O-j.chroma.2005.03.134.pdf_6_p6_c3,scihub_bloodadvances.2019030924.pdf_3_p3_c1,docstructbench_llm-raw-scihub-o.O-j.chroma.2005.03.134.pdf_6_p6_c2,yanbaopptmerge_2f4902871606698497c53ccb18d3fec2f83d05047d883cd65bbce26bfb27bcd2.pdf_1_p1_c0",1,True,1.0
What is the boiling point of aluminum in degrees Celsius?,1,docstructbench_dianzishu_zhongwenzaixian-o.O-60403612.pdf_179_p179_c1,docstructbench_dianzishu_zhongwenzaixian-o.O-60403612.pdf_179_p179_c2,0,False,0.0
What is the boiling point of aluminum in degrees Celsius?,3,docstructbench_dianzishu_zhongwenzaixian-o.O-60403612.pdf_179_p179_c1,"docstructbench_dianzishu_zhongwenzaixian-o.O-60403612.pdf_179_p179_c2,docstructbench_dianzishu_zhongwenzaixian-o.O-60403612.pdf_179_p179_c4,scihub_s11661-013-1726-7.pdf_2_p2_c1",0,False,0.0
What is the boiling point of aluminum in degrees Celsius?,5,docstructbench_dianzishu_zhongwenzaixian-o.O-60403612.pdf_179_p179_c1,"docstructbench_dianzishu_zhongwenzaixian-o.O-60403612.pdf_179_p179_c2,docstructbench_dianzishu_zhongwenzaixian-o.O-60403612.pdf_179_p179_c4,scihub_s11661-013-1726-7.pdf_2_p2_c1,docstructbench_dianzishu_zhongwenzaixian-o.O-60403612.pdf_179_p179_c3,docstructbench_dianzishu_zhongwenzaixian-o.O-60403612.pdf_179_p179_c5",0,False,0.0
What is the value of the third column for the element 镍?,1,docstructbench_dianzishu_zhongwenzaixian-o.O-60403612.pdf_179_p179_c2,docstructbench_dianzishu_zhongwenzaixian-o.O-60403612.pdf_179_p179_c2,1,True,1.0
What is the value of the third column for the element 镍?,3,docstructbench_dianzishu_zhongwenzaixian-o.O-60403612.pdf_179_p179_c2,"docstructbench_dianzishu_zhongwenzaixian-o.O-60403612.pdf_179_p179_c2,docstructbench_dianzishu_zhongwenzaixian-o.O-60403612.pdf_179_p179_c4,docstructbench_dianzishu_zhongwenzaixian-o.O-60403612.pdf_179_p179_c3",1,True,1.0
What is the value of the third column for the element 镍?,5,docstructbench_dianzishu_zhongwenzaixian-o.O-60403612.pdf_179_p179_c2,"docstructbench_dianzishu_zhongwenzaixian-o.O-60403612.pdf_179_p179_c2,docstructbench_dianzishu_zhongwenzaixian-o.O-60403612.pdf_179_p179_c4,docstructbench_dianzishu_zhongwenzaixian-o.O-60403612.pdf_179_p179_c3,docstructbench_dianzishu_zhongwenzaixian-o.O-60403612.pdf_179_p179_c5,docstructbench_llm-raw-scihub-o.O-j.chroma.2005.03.134.pdf_6_p6_c2",1,True,1.0
What is the melting point of silver according to the fragment?,1,docstructbench_dianzishu_zhongwenzaixian-o.O-60403612.pdf_179_p179_c3,docstructbench_dianzishu_zhongwenzaixian-o.O-60403612.pdf_179_p179_c3,1,True,1.0
What is the melting point of silver according to the fragment?,3,docstructbench_dianzishu_zhongwenzaixian-o.O-60403612.pdf_179_p179_c3,"docstructbench_dianzishu_zhongwenzaixian-o.O-60403612.pdf_179_p179_c3,docstructbench_dianzishu_zhongwenzaixian-o.O-60403612.pdf_179_p179_c4,scihub_bloodadvances.2019030924.pdf_3_p3_c1",1,True,1.0
What is the melting point of silver according to the fragment?,5,docstructbench_dianzishu_zhongwenzaixian-o.O-60403612.pdf_179_p179_c3,"docstructbench_dianzishu_zhongwenzaixian-o.O-60403612.pdf_179_p179_c3,docstructbench_dianzishu_zhongwenzaixian-o.O-60403612.pdf_179_p179_c4,scihub_bloodadvances.2019030924.pdf_3_p3_c1,yanbaopptmerge_3aa9b6677e17fd012b0a7a230b9f18db.pdf_1327_p1327_c0,docstructbench_llm-raw-scihub-o.O-j.chroma.2005.05.085.pdf_4_p4_c8",1,True,1.0
What is the melting point of mercury in this fragment?,1,docstructbench_dianzishu_zhongwenzaixian-o.O-60403612.pdf_179_p179_c4,docstructbench_llm-raw-scihub-o.O-j.chroma.2005.03.134.pdf_6_p6_c2,0,False,0.0
What is the melting point of mercury in this fragment?,3,docstructbench_dianzishu_zhongwenzaixian-o.O-60403612.pdf_179_p179_c4,"docstructbench_llm-raw-scihub-o.O-j.chroma.2005.03.134.pdf_6_p6_c2,docstructbench_dianzishu_zhongwenzaixian-o.O-60403612.pdf_179_p179_c5,scihub_bloodadvances.2019030924.pdf_3_p3_c1",0,False,0.0
What is the melting point of mercury in this fragment?,5,docstructbench_dianzishu_zhongwenzaixian-o.O-60403612.pdf_179_p179_c4,"docstructbench_llm-raw-scihub-o.O-j.chroma.2005.03.134.pdf_6_p6_c2,docstructbench_dianzishu_zhongwenzaixian-o.O-60403612.pdf_179_p179_c5,scihub_bloodadvances.2019030924.pdf_3_p3_c1,docstructbench_dianzishu_zhongwenzaixian-o.O-60403612.pdf_179_p179_c1,docstructbench_dianzishu_zhongwenzaixian-o.O-60403612.pdf_179_p179_c4",5,True,1.0
What is the value for 溴 in the second column?,1,docstructbench_dianzishu_zhongwenzaixian-o.O-60403612.pdf_179_p179_c5,docstructbench_dianzishu_zhongwenzaixian-o.O-60403612.pdf_179_p179_c5,1,True,1.0
What is the value for 溴 in the second column?,3,docstructbench_dianzishu_zhongwenzaixian-o.O-60403612.pdf_179_p179_c5,"docstructbench_dianzishu_zhongwenzaixian-o.O-60403612.pdf_179_p179_c5,docstructbench_dianzishu_zhongwenzaixian-o.O-60403612.pdf_179_p179_c2,docstructbench_dianzishu_zhongwenzaixian-o.O-60403612.pdf_179_p179_c4",1,True,1.0
What is the value for 溴 in the second column?,5,docstructbench_dianzishu_zhongwenzaixian-o.O-60403612.pdf_179_p179_c5,"docstructbench_dianzishu_zhongwenzaixian-o.O-60403612.pdf_179_p179_c5,docstructbench_dianzishu_zhongwenzaixian-o.O-60403612.pdf_179_p179_c2,docstructbench_dianzishu_zhongwenzaixian-o.O-60403612.pdf_179_p179_c4,docstructbench_llm-raw-scihub-o.O-j.chroma.2005.03.134.pdf_6_p6_c3,docstructbench_llm-raw-scihub-o.O-j.chroma.2005.03.134.pdf_6_p6_c5",1,True,1.0
What percentage of patients discontinued all recommended medications for BPD without informing their physicians?,1,docstructbench_llm-raw-scihub-o.O-hup.908.pdf_5_p5_c0,docstructbench_llm-raw-scihub-o.O-hup.908.pdf_5_p5_c1,0,False,0.0
What percentage of patients discontinued all recommended medications for BPD without informing their physicians?,3,docstructbench_llm-raw-scihub-o.O-hup.908.pdf_5_p5_c0,"docstructbench_llm-raw-scihub-o.O-hup.908.pdf_5_p5_c1,docstructbench_llm-raw-scihub-o.O-hup.908.pdf_5_p5_c0,docstructbench_llm-raw-scihub-o.O-hup.908.pdf_5_p5_c3",2,True,1.0
What percentage of patients discontinued all recommended medications for BPD without informing their physicians?,5,docstructbench_llm-raw-scihub-o.O-hup.908.pdf_5_p5_c0,"docstructbench_llm-raw-scihub-o.O-hup.908.pdf_5_p5_c1,docstructbench_llm-raw-scihub-o.O-hup.908.pdf_5_p5_c0,docstructbench_llm-raw-scihub-o.O-hup.908.pdf_5_p5_c3,docstructbench_llm-raw-scihub-o.O-hup.908.pdf_5_p5_c6,docstructbench_llm-raw-scihub-o.O-hup.908.pdf_5_p5_c7",2,True,1.0
What was the most common reason given by patients for discontinuing treatment?,1,docstructbench_llm-raw-scihub-o.O-hup.908.pdf_5_p5_c1,docstructbench_llm-raw-scihub-o.O-hup.908.pdf_5_p5_c1,1,True,1.0
What was the most common reason given by patients for discontinuing treatment?,3,docstructbench_llm-raw-scihub-o.O-hup.908.pdf_5_p5_c1,"docstructbench_llm-raw-scihub-o.O-hup.908.pdf_5_p5_c1,docstructbench_llm-raw-scihub-o.O-hup.908.pdf_5_p5_c0,docstructbench_llm-raw-scihub-o.O-hup.908.pdf_5_p5_c3",1,True,1.0
What was the most common reason given by patients for discontinuing treatment?,5,docstructbench_llm-raw-scihub-o.O-hup.908.pdf_5_p5_c1,"docstructbench_llm-raw-scihub-o.O-hup.908.pdf_5_p5_c1,docstructbench_llm-raw-scihub-o.O-hup.908.pdf_5_p5_c0,docstructbench_llm-raw-scihub-o.O-hup.908.pdf_5_p5_c3,docstructbench_llm-raw-scihub-o.O-hup.908.pdf_5_p5_c5,docstructbench_llm-raw-scihub-o.O-hup.908.pdf_5_p5_c6",1,True,1.0
What percentage of treated patients with BPD were nonadherent according to the study?,1,docstructbench_llm-raw-scihub-o.O-hup.908.pdf_5_p5_c2,docstructbench_llm-raw-scihub-o.O-hup.908.pdf_5_p5_c0,0,False,0.0
What percentage of treated patients with BPD were nonadherent according to the study?,3,docstructbench_llm-raw-scihub-o.O-hup.908.pdf_5_p5_c2,"docstructbench_llm-raw-scihub-o.O-hup.908.pdf_5_p5_c0,docstructbench_llm-raw-scihub-o.O-hup.908.pdf_5_p5_c3,docstructbench_llm-raw-scihub-o.O-hup.908.pdf_5_p5_c2",3,True,1.0
What percentage of treated patients with BPD were nonadherent according to the study?,5,docstructbench_llm-raw-scihub-o.O-hup.908.pdf_5_p5_c2,"docstructbench_llm-raw-scihub-o.O-hup.908.pdf_5_p5_c0,docstructbench_llm-raw-scihub-o.O-hup.908.pdf_5_p5_c3,docstructbench_llm-raw-scihub-o.O-hup.908.pdf_5_p5_c2,docstructbench_llm-raw-scihub-o.O-hup.908.pdf_5_p5_c1,docstructbench_llm-raw-scihub-o.O-hup.908.pdf_5_p5_c6",3,True,1.0
What was the most commonly cited major burden by patients with BPD?,1,docstructbench_llm-raw-scihub-o.O-hup.908.pdf_5_p5_c3,docstructbench_llm-raw-scihub-o.O-hup.908.pdf_5_p5_c3,1,True,1.0
What was the most commonly cited major burden by patients with BPD?,3,docstructbench_llm-raw-scihub-o.O-hup.908.pdf_5_p5_c3,"docstructbench_llm-raw-scihub-o.O-hup.908.pdf_5_p5_c3,docstructbench_llm-raw-scihub-o.O-hup.908.pdf_5_p5_c6,docstructbench_llm-raw-scihub-o.O-hup.908.pdf_5_p5_c4",1,True,1.0
What was the most commonly cited major burden by patients with BPD?,5,docstructbench_llm-raw-scihub-o.O-hup.908.pdf_5_p5_c3,"docstructbench_llm-raw-scihub-o.O-hup.908.pdf_5_p5_c3,docstructbench_llm-raw-scihub-o.O-hup.908.pdf_5_p5_c6,docstructbench_llm-raw-scihub-o.O-hup.908.pdf_5_p5_c4,docstructbench_llm-raw-scihub-o.O-hup.908.pdf_5_p5_c7,docstructbench_llm-raw-scihub-o.O-hup.908.pdf_5_p5_c5",1,True,1.0
What percentage of BPD patients reported excessive sedation as a major frustration?,1,docstructbench_llm-raw-scihub-o.O-hup.908.pdf_5_p5_c4,docstructbench_llm-raw-scihub-o.O-hup.908.pdf_5_p5_c4,1,True,1.0
What percentage of BPD patients reported excessive sedation as a major frustration?,3,docstructbench_llm-raw-scihub-o.O-hup.908.pdf_5_p5_c4,"docstructbench_llm-raw-scihub-o.O-hup.908.pdf_5_p5_c4,docstructbench_llm-raw-scihub-o.O-hup.908.pdf_5_p5_c3,docstructbench_llm-raw-scihub-o.O-hup.908.pdf_5_p5_c6",1,True,1.0
What percentage of BPD patients reported excessive sedation as a major frustration?,5,docstructbench_llm-raw-scihub-o.O-hup.908.pdf_5_p5_c4,"docstructbench_llm-raw-scihub-o.O-hup.908.pdf_5_p5_c4,docstructbench_llm-raw-scihub-o.O-hup.908.pdf_5_p5_c3,docstructbench_llm-raw-scihub-o.O-hup.908.pdf_5_p5_c6,docstructbench_llm-raw-scihub-o.O-hup.908.pdf_5_p5_c5,docstructbench_llm-raw-scihub-o.O-hup.908.pdf_5_p5_c1",1,True,1.0
What percentage of patients cited medication side-effects as a frustration?,1,docstructbench_llm-raw-scihub-o.O-hup.908.pdf_5_p5_c5,docstructbench_llm-raw-scihub-o.O-hup.908.pdf_5_p5_c5,1,True,1.0
What percentage of patients cited medication side-effects as a frustration?,3,docstructbench_llm-raw-scihub-o.O-hup.908.pdf_5_p5_c5,"docstructbench_llm-raw-scihub-o.O-hup.908.pdf_5_p5_c5,docstructbench_llm-raw-scihub-o.O-hup.908.pdf_5_p5_c3,docstructbench_llm-raw-scihub-o.O-hup.908.pdf_5_p5_c6",1,True,1.0
What percentage of patients cited medication side-effects as a frustration?,5,docstructbench_llm-raw-scihub-o.O-hup.908.pdf_5_p5_c5,"docstructbench_llm-raw-scihub-o.O-hup.908.pdf_5_p5_c5,docstructbench_llm-raw-scihub-o.O-hup.908.pdf_5_p5_c3,docstructbench_llm-raw-scihub-o.O-hup.908.pdf_5_p5_c6,docstructbench_llm-raw-scihub-o.O-hup.908.pdf_5_p5_c4,docstructbench_llm-raw-scihub-o.O-hup.908.pdf_5_p5_c1",1,True,1.0
What percentage of patients needed improvement in mood-stabilization according to psychiatrists?,1,docstructbench_llm-raw-scihub-o.O-hup.908.pdf_5_p5_c6,docstructbench_llm-raw-scihub-o.O-hup.908.pdf_5_p5_c6,1,True,1.0
What percentage of patients needed improvement in mood-stabilization according to psychiatrists?,3,docstructbench_llm-raw-scihub-o.O-hup.908.pdf_5_p5_c6,"docstructbench_llm-raw-scihub-o.O-hup.908.pdf_5_p5_c6,docstructbench_llm-raw-scihub-o.O-hup.908.pdf_5_p5_c5,docstructbench_llm-raw-scihub-o.O-hup.908.pdf_5_p5_c7",1,True,1.0
What percentage of patients needed improvement in mood-stabilization according to psychiatrists?,5,docstructbench_llm-raw-scihub-o.O-hup.908.pdf_5_p5_c6,"docstructbench_llm-raw-scihub-o.O-hup.908.pdf_5_p5_c6,docstructbench_llm-raw-scihub-o.O-hup.908.pdf_5_p5_c5,docstructbench_llm-raw-scihub-o.O-hup.908.pdf_5_p5_c7,docstructbench_llm-raw-scihub-o.O-hup.908.pdf_5_p5_c3,docstructbench_llm-raw-scihub-o.O-hup.908.pdf_5_p5_c4",1,True,1.0
What percentage of BPD patients experienced weight-gain in association with current treatment?,1,docstructbench_llm-raw-scihub-o.O-hup.908.pdf_5_p5_c7,docstructbench_llm-raw-scihub-o.O-hup.908.pdf_5_p5_c7,1,True,1.0
What percentage of BPD patients experienced weight-gain in association with current treatment?,3,docstructbench_llm-raw-scihub-o.O-hup.908.pdf_5_p5_c7,"docstructbench_llm-raw-scihub-o.O-hup.908.pdf_5_p5_c7,docstructbench_llm-raw-scihub-o.O-hup.908.pdf_5_p5_c6,docstructbench_llm-raw-scihub-o.O-hup.908.pdf_5_p5_c3",1,True,1.0
What percentage of BPD patients experienced weight-gain in association with current treatment?,5,docstructbench_llm-raw-scihub-o.O-hup.908.pdf_5_p5_c7,"docstructbench_llm-raw-scihub-o.O-hup.908.pdf_5_p5_c7,docstructbench_llm-raw-scihub-o.O-hup.908.pdf_5_p5_c6,docstructbench_llm-raw-scihub-o.O-hup.908.pdf_5_p5_c3,docstructbench_llm-raw-scihub-o.O-hup.908.pdf_5_p5_c1,docstructbench_llm-raw-scihub-o.O-hup.908.pdf_5_p5_c2",1,True,1.0
What were the two conditions identified as problems of particular clinical concern?,1,docstructbench_llm-raw-scihub-o.O-hup.908.pdf_5_p5_c8,docstructbench_llm-raw-scihub-o.O-hup.908.pdf_5_p5_c7,0,False,0.0
What were the two conditions identified as problems of particular clinical concern?,3,docstructbench_llm-raw-scihub-o.O-hup.908.pdf_5_p5_c8,"docstructbench_llm-raw-scihub-o.O-hup.908.pdf_5_p5_c7,docstructbench_llm-raw-scihub-o.O-hup.908.pdf_5_p5_c8,docstructbench_llm-raw-scihub-o.O-hup.908.pdf_5_p5_c5",2,True,1.0
What were the two conditions identified as problems of particular clinical concern?,5,docstructbench_llm-raw-scihub-o.O-hup.908.pdf_5_p5_c8,"docstructbench_llm-raw-scihub-o.O-hup.908.pdf_5_p5_c7,docstructbench_llm-raw-scihub-o.O-hup.908.pdf_5_p5_c8,docstructbench_llm-raw-scihub-o.O-hup.908.pdf_5_p5_c5,docstructbench_llm-raw-scihub-o.O-hup.908.pdf_5_p5_c4,scihub_prrv.2001.0150.pdf_0_p0_c1",2,True,1.0
哪些领域成为跨法域金融监管新热点？,1,yanbaor2_89c3718f5a45179ef57a5063c6df36fc2c9b7e3ab4275f4905ed89f1c17232ea.pdf_14_p14_c0,yanbaor2_89c3718f5a45179ef57a5063c6df36fc2c9b7e3ab4275f4905ed89f1c17232ea.pdf_14_p14_c0,1,True,1.0
哪些领域成为跨法域金融监管新热点？,3,yanbaor2_89c3718f5a45179ef57a5063c6df36fc2c9b7e3ab4275f4905ed89f1c17232ea.pdf_14_p14_c0,"yanbaor2_89c3718f5a45179ef57a5063c6df36fc2c9b7e3ab4275f4905ed89f1c17232ea.pdf_14_p14_c0,eastmoney_f671ab94bf8b8274d6736f1a3dc775b3b74fa68686df2946aa5307b6b2a32062.pdf_18_p18_c1,eastmoney_e42b6e1cd2d48113ff4db8854e539d828d632bf9b1757e10cb8ddb2cfc7b1393.pdf_12_p12_c3",1,True,1.0
哪些领域成为跨法域金融监管新热点？,5,yanbaor2_89c3718f5a45179ef57a5063c6df36fc2c9b7e3ab4275f4905ed89f1c17232ea.pdf_14_p14_c0,"yanbaor2_89c3718f5a45179ef57a5063c6df36fc2c9b7e3ab4275f4905ed89f1c17232ea.pdf_14_p14_c0,eastmoney_f671ab94bf8b8274d6736f1a3dc775b3b74fa68686df2946aa5307b6b2a32062.pdf_18_p18_c1,eastmoney_e42b6e1cd2d48113ff4db8854e539d828d632bf9b1757e10cb8ddb2cfc7b1393.pdf_12_p12_c3,yanbaor2_89c3718f5a45179ef57a5063c6df36fc2c9b7e3ab4275f4905ed89f1c17232ea.pdf_14_p14_c6,eastmoney_f671ab94bf8b8274d6736f1a3dc775b3b74fa68686df2946aa5307b6b2a32062.pdf_18_p18_c2",1,True,1.0
Which country has all the listed data protection rights marked as checked?,1,yanbaor2_89c3718f5a45179ef57a5063c6df36fc2c9b7e3ab4275f4905ed89f1c17232ea.pdf_14_p14_c2,yanbaor2_89c3718f5a45179ef57a5063c6df36fc2c9b7e3ab4275f4905ed89f1c17232ea.pdf_14_p14_c2,1,True,1.0
Which country has all the listed data protection rights marked as checked?,3,yanbaor2_89c3718f5a45179ef57a5063c6df36fc2c9b7e3ab4275f4905ed89f1c17232ea.pdf_14_p14_c2,"yanbaor2_89c3718f5a45179ef57a5063c6df36fc2c9b7e3ab4275f4905ed89f1c17232ea.pdf_14_p14_c2,yanbaor2_89c3718f5a45179ef57a5063c6df36fc2c9b7e3ab4275f4905ed89f1c17232ea.pdf_14_p14_c3,scihub_ijcac.2012040101.pdf_5_p5_c3",1,True,1.0
Which country has all the listed data protection rights marked as checked?,5,yanbaor2_89c3718f5a45179ef57a5063c6df36fc2c9b7e3ab4275f4905ed89f1c17232ea.pdf_14_p14_c2,"yanbaor2_89c3718f5a45179ef57a5063c6df36fc2c9b7e3ab4275f4905ed89f1c17232ea.pdf_14_p14_c2,yanbaor2_89c3718f5a45179ef57a5063c6df36fc2c9b7e3ab4275f4905ed89f1c17232ea.pdf_14_p14_c3,scihub_ijcac.2012040101.pdf_5_p5_c3,magazine_TheEconomist.2024.03.09_page_064_p64_c2,yanbaor2_89c3718f5a45179ef57a5063c6df36fc2c9b7e3ab4275f4905ed89f1c17232ea.pdf_14_p14_c4",1,True,1.0
What is the requirement for Singapore regarding voluntary notification?,1,yanbaor2_89c3718f5a45179ef57a5063c6df36fc2c9b7e3ab4275f4905ed89f1c17232ea.pdf_14_p14_c3,yanbaor2_89c3718f5a45179ef57a5063c6df36fc2c9b7e3ab4275f4905ed89f1c17232ea.pdf_14_p14_c3,1,True,1.0
What is the requirement for Singapore regarding voluntary notification?,3,yanbaor2_89c3718f5a45179ef57a5063c6df36fc2c9b7e3ab4275f4905ed89f1c17232ea.pdf_14_p14_c3,"yanbaor2_89c3718f5a45179ef57a5063c6df36fc2c9b7e3ab4275f4905ed89f1c17232ea.pdf_14_p14_c3,newspaper_The Globe and Mail - 2025-1-8@magazinesclubnew_page_014_p14_c6,yanbaor2_89c3718f5a45179ef57a5063c6df36fc2c9b7e3ab4275f4905ed89f1c17232ea.pdf_14_p14_c2",1,True,1.0
What is the requirement for Singapore regarding voluntary notification?,5,yanbaor2_89c3718f5a45179ef57a5063c6df36fc2c9b7e3ab4275f4905ed89f1c17232ea.pdf_14_p14_c3,"yanbaor2_89c3718f5a45179ef57a5063c6df36fc2c9b7e3ab4275f4905ed89f1c17232ea.pdf_14_p14_c3,newspaper_The Globe and Mail - 2025-1-8@magazinesclubnew_page_014_p14_c6,yanbaor2_89c3718f5a45179ef57a5063c6df36fc2c9b7e3ab4275f4905ed89f1c17232ea.pdf_14_p14_c2,newspaper_The Globe and Mail - 2025-1-8@magazinesclubnew_page_014_p14_c5,yanbaopptmerge_5473246b8da789b9bfdeef53a70c4d72afd480415d5cbcedb83d105856710328.pdf_8_p8_c0",1,True,1.0
数据隐私保护如何影响开放银行发展？,1,yanbaor2_89c3718f5a45179ef57a5063c6df36fc2c9b7e3ab4275f4905ed89f1c17232ea.pdf_14_p14_c6,yanbaor2_89c3718f5a45179ef57a5063c6df36fc2c9b7e3ab4275f4905ed89f1c17232ea.pdf_14_p14_c6,1,True,1.0
数据隐私保护如何影响开放银行发展？,3,yanbaor2_89c3718f5a45179ef57a5063c6df36fc2c9b7e3ab4275f4905ed89f1c17232ea.pdf_14_p14_c6,"yanbaor2_89c3718f5a45179ef57a5063c6df36fc2c9b7e3ab4275f4905ed89f1c17232ea.pdf_14_p14_c6,yanbaor2_89c3718f5a45179ef57a5063c6df36fc2c9b7e3ab4275f4905ed89f1c17232ea.pdf_14_p14_c0,yanbaor2_7f386f737cb55cffa10c8321a94bd38d7169cd69b3b253b9e2e502c12a68feea.pdf_15_p15_c0",1,True,1.0
数据隐私保护如何影响开放银行发展？,5,yanbaor2_89c3718f5a45179ef57a5063c6df36fc2c9b7e3ab4275f4905ed89f1c17232ea.pdf_14_p14_c6,"yanbaor2_89c3718f5a45179ef57a5063c6df36fc2c9b7e3ab4275f4905ed89f1c17232ea.pdf_14_p14_c6,yanbaor2_89c3718f5a45179ef57a5063c6df36fc2c9b7e3ab4275f4905ed89f1c17232ea.pdf_14_p14_c0,yanbaor2_7f386f737cb55cffa10c8321a94bd38d7169cd69b3b253b9e2e502c12a68feea.pdf_15_p15_c0,yanbaor2_89c3718f5a45179ef57a5063c6df36fc2c9b7e3ab4275f4905ed89f1c17232ea.pdf_14_p14_c1,yanbaopptmerge_0c79d327060dbf9f1582d03c235dadb039533a19091d2c0d24f2ad95d267f79b.pdf_2_p2_c2",1,True,1.0
What does the sensorgram show regarding the binding and dissociation between the immobilized ligand and the analyte?,1,docstructbench_llm-raw-scihub-o.O-j.ab.2007.11.016.pdf_5_p5_c0,docstructbench_llm-raw-scihub-o.O-j.ab.2007.11.016.pdf_5_p5_c0,1,True,1.0
What does the sensorgram show regarding the binding and dissociation between the immobilized ligand and the analyte?,3,docstructbench_llm-raw-scihub-o.O-j.ab.2007.11.016.pdf_5_p5_c0,"docstructbench_llm-raw-scihub-o.O-j.ab.2007.11.016.pdf_5_p5_c0,docstructbench_llm-raw-scihub-o.O-j.ab.2007.11.016.pdf_5_p5_c2,scihub_s00586-010-1656-7.pdf_3_p3_c5",1,True,1.0
What does the sensorgram show regarding the binding and dissociation between the immobilized ligand and the analyte?,5,docstructbench_llm-raw-scihub-o.O-j.ab.2007.11.016.pdf_5_p5_c0,"docstructbench_llm-raw-scihub-o.O-j.ab.2007.11.016.pdf_5_p5_c0,docstructbench_llm-raw-scihub-o.O-j.ab.2007.11.016.pdf_5_p5_c2,scihub_s00586-010-1656-7.pdf_3_p3_c5,scihub_s11661-013-1726-7.pdf_2_p2_c1,scihub_bloodadvances.2019030924.pdf_3_p3_c1",1,True,1.0
What percentage of the total intensity do the peaks corresponding to the complexes with bPrP represent for the peptide [140–160]?,1,docstructbench_llm-raw-scihub-o.O-j.ab.2007.11.016.pdf_5_p5_c1,docstructbench_llm-raw-scihub-o.O-j.ab.2007.11.016.pdf_5_p5_c1,1,True,1.0
What percentage of the total intensity do the peaks corresponding to the complexes with bPrP represent for the peptide [140–160]?,3,docstructbench_llm-raw-scihub-o.O-j.ab.2007.11.016.pdf_5_p5_c1,"docstructbench_llm-raw-scihub-o.O-j.ab.2007.11.016.pdf_5_p5_c1,docstructbench_llm-raw-scihub-o.O-j.ab.2007.11.016.pdf_5_p5_c2,docstructbench_llm-raw-scihub-o.O-j.ab.2007.11.016.pdf_5_p5_c0",1,True,1.0
What percentage of the total intensity do the peaks corresponding to the complexes with bPrP represent for the peptide [140–160]?,5,docstructbench_llm-raw-scihub-o.O-j.ab.2007.11.016.pdf_5_p5_c1,"docstructbench_llm-raw-scihub-o.O-j.ab.2007.11.016.pdf_5_p5_c1,docstructbench_llm-raw-scihub-o.O-j.ab.2007.11.016.pdf_5_p5_c2,docstructbench_llm-raw-scihub-o.O-j.ab.2007.11.016.pdf_5_p5_c0,docstructbench_llm-raw-scihub-o.O-j.chroma.2005.05.085.pdf_4_p4_c8,docstructbench_llm-raw-scihub-o.O-j.chroma.2005.03.134.pdf_6_p6_c4",1,True,1.0
What are the RU final values for the mixture of 1E5 with peptide [145–165] and 1E5 alone?,1,docstructbench_llm-raw-scihub-o.O-j.ab.2007.11.016.pdf_5_p5_c2,docstructbench_llm-raw-scihub-o.O-j.ab.2007.11.016.pdf_5_p5_c2,1,True,1.0
What are the RU final values for the mixture of 1E5 with peptide [145–165] and 1E5 alone?,3,docstructbench_llm-raw-scihub-o.O-j.ab.2007.11.016.pdf_5_p5_c2,"docstructbench_llm-raw-scihub-o.O-j.ab.2007.11.016.pdf_5_p5_c2,docstructbench_llm-raw-scihub-o.O-j.ab.2007.11.016.pdf_5_p5_c1,docstructbench_llm-raw-scihub-o.O-j.ab.2007.11.016.pdf_5_p5_c0",1,True,1.0
What are the RU final values for the mixture of 1E5 with peptide [145–165] and 1E5 alone?,5,docstructbench_llm-raw-scihub-o.O-j.ab.2007.11.016.pdf_5_p5_c2,"docstructbench_llm-raw-scihub-o.O-j.ab.2007.11.016.pdf_5_p5_c2,docstructbench_llm-raw-scihub-o.O-j.ab.2007.11.016.pdf_5_p5_c1,docstructbench_llm-raw-scihub-o.O-j.ab.2007.11.016.pdf_5_p5_c0,docstructbench_llm-raw-scihub-o.O-j.chroma.2005.03.134.pdf_6_p6_c4,docstructbench_llm-raw-scihub-o.O-j.chroma.2005.05.085.pdf_4_p4_c7",1,True,1.0
王老师买了多少套书？,1,yanbaopptmerge_yanbaoPPT_5675_p5675_c0,yanbaopptmerge_yanbaoPPT_5675_p5675_c0,1,True,1.0
王老师买了多少套书？,3,yanbaopptmerge_yanbaoPPT_5675_p5675_c0,"yanbaopptmerge_yanbaoPPT_5675_p5675_c0,jiaocaineedrop_jiaocai_needrop_en_3937_p3937_c0,docstructbench_dianzishu_zhongwenzaixian-o.O-61323717.pdf_203_p203_c4",1,True,1.0
王老师买了多少套书？,5,yanbaopptmerge_yanbaoPPT_5675_p5675_c0,"yanbaopptmerge_yanbaoPPT_5675_p5675_c0,jiaocaineedrop_jiaocai_needrop_en_3937_p3937_c0,docstructbench_dianzishu_zhongwenzaixian-o.O-61323717.pdf_203_p203_c4,newspaper_b95d1d8eb0d756cc94a5d8b5db3cf69b_1_p1_c1,jiaocaineedrop_jiaocai_needrop_en_3274_p3274_c1",1,True,1.0
What is the notation used to denote that d divides a?,1,book_en_国外数学教材-数论-Melvyn B. Nathanson—Elementary Methods in Number Theory_0017_p17_c0,book_en_国外数学教材-数论-Melvyn B. Nathanson—Elementary Methods in Number Theory_0017_p17_c0,1,True,1.0
What is the notation used to denote that d divides a?,3,book_en_国外数学教材-数论-Melvyn B. Nathanson—Elementary Methods in Number Theory_0017_p17_c0,"book_en_国外数学教材-数论-Melvyn B. Nathanson—Elementary Methods in Number Theory_0017_p17_c0,book_en_国外数学教材-数论-Melvyn B. Nathanson—Elementary Methods in Number Theory_0017_p17_c1,exam_paper_en-file-putnam-archive_2012_Solutions_2012s_page_001_p1_c0",1,True,1.0
What is the notation used to denote that d divides a?,5,book_en_国外数学教材-数论-Melvyn B. Nathanson—Elementary Methods in Number Theory_0017_p17_c0,"book_en_国外数学教材-数论-Melvyn B. Nathanson—Elementary Methods in Number Theory_0017_p17_c0,book_en_国外数学教材-数论-Melvyn B. Nathanson—Elementary Methods in Number Theory_0017_p17_c1,exam_paper_en-file-putnam-archive_2012_Solutions_2012s_page_001_p1_c0,exam_paper_en-file-putnam-archive_1999_Solutions_1999s_page_003_p3_c0,jiaocaineedrop_Chapter9.pdf_46_p46_c1",1,True,1.0
What is the condition for a nonempty set of integers to contain a smallest element?,1,book_en_国外数学教材-数论-Melvyn B. Nathanson—Elementary Methods in Number Theory_0017_p17_c1,book_en_国外数学教材-数论-Melvyn B. Nathanson—Elementary Methods in Number Theory_0017_p17_c1,1,True,1.0
What is the condition for a nonempty set of integers to contain a smallest element?,3,book_en_国外数学教材-数论-Melvyn B. Nathanson—Elementary Methods in Number Theory_0017_p17_c1,"book_en_国外数学教材-数论-Melvyn B. Nathanson—Elementary Methods in Number Theory_0017_p17_c1,book_en_国外数学教材-数论-Melvyn B. Nathanson—Elementary Methods in Number Theory_0017_p17_c0,exam_paper_en-file-putnam-archive_2012_Solutions_2012s_page_001_p1_c4",1,True,1.0
What is the condition for a nonempty set of integers to contain a smallest element?,5,book_en_国外数学教材-数论-Melvyn B. Nathanson—Elementary Methods in Number Theory_0017_p17_c1,"book_en_国外数学教材-数论-Melvyn B. Nathanson—Elementary Methods in Number Theory_0017_p17_c1,book_en_国外数学教材-数论-Melvyn B. Nathanson—Elementary Methods in Number Theory_0017_p17_c0,exam_paper_en-file-putnam-archive_2012_Solutions_2012s_page_001_p1_c4,exam_paper_en-file-putnam-archive_2009_Solutions_2009s_page_003_p3_c6,jiaocaineedrop_96657786.pdf_0_p0_c1",1,True,1.0
哪些县市被评为全国粮食生产先进县（农场）标兵？,1,newspaper_0b1bb8d03b4287eb95f67b68c2cf9f92_1_p1_c0,newspaper_0b1bb8d03b4287eb95f67b68c2cf9f92_1_p1_c0,1,True,1.0
哪些县市被评为全国粮食生产先进县（农场）标兵？,3,newspaper_0b1bb8d03b4287eb95f67b68c2cf9f92_1_p1_c0,"newspaper_0b1bb8d03b4287eb95f67b68c2cf9f92_1_p1_c0,newspaper_0b1bb8d03b4287eb95f67b68c2cf9f92_1_p1_c3,newspaper_2c69e142b52dbb30cac2cb11d3eb25e5_1_p1_c6",1,True,1.0
哪些县市被评为全国粮食生产先进县（农场）标兵？,5,newspaper_0b1bb8d03b4287eb95f67b68c2cf9f92_1_p1_c0,"newspaper_0b1bb8d03b4287eb95f67b68c2cf9f92_1_p1_c0,newspaper_0b1bb8d03b4287eb95f67b68c2cf9f92_1_p1_c3,newspaper_2c69e142b52dbb30cac2cb11d3eb25e5_1_p1_c6,newspaper_0b1bb8d03b4287eb95f67b68c2cf9f92_1_p1_c22,newspaper_0b1bb8d03b4287eb95f67b68c2cf9f92_1_p1_c7",1,True,1.0
谁是河南省农业机械管理局的先进工作者？,1,newspaper_0b1bb8d03b4287eb95f67b68c2cf9f92_1_p1_c1,newspaper_0b1bb8d03b4287eb95f67b68c2cf9f92_1_p1_c14,0,False,0.0
谁是河南省农业机械管理局的先进工作者？,3,newspaper_0b1bb8d03b4287eb95f67b68c2cf9f92_1_p1_c1,"newspaper_0b1bb8d03b4287eb95f67b68c2cf9f92_1_p1_c14,newspaper_0b1bb8d03b4287eb95f67b68c2cf9f92_1_p1_c1,newspaper_0b1bb8d03b4287eb95f67b68c2cf9f92_1_p1_c13",2,True,1.0
谁是河南省农业机械管理局的先进工作者？,5,newspaper_0b1bb8d03b4287eb95f67b68c2cf9f92_1_p1_c1,"newspaper_0b1bb8d03b4287eb95f67b68c2cf9f92_1_p1_c14,newspaper_0b1bb8d03b4287eb95f67b68c2cf9f92_1_p1_c1,newspaper_0b1bb8d03b4287eb95f67b68c2cf9f92_1_p1_c13,newspaper_0b1bb8d03b4287eb95f67b68c2cf9f92_1_p1_c12,newspaper_0b1bb8d03b4287eb95f67b68c2cf9f92_1_p1_c7",2,True,1.0
哪些县市属于江苏省的粮食生产先进县(农场)?,1,newspaper_0b1bb8d03b4287eb95f67b68c2cf9f92_1_p1_c3,newspaper_0b1bb8d03b4287eb95f67b68c2cf9f92_1_p1_c0,0,False,0.0
哪些县市属于江苏省的粮食生产先进县(农场)?,3,newspaper_0b1bb8d03b4287eb95f67b68c2cf9f92_1_p1_c3,"newspaper_0b1bb8d03b4287eb95f67b68c2cf9f92_1_p1_c0,newspaper_0b1bb8d03b4287eb95f67b68c2cf9f92_1_p1_c3,newspaper_0b1bb8d03b4287eb95f67b68c2cf9f92_1_p1_c2",2,True,1.0
哪些县市属于江苏省的粮食生产先进县(农场)?,5,newspaper_0b1bb8d03b4287eb95f67b68c2cf9f92_1_p1_c3,"newspaper_0b1bb8d03b4287eb95f67b68c2cf9f92_1_p1_c0,newspaper_0b1bb8d03b4287eb95f67b68c2cf9f92_1_p1_c3,newspaper_0b1bb8d03b4287eb95f67b68c2cf9f92_1_p1_c2,newspaper_0b1bb8d03b4287eb95f67b68c2cf9f92_1_p1_c4,newspaper_0b1bb8d03b4287eb95f67b68c2cf9f92_1_p1_c26",2,True,1.0
黑龙江省的哪些县市属于淀淮农场？,1,newspaper_0b1bb8d03b4287eb95f67b68c2cf9f92_1_p1_c4,newspaper_0b1bb8d03b4287eb95f67b68c2cf9f92_1_p1_c4,1,True,1.0
黑龙江省的哪些县市属于淀淮农场？,3,newspaper_0b1bb8d03b4287eb95f67b68c2cf9f92_1_p1_c4,"newspaper_0b1bb8d03b4287eb95f67b68c2cf9f92_1_p1_c4,newspaper_0b1bb8d03b4287eb95f67b68c2cf9f92_1_p1_c0,newspaper_0b1bb8d03b4287eb95f67b68c2cf9f92_1_p1_c6",1,True,1.0
黑龙江省的哪些县市属于淀淮农场？,5,newspaper_0b1bb8d03b4287eb95f67b68c2cf9f92_1_p1_c4,"newspaper_0b1bb8d03b4287eb95f67b68c2cf9f92_1_p1_c4,newspaper_0b1bb8d03b4287eb95f67b68c2cf9f92_1_p1_c0,newspaper_0b1bb8d03b4287eb95f67b68c2cf9f92_1_p1_c6,newspaper_0b1bb8d03b4287eb95f67b68c2cf9f92_1_p1_c7,newspaper_0b1bb8d03b4287eb95f67b68c2cf9f92_1_p1_c24",1,True,1.0
哪个县属于湖北省？,1,newspaper_0b1bb8d03b4287eb95f67b68c2cf9f92_1_p1_c5,newspaper_0b1bb8d03b4287eb95f67b68c2cf9f92_1_p1_c0,0,False,0.0
哪个县属于湖北省？,3,newspaper_0b1bb8d03b4287eb95f67b68c2cf9f92_1_p1_c5,"newspaper_0b1bb8d03b4287eb95f67b68c2cf9f92_1_p1_c0,newspaper_0b1bb8d03b4287eb95f67b68c2cf9f92_1_p1_c5,color_textbook_zhonggaokao_小学_KET听说读写逐项突破_KET听说读写逐项突破之轻松搞定KET写作25分 【10讲 褚连一】_第10讲第十课写作Part9小作文练习_第十课写作Part9小作文练习_page_010_p10_c2",2,True,1.0
哪个县属于湖北省？,5,newspaper_0b1bb8d03b4287eb95f67b68c2cf9f92_1_p1_c5,"newspaper_0b1bb8d03b4287eb95f67b68c2cf9f92_1_p1_c0,newspaper_0b1bb8d03b4287eb95f67b68c2cf9f92_1_p1_c5,color_textbook_zhonggaokao_小学_KET听说读写逐项突破_KET听说读写逐项突破之轻松搞定KET写作25分 【10讲 褚连一】_第10讲第十课写作Part9小作文练习_第十课写作Part9小作文练习_page_010_p10_c2,color_textbook_zhonggaokao_小学_KET听说读写逐项突破_KET听说读写逐项突破之轻松搞定KET写作25分 【10讲 褚连一】_第10讲第十课写作Part9小作文练习_第十课写作Part9小作文练习_page_010_p10_c3,newspaper_0b1bb8d03b4287eb95f67b68c2cf9f92_1_p1_c33",2,True,1.0
哪些县属于重庆市？,1,newspaper_0b1bb8d03b4287eb95f67b68c2cf9f92_1_p1_c6,newspaper_0b1bb8d03b4287eb95f67b68c2cf9f92_1_p1_c0,0,False,0.0
哪些县属于重庆市？,3,newspaper_0b1bb8d03b4287eb95f67b68c2cf9f92_1_p1_c6,"newspaper_0b1bb8d03b4287eb95f67b68c2cf9f92_1_p1_c0,newspaper_0b1bb8d03b4287eb95f67b68c2cf9f92_1_p1_c6,newspaper_0b1bb8d03b4287eb95f67b68c2cf9f92_1_p1_c31",2,True,1.0
哪些县属于重庆市？,5,newspaper_0b1bb8d03b4287eb95f67b68c2cf9f92_1_p1_c6,"newspaper_0b1bb8d03b4287eb95f67b68c2cf9f92_1_p1_c0,newspaper_0b1bb8d03b4287eb95f67b68c2cf9f92_1_p1_c6,newspaper_0b1bb8d03b4287eb95f67b68c2cf9f92_1_p1_c31,newspaper_0b1bb8d03b4287eb95f67b68c2cf9f92_1_p1_c5,newspaper_0b1bb8d03b4287eb95f67b68c2cf9f92_1_p1_c17",2,True,1.0
哪个县的农业局负责植物检疫工作？,1,newspaper_0b1bb8d03b4287eb95f67b68c2cf9f92_1_p1_c7,newspaper_0b1bb8d03b4287eb95f67b68c2cf9f92_1_p1_c12,0,False,0.0
哪个县的农业局负责植物检疫工作？,3,newspaper_0b1bb8d03b4287eb95f67b68c2cf9f92_1_p1_c7,"newspaper_0b1bb8d03b4287eb95f67b68c2cf9f92_1_p1_c12,newspaper_0b1bb8d03b4287eb95f67b68c2cf9f92_1_p1_c7,newspaper_0b1bb8d03b4287eb95f67b68c2cf9f92_1_p1_c13",2,True,1.0
哪个县的农业局负责植物检疫工作？,5,newspaper_0b1bb8d03b4287eb95f67b68c2cf9f92_1_p1_c7,"newspaper_0b1bb8d03b4287eb95f67b68c2cf9f92_1_p1_c12,newspaper_0b1bb8d03b4287eb95f67b68c2cf9f92_1_p1_c7,newspaper_0b1bb8d03b4287eb95f67b68c2cf9f92_1_p1_c13,newspaper_0b1bb8d03b4287eb95f67b68c2cf9f92_1_p1_c11,newspaper_0b1bb8d03b4287eb95f67b68c2cf9f92_1_p1_c14",2,True,1.0
谁是通辽市农牧业局的负责人？,1,newspaper_0b1bb8d03b4287eb95f67b68c2cf9f92_1_p1_c8,newspaper_0b1bb8d03b4287eb95f67b68c2cf9f92_1_p1_c8,1,True,1.0
谁是通辽市农牧业局的负责人？,3,newspaper_0b1bb8d03b4287eb95f67b68c2cf9f92_1_p1_c8,"newspaper_0b1bb8d03b4287eb95f67b68c2cf9f92_1_p1_c8,newspaper_0b1bb8d03b4287eb95f67b68c2cf9f92_1_p1_c19,newspaper_0b1bb8d03b4287eb95f67b68c2cf9f92_1_p1_c9",1,True,1.0
谁是通辽市农牧业局的负责人？,5,newspaper_0b1bb8d03b4287eb95f67b68c2cf9f92_1_p1_c8,"newspaper_0b1bb8d03b4287eb95f67b68c2cf9f92_1_p1_c8,newspaper_0b1bb8d03b4287eb95f67b68c2cf9f92_1_p1_c19,newspaper_0b1bb8d03b4287eb95f67b68c2cf9f92_1_p1_c9,newspaper_0b1bb8d03b4287eb95f67b68c2cf9f92_1_p1_c1,newspaper_0b1bb8d03b4287eb95f67b68c2cf9f92_1_p1_c18",1,True,1.0
谁是黑龙江省农业技术推广站的负责人？,1,newspaper_0b1bb8d03b4287eb95f67b68c2cf9f92_1_p1_c9,newspaper_0b1bb8d03b4287eb95f67b68c2cf9f92_1_p1_c10,0,False,0.0
谁是黑龙江省农业技术推广站的负责人？,3,newspaper_0b1bb8d03b4287eb95f67b68c2cf9f92_1_p1_c9,"newspaper_0b1bb8d03b4287eb95f67b68c2cf9f92_1_p1_c10,newspaper_0b1bb8d03b4287eb95f67b68c2cf9f92_1_p1_c9,newspaper_0b1bb8d03b4287eb95f67b68c2cf9f92_1_p1_c20",2,True,1.0
谁是黑龙江省农业技术推广站的负责人？,5,newspaper_0b1bb8d03b4287eb95f67b68c2cf9f92_1_p1_c9,"newspaper_0b1bb8d03b4287eb95f67b68c2cf9f92_1_p1_c10,newspaper_0b1bb8d03b4287eb95f67b68c2cf9f92_1_p1_c9,newspaper_0b1bb8d03b4287eb95f67b68c2cf9f92_1_p1_c20,newspaper_0b1bb8d03b4287eb95f67b68c2cf9f92_1_p1_c1,newspaper_0b1bb8d03b4287eb95f67b68c2cf9f92_1_p1_c18",2,True,1.0
谁是黑龙江省农业技术推广站的负责人？,1,newspaper_0b1bb8d03b4287eb95f67b68c2cf9f92_1_p1_c10,newspaper_0b1bb8d03b4287eb95f67b68c2cf9f92_1_p1_c10,1,True,1.0
谁是黑龙江省农业技术推广站的负责人？,3,newspaper_0b1bb8d03b4287eb95f67b68c2cf9f92_1_p1_c10,"newspaper_0b1bb8d03b4287eb95f67b68c2cf9f92_1_p1_c10,newspaper_0b1bb8d03b4287eb95f67b68c2cf9f92_1_p1_c9,newspaper_0b1bb8d03b4287eb95f67b68c2cf9f92_1_p1_c20",1,True,1.0
谁是黑龙江省农业技术推广站的负责人？,5,newspaper_0b1bb8d03b4287eb95f67b68c2cf9f92_1_p1_c10,"newspaper_0b1bb8d03b4287eb95f67b68c2cf9f92_1_p1_c10,newspaper_0b1bb8d03b4287eb95f67b68c2cf9f92_1_p1_c9,newspaper_0b1bb8d03b4287eb95f67b68c2cf9f92_1_p1_c20,newspaper_0b1bb8d03b4287eb95f67b68c2cf9f92_1_p1_c1,newspaper_0b1bb8d03b4287eb95f67b68c2cf9f92_1_p1_c18",1,True,1.0
江苏省有哪些农业技术推广机构？,1,newspaper_0b1bb8d03b4287eb95f67b68c2cf9f92_1_p1_c11,newspaper_0b1bb8d03b4287eb95f67b68c2cf9f92_1_p1_c11,1,True,1.0
江苏省有哪些农业技术推广机构？,3,newspaper_0b1bb8d03b4287eb95f67b68c2cf9f92_1_p1_c11,"newspaper_0b1bb8d03b4287eb95f67b68c2cf9f92_1_p1_c11,newspaper_0b1bb8d03b4287eb95f67b68c2cf9f92_1_p1_c10,newspaper_0b1bb8d03b4287eb95f67b68c2cf9f92_1_p1_c12",1,True,1.0
江苏省有哪些农业技术推广机构？,5,newspaper_0b1bb8d03b4287eb95f67b68c2cf9f92_1_p1_c11,"newspaper_0b1bb8d03b4287eb95f67b68c2cf9f92_1_p1_c11,newspaper_0b1bb8d03b4287eb95f67b68c2cf9f92_1_p1_c10,newspaper_0b1bb8d03b4287eb95f67b68c2cf9f92_1_p1_c12,newspaper_2c69e142b52dbb30cac2cb11d3eb25e5_1_p1_c8,newspaper_0b1bb8d03b4287eb95f67b68c2cf9f92_1_p1_c18",1,True,1.0
安徽省有哪些农业委员会的人员？,1,newspaper_0b1bb8d03b4287eb95f67b68c2cf9f92_1_p1_c12,newspaper_0b1bb8d03b4287eb95f67b68c2cf9f92_1_p1_c11,0,False,0.0
安徽省有哪些农业委员会的人员？,3,newspaper_0b1bb8d03b4287eb95f67b68c2cf9f92_1_p1_c12,"newspaper_0b1bb8d03b4287eb95f67b68c2cf9f92_1_p1_c11,newspaper_0b1bb8d03b4287eb95f67b68c2cf9f92_1_p1_c12,newspaper_0b1bb8d03b4287eb95f67b68c2cf9f92_1_p1_c1",2,True,1.0
安徽省有哪些农业委员会的人员？,5,newspaper_0b1bb8d03b4287eb95f67b68c2cf9f92_1_p1_c12,"newspaper_0b1bb8d03b4287eb95f67b68c2cf9f92_1_p1_c11,newspaper_0b1bb8d03b4287eb95f67b68c2cf9f92_1_p1_c12,newspaper_0b1bb8d03b4287eb95f67b68c2cf9f92_1_p1_c1,newspaper_0b1bb8d03b4287eb95f67b68c2cf9f92_1_p1_c10,newspaper_0b1bb8d03b4287eb95f67b68c2cf9f92_1_p1_c18",2,True,1.0
谁是周口市农业机械管理局的负责人？,1,newspaper_0b1bb8d03b4287eb95f67b68c2cf9f92_1_p1_c14,newspaper_0b1bb8d03b4287eb95f67b68c2cf9f92_1_p1_c14,1,True,1.0
谁是周口市农业机械管理局的负责人？,3,newspaper_0b1bb8d03b4287eb95f67b68c2cf9f92_1_p1_c14,"newspaper_0b1bb8d03b4287eb95f67b68c2cf9f92_1_p1_c14,newspaper_0b1bb8d03b4287eb95f67b68c2cf9f92_1_p1_c13,newspaper_0b1bb8d03b4287eb95f67b68c2cf9f92_1_p1_c11",1,True,1.0
谁是周口市农业机械管理局的负责人？,5,newspaper_0b1bb8d03b4287eb95f67b68c2cf9f92_1_p1_c14,"newspaper_0b1bb8d03b4287eb95f67b68c2cf9f92_1_p1_c14,newspaper_0b1bb8d03b4287eb95f67b68c2cf9f92_1_p1_c13,newspaper_0b1bb8d03b4287eb95f67b68c2cf9f92_1_p1_c11,newspaper_0b1bb8d03b4287eb95f67b68c2cf9f92_1_p1_c12,newspaper_0b1bb8d03b4287eb95f67b68c2cf9f92_1_p1_c15",1,True,1.0
谁是阳江市农业和林业局的负责人？,1,newspaper_0b1bb8d03b4287eb95f67b68c2cf9f92_1_p1_c15,newspaper_0b1bb8d03b4287eb95f67b68c2cf9f92_1_p1_c15,1,True,1.0
谁是阳江市农业和林业局的负责人？,3,newspaper_0b1bb8d03b4287eb95f67b68c2cf9f92_1_p1_c15,"newspaper_0b1bb8d03b4287eb95f67b68c2cf9f92_1_p1_c15,newspaper_0b1bb8d03b4287eb95f67b68c2cf9f92_1_p1_c14,newspaper_0b1bb8d03b4287eb95f67b68c2cf9f92_1_p1_c13",1,True,1.0
谁是阳江市农业和林业局的负责人？,5,newspaper_0b1bb8d03b4287eb95f67b68c2cf9f92_1_p1_c15,"newspaper_0b1bb8d03b4287eb95f67b68c2cf9f92_1_p1_c15,newspaper_0b1bb8d03b4287eb95f67b68c2cf9f92_1_p1_c14,newspaper_0b1bb8d03b4287eb95f67b68c2cf9f92_1_p1_c13,newspaper_0b1bb8d03b4287eb95f67b68c2cf9f92_1_p1_c19,newspaper_0b1bb8d03b4287eb95f67b68c2cf9f92_1_p1_c12",1,True,1.0
谁是衡阳市衡东县农业局的负责人？,1,newspaper_0b1bb8d03b4287eb95f67b68c2cf9f92_1_p1_c16,newspaper_0b1bb8d03b4287eb95f67b68c2cf9f92_1_p1_c16,1,True,1.0
谁是衡阳市衡东县农业局的负责人？,3,newspaper_0b1bb8d03b4287eb95f67b68c2cf9f92_1_p1_c16,"newspaper_0b1bb8d03b4287eb95f67b68c2cf9f92_1_p1_c16,newspaper_0b1bb8d03b4287eb95f67b68c2cf9f92_1_p1_c14,newspaper_0b1bb8d03b4287eb95f67b68c2cf9f92_1_p1_c13",1,True,1.0
谁是衡阳市衡东县农业局的负责人？,5,newspaper_0b1bb8d03b4287eb95f67b68c2cf9f92_1_p1_c16,"newspaper_0b1bb8d03b4287eb95f67b68c2cf9f92_1_p1_c16,newspaper_0b1bb8d03b4287eb95f67b68c2cf9f92_1_p1_c14,newspaper_0b1bb8d03b4287eb95f67b68c2cf9f92_1_p1_c13,newspaper_0b1bb8d03b4287eb95f67b68c2cf9f92_1_p1_c12,newspaper_0b1bb8d03b4287eb95f67b68c2cf9f92_1_p1_c11",1,True,1.0
重庆市农业委员会的工作人员是谁？,1,newspaper_0b1bb8d03b4287eb95f67b68c2cf9f92_1_p1_c17,newspaper_0b1bb8d03b4287eb95f67b68c2cf9f92_1_p1_c17,1,True,1.0
重庆市农业委员会的工作人员是谁？,3,newspaper_0b1bb8d03b4287eb95f67b68c2cf9f92_1_p1_c17,"newspaper_0b1bb8d03b4287eb95f67b68c2cf9f92_1_p1_c17,newspaper_0b1bb8d03b4287eb95f67b68c2cf9f92_1_p1_c16,newspaper_0b1bb8d03b4287eb95f67b68c2cf9f92_1_p1_c1",1,True,1.0
重庆市农业委员会的工作人员是谁？,5,newspaper_0b1bb8d03b4287eb95f67b68c2cf9f92_1_p1_c17,"newspaper_0b1bb8d03b4287eb95f67b68c2cf9f92_1_p1_c17,newspaper_0b1bb8d03b4287eb95f67b68c2cf9f92_1_p1_c16,newspaper_0b1bb8d03b4287eb95f67b68c2cf9f92_1_p1_c1,newspaper_0b1bb8d03b4287eb95f67b68c2cf9f92_1_p1_c11,newspaper_0b1bb8d03b4287eb95f67b68c2cf9f92_1_p1_c18",1,True,1.0
谁是凉山彝族自治州农业局马铃薯产业办公室的负责人？,1,newspaper_0b1bb8d03b4287eb95f67b68c2cf9f92_1_p1_c18,newspaper_0b1bb8d03b4287eb95f67b68c2cf9f92_1_p1_c18,1,True,1.0
谁是凉山彝族自治州农业局马铃薯产业办公室的负责人？,3,newspaper_0b1bb8d03b4287eb95f67b68c2cf9f92_1_p1_c18,"newspaper_0b1bb8d03b4287eb95f67b68c2cf9f92_1_p1_c18,newspaper_fe2c8b45b2a086cd75984640bb3080e1_1_p1_c9,newspaper_0b1bb8d03b4287eb95f67b68c2cf9f92_1_p1_c19",1,True,1.0
谁是凉山彝族自治州农业局马铃薯产业办公室的负责人？,5,newspaper_0b1bb8d03b4287eb95f67b68c2cf9f92_1_p1_c18,"newspaper_0b1bb8d03b4287eb95f67b68c2cf9f92_1_p1_c18,newspaper_fe2c8b45b2a086cd75984640bb3080e1_1_p1_c9,newspaper_0b1bb8d03b4287eb95f67b68c2cf9f92_1_p1_c19,newspaper_0b1bb8d03b4287eb95f67b68c2cf9f92_1_p1_c20,newspaper_0b1bb8d03b4287eb95f67b68c2cf9f92_1_p1_c12",1,True,1.0
云南省农业技术推广总站的负责人是谁？,1,newspaper_0b1bb8d03b4287eb95f67b68c2cf9f92_1_p1_c19,newspaper_0b1bb8d03b4287eb95f67b68c2cf9f92_1_p1_c19,1,True,1.0
云南省农业技术推广总站的负责人是谁？,3,newspaper_0b1bb8d03b4287eb95f67b68c2cf9f92_1_p1_c19,"newspaper_0b1bb8d03b4287eb95f67b68c2cf9f92_1_p1_c19,newspaper_0b1bb8d03b4287eb95f67b68c2cf9f92_1_p1_c1,newspaper_0b1bb8d03b4287eb95f67b68c2cf9f92_1_p1_c18",1,True,1.0
云南省农业技术推广总站的负责人是谁？,5,newspaper_0b1bb8d03b4287eb95f67b68c2cf9f92_1_p1_c19,"newspaper_0b1bb8d03b4287eb95f67b68c2cf9f92_1_p1_c19,newspaper_0b1bb8d03b4287eb95f67b68c2cf9f92_1_p1_c1,newspaper_0b1bb8d03b4287eb95f67b68c2cf9f92_1_p1_c18,newspaper_0b1bb8d03b4287eb95f67b68c2cf9f92_1_p1_c16,newspaper_0b1bb8d03b4287eb95f67b68c2cf9f92_1_p1_c9",1,True,1.0
谁是黑龙江省农垦总局农业机械化管理局的负责人？,1,newspaper_0b1bb8d03b4287eb95f67b68c2cf9f92_1_p1_c20,newspaper_0b1bb8d03b4287eb95f67b68c2cf9f92_1_p1_c21,0,False,0.0
谁是黑龙江省农垦总局农业机械化管理局的负责人？,3,newspaper_0b1bb8d03b4287eb95f67b68c2cf9f92_1_p1_c20,"newspaper_0b1bb8d03b4287eb95f67b68c2cf9f92_1_p1_c21,newspaper_0b1bb8d03b4287eb95f67b68c2cf9f92_1_p1_c9,newspaper_0b1bb8d03b4287eb95f67b68c2cf9f92_1_p1_c20",3,True,1.0
谁是黑龙江省农垦总局农业机械化管理局的负责人？,5,newspaper_0b1bb8d03b4287eb95f67b68c2cf9f92_1_p1_c20,"newspaper_0b1bb8d03b4287eb95f67b68c2cf9f92_1_p1_c21,newspaper_0b1bb8d03b4287eb95f67b68c2cf9f92_1_p1_c9,newspaper_0b1bb8d03b4287eb95f67b68c2cf9f92_1_p1_c20,newspaper_0b1bb8d03b4287eb95f67b68c2cf9f92_1_p1_c10,newspaper_0b1bb8d03b4287eb95f67b68c2cf9f92_1_p1_c1",3,True,1.0
谁是黑龙江省农垦总局北安分局的负责人？,1,newspaper_0b1bb8d03b4287eb95f67b68c2cf9f92_1_p1_c21,newspaper_0b1bb8d03b4287eb95f67b68c2cf9f92_1_p1_c21,1,True,1.0
谁是黑龙江省农垦总局北安分局的负责人？,3,newspaper_0b1bb8d03b4287eb95f67b68c2cf9f92_1_p1_c21,"newspaper_0b1bb8d03b4287eb95f67b68c2cf9f92_1_p1_c21,newspaper_0b1bb8d03b4287eb95f67b68c2cf9f92_1_p1_c20,newspaper_0b1bb8d03b4287eb95f67b68c2cf9f92_1_p1_c10",1,True,1.0
谁是黑龙江省农垦总局北安分局的负责人？,5,newspaper_0b1bb8d03b4287eb95f67b68c2cf9f92_1_p1_c21,"newspaper_0b1bb8d03b4287eb95f67b68c2cf9f92_1_p1_c21,newspaper_0b1bb8d03b4287eb95f67b68c2cf9f92_1_p1_c20,newspaper_0b1bb8d03b4287eb95f67b68c2cf9f92_1_p1_c10,newspaper_0b1bb8d03b4287eb95f67b68c2cf9f92_1_p1_c38,newspaper_0b1bb8d03b4287eb95f67b68c2cf9f92_1_p1_c39",1,True,1.0
谁是天津市唐海县第十农场李八廒生产队的负责人？,1,newspaper_0b1bb8d03b4287eb95f67b68c2cf9f92_1_p1_c22,newspaper_0b1bb8d03b4287eb95f67b68c2cf9f92_1_p1_c22,1,True,1.0
谁是天津市唐海县第十农场李八廒生产队的负责人？,3,newspaper_0b1bb8d03b4287eb95f67b68c2cf9f92_1_p1_c22,"newspaper_0b1bb8d03b4287eb95f67b68c2cf9f92_1_p1_c22,newspaper_0b1bb8d03b4287eb95f67b68c2cf9f92_1_p1_c21,newspaper_0b1bb8d03b4287eb95f67b68c2cf9f92_1_p1_c39",1,True,1.0
谁是天津市唐海县第十农场李八廒生产队的负责人？,5,newspaper_0b1bb8d03b4287eb95f67b68c2cf9f92_1_p1_c22,"newspaper_0b1bb8d03b4287eb95f67b68c2cf9f92_1_p1_c22,newspaper_0b1bb8d03b4287eb95f67b68c2cf9f92_1_p1_c21,newspaper_0b1bb8d03b4287eb95f67b68c2cf9f92_1_p1_c39,newspaper_0b1bb8d03b4287eb95f67b68c2cf9f92_1_p1_c0,newspaper_0b1bb8d03b4287eb95f67b68c2cf9f92_1_p1_c13",1,True,1.0
谁是来自长春市榆树市秀水镇大于村的人？,1,newspaper_0b1bb8d03b4287eb95f67b68c2cf9f92_1_p1_c23,newspaper_0b1bb8d03b4287eb95f67b68c2cf9f92_1_p1_c23,1,True,1.0
谁是来自长春市榆树市秀水镇大于村的人？,3,newspaper_0b1bb8d03b4287eb95f67b68c2cf9f92_1_p1_c23,"newspaper_0b1bb8d03b4287eb95f67b68c2cf9f92_1_p1_c23,newspaper_0b1bb8d03b4287eb95f67b68c2cf9f92_1_p1_c24,newspaper_0b1bb8d03b4287eb95f67b68c2cf9f92_1_p1_c37",1,True,1.0
谁是来自长春市榆树市秀水镇大于村的人？,5,newspaper_0b1bb8d03b4287eb95f67b68c2cf9f92_1_p1_c23,"newspaper_0b1bb8d03b4287eb95f67b68c2cf9f92_1_p1_c23,newspaper_0b1bb8d03b4287eb95f67b68c2cf9f92_1_p1_c24,newspaper_0b1bb8d03b4287eb95f67b68c2cf9f92_1_p1_c37,newspaper_0b1bb8d03b4287eb95f67b68c2cf9f92_1_p1_c36,newspaper_0b1bb8d03b4287eb95f67b68c2cf9f92_1_p1_c29",1,True,1.0
谁是呼伦贝尔市陈巴尔虎旗鄂温克苏木恩和嘎查的人？,1,newspaper_0b1bb8d03b4287eb95f67b68c2cf9f92_1_p1_c24,newspaper_0b1bb8d03b4287eb95f67b68c2cf9f92_1_p1_c24,1,True,1.0
谁是呼伦贝尔市陈巴尔虎旗鄂温克苏木恩和嘎查的人？,3,newspaper_0b1bb8d03b4287eb95f67b68c2cf9f92_1_p1_c24,"newspaper_0b1bb8d03b4287eb95f67b68c2cf9f92_1_p1_c24,color_textbook_zhonggaokao_小学_KET听说读写逐项突破_KET听说读写逐项突破之轻松搞定KET写作25分 【10讲 褚连一】_第10讲第十课写作Part9小作文练习_第十课写作Part9小作文练习_page_010_p10_c2,color_textbook_zhonggaokao_小学_KET听说读写逐项突破_KET听说读写逐项突破之轻松搞定KET写作25分 【10讲 褚连一】_第10讲第十课写作Part9小作文练习_第十课写作Part9小作文练习_page_010_p10_c3",1,True,1.0
谁是呼伦贝尔市陈巴尔虎旗鄂温克苏木恩和嘎查的人？,5,newspaper_0b1bb8d03b4287eb95f67b68c2cf9f92_1_p1_c24,"newspaper_0b1bb8d03b4287eb95f67b68c2cf9f92_1_p1_c24,color_textbook_zhonggaokao_小学_KET听说读写逐项突破_KET听说读写逐项突破之轻松搞定KET写作25分 【10讲 褚连一】_第10讲第十课写作Part9小作文练习_第十课写作Part9小作文练习_page_010_p10_c2,color_textbook_zhonggaokao_小学_KET听说读写逐项突破_KET听说读写逐项突破之轻松搞定KET写作25分 【10讲 褚连一】_第10讲第十课写作Part9小作文练习_第十课写作Part9小作文练习_page_010_p10_c3,newspaper_0b1bb8d03b4287eb95f67b68c2cf9f92_1_p1_c8,newspaper_0b1bb8d03b4287eb95f67b68c2cf9f92_1_p1_c37",1,True,1.0
谁是哈尔滨市通河县祥顺镇西六方村的村民？,1,newspaper_0b1bb8d03b4287eb95f67b68c2cf9f92_1_p1_c25,newspaper_0b1bb8d03b4287eb95f67b68c2cf9f92_1_p1_c25,1,True,1.0
谁是哈尔滨市通河县祥顺镇西六方村的村民？,3,newspaper_0b1bb8d03b4287eb95f67b68c2cf9f92_1_p1_c25,"newspaper_0b1bb8d03b4287eb95f67b68c2cf9f92_1_p1_c25,newspaper_0b1bb8d03b4287eb95f67b68c2cf9f92_1_p1_c37,newspaper_0b1bb8d03b4287eb95f67b68c2cf9f92_1_p1_c23",1,True,1.0
谁是哈尔滨市通河县祥顺镇西六方村的村民？,5,newspaper_0b1bb8d03b4287eb95f67b68c2cf9f92_1_p1_c25,"newspaper_0b1bb8d03b4287eb95f67b68c2cf9f92_1_p1_c25,newspaper_0b1bb8d03b4287eb95f67b68c2cf9f92_1_p1_c37,newspaper_0b1bb8d03b4287eb95f67b68c2cf9f92_1_p1_c23,newspaper_0b1bb8d03b4287eb95f67b68c2cf9f92_1_p1_c31,newspaper_0b1bb8d03b4287eb95f67b68c2cf9f92_1_p1_c26",1,True,1.0
谁是苏州市吴江市同里镇北联村的村民？,1,newspaper_0b1bb8d03b4287eb95f67b68c2cf9f92_1_p1_c26,color_textbook_zhonggaokao_小学_KET听说读写逐项突破_KET听说读写逐项突破之轻松搞定KET写作25分 【10讲 褚连一】_第10讲第十课写作Part9小作文练习_第十课写作Part9小作文练习_page_010_p10_c2,0,False,0.0
谁是苏州市吴江市同里镇北联村的村民？,3,newspaper_0b1bb8d03b4287eb95f67b68c2cf9f92_1_p1_c26,"color_textbook_zhonggaokao_小学_KET听说读写逐项突破_KET听说读写逐项突破之轻松搞定KET写作25分 【10讲 褚连一】_第10讲第十课写作Part9小作文练习_第十课写作Part9小作文练习_page_010_p10_c2,color_textbook_zhonggaokao_小学_KET听说读写逐项突破_KET听说读写逐项突破之轻松搞定KET写作25分 【10讲 褚连一】_第10讲第十课写作Part9小作文练习_第十课写作Part9小作文练习_page_010_p10_c3,newspaper_0b1bb8d03b4287eb95f67b68c2cf9f92_1_p1_c26",3,True,1.0
谁是苏州市吴江市同里镇北联村的村民？,5,newspaper_0b1bb8d03b4287eb95f67b68c2cf9f92_1_p1_c26,"color_textbook_zhonggaokao_小学_KET听说读写逐项突破_KET听说读写逐项突破之轻松搞定KET写作25分 【10讲 褚连一】_第10讲第十课写作Part9小作文练习_第十课写作Part9小作文练习_page_010_p10_c2,color_textbook_zhonggaokao_小学_KET听说读写逐项突破_KET听说读写逐项突破之轻松搞定KET写作25分 【10讲 褚连一】_第10讲第十课写作Part9小作文练习_第十课写作Part9小作文练习_page_010_p10_c3,newspaper_0b1bb8d03b4287eb95f67b68c2cf9f92_1_p1_c26,newspaper_0b1bb8d03b4287eb95f67b68c2cf9f92_1_p1_c33,newspaper_0b1bb8d03b4287eb95f67b68c2cf9f92_1_p1_c37",3,True,1.0
谁是安庆市望江县鸦滩镇码头村的村民？,1,newspaper_0b1bb8d03b4287eb95f67b68c2cf9f92_1_p1_c27,newspaper_0b1bb8d03b4287eb95f67b68c2cf9f92_1_p1_c27,1,True,1.0
谁是安庆市望江县鸦滩镇码头村的村民？,3,newspaper_0b1bb8d03b4287eb95f67b68c2cf9f92_1_p1_c27,"newspaper_0b1bb8d03b4287eb95f67b68c2cf9f92_1_p1_c27,newspaper_e62730aaeb9b509119e0c3699ac18201_1_p1_c5,newspaper_0b1bb8d03b4287eb95f67b68c2cf9f92_1_p1_c36",1,True,1.0
谁是安庆市望江县鸦滩镇码头村的村民？,5,newspaper_0b1bb8d03b4287eb95f67b68c2cf9f92_1_p1_c27,"newspaper_0b1bb8d03b4287eb95f67b68c2cf9f92_1_p1_c27,newspaper_e62730aaeb9b509119e0c3699ac18201_1_p1_c5,newspaper_0b1bb8d03b4287eb95f67b68c2cf9f92_1_p1_c36,newspaper_e62730aaeb9b509119e0c3699ac18201_1_p1_c1,newspaper_0b1bb8d03b4287eb95f67b68c2cf9f92_1_p1_c25",1,True,1.0
哪个村庄的村民是陈幕龙？,1,newspaper_0b1bb8d03b4287eb95f67b68c2cf9f92_1_p1_c28,newspaper_0b1bb8d03b4287eb95f67b68c2cf9f92_1_p1_c28,1,True,1.0
哪个村庄的村民是陈幕龙？,3,newspaper_0b1bb8d03b4287eb95f67b68c2cf9f92_1_p1_c28,"newspaper_0b1bb8d03b4287eb95f67b68c2cf9f92_1_p1_c28,newspaper_0b1bb8d03b4287eb95f67b68c2cf9f92_1_p1_c27,newspaper_0b1bb8d03b4287eb95f67b68c2cf9f92_1_p1_c26",1,True,1.0
哪个村庄的村民是陈幕龙？,5,newspaper_0b1bb8d03b4287eb95f67b68c2cf9f92_1_p1_c28,"newspaper_0b1bb8d03b4287eb95f67b68c2cf9f92_1_p1_c28,newspaper_0b1bb8d03b4287eb95f67b68c2cf9f92_1_p1_c27,newspaper_0b1bb8d03b4287eb95f67b68c2cf9f92_1_p1_c26,newspaper_0b1bb8d03b4287eb95f67b68c2cf9f92_1_p1_c31,newspaper_0b1bb8d03b4287eb95f67b68c2cf9f92_1_p1_c22",1,True,1.0
哪个村民属于上饶市余干县大溪乡大溪村？,1,newspaper_0b1bb8d03b4287eb95f67b68c2cf9f92_1_p1_c29,newspaper_0b1bb8d03b4287eb95f67b68c2cf9f92_1_p1_c29,1,True,1.0
哪个村民属于上饶市余干县大溪乡大溪村？,3,newspaper_0b1bb8d03b4287eb95f67b68c2cf9f92_1_p1_c29,"newspaper_0b1bb8d03b4287eb95f67b68c2cf9f92_1_p1_c29,yanbaopptmerge_yanbaoPPT_4635_p4635_c0,color_textbook_zhonggaokao_小学_KET听说读写逐项突破_KET听说读写逐项突破之轻松搞定KET写作25分 【10讲 褚连一】_第10讲第十课写作Part9小作文练习_第十课写作Part9小作文练习_page_010_p10_c2",1,True,1.0
哪个村民属于上饶市余干县大溪乡大溪村？,5,newspaper_0b1bb8d03b4287eb95f67b68c2cf9f92_1_p1_c29,"newspaper_0b1bb8d03b4287eb95f67b68c2cf9f92_1_p1_c29,yanbaopptmerge_yanbaoPPT_4635_p4635_c0,color_textbook_zhonggaokao_小学_KET听说读写逐项突破_KET听说读写逐项突破之轻松搞定KET写作25分 【10讲 褚连一】_第10讲第十课写作Part9小作文练习_第十课写作Part9小作文练习_page_010_p10_c2,color_textbook_zhonggaokao_小学_KET听说读写逐项突破_KET听说读写逐项突破之轻松搞定KET写作25分 【10讲 褚连一】_第10讲第十课写作Part9小作文练习_第十课写作Part9小作文练习_page_010_p10_c3,newspaper_0b1bb8d03b4287eb95f67b68c2cf9f92_1_p1_c28",1,True,1.0
谁是来自潍坊市寒亭区固堤街道办事处高庄村的人？,1,newspaper_0b1bb8d03b4287eb95f67b68c2cf9f92_1_p1_c30,newspaper_0b1bb8d03b4287eb95f67b68c2cf9f92_1_p1_c30,1,True,1.0
谁是来自潍坊市寒亭区固堤街道办事处高庄村的人？,3,newspaper_0b1bb8d03b4287eb95f67b68c2cf9f92_1_p1_c30,"newspaper_0b1bb8d03b4287eb95f67b68c2cf9f92_1_p1_c30,newspaper_0b1bb8d03b4287eb95f67b68c2cf9f92_1_p1_c33,newspaper_0b1bb8d03b4287eb95f67b68c2cf9f92_1_p1_c37",1,True,1.0
谁是来自潍坊市寒亭区固堤街道办事处高庄村的人？,5,newspaper_0b1bb8d03b4287eb95f67b68c2cf9f92_1_p1_c30,"newspaper_0b1bb8d03b4287eb95f67b68c2cf9f92_1_p1_c30,newspaper_0b1bb8d03b4287eb95f67b68c2cf9f92_1_p1_c33,newspaper_0b1bb8d03b4287eb95f67b68c2cf9f92_1_p1_c37,newspaper_0b1bb8d03b4287eb95f67b68c2cf9f92_1_p1_c31,newspaper_0b1bb8d03b4287eb95f67b68c2cf9f92_1_p1_c28",1,True,1.0
谁是驻马店市遂平县石寨铺镇李集村的人？,1,newspaper_0b1bb8d03b4287eb95f67b68c2cf9f92_1_p1_c31,newspaper_0b1bb8d03b4287eb95f67b68c2cf9f92_1_p1_c31,1,True,1.0
谁是驻马店市遂平县石寨铺镇李集村的人？,3,newspaper_0b1bb8d03b4287eb95f67b68c2cf9f92_1_p1_c31,"newspaper_0b1bb8d03b4287eb95f67b68c2cf9f92_1_p1_c31,color_textbook_zhonggaokao_小学_KET听说读写逐项突破_KET听说读写逐项突破之轻松搞定KET写作25分 【10讲 褚连一】_第10讲第十课写作Part9小作文练习_第十课写作Part9小作文练习_page_010_p10_c3,newspaper_0b1bb8d03b4287eb95f67b68c2cf9f92_1_p1_c32",1,True,1.0
谁是驻马店市遂平县石寨铺镇李集村的人？,5,newspaper_0b1bb8d03b4287eb95f67b68c2cf9f92_1_p1_c31,"newspaper_0b1bb8d03b4287eb95f67b68c2cf9f92_1_p1_c31,color_textbook_zhonggaokao_小学_KET听说读写逐项突破_KET听说读写逐项突破之轻松搞定KET写作25分 【10讲 褚连一】_第10讲第十课写作Part9小作文练习_第十课写作Part9小作文练习_page_010_p10_c3,newspaper_0b1bb8d03b4287eb95f67b68c2cf9f92_1_p1_c32,newspaper_0b1bb8d03b4287eb95f67b68c2cf9f92_1_p1_c37,newspaper_0b1bb8d03b4287eb95f67b68c2cf9f92_1_p1_c28",1,True,1.0
谁是襄阳市襄州区峪山镇宋冲村的村民？,1,newspaper_0b1bb8d03b4287eb95f67b68c2cf9f92_1_p1_c32,newspaper_0b1bb8d03b4287eb95f67b68c2cf9f92_1_p1_c32,1,True,1.0
谁是襄阳市襄州区峪山镇宋冲村的村民？,3,newspaper_0b1bb8d03b4287eb95f67b68c2cf9f92_1_p1_c32,"newspaper_0b1bb8d03b4287eb95f67b68c2cf9f92_1_p1_c32,color_textbook_zhonggaokao_小学_KET听说读写逐项突破_KET听说读写逐项突破之轻松搞定KET写作25分 【10讲 褚连一】_第10讲第十课写作Part9小作文练习_第十课写作Part9小作文练习_page_010_p10_c2,color_textbook_zhonggaokao_小学_KET听说读写逐项突破_KET听说读写逐项突破之轻松搞定KET写作25分 【10讲 褚连一】_第10讲第十课写作Part9小作文练习_第十课写作Part9小作文练习_page_010_p10_c3",1,True,1.0
谁是襄阳市襄州区峪山镇宋冲村的村民？,5,newspaper_0b1bb8d03b4287eb95f67b68c2cf9f92_1_p1_c32,"newspaper_0b1bb8d03b4287eb95f67b68c2cf9f92_1_p1_c32,color_textbook_zhonggaokao_小学_KET听说读写逐项突破_KET听说读写逐项突破之轻松搞定KET写作25分 【10讲 褚连一】_第10讲第十课写作Part9小作文练习_第十课写作Part9小作文练习_page_010_p10_c2,color_textbook_zhonggaokao_小学_KET听说读写逐项突破_KET听说读写逐项突破之轻松搞定KET写作25分 【10讲 褚连一】_第10讲第十课写作Part9小作文练习_第十课写作Part9小作文练习_page_010_p10_c3,newspaper_e62730aaeb9b509119e0c3699ac18201_1_p1_c4,newspaper_e62730aaeb9b509119e0c3699ac18201_1_p1_c5",1,True,1.0
谁是岳阳市平江县三市镇永安村的村民？,1,newspaper_0b1bb8d03b4287eb95f67b68c2cf9f92_1_p1_c33,newspaper_0b1bb8d03b4287eb95f67b68c2cf9f92_1_p1_c33,1,True,1.0
谁是岳阳市平江县三市镇永安村的村民？,3,newspaper_0b1bb8d03b4287eb95f67b68c2cf9f92_1_p1_c33,"newspaper_0b1bb8d03b4287eb95f67b68c2cf9f92_1_p1_c33,color_textbook_zhonggaokao_小学_KET听说读写逐项突破_KET听说读写逐项突破之轻松搞定KET写作25分 【10讲 褚连一】_第10讲第十课写作Part9小作文练习_第十课写作Part9小作文练习_page_010_p10_c2,color_textbook_zhonggaokao_小学_KET听说读写逐项突破_KET听说读写逐项突破之轻松搞定KET写作25分 【10讲 褚连一】_第10讲第十课写作Part9小作文练习_第十课写作Part9小作文练习_page_010_p10_c3",1,True,1.0
谁是岳阳市平江县三市镇永安村的村民？,5,newspaper_0b1bb8d03b4287eb95f67b68c2cf9f92_1_p1_c33,"newspaper_0b1bb8d03b4287eb95f67b68c2cf9f92_1_p1_c33,color_textbook_zhonggaokao_小学_KET听说读写逐项突破_KET听说读写逐项突破之轻松搞定KET写作25分 【10讲 褚连一】_第10讲第十课写作Part9小作文练习_第十课写作Part9小作文练习_page_010_p10_c2,color_textbook_zhonggaokao_小学_KET听说读写逐项突破_KET听说读写逐项突破之轻松搞定KET写作25分 【10讲 褚连一】_第10讲第十课写作Part9小作文练习_第十课写作Part9小作文练习_page_010_p10_c3,newspaper_e62730aaeb9b509119e0c3699ac18201_1_p1_c5,newspaper_0b1bb8d03b4287eb95f67b68c2cf9f92_1_p1_c25",1,True,1.0
哪个镇的村民居住在金融街8号？,1,newspaper_0b1bb8d03b4287eb95f67b68c2cf9f92_1_p1_c34,newspaper_0b1bb8d03b4287eb95f67b68c2cf9f92_1_p1_c34,1,True,1.0
哪个镇的村民居住在金融街8号？,3,newspaper_0b1bb8d03b4287eb95f67b68c2cf9f92_1_p1_c34,"newspaper_0b1bb8d03b4287eb95f67b68c2cf9f92_1_p1_c34,newspaper_b95d1d8eb0d756cc94a5d8b5db3cf69b_1_p1_c5,newspaper_0b1bb8d03b4287eb95f67b68c2cf9f92_1_p1_c22",1,True,1.0
哪个镇的村民居住在金融街8号？,5,newspaper_0b1bb8d03b4287eb95f67b68c2cf9f92_1_p1_c34,"newspaper_0b1bb8d03b4287eb95f67b68c2cf9f92_1_p1_c34,newspaper_b95d1d8eb0d756cc94a5d8b5db3cf69b_1_p1_c5,newspaper_0b1bb8d03b4287eb95f67b68c2cf9f92_1_p1_c22,newspaper_0b1bb8d03b4287eb95f67b68c2cf9f92_1_p1_c31,newspaper_0b1bb8d03b4287eb95f67b68c2cf9f92_1_p1_c26",1,True,1.0
谁是德阳市广汉市连山镇锦花村的村民？,1,newspaper_0b1bb8d03b4287eb95f67b68c2cf9f92_1_p1_c35,newspaper_0b1bb8d03b4287eb95f67b68c2cf9f92_1_p1_c35,1,True,1.0
谁是德阳市广汉市连山镇锦花村的村民？,3,newspaper_0b1bb8d03b4287eb95f67b68c2cf9f92_1_p1_c35,"newspaper_0b1bb8d03b4287eb95f67b68c2cf9f92_1_p1_c35,color_textbook_zhonggaokao_小学_KET听说读写逐项突破_KET听说读写逐项突破之轻松搞定KET写作25分 【10讲 褚连一】_第10讲第十课写作Part9小作文练习_第十课写作Part9小作文练习_page_010_p10_c2,color_textbook_zhonggaokao_小学_KET听说读写逐项突破_KET听说读写逐项突破之轻松搞定KET写作25分 【10讲 褚连一】_第10讲第十课写作Part9小作文练习_第十课写作Part9小作文练习_page_010_p10_c3",1,True,1.0
谁是德阳市广汉市连山镇锦花村的村民？,5,newspaper_0b1bb8d03b4287eb95f67b68c2cf9f92_1_p1_c35,"newspaper_0b1bb8d03b4287eb95f67b68c2cf9f92_1_p1_c35,color_textbook_zhonggaokao_小学_KET听说读写逐项突破_KET听说读写逐项突破之轻松搞定KET写作25分 【10讲 褚连一】_第10讲第十课写作Part9小作文练习_第十课写作Part9小作文练习_page_010_p10_c2,color_textbook_zhonggaokao_小学_KET听说读写逐项突破_KET听说读写逐项突破之轻松搞定KET写作25分 【10讲 褚连一】_第10讲第十课写作Part9小作文练习_第十课写作Part9小作文练习_page_010_p10_c3,newspaper_0b1bb8d03b4287eb95f67b68c2cf9f92_1_p1_c37,newspaper_0b1bb8d03b4287eb95f67b68c2cf9f92_1_p1_c23",1,True,1.0
谁是铜仁地区思南县塘头镇沙都村的人？,1,newspaper_0b1bb8d03b4287eb95f67b68c2cf9f92_1_p1_c36,newspaper_0b1bb8d03b4287eb95f67b68c2cf9f92_1_p1_c36,1,True,1.0
谁是铜仁地区思南县塘头镇沙都村的人？,3,newspaper_0b1bb8d03b4287eb95f67b68c2cf9f92_1_p1_c36,"newspaper_0b1bb8d03b4287eb95f67b68c2cf9f92_1_p1_c36,color_textbook_zhonggaokao_小学_KET听说读写逐项突破_KET听说读写逐项突破之轻松搞定KET写作25分 【10讲 褚连一】_第10讲第十课写作Part9小作文练习_第十课写作Part9小作文练习_page_010_p10_c2,color_textbook_zhonggaokao_小学_KET听说读写逐项突破_KET听说读写逐项突破之轻松搞定KET写作25分 【10讲 褚连一】_第10讲第十课写作Part9小作文练习_第十课写作Part9小作文练习_page_010_p10_c3",1,True,1.0
谁是铜仁地区思南县塘头镇沙都村的人？,5,newspaper_0b1bb8d03b4287eb95f67b68c2cf9f92_1_p1_c36,"newspaper_0b1bb8d03b4287eb95f67b68c2cf9f92_1_p1_c36,color_textbook_zhonggaokao_小学_KET听说读写逐项突破_KET听说读写逐项突破之轻松搞定KET写作25分 【10讲 褚连一】_第10讲第十课写作Part9小作文练习_第十课写作Part9小作文练习_page_010_p10_c2,color_textbook_zhonggaokao_小学_KET听说读写逐项突破_KET听说读写逐项突破之轻松搞定KET写作25分 【10讲 褚连一】_第10讲第十课写作Part9小作文练习_第十课写作Part9小作文练习_page_010_p10_c3,newspaper_0b1bb8d03b4287eb95f67b68c2cf9f92_1_p1_c37,newspaper_0b1bb8d03b4287eb95f67b68c2cf9f92_1_p1_c27",1,True,1.0
哪个村的村民是来自甘肃省白银市景泰县一条山镇石门村？,1,newspaper_0b1bb8d03b4287eb95f67b68c2cf9f92_1_p1_c37,newspaper_0b1bb8d03b4287eb95f67b68c2cf9f92_1_p1_c37,1,True,1.0
哪个村的村民是来自甘肃省白银市景泰县一条山镇石门村？,3,newspaper_0b1bb8d03b4287eb95f67b68c2cf9f92_1_p1_c37,"newspaper_0b1bb8d03b4287eb95f67b68c2cf9f92_1_p1_c37,color_textbook_zhonggaokao_小学_KET听说读写逐项突破_KET听说读写逐项突破之轻松搞定KET写作25分 【10讲 褚连一】_第10讲第十课写作Part9小作文练习_第十课写作Part9小作文练习_page_010_p10_c2,color_textbook_zhonggaokao_小学_KET听说读写逐项突破_KET听说读写逐项突破之轻松搞定KET写作25分 【10讲 褚连一】_第10讲第十课写作Part9小作文练习_第十课写作Part9小作文练习_page_010_p10_c3",1,True,1.0
哪个村的村民是来自甘肃省白银市景泰县一条山镇石门村？,5,newspaper_0b1bb8d03b4287eb95f67b68c2cf9f92_1_p1_c37,"newspaper_0b1bb8d03b4287eb95f67b68c2cf9f92_1_p1_c37,color_textbook_zhonggaokao_小学_KET听说读写逐项突破_KET听说读写逐项突破之轻松搞定KET写作25分 【10讲 褚连一】_第10讲第十课写作Part9小作文练习_第十课写作Part9小作文练习_page_010_p10_c2,color_textbook_zhonggaokao_小学_KET听说读写逐项突破_KET听说读写逐项突破之轻松搞定KET写作25分 【10讲 褚连一】_第10讲第十课写作Part9小作文练习_第十课写作Part9小作文练习_page_010_p10_c3,yanbaopptmerge_yanbaoPPT_4635_p4635_c0,newspaper_0b1bb8d03b4287eb95f67b68c2cf9f92_1_p1_c27",1,True,1.0
哪个村庄属于海东地区化隆回族自治县巴燕镇下加合村？,1,newspaper_0b1bb8d03b4287eb95f67b68c2cf9f92_1_p1_c38,newspaper_0b1bb8d03b4287eb95f67b68c2cf9f92_1_p1_c38,1,True,1.0
哪个村庄属于海东地区化隆回族自治县巴燕镇下加合村？,3,newspaper_0b1bb8d03b4287eb95f67b68c2cf9f92_1_p1_c38,"newspaper_0b1bb8d03b4287eb95f67b68c2cf9f92_1_p1_c38,color_textbook_zhonggaokao_小学_KET听说读写逐项突破_KET听说读写逐项突破之轻松搞定KET写作25分 【10讲 褚连一】_第10讲第十课写作Part9小作文练习_第十课写作Part9小作文练习_page_010_p10_c2,color_textbook_zhonggaokao_小学_KET听说读写逐项突破_KET听说读写逐项突破之轻松搞定KET写作25分 【10讲 褚连一】_第10讲第十课写作Part9小作文练习_第十课写作Part9小作文练习_page_010_p10_c3",1,True,1.0
哪个村庄属于海东地区化隆回族自治县巴燕镇下加合村？,5,newspaper_0b1bb8d03b4287eb95f67b68c2cf9f92_1_p1_c38,"newspaper_0b1bb8d03b4287eb95f67b68c2cf9f92_1_p1_c38,color_textbook_zhonggaokao_小学_KET听说读写逐项突破_KET听说读写逐项突破之轻松搞定KET写作25分 【10讲 褚连一】_第10讲第十课写作Part9小作文练习_第十课写作Part9小作文练习_page_010_p10_c2,color_textbook_zhonggaokao_小学_KET听说读写逐项突破_KET听说读写逐项突破之轻松搞定KET写作25分 【10讲 褚连一】_第10讲第十课写作Part9小作文练习_第十课写作Part9小作文练习_page_010_p10_c3,newspaper_0b1bb8d03b4287eb95f67b68c2cf9f92_1_p1_c31,newspaper_b95d1d8eb0d756cc94a5d8b5db3cf69b_1_p1_c5",1,True,1.0
谁是农四师七十七团的成员？,1,newspaper_0b1bb8d03b4287eb95f67b68c2cf9f92_1_p1_c39,newspaper_0b1bb8d03b4287eb95f67b68c2cf9f92_1_p1_c39,1,True,1.0
谁是农四师七十七团的成员？,3,newspaper_0b1bb8d03b4287eb95f67b68c2cf9f92_1_p1_c39,"newspaper_0b1bb8d03b4287eb95f67b68c2cf9f92_1_p1_c39,color_textbook_zhonggaokao_小学_KET听说读写逐项突破_KET听说读写逐项突破之轻松搞定KET写作25分 【10讲 褚连一】_第10讲第十课写作Part9小作文练习_第十课写作Part9小作文练习_page_010_p10_c2,color_textbook_zhonggaokao_小学_KET听说读写逐项突破_KET听说读写逐项突破之轻松搞定KET写作25分 【10讲 褚连一】_第10讲第十课写作Part9小作文练习_第十课写作Part9小作文练习_page_010_p10_c3",1,True,1.0
谁是农四师七十七团的成员？,5,newspaper_0b1bb8d03b4287eb95f67b68c2cf9f92_1_p1_c39,"newspaper_0b1bb8d03b4287eb95f67b68c2cf9f92_1_p1_c39,color_textbook_zhonggaokao_小学_KET听说读写逐项突破_KET听说读写逐项突破之轻松搞定KET写作25分 【10讲 褚连一】_第10讲第十课写作Part9小作文练习_第十课写作Part9小作文练习_page_010_p10_c2,color_textbook_zhonggaokao_小学_KET听说读写逐项突破_KET听说读写逐项突破之轻松搞定KET写作25分 【10讲 褚连一】_第10讲第十课写作Part9小作文练习_第十课写作Part9小作文练习_page_010_p10_c3,newspaper_0b1bb8d03b4287eb95f67b68c2cf9f92_1_p1_c21,newspaper_0b1bb8d03b4287eb95f67b68c2cf9f92_1_p1_c2",1,True,1.0
What did Apple Maps incorrectly relocate according to the text?,1,magazine_TheEconomist.2024.03.09_page_064_p64_c0,magazine_TheEconomist.2024.03.09_page_064_p64_c0,1,True,1.0
What did Apple Maps incorrectly relocate according to the text?,3,magazine_TheEconomist.2024.03.09_page_064_p64_c0,"magazine_TheEconomist.2024.03.09_page_064_p64_c0,magazine_TheEconomist.2024.03.09_page_064_p64_c1,newspaper_The Globe and Mail - 2025-1-8@magazinesclubnew_page_014_p14_c5",1,True,1.0
What did Apple Maps incorrectly relocate according to the text?,5,magazine_TheEconomist.2024.03.09_page_064_p64_c0,"magazine_TheEconomist.2024.03.09_page_064_p64_c0,magazine_TheEconomist.2024.03.09_page_064_p64_c1,newspaper_The Globe and Mail - 2025-1-8@magazinesclubnew_page_014_p14_c5,newspaper_The Globe and Mail - 2025-1-8@magazinesclubnew_page_014_p14_c4,newspaper_The Globe and Mail - 2025-1-8@magazinesclubnew_page_014_p14_c3",1,True,1.0
What was the main concern about Apple's innovation after Steve Jobs' death?,1,magazine_TheEconomist.2024.03.09_page_064_p64_c1,magazine_TheEconomist.2024.03.09_page_064_p64_c0,0,False,0.0
What was the main concern about Apple's innovation after Steve Jobs' death?,3,magazine_TheEconomist.2024.03.09_page_064_p64_c1,"magazine_TheEconomist.2024.03.09_page_064_p64_c0,magazine_TheEconomist.2024.03.09_page_064_p64_c1,magazine_TheEconomist.2024.03.09_page_064_p64_c2",2,True,1.0
What was the main concern about Apple's innovation after Steve Jobs' death?,5,magazine_TheEconomist.2024.03.09_page_064_p64_c1,"magazine_TheEconomist.2024.03.09_page_064_p64_c0,magazine_TheEconomist.2024.03.09_page_064_p64_c1,magazine_TheEconomist.2024.03.09_page_064_p64_c2,magazine_TheEconomist.2024.03.09_page_064_p64_c3,magazine_TheEconomist.2024.03.09_page_064_p64_c9",2,True,1.0
What is the fine amount imposed on Apple by the EU competition watchdogs?,1,magazine_TheEconomist.2024.03.09_page_064_p64_c2,magazine_TheEconomist.2024.03.09_page_064_p64_c2,1,True,1.0
What is the fine amount imposed on Apple by the EU competition watchdogs?,3,magazine_TheEconomist.2024.03.09_page_064_p64_c2,"magazine_TheEconomist.2024.03.09_page_064_p64_c2,magazine_TheEconomist.2024.03.09_page_064_p64_c7,magazine_TheEconomist.2024.03.09_page_064_p64_c8",1,True,1.0
What is the fine amount imposed on Apple by the EU competition watchdogs?,5,magazine_TheEconomist.2024.03.09_page_064_p64_c2,"magazine_TheEconomist.2024.03.09_page_064_p64_c2,magazine_TheEconomist.2024.03.09_page_064_p64_c7,magazine_TheEconomist.2024.03.09_page_064_p64_c8,newspaper_35bdaa11dec104ccbdc9e19ac8527d21_1_p1_c3,magazine_TheEconomist.2024.03.09_page_064_p64_c1",1,True,1.0
What hopes do people have pinned on Apple's annual developer conference?,1,magazine_TheEconomist.2024.03.09_page_064_p64_c3,magazine_TheEconomist.2024.03.09_page_064_p64_c3,1,True,1.0
What hopes do people have pinned on Apple's annual developer conference?,3,magazine_TheEconomist.2024.03.09_page_064_p64_c3,"magazine_TheEconomist.2024.03.09_page_064_p64_c3,magazine_TheEconomist.2024.03.09_page_064_p64_c1,magazine_TheEconomist.2024.03.09_page_064_p64_c2",1,True,1.0
What hopes do people have pinned on Apple's annual developer conference?,5,magazine_TheEconomist.2024.03.09_page_064_p64_c3,"magazine_TheEconomist.2024.03.09_page_064_p64_c3,magazine_TheEconomist.2024.03.09_page_064_p64_c1,magazine_TheEconomist.2024.03.09_page_064_p64_c2,magazine_TheEconomist.2024.03.09_page_064_p64_c7,magazine_TheEconomist.2023.12.23_page_012_p12_c7",1,True,1.0
When did Apple launch its first large-screen device?,1,magazine_TheEconomist.2024.03.09_page_064_p64_c4,magazine_TheEconomist.2024.03.09_page_064_p64_c4,1,True,1.0
When did Apple launch its first large-screen device?,3,magazine_TheEconomist.2024.03.09_page_064_p64_c4,"magazine_TheEconomist.2024.03.09_page_064_p64_c4,magazine_TheEconomist.2024.03.09_page_064_p64_c0,magazine_TheEconomist.2024.03.09_page_064_p64_c1",1,True,1.0
When did Apple launch its first large-screen device?,5,magazine_TheEconomist.2024.03.09_page_064_p64_c4,"magazine_TheEconomist.2024.03.09_page_064_p64_c4,magazine_TheEconomist.2024.03.09_page_064_p64_c0,magazine_TheEconomist.2024.03.09_page_064_p64_c1,newspaper_The Globe and Mail - 2025-1-8@magazinesclubnew_page_014_p14_c5,magazine_TheEconomist.2023.12.23_page_012_p12_c4",1,True,1.0
What does Horace Dediu say about gen AI features?,1,magazine_TheEconomist.2024.03.09_page_064_p64_c5,magazine_TheEconomist.2024.03.09_page_064_p64_c6,0,False,0.0
What does Horace Dediu say about gen AI features?,3,magazine_TheEconomist.2024.03.09_page_064_p64_c5,"magazine_TheEconomist.2024.03.09_page_064_p64_c6,magazine_TheEconomist.2024.03.09_page_064_p64_c5,magazine_TheEconomist.2024.03.09_page_064_p64_c2",2,True,1.0
What does Horace Dediu say about gen AI features?,5,magazine_TheEconomist.2024.03.09_page_064_p64_c5,"magazine_TheEconomist.2024.03.09_page_064_p64_c6,magazine_TheEconomist.2024.03.09_page_064_p64_c5,magazine_TheEconomist.2024.03.09_page_064_p64_c2,magazine_TheEconomist.2024.03.09_page_064_p64_c3,magazine_TheEconomist.2024.03.09_page_064_p64_c7",2,True,1.0
What was Apple's previous ten-year project that it scrapped?,1,magazine_TheEconomist.2024.03.09_page_064_p64_c6,magazine_TheEconomist.2024.03.09_page_064_p64_c6,1,True,1.0
What was Apple's previous ten-year project that it scrapped?,3,magazine_TheEconomist.2024.03.09_page_064_p64_c6,"magazine_TheEconomist.2024.03.09_page_064_p64_c6,magazine_TheEconomist.2024.03.09_page_064_p64_c1,magazine_TheEconomist.2024.03.09_page_064_p64_c4",1,True,1.0
What was Apple's previous ten-year project that it scrapped?,5,magazine_TheEconomist.2024.03.09_page_064_p64_c6,"magazine_TheEconomist.2024.03.09_page_064_p64_c6,magazine_TheEconomist.2024.03.09_page_064_p64_c1,magazine_TheEconomist.2024.03.09_page_064_p64_c4,magazine_TheEconomist.2024.03.09_page_064_p64_c3,magazine_TheEconomist.2024.03.09_page_064_p64_c0",1,True,1.0
What is the main gateway to gen AI according to the text?,1,magazine_TheEconomist.2024.03.09_page_064_p64_c7,magazine_TheEconomist.2024.03.09_page_064_p64_c7,1,True,1.0
What is the main gateway to gen AI according to the text?,3,magazine_TheEconomist.2024.03.09_page_064_p64_c7,"magazine_TheEconomist.2024.03.09_page_064_p64_c7,magazine_TheEconomist.2024.03.09_page_064_p64_c6,magazine_TheEconomist.2024.03.09_page_064_p64_c5",1,True,1.0
What is the main gateway to gen AI according to the text?,5,magazine_TheEconomist.2024.03.09_page_064_p64_c7,"magazine_TheEconomist.2024.03.09_page_064_p64_c7,magazine_TheEconomist.2024.03.09_page_064_p64_c6,magazine_TheEconomist.2024.03.09_page_064_p64_c5,magazine_TheEconomist.2024.03.09_page_064_p64_c9,magazine_TheEconomist.2024.03.09_page_064_p64_c3",1,True,1.0
What is the main concern of Apple regarding third-party app marketplaces in Europe?,1,magazine_TheEconomist.2024.03.09_page_064_p64_c8,magazine_TheEconomist.2024.03.09_page_064_p64_c8,1,True,1.0
What is the main concern of Apple regarding third-party app marketplaces in Europe?,3,magazine_TheEconomist.2024.03.09_page_064_p64_c8,"magazine_TheEconomist.2024.03.09_page_064_p64_c8,magazine_TheEconomist.2024.03.09_page_064_p64_c7,magazine_TheEconomist.2024.03.09_page_064_p64_c2",1,True,1.0
What is the main concern of Apple regarding third-party app marketplaces in Europe?,5,magazine_TheEconomist.2024.03.09_page_064_p64_c8,"magazine_TheEconomist.2024.03.09_page_064_p64_c8,magazine_TheEconomist.2024.03.09_page_064_p64_c7,magazine_TheEconomist.2024.03.09_page_064_p64_c2,magazine_TheEconomist.2024.03.09_page_064_p64_c1,magazine_TheEconomist.2024.03.09_page_064_p64_c0",1,True,1.0
What does Cupertino mutter about its ability to innovate?,1,magazine_TheEconomist.2024.03.09_page_064_p64_c9,magazine_TheEconomist.2024.03.09_page_064_p64_c9,1,True,1.0
What does Cupertino mutter about its ability to innovate?,3,magazine_TheEconomist.2024.03.09_page_064_p64_c9,"magazine_TheEconomist.2024.03.09_page_064_p64_c9,magazine_TheEconomist.2024.03.09_page_064_p64_c1,magazine_TheEconomist.2024.03.09_page_064_p64_c4",1,True,1.0
What does Cupertino mutter about its ability to innovate?,5,magazine_TheEconomist.2024.03.09_page_064_p64_c9,"magazine_TheEconomist.2024.03.09_page_064_p64_c9,magazine_TheEconomist.2024.03.09_page_064_p64_c1,magazine_TheEconomist.2024.03.09_page_064_p64_c4,magazine_TheEconomist.2023.12.23_page_012_p12_c4,newspaper_fe2c8b45b2a086cd75984640bb3080e1_1_p1_c6",1,True,1.0
谁认为生命没有败笔？,1,yanbaopptmerge_yanbaoPPT_5620_p5620_c0,yanbaopptmerge_yanbaoPPT_5620_p5620_c0,1,True,1.0
谁认为生命没有败笔？,3,yanbaopptmerge_yanbaoPPT_5620_p5620_c0,"yanbaopptmerge_yanbaoPPT_5620_p5620_c0,jiaocaineedrop_jiaocai_needrop_en_155_p155_c2,newspaper_e62730aaeb9b509119e0c3699ac18201_1_p1_c14",1,True,1.0
谁认为生命没有败笔？,5,yanbaopptmerge_yanbaoPPT_5620_p5620_c0,"yanbaopptmerge_yanbaoPPT_5620_p5620_c0,jiaocaineedrop_jiaocai_needrop_en_155_p155_c2,newspaper_e62730aaeb9b509119e0c3699ac18201_1_p1_c14,newspaper_e62730aaeb9b509119e0c3699ac18201_1_p1_c4,newspaper_fe2c8b45b2a086cd75984640bb3080e1_1_p1_c3",1,True,1.0
东南亚人喜食米饭的主要原因是什么？,1,notes_1ba14cb325bc448f7201b20502ecf2b5_33_p33_c0,notes_1ba14cb325bc448f7201b20502ecf2b5_33_p33_c0,1,True,1.0
东南亚人喜食米饭的主要原因是什么？,3,notes_1ba14cb325bc448f7201b20502ecf2b5_33_p33_c0,"notes_1ba14cb325bc448f7201b20502ecf2b5_33_p33_c0,jiaocaineedrop_jiaocai_needrop_en_155_p155_c1,exam_paper_2016年安徽省中考英语试题（解析）_page_015_p15_c0",1,True,1.0
东南亚人喜食米饭的主要原因是什么？,5,notes_1ba14cb325bc448f7201b20502ecf2b5_33_p33_c0,"notes_1ba14cb325bc448f7201b20502ecf2b5_33_p33_c0,jiaocaineedrop_jiaocai_needrop_en_155_p155_c1,exam_paper_2016年安徽省中考英语试题（解析）_page_015_p15_c0,newspaper_fe2c8b45b2a086cd75984640bb3080e1_1_p1_c3,newspaper_2c69e142b52dbb30cac2cb11d3eb25e5_1_p1_c8",1,True,1.0
What was the standard deviation for the ODI score in the local bone graft group?,1,scihub_s00586-010-1656-7.pdf_3_p3_c0,scihub_s00586-010-1656-7.pdf_3_p3_c0,1,True,1.0
What was the standard deviation for the ODI score in the local bone graft group?,3,scihub_s00586-010-1656-7.pdf_3_p3_c0,"scihub_s00586-010-1656-7.pdf_3_p3_c0,scihub_s00586-010-1656-7.pdf_3_p3_c2,scihub_s00586-010-1656-7.pdf_3_p3_c1",1,True,1.0
What was the standard deviation for the ODI score in the local bone graft group?,5,scihub_s00586-010-1656-7.pdf_3_p3_c0,"scihub_s00586-010-1656-7.pdf_3_p3_c0,scihub_s00586-010-1656-7.pdf_3_p3_c2,scihub_s00586-010-1656-7.pdf_3_p3_c1,scihub_s00586-010-1656-7.pdf_3_p3_c6,scihub_s00586-010-1656-7.pdf_3_p3_c4",1,True,1.0
What is the statistical analysis result for sensory loss around iliac crest?,1,scihub_s00586-010-1656-7.pdf_3_p3_c1,scihub_s00586-010-1656-7.pdf_3_p3_c1,1,True,1.0
What is the statistical analysis result for sensory loss around iliac crest?,3,scihub_s00586-010-1656-7.pdf_3_p3_c1,"scihub_s00586-010-1656-7.pdf_3_p3_c1,scihub_s00586-010-1656-7.pdf_3_p3_c2,scihub_s00586-010-1656-7.pdf_3_p3_c5",1,True,1.0
What is the statistical analysis result for sensory loss around iliac crest?,5,scihub_s00586-010-1656-7.pdf_3_p3_c1,"scihub_s00586-010-1656-7.pdf_3_p3_c1,scihub_s00586-010-1656-7.pdf_3_p3_c2,scihub_s00586-010-1656-7.pdf_3_p3_c5,scihub_s00586-010-1656-7.pdf_3_p3_c3,scihub_s00586-010-1656-7.pdf_3_p3_c0",1,True,1.0
What complication was observed in the local bone graft group at final follow-up?,1,scihub_s00586-010-1656-7.pdf_3_p3_c2,scihub_s00586-010-1656-7.pdf_3_p3_c3,0,False,0.0
What complication was observed in the local bone graft group at final follow-up?,3,scihub_s00586-010-1656-7.pdf_3_p3_c2,"scihub_s00586-010-1656-7.pdf_3_p3_c3,scihub_s00586-010-1656-7.pdf_3_p3_c2,scihub_s00586-010-1656-7.pdf_3_p3_c4",2,True,1.0
What complication was observed in the local bone graft group at final follow-up?,5,scihub_s00586-010-1656-7.pdf_3_p3_c2,"scihub_s00586-010-1656-7.pdf_3_p3_c3,scihub_s00586-010-1656-7.pdf_3_p3_c2,scihub_s00586-010-1656-7.pdf_3_p3_c4,scihub_s00586-010-1656-7.pdf_3_p3_c1,scihub_s00586-010-1656-7.pdf_3_p3_c5",2,True,1.0
What complications were found in the ICBG group?,1,scihub_s00586-010-1656-7.pdf_3_p3_c3,scihub_s00586-010-1656-7.pdf_3_p3_c4,0,False,0.0
What complications were found in the ICBG group?,3,scihub_s00586-010-1656-7.pdf_3_p3_c3,"scihub_s00586-010-1656-7.pdf_3_p3_c4,scihub_s00586-010-1656-7.pdf_3_p3_c3,scihub_s00586-010-1656-7.pdf_3_p3_c5",2,True,1.0
What complications were found in the ICBG group?,5,scihub_s00586-010-1656-7.pdf_3_p3_c3,"scihub_s00586-010-1656-7.pdf_3_p3_c4,scihub_s00586-010-1656-7.pdf_3_p3_c3,scihub_s00586-010-1656-7.pdf_3_p3_c5,scihub_s00586-010-1656-7.pdf_3_p3_c2,scihub_s00586-010-1656-7.pdf_3_p3_c1",2,True,1.0
What percentage of patients experienced minor complications such as dysesthesia and superficial infection?,1,scihub_s00586-010-1656-7.pdf_3_p3_c4,scihub_s00586-010-1656-7.pdf_3_p3_c4,1,True,1.0
What percentage of patients experienced minor complications such as dysesthesia and superficial infection?,3,scihub_s00586-010-1656-7.pdf_3_p3_c4,"scihub_s00586-010-1656-7.pdf_3_p3_c4,scihub_s00586-010-1656-7.pdf_3_p3_c5,docstructbench_llm-raw-scihub-o.O-hup.908.pdf_5_p5_c5",1,True,1.0
What percentage of patients experienced minor complications such as dysesthesia and superficial infection?,5,scihub_s00586-010-1656-7.pdf_3_p3_c4,"scihub_s00586-010-1656-7.pdf_3_p3_c4,scihub_s00586-010-1656-7.pdf_3_p3_c5,docstructbench_llm-raw-scihub-o.O-hup.908.pdf_5_p5_c5,scihub_s00586-010-1656-7.pdf_3_p3_c1,docstructbench_llm-raw-scihub-o.O-hup.908.pdf_5_p5_c4",1,True,1.0
What percentage of patients experienced donor site pain in the ICBG group 2 years after surgery?,1,scihub_s00586-010-1656-7.pdf_3_p3_c5,scihub_s00586-010-1656-7.pdf_3_p3_c5,1,True,1.0
What percentage of patients experienced donor site pain in the ICBG group 2 years after surgery?,3,scihub_s00586-010-1656-7.pdf_3_p3_c5,"scihub_s00586-010-1656-7.pdf_3_p3_c5,scihub_s00586-010-1656-7.pdf_3_p3_c4,scihub_s00586-010-1656-7.pdf_3_p3_c3",1,True,1.0
What percentage of patients experienced donor site pain in the ICBG group 2 years after surgery?,5,scihub_s00586-010-1656-7.pdf_3_p3_c5,"scihub_s00586-010-1656-7.pdf_3_p3_c5,scihub_s00586-010-1656-7.pdf_3_p3_c4,scihub_s00586-010-1656-7.pdf_3_p3_c3,scihub_s00586-010-1656-7.pdf_3_p3_c2,scihub_s00586-010-1656-7.pdf_3_p3_c6",1,True,1.0
What was the fusion rate in the ICBG group according to the study?,1,scihub_s00586-010-1656-7.pdf_3_p3_c6,scihub_s00586-010-1656-7.pdf_3_p3_c6,1,True,1.0
What was the fusion rate in the ICBG group according to the study?,3,scihub_s00586-010-1656-7.pdf_3_p3_c6,"scihub_s00586-010-1656-7.pdf_3_p3_c6,scihub_s00586-010-1656-7.pdf_3_p3_c5,scihub_s00586-010-1656-7.pdf_3_p3_c3",1,True,1.0
What was the fusion rate in the ICBG group according to the study?,5,scihub_s00586-010-1656-7.pdf_3_p3_c6,"scihub_s00586-010-1656-7.pdf_3_p3_c6,scihub_s00586-010-1656-7.pdf_3_p3_c5,scihub_s00586-010-1656-7.pdf_3_p3_c3,scihub_s00586-010-1656-7.pdf_3_p3_c4,scihub_s00586-010-1656-7.pdf_3_p3_c2",1,True,1.0
What was significantly less for the local graft bone group compared with the ICBG group?,1,scihub_s00586-010-1656-7.pdf_3_p3_c7,scihub_s00586-010-1656-7.pdf_3_p3_c7,1,True,1.0
What was significantly less for the local graft bone group compared with the ICBG group?,3,scihub_s00586-010-1656-7.pdf_3_p3_c7,"scihub_s00586-010-1656-7.pdf_3_p3_c7,scihub_s00586-010-1656-7.pdf_3_p3_c6,scihub_s00586-010-1656-7.pdf_3_p3_c4",1,True,1.0
What was significantly less for the local graft bone group compared with the ICBG group?,5,scihub_s00586-010-1656-7.pdf_3_p3_c7,"scihub_s00586-010-1656-7.pdf_3_p3_c7,scihub_s00586-010-1656-7.pdf_3_p3_c6,scihub_s00586-010-1656-7.pdf_3_p3_c4,scihub_s00586-010-1656-7.pdf_3_p3_c3,scihub_s00586-010-1656-7.pdf_3_p3_c2",1,True,1.0
What is the minimum number of tiles required for a rectangle of size (2m-1)×(2n-1)?,1,exam_paper_en-file-putnam-archive_2016_Solutions_2016s_page_002_p2_c0,exam_paper_en-file-putnam-archive_2016_Solutions_2016s_page_002_p2_c1,0,False,0.0
What is the minimum number of tiles required for a rectangle of size (2m-1)×(2n-1)?,3,exam_paper_en-file-putnam-archive_2016_Solutions_2016s_page_002_p2_c0,"exam_paper_en-file-putnam-archive_2016_Solutions_2016s_page_002_p2_c1,exam_paper_en-file-putnam-archive_2016_Solutions_2016s_page_002_p2_c0,exam_paper_en-file-putnam-archive_2016_Solutions_2016s_page_002_p2_c2",2,True,1.0
What is the minimum number of tiles required for a rectangle of size (2m-1)×(2n-1)?,5,exam_paper_en-file-putnam-archive_2016_Solutions_2016s_page_002_p2_c0,"exam_paper_en-file-putnam-archive_2016_Solutions_2016s_page_002_p2_c1,exam_paper_en-file-putnam-archive_2016_Solutions_2016s_page_002_p2_c0,exam_paper_en-file-putnam-archive_2016_Solutions_2016s_page_002_p2_c2,exam_paper_en-file-putnam-archive_1996_Solutions_1996s_page_002_p2_c9,exam_paper_en-file-putnam-archive_2007_Solutions_2007s_page_001_p1_c8",2,True,1.0
How many tiles are needed to cover a 7×7 square?,1,exam_paper_en-file-putnam-archive_2016_Solutions_2016s_page_002_p2_c1,exam_paper_en-file-putnam-archive_2016_Solutions_2016s_page_002_p2_c2,0,False,0.0
How many tiles are needed to cover a 7×7 square?,3,exam_paper_en-file-putnam-archive_2016_Solutions_2016s_page_002_p2_c1,"exam_paper_en-file-putnam-archive_2016_Solutions_2016s_page_002_p2_c2,exam_paper_en-file-putnam-archive_2016_Solutions_2016s_page_002_p2_c1,exam_paper_en-file-putnam-archive_2016_Solutions_2016s_page_002_p2_c0",2,True,1.0
How many tiles are needed to cover a 7×7 square?,5,exam_paper_en-file-putnam-archive_2016_Solutions_2016s_page_002_p2_c1,"exam_paper_en-file-putnam-archive_2016_Solutions_2016s_page_002_p2_c2,exam_paper_en-file-putnam-archive_2016_Solutions_2016s_page_002_p2_c1,exam_paper_en-file-putnam-archive_2016_Solutions_2016s_page_002_p2_c0,exam_paper_en-file-putnam-archive_2007_Solutions_2007s_page_001_p1_c8,newspaper_The Globe and Mail - 2025-1-8@magazinesclubnew_page_014_p14_c24",2,True,1.0
How many tiles of the first type are needed to cover the 7×7 square?,1,exam_paper_en-file-putnam-archive_2016_Solutions_2016s_page_002_p2_c2,exam_paper_en-file-putnam-archive_2016_Solutions_2016s_page_002_p2_c2,1,True,1.0
How many tiles of the first type are needed to cover the 7×7 square?,3,exam_paper_en-file-putnam-archive_2016_Solutions_2016s_page_002_p2_c2,"exam_paper_en-file-putnam-archive_2016_Solutions_2016s_page_002_p2_c2,exam_paper_en-file-putnam-archive_2016_Solutions_2016s_page_002_p2_c1,exam_paper_en-file-putnam-archive_2016_Solutions_2016s_page_002_p2_c0",1,True,1.0
How many tiles of the first type are needed to cover the 7×7 square?,5,exam_paper_en-file-putnam-archive_2016_Solutions_2016s_page_002_p2_c2,"exam_paper_en-file-putnam-archive_2016_Solutions_2016s_page_002_p2_c2,exam_paper_en-file-putnam-archive_2016_Solutions_2016s_page_002_p2_c1,exam_paper_en-file-putnam-archive_2016_Solutions_2016s_page_002_p2_c0,exam_paper_en-file-putnam-archive_2007_Solutions_2007s_page_001_p1_c8,jiaocaineedrop_jiaocai_needrop_en_2518_p2518_c0",1,True,1.0
What is the smallest possible length of a representation of each element in G?,1,exam_paper_en-file-putnam-archive_2016_Solutions_2016s_page_002_p2_c4,exam_paper_en-file-putnam-archive_2016_Solutions_2016s_page_002_p2_c5,0,False,0.0
What is the smallest possible length of a representation of each element in G?,3,exam_paper_en-file-putnam-archive_2016_Solutions_2016s_page_002_p2_c4,"exam_paper_en-file-putnam-archive_2016_Solutions_2016s_page_002_p2_c5,exam_paper_en-file-putnam-archive_2016_Solutions_2016s_page_002_p2_c4,exam_paper_en-file-putnam-archive_2016_Solutions_2016s_page_002_p2_c7",2,True,1.0
What is the smallest possible length of a representation of each element in G?,5,exam_paper_en-file-putnam-archive_2016_Solutions_2016s_page_002_p2_c4,"exam_paper_en-file-putnam-archive_2016_Solutions_2016s_page_002_p2_c5,exam_paper_en-file-putnam-archive_2016_Solutions_2016s_page_002_p2_c4,exam_paper_en-file-putnam-archive_2016_Solutions_2016s_page_002_p2_c7,exam_paper_en-file-putnam-archive_2016_Solutions_2016s_page_002_p2_c6,exam_paper_en-file-putnam-archive_2016_Solutions_2016s_page_002_p2_c3",2,True,1.0
What is the contradiction derived from the pigeonhole principle in the proof?,1,exam_paper_en-file-putnam-archive_2016_Solutions_2016s_page_002_p2_c5,exam_paper_en-file-putnam-archive_2016_Solutions_2016s_page_002_p2_c5,1,True,1.0
What is the contradiction derived from the pigeonhole principle in the proof?,3,exam_paper_en-file-putnam-archive_2016_Solutions_2016s_page_002_p2_c5,"exam_paper_en-file-putnam-archive_2016_Solutions_2016s_page_002_p2_c5,exam_paper_en-file-putnam-archive_2002_Solutions_2002s_page_001_p1_c2,jiaocaineedrop_Evans_PDE_Solution_Chapter_6_Second-Order_Elliptic_Equations.pdf_5_p5_c0",1,True,1.0
What is the contradiction derived from the pigeonhole principle in the proof?,5,exam_paper_en-file-putnam-archive_2016_Solutions_2016s_page_002_p2_c5,"exam_paper_en-file-putnam-archive_2016_Solutions_2016s_page_002_p2_c5,exam_paper_en-file-putnam-archive_2002_Solutions_2002s_page_001_p1_c2,jiaocaineedrop_Evans_PDE_Solution_Chapter_6_Second-Order_Elliptic_Equations.pdf_5_p5_c0,exam_paper_en-file-putnam-archive_2012_Solutions_2012s_page_001_p1_c3,exam_paper_en-file-putnam-archive_2012_Solutions_2012s_page_001_p1_c5",1,True,1.0
What is the condition for the Cayley digraph to be strongly connected?,1,exam_paper_en-file-putnam-archive_2016_Solutions_2016s_page_002_p2_c6,exam_paper_en-file-putnam-archive_2016_Solutions_2016s_page_002_p2_c6,1,True,1.0
What is the condition for the Cayley digraph to be strongly connected?,3,exam_paper_en-file-putnam-archive_2016_Solutions_2016s_page_002_p2_c6,"exam_paper_en-file-putnam-archive_2016_Solutions_2016s_page_002_p2_c6,exam_paper_en-file-putnam-archive_2016_Solutions_2016s_page_002_p2_c7,jiaocaineedrop_jiaocai_needrop_en_1564_p1564_c5",1,True,1.0
What is the condition for the Cayley digraph to be strongly connected?,5,exam_paper_en-file-putnam-archive_2016_Solutions_2016s_page_002_p2_c6,"exam_paper_en-file-putnam-archive_2016_Solutions_2016s_page_002_p2_c6,exam_paper_en-file-putnam-archive_2016_Solutions_2016s_page_002_p2_c7,jiaocaineedrop_jiaocai_needrop_en_1564_p1564_c5,jiaocaineedrop_jiaocai_needrop_en_1564_p1564_c6,jiaocaineedrop_jiaocai_needrop_en_1564_p1564_c4",1,True,1.0
What is the maximum length of the shortest path in the digraph?,1,exam_paper_en-file-putnam-archive_2016_Solutions_2016s_page_002_p2_c7,exam_paper_en-file-putnam-archive_2016_Solutions_2016s_page_002_p2_c7,1,True,1.0
What is the maximum length of the shortest path in the digraph?,3,exam_paper_en-file-putnam-archive_2016_Solutions_2016s_page_002_p2_c7,"exam_paper_en-file-putnam-archive_2016_Solutions_2016s_page_002_p2_c7,exam_paper_en-file-putnam-archive_2016_Solutions_2016s_page_002_p2_c6,exam_paper_en-file-putnam-archive_2007_Solutions_2007s_page_001_p1_c8",1,True,1.0
What is the maximum length of the shortest path in the digraph?,5,exam_paper_en-file-putnam-archive_2016_Solutions_2016s_page_002_p2_c7,"exam_paper_en-file-putnam-archive_2016_Solutions_2016s_page_002_p2_c7,exam_paper_en-file-putnam-archive_2016_Solutions_2016s_page_002_p2_c6,exam_paper_en-file-putnam-archive_2007_Solutions_2007s_page_001_p1_c8,exam_paper_en-file-putnam-archive_1996_Solutions_1996s_page_002_p2_c9,exam_paper_en-file-putnam-archive_2012_Solutions_2012s_page_001_p1_c0",1,True,1.0
What is the median value of the FTES data?,1,yanbaopptmerge_e60b3b61281e87ddf42f9321a9e6ef9d.pdf_159_p159_c1,yanbaopptmerge_e60b3b61281e87ddf42f9321a9e6ef9d.pdf_159_p159_c1,1,True,1.0
What is the median value of the FTES data?,3,yanbaopptmerge_e60b3b61281e87ddf42f9321a9e6ef9d.pdf_159_p159_c1,"yanbaopptmerge_e60b3b61281e87ddf42f9321a9e6ef9d.pdf_159_p159_c1,yanbaopptmerge_e60b3b61281e87ddf42f9321a9e6ef9d.pdf_159_p159_c0,yanbaopptmerge_e60b3b61281e87ddf42f9321a9e6ef9d.pdf_159_p159_c2",1,True,1.0
What is the median value of the FTES data?,5,yanbaopptmerge_e60b3b61281e87ddf42f9321a9e6ef9d.pdf_159_p159_c1,"yanbaopptmerge_e60b3b61281e87ddf42f9321a9e6ef9d.pdf_159_p159_c1,yanbaopptmerge_e60b3b61281e87ddf42f9321a9e6ef9d.pdf_159_p159_c0,yanbaopptmerge_e60b3b61281e87ddf42f9321a9e6ef9d.pdf_159_p159_c2,docstructbench_llm-raw-scihub-o.O-j.chroma.2005.05.085.pdf_4_p4_c6,docstructbench_dianzishu_zhongwenzaixian-o.O-60403612.pdf_179_p179_c3",1,True,1.0
What is the school average GPA for Thuy?,1,yanbaopptmerge_e60b3b61281e87ddf42f9321a9e6ef9d.pdf_159_p159_c2,yanbaopptmerge_e60b3b61281e87ddf42f9321a9e6ef9d.pdf_159_p159_c3,0,False,0.0
What is the school average GPA for Thuy?,3,yanbaopptmerge_e60b3b61281e87ddf42f9321a9e6ef9d.pdf_159_p159_c2,"yanbaopptmerge_e60b3b61281e87ddf42f9321a9e6ef9d.pdf_159_p159_c3,yanbaopptmerge_e60b3b61281e87ddf42f9321a9e6ef9d.pdf_159_p159_c2,docstructbench_dianzishu_zhongwenzaixian-o.O-61323717.pdf_203_p203_c2",2,True,1.0
What is the school average GPA for Thuy?,5,yanbaopptmerge_e60b3b61281e87ddf42f9321a9e6ef9d.pdf_159_p159_c2,"yanbaopptmerge_e60b3b61281e87ddf42f9321a9e6ef9d.pdf_159_p159_c3,yanbaopptmerge_e60b3b61281e87ddf42f9321a9e6ef9d.pdf_159_p159_c2,docstructbench_dianzishu_zhongwenzaixian-o.O-61323717.pdf_203_p203_c2,docstructbench_dianzishu_zhongwenzaixian-o.O-61323717.pdf_203_p203_c3,docstructbench_llm-raw-scihub-o.O-j.chroma.2005.05.085.pdf_4_p4_c6",2,True,1.0
What is the standard deviation for the cost of a guitar?,1,yanbaopptmerge_e60b3b61281e87ddf42f9321a9e6ef9d.pdf_159_p159_c3,yanbaopptmerge_e60b3b61281e87ddf42f9321a9e6ef9d.pdf_159_p159_c4,0,False,0.0
What is the standard deviation for the cost of a guitar?,3,yanbaopptmerge_e60b3b61281e87ddf42f9321a9e6ef9d.pdf_159_p159_c3,"yanbaopptmerge_e60b3b61281e87ddf42f9321a9e6ef9d.pdf_159_p159_c4,yanbaopptmerge_e60b3b61281e87ddf42f9321a9e6ef9d.pdf_159_p159_c3,docstructbench_llm-raw-scihub-o.O-j.chroma.2005.05.085.pdf_4_p4_c8",2,True,1.0
What is the standard deviation for the cost of a guitar?,5,yanbaopptmerge_e60b3b61281e87ddf42f9321a9e6ef9d.pdf_159_p159_c3,"yanbaopptmerge_e60b3b61281e87ddf42f9321a9e6ef9d.pdf_159_p159_c4,yanbaopptmerge_e60b3b61281e87ddf42f9321a9e6ef9d.pdf_159_p159_c3,docstructbench_llm-raw-scihub-o.O-j.chroma.2005.05.085.pdf_4_p4_c8,docstructbench_dianzishu_zhongwenzaixian-o.O-60403612.pdf_179_p179_c3,yanbaopptmerge_e60b3b61281e87ddf42f9321a9e6ef9d.pdf_159_p159_c0",2,True,1.0
Which instrument has the lowest cost compared to other instruments of the same type?,1,yanbaopptmerge_e60b3b61281e87ddf42f9321a9e6ef9d.pdf_159_p159_c4,yanbaopptmerge_e60b3b61281e87ddf42f9321a9e6ef9d.pdf_159_p159_c4,1,True,1.0
Which instrument has the lowest cost compared to other instruments of the same type?,3,yanbaopptmerge_e60b3b61281e87ddf42f9321a9e6ef9d.pdf_159_p159_c4,"yanbaopptmerge_e60b3b61281e87ddf42f9321a9e6ef9d.pdf_159_p159_c4,yanbaopptmerge_e60b3b61281e87ddf42f9321a9e6ef9d.pdf_159_p159_c3,docstructbench_dianzishu_zhongwenzaixian-o.O-60403612.pdf_179_p179_c2",1,True,1.0
Which instrument has the lowest cost compared to other instruments of the same type?,5,yanbaopptmerge_e60b3b61281e87ddf42f9321a9e6ef9d.pdf_159_p159_c4,"yanbaopptmerge_e60b3b61281e87ddf42f9321a9e6ef9d.pdf_159_p159_c4,yanbaopptmerge_e60b3b61281e87ddf42f9321a9e6ef9d.pdf_159_p159_c3,docstructbench_dianzishu_zhongwenzaixian-o.O-60403612.pdf_179_p179_c2,docstructbench_dianzishu_zhongwenzaixian-o.O-60403612.pdf_179_p179_c3,yanbaopptmerge_2f4902871606698497c53ccb18d3fec2f83d05047d883cd65bbce26bfb27bcd2.pdf_1_p1_c1",1,True,1.0
What is the mean time for the high school class?,1,yanbaopptmerge_e60b3b61281e87ddf42f9321a9e6ef9d.pdf_159_p159_c5,yanbaopptmerge_e60b3b61281e87ddf42f9321a9e6ef9d.pdf_159_p159_c5,1,True,1.0
What is the mean time for the high school class?,3,yanbaopptmerge_e60b3b61281e87ddf42f9321a9e6ef9d.pdf_159_p159_c5,"yanbaopptmerge_e60b3b61281e87ddf42f9321a9e6ef9d.pdf_159_p159_c5,yanbaopptmerge_e60b3b61281e87ddf42f9321a9e6ef9d.pdf_159_p159_c4,jiaocaineedrop_jiaocai_needrop_en_2193_p2193_c0",1,True,1.0
What is the mean time for the high school class?,5,yanbaopptmerge_e60b3b61281e87ddf42f9321a9e6ef9d.pdf_159_p159_c5,"yanbaopptmerge_e60b3b61281e87ddf42f9321a9e6ef9d.pdf_159_p159_c5,yanbaopptmerge_e60b3b61281e87ddf42f9321a9e6ef9d.pdf_159_p159_c4,jiaocaineedrop_jiaocai_needrop_en_2193_p2193_c0,color_textbook_zhonggaokao_小学_13.人教新起点英语（4-5年级）_人教新起点五年级英语下册_课本_人教新起点英语5B电子课本_page_011_p11_c0,docstructbench_dianzishu_zhongwenzaixian-o.O-61323717.pdf_203_p203_c2",1,True,1.0
What is the purpose of the background section in the project talk outline?,1,PPT_BaharMartonosi_page_006_p6_c0,PPT_BaharMartonosi_page_006_p6_c0,1,True,1.0
What is the purpose of the background section in the project talk outline?,3,PPT_BaharMartonosi_page_006_p6_c0,"PPT_BaharMartonosi_page_006_p6_c0,jiaocaineedrop_biz-96816.pdf_48_p48_c1,jiaocaineedrop_biz-96816.pdf_48_p48_c4",1,True,1.0
What is the purpose of the background section in the project talk outline?,5,PPT_BaharMartonosi_page_006_p6_c0,"PPT_BaharMartonosi_page_006_p6_c0,jiaocaineedrop_biz-96816.pdf_48_p48_c1,jiaocaineedrop_biz-96816.pdf_48_p48_c4,jiaocaineedrop_jiaocai_needrop_en_1836_p1836_c1,yanbaopptmerge_51e549c0d1a2669ac976409fcf99ce91908b1e0a07f0fc70d92263abf6d07f18.pdf_1_p1_c0",1,True,1.0
新侧楼的设计如何体现周边环境？,1,docstructbench_dianzishu_zhongwenzaixian-o.O-61513005.pdf_179_p179_c0,docstructbench_dianzishu_zhongwenzaixian-o.O-61513005.pdf_179_p179_c0,1,True,1.0
新侧楼的设计如何体现周边环境？,3,docstructbench_dianzishu_zhongwenzaixian-o.O-61513005.pdf_179_p179_c0,"docstructbench_dianzishu_zhongwenzaixian-o.O-61513005.pdf_179_p179_c0,book_zh_JGJ1022003_extracted_page_27_p27_c2,jiaocaineedrop_jiaocai_needrop_en_1836_p1836_c2",1,True,1.0
新侧楼的设计如何体现周边环境？,5,docstructbench_dianzishu_zhongwenzaixian-o.O-61513005.pdf_179_p179_c0,"docstructbench_dianzishu_zhongwenzaixian-o.O-61513005.pdf_179_p179_c0,book_zh_JGJ1022003_extracted_page_27_p27_c2,jiaocaineedrop_jiaocai_needrop_en_1836_p1836_c2,book_zh_JGJ1022003_extracted_page_27_p27_c1,book_zh_JGJ1022003_extracted_page_27_p27_c0",1,True,1.0
What is the value of k in the reaction formula?,1,yanbaopptmerge_3aa9b6677e17fd012b0a7a230b9f18db.pdf_1327_p1327_c0,yanbaopptmerge_3aa9b6677e17fd012b0a7a230b9f18db.pdf_1327_p1327_c0,1,True,1.0
What is the value of k in the reaction formula?,3,yanbaopptmerge_3aa9b6677e17fd012b0a7a230b9f18db.pdf_1327_p1327_c0,"yanbaopptmerge_3aa9b6677e17fd012b0a7a230b9f18db.pdf_1327_p1327_c0,yanbaopptmerge_3aa9b6677e17fd012b0a7a230b9f18db.pdf_1327_p1327_c2,yanbaopptmerge_3aa9b6677e17fd012b0a7a230b9f18db.pdf_1327_p1327_c3",1,True,1.0
What is the value of k in the reaction formula?,5,yanbaopptmerge_3aa9b6677e17fd012b0a7a230b9f18db.pdf_1327_p1327_c0,"yanbaopptmerge_3aa9b6677e17fd012b0a7a230b9f18db.pdf_1327_p1327_c0,yanbaopptmerge_3aa9b6677e17fd012b0a7a230b9f18db.pdf_1327_p1327_c2,yanbaopptmerge_3aa9b6677e17fd012b0a7a230b9f18db.pdf_1327_p1327_c3,docstructbench_dianzishu_zhongwenzaixian-o.O-60403612.pdf_179_p179_c1,yanbaopptmerge_3aa9b6677e17fd012b0a7a230b9f18db.pdf_1327_p1327_c4",1,True,1.0
What is the minimum amount of energy necessary to form the activated complex in a reaction?,1,yanbaopptmerge_3aa9b6677e17fd012b0a7a230b9f18db.pdf_1327_p1327_c1,yanbaopptmerge_3aa9b6677e17fd012b0a7a230b9f18db.pdf_1327_p1327_c2,0,False,0.0
What is the minimum amount of energy necessary to form the activated complex in a reaction?,3,yanbaopptmerge_3aa9b6677e17fd012b0a7a230b9f18db.pdf_1327_p1327_c1,"yanbaopptmerge_3aa9b6677e17fd012b0a7a230b9f18db.pdf_1327_p1327_c2,yanbaopptmerge_3aa9b6677e17fd012b0a7a230b9f18db.pdf_1327_p1327_c1,yanbaopptmerge_3aa9b6677e17fd012b0a7a230b9f18db.pdf_1327_p1327_c0",2,True,1.0
What is the minimum amount of energy necessary to form the activated complex in a reaction?,5,yanbaopptmerge_3aa9b6677e17fd012b0a7a230b9f18db.pdf_1327_p1327_c1,"yanbaopptmerge_3aa9b6677e17fd012b0a7a230b9f18db.pdf_1327_p1327_c2,yanbaopptmerge_3aa9b6677e17fd012b0a7a230b9f18db.pdf_1327_p1327_c1,yanbaopptmerge_3aa9b6677e17fd012b0a7a230b9f18db.pdf_1327_p1327_c0,exam_paper_en-file-putnam-archive_2007_Solutions_2007s_page_001_p1_c8,jiaocaineedrop_96657786.pdf_0_p0_c1",2,True,1.0
What is the value of the activation energy given in the document fragment?,1,yanbaopptmerge_3aa9b6677e17fd012b0a7a230b9f18db.pdf_1327_p1327_c2,yanbaopptmerge_3aa9b6677e17fd012b0a7a230b9f18db.pdf_1327_p1327_c2,1,True,1.0
What is the value of the activation energy given in the document fragment?,3,yanbaopptmerge_3aa9b6677e17fd012b0a7a230b9f18db.pdf_1327_p1327_c2,"yanbaopptmerge_3aa9b6677e17fd012b0a7a230b9f18db.pdf_1327_p1327_c2,yanbaopptmerge_3aa9b6677e17fd012b0a7a230b9f18db.pdf_1327_p1327_c1,docstructbench_llm-raw-scihub-o.O-j.chroma.2005.03.134.pdf_6_p6_c3",1,True,1.0
What is the value of the activation energy given in the document fragment?,5,yanbaopptmerge_3aa9b6677e17fd012b0a7a230b9f18db.pdf_1327_p1327_c2,"yanbaopptmerge_3aa9b6677e17fd012b0a7a230b9f18db.pdf_1327_p1327_c2,yanbaopptmerge_3aa9b6677e17fd012b0a7a230b9f18db.pdf_1327_p1327_c1,docstructbench_llm-raw-scihub-o.O-j.chroma.2005.03.134.pdf_6_p6_c3,docstructbench_llm-raw-scihub-o.O-j.apcata.2006.05.010.pdf_2_p2_c4,jiaocaineedrop_jiaocai_needrop_en_887_p887_c0",1,True,1.0
What happens to the rate when the concentration of A is doubled in an elementary reaction?,1,yanbaopptmerge_3aa9b6677e17fd012b0a7a230b9f18db.pdf_1327_p1327_c4,yanbaopptmerge_3aa9b6677e17fd012b0a7a230b9f18db.pdf_1327_p1327_c4,1,True,1.0
What happens to the rate when the concentration of A is doubled in an elementary reaction?,3,yanbaopptmerge_3aa9b6677e17fd012b0a7a230b9f18db.pdf_1327_p1327_c4,"yanbaopptmerge_3aa9b6677e17fd012b0a7a230b9f18db.pdf_1327_p1327_c4,yanbaopptmerge_3aa9b6677e17fd012b0a7a230b9f18db.pdf_1327_p1327_c3,yanbaopptmerge_3aa9b6677e17fd012b0a7a230b9f18db.pdf_1327_p1327_c0",1,True,1.0
What happens to the rate when the concentration of A is doubled in an elementary reaction?,5,yanbaopptmerge_3aa9b6677e17fd012b0a7a230b9f18db.pdf_1327_p1327_c4,"yanbaopptmerge_3aa9b6677e17fd012b0a7a230b9f18db.pdf_1327_p1327_c4,yanbaopptmerge_3aa9b6677e17fd012b0a7a230b9f18db.pdf_1327_p1327_c3,yanbaopptmerge_3aa9b6677e17fd012b0a7a230b9f18db.pdf_1327_p1327_c0,yanbaopptmerge_3aa9b6677e17fd012b0a7a230b9f18db.pdf_1327_p1327_c2,scihub_s11661-013-1726-7.pdf_2_p2_c1",1,True,1.0
What is the main concern regarding asset managers' value proposition?,1,yanbaor2_ey-better-pension-outcomes-reimagined-20180926.pdf_1_p1_c0,yanbaor2_ey-better-pension-outcomes-reimagined-20180926.pdf_1_p1_c0,1,True,1.0
What is the main concern regarding asset managers' value proposition?,3,yanbaor2_ey-better-pension-outcomes-reimagined-20180926.pdf_1_p1_c0,"yanbaor2_ey-better-pension-outcomes-reimagined-20180926.pdf_1_p1_c0,yanbaor2_e2f6b15971d68a7f081216b0c0d8538cab413124fc8911f4db4fbb3d17f167c4.pdf_14_p14_c0,yanbaor2_e2f6b15971d68a7f081216b0c0d8538cab413124fc8911f4db4fbb3d17f167c4.pdf_14_p14_c1",1,True,1.0
What is the main concern regarding asset managers' value proposition?,5,yanbaor2_ey-better-pension-outcomes-reimagined-20180926.pdf_1_p1_c0,"yanbaor2_ey-better-pension-outcomes-reimagined-20180926.pdf_1_p1_c0,yanbaor2_e2f6b15971d68a7f081216b0c0d8538cab413124fc8911f4db4fbb3d17f167c4.pdf_14_p14_c0,yanbaor2_e2f6b15971d68a7f081216b0c0d8538cab413124fc8911f4db4fbb3d17f167c4.pdf_14_p14_c1,yanbaopptmerge_0c79d327060dbf9f1582d03c235dadb039533a19091d2c0d24f2ad95d267f79b.pdf_2_p2_c2,eastmoney_d2bb183f5254ede5760932ac3118524aa7eddad551935713b435541f1525c1ee.pdf_7_p7_c1",1,True,1.0
考生在答题时应该将答案写在什么位置？,1,jiaocaineedrop_jiaocai_needrop_en_1564_p1564_c0,jiaocaineedrop_jiaocai_needrop_en_1564_p1564_c0,1,True,1.0
考生在答题时应该将答案写在什么位置？,3,jiaocaineedrop_jiaocai_needrop_en_1564_p1564_c0,"jiaocaineedrop_jiaocai_needrop_en_1564_p1564_c0,jiaocaineedrop_jiaocai_needrop_en_1473_p1473_c0,jiaocaineedrop_96657786.pdf_0_p0_c0",1,True,1.0
考生在答题时应该将答案写在什么位置？,5,jiaocaineedrop_jiaocai_needrop_en_1564_p1564_c0,"jiaocaineedrop_jiaocai_needrop_en_1564_p1564_c0,jiaocaineedrop_jiaocai_needrop_en_1473_p1473_c0,jiaocaineedrop_96657786.pdf_0_p0_c0,jiaocaineedrop_jiaocai_needrop_en_2884_p2884_c2,jiaocaineedrop_jiaocai_needrop_en_1473_p1473_c1",1,True,1.0
战国时期齐王与臣子田忌各有上、中、下三匹马，这描述的是什么历史背景？,1,jiaocaineedrop_jiaocai_needrop_en_1564_p1564_c2,jiaocaineedrop_jiaocai_needrop_en_1564_p1564_c3,0,False,0.0
战国时期齐王与臣子田忌各有上、中、下三匹马，这描述的是什么历史背景？,3,jiaocaineedrop_jiaocai_needrop_en_1564_p1564_c2,"jiaocaineedrop_jiaocai_needrop_en_1564_p1564_c3,jiaocaineedrop_jiaocai_needrop_en_1564_p1564_c2,jiaocaineedrop_jiaocai_needrop_en_1836_p1836_c2",2,True,1.0
战国时期齐王与臣子田忌各有上、中、下三匹马，这描述的是什么历史背景？,5,jiaocaineedrop_jiaocai_needrop_en_1564_p1564_c2,"jiaocaineedrop_jiaocai_needrop_en_1564_p1564_c3,jiaocaineedrop_jiaocai_needrop_en_1564_p1564_c2,jiaocaineedrop_jiaocai_needrop_en_1836_p1836_c2,jiaocaineedrop_jiaocai_needrop_en_155_p155_c0,jiaocaineedrop_jiaocai_needrop_en_377_p377_c3",2,True,1.0
What is the value of the first term of the sequence {b_n}?,1,jiaocaineedrop_jiaocai_needrop_en_1564_p1564_c4,exam_paper_en-file-putnam-archive_1998_Solutions_1998s_page_002_p2_c5,0,False,0.0
What is the value of the first term of the sequence {b_n}?,3,jiaocaineedrop_jiaocai_needrop_en_1564_p1564_c4,"exam_paper_en-file-putnam-archive_1998_Solutions_1998s_page_002_p2_c5,exam_paper_en-file-putnam-archive_1996_Solutions_1996s_page_002_p2_c7,exam_paper_en-file-putnam-archive_1995_Solutions_1995s_page_002_p2_c4",0,False,0.0
What is the value of the first term of the sequence {b_n}?,5,jiaocaineedrop_jiaocai_needrop_en_1564_p1564_c4,"exam_paper_en-file-putnam-archive_1998_Solutions_1998s_page_002_p2_c5,exam_paper_en-file-putnam-archive_1996_Solutions_1996s_page_002_p2_c7,exam_paper_en-file-putnam-archive_1995_Solutions_1995s_page_002_p2_c4,newspaper_The Globe and Mail - 2025-1-8@magazinesclubnew_page_014_p14_c22,docstructbench_llm-raw-scihub-o.O-j.chroma.2005.03.134.pdf_6_p6_c2",0,False,0.0
曲线 $ C_{1}: y = \ln x $ 和曲线 $ C_{2}: y = \frac{x - a}{x} (x > 0) $ 有且仅有两条公切线时，实数 a 的取值范围是什么？,1,jiaocaineedrop_jiaocai_needrop_en_1564_p1564_c6,jiaocaineedrop_jiaocai_needrop_en_1564_p1564_c6,1,True,1.0
曲线 $ C_{1}: y = \ln x $ 和曲线 $ C_{2}: y = \frac{x - a}{x} (x > 0) $ 有且仅有两条公切线时，实数 a 的取值范围是什么？,3,jiaocaineedrop_jiaocai_needrop_en_1564_p1564_c6,"jiaocaineedrop_jiaocai_needrop_en_1564_p1564_c6,jiaocaineedrop_jiaocai_needrop_en_1564_p1564_c5,jiaocaineedrop_c2-ma-11-q-11-cl.pdf_2_p2_c0",1,True,1.0
曲线 $ C_{1}: y = \ln x $ 和曲线 $ C_{2}: y = \frac{x - a}{x} (x > 0) $ 有且仅有两条公切线时，实数 a 的取值范围是什么？,5,jiaocaineedrop_jiaocai_needrop_en_1564_p1564_c6,"jiaocaineedrop_jiaocai_needrop_en_1564_p1564_c6,jiaocaineedrop_jiaocai_needrop_en_1564_p1564_c5,jiaocaineedrop_c2-ma-11-q-11-cl.pdf_2_p2_c0,jiaocaineedrop_jiaocai_needrop_en_1473_p1473_c3,jiaocaineedrop_jiaocai_needrop_en_1473_p1473_c0",1,True,1.0
Who was asked about their grandmother's status on the Golden Globes red carpet?,1,newspaper_USAToday-2025-01-08@magazinesclubnew_page_021_p21_c0,newspaper_USAToday-2025-01-08@magazinesclubnew_page_021_p21_c0,1,True,1.0
Who was asked about their grandmother's status on the Golden Globes red carpet?,3,newspaper_USAToday-2025-01-08@magazinesclubnew_page_021_p21_c0,"newspaper_USAToday-2025-01-08@magazinesclubnew_page_021_p21_c0,newspaper_USAToday-2025-01-08@magazinesclubnew_page_021_p21_c1,newspaper_USAToday-2025-01-08@magazinesclubnew_page_021_p21_c6",1,True,1.0
Who was asked about their grandmother's status on the Golden Globes red carpet?,5,newspaper_USAToday-2025-01-08@magazinesclubnew_page_021_p21_c0,"newspaper_USAToday-2025-01-08@magazinesclubnew_page_021_p21_c0,newspaper_USAToday-2025-01-08@magazinesclubnew_page_021_p21_c1,newspaper_USAToday-2025-01-08@magazinesclubnew_page_021_p21_c6,newspaper_The Wall Street Journal - 2025-01-08@magazinesclubnew_page_018_p18_c2,newspaper_The Globe and Mail - 2025-1-8@magazinesclubnew_page_027_p27_c0",1,True,1.0
Who did Grande say she called first after her nomination?,1,newspaper_USAToday-2025-01-08@magazinesclubnew_page_021_p21_c1,newspaper_USAToday-2025-01-08@magazinesclubnew_page_021_p21_c1,1,True,1.0
Who did Grande say she called first after her nomination?,3,newspaper_USAToday-2025-01-08@magazinesclubnew_page_021_p21_c1,"newspaper_USAToday-2025-01-08@magazinesclubnew_page_021_p21_c1,newspaper_USAToday-2025-01-08@magazinesclubnew_page_021_p21_c0,magazine_TheEconomist.2023.12.09_page_082_p82_c9",1,True,1.0
Who did Grande say she called first after her nomination?,5,newspaper_USAToday-2025-01-08@magazinesclubnew_page_021_p21_c1,"newspaper_USAToday-2025-01-08@magazinesclubnew_page_021_p21_c1,newspaper_USAToday-2025-01-08@magazinesclubnew_page_021_p21_c0,magazine_TheEconomist.2023.12.09_page_082_p82_c9,magazine_TheEconomist.2023.12.09_page_082_p82_c4,newspaper_The Wall Street Journal - 2025-01-08@magazinesclubnew_page_018_p18_c2",1,True,1.0
What advice is given to Virgos as Mercury enters Capricorn?,1,newspaper_USAToday-2025-01-08@magazinesclubnew_page_021_p21_c2,newspaper_USAToday-2025-01-08@magazinesclubnew_page_021_p21_c2,1,True,1.0
What advice is given to Virgos as Mercury enters Capricorn?,3,newspaper_USAToday-2025-01-08@magazinesclubnew_page_021_p21_c2,"newspaper_USAToday-2025-01-08@magazinesclubnew_page_021_p21_c2,newspaper_USAToday-2025-01-08@magazinesclubnew_page_021_p21_c3,newspaper_USAToday-2025-01-08@magazinesclubnew_page_021_p21_c1",1,True,1.0
What advice is given to Virgos as Mercury enters Capricorn?,5,newspaper_USAToday-2025-01-08@magazinesclubnew_page_021_p21_c2,"newspaper_USAToday-2025-01-08@magazinesclubnew_page_021_p21_c2,newspaper_USAToday-2025-01-08@magazinesclubnew_page_021_p21_c3,newspaper_USAToday-2025-01-08@magazinesclubnew_page_021_p21_c1,newspaper_USAToday-2025-01-08@magazinesclubnew_page_021_p21_c4,color_textbook_zhonggaokao_小学_13.人教新起点英语（4-5年级）_人教新起点五年级英语下册_课本_人教新起点英语5B电子课本_page_011_p11_c1",1,True,1.0
What is the advice for Aquarius as Mercury enters Capricorn?,1,newspaper_USAToday-2025-01-08@magazinesclubnew_page_021_p21_c3,newspaper_USAToday-2025-01-08@magazinesclubnew_page_021_p21_c3,1,True,1.0
What is the advice for Aquarius as Mercury enters Capricorn?,3,newspaper_USAToday-2025-01-08@magazinesclubnew_page_021_p21_c3,"newspaper_USAToday-2025-01-08@magazinesclubnew_page_021_p21_c3,newspaper_USAToday-2025-01-08@magazinesclubnew_page_021_p21_c2,newspaper_USAToday-2025-01-08@magazinesclubnew_page_021_p21_c1",1,True,1.0
What is the advice for Aquarius as Mercury enters Capricorn?,5,newspaper_USAToday-2025-01-08@magazinesclubnew_page_021_p21_c3,"newspaper_USAToday-2025-01-08@magazinesclubnew_page_021_p21_c3,newspaper_USAToday-2025-01-08@magazinesclubnew_page_021_p21_c2,newspaper_USAToday-2025-01-08@magazinesclubnew_page_021_p21_c1,newspaper_USAToday-2025-01-08@magazinesclubnew_page_021_p21_c4,color_textbook_zhonggaokao_小学_13.人教新起点英语（4-5年级）_人教新起点五年级英语下册_课本_人教新起点英语5B电子课本_page_011_p11_c1",1,True,1.0
What does Adrien Brody say about the role of László Tóth?,1,newspaper_USAToday-2025-01-08@magazinesclubnew_page_021_p21_c4,newspaper_USAToday-2025-01-08@magazinesclubnew_page_021_p21_c4,1,True,1.0
What does Adrien Brody say about the role of László Tóth?,3,newspaper_USAToday-2025-01-08@magazinesclubnew_page_021_p21_c4,"newspaper_USAToday-2025-01-08@magazinesclubnew_page_021_p21_c4,newspaper_USAToday-2025-01-08@magazinesclubnew_page_021_p21_c5,newspaper_USAToday-2025-01-08@magazinesclubnew_page_021_p21_c7",1,True,1.0
What does Adrien Brody say about the role of László Tóth?,5,newspaper_USAToday-2025-01-08@magazinesclubnew_page_021_p21_c4,"newspaper_USAToday-2025-01-08@magazinesclubnew_page_021_p21_c4,newspaper_USAToday-2025-01-08@magazinesclubnew_page_021_p21_c5,newspaper_USAToday-2025-01-08@magazinesclubnew_page_021_p21_c7,newspaper_USAToday-2025-01-08@magazinesclubnew_page_021_p21_c6,newspaper_USAToday-2025-01-08@magazinesclubnew_page_021_p21_c8",1,True,1.0
What event did Brody's mother send images of last night?,1,newspaper_USAToday-2025-01-08@magazinesclubnew_page_021_p21_c5,newspaper_USAToday-2025-01-08@magazinesclubnew_page_021_p21_c5,1,True,1.0
What event did Brody's mother send images of last night?,3,newspaper_USAToday-2025-01-08@magazinesclubnew_page_021_p21_c5,"newspaper_USAToday-2025-01-08@magazinesclubnew_page_021_p21_c5,newspaper_USAToday-2025-01-08@magazinesclubnew_page_021_p21_c6,newspaper_USAToday-2025-01-08@magazinesclubnew_page_021_p21_c8",1,True,1.0
What event did Brody's mother send images of last night?,5,newspaper_USAToday-2025-01-08@magazinesclubnew_page_021_p21_c5,"newspaper_USAToday-2025-01-08@magazinesclubnew_page_021_p21_c5,newspaper_USAToday-2025-01-08@magazinesclubnew_page_021_p21_c6,newspaper_USAToday-2025-01-08@magazinesclubnew_page_021_p21_c8,newspaper_USAToday-2025-01-08@magazinesclubnew_page_021_p21_c4,newspaper_USAToday-2025-01-08@magazinesclubnew_page_021_p21_c7",1,True,1.0
What films and personal items did the narrator's mother send them?,1,newspaper_USAToday-2025-01-08@magazinesclubnew_page_021_p21_c6,newspaper_USAToday-2025-01-08@magazinesclubnew_page_021_p21_c5,0,False,0.0
What films and personal items did the narrator's mother send them?,3,newspaper_USAToday-2025-01-08@magazinesclubnew_page_021_p21_c6,"newspaper_USAToday-2025-01-08@magazinesclubnew_page_021_p21_c5,newspaper_USAToday-2025-01-08@magazinesclubnew_page_021_p21_c6,jiaocaineedrop_jiaocai_needrop_en_453_p453_c1",2,True,1.0
What films and personal items did the narrator's mother send them?,5,newspaper_USAToday-2025-01-08@magazinesclubnew_page_021_p21_c6,"newspaper_USAToday-2025-01-08@magazinesclubnew_page_021_p21_c5,newspaper_USAToday-2025-01-08@magazinesclubnew_page_021_p21_c6,jiaocaineedrop_jiaocai_needrop_en_453_p453_c1,magazine_TheEconomist.2024.03.02_page_075_p75_c3,newspaper_USAToday-2025-01-08@magazinesclubnew_page_021_p21_c0",2,True,1.0
What did Brody say about taking decades to find something like the project?,1,newspaper_USAToday-2025-01-08@magazinesclubnew_page_021_p21_c7,newspaper_USAToday-2025-01-08@magazinesclubnew_page_021_p21_c7,1,True,1.0
What did Brody say about taking decades to find something like the project?,3,newspaper_USAToday-2025-01-08@magazinesclubnew_page_021_p21_c7,"newspaper_USAToday-2025-01-08@magazinesclubnew_page_021_p21_c7,newspaper_USAToday-2025-01-08@magazinesclubnew_page_021_p21_c6,newspaper_USAToday-2025-01-08@magazinesclubnew_page_021_p21_c5",1,True,1.0
What did Brody say about taking decades to find something like the project?,5,newspaper_USAToday-2025-01-08@magazinesclubnew_page_021_p21_c7,"newspaper_USAToday-2025-01-08@magazinesclubnew_page_021_p21_c7,newspaper_USAToday-2025-01-08@magazinesclubnew_page_021_p21_c6,newspaper_USAToday-2025-01-08@magazinesclubnew_page_021_p21_c5,newspaper_USAToday-2025-01-08@magazinesclubnew_page_021_p21_c8,newspaper_USAToday-2025-01-08@magazinesclubnew_page_021_p21_c4",1,True,1.0
What did the director say Brody felt emotionally?,1,newspaper_USAToday-2025-01-08@magazinesclubnew_page_021_p21_c8,newspaper_USAToday-2025-01-08@magazinesclubnew_page_021_p21_c8,1,True,1.0
What did the director say Brody felt emotionally?,3,newspaper_USAToday-2025-01-08@magazinesclubnew_page_021_p21_c8,"newspaper_USAToday-2025-01-08@magazinesclubnew_page_021_p21_c8,newspaper_USAToday-2025-01-08@magazinesclubnew_page_021_p21_c5,newspaper_USAToday-2025-01-08@magazinesclubnew_page_021_p21_c7",1,True,1.0
What did the director say Brody felt emotionally?,5,newspaper_USAToday-2025-01-08@magazinesclubnew_page_021_p21_c8,"newspaper_USAToday-2025-01-08@magazinesclubnew_page_021_p21_c8,newspaper_USAToday-2025-01-08@magazinesclubnew_page_021_p21_c5,newspaper_USAToday-2025-01-08@magazinesclubnew_page_021_p21_c7,newspaper_USAToday-2025-01-08@magazinesclubnew_page_021_p21_c6,newspaper_USAToday-2025-01-08@magazinesclubnew_page_021_p21_c4",1,True,1.0
What is the name of Tim Allen's character in the new show?,1,newspaper_USAToday-2025-01-08@magazinesclubnew_page_021_p21_c9,newspaper_USAToday-2025-01-08@magazinesclubnew_page_021_p21_c9,1,True,1.0
What is the name of Tim Allen's character in the new show?,3,newspaper_USAToday-2025-01-08@magazinesclubnew_page_021_p21_c9,"newspaper_USAToday-2025-01-08@magazinesclubnew_page_021_p21_c9,newspaper_USAToday-2025-01-08@magazinesclubnew_page_021_p21_c8,newspaper_USAToday-2025-01-08@magazinesclubnew_page_021_p21_c11",1,True,1.0
What is the name of Tim Allen's character in the new show?,5,newspaper_USAToday-2025-01-08@magazinesclubnew_page_021_p21_c9,"newspaper_USAToday-2025-01-08@magazinesclubnew_page_021_p21_c9,newspaper_USAToday-2025-01-08@magazinesclubnew_page_021_p21_c8,newspaper_USAToday-2025-01-08@magazinesclubnew_page_021_p21_c11,newspaper_USAToday-2025-01-08@magazinesclubnew_page_021_p21_c10,newspaper_The Globe and Mail - 2025-1-8@magazinesclubnew_page_027_p27_c0",1,True,1.0
What is Matt's relationship to Riley?,1,newspaper_USAToday-2025-01-08@magazinesclubnew_page_021_p21_c11,newspaper_USAToday-2025-01-08@magazinesclubnew_page_021_p21_c9,0,False,0.0
What is Matt's relationship to Riley?,3,newspaper_USAToday-2025-01-08@magazinesclubnew_page_021_p21_c11,"newspaper_USAToday-2025-01-08@magazinesclubnew_page_021_p21_c9,newspaper_USAToday-2025-01-08@magazinesclubnew_page_021_p21_c11,newspaper_USAToday-2025-01-08@magazinesclubnew_page_021_p21_c10",2,True,1.0
What is Matt's relationship to Riley?,5,newspaper_USAToday-2025-01-08@magazinesclubnew_page_021_p21_c11,"newspaper_USAToday-2025-01-08@magazinesclubnew_page_021_p21_c9,newspaper_USAToday-2025-01-08@magazinesclubnew_page_021_p21_c11,newspaper_USAToday-2025-01-08@magazinesclubnew_page_021_p21_c10,newspaper_USAToday-2025-01-08@magazinesclubnew_page_021_p21_c6,newspaper_The Globe and Mail - 2025-1-8@magazinesclubnew_page_014_p14_c9",2,True,1.0
What is the assumption regarding the reduced sample estimator $ \hat{G}_{rs} $?,1,docstructbench_llm-raw-scihub-o.O-j.1365-2818.2003.01210.x.pdf_7_p7_c0,docstructbench_llm-raw-scihub-o.O-j.1365-2818.2003.01210.x.pdf_7_p7_c1,0,False,0.0
What is the assumption regarding the reduced sample estimator $ \hat{G}_{rs} $?,3,docstructbench_llm-raw-scihub-o.O-j.1365-2818.2003.01210.x.pdf_7_p7_c0,"docstructbench_llm-raw-scihub-o.O-j.1365-2818.2003.01210.x.pdf_7_p7_c1,docstructbench_llm-raw-scihub-o.O-j.1365-2818.2003.01210.x.pdf_7_p7_c0,exam_paper_en-file-putnam-archive_2011_Solutions_2011s_page_002_p2_c5",2,True,1.0
What is the assumption regarding the reduced sample estimator $ \hat{G}_{rs} $?,5,docstructbench_llm-raw-scihub-o.O-j.1365-2818.2003.01210.x.pdf_7_p7_c0,"docstructbench_llm-raw-scihub-o.O-j.1365-2818.2003.01210.x.pdf_7_p7_c1,docstructbench_llm-raw-scihub-o.O-j.1365-2818.2003.01210.x.pdf_7_p7_c0,exam_paper_en-file-putnam-archive_2011_Solutions_2011s_page_002_p2_c5,exam_paper_en-file-putnam-archive_2011_Solutions_2011s_page_002_p2_c0,exam_paper_en-file-putnam-archive_2016_Solutions_2016s_page_002_p2_c5",2,True,1.0
What does Figure 12 show about the reduced sample estimator?,1,docstructbench_llm-raw-scihub-o.O-j.1365-2818.2003.01210.x.pdf_7_p7_c1,docstructbench_llm-raw-scihub-o.O-j.1365-2818.2003.01210.x.pdf_7_p7_c1,1,True,1.0
What does Figure 12 show about the reduced sample estimator?,3,docstructbench_llm-raw-scihub-o.O-j.1365-2818.2003.01210.x.pdf_7_p7_c1,"docstructbench_llm-raw-scihub-o.O-j.1365-2818.2003.01210.x.pdf_7_p7_c1,docstructbench_llm-raw-scihub-o.O-j.1365-2818.2003.01210.x.pdf_7_p7_c0,newspaper_The Globe and Mail - 2025-1-8@magazinesclubnew_page_014_p14_c9",1,True,1.0
What does Figure 12 show about the reduced sample estimator?,5,docstructbench_llm-raw-scihub-o.O-j.1365-2818.2003.01210.x.pdf_7_p7_c1,"docstructbench_llm-raw-scihub-o.O-j.1365-2818.2003.01210.x.pdf_7_p7_c1,docstructbench_llm-raw-scihub-o.O-j.1365-2818.2003.01210.x.pdf_7_p7_c0,newspaper_The Globe and Mail - 2025-1-8@magazinesclubnew_page_014_p14_c9,jiaocaineedrop_glossary.pdf_7_p7_c6,newspaper_The Globe and Mail - 2025-1-8@magazinesclubnew_page_014_p14_c11",1,True,1.0
When was the interim final rule published in the Federal Register?,1,newspaper_fe5ed29024932fad071afc53807b16ba_1_p1_c0,newspaper_fe5ed29024932fad071afc53807b16ba_1_p1_c2,0,False,0.0
When was the interim final rule published in the Federal Register?,3,newspaper_fe5ed29024932fad071afc53807b16ba_1_p1_c0,"newspaper_fe5ed29024932fad071afc53807b16ba_1_p1_c2,newspaper_fe5ed29024932fad071afc53807b16ba_1_p1_c0,newspaper_fe5ed29024932fad071afc53807b16ba_1_p1_c3",2,True,1.0
When was the interim final rule published in the Federal Register?,5,newspaper_fe5ed29024932fad071afc53807b16ba_1_p1_c0,"newspaper_fe5ed29024932fad071afc53807b16ba_1_p1_c2,newspaper_fe5ed29024932fad071afc53807b16ba_1_p1_c0,newspaper_fe5ed29024932fad071afc53807b16ba_1_p1_c3,newspaper_fe5ed29024932fad071afc53807b16ba_1_p1_c9,newspaper_fe5ed29024932fad071afc53807b16ba_1_p1_c4",2,True,1.0
When did the comment period for the rule end?,1,newspaper_fe5ed29024932fad071afc53807b16ba_1_p1_c1,newspaper_fe5ed29024932fad071afc53807b16ba_1_p1_c1,1,True,1.0
When did the comment period for the rule end?,3,newspaper_fe5ed29024932fad071afc53807b16ba_1_p1_c1,"newspaper_fe5ed29024932fad071afc53807b16ba_1_p1_c1,newspaper_fe5ed29024932fad071afc53807b16ba_1_p1_c7,newspaper_fe5ed29024932fad071afc53807b16ba_1_p1_c0",1,True,1.0
When did the comment period for the rule end?,5,newspaper_fe5ed29024932fad071afc53807b16ba_1_p1_c1,"newspaper_fe5ed29024932fad071afc53807b16ba_1_p1_c1,newspaper_fe5ed29024932fad071afc53807b16ba_1_p1_c7,newspaper_fe5ed29024932fad071afc53807b16ba_1_p1_c0,newspaper_fe5ed29024932fad071afc53807b16ba_1_p1_c3,newspaper_fe5ed29024932fad071afc53807b16ba_1_p1_c4",1,True,1.0
What is the address to contact for questions about the compliance guide?,1,newspaper_fe5ed29024932fad071afc53807b16ba_1_p1_c2,newspaper_fe5ed29024932fad071afc53807b16ba_1_p1_c1,0,False,0.0
What is the address to contact for questions about the compliance guide?,3,newspaper_fe5ed29024932fad071afc53807b16ba_1_p1_c2,"newspaper_fe5ed29024932fad071afc53807b16ba_1_p1_c1,newspaper_fe5ed29024932fad071afc53807b16ba_1_p1_c2,newspaper_fe5ed29024932fad071afc53807b16ba_1_p1_c6",2,True,1.0
What is the address to contact for questions about the compliance guide?,5,newspaper_fe5ed29024932fad071afc53807b16ba_1_p1_c2,"newspaper_fe5ed29024932fad071afc53807b16ba_1_p1_c1,newspaper_fe5ed29024932fad071afc53807b16ba_1_p1_c2,newspaper_fe5ed29024932fad071afc53807b16ba_1_p1_c6,eastmoney_d2bb183f5254ede5760932ac3118524aa7eddad551935713b435541f1525c1ee.pdf_7_p7_c1,newspaper_35bdaa11dec104ccbdc9e19ac8527d21_1_p1_c0",2,True,1.0
What is the title of the part discussing sweet onions grown in the Walla Walla Valley?,1,newspaper_fe5ed29024932fad071afc53807b16ba_1_p1_c3,newspaper_fe5ed29024932fad071afc53807b16ba_1_p1_c3,1,True,1.0
What is the title of the part discussing sweet onions grown in the Walla Walla Valley?,3,newspaper_fe5ed29024932fad071afc53807b16ba_1_p1_c3,"newspaper_fe5ed29024932fad071afc53807b16ba_1_p1_c3,newspaper_fe5ed29024932fad071afc53807b16ba_1_p1_c1,newspaper_fe5ed29024932fad071afc53807b16ba_1_p1_c0",1,True,1.0
What is the title of the part discussing sweet onions grown in the Walla Walla Valley?,5,newspaper_fe5ed29024932fad071afc53807b16ba_1_p1_c3,"newspaper_fe5ed29024932fad071afc53807b16ba_1_p1_c3,newspaper_fe5ed29024932fad071afc53807b16ba_1_p1_c1,newspaper_fe5ed29024932fad071afc53807b16ba_1_p1_c0,newspaper_eb569707cf5621d4c71d5898216cdb17_1_p1_c5,newspaper_fe5ed29024932fad071afc53807b16ba_1_p1_c6",1,True,1.0
What are the volume regulation percentages for 2003–04 crop Natural (sun-dried) Seedless (NS) raisins?,1,newspaper_fe5ed29024932fad071afc53807b16ba_1_p1_c4,newspaper_fe5ed29024932fad071afc53807b16ba_1_p1_c4,1,True,1.0
What are the volume regulation percentages for 2003–04 crop Natural (sun-dried) Seedless (NS) raisins?,3,newspaper_fe5ed29024932fad071afc53807b16ba_1_p1_c4,"newspaper_fe5ed29024932fad071afc53807b16ba_1_p1_c4,newspaper_fe5ed29024932fad071afc53807b16ba_1_p1_c9,newspaper_fe5ed29024932fad071afc53807b16ba_1_p1_c5",1,True,1.0
What are the volume regulation percentages for 2003–04 crop Natural (sun-dried) Seedless (NS) raisins?,5,newspaper_fe5ed29024932fad071afc53807b16ba_1_p1_c4,"newspaper_fe5ed29024932fad071afc53807b16ba_1_p1_c4,newspaper_fe5ed29024932fad071afc53807b16ba_1_p1_c9,newspaper_fe5ed29024932fad071afc53807b16ba_1_p1_c5,newspaper_fe5ed29024932fad071afc53807b16ba_1_p1_c7,newspaper_fe5ed29024932fad071afc53807b16ba_1_p1_c3",1,True,1.0
When did the volume regulation percentages become effective?,1,newspaper_fe5ed29024932fad071afc53807b16ba_1_p1_c5,newspaper_fe5ed29024932fad071afc53807b16ba_1_p1_c5,1,True,1.0
When did the volume regulation percentages become effective?,3,newspaper_fe5ed29024932fad071afc53807b16ba_1_p1_c5,"newspaper_fe5ed29024932fad071afc53807b16ba_1_p1_c5,newspaper_fe5ed29024932fad071afc53807b16ba_1_p1_c4,newspaper_fe5ed29024932fad071afc53807b16ba_1_p1_c9",1,True,1.0
When did the volume regulation percentages become effective?,5,newspaper_fe5ed29024932fad071afc53807b16ba_1_p1_c5,"newspaper_fe5ed29024932fad071afc53807b16ba_1_p1_c5,newspaper_fe5ed29024932fad071afc53807b16ba_1_p1_c4,newspaper_fe5ed29024932fad071afc53807b16ba_1_p1_c9,newspaper_fe5ed29024932fad071afc53807b16ba_1_p1_c7,book_zh_CNASGL0092018_extracted_page_69_p69_c3",1,True,1.0
What is the email address for contacting Jay Guerber?,1,newspaper_fe5ed29024932fad071afc53807b16ba_1_p1_c6,newspaper_fe5ed29024932fad071afc53807b16ba_1_p1_c6,1,True,1.0
What is the email address for contacting Jay Guerber?,3,newspaper_fe5ed29024932fad071afc53807b16ba_1_p1_c6,"newspaper_fe5ed29024932fad071afc53807b16ba_1_p1_c6,newspaper_fe5ed29024932fad071afc53807b16ba_1_p1_c2,newspaper_fe5ed29024932fad071afc53807b16ba_1_p1_c1",1,True,1.0
What is the email address for contacting Jay Guerber?,5,newspaper_fe5ed29024932fad071afc53807b16ba_1_p1_c6,"newspaper_fe5ed29024932fad071afc53807b16ba_1_p1_c6,newspaper_fe5ed29024932fad071afc53807b16ba_1_p1_c2,newspaper_fe5ed29024932fad071afc53807b16ba_1_p1_c1,newspaper_b95d1d8eb0d756cc94a5d8b5db3cf69b_1_p1_c0,yanbaopptmerge_5473246b8da789b9bfdeef53a70c4d72afd480415d5cbcedb83d105856710328.pdf_8_p8_c4",1,True,1.0
Which act does the order conform to?,1,newspaper_fe5ed29024932fad071afc53807b16ba_1_p1_c7,newspaper_fe5ed29024932fad071afc53807b16ba_1_p1_c7,1,True,1.0
Which act does the order conform to?,3,newspaper_fe5ed29024932fad071afc53807b16ba_1_p1_c7,"newspaper_fe5ed29024932fad071afc53807b16ba_1_p1_c7,newspaper_fe5ed29024932fad071afc53807b16ba_1_p1_c6,newspaper_fe5ed29024932fad071afc53807b16ba_1_p1_c4",1,True,1.0
Which act does the order conform to?,5,newspaper_fe5ed29024932fad071afc53807b16ba_1_p1_c7,"newspaper_fe5ed29024932fad071afc53807b16ba_1_p1_c7,newspaper_fe5ed29024932fad071afc53807b16ba_1_p1_c6,newspaper_fe5ed29024932fad071afc53807b16ba_1_p1_c4,newspaper_fe5ed29024932fad071afc53807b16ba_1_p1_c8,jiaocaineedrop_chap15.pdf_3_p3_c1",1,True,1.0
What is the process for a handler to challenge an order?,1,newspaper_fe5ed29024932fad071afc53807b16ba_1_p1_c8,newspaper_fe5ed29024932fad071afc53807b16ba_1_p1_c8,1,True,1.0
What is the process for a handler to challenge an order?,3,newspaper_fe5ed29024932fad071afc53807b16ba_1_p1_c8,"newspaper_fe5ed29024932fad071afc53807b16ba_1_p1_c8,newspaper_fe5ed29024932fad071afc53807b16ba_1_p1_c9,newspaper_fe5ed29024932fad071afc53807b16ba_1_p1_c7",1,True,1.0
What is the process for a handler to challenge an order?,5,newspaper_fe5ed29024932fad071afc53807b16ba_1_p1_c8,"newspaper_fe5ed29024932fad071afc53807b16ba_1_p1_c8,newspaper_fe5ed29024932fad071afc53807b16ba_1_p1_c9,newspaper_fe5ed29024932fad071afc53807b16ba_1_p1_c7,newspaper_fe5ed29024932fad071afc53807b16ba_1_p1_c1,newspaper_fe5ed29024932fad071afc53807b16ba_1_p1_c6",1,True,1.0
What is the percentage of free tonnage raisins?,1,newspaper_fe5ed29024932fad071afc53807b16ba_1_p1_c9,newspaper_fe5ed29024932fad071afc53807b16ba_1_p1_c9,1,True,1.0
What is the percentage of free tonnage raisins?,3,newspaper_fe5ed29024932fad071afc53807b16ba_1_p1_c9,"newspaper_fe5ed29024932fad071afc53807b16ba_1_p1_c9,newspaper_fe5ed29024932fad071afc53807b16ba_1_p1_c4,newspaper_fe5ed29024932fad071afc53807b16ba_1_p1_c7",1,True,1.0
What is the percentage of free tonnage raisins?,5,newspaper_fe5ed29024932fad071afc53807b16ba_1_p1_c9,"newspaper_fe5ed29024932fad071afc53807b16ba_1_p1_c9,newspaper_fe5ed29024932fad071afc53807b16ba_1_p1_c4,newspaper_fe5ed29024932fad071afc53807b16ba_1_p1_c7,newspaper_fe5ed29024932fad071afc53807b16ba_1_p1_c3,newspaper_fe5ed29024932fad071afc53807b16ba_1_p1_c10",1,True,1.0
What are reserve raisins used for according to the document?,1,newspaper_fe5ed29024932fad071afc53807b16ba_1_p1_c10,newspaper_fe5ed29024932fad071afc53807b16ba_1_p1_c10,1,True,1.0
What are reserve raisins used for according to the document?,3,newspaper_fe5ed29024932fad071afc53807b16ba_1_p1_c10,"newspaper_fe5ed29024932fad071afc53807b16ba_1_p1_c10,newspaper_fe5ed29024932fad071afc53807b16ba_1_p1_c5,newspaper_fe5ed29024932fad071afc53807b16ba_1_p1_c7",1,True,1.0
What are reserve raisins used for according to the document?,5,newspaper_fe5ed29024932fad071afc53807b16ba_1_p1_c10,"newspaper_fe5ed29024932fad071afc53807b16ba_1_p1_c10,newspaper_fe5ed29024932fad071afc53807b16ba_1_p1_c5,newspaper_fe5ed29024932fad071afc53807b16ba_1_p1_c7,newspaper_fe5ed29024932fad071afc53807b16ba_1_p1_c4,newspaper_fe5ed29024932fad071afc53807b16ba_1_p1_c3",1,True,1.0
What was the title of the meeting held in December 2012?,1,PPT_13 fallacies LALT2012_page_001_p1_c0,PPT_13 fallacies LALT2012_page_001_p1_c0,1,True,1.0
What was the title of the meeting held in December 2012?,3,PPT_13 fallacies LALT2012_page_001_p1_c0,"PPT_13 fallacies LALT2012_page_001_p1_c0,newspaper_eb569707cf5621d4c71d5898216cdb17_1_p1_c0,magazine_TheEconomist.2023.12.23_page_012_p12_c9",1,True,1.0
What was the title of the meeting held in December 2012?,5,PPT_13 fallacies LALT2012_page_001_p1_c0,"PPT_13 fallacies LALT2012_page_001_p1_c0,newspaper_eb569707cf5621d4c71d5898216cdb17_1_p1_c0,magazine_TheEconomist.2023.12.23_page_012_p12_c9,docstructbench_dianzishu_zhongwenzaixian-o.O-63678132.pdf_161_p161_c0,newspaper_b95d1d8eb0d756cc94a5d8b5db3cf69b_1_p1_c1",1,True,1.0
What is the value of DC in the given problem?,1,jiaocaineedrop_AMC8_V5.pdf_64_p64_c0,newspaper_The Globe and Mail - 2025-1-8@magazinesclubnew_page_014_p14_c13,0,False,0.0
What is the value of DC in the given problem?,3,jiaocaineedrop_AMC8_V5.pdf_64_p64_c0,"newspaper_The Globe and Mail - 2025-1-8@magazinesclubnew_page_014_p14_c13,jiaocaineedrop_AMC8_V5.pdf_64_p64_c0,newspaper_The Globe and Mail - 2025-1-8@magazinesclubnew_page_014_p14_c16",2,True,1.0
What is the value of DC in the given problem?,5,jiaocaineedrop_AMC8_V5.pdf_64_p64_c0,"newspaper_The Globe and Mail - 2025-1-8@magazinesclubnew_page_014_p14_c13,jiaocaineedrop_AMC8_V5.pdf_64_p64_c0,newspaper_The Globe and Mail - 2025-1-8@magazinesclubnew_page_014_p14_c16,newspaper_The Globe and Mail - 2025-1-8@magazinesclubnew_page_014_p14_c15,docstructbench_llm-raw-scihub-o.O-j.chroma.2005.05.085.pdf_4_p4_c7",2,True,1.0
What is the value of AB plus DE according to the formula provided?,1,jiaocaineedrop_AMC8_V5.pdf_64_p64_c1,jiaocaineedrop_AMC8_V5.pdf_64_p64_c1,1,True,1.0
What is the value of AB plus DE according to the formula provided?,3,jiaocaineedrop_AMC8_V5.pdf_64_p64_c1,"jiaocaineedrop_AMC8_V5.pdf_64_p64_c1,jiaocaineedrop_AMC8_V5.pdf_64_p64_c0,exam_paper_en-file-putnam-archive_1998_Solutions_1998s_page_002_p2_c0",1,True,1.0
What is the value of AB plus DE according to the formula provided?,5,jiaocaineedrop_AMC8_V5.pdf_64_p64_c1,"jiaocaineedrop_AMC8_V5.pdf_64_p64_c1,jiaocaineedrop_AMC8_V5.pdf_64_p64_c0,exam_paper_en-file-putnam-archive_1998_Solutions_1998s_page_002_p2_c0,jiaocaineedrop_96657786.pdf_0_p0_c4,notes_9e951846094758afac08c620144e3a76_17_p17_c0",1,True,1.0
用在江河、海洋、山脉等名称的前面的例子是什么？,1,notes_f7f010b78016aeebd76e56d9283eb67f_52_p52_c0,notes_f7f010b78016aeebd76e56d9283eb67f_52_p52_c0,1,True,1.0
用在江河、海洋、山脉等名称的前面的例子是什么？,3,notes_f7f010b78016aeebd76e56d9283eb67f_52_p52_c0,"notes_f7f010b78016aeebd76e56d9283eb67f_52_p52_c0,notes_f7f010b78016aeebd76e56d9283eb67f_52_p52_c1,notes_1ba14cb325bc448f7201b20502ecf2b5_10_p10_c0",1,True,1.0
用在江河、海洋、山脉等名称的前面的例子是什么？,5,notes_f7f010b78016aeebd76e56d9283eb67f_52_p52_c0,"notes_f7f010b78016aeebd76e56d9283eb67f_52_p52_c0,notes_f7f010b78016aeebd76e56d9283eb67f_52_p52_c1,notes_1ba14cb325bc448f7201b20502ecf2b5_10_p10_c0,jiaocaineedrop_jiaocai_needrop_en_1836_p1836_c2,jiaocaineedrop_jiaocai_needrop_en_2193_p2193_c1",1,True,1.0
在哪些情况下专有名词前不用冠词？,1,notes_f7f010b78016aeebd76e56d9283eb67f_52_p52_c1,notes_f7f010b78016aeebd76e56d9283eb67f_52_p52_c1,1,True,1.0
在哪些情况下专有名词前不用冠词？,3,notes_f7f010b78016aeebd76e56d9283eb67f_52_p52_c1,"notes_f7f010b78016aeebd76e56d9283eb67f_52_p52_c1,notes_f7f010b78016aeebd76e56d9283eb67f_52_p52_c0,notes_f7f010b78016aeebd76e56d9283eb67f_27_p27_c0",1,True,1.0
在哪些情况下专有名词前不用冠词？,5,notes_f7f010b78016aeebd76e56d9283eb67f_52_p52_c1,"notes_f7f010b78016aeebd76e56d9283eb67f_52_p52_c1,notes_f7f010b78016aeebd76e56d9283eb67f_52_p52_c0,notes_f7f010b78016aeebd76e56d9283eb67f_27_p27_c0,notes_f7f010b78016aeebd76e56d9283eb67f_27_p27_c1,color_textbook_zhonggaokao_小学_KET听说读写逐项突破_KET听说读写逐项突破之轻松搞定KET写作25分 【10讲 褚连一】_第10讲第十课写作Part9小作文练习_第十课写作Part9小作文练习_page_010_p10_c7",1,True,1.0
What are the difficulties in experimental investigation of bubble size's influence on MBDR?,1,docstructbench_llm-raw-scihub-o.O-s00348-006-0169-y.pdf_2_p2_c0,docstructbench_llm-raw-scihub-o.O-s00348-006-0169-y.pdf_2_p2_c0,1,True,1.0
What are the difficulties in experimental investigation of bubble size's influence on MBDR?,3,docstructbench_llm-raw-scihub-o.O-s00348-006-0169-y.pdf_2_p2_c0,"docstructbench_llm-raw-scihub-o.O-s00348-006-0169-y.pdf_2_p2_c0,docstructbench_llm-raw-scihub-o.O-s00348-006-0169-y.pdf_2_p2_c7,docstructbench_llm-raw-scihub-o.O-s00348-006-0169-y.pdf_2_p2_c2",1,True,1.0
What are the difficulties in experimental investigation of bubble size's influence on MBDR?,5,docstructbench_llm-raw-scihub-o.O-s00348-006-0169-y.pdf_2_p2_c0,"docstructbench_llm-raw-scihub-o.O-s00348-006-0169-y.pdf_2_p2_c0,docstructbench_llm-raw-scihub-o.O-s00348-006-0169-y.pdf_2_p2_c7,docstructbench_llm-raw-scihub-o.O-s00348-006-0169-y.pdf_2_p2_c2,docstructbench_llm-raw-scihub-o.O-s00348-006-0169-y.pdf_2_p2_c3,docstructbench_llm-raw-scihub-o.O-s00348-006-0169-y.pdf_2_p2_c1",1,True,1.0
What did the flat plate test suggest about MBDR and bubble size?,1,docstructbench_llm-raw-scihub-o.O-s00348-006-0169-y.pdf_2_p2_c1,docstructbench_llm-raw-scihub-o.O-s00348-006-0169-y.pdf_2_p2_c1,1,True,1.0
What did the flat plate test suggest about MBDR and bubble size?,3,docstructbench_llm-raw-scihub-o.O-s00348-006-0169-y.pdf_2_p2_c1,"docstructbench_llm-raw-scihub-o.O-s00348-006-0169-y.pdf_2_p2_c1,docstructbench_llm-raw-scihub-o.O-s00348-006-0169-y.pdf_2_p2_c3,docstructbench_llm-raw-scihub-o.O-s00348-006-0169-y.pdf_2_p2_c7",1,True,1.0
What did the flat plate test suggest about MBDR and bubble size?,5,docstructbench_llm-raw-scihub-o.O-s00348-006-0169-y.pdf_2_p2_c1,"docstructbench_llm-raw-scihub-o.O-s00348-006-0169-y.pdf_2_p2_c1,docstructbench_llm-raw-scihub-o.O-s00348-006-0169-y.pdf_2_p2_c3,docstructbench_llm-raw-scihub-o.O-s00348-006-0169-y.pdf_2_p2_c7,docstructbench_llm-raw-scihub-o.O-s00348-006-0169-y.pdf_2_p2_c0,docstructbench_llm-raw-scihub-o.O-s00348-006-0169-y.pdf_2_p2_c2",1,True,1.0
What is the formula for the viscous wall unit?,1,docstructbench_llm-raw-scihub-o.O-s00348-006-0169-y.pdf_2_p2_c2,docstructbench_llm-raw-scihub-o.O-s00348-006-0169-y.pdf_2_p2_c2,1,True,1.0
What is the formula for the viscous wall unit?,3,docstructbench_llm-raw-scihub-o.O-s00348-006-0169-y.pdf_2_p2_c2,"docstructbench_llm-raw-scihub-o.O-s00348-006-0169-y.pdf_2_p2_c2,docstructbench_llm-raw-scihub-o.O-s00348-006-0169-y.pdf_2_p2_c6,docstructbench_llm-raw-scihub-o.O-s00348-006-0169-y.pdf_2_p2_c3",1,True,1.0
What is the formula for the viscous wall unit?,5,docstructbench_llm-raw-scihub-o.O-s00348-006-0169-y.pdf_2_p2_c2,"docstructbench_llm-raw-scihub-o.O-s00348-006-0169-y.pdf_2_p2_c2,docstructbench_llm-raw-scihub-o.O-s00348-006-0169-y.pdf_2_p2_c6,docstructbench_llm-raw-scihub-o.O-s00348-006-0169-y.pdf_2_p2_c3,book_zh_CNASGL0092018_extracted_page_69_p69_c1,book_zh_CNASGL0092018_extracted_page_69_p69_c3",1,True,1.0
What determines the bubble size in most MBDR experiments?,1,docstructbench_llm-raw-scihub-o.O-s00348-006-0169-y.pdf_2_p2_c3,docstructbench_llm-raw-scihub-o.O-s00348-006-0169-y.pdf_2_p2_c3,1,True,1.0
What determines the bubble size in most MBDR experiments?,3,docstructbench_llm-raw-scihub-o.O-s00348-006-0169-y.pdf_2_p2_c3,"docstructbench_llm-raw-scihub-o.O-s00348-006-0169-y.pdf_2_p2_c3,docstructbench_llm-raw-scihub-o.O-s00348-006-0169-y.pdf_2_p2_c7,docstructbench_llm-raw-scihub-o.O-s00348-006-0169-y.pdf_2_p2_c2",1,True,1.0
What determines the bubble size in most MBDR experiments?,5,docstructbench_llm-raw-scihub-o.O-s00348-006-0169-y.pdf_2_p2_c3,"docstructbench_llm-raw-scihub-o.O-s00348-006-0169-y.pdf_2_p2_c3,docstructbench_llm-raw-scihub-o.O-s00348-006-0169-y.pdf_2_p2_c7,docstructbench_llm-raw-scihub-o.O-s00348-006-0169-y.pdf_2_p2_c2,docstructbench_llm-raw-scihub-o.O-s00348-006-0169-y.pdf_2_p2_c4,docstructbench_llm-raw-scihub-o.O-s00348-006-0169-y.pdf_2_p2_c0",1,True,1.0
What is the formula for the gas phase volume in the bubbly boundary layer flow?,1,docstructbench_llm-raw-scihub-o.O-s00348-006-0169-y.pdf_2_p2_c4,docstructbench_llm-raw-scihub-o.O-s00348-006-0169-y.pdf_2_p2_c4,1,True,1.0
What is the formula for the gas phase volume in the bubbly boundary layer flow?,3,docstructbench_llm-raw-scihub-o.O-s00348-006-0169-y.pdf_2_p2_c4,"docstructbench_llm-raw-scihub-o.O-s00348-006-0169-y.pdf_2_p2_c4,docstructbench_llm-raw-scihub-o.O-s00348-006-0169-y.pdf_2_p2_c3,yanbaopptmerge_3aa9b6677e17fd012b0a7a230b9f18db.pdf_1327_p1327_c0",1,True,1.0
What is the formula for the gas phase volume in the bubbly boundary layer flow?,5,docstructbench_llm-raw-scihub-o.O-s00348-006-0169-y.pdf_2_p2_c4,"docstructbench_llm-raw-scihub-o.O-s00348-006-0169-y.pdf_2_p2_c4,docstructbench_llm-raw-scihub-o.O-s00348-006-0169-y.pdf_2_p2_c3,yanbaopptmerge_3aa9b6677e17fd012b0a7a230b9f18db.pdf_1327_p1327_c0,docstructbench_llm-raw-scihub-o.O-s00348-006-0169-y.pdf_2_p2_c2,docstructbench_llm-raw-scihub-o.O-j.chroma.2005.05.085.pdf_4_p4_c6",1,True,1.0
What was the average bubble size reduction factor in the saltwater compared to the fresh tap water?,1,docstructbench_llm-raw-scihub-o.O-s00348-006-0169-y.pdf_2_p2_c6,docstructbench_llm-raw-scihub-o.O-s00348-006-0169-y.pdf_2_p2_c6,1,True,1.0
What was the average bubble size reduction factor in the saltwater compared to the fresh tap water?,3,docstructbench_llm-raw-scihub-o.O-s00348-006-0169-y.pdf_2_p2_c6,"docstructbench_llm-raw-scihub-o.O-s00348-006-0169-y.pdf_2_p2_c6,docstructbench_llm-raw-scihub-o.O-s00348-006-0169-y.pdf_2_p2_c7,docstructbench_llm-raw-scihub-o.O-s00348-006-0169-y.pdf_2_p2_c5",1,True,1.0
What was the average bubble size reduction factor in the saltwater compared to the fresh tap water?,5,docstructbench_llm-raw-scihub-o.O-s00348-006-0169-y.pdf_2_p2_c6,"docstructbench_llm-raw-scihub-o.O-s00348-006-0169-y.pdf_2_p2_c6,docstructbench_llm-raw-scihub-o.O-s00348-006-0169-y.pdf_2_p2_c7,docstructbench_llm-raw-scihub-o.O-s00348-006-0169-y.pdf_2_p2_c5,docstructbench_llm-raw-scihub-o.O-s00348-006-0169-y.pdf_2_p2_c8,docstructbench_llm-raw-scihub-o.O-s00348-006-0169-y.pdf_2_p2_c3",1,True,1.0
What method was used to produce smaller bubbles in the study?,1,docstructbench_llm-raw-scihub-o.O-s00348-006-0169-y.pdf_2_p2_c7,docstructbench_llm-raw-scihub-o.O-s00348-006-0169-y.pdf_2_p2_c7,1,True,1.0
What method was used to produce smaller bubbles in the study?,3,docstructbench_llm-raw-scihub-o.O-s00348-006-0169-y.pdf_2_p2_c7,"docstructbench_llm-raw-scihub-o.O-s00348-006-0169-y.pdf_2_p2_c7,docstructbench_llm-raw-scihub-o.O-s00348-006-0169-y.pdf_2_p2_c4,docstructbench_llm-raw-scihub-o.O-s00348-006-0169-y.pdf_2_p2_c8",1,True,1.0
What method was used to produce smaller bubbles in the study?,5,docstructbench_llm-raw-scihub-o.O-s00348-006-0169-y.pdf_2_p2_c7,"docstructbench_llm-raw-scihub-o.O-s00348-006-0169-y.pdf_2_p2_c7,docstructbench_llm-raw-scihub-o.O-s00348-006-0169-y.pdf_2_p2_c4,docstructbench_llm-raw-scihub-o.O-s00348-006-0169-y.pdf_2_p2_c8,docstructbench_llm-raw-scihub-o.O-s00348-006-0169-y.pdf_2_p2_c6,docstructbench_llm-raw-scihub-o.O-s00348-006-0169-y.pdf_2_p2_c2",1,True,1.0
What is the scale of this water tunnel?,1,docstructbench_llm-raw-scihub-o.O-s00348-006-0169-y.pdf_2_p2_c9,docstructbench_llm-raw-scihub-o.O-s00348-006-0169-y.pdf_2_p2_c9,1,True,1.0
What is the scale of this water tunnel?,3,docstructbench_llm-raw-scihub-o.O-s00348-006-0169-y.pdf_2_p2_c9,"docstructbench_llm-raw-scihub-o.O-s00348-006-0169-y.pdf_2_p2_c9,docstructbench_llm-raw-scihub-o.O-s00348-006-0169-y.pdf_2_p2_c8,jiaocaineedrop_jiaocai_needrop_en_2893_p2893_c0",1,True,1.0
What is the scale of this water tunnel?,5,docstructbench_llm-raw-scihub-o.O-s00348-006-0169-y.pdf_2_p2_c9,"docstructbench_llm-raw-scihub-o.O-s00348-006-0169-y.pdf_2_p2_c9,docstructbench_llm-raw-scihub-o.O-s00348-006-0169-y.pdf_2_p2_c8,jiaocaineedrop_jiaocai_needrop_en_2893_p2893_c0,newspaper_The Globe and Mail - 2025-1-8@magazinesclubnew_page_014_p14_c15,jiaocaineedrop_jiaocai_needrop_en_2893_p2893_c1",1,True,1.0
查读时如何处理不能直接找到答案的问题？,1,notes_f7f010b78016aeebd76e56d9283eb67f_89_p89_c0,notes_f7f010b78016aeebd76e56d9283eb67f_89_p89_c0,1,True,1.0
查读时如何处理不能直接找到答案的问题？,3,notes_f7f010b78016aeebd76e56d9283eb67f_89_p89_c0,"notes_f7f010b78016aeebd76e56d9283eb67f_89_p89_c0,jiaocaineedrop_jiaocai_needrop_en_1836_p1836_c1,jiaocaineedrop_96657786.pdf_0_p0_c0",1,True,1.0
查读时如何处理不能直接找到答案的问题？,5,notes_f7f010b78016aeebd76e56d9283eb67f_89_p89_c0,"notes_f7f010b78016aeebd76e56d9283eb67f_89_p89_c0,jiaocaineedrop_jiaocai_needrop_en_1836_p1836_c1,jiaocaineedrop_96657786.pdf_0_p0_c0,notes_f7f010b78016aeebd76e56d9283eb67f_92_p92_c0,yanbaopptmerge_yanbaoPPT_5675_p5675_c0",1,True,1.0
What did the children say about the taxi fare?,1,notes_f7f010b78016aeebd76e56d9283eb67f_89_p89_c1,notes_f7f010b78016aeebd76e56d9283eb67f_89_p89_c1,1,True,1.0
What did the children say about the taxi fare?,3,notes_f7f010b78016aeebd76e56d9283eb67f_89_p89_c1,"notes_f7f010b78016aeebd76e56d9283eb67f_89_p89_c1,jiaocaineedrop_jiaocai_needrop_en_453_p453_c0,jiaocaineedrop_jiaocai_needrop_en_3937_p3937_c0",1,True,1.0
What did the children say about the taxi fare?,5,notes_f7f010b78016aeebd76e56d9283eb67f_89_p89_c1,"notes_f7f010b78016aeebd76e56d9283eb67f_89_p89_c1,jiaocaineedrop_jiaocai_needrop_en_453_p453_c0,jiaocaineedrop_jiaocai_needrop_en_3937_p3937_c0,exam_paper_2016年安徽省中考英语试题（解析）_page_015_p15_c2,exam_paper_2004-2019上海高考英语听力原文和答案_page_017_p17_c1",1,True,1.0
Which word is associated with the first image in the table?,1,color_textbook_教材全解1+1二年级上册英语上海牛津版_page_067_p67_c1,color_textbook_教材全解1+1二年级上册英语上海牛津版_page_067_p67_c1,1,True,1.0
Which word is associated with the first image in the table?,3,color_textbook_教材全解1+1二年级上册英语上海牛津版_page_067_p67_c1,"color_textbook_教材全解1+1二年级上册英语上海牛津版_page_067_p67_c1,PPT_8076_MEYER_Chapter_2_-_Language_Change_page_014_p14_c1,newspaper_The Globe and Mail - 2025-1-8@magazinesclubnew_page_014_p14_c22",1,True,1.0
Which word is associated with the first image in the table?,5,color_textbook_教材全解1+1二年级上册英语上海牛津版_page_067_p67_c1,"color_textbook_教材全解1+1二年级上册英语上海牛津版_page_067_p67_c1,PPT_8076_MEYER_Chapter_2_-_Language_Change_page_014_p14_c1,newspaper_The Globe and Mail - 2025-1-8@magazinesclubnew_page_014_p14_c22,book_en_[搬书匠#893][Pyomo—Optimization Modeling in Python].2012.英文版_page_188_p188_c2,jiaocaineedrop_jiaocai_needrop_en_1118_p1118_c0",1,True,1.0
What is the third image's source in the first row?,1,color_textbook_教材全解1+1二年级上册英语上海牛津版_page_067_p67_c2,color_textbook_教材全解1+1二年级上册英语上海牛津版_page_067_p67_c2,1,True,1.0
What is the third image's source in the first row?,3,color_textbook_教材全解1+1二年级上册英语上海牛津版_page_067_p67_c2,"color_textbook_教材全解1+1二年级上册英语上海牛津版_page_067_p67_c2,color_textbook_教材全解1+1二年级上册英语上海牛津版_page_067_p67_c1,book_en_国外数学教材-非数学专业教材-线性代数-Gilbert Strang—Linear Algebra and Its Applications 4e_0035_p35_c2",1,True,1.0
What is the third image's source in the first row?,5,color_textbook_教材全解1+1二年级上册英语上海牛津版_page_067_p67_c2,"color_textbook_教材全解1+1二年级上册英语上海牛津版_page_067_p67_c2,color_textbook_教材全解1+1二年级上册英语上海牛津版_page_067_p67_c1,book_en_国外数学教材-非数学专业教材-线性代数-Gilbert Strang—Linear Algebra and Its Applications 4e_0035_p35_c2,jiaocaineedrop_jiaocai_needrop_en_1564_p1564_c2,exam_paper_en-file-putnam-archive_1995_Solutions_1995s_page_002_p2_c3",1,True,1.0
What is the title of the paragraph section?,1,color_textbook_教材全解1+1二年级上册英语上海牛津版_page_067_p67_c3,jiaocaineedrop_jiaocai_needrop_en_1836_p1836_c1,0,False,0.0
What is the title of the paragraph section?,3,color_textbook_教材全解1+1二年级上册英语上海牛津版_page_067_p67_c3,"jiaocaineedrop_jiaocai_needrop_en_1836_p1836_c1,eastmoney_d2bb183f5254ede5760932ac3118524aa7eddad551935713b435541f1525c1ee.pdf_7_p7_c0,yanbaopptmerge_yanbaoPPT_4900_p4900_c0",0,False,0.0
What is the title of the paragraph section?,5,color_textbook_教材全解1+1二年级上册英语上海牛津版_page_067_p67_c3,"jiaocaineedrop_jiaocai_needrop_en_1836_p1836_c1,eastmoney_d2bb183f5254ede5760932ac3118524aa7eddad551935713b435541f1525c1ee.pdf_7_p7_c0,yanbaopptmerge_yanbaoPPT_4900_p4900_c0,color_textbook_zhonggaokao_小学_13.人教新起点英语（4-5年级）_人教新起点四年级英语上册_课本_人教新起点英语4A电子课本_page_091_p91_c0,yanbaopptmerge_5473246b8da789b9bfdeef53a70c4d72afd480415d5cbcedb83d105856710328.pdf_8_p8_c0",0,False,0.0
在特殊疑问句中，回答 'What can you see?' 的句型是什么？,1,color_textbook_教材全解1+1二年级上册英语上海牛津版_page_067_p67_c4,color_textbook_教材全解1+1二年级上册英语上海牛津版_page_067_p67_c4,1,True,1.0
在特殊疑问句中，回答 'What can you see?' 的句型是什么？,3,color_textbook_教材全解1+1二年级上册英语上海牛津版_page_067_p67_c4,"color_textbook_教材全解1+1二年级上册英语上海牛津版_page_067_p67_c4,yanbaopptmerge_yanbaoPPT_5945_p5945_c0,jiaocaineedrop_jiaocai_needrop_en_1836_p1836_c2",1,True,1.0
在特殊疑问句中，回答 'What can you see?' 的句型是什么？,5,color_textbook_教材全解1+1二年级上册英语上海牛津版_page_067_p67_c4,"color_textbook_教材全解1+1二年级上册英语上海牛津版_page_067_p67_c4,yanbaopptmerge_yanbaoPPT_5945_p5945_c0,jiaocaineedrop_jiaocai_needrop_en_1836_p1836_c2,notes_f7f010b78016aeebd76e56d9283eb67f_27_p27_c0,jiaocaineedrop_jiaocai_needrop_en_1836_p1836_c0",1,True,1.0
外采平台的稳定性如何影响上课效果和服务质量？,1,yanbaor2_7f386f737cb55cffa10c8321a94bd38d7169cd69b3b253b9e2e502c12a68feea.pdf_15_p15_c0,yanbaor2_7f386f737cb55cffa10c8321a94bd38d7169cd69b3b253b9e2e502c12a68feea.pdf_15_p15_c0,1,True,1.0
外采平台的稳定性如何影响上课效果和服务质量？,3,yanbaor2_7f386f737cb55cffa10c8321a94bd38d7169cd69b3b253b9e2e502c12a68feea.pdf_15_p15_c0,"yanbaor2_7f386f737cb55cffa10c8321a94bd38d7169cd69b3b253b9e2e502c12a68feea.pdf_15_p15_c0,newspaper_fe2c8b45b2a086cd75984640bb3080e1_1_p1_c1,newspaper_fe2c8b45b2a086cd75984640bb3080e1_1_p1_c8",1,True,1.0
外采平台的稳定性如何影响上课效果和服务质量？,5,yanbaor2_7f386f737cb55cffa10c8321a94bd38d7169cd69b3b253b9e2e502c12a68feea.pdf_15_p15_c0,"yanbaor2_7f386f737cb55cffa10c8321a94bd38d7169cd69b3b253b9e2e502c12a68feea.pdf_15_p15_c0,newspaper_fe2c8b45b2a086cd75984640bb3080e1_1_p1_c1,newspaper_fe2c8b45b2a086cd75984640bb3080e1_1_p1_c8,newspaper_fe2c8b45b2a086cd75984640bb3080e1_1_p1_c7,scihub_ijcac.2012040101.pdf_5_p5_c0",1,True,1.0
第一周中安排了哪些不同的体育运动？,1,jiaocaineedrop_jiaocai_needrop_en_1836_p1836_c1,jiaocaineedrop_jiaocai_needrop_en_1836_p1836_c1,1,True,1.0
第一周中安排了哪些不同的体育运动？,3,jiaocaineedrop_jiaocai_needrop_en_1836_p1836_c1,"jiaocaineedrop_jiaocai_needrop_en_1836_p1836_c1,jiaocaineedrop_jiaocai_needrop_en_1836_p1836_c0,jiaocaineedrop_jiaocai_needrop_en_237_p237_c2",1,True,1.0
第一周中安排了哪些不同的体育运动？,5,jiaocaineedrop_jiaocai_needrop_en_1836_p1836_c1,"jiaocaineedrop_jiaocai_needrop_en_1836_p1836_c1,jiaocaineedrop_jiaocai_needrop_en_1836_p1836_c0,jiaocaineedrop_jiaocai_needrop_en_237_p237_c2,jiaocaineedrop_jiaocai_needrop_en_237_p237_c1,jiaocaineedrop_jiaocai_needrop_en_3274_p3274_c0",1,True,1.0
第三幅图中男孩拿的是什么工具？,1,jiaocaineedrop_jiaocai_needrop_en_1836_p1836_c2,jiaocaineedrop_jiaocai_needrop_en_1836_p1836_c2,1,True,1.0
第三幅图中男孩拿的是什么工具？,3,jiaocaineedrop_jiaocai_needrop_en_1836_p1836_c2,"jiaocaineedrop_jiaocai_needrop_en_1836_p1836_c2,jiaocaineedrop_jiaocai_needrop_en_1836_p1836_c1,jiaocaineedrop_jiaocai_needrop_en_453_p453_c4",1,True,1.0
第三幅图中男孩拿的是什么工具？,5,jiaocaineedrop_jiaocai_needrop_en_1836_p1836_c2,"jiaocaineedrop_jiaocai_needrop_en_1836_p1836_c2,jiaocaineedrop_jiaocai_needrop_en_1836_p1836_c1,jiaocaineedrop_jiaocai_needrop_en_453_p453_c4,jiaocaineedrop_jiaocai_needrop_en_2893_p2893_c1,jiaocaineedrop_jiaocai_needrop_en_453_p453_c3",1,True,1.0
AI生成的内容如何帮助攻击者突破安全漏洞？,1,yanbaor2_decf70a006d6f8f66725ead2f27b248a911016d258a236cefcdd26c6aff1d463.pdf_40_p40_c0,yanbaor2_decf70a006d6f8f66725ead2f27b248a911016d258a236cefcdd26c6aff1d463.pdf_40_p40_c0,1,True,1.0
AI生成的内容如何帮助攻击者突破安全漏洞？,3,yanbaor2_decf70a006d6f8f66725ead2f27b248a911016d258a236cefcdd26c6aff1d463.pdf_40_p40_c0,"yanbaor2_decf70a006d6f8f66725ead2f27b248a911016d258a236cefcdd26c6aff1d463.pdf_40_p40_c0,yanbaor2_decf70a006d6f8f66725ead2f27b248a911016d258a236cefcdd26c6aff1d463.pdf_40_p40_c1,newspaper_The Wall Street Journal - 2025-01-08@magazinesclubnew_page_018_p18_c17",1,True,1.0
AI生成的内容如何帮助攻击者突破安全漏洞？,5,yanbaor2_decf70a006d6f8f66725ead2f27b248a911016d258a236cefcdd26c6aff1d463.pdf_40_p40_c0,"yanbaor2_decf70a006d6f8f66725ead2f27b248a911016d258a236cefcdd26c6aff1d463.pdf_40_p40_c0,yanbaor2_decf70a006d6f8f66725ead2f27b248a911016d258a236cefcdd26c6aff1d463.pdf_40_p40_c1,newspaper_The Wall Street Journal - 2025-01-08@magazinesclubnew_page_018_p18_c17,jiaocaineedrop_biz-96816.pdf_48_p48_c4,magazine_TheEconomist.2023.11.25_page_069_p69_c3",1,True,1.0
有多少人不确定能否区分AI生成的内容和人类生成的内容？,1,yanbaor2_decf70a006d6f8f66725ead2f27b248a911016d258a236cefcdd26c6aff1d463.pdf_40_p40_c1,yanbaor2_decf70a006d6f8f66725ead2f27b248a911016d258a236cefcdd26c6aff1d463.pdf_40_p40_c1,1,True,1.0
有多少人不确定能否区分AI生成的内容和人类生成的内容？,3,yanbaor2_decf70a006d6f8f66725ead2f27b248a911016d258a236cefcdd26c6aff1d463.pdf_40_p40_c1,"yanbaor2_decf70a006d6f8f66725ead2f27b248a911016d258a236cefcdd26c6aff1d463.pdf_40_p40_c1,yanbaor2_decf70a006d6f8f66725ead2f27b248a911016d258a236cefcdd26c6aff1d463.pdf_40_p40_c0,jiaocaineedrop_jiaocai_needrop_en_377_p377_c3",1,True,1.0
有多少人不确定能否区分AI生成的内容和人类生成的内容？,5,yanbaor2_decf70a006d6f8f66725ead2f27b248a911016d258a236cefcdd26c6aff1d463.pdf_40_p40_c1,"yanbaor2_decf70a006d6f8f66725ead2f27b248a911016d258a236cefcdd26c6aff1d463.pdf_40_p40_c1,yanbaor2_decf70a006d6f8f66725ead2f27b248a911016d258a236cefcdd26c6aff1d463.pdf_40_p40_c0,jiaocaineedrop_jiaocai_needrop_en_377_p377_c3,scihub_ijcac.2012040101.pdf_5_p5_c3,yanbaopptmerge_0c79d327060dbf9f1582d03c235dadb039533a19091d2c0d24f2ad95d267f79b.pdf_2_p2_c2",1,True,1.0
Where are meals cooked and served by robots in China?,1,magazine_TheEconomist.2023.12.23_page_024_p24_c2,magazine_TheEconomist.2023.12.23_page_024_p24_c2,1,True,1.0
Where are meals cooked and served by robots in China?,3,magazine_TheEconomist.2023.12.23_page_024_p24_c2,"magazine_TheEconomist.2023.12.23_page_024_p24_c2,magazine_TheEconomist.2023.12.23_page_024_p24_c3,magazine_TheEconomist.2023.12.23_page_024_p24_c0",1,True,1.0
Where are meals cooked and served by robots in China?,5,magazine_TheEconomist.2023.12.23_page_024_p24_c2,"magazine_TheEconomist.2023.12.23_page_024_p24_c2,magazine_TheEconomist.2023.12.23_page_024_p24_c3,magazine_TheEconomist.2023.12.23_page_024_p24_c0,magazine_TheEconomist.2023.12.23_page_024_p24_c1,magazine_TheEconomist.2023.12.23_page_012_p12_c4",1,True,1.0
What does Dan Wang of Hang Seng Bank say officials now use as a gauge of economic advancement?,1,magazine_TheEconomist.2023.12.23_page_024_p24_c3,magazine_TheEconomist.2023.12.23_page_024_p24_c3,1,True,1.0
What does Dan Wang of Hang Seng Bank say officials now use as a gauge of economic advancement?,3,magazine_TheEconomist.2023.12.23_page_024_p24_c3,"magazine_TheEconomist.2023.12.23_page_024_p24_c3,magazine_TheEconomist.2023.12.23_page_024_p24_c4,magazine_TheEconomist.2024.03.02_page_032_p32_c0",1,True,1.0
What does Dan Wang of Hang Seng Bank say officials now use as a gauge of economic advancement?,5,magazine_TheEconomist.2023.12.23_page_024_p24_c3,"magazine_TheEconomist.2023.12.23_page_024_p24_c3,magazine_TheEconomist.2023.12.23_page_024_p24_c4,magazine_TheEconomist.2024.03.02_page_032_p32_c0,magazine_TheEconomist.2023.12.23_page_012_p12_c3,magazine_TheEconomist.2023.12.23_page_024_p24_c2",1,True,1.0
How many occupations were listed as having a labour shortage?,1,magazine_TheEconomist.2023.12.23_page_024_p24_c4,magazine_TheEconomist.2023.12.23_page_024_p24_c4,1,True,1.0
How many occupations were listed as having a labour shortage?,3,magazine_TheEconomist.2023.12.23_page_024_p24_c4,"magazine_TheEconomist.2023.12.23_page_024_p24_c4,magazine_TheEconomist.2023.12.23_page_024_p24_c5,docstructbench_dianzishu_zhongwenzaixian-o.O-61323717.pdf_203_p203_c4",1,True,1.0
How many occupations were listed as having a labour shortage?,5,magazine_TheEconomist.2023.12.23_page_024_p24_c4,"magazine_TheEconomist.2023.12.23_page_024_p24_c4,magazine_TheEconomist.2023.12.23_page_024_p24_c5,docstructbench_dianzishu_zhongwenzaixian-o.O-61323717.pdf_203_p203_c4,yanbaopptmerge_d346b889f1d85c61950a71d4b0ac2752.pdf_89_p89_c3,yanbaopptmerge_d346b889f1d85c61950a71d4b0ac2752.pdf_89_p89_c2",1,True,1.0
What caused Western firms to reconsider their supply chains?,1,magazine_TheEconomist.2023.12.23_page_024_p24_c5,magazine_TheEconomist.2023.12.23_page_024_p24_c5,1,True,1.0
What caused Western firms to reconsider their supply chains?,3,magazine_TheEconomist.2023.12.23_page_024_p24_c5,"magazine_TheEconomist.2023.12.23_page_024_p24_c5,magazine_TheEconomist.2023.12.23_page_012_p12_c4,magazine_TheEconomist.2023.12.23_page_024_p24_c3",1,True,1.0
What caused Western firms to reconsider their supply chains?,5,magazine_TheEconomist.2023.12.23_page_024_p24_c5,"magazine_TheEconomist.2023.12.23_page_024_p24_c5,magazine_TheEconomist.2023.12.23_page_012_p12_c4,magazine_TheEconomist.2023.12.23_page_024_p24_c3,magazine_TheEconomist.2023.12.23_page_012_p12_c5,yanbaor2_930d8c81854d7450cd35af7b050fed88e4e461b4f0ac0dab07e3232a4e703a06.pdf_14_p14_c4",1,True,1.0
What are the preferred metal phases for catalyzing the hydrocracking of F–T waxes?,1,docstructbench_llm-raw-scihub-o.O-j.apcata.2006.05.010.pdf_2_p2_c0,docstructbench_llm-raw-scihub-o.O-j.apcata.2006.05.010.pdf_2_p2_c0,1,True,1.0
What are the preferred metal phases for catalyzing the hydrocracking of F–T waxes?,3,docstructbench_llm-raw-scihub-o.O-j.apcata.2006.05.010.pdf_2_p2_c0,"docstructbench_llm-raw-scihub-o.O-j.apcata.2006.05.010.pdf_2_p2_c0,docstructbench_llm-raw-scihub-o.O-j.apcata.2006.05.010.pdf_2_p2_c3,docstructbench_llm-raw-scihub-o.O-j.apcata.2006.05.010.pdf_2_p2_c4",1,True,1.0
What are the preferred metal phases for catalyzing the hydrocracking of F–T waxes?,5,docstructbench_llm-raw-scihub-o.O-j.apcata.2006.05.010.pdf_2_p2_c0,"docstructbench_llm-raw-scihub-o.O-j.apcata.2006.05.010.pdf_2_p2_c0,docstructbench_llm-raw-scihub-o.O-j.apcata.2006.05.010.pdf_2_p2_c3,docstructbench_llm-raw-scihub-o.O-j.apcata.2006.05.010.pdf_2_p2_c4,docstructbench_llm-raw-scihub-o.O-j.apcata.2006.05.010.pdf_2_p2_c7,docstructbench_llm-raw-scihub-o.O-j.apcata.2006.05.010.pdf_2_p2_c1",1,True,1.0
Which catalysts have been proposed for hydroisomerization of long-chain n-paraffins?,1,docstructbench_llm-raw-scihub-o.O-j.apcata.2006.05.010.pdf_2_p2_c1,docstructbench_llm-raw-scihub-o.O-j.apcata.2006.05.010.pdf_2_p2_c1,1,True,1.0
Which catalysts have been proposed for hydroisomerization of long-chain n-paraffins?,3,docstructbench_llm-raw-scihub-o.O-j.apcata.2006.05.010.pdf_2_p2_c1,"docstructbench_llm-raw-scihub-o.O-j.apcata.2006.05.010.pdf_2_p2_c1,docstructbench_llm-raw-scihub-o.O-j.apcata.2006.05.010.pdf_2_p2_c3,docstructbench_llm-raw-scihub-o.O-j.apcata.2006.05.010.pdf_2_p2_c4",1,True,1.0
Which catalysts have been proposed for hydroisomerization of long-chain n-paraffins?,5,docstructbench_llm-raw-scihub-o.O-j.apcata.2006.05.010.pdf_2_p2_c1,"docstructbench_llm-raw-scihub-o.O-j.apcata.2006.05.010.pdf_2_p2_c1,docstructbench_llm-raw-scihub-o.O-j.apcata.2006.05.010.pdf_2_p2_c3,docstructbench_llm-raw-scihub-o.O-j.apcata.2006.05.010.pdf_2_p2_c4,docstructbench_llm-raw-scihub-o.O-j.apcata.2006.05.010.pdf_2_p2_c7,docstructbench_llm-raw-scihub-o.O-j.apcata.2006.05.010.pdf_2_p2_c6",1,True,1.0
What method can improve selectivity towards middle distillates in zeolitic catalysts?,1,docstructbench_llm-raw-scihub-o.O-j.apcata.2006.05.010.pdf_2_p2_c2,docstructbench_llm-raw-scihub-o.O-j.apcata.2006.05.010.pdf_2_p2_c2,1,True,1.0
What method can improve selectivity towards middle distillates in zeolitic catalysts?,3,docstructbench_llm-raw-scihub-o.O-j.apcata.2006.05.010.pdf_2_p2_c2,"docstructbench_llm-raw-scihub-o.O-j.apcata.2006.05.010.pdf_2_p2_c2,docstructbench_llm-raw-scihub-o.O-j.apcata.2006.05.010.pdf_2_p2_c3,docstructbench_llm-raw-scihub-o.O-j.apcata.2006.05.010.pdf_2_p2_c4",1,True,1.0
What method can improve selectivity towards middle distillates in zeolitic catalysts?,5,docstructbench_llm-raw-scihub-o.O-j.apcata.2006.05.010.pdf_2_p2_c2,"docstructbench_llm-raw-scihub-o.O-j.apcata.2006.05.010.pdf_2_p2_c2,docstructbench_llm-raw-scihub-o.O-j.apcata.2006.05.010.pdf_2_p2_c3,docstructbench_llm-raw-scihub-o.O-j.apcata.2006.05.010.pdf_2_p2_c4,docstructbench_llm-raw-scihub-o.O-j.apcata.2006.05.010.pdf_2_p2_c1,docstructbench_llm-raw-scihub-o.O-j.apcata.2006.05.010.pdf_2_p2_c7",1,True,1.0
What is the desired hydrocracked fraction called?,1,docstructbench_llm-raw-scihub-o.O-j.apcata.2006.05.010.pdf_2_p2_c3,docstructbench_llm-raw-scihub-o.O-j.apcata.2006.05.010.pdf_2_p2_c3,1,True,1.0
What is the desired hydrocracked fraction called?,3,docstructbench_llm-raw-scihub-o.O-j.apcata.2006.05.010.pdf_2_p2_c3,"docstructbench_llm-raw-scihub-o.O-j.apcata.2006.05.010.pdf_2_p2_c3,docstructbench_llm-raw-scihub-o.O-j.apcata.2006.05.010.pdf_2_p2_c1,docstructbench_llm-raw-scihub-o.O-j.apcata.2006.05.010.pdf_2_p2_c0",1,True,1.0
What is the desired hydrocracked fraction called?,5,docstructbench_llm-raw-scihub-o.O-j.apcata.2006.05.010.pdf_2_p2_c3,"docstructbench_llm-raw-scihub-o.O-j.apcata.2006.05.010.pdf_2_p2_c3,docstructbench_llm-raw-scihub-o.O-j.apcata.2006.05.010.pdf_2_p2_c1,docstructbench_llm-raw-scihub-o.O-j.apcata.2006.05.010.pdf_2_p2_c0,docstructbench_llm-raw-scihub-o.O-j.apcata.2006.05.010.pdf_2_p2_c2,docstructbench_llm-raw-scihub-o.O-j.apcata.2006.05.010.pdf_2_p2_c4",1,True,1.0
What is the catalyst used for hydrocracking of Fischer–Tropsch waxes?,1,docstructbench_llm-raw-scihub-o.O-j.apcata.2006.05.010.pdf_2_p2_c4,docstructbench_llm-raw-scihub-o.O-j.apcata.2006.05.010.pdf_2_p2_c4,1,True,1.0
What is the catalyst used for hydrocracking of Fischer–Tropsch waxes?,3,docstructbench_llm-raw-scihub-o.O-j.apcata.2006.05.010.pdf_2_p2_c4,"docstructbench_llm-raw-scihub-o.O-j.apcata.2006.05.010.pdf_2_p2_c4,docstructbench_llm-raw-scihub-o.O-j.apcata.2006.05.010.pdf_2_p2_c0,docstructbench_llm-raw-scihub-o.O-j.apcata.2006.05.010.pdf_2_p2_c3",1,True,1.0
What is the catalyst used for hydrocracking of Fischer–Tropsch waxes?,5,docstructbench_llm-raw-scihub-o.O-j.apcata.2006.05.010.pdf_2_p2_c4,"docstructbench_llm-raw-scihub-o.O-j.apcata.2006.05.010.pdf_2_p2_c4,docstructbench_llm-raw-scihub-o.O-j.apcata.2006.05.010.pdf_2_p2_c0,docstructbench_llm-raw-scihub-o.O-j.apcata.2006.05.010.pdf_2_p2_c3,docstructbench_llm-raw-scihub-o.O-j.apcata.2006.05.010.pdf_2_p2_c2,docstructbench_llm-raw-scihub-o.O-j.apcata.2006.05.010.pdf_2_p2_c1",1,True,1.0
What factor can modify the tungsten surface density according to the text?,1,docstructbench_llm-raw-scihub-o.O-j.apcata.2006.05.010.pdf_2_p2_c5,docstructbench_llm-raw-scihub-o.O-j.apcata.2006.05.010.pdf_2_p2_c5,1,True,1.0
What factor can modify the tungsten surface density according to the text?,3,docstructbench_llm-raw-scihub-o.O-j.apcata.2006.05.010.pdf_2_p2_c5,"docstructbench_llm-raw-scihub-o.O-j.apcata.2006.05.010.pdf_2_p2_c5,docstructbench_llm-raw-scihub-o.O-j.apcata.2006.05.010.pdf_2_p2_c6,docstructbench_llm-raw-scihub-o.O-j.apcata.2006.05.010.pdf_2_p2_c7",1,True,1.0
What factor can modify the tungsten surface density according to the text?,5,docstructbench_llm-raw-scihub-o.O-j.apcata.2006.05.010.pdf_2_p2_c5,"docstructbench_llm-raw-scihub-o.O-j.apcata.2006.05.010.pdf_2_p2_c5,docstructbench_llm-raw-scihub-o.O-j.apcata.2006.05.010.pdf_2_p2_c6,docstructbench_llm-raw-scihub-o.O-j.apcata.2006.05.010.pdf_2_p2_c7,docstructbench_llm-raw-scihub-o.O-j.apcata.2006.05.010.pdf_2_p2_c8,docstructbench_dianzishu_zhongwenzaixian-o.O-60403612.pdf_179_p179_c4",1,True,1.0
What temperature range is typically used for calcining the material?,1,docstructbench_llm-raw-scihub-o.O-j.apcata.2006.05.010.pdf_2_p2_c6,docstructbench_llm-raw-scihub-o.O-j.apcata.2006.05.010.pdf_2_p2_c6,1,True,1.0
What temperature range is typically used for calcining the material?,3,docstructbench_llm-raw-scihub-o.O-j.apcata.2006.05.010.pdf_2_p2_c6,"docstructbench_llm-raw-scihub-o.O-j.apcata.2006.05.010.pdf_2_p2_c6,docstructbench_llm-raw-scihub-o.O-j.apcata.2006.05.010.pdf_2_p2_c4,docstructbench_llm-raw-scihub-o.O-j.apcata.2006.05.010.pdf_2_p2_c5",1,True,1.0
What temperature range is typically used for calcining the material?,5,docstructbench_llm-raw-scihub-o.O-j.apcata.2006.05.010.pdf_2_p2_c6,"docstructbench_llm-raw-scihub-o.O-j.apcata.2006.05.010.pdf_2_p2_c6,docstructbench_llm-raw-scihub-o.O-j.apcata.2006.05.010.pdf_2_p2_c4,docstructbench_llm-raw-scihub-o.O-j.apcata.2006.05.010.pdf_2_p2_c5,docstructbench_dianzishu_zhongwenzaixian-o.O-60403612.pdf_179_p179_c1,docstructbench_dianzishu_zhongwenzaixian-o.O-60403612.pdf_179_p179_c3",1,True,1.0
What molecule is used to represent long-chain n-alkanes in the study?,1,docstructbench_llm-raw-scihub-o.O-j.apcata.2006.05.010.pdf_2_p2_c7,docstructbench_llm-raw-scihub-o.O-j.apcata.2006.05.010.pdf_2_p2_c7,1,True,1.0
What molecule is used to represent long-chain n-alkanes in the study?,3,docstructbench_llm-raw-scihub-o.O-j.apcata.2006.05.010.pdf_2_p2_c7,"docstructbench_llm-raw-scihub-o.O-j.apcata.2006.05.010.pdf_2_p2_c7,docstructbench_llm-raw-scihub-o.O-j.apcata.2006.05.010.pdf_2_p2_c1,docstructbench_llm-raw-scihub-o.O-j.apcata.2006.05.010.pdf_2_p2_c4",1,True,1.0
What molecule is used to represent long-chain n-alkanes in the study?,5,docstructbench_llm-raw-scihub-o.O-j.apcata.2006.05.010.pdf_2_p2_c7,"docstructbench_llm-raw-scihub-o.O-j.apcata.2006.05.010.pdf_2_p2_c7,docstructbench_llm-raw-scihub-o.O-j.apcata.2006.05.010.pdf_2_p2_c1,docstructbench_llm-raw-scihub-o.O-j.apcata.2006.05.010.pdf_2_p2_c4,scihub_s11661-013-1726-7.pdf_2_p2_c1,docstructbench_llm-raw-scihub-o.O-j.chroma.2005.03.134.pdf_6_p6_c0",1,True,1.0
What was the unit cell size of the USY zeolite used in the study?,1,docstructbench_llm-raw-scihub-o.O-j.apcata.2006.05.010.pdf_2_p2_c8,docstructbench_llm-raw-scihub-o.O-j.apcata.2006.05.010.pdf_2_p2_c8,1,True,1.0
What was the unit cell size of the USY zeolite used in the study?,3,docstructbench_llm-raw-scihub-o.O-j.apcata.2006.05.010.pdf_2_p2_c8,"docstructbench_llm-raw-scihub-o.O-j.apcata.2006.05.010.pdf_2_p2_c8,docstructbench_llm-raw-scihub-o.O-j.chroma.2005.03.134.pdf_6_p6_c2,docstructbench_llm-raw-scihub-o.O-j.apcata.2006.05.010.pdf_2_p2_c3",1,True,1.0
What was the unit cell size of the USY zeolite used in the study?,5,docstructbench_llm-raw-scihub-o.O-j.apcata.2006.05.010.pdf_2_p2_c8,"docstructbench_llm-raw-scihub-o.O-j.apcata.2006.05.010.pdf_2_p2_c8,docstructbench_llm-raw-scihub-o.O-j.chroma.2005.03.134.pdf_6_p6_c2,docstructbench_llm-raw-scihub-o.O-j.apcata.2006.05.010.pdf_2_p2_c3,book_zh_CNASGL0092018_extracted_page_69_p69_c2,docstructbench_dianzishu_zhongwenzaixian-o.O-60403612.pdf_179_p179_c3",1,True,1.0
What was the concentration of the zirconyl chloride solution used?,1,docstructbench_llm-raw-scihub-o.O-j.apcata.2006.05.010.pdf_2_p2_c9,docstructbench_llm-raw-scihub-o.O-j.apcata.2006.05.010.pdf_2_p2_c9,1,True,1.0
What was the concentration of the zirconyl chloride solution used?,3,docstructbench_llm-raw-scihub-o.O-j.apcata.2006.05.010.pdf_2_p2_c9,"docstructbench_llm-raw-scihub-o.O-j.apcata.2006.05.010.pdf_2_p2_c9,book_zh_CNASGL0092018_extracted_page_69_p69_c3,docstructbench_dianzishu_zhongwenzaixian-o.O-60403612.pdf_179_p179_c5",1,True,1.0
What was the concentration of the zirconyl chloride solution used?,5,docstructbench_llm-raw-scihub-o.O-j.apcata.2006.05.010.pdf_2_p2_c9,"docstructbench_llm-raw-scihub-o.O-j.apcata.2006.05.010.pdf_2_p2_c9,book_zh_CNASGL0092018_extracted_page_69_p69_c3,docstructbench_dianzishu_zhongwenzaixian-o.O-60403612.pdf_179_p179_c5,docstructbench_dianzishu_zhongwenzaixian-o.O-60403612.pdf_179_p179_c2,book_zh_CNASGL0092018_extracted_page_69_p69_c2",1,True,1.0
What temperature was used to dry the gel filaments initially?,1,docstructbench_llm-raw-scihub-o.O-j.apcata.2006.05.010.pdf_2_p2_c10,docstructbench_llm-raw-scihub-o.O-j.apcata.2006.05.010.pdf_2_p2_c10,1,True,1.0
What temperature was used to dry the gel filaments initially?,3,docstructbench_llm-raw-scihub-o.O-j.apcata.2006.05.010.pdf_2_p2_c10,"docstructbench_llm-raw-scihub-o.O-j.apcata.2006.05.010.pdf_2_p2_c10,docstructbench_llm-raw-scihub-o.O-j.chroma.2005.05.085.pdf_4_p4_c3,docstructbench_llm-raw-scihub-o.O-j.apcata.2006.05.010.pdf_2_p2_c6",1,True,1.0
What temperature was used to dry the gel filaments initially?,5,docstructbench_llm-raw-scihub-o.O-j.apcata.2006.05.010.pdf_2_p2_c10,"docstructbench_llm-raw-scihub-o.O-j.apcata.2006.05.010.pdf_2_p2_c10,docstructbench_llm-raw-scihub-o.O-j.chroma.2005.05.085.pdf_4_p4_c3,docstructbench_llm-raw-scihub-o.O-j.apcata.2006.05.010.pdf_2_p2_c6,docstructbench_llm-raw-scihub-o.O-j.apcata.2006.05.010.pdf_2_p2_c9,docstructbench_llm-raw-scihub-o.O-ijc.22999.pdf_3_p3_c0",1,True,1.0
本报告中的信息是否构成所述证券买卖的出价或征价邀请或要约？,1,yanbaopptmerge_5473246b8da789b9bfdeef53a70c4d72afd480415d5cbcedb83d105856710328.pdf_8_p8_c0,yanbaopptmerge_5473246b8da789b9bfdeef53a70c4d72afd480415d5cbcedb83d105856710328.pdf_8_p8_c0,1,True,1.0
本报告中的信息是否构成所述证券买卖的出价或征价邀请或要约？,3,yanbaopptmerge_5473246b8da789b9bfdeef53a70c4d72afd480415d5cbcedb83d105856710328.pdf_8_p8_c0,"yanbaopptmerge_5473246b8da789b9bfdeef53a70c4d72afd480415d5cbcedb83d105856710328.pdf_8_p8_c0,eastmoney_d2bb183f5254ede5760932ac3118524aa7eddad551935713b435541f1525c1ee.pdf_7_p7_c1,eastmoney_dcf347592d4160dffacffdf00a9c39aa75cf9859205a7543c283d1df8bb14f90.pdf_1_p1_c0",1,True,1.0
本报告中的信息是否构成所述证券买卖的出价或征价邀请或要约？,5,yanbaopptmerge_5473246b8da789b9bfdeef53a70c4d72afd480415d5cbcedb83d105856710328.pdf_8_p8_c0,"yanbaopptmerge_5473246b8da789b9bfdeef53a70c4d72afd480415d5cbcedb83d105856710328.pdf_8_p8_c0,eastmoney_d2bb183f5254ede5760932ac3118524aa7eddad551935713b435541f1525c1ee.pdf_7_p7_c1,eastmoney_dcf347592d4160dffacffdf00a9c39aa75cf9859205a7543c283d1df8bb14f90.pdf_1_p1_c0,eastmoney_d2bb183f5254ede5760932ac3118524aa7eddad551935713b435541f1525c1ee.pdf_7_p7_c0,yanbaopptmerge_0c79d327060dbf9f1582d03c235dadb039533a19091d2c0d24f2ad95d267f79b.pdf_2_p2_c1",1,True,1.0
天风证券是否可能持有提及公司所发行的证券并进行交易？,1,yanbaopptmerge_5473246b8da789b9bfdeef53a70c4d72afd480415d5cbcedb83d105856710328.pdf_8_p8_c1,yanbaopptmerge_5473246b8da789b9bfdeef53a70c4d72afd480415d5cbcedb83d105856710328.pdf_8_p8_c1,1,True,1.0
天风证券是否可能持有提及公司所发行的证券并进行交易？,3,yanbaopptmerge_5473246b8da789b9bfdeef53a70c4d72afd480415d5cbcedb83d105856710328.pdf_8_p8_c1,"yanbaopptmerge_5473246b8da789b9bfdeef53a70c4d72afd480415d5cbcedb83d105856710328.pdf_8_p8_c1,yanbaopptmerge_0c79d327060dbf9f1582d03c235dadb039533a19091d2c0d24f2ad95d267f79b.pdf_2_p2_c2,eastmoney_dd8f39ced2188b907304224a635ad605689270486020c34636003e57018c01d8.pdf_2_p2_c2",1,True,1.0
天风证券是否可能持有提及公司所发行的证券并进行交易？,5,yanbaopptmerge_5473246b8da789b9bfdeef53a70c4d72afd480415d5cbcedb83d105856710328.pdf_8_p8_c1,"yanbaopptmerge_5473246b8da789b9bfdeef53a70c4d72afd480415d5cbcedb83d105856710328.pdf_8_p8_c1,yanbaopptmerge_0c79d327060dbf9f1582d03c235dadb039533a19091d2c0d24f2ad95d267f79b.pdf_2_p2_c2,eastmoney_dd8f39ced2188b907304224a635ad605689270486020c34636003e57018c01d8.pdf_2_p2_c2,eastmoney_dd8f39ced2188b907304224a635ad605689270486020c34636003e57018c01d8.pdf_2_p2_c1,eastmoney_dcf347592d4160dffacffdf00a9c39aa75cf9859205a7543c283d1df8bb14f90.pdf_1_p1_c1",1,True,1.0
股票投资评级中增持对应的预期股价相对收益范围是什么？,1,yanbaopptmerge_5473246b8da789b9bfdeef53a70c4d72afd480415d5cbcedb83d105856710328.pdf_8_p8_c2,yanbaopptmerge_5473246b8da789b9bfdeef53a70c4d72afd480415d5cbcedb83d105856710328.pdf_8_p8_c2,1,True,1.0
股票投资评级中增持对应的预期股价相对收益范围是什么？,3,yanbaopptmerge_5473246b8da789b9bfdeef53a70c4d72afd480415d5cbcedb83d105856710328.pdf_8_p8_c2,"yanbaopptmerge_5473246b8da789b9bfdeef53a70c4d72afd480415d5cbcedb83d105856710328.pdf_8_p8_c2,eastmoney_dd8f39ced2188b907304224a635ad605689270486020c34636003e57018c01d8.pdf_2_p2_c0,eastmoney_dcf347592d4160dffacffdf00a9c39aa75cf9859205a7543c283d1df8bb14f90.pdf_1_p1_c2",1,True,1.0
股票投资评级中增持对应的预期股价相对收益范围是什么？,5,yanbaopptmerge_5473246b8da789b9bfdeef53a70c4d72afd480415d5cbcedb83d105856710328.pdf_8_p8_c2,"yanbaopptmerge_5473246b8da789b9bfdeef53a70c4d72afd480415d5cbcedb83d105856710328.pdf_8_p8_c2,eastmoney_dd8f39ced2188b907304224a635ad605689270486020c34636003e57018c01d8.pdf_2_p2_c0,eastmoney_dcf347592d4160dffacffdf00a9c39aa75cf9859205a7543c283d1df8bb14f90.pdf_1_p1_c2,eastmoney_d2bb183f5254ede5760932ac3118524aa7eddad551935713b435541f1525c1ee.pdf_7_p7_c0,yanbaopptmerge_2f4902871606698497c53ccb18d3fec2f83d05047d883cd65bbce26bfb27bcd2.pdf_1_p1_c3",1,True,1.0
预期行业指数涨幅多少时属于中性？,1,yanbaopptmerge_5473246b8da789b9bfdeef53a70c4d72afd480415d5cbcedb83d105856710328.pdf_8_p8_c3,yanbaopptmerge_5473246b8da789b9bfdeef53a70c4d72afd480415d5cbcedb83d105856710328.pdf_8_p8_c3,1,True,1.0
预期行业指数涨幅多少时属于中性？,3,yanbaopptmerge_5473246b8da789b9bfdeef53a70c4d72afd480415d5cbcedb83d105856710328.pdf_8_p8_c3,"yanbaopptmerge_5473246b8da789b9bfdeef53a70c4d72afd480415d5cbcedb83d105856710328.pdf_8_p8_c3,eastmoney_dd8f39ced2188b907304224a635ad605689270486020c34636003e57018c01d8.pdf_2_p2_c0,eastmoney_dcf347592d4160dffacffdf00a9c39aa75cf9859205a7543c283d1df8bb14f90.pdf_1_p1_c2",1,True,1.0
预期行业指数涨幅多少时属于中性？,5,yanbaopptmerge_5473246b8da789b9bfdeef53a70c4d72afd480415d5cbcedb83d105856710328.pdf_8_p8_c3,"yanbaopptmerge_5473246b8da789b9bfdeef53a70c4d72afd480415d5cbcedb83d105856710328.pdf_8_p8_c3,eastmoney_dd8f39ced2188b907304224a635ad605689270486020c34636003e57018c01d8.pdf_2_p2_c0,eastmoney_dcf347592d4160dffacffdf00a9c39aa75cf9859205a7543c283d1df8bb14f90.pdf_1_p1_c2,yanbaopptmerge_0c79d327060dbf9f1582d03c235dadb039533a19091d2c0d24f2ad95d267f79b.pdf_2_p2_c1,eastmoney_7c25f92e2ab21d83e1eada0e40a68e3151e7c1c2d673ddb12b0242fa3ab931ab.pdf_13_p13_c0",1,True,1.0
What is the email address listed in the document fragment?,1,yanbaopptmerge_5473246b8da789b9bfdeef53a70c4d72afd480415d5cbcedb83d105856710328.pdf_8_p8_c4,eastmoney_8b3e01e3cd92a034f45945887a5170602774a8480effda5bd791451578a93b7d.pdf_5_p5_c4,0,False,0.0
What is the email address listed in the document fragment?,3,yanbaopptmerge_5473246b8da789b9bfdeef53a70c4d72afd480415d5cbcedb83d105856710328.pdf_8_p8_c4,"eastmoney_8b3e01e3cd92a034f45945887a5170602774a8480effda5bd791451578a93b7d.pdf_5_p5_c4,yanbaopptmerge_5473246b8da789b9bfdeef53a70c4d72afd480415d5cbcedb83d105856710328.pdf_8_p8_c4,eastmoney_8b3e01e3cd92a034f45945887a5170602774a8480effda5bd791451578a93b7d.pdf_5_p5_c2",2,True,1.0
What is the email address listed in the document fragment?,5,yanbaopptmerge_5473246b8da789b9bfdeef53a70c4d72afd480415d5cbcedb83d105856710328.pdf_8_p8_c4,"eastmoney_8b3e01e3cd92a034f45945887a5170602774a8480effda5bd791451578a93b7d.pdf_5_p5_c4,yanbaopptmerge_5473246b8da789b9bfdeef53a70c4d72afd480415d5cbcedb83d105856710328.pdf_8_p8_c4,eastmoney_8b3e01e3cd92a034f45945887a5170602774a8480effda5bd791451578a93b7d.pdf_5_p5_c2,eastmoney_8b3e01e3cd92a034f45945887a5170602774a8480effda5bd791451578a93b7d.pdf_5_p5_c0,eastmoney_8b3e01e3cd92a034f45945887a5170602774a8480effda5bd791451578a93b7d.pdf_5_p5_c1",2,True,1.0
What is the weight percentage of Cu in the as-cast $ \beta $-Fe?,1,scihub_s11661-013-1726-7.pdf_2_p2_c0,scihub_s11661-013-1726-7.pdf_2_p2_c0,1,True,1.0
What is the weight percentage of Cu in the as-cast $ \beta $-Fe?,3,scihub_s11661-013-1726-7.pdf_2_p2_c0,"scihub_s11661-013-1726-7.pdf_2_p2_c0,scihub_s11661-013-1726-7.pdf_2_p2_c1,scihub_s11661-013-1726-7.pdf_2_p2_c5",1,True,1.0
What is the weight percentage of Cu in the as-cast $ \beta $-Fe?,5,scihub_s11661-013-1726-7.pdf_2_p2_c0,"scihub_s11661-013-1726-7.pdf_2_p2_c0,scihub_s11661-013-1726-7.pdf_2_p2_c1,scihub_s11661-013-1726-7.pdf_2_p2_c5,scihub_s11661-013-1726-7.pdf_2_p2_c4,scihub_s11661-013-1726-7.pdf_2_p2_c3",1,True,1.0
What is the value of the third column for STed β-Fe?,1,scihub_s11661-013-1726-7.pdf_2_p2_c1,scihub_s11661-013-1726-7.pdf_2_p2_c0,0,False,0.0
What is the value of the third column for STed β-Fe?,3,scihub_s11661-013-1726-7.pdf_2_p2_c1,"scihub_s11661-013-1726-7.pdf_2_p2_c0,scihub_s11661-013-1726-7.pdf_2_p2_c4,scihub_s11661-013-1726-7.pdf_2_p2_c1",3,True,1.0
What is the value of the third column for STed β-Fe?,5,scihub_s11661-013-1726-7.pdf_2_p2_c1,"scihub_s11661-013-1726-7.pdf_2_p2_c0,scihub_s11661-013-1726-7.pdf_2_p2_c4,scihub_s11661-013-1726-7.pdf_2_p2_c1,scihub_s11661-013-1726-7.pdf_2_p2_c5,scihub_s11661-013-1726-7.pdf_2_p2_c3",3,True,1.0
What phase becomes unstable after being SHTed for 8 hours?,1,scihub_s11661-013-1726-7.pdf_2_p2_c2,scihub_s11661-013-1726-7.pdf_2_p2_c2,1,True,1.0
What phase becomes unstable after being SHTed for 8 hours?,3,scihub_s11661-013-1726-7.pdf_2_p2_c2,"scihub_s11661-013-1726-7.pdf_2_p2_c2,scihub_s11661-013-1726-7.pdf_2_p2_c3,scihub_s11661-013-1726-7.pdf_2_p2_c1",1,True,1.0
What phase becomes unstable after being SHTed for 8 hours?,5,scihub_s11661-013-1726-7.pdf_2_p2_c2,"scihub_s11661-013-1726-7.pdf_2_p2_c2,scihub_s11661-013-1726-7.pdf_2_p2_c3,scihub_s11661-013-1726-7.pdf_2_p2_c1,scihub_s11661-013-1726-7.pdf_2_p2_c0,scihub_s11661-013-1726-7.pdf_2_p2_c4",1,True,1.0
What is the mean angular deviation value from the EBSD results?,1,scihub_s11661-013-1726-7.pdf_2_p2_c3,scihub_s11661-013-1726-7.pdf_2_p2_c3,1,True,1.0
What is the mean angular deviation value from the EBSD results?,3,scihub_s11661-013-1726-7.pdf_2_p2_c3,"scihub_s11661-013-1726-7.pdf_2_p2_c3,scihub_s11661-013-1726-7.pdf_2_p2_c5,docstructbench_llm-raw-scihub-o.O-j.chroma.2005.05.085.pdf_4_p4_c7",1,True,1.0
What is the mean angular deviation value from the EBSD results?,5,scihub_s11661-013-1726-7.pdf_2_p2_c3,"scihub_s11661-013-1726-7.pdf_2_p2_c3,scihub_s11661-013-1726-7.pdf_2_p2_c5,docstructbench_llm-raw-scihub-o.O-j.chroma.2005.05.085.pdf_4_p4_c7,scihub_bloodadvances.2019030924.pdf_3_p3_c1,docstructbench_llm-raw-scihub-o.O-j.chroma.2005.05.085.pdf_4_p4_c6",1,True,1.0
What is the MAD value measured by EBSD for the STed β-Fe?,1,scihub_s11661-013-1726-7.pdf_2_p2_c4,scihub_s11661-013-1726-7.pdf_2_p2_c4,1,True,1.0
What is the MAD value measured by EBSD for the STed β-Fe?,3,scihub_s11661-013-1726-7.pdf_2_p2_c4,"scihub_s11661-013-1726-7.pdf_2_p2_c4,scihub_s11661-013-1726-7.pdf_2_p2_c3,scihub_s11661-013-1726-7.pdf_2_p2_c0",1,True,1.0
What is the MAD value measured by EBSD for the STed β-Fe?,5,scihub_s11661-013-1726-7.pdf_2_p2_c4,"scihub_s11661-013-1726-7.pdf_2_p2_c4,scihub_s11661-013-1726-7.pdf_2_p2_c3,scihub_s11661-013-1726-7.pdf_2_p2_c0,scihub_s11661-013-1726-7.pdf_2_p2_c5,scihub_s11661-013-1726-7.pdf_2_p2_c1",1,True,1.0
What is the crystal structure of the solidified β-Fe?,1,scihub_s11661-013-1726-7.pdf_2_p2_c5,scihub_s11661-013-1726-7.pdf_2_p2_c5,1,True,1.0
What is the crystal structure of the solidified β-Fe?,3,scihub_s11661-013-1726-7.pdf_2_p2_c5,"scihub_s11661-013-1726-7.pdf_2_p2_c5,scihub_s11661-013-1726-7.pdf_2_p2_c4,scihub_s11661-013-1726-7.pdf_2_p2_c0",1,True,1.0
What is the crystal structure of the solidified β-Fe?,5,scihub_s11661-013-1726-7.pdf_2_p2_c5,"scihub_s11661-013-1726-7.pdf_2_p2_c5,scihub_s11661-013-1726-7.pdf_2_p2_c4,scihub_s11661-013-1726-7.pdf_2_p2_c0,scihub_s11661-013-1726-7.pdf_2_p2_c3,scihub_s11661-013-1726-7.pdf_2_p2_c1",1,True,1.0
What is the purpose of reading in lifelong learning according to the document?,1,PPT_1001115_eng_page_005_p5_c0,PPT_1001115_eng_page_005_p5_c0,1,True,1.0
What is the purpose of reading in lifelong learning according to the document?,3,PPT_1001115_eng_page_005_p5_c0,"PPT_1001115_eng_page_005_p5_c0,jiaocaineedrop_jiaocai_needrop_en_237_p237_c0,jiaocaineedrop_jiaocai_needrop_en_2193_p2193_c0",1,True,1.0
What is the purpose of reading in lifelong learning according to the document?,5,PPT_1001115_eng_page_005_p5_c0,"PPT_1001115_eng_page_005_p5_c0,jiaocaineedrop_jiaocai_needrop_en_237_p237_c0,jiaocaineedrop_jiaocai_needrop_en_2193_p2193_c0,jiaocaineedrop_jiaocai_needrop_en_377_p377_c3,jiaocaineedrop_jiaocai_needrop_en_237_p237_c1",1,True,1.0
黄河是中国第二长的河流吗？,1,yanbaopptmerge_yanbaoPPT_5945_p5945_c0,yanbaopptmerge_yanbaoPPT_5945_p5945_c0,1,True,1.0
黄河是中国第二长的河流吗？,3,yanbaopptmerge_yanbaoPPT_5945_p5945_c0,"yanbaopptmerge_yanbaoPPT_5945_p5945_c0,notes_1ba14cb325bc448f7201b20502ecf2b5_74_p74_c0,notes_1ba14cb325bc448f7201b20502ecf2b5_33_p33_c1",1,True,1.0
黄河是中国第二长的河流吗？,5,yanbaopptmerge_yanbaoPPT_5945_p5945_c0,"yanbaopptmerge_yanbaoPPT_5945_p5945_c0,notes_1ba14cb325bc448f7201b20502ecf2b5_74_p74_c0,notes_1ba14cb325bc448f7201b20502ecf2b5_33_p33_c1,jiaocaineedrop_jiaocai_needrop_en_155_p155_c1,jiaocaineedrop_jiaocai_needrop_en_155_p155_c0",1,True,1.0
What are some problems mentioned in the table?,1,jiaocaineedrop_jiaocai_needrop_en_2884_p2884_c0,jiaocaineedrop_jiaocai_needrop_en_2884_p2884_c0,1,True,1.0
What are some problems mentioned in the table?,3,jiaocaineedrop_jiaocai_needrop_en_2884_p2884_c0,"jiaocaineedrop_jiaocai_needrop_en_2884_p2884_c0,docstructbench_llm-raw-scihub-o.O-hup.908.pdf_5_p5_c4,docstructbench_llm-raw-scihub-o.O-hup.908.pdf_5_p5_c5",1,True,1.0
What are some problems mentioned in the table?,5,jiaocaineedrop_jiaocai_needrop_en_2884_p2884_c0,"jiaocaineedrop_jiaocai_needrop_en_2884_p2884_c0,docstructbench_llm-raw-scihub-o.O-hup.908.pdf_5_p5_c4,docstructbench_llm-raw-scihub-o.O-hup.908.pdf_5_p5_c5,docstructbench_llm-raw-scihub-o.O-hup.908.pdf_5_p5_c3,scihub_s00586-010-1656-7.pdf_3_p3_c3",1,True,1.0
What is the result of the current situation described in the fragment?,1,jiaocaineedrop_jiaocai_needrop_en_2884_p2884_c1,jiaocaineedrop_jiaocai_needrop_en_2884_p2884_c1,1,True,1.0
What is the result of the current situation described in the fragment?,3,jiaocaineedrop_jiaocai_needrop_en_2884_p2884_c1,"jiaocaineedrop_jiaocai_needrop_en_2884_p2884_c1,magazine_TheEconomist.2024.03.02_page_075_p75_c5,magazine_TheEconomist.2024.03.02_page_032_p32_c8",1,True,1.0
What is the result of the current situation described in the fragment?,5,jiaocaineedrop_jiaocai_needrop_en_2884_p2884_c1,"jiaocaineedrop_jiaocai_needrop_en_2884_p2884_c1,magazine_TheEconomist.2024.03.02_page_075_p75_c5,magazine_TheEconomist.2024.03.02_page_032_p32_c8,newspaper_The Globe and Mail - 2025-1-8@magazinesclubnew_page_014_p14_c20,jiaocaineedrop_jiaocai_needrop_en_961_p961_c0",1,True,1.0
客服热线的联系电话是什么？,1,jiaocaineedrop_jiaocai_needrop_en_2884_p2884_c2,jiaocaineedrop_jiaocai_needrop_en_2884_p2884_c2,1,True,1.0
客服热线的联系电话是什么？,3,jiaocaineedrop_jiaocai_needrop_en_2884_p2884_c2,"jiaocaineedrop_jiaocai_needrop_en_2884_p2884_c2,jiaocaineedrop_jiaocai_needrop_en_453_p453_c4,yanbaopptmerge_5473246b8da789b9bfdeef53a70c4d72afd480415d5cbcedb83d105856710328.pdf_8_p8_c4",1,True,1.0
客服热线的联系电话是什么？,5,jiaocaineedrop_jiaocai_needrop_en_2884_p2884_c2,"jiaocaineedrop_jiaocai_needrop_en_2884_p2884_c2,jiaocaineedrop_jiaocai_needrop_en_453_p453_c4,yanbaopptmerge_5473246b8da789b9bfdeef53a70c4d72afd480415d5cbcedb83d105856710328.pdf_8_p8_c4,newspaper_e62730aaeb9b509119e0c3699ac18201_1_p1_c0,newspaper_35bdaa11dec104ccbdc9e19ac8527d21_1_p1_c0",1,True,1.0
What is the first step in addressing problem A according to the text?,1,notes_f7f010b78016aeebd76e56d9283eb67f_114_p114_c0,notes_f7f010b78016aeebd76e56d9283eb67f_114_p114_c0,1,True,1.0
What is the first step in addressing problem A according to the text?,3,notes_f7f010b78016aeebd76e56d9283eb67f_114_p114_c0,"notes_f7f010b78016aeebd76e56d9283eb67f_114_p114_c0,notes_f7f010b78016aeebd76e56d9283eb67f_114_p114_c1,jiaocaineedrop_jiaocai_needrop_en_2884_p2884_c0",1,True,1.0
What is the first step in addressing problem A according to the text?,5,notes_f7f010b78016aeebd76e56d9283eb67f_114_p114_c0,"notes_f7f010b78016aeebd76e56d9283eb67f_114_p114_c0,notes_f7f010b78016aeebd76e56d9283eb67f_114_p114_c1,jiaocaineedrop_jiaocai_needrop_en_2884_p2884_c0,jiaocaineedrop_biz-96816.pdf_48_p48_c1,exam_paper_en-file-putnam-archive_2012_Solutions_2012s_page_001_p1_c5",1,True,1.0
作者认为采取什么方法可以带来好处？,1,notes_f7f010b78016aeebd76e56d9283eb67f_114_p114_c1,yanbaor2_7f386f737cb55cffa10c8321a94bd38d7169cd69b3b253b9e2e502c12a68feea.pdf_15_p15_c0,0,False,0.0
作者认为采取什么方法可以带来好处？,3,notes_f7f010b78016aeebd76e56d9283eb67f_114_p114_c1,"yanbaor2_7f386f737cb55cffa10c8321a94bd38d7169cd69b3b253b9e2e502c12a68feea.pdf_15_p15_c0,notes_f7f010b78016aeebd76e56d9283eb67f_114_p114_c1,newspaper_2c69e142b52dbb30cac2cb11d3eb25e5_1_p1_c5",2,True,1.0
作者认为采取什么方法可以带来好处？,5,notes_f7f010b78016aeebd76e56d9283eb67f_114_p114_c1,"yanbaor2_7f386f737cb55cffa10c8321a94bd38d7169cd69b3b253b9e2e502c12a68feea.pdf_15_p15_c0,notes_f7f010b78016aeebd76e56d9283eb67f_114_p114_c1,newspaper_2c69e142b52dbb30cac2cb11d3eb25e5_1_p1_c5,notes_f7f010b78016aeebd76e56d9283eb67f_114_p114_c0,newspaper_2c69e142b52dbb30cac2cb11d3eb25e5_1_p1_c2",2,True,1.0
What is the term for a person who is homosexual according to the document fragment?,1,PPT_EnglishtoAmericanTransition_page_017_p17_c0,PPT_EnglishtoAmericanTransition_page_017_p17_c1,0,False,0.0
What is the term for a person who is homosexual according to the document fragment?,3,PPT_EnglishtoAmericanTransition_page_017_p17_c0,"PPT_EnglishtoAmericanTransition_page_017_p17_c1,newspaper_The Wall Street Journal - 2025-01-08@magazinesclubnew_page_018_p18_c2,newspaper_The Wall Street Journal - 2025-01-08@magazinesclubnew_page_018_p18_c3",0,False,0.0
What is the term for a person who is homosexual according to the document fragment?,5,PPT_EnglishtoAmericanTransition_page_017_p17_c0,"PPT_EnglishtoAmericanTransition_page_017_p17_c1,newspaper_The Wall Street Journal - 2025-01-08@magazinesclubnew_page_018_p18_c2,newspaper_The Wall Street Journal - 2025-01-08@magazinesclubnew_page_018_p18_c3,color_textbook_教材全解1+1二年级上册英语上海牛津版_page_067_p67_c2,yanbaor2_89c3718f5a45179ef57a5063c6df36fc2c9b7e3ab4275f4905ed89f1c17232ea.pdf_14_p14_c3",0,False,0.0
"What is the term for a 64,000 $ question?",1,PPT_EnglishtoAmericanTransition_page_017_p17_c1,PPT_EnglishtoAmericanTransition_page_017_p17_c1,1,True,1.0
"What is the term for a 64,000 $ question?",3,PPT_EnglishtoAmericanTransition_page_017_p17_c1,"PPT_EnglishtoAmericanTransition_page_017_p17_c1,docstructbench_llm-raw-scihub-o.O-j.chroma.2005.05.085.pdf_4_p4_c6,jiaocaineedrop_jiaocai_needrop_en_2518_p2518_c0",1,True,1.0
"What is the term for a 64,000 $ question?",5,PPT_EnglishtoAmericanTransition_page_017_p17_c1,"PPT_EnglishtoAmericanTransition_page_017_p17_c1,docstructbench_llm-raw-scihub-o.O-j.chroma.2005.05.085.pdf_4_p4_c6,jiaocaineedrop_jiaocai_needrop_en_2518_p2518_c0,docstructbench_llm-raw-scihub-o.O-j.chroma.2005.05.085.pdf_4_p4_c7,docstructbench_dianzishu_zhongwenzaixian-o.O-60403612.pdf_179_p179_c2",1,True,1.0
哪种振荡电路使用石英晶体构成？,1,docstructbench_dianzishu_zhongwenzaixian-o.O-61465568.pdf_186_p186_c0,docstructbench_dianzishu_zhongwenzaixian-o.O-61465568.pdf_186_p186_c0,1,True,1.0
哪种振荡电路使用石英晶体构成？,3,docstructbench_dianzishu_zhongwenzaixian-o.O-61465568.pdf_186_p186_c0,"docstructbench_dianzishu_zhongwenzaixian-o.O-61465568.pdf_186_p186_c0,jiaocaineedrop_jiaocai_needrop_en_3738_p3738_c1,yanbaopptmerge_2f4902871606698497c53ccb18d3fec2f83d05047d883cd65bbce26bfb27bcd2.pdf_1_p1_c3",1,True,1.0
哪种振荡电路使用石英晶体构成？,5,docstructbench_dianzishu_zhongwenzaixian-o.O-61465568.pdf_186_p186_c0,"docstructbench_dianzishu_zhongwenzaixian-o.O-61465568.pdf_186_p186_c0,jiaocaineedrop_jiaocai_needrop_en_3738_p3738_c1,yanbaopptmerge_2f4902871606698497c53ccb18d3fec2f83d05047d883cd65bbce26bfb27bcd2.pdf_1_p1_c3,docstructbench_dianzishu_zhongwenzaixian-o.O-60403612.pdf_179_p179_c3,docstructbench_llm-raw-scihub-o.O-j.chroma.2005.03.134.pdf_6_p6_c0",1,True,1.0
What model worked only as long as interest rates were low and the value of prime property continued to rise?,1,magazine_TheEconomist.2023.11.18_page_071_p71_c0,magazine_TheEconomist.2023.11.18_page_071_p71_c0,1,True,1.0
What model worked only as long as interest rates were low and the value of prime property continued to rise?,3,magazine_TheEconomist.2023.11.18_page_071_p71_c0,"magazine_TheEconomist.2023.11.18_page_071_p71_c0,magazine_TheEconomist.2023.11.18_page_071_p71_c1,eastmoney_e42b6e1cd2d48113ff4db8854e539d828d632bf9b1757e10cb8ddb2cfc7b1393.pdf_12_p12_c1",1,True,1.0
What model worked only as long as interest rates were low and the value of prime property continued to rise?,5,magazine_TheEconomist.2023.11.18_page_071_p71_c0,"magazine_TheEconomist.2023.11.18_page_071_p71_c0,magazine_TheEconomist.2023.11.18_page_071_p71_c1,eastmoney_e42b6e1cd2d48113ff4db8854e539d828d632bf9b1757e10cb8ddb2cfc7b1393.pdf_12_p12_c1,eastmoney_e42b6e1cd2d48113ff4db8854e539d828d632bf9b1757e10cb8ddb2cfc7b1393.pdf_12_p12_c2,jiaocaineedrop_jiaocai_needrop_en_377_p377_c1",1,True,1.0
What was the risk for WeWork's model?,1,magazine_TheEconomist.2023.11.18_page_071_p71_c1,magazine_TheEconomist.2023.11.18_page_071_p71_c1,1,True,1.0
What was the risk for WeWork's model?,3,magazine_TheEconomist.2023.11.18_page_071_p71_c1,"magazine_TheEconomist.2023.11.18_page_071_p71_c1,magazine_TheEconomist.2023.11.18_page_071_p71_c2,magazine_TheEconomist.2023.11.18_page_071_p71_c3",1,True,1.0
What was the risk for WeWork's model?,5,magazine_TheEconomist.2023.11.18_page_071_p71_c1,"magazine_TheEconomist.2023.11.18_page_071_p71_c1,magazine_TheEconomist.2023.11.18_page_071_p71_c2,magazine_TheEconomist.2023.11.18_page_071_p71_c3,magazine_TheEconomist.2024.03.09_page_064_p64_c4,magazine_TheEconomist.2023.12.23_page_012_p12_c9",1,True,1.0
Who thinks WeWork will remain in bankruptcy for less than seven months?,1,magazine_TheEconomist.2023.11.18_page_071_p71_c2,magazine_TheEconomist.2023.11.18_page_071_p71_c2,1,True,1.0
Who thinks WeWork will remain in bankruptcy for less than seven months?,3,magazine_TheEconomist.2023.11.18_page_071_p71_c2,"magazine_TheEconomist.2023.11.18_page_071_p71_c2,magazine_TheEconomist.2023.11.18_page_071_p71_c3,magazine_TheEconomist.2023.11.18_page_071_p71_c1",1,True,1.0
Who thinks WeWork will remain in bankruptcy for less than seven months?,5,magazine_TheEconomist.2023.11.18_page_071_p71_c2,"magazine_TheEconomist.2023.11.18_page_071_p71_c2,magazine_TheEconomist.2023.11.18_page_071_p71_c3,magazine_TheEconomist.2023.11.18_page_071_p71_c1,newspaper_The Wall Street Journal - 2025-01-08@magazinesclubnew_page_018_p18_c0,newspaper_The Wall Street Journal - 2025-01-08@magazinesclubnew_page_018_p18_c17",1,True,1.0
How long does David Tolley think WeWork will stay in bankruptcy?,1,magazine_TheEconomist.2023.11.18_page_071_p71_c3,magazine_TheEconomist.2023.11.18_page_071_p71_c3,1,True,1.0
How long does David Tolley think WeWork will stay in bankruptcy?,3,magazine_TheEconomist.2023.11.18_page_071_p71_c3,"magazine_TheEconomist.2023.11.18_page_071_p71_c3,magazine_TheEconomist.2023.11.18_page_071_p71_c2,magazine_TheEconomist.2023.11.18_page_071_p71_c1",1,True,1.0
How long does David Tolley think WeWork will stay in bankruptcy?,5,magazine_TheEconomist.2023.11.18_page_071_p71_c3,"magazine_TheEconomist.2023.11.18_page_071_p71_c3,magazine_TheEconomist.2023.11.18_page_071_p71_c2,magazine_TheEconomist.2023.11.18_page_071_p71_c1,magazine_TheEconomist.2023.12.23_page_012_p12_c3,magazine_TheEconomist.2023.11.25_page_069_p69_c0",1,True,1.0
What is the reason it's not called Microsoft Silos?,1,magazine_TheEconomist.2023.11.18_page_071_p71_c4,magazine_TheEconomist.2023.11.18_page_071_p71_c4,1,True,1.0
What is the reason it's not called Microsoft Silos?,3,magazine_TheEconomist.2023.11.18_page_071_p71_c4,"magazine_TheEconomist.2023.11.18_page_071_p71_c4,magazine_TheEconomist.2024.03.09_page_064_p64_c6,color_textbook_教材全解1+1二年级上册英语上海牛津版_page_067_p67_c2",1,True,1.0
What is the reason it's not called Microsoft Silos?,5,magazine_TheEconomist.2023.11.18_page_071_p71_c4,"magazine_TheEconomist.2023.11.18_page_071_p71_c4,magazine_TheEconomist.2024.03.09_page_064_p64_c6,color_textbook_教材全解1+1二年级上册英语上海牛津版_page_067_p67_c2,magazine_TheEconomist.2023.11.25_page_069_p69_c4,magazine_TheEconomist.2023.11.25_page_069_p69_c0",1,True,1.0
What is the focus of recruitment processes according to the text?,1,magazine_TheEconomist.2023.11.18_page_071_p71_c6,magazine_TheEconomist.2023.11.18_page_071_p71_c6,1,True,1.0
What is the focus of recruitment processes according to the text?,3,magazine_TheEconomist.2023.11.18_page_071_p71_c6,"magazine_TheEconomist.2023.11.18_page_071_p71_c6,magazine_TheEconomist.2023.11.18_page_071_p71_c3,newspaper_e62730aaeb9b509119e0c3699ac18201_1_p1_c12",1,True,1.0
What is the focus of recruitment processes according to the text?,5,magazine_TheEconomist.2023.11.18_page_071_p71_c6,"magazine_TheEconomist.2023.11.18_page_071_p71_c6,magazine_TheEconomist.2023.11.18_page_071_p71_c3,newspaper_e62730aaeb9b509119e0c3699ac18201_1_p1_c12,newspaper_The Wall Street Journal - 2025-01-08@magazinesclubnew_page_018_p18_c17,magazine_TheEconomist.2023.11.18_page_071_p71_c7",1,True,1.0
What do managers struggle to understand about their teams?,1,magazine_TheEconomist.2023.11.18_page_071_p71_c7,magazine_TheEconomist.2023.11.18_page_071_p71_c8,0,False,0.0
What do managers struggle to understand about their teams?,3,magazine_TheEconomist.2023.11.18_page_071_p71_c7,"magazine_TheEconomist.2023.11.18_page_071_p71_c8,magazine_TheEconomist.2023.11.18_page_071_p71_c7,magazine_TheEconomist.2023.11.18_page_071_p71_c10",2,True,1.0
What do managers struggle to understand about their teams?,5,magazine_TheEconomist.2023.11.18_page_071_p71_c7,"magazine_TheEconomist.2023.11.18_page_071_p71_c8,magazine_TheEconomist.2023.11.18_page_071_p71_c7,magazine_TheEconomist.2023.11.18_page_071_p71_c10,magazine_TheEconomist.2023.11.18_page_071_p71_c3,magazine_TheEconomist.2023.11.18_page_071_p71_c5",2,True,1.0
What percentage of what their team members did could not be recalled by managers on average?,1,magazine_TheEconomist.2023.11.18_page_071_p71_c8,magazine_TheEconomist.2023.11.18_page_071_p71_c8,1,True,1.0
What percentage of what their team members did could not be recalled by managers on average?,3,magazine_TheEconomist.2023.11.18_page_071_p71_c8,"magazine_TheEconomist.2023.11.18_page_071_p71_c8,docstructbench_llm-raw-scihub-o.O-hup.908.pdf_5_p5_c1,magazine_TheEconomist.2023.11.18_page_071_p71_c7",1,True,1.0
What percentage of what their team members did could not be recalled by managers on average?,5,magazine_TheEconomist.2023.11.18_page_071_p71_c8,"magazine_TheEconomist.2023.11.18_page_071_p71_c8,docstructbench_llm-raw-scihub-o.O-hup.908.pdf_5_p5_c1,magazine_TheEconomist.2023.11.18_page_071_p71_c7,docstructbench_llm-raw-scihub-o.O-hup.908.pdf_5_p5_c2,docstructbench_dianzishu_zhongwenzaixian-o.O-61323717.pdf_203_p203_c4",1,True,1.0
What did the study find about group-based incentives?,1,magazine_TheEconomist.2023.11.18_page_071_p71_c9,magazine_TheEconomist.2023.11.18_page_071_p71_c9,1,True,1.0
What did the study find about group-based incentives?,3,magazine_TheEconomist.2023.11.18_page_071_p71_c9,"magazine_TheEconomist.2023.11.18_page_071_p71_c9,newspaper_The Wall Street Journal - 2025-01-08@magazinesclubnew_page_018_p18_c2,magazine_TheEconomist.2023.11.18_page_071_p71_c5",1,True,1.0
What did the study find about group-based incentives?,5,magazine_TheEconomist.2023.11.18_page_071_p71_c9,"magazine_TheEconomist.2023.11.18_page_071_p71_c9,newspaper_The Wall Street Journal - 2025-01-08@magazinesclubnew_page_018_p18_c2,magazine_TheEconomist.2023.11.18_page_071_p71_c5,magazine_TheEconomist.2023.11.18_page_071_p71_c6,scihub_ijcac.2012040101.pdf_5_p5_c3",1,True,1.0
What did the scheme incentivise existing workers to do?,1,magazine_TheEconomist.2023.11.18_page_071_p71_c10,magazine_TheEconomist.2023.11.18_page_071_p71_c10,1,True,1.0
What did the scheme incentivise existing workers to do?,3,magazine_TheEconomist.2023.11.18_page_071_p71_c10,"magazine_TheEconomist.2023.11.18_page_071_p71_c10,newspaper_fe2c8b45b2a086cd75984640bb3080e1_1_p1_c5,newspaper_fe2c8b45b2a086cd75984640bb3080e1_1_p1_c7",1,True,1.0
What did the scheme incentivise existing workers to do?,5,magazine_TheEconomist.2023.11.18_page_071_p71_c10,"magazine_TheEconomist.2023.11.18_page_071_p71_c10,newspaper_fe2c8b45b2a086cd75984640bb3080e1_1_p1_c5,newspaper_fe2c8b45b2a086cd75984640bb3080e1_1_p1_c7,newspaper_e62730aaeb9b509119e0c3699ac18201_1_p1_c7,newspaper_fe2c8b45b2a086cd75984640bb3080e1_1_p1_c6",1,True,1.0
What are the only such α values mentioned in the document fragment?,1,exam_paper_en-file-putnam-archive_2007_Solutions_2007s_page_001_p1_c0,exam_paper_en-file-putnam-archive_2007_Solutions_2007s_page_001_p1_c0,1,True,1.0
What are the only such α values mentioned in the document fragment?,3,exam_paper_en-file-putnam-archive_2007_Solutions_2007s_page_001_p1_c0,"exam_paper_en-file-putnam-archive_2007_Solutions_2007s_page_001_p1_c0,scihub_ijcac.2012040101.pdf_5_p5_c0,scihub_s11661-013-1726-7.pdf_2_p2_c3",1,True,1.0
What are the only such α values mentioned in the document fragment?,5,exam_paper_en-file-putnam-archive_2007_Solutions_2007s_page_001_p1_c0,"exam_paper_en-file-putnam-archive_2007_Solutions_2007s_page_001_p1_c0,scihub_ijcac.2012040101.pdf_5_p5_c0,scihub_s11661-013-1726-7.pdf_2_p2_c3,docstructbench_dianzishu_zhongwenzaixian-o.O-60403612.pdf_179_p179_c0,jiaocaineedrop_jiaocai_needrop_en_1564_p1564_c6",1,True,1.0
What is the simplified equation after substituting into the second equation?,1,exam_paper_en-file-putnam-archive_2007_Solutions_2007s_page_001_p1_c1,exam_paper_en-file-putnam-archive_2007_Solutions_2007s_page_001_p1_c1,1,True,1.0
What is the simplified equation after substituting into the second equation?,3,exam_paper_en-file-putnam-archive_2007_Solutions_2007s_page_001_p1_c1,"exam_paper_en-file-putnam-archive_2007_Solutions_2007s_page_001_p1_c1,exam_paper_en-file-putnam-archive_2000_Solutions_2000s_page_001_p1_c2,book_en_国外数学教材-数论-Melvyn B. Nathanson—Elementary Methods in Number Theory_0451_p451_c2",1,True,1.0
What is the simplified equation after substituting into the second equation?,5,exam_paper_en-file-putnam-archive_2007_Solutions_2007s_page_001_p1_c1,"exam_paper_en-file-putnam-archive_2007_Solutions_2007s_page_001_p1_c1,exam_paper_en-file-putnam-archive_2000_Solutions_2000s_page_001_p1_c2,book_en_国外数学教材-数论-Melvyn B. Nathanson—Elementary Methods in Number Theory_0451_p451_c2,book_en_A.Concise.Introduction.to.Linear.Algebra,.Geza.Schay,.Birkhauser,.2012_page_065_p65_c0,exam_paper_en-file-putnam-archive_1995_Solutions_1995s_page_002_p2_c2",1,True,1.0
What are the values of x obtained from the equation?,1,exam_paper_en-file-putnam-archive_2007_Solutions_2007s_page_001_p1_c2,exam_paper_en-file-putnam-archive_2000_Solutions_2000s_page_001_p1_c1,0,False,0.0
What are the values of x obtained from the equation?,3,exam_paper_en-file-putnam-archive_2007_Solutions_2007s_page_001_p1_c2,"exam_paper_en-file-putnam-archive_2000_Solutions_2000s_page_001_p1_c1,jiaocaineedrop_96657786.pdf_0_p0_c2,exam_paper_en-file-putnam-archive_2000_Solutions_2000s_page_001_p1_c0",0,False,0.0
What are the values of x obtained from the equation?,5,exam_paper_en-file-putnam-archive_2007_Solutions_2007s_page_001_p1_c2,"exam_paper_en-file-putnam-archive_2000_Solutions_2000s_page_001_p1_c1,jiaocaineedrop_96657786.pdf_0_p0_c2,exam_paper_en-file-putnam-archive_2000_Solutions_2000s_page_001_p1_c0,jiaocaineedrop_jiaocai_needrop_en_1564_p1564_c6,jiaocaineedrop_jiaocai_needrop_en_1473_p1473_c3",0,False,0.0
What is the equation obtained by subtracting the two conic equations?,1,exam_paper_en-file-putnam-archive_2007_Solutions_2007s_page_001_p1_c3,exam_paper_en-file-putnam-archive_2007_Solutions_2007s_page_001_p1_c3,1,True,1.0
What is the equation obtained by subtracting the two conic equations?,3,exam_paper_en-file-putnam-archive_2007_Solutions_2007s_page_001_p1_c3,"exam_paper_en-file-putnam-archive_2007_Solutions_2007s_page_001_p1_c3,exam_paper_en-file-putnam-archive_2007_Solutions_2007s_page_001_p1_c6,book_en_国外数学教材-数论-Melvyn B. Nathanson—Elementary Methods in Number Theory_0451_p451_c3",1,True,1.0
What is the equation obtained by subtracting the two conic equations?,5,exam_paper_en-file-putnam-archive_2007_Solutions_2007s_page_001_p1_c3,"exam_paper_en-file-putnam-archive_2007_Solutions_2007s_page_001_p1_c3,exam_paper_en-file-putnam-archive_2007_Solutions_2007s_page_001_p1_c6,book_en_国外数学教材-数论-Melvyn B. Nathanson—Elementary Methods in Number Theory_0451_p451_c3,book_en_国外数学教材-数论-Melvyn B. Nathanson—Elementary Methods in Number Theory_0451_p451_c2,jiaocaineedrop_jiaocai_needrop_en_1564_p1564_c4",1,True,1.0
What is the y-coordinate of a point of intersection derived from?,1,exam_paper_en-file-putnam-archive_2007_Solutions_2007s_page_001_p1_c4,exam_paper_en-file-putnam-archive_2007_Solutions_2007s_page_001_p1_c4,1,True,1.0
What is the y-coordinate of a point of intersection derived from?,3,exam_paper_en-file-putnam-archive_2007_Solutions_2007s_page_001_p1_c4,"exam_paper_en-file-putnam-archive_2007_Solutions_2007s_page_001_p1_c4,exam_paper_en-file-putnam-archive_2007_Solutions_2007s_page_001_p1_c3,exam_paper_en-file-putnam-archive_2007_Solutions_2007s_page_001_p1_c5",1,True,1.0
What is the y-coordinate of a point of intersection derived from?,5,exam_paper_en-file-putnam-archive_2007_Solutions_2007s_page_001_p1_c4,"exam_paper_en-file-putnam-archive_2007_Solutions_2007s_page_001_p1_c4,exam_paper_en-file-putnam-archive_2007_Solutions_2007s_page_001_p1_c3,exam_paper_en-file-putnam-archive_2007_Solutions_2007s_page_001_p1_c5,exam_paper_en-file-putnam-archive_2007_Solutions_2007s_page_001_p1_c2,exam_paper_en-file-putnam-archive_1998_Solutions_1998s_page_002_p2_c1",1,True,1.0
What is the expression for y when Q1 and Q2 have a common root?,1,exam_paper_en-file-putnam-archive_2007_Solutions_2007s_page_001_p1_c5,exam_paper_en-file-putnam-archive_2007_Solutions_2007s_page_001_p1_c5,1,True,1.0
What is the expression for y when Q1 and Q2 have a common root?,3,exam_paper_en-file-putnam-archive_2007_Solutions_2007s_page_001_p1_c5,"exam_paper_en-file-putnam-archive_2007_Solutions_2007s_page_001_p1_c5,exam_paper_en-file-putnam-archive_2007_Solutions_2007s_page_001_p1_c6,exam_paper_en-file-putnam-archive_2007_Solutions_2007s_page_001_p1_c4",1,True,1.0
What is the expression for y when Q1 and Q2 have a common root?,5,exam_paper_en-file-putnam-archive_2007_Solutions_2007s_page_001_p1_c5,"exam_paper_en-file-putnam-archive_2007_Solutions_2007s_page_001_p1_c5,exam_paper_en-file-putnam-archive_2007_Solutions_2007s_page_001_p1_c6,exam_paper_en-file-putnam-archive_2007_Solutions_2007s_page_001_p1_c4,exam_paper_en-file-putnam-archive_1999_Solutions_1999s_page_003_p3_c3,book_en_国外数学教材-数论-Melvyn B. Nathanson—Elementary Methods in Number Theory_0035_p35_c0",1,True,1.0
What are the values of α for which the two curves are tangent?,1,exam_paper_en-file-putnam-archive_2007_Solutions_2007s_page_001_p1_c6,exam_paper_en-file-putnam-archive_2007_Solutions_2007s_page_001_p1_c6,1,True,1.0
What are the values of α for which the two curves are tangent?,3,exam_paper_en-file-putnam-archive_2007_Solutions_2007s_page_001_p1_c6,"exam_paper_en-file-putnam-archive_2007_Solutions_2007s_page_001_p1_c6,exam_paper_en-file-putnam-archive_2007_Solutions_2007s_page_001_p1_c0,exam_paper_en-file-putnam-archive_2007_Solutions_2007s_page_001_p1_c4",1,True,1.0
What are the values of α for which the two curves are tangent?,5,exam_paper_en-file-putnam-archive_2007_Solutions_2007s_page_001_p1_c6,"exam_paper_en-file-putnam-archive_2007_Solutions_2007s_page_001_p1_c6,exam_paper_en-file-putnam-archive_2007_Solutions_2007s_page_001_p1_c0,exam_paper_en-file-putnam-archive_2007_Solutions_2007s_page_001_p1_c4,exam_paper_en-file-putnam-archive_2007_Solutions_2007s_page_001_p1_c5,exam_paper_en-file-putnam-archive_2007_Solutions_2007s_page_001_p1_c1",1,True,1.0
"What is the minimum value achieved by the square with vertices (±1,±1)?",1,exam_paper_en-file-putnam-archive_2007_Solutions_2007s_page_001_p1_c8,exam_paper_en-file-putnam-archive_2007_Solutions_2007s_page_001_p1_c8,1,True,1.0
"What is the minimum value achieved by the square with vertices (±1,±1)?",3,exam_paper_en-file-putnam-archive_2007_Solutions_2007s_page_001_p1_c8,"exam_paper_en-file-putnam-archive_2007_Solutions_2007s_page_001_p1_c8,exam_paper_en-file-putnam-archive_1998_Solutions_1998s_page_002_p2_c0,exam_paper_en-file-putnam-archive_1999_Solutions_1999s_page_002_p2_c5",1,True,1.0
"What is the minimum value achieved by the square with vertices (±1,±1)?",5,exam_paper_en-file-putnam-archive_2007_Solutions_2007s_page_001_p1_c8,"exam_paper_en-file-putnam-archive_2007_Solutions_2007s_page_001_p1_c8,exam_paper_en-file-putnam-archive_1998_Solutions_1998s_page_002_p2_c0,exam_paper_en-file-putnam-archive_1999_Solutions_1999s_page_002_p2_c5,jiaocaineedrop_96657786.pdf_0_p0_c2,exam_paper_en-file-putnam-archive_1999_Solutions_1999s_page_002_p2_c6",1,True,1.0
What is the maximum size per character for a VARCHAR(1000) column with the utf8 character set?,1,book_en_[搬书匠#375][High Performance MySQL 3rd Edition].2012.英文版_page_153_p153_c0,book_en_[搬书匠#375][High Performance MySQL 3rd Edition].2012.英文版_page_153_p153_c0,1,True,1.0
What is the maximum size per character for a VARCHAR(1000) column with the utf8 character set?,3,book_en_[搬书匠#375][High Performance MySQL 3rd Edition].2012.英文版_page_153_p153_c0,"book_en_[搬书匠#375][High Performance MySQL 3rd Edition].2012.英文版_page_153_p153_c0,docstructbench_llm-raw-scihub-o.O-j.chroma.2005.05.085.pdf_4_p4_c7,newspaper_The Globe and Mail - 2025-1-8@magazinesclubnew_page_014_p14_c22",1,True,1.0
What is the maximum size per character for a VARCHAR(1000) column with the utf8 character set?,5,book_en_[搬书匠#375][High Performance MySQL 3rd Edition].2012.英文版_page_153_p153_c0,"book_en_[搬书匠#375][High Performance MySQL 3rd Edition].2012.英文版_page_153_p153_c0,docstructbench_llm-raw-scihub-o.O-j.chroma.2005.05.085.pdf_4_p4_c7,newspaper_The Globe and Mail - 2025-1-8@magazinesclubnew_page_014_p14_c22,docstructbench_llm-raw-scihub-o.O-j.chroma.2005.03.134.pdf_6_p6_c3,newspaper_The Globe and Mail - 2025-1-8@magazinesclubnew_page_014_p14_c16",1,True,1.0
What does MySQL store instead of strings for an ENUM column?,1,book_en_[搬书匠#375][High Performance MySQL 3rd Edition].2012.英文版_page_153_p153_c1,book_en_[搬书匠#375][High Performance MySQL 3rd Edition].2012.英文版_page_153_p153_c1,1,True,1.0
What does MySQL store instead of strings for an ENUM column?,3,book_en_[搬书匠#375][High Performance MySQL 3rd Edition].2012.英文版_page_153_p153_c1,"book_en_[搬书匠#375][High Performance MySQL 3rd Edition].2012.英文版_page_153_p153_c1,book_en_[搬书匠#375][High Performance MySQL 3rd Edition].2012.英文版_page_153_p153_c0,book_en_[搬书匠#375][High Performance MySQL 3rd Edition].2012.英文版_page_153_p153_c2",1,True,1.0
What does MySQL store instead of strings for an ENUM column?,5,book_en_[搬书匠#375][High Performance MySQL 3rd Edition].2012.英文版_page_153_p153_c1,"book_en_[搬书匠#375][High Performance MySQL 3rd Edition].2012.英文版_page_153_p153_c1,book_en_[搬书匠#375][High Performance MySQL 3rd Edition].2012.英文版_page_153_p153_c0,book_en_[搬书匠#375][High Performance MySQL 3rd Edition].2012.英文版_page_153_p153_c2,book_en_[搬书匠#893][Pyomo—Optimization Modeling in Python].2012.英文版_page_188_p188_c2,docstructbench_dianzishu_zhongwenzaixian-o.O-61523162.pdf_276_p276_c4",1,True,1.0
What is the example of an ENUM specification that causes confusion?,1,book_en_[搬书匠#375][High Performance MySQL 3rd Edition].2012.英文版_page_153_p153_c2,book_en_[搬书匠#375][High Performance MySQL 3rd Edition].2012.英文版_page_153_p153_c2,1,True,1.0
What is the example of an ENUM specification that causes confusion?,3,book_en_[搬书匠#375][High Performance MySQL 3rd Edition].2012.英文版_page_153_p153_c2,"book_en_[搬书匠#375][High Performance MySQL 3rd Edition].2012.英文版_page_153_p153_c2,book_en_[搬书匠#375][High Performance MySQL 3rd Edition].2012.英文版_page_153_p153_c1,book_en_[搬书匠#375][High Performance MySQL 3rd Edition].2012.英文版_page_153_p153_c0",1,True,1.0
What is the example of an ENUM specification that causes confusion?,5,book_en_[搬书匠#375][High Performance MySQL 3rd Edition].2012.英文版_page_153_p153_c2,"book_en_[搬书匠#375][High Performance MySQL 3rd Edition].2012.英文版_page_153_p153_c2,book_en_[搬书匠#375][High Performance MySQL 3rd Edition].2012.英文版_page_153_p153_c1,book_en_[搬书匠#375][High Performance MySQL 3rd Edition].2012.英文版_page_153_p153_c0,newspaper_The Globe and Mail - 2025-1-8@magazinesclubnew_page_014_p14_c5,book_zh_CNASGL0092018_extracted_page_69_p69_c1",1,True,1.0
胶缝厚度不应小于多少毫米？,1,book_zh_JGJ1022003_extracted_page_27_p27_c0,book_zh_JGJ1022003_extracted_page_27_p27_c0,1,True,1.0
胶缝厚度不应小于多少毫米？,3,book_zh_JGJ1022003_extracted_page_27_p27_c0,"book_zh_JGJ1022003_extracted_page_27_p27_c0,book_zh_JGJ1022003_extracted_page_27_p27_c1,book_zh_JGJ1022003_extracted_page_27_p27_c2",1,True,1.0
胶缝厚度不应小于多少毫米？,5,book_zh_JGJ1022003_extracted_page_27_p27_c0,"book_zh_JGJ1022003_extracted_page_27_p27_c0,book_zh_JGJ1022003_extracted_page_27_p27_c1,book_zh_JGJ1022003_extracted_page_27_p27_c2,book_zh_CNASGL0092018_extracted_page_69_p69_c1,jiaocaineedrop_jiaocai_needrop_en_1473_p1473_c0",1,True,1.0
点支承玻璃支承孔周边应如何处理？,1,book_zh_JGJ1022003_extracted_page_27_p27_c1,book_zh_JGJ1022003_extracted_page_27_p27_c1,1,True,1.0
点支承玻璃支承孔周边应如何处理？,3,book_zh_JGJ1022003_extracted_page_27_p27_c1,"book_zh_JGJ1022003_extracted_page_27_p27_c1,book_zh_JGJ1022003_extracted_page_27_p27_c2,book_zh_JGJ1022003_extracted_page_27_p27_c0",1,True,1.0
点支承玻璃支承孔周边应如何处理？,5,book_zh_JGJ1022003_extracted_page_27_p27_c1,"book_zh_JGJ1022003_extracted_page_27_p27_c1,book_zh_JGJ1022003_extracted_page_27_p27_c2,book_zh_JGJ1022003_extracted_page_27_p27_c0,book_zh_CNASGL0092018_extracted_page_69_p69_c1,jiaocaineedrop_jiaocai_needrop_en_1473_p1473_c0",1,True,1.0
四点支承玻璃面板的应力和挠度应符合什么规定？,1,book_zh_JGJ1022003_extracted_page_27_p27_c2,book_zh_JGJ1022003_extracted_page_27_p27_c2,1,True,1.0
四点支承玻璃面板的应力和挠度应符合什么规定？,3,book_zh_JGJ1022003_extracted_page_27_p27_c2,"book_zh_JGJ1022003_extracted_page_27_p27_c2,book_zh_JGJ1022003_extracted_page_27_p27_c0,book_zh_JGJ1022003_extracted_page_27_p27_c1",1,True,1.0
四点支承玻璃面板的应力和挠度应符合什么规定？,5,book_zh_JGJ1022003_extracted_page_27_p27_c2,"book_zh_JGJ1022003_extracted_page_27_p27_c2,book_zh_JGJ1022003_extracted_page_27_p27_c0,book_zh_JGJ1022003_extracted_page_27_p27_c1,book_zh_CNASGL0092018_extracted_page_69_p69_c1,jiaocaineedrop_jiaocai_needrop_en_1473_p1473_c0",1,True,1.0
"What is the formula for the i, j entry of AB?",1,book_en_国外数学教材-非数学专业教材-线性代数-Gilbert Strang—Linear Algebra and Its Applications 4e_0035_p35_c1,book_en_国外数学教材-非数学专业教材-线性代数-Gilbert Strang—Linear Algebra and Its Applications 4e_0035_p35_c1,1,True,1.0
"What is the formula for the i, j entry of AB?",3,book_en_国外数学教材-非数学专业教材-线性代数-Gilbert Strang—Linear Algebra and Its Applications 4e_0035_p35_c1,"book_en_国外数学教材-非数学专业教材-线性代数-Gilbert Strang—Linear Algebra and Its Applications 4e_0035_p35_c1,book_en_国外数学教材-非数学专业教材-线性代数-Gilbert Strang—Linear Algebra and Its Applications 4e_0035_p35_c0,exam_paper_en-file-putnam-archive_2012_Solutions_2012s_page_001_p1_c6",1,True,1.0
"What is the formula for the i, j entry of AB?",5,book_en_国外数学教材-非数学专业教材-线性代数-Gilbert Strang—Linear Algebra and Its Applications 4e_0035_p35_c1,"book_en_国外数学教材-非数学专业教材-线性代数-Gilbert Strang—Linear Algebra and Its Applications 4e_0035_p35_c1,book_en_国外数学教材-非数学专业教材-线性代数-Gilbert Strang—Linear Algebra and Its Applications 4e_0035_p35_c0,exam_paper_en-file-putnam-archive_2012_Solutions_2012s_page_001_p1_c6,book_en_国外数学教材-非数学专业教材-线性代数-Gilbert Strang—Linear Algebra and Its Applications 4e_0035_p35_c3,book_en_国外数学教材-非数学专业教材-线性代数-Gilbert Strang—Linear Algebra and Its Applications 4e_0035_p35_c2",1,True,1.0
"What is the formula for the 3, 2 entry of AB?",1,book_en_国外数学教材-非数学专业教材-线性代数-Gilbert Strang—Linear Algebra and Its Applications 4e_0035_p35_c2,book_en_国外数学教材-非数学专业教材-线性代数-Gilbert Strang—Linear Algebra and Its Applications 4e_0035_p35_c2,1,True,1.0
"What is the formula for the 3, 2 entry of AB?",3,book_en_国外数学教材-非数学专业教材-线性代数-Gilbert Strang—Linear Algebra and Its Applications 4e_0035_p35_c2,"book_en_国外数学教材-非数学专业教材-线性代数-Gilbert Strang—Linear Algebra and Its Applications 4e_0035_p35_c2,book_en_国外数学教材-非数学专业教材-线性代数-Gilbert Strang—Linear Algebra and Its Applications 4e_0035_p35_c1,book_en_国外数学教材-非数学专业教材-线性代数-Gilbert Strang—Linear Algebra and Its Applications 4e_0035_p35_c0",1,True,1.0
"What is the formula for the 3, 2 entry of AB?",5,book_en_国外数学教材-非数学专业教材-线性代数-Gilbert Strang—Linear Algebra and Its Applications 4e_0035_p35_c2,"book_en_国外数学教材-非数学专业教材-线性代数-Gilbert Strang—Linear Algebra and Its Applications 4e_0035_p35_c2,book_en_国外数学教材-非数学专业教材-线性代数-Gilbert Strang—Linear Algebra and Its Applications 4e_0035_p35_c1,book_en_国外数学教材-非数学专业教材-线性代数-Gilbert Strang—Linear Algebra and Its Applications 4e_0035_p35_c0,book_en_国外数学教材-非数学专业教材-线性代数-Gilbert Strang—Linear Algebra and Its Applications 4e_0035_p35_c3,exam_paper_en-file-putnam-archive_1999_Solutions_1999s_page_003_p3_c0",1,True,1.0
What is the result of multiplying the first row of A with the first column of B?,1,book_en_国外数学教材-非数学专业教材-线性代数-Gilbert Strang—Linear Algebra and Its Applications 4e_0035_p35_c3,book_en_国外数学教材-非数学专业教材-线性代数-Gilbert Strang—Linear Algebra and Its Applications 4e_0035_p35_c3,1,True,1.0
What is the result of multiplying the first row of A with the first column of B?,3,book_en_国外数学教材-非数学专业教材-线性代数-Gilbert Strang—Linear Algebra and Its Applications 4e_0035_p35_c3,"book_en_国外数学教材-非数学专业教材-线性代数-Gilbert Strang—Linear Algebra and Its Applications 4e_0035_p35_c3,book_en_国外数学教材-非数学专业教材-线性代数-Gilbert Strang—Linear Algebra and Its Applications 4e_0035_p35_c1,book_en_国外数学教材-非数学专业教材-线性代数-Gilbert Strang—Linear Algebra and Its Applications 4e_0035_p35_c0",1,True,1.0
What is the result of multiplying the first row of A with the first column of B?,5,book_en_国外数学教材-非数学专业教材-线性代数-Gilbert Strang—Linear Algebra and Its Applications 4e_0035_p35_c3,"book_en_国外数学教材-非数学专业教材-线性代数-Gilbert Strang—Linear Algebra and Its Applications 4e_0035_p35_c3,book_en_国外数学教材-非数学专业教材-线性代数-Gilbert Strang—Linear Algebra and Its Applications 4e_0035_p35_c1,book_en_国外数学教材-非数学专业教材-线性代数-Gilbert Strang—Linear Algebra and Its Applications 4e_0035_p35_c0,exam_paper_en-file-putnam-archive_1995_Solutions_1995s_page_002_p2_c3,book_en_国外数学教材-非数学专业教材-线性代数-Gilbert Strang—Linear Algebra and Its Applications 4e_0035_p35_c4",1,True,1.0
What is the third column of AB?,1,book_en_国外数学教材-非数学专业教材-线性代数-Gilbert Strang—Linear Algebra and Its Applications 4e_0035_p35_c4,book_en_国外数学教材-非数学专业教材-线性代数-Gilbert Strang—Linear Algebra and Its Applications 4e_0035_p35_c4,1,True,1.0
What is the third column of AB?,3,book_en_国外数学教材-非数学专业教材-线性代数-Gilbert Strang—Linear Algebra and Its Applications 4e_0035_p35_c4,"book_en_国外数学教材-非数学专业教材-线性代数-Gilbert Strang—Linear Algebra and Its Applications 4e_0035_p35_c4,book_en_国外数学教材-非数学专业教材-线性代数-Gilbert Strang—Linear Algebra and Its Applications 4e_0035_p35_c3,book_en_国外数学教材-非数学专业教材-线性代数-Gilbert Strang—Linear Algebra and Its Applications 4e_0035_p35_c0",1,True,1.0
What is the third column of AB?,5,book_en_国外数学教材-非数学专业教材-线性代数-Gilbert Strang—Linear Algebra and Its Applications 4e_0035_p35_c4,"book_en_国外数学教材-非数学专业教材-线性代数-Gilbert Strang—Linear Algebra and Its Applications 4e_0035_p35_c4,book_en_国外数学教材-非数学专业教材-线性代数-Gilbert Strang—Linear Algebra and Its Applications 4e_0035_p35_c3,book_en_国外数学教材-非数学专业教材-线性代数-Gilbert Strang—Linear Algebra and Its Applications 4e_0035_p35_c0,book_en_国外数学教材-非数学专业教材-线性代数-Gilbert Strang—Linear Algebra and Its Applications 4e_0035_p35_c1,book_en_国外数学教材-非数学专业教材-线性代数-Gilbert Strang—Linear Algebra and Its Applications 4e_0035_p35_c2",1,True,1.0
分析师承诺内容是否受到第三方影响？,1,yanbaopptmerge_0c79d327060dbf9f1582d03c235dadb039533a19091d2c0d24f2ad95d267f79b.pdf_2_p2_c0,yanbaopptmerge_0c79d327060dbf9f1582d03c235dadb039533a19091d2c0d24f2ad95d267f79b.pdf_2_p2_c0,1,True,1.0
分析师承诺内容是否受到第三方影响？,3,yanbaopptmerge_0c79d327060dbf9f1582d03c235dadb039533a19091d2c0d24f2ad95d267f79b.pdf_2_p2_c0,"yanbaopptmerge_0c79d327060dbf9f1582d03c235dadb039533a19091d2c0d24f2ad95d267f79b.pdf_2_p2_c0,yanbaopptmerge_5473246b8da789b9bfdeef53a70c4d72afd480415d5cbcedb83d105856710328.pdf_8_p8_c0,eastmoney_dcf347592d4160dffacffdf00a9c39aa75cf9859205a7543c283d1df8bb14f90.pdf_1_p1_c0",1,True,1.0
分析师承诺内容是否受到第三方影响？,5,yanbaopptmerge_0c79d327060dbf9f1582d03c235dadb039533a19091d2c0d24f2ad95d267f79b.pdf_2_p2_c0,"yanbaopptmerge_0c79d327060dbf9f1582d03c235dadb039533a19091d2c0d24f2ad95d267f79b.pdf_2_p2_c0,yanbaopptmerge_5473246b8da789b9bfdeef53a70c4d72afd480415d5cbcedb83d105856710328.pdf_8_p8_c0,eastmoney_dcf347592d4160dffacffdf00a9c39aa75cf9859205a7543c283d1df8bb14f90.pdf_1_p1_c0,eastmoney_d2bb183f5254ede5760932ac3118524aa7eddad551935713b435541f1525c1ee.pdf_7_p7_c1,eastmoney_dd8f39ced2188b907304224a635ad605689270486020c34636003e57018c01d8.pdf_2_p2_c1",1,True,1.0
美股以哪个指数为基准？,1,yanbaopptmerge_0c79d327060dbf9f1582d03c235dadb039533a19091d2c0d24f2ad95d267f79b.pdf_2_p2_c1,eastmoney_dcf347592d4160dffacffdf00a9c39aa75cf9859205a7543c283d1df8bb14f90.pdf_1_p1_c3,0,False,0.0
美股以哪个指数为基准？,3,yanbaopptmerge_0c79d327060dbf9f1582d03c235dadb039533a19091d2c0d24f2ad95d267f79b.pdf_2_p2_c1,"eastmoney_dcf347592d4160dffacffdf00a9c39aa75cf9859205a7543c283d1df8bb14f90.pdf_1_p1_c3,eastmoney_dd8f39ced2188b907304224a635ad605689270486020c34636003e57018c01d8.pdf_2_p2_c1,yanbaopptmerge_0c79d327060dbf9f1582d03c235dadb039533a19091d2c0d24f2ad95d267f79b.pdf_2_p2_c1",3,True,1.0
美股以哪个指数为基准？,5,yanbaopptmerge_0c79d327060dbf9f1582d03c235dadb039533a19091d2c0d24f2ad95d267f79b.pdf_2_p2_c1,"eastmoney_dcf347592d4160dffacffdf00a9c39aa75cf9859205a7543c283d1df8bb14f90.pdf_1_p1_c3,eastmoney_dd8f39ced2188b907304224a635ad605689270486020c34636003e57018c01d8.pdf_2_p2_c1,yanbaopptmerge_0c79d327060dbf9f1582d03c235dadb039533a19091d2c0d24f2ad95d267f79b.pdf_2_p2_c1,eastmoney_dd8f39ced2188b907304224a635ad605689270486020c34636003e57018c01d8.pdf_2_p2_c0,eastmoney_dcf347592d4160dffacffdf00a9c39aa75cf9859205a7543c283d1df8bb14f90.pdf_1_p1_c2",3,True,1.0
客户是否应当依靠本报告内容而取代个人的独立判断？,1,yanbaopptmerge_0c79d327060dbf9f1582d03c235dadb039533a19091d2c0d24f2ad95d267f79b.pdf_2_p2_c2,yanbaopptmerge_0c79d327060dbf9f1582d03c235dadb039533a19091d2c0d24f2ad95d267f79b.pdf_2_p2_c2,1,True,1.0
客户是否应当依靠本报告内容而取代个人的独立判断？,3,yanbaopptmerge_0c79d327060dbf9f1582d03c235dadb039533a19091d2c0d24f2ad95d267f79b.pdf_2_p2_c2,"yanbaopptmerge_0c79d327060dbf9f1582d03c235dadb039533a19091d2c0d24f2ad95d267f79b.pdf_2_p2_c2,eastmoney_d2bb183f5254ede5760932ac3118524aa7eddad551935713b435541f1525c1ee.pdf_7_p7_c1,yanbaopptmerge_5473246b8da789b9bfdeef53a70c4d72afd480415d5cbcedb83d105856710328.pdf_8_p8_c0",1,True,1.0
客户是否应当依靠本报告内容而取代个人的独立判断？,5,yanbaopptmerge_0c79d327060dbf9f1582d03c235dadb039533a19091d2c0d24f2ad95d267f79b.pdf_2_p2_c2,"yanbaopptmerge_0c79d327060dbf9f1582d03c235dadb039533a19091d2c0d24f2ad95d267f79b.pdf_2_p2_c2,eastmoney_d2bb183f5254ede5760932ac3118524aa7eddad551935713b435541f1525c1ee.pdf_7_p7_c1,yanbaopptmerge_5473246b8da789b9bfdeef53a70c4d72afd480415d5cbcedb83d105856710328.pdf_8_p8_c0,eastmoney_dd8f39ced2188b907304224a635ad605689270486020c34636003e57018c01d8.pdf_2_p2_c1,eastmoney_dcf347592d4160dffacffdf00a9c39aa75cf9859205a7543c283d1df8bb14f90.pdf_1_p1_c2",1,True,1.0
哪些机构或个人不得以任何形式、任何目的进行翻版、转载、发表、篡改或引用本报告？,1,yanbaopptmerge_0c79d327060dbf9f1582d03c235dadb039533a19091d2c0d24f2ad95d267f79b.pdf_2_p2_c3,yanbaopptmerge_0c79d327060dbf9f1582d03c235dadb039533a19091d2c0d24f2ad95d267f79b.pdf_2_p2_c3,1,True,1.0
哪些机构或个人不得以任何形式、任何目的进行翻版、转载、发表、篡改或引用本报告？,3,yanbaopptmerge_0c79d327060dbf9f1582d03c235dadb039533a19091d2c0d24f2ad95d267f79b.pdf_2_p2_c3,"yanbaopptmerge_0c79d327060dbf9f1582d03c235dadb039533a19091d2c0d24f2ad95d267f79b.pdf_2_p2_c3,yanbaopptmerge_0c79d327060dbf9f1582d03c235dadb039533a19091d2c0d24f2ad95d267f79b.pdf_2_p2_c2,eastmoney_dd8f39ced2188b907304224a635ad605689270486020c34636003e57018c01d8.pdf_2_p2_c1",1,True,1.0
哪些机构或个人不得以任何形式、任何目的进行翻版、转载、发表、篡改或引用本报告？,5,yanbaopptmerge_0c79d327060dbf9f1582d03c235dadb039533a19091d2c0d24f2ad95d267f79b.pdf_2_p2_c3,"yanbaopptmerge_0c79d327060dbf9f1582d03c235dadb039533a19091d2c0d24f2ad95d267f79b.pdf_2_p2_c3,yanbaopptmerge_0c79d327060dbf9f1582d03c235dadb039533a19091d2c0d24f2ad95d267f79b.pdf_2_p2_c2,eastmoney_dd8f39ced2188b907304224a635ad605689270486020c34636003e57018c01d8.pdf_2_p2_c1,eastmoney_dd8f39ced2188b907304224a635ad605689270486020c34636003e57018c01d8.pdf_2_p2_c2,eastmoney_dcf347592d4160dffacffdf00a9c39aa75cf9859205a7543c283d1df8bb14f90.pdf_1_p1_c1",1,True,1.0
学校如何制定和落实岗位安全责任书？,1,docstructbench_dianzishu_zhongwenzaixian-o.O-61571259.pdf_239_p239_c0,docstructbench_dianzishu_zhongwenzaixian-o.O-61571259.pdf_239_p239_c1,0,False,0.0
学校如何制定和落实岗位安全责任书？,3,docstructbench_dianzishu_zhongwenzaixian-o.O-61571259.pdf_239_p239_c0,"docstructbench_dianzishu_zhongwenzaixian-o.O-61571259.pdf_239_p239_c1,docstructbench_dianzishu_zhongwenzaixian-o.O-61571259.pdf_239_p239_c0,jiaocaineedrop_jiaocai_needrop_en_237_p237_c2",2,True,1.0
学校如何制定和落实岗位安全责任书？,5,docstructbench_dianzishu_zhongwenzaixian-o.O-61571259.pdf_239_p239_c0,"docstructbench_dianzishu_zhongwenzaixian-o.O-61571259.pdf_239_p239_c1,docstructbench_dianzishu_zhongwenzaixian-o.O-61571259.pdf_239_p239_c0,jiaocaineedrop_jiaocai_needrop_en_237_p237_c2,jiaocaineedrop_jiaocai_needrop_en_1473_p1473_c1,docstructbench_dianzishu_zhongwenzaixian-o.O-61323717.pdf_203_p203_c4",2,True,1.0
未签责任书会怎样处理？,1,docstructbench_dianzishu_zhongwenzaixian-o.O-61571259.pdf_239_p239_c1,docstructbench_dianzishu_zhongwenzaixian-o.O-61571259.pdf_239_p239_c1,1,True,1.0
未签责任书会怎样处理？,3,docstructbench_dianzishu_zhongwenzaixian-o.O-61571259.pdf_239_p239_c1,"docstructbench_dianzishu_zhongwenzaixian-o.O-61571259.pdf_239_p239_c1,newspaper_35bdaa11dec104ccbdc9e19ac8527d21_1_p1_c7,newspaper_35bdaa11dec104ccbdc9e19ac8527d21_1_p1_c8",1,True,1.0
未签责任书会怎样处理？,5,docstructbench_dianzishu_zhongwenzaixian-o.O-61571259.pdf_239_p239_c1,"docstructbench_dianzishu_zhongwenzaixian-o.O-61571259.pdf_239_p239_c1,newspaper_35bdaa11dec104ccbdc9e19ac8527d21_1_p1_c7,newspaper_35bdaa11dec104ccbdc9e19ac8527d21_1_p1_c8,newspaper_e62730aaeb9b509119e0c3699ac18201_1_p1_c3,docstructbench_dianzishu_zhongwenzaixian-o.O-61571259.pdf_239_p239_c0",1,True,1.0
临沧市第三次党代会以来的五年取得了哪些成果？,1,docstructbench_dianzishu_zhongwenzaixian-o.O-63678132.pdf_161_p161_c0,docstructbench_dianzishu_zhongwenzaixian-o.O-63678132.pdf_161_p161_c0,1,True,1.0
临沧市第三次党代会以来的五年取得了哪些成果？,3,docstructbench_dianzishu_zhongwenzaixian-o.O-63678132.pdf_161_p161_c0,"docstructbench_dianzishu_zhongwenzaixian-o.O-63678132.pdf_161_p161_c0,newspaper_2c69e142b52dbb30cac2cb11d3eb25e5_1_p1_c8,newspaper_2c69e142b52dbb30cac2cb11d3eb25e5_1_p1_c7",1,True,1.0
临沧市第三次党代会以来的五年取得了哪些成果？,5,docstructbench_dianzishu_zhongwenzaixian-o.O-63678132.pdf_161_p161_c0,"docstructbench_dianzishu_zhongwenzaixian-o.O-63678132.pdf_161_p161_c0,newspaper_2c69e142b52dbb30cac2cb11d3eb25e5_1_p1_c8,newspaper_2c69e142b52dbb30cac2cb11d3eb25e5_1_p1_c7,newspaper_35bdaa11dec104ccbdc9e19ac8527d21_1_p1_c1,newspaper_eb569707cf5621d4c71d5898216cdb17_1_p1_c7",1,True,1.0
数字化解决方案如何帮助研发部门提高效率？,1,yanbaor2_yanbaoPPT_6065_p6065_c0,yanbaor2_yanbaoPPT_6065_p6065_c0,1,True,1.0
数字化解决方案如何帮助研发部门提高效率？,3,yanbaor2_yanbaoPPT_6065_p6065_c0,"yanbaor2_yanbaoPPT_6065_p6065_c0,yanbaor2_7f386f737cb55cffa10c8321a94bd38d7169cd69b3b253b9e2e502c12a68feea.pdf_15_p15_c0,yanbaor2_bfe5f11c4ad2e94d966ef6801dc992816f42c9150e2be42b008c95f59713e901.pdf_139_p139_c1",1,True,1.0
数字化解决方案如何帮助研发部门提高效率？,5,yanbaor2_yanbaoPPT_6065_p6065_c0,"yanbaor2_yanbaoPPT_6065_p6065_c0,yanbaor2_7f386f737cb55cffa10c8321a94bd38d7169cd69b3b253b9e2e502c12a68feea.pdf_15_p15_c0,yanbaor2_bfe5f11c4ad2e94d966ef6801dc992816f42c9150e2be42b008c95f59713e901.pdf_139_p139_c1,yanbaor2_yanbaoPPT_467_p467_c0,yanbaor2_bfe5f11c4ad2e94d966ef6801dc992816f42c9150e2be42b008c95f59713e901.pdf_137_p137_c1",1,True,1.0
我国四大牧区具体包括哪些地区？,1,notes_1ba14cb325bc448f7201b20502ecf2b5_74_p74_c0,notes_1ba14cb325bc448f7201b20502ecf2b5_74_p74_c0,1,True,1.0
我国四大牧区具体包括哪些地区？,3,notes_1ba14cb325bc448f7201b20502ecf2b5_74_p74_c0,"notes_1ba14cb325bc448f7201b20502ecf2b5_74_p74_c0,newspaper_0b1bb8d03b4287eb95f67b68c2cf9f92_1_p1_c0,newspaper_0b1bb8d03b4287eb95f67b68c2cf9f92_1_p1_c4",1,True,1.0
我国四大牧区具体包括哪些地区？,5,notes_1ba14cb325bc448f7201b20502ecf2b5_74_p74_c0,"notes_1ba14cb325bc448f7201b20502ecf2b5_74_p74_c0,newspaper_0b1bb8d03b4287eb95f67b68c2cf9f92_1_p1_c0,newspaper_0b1bb8d03b4287eb95f67b68c2cf9f92_1_p1_c4,newspaper_eb569707cf5621d4c71d5898216cdb17_1_p1_c5,newspaper_0b1bb8d03b4287eb95f67b68c2cf9f92_1_p1_c5",1,True,1.0
荣盛发展为重庆荣乾房地产开发有限公司提供担保的金额是多少？,1,yanbaopptmerge_baa6d02928efcac46ccf7dfd3859de565cfb0bea918ae0ec0eed50944a7c20b4.pdf_11_p11_c0,yanbaopptmerge_baa6d02928efcac46ccf7dfd3859de565cfb0bea918ae0ec0eed50944a7c20b4.pdf_11_p11_c0,1,True,1.0
荣盛发展为重庆荣乾房地产开发有限公司提供担保的金额是多少？,3,yanbaopptmerge_baa6d02928efcac46ccf7dfd3859de565cfb0bea918ae0ec0eed50944a7c20b4.pdf_11_p11_c0,"yanbaopptmerge_baa6d02928efcac46ccf7dfd3859de565cfb0bea918ae0ec0eed50944a7c20b4.pdf_11_p11_c0,yanbaopptmerge_baa6d02928efcac46ccf7dfd3859de565cfb0bea918ae0ec0eed50944a7c20b4.pdf_11_p11_c2,yanbaopptmerge_51e549c0d1a2669ac976409fcf99ce91908b1e0a07f0fc70d92263abf6d07f18.pdf_1_p1_c1",1,True,1.0
荣盛发展为重庆荣乾房地产开发有限公司提供担保的金额是多少？,5,yanbaopptmerge_baa6d02928efcac46ccf7dfd3859de565cfb0bea918ae0ec0eed50944a7c20b4.pdf_11_p11_c0,"yanbaopptmerge_baa6d02928efcac46ccf7dfd3859de565cfb0bea918ae0ec0eed50944a7c20b4.pdf_11_p11_c0,yanbaopptmerge_baa6d02928efcac46ccf7dfd3859de565cfb0bea918ae0ec0eed50944a7c20b4.pdf_11_p11_c2,yanbaopptmerge_51e549c0d1a2669ac976409fcf99ce91908b1e0a07f0fc70d92263abf6d07f18.pdf_1_p1_c1,yanbaopptmerge_baa6d02928efcac46ccf7dfd3859de565cfb0bea918ae0ec0eed50944a7c20b4.pdf_11_p11_c1,yanbaopptmerge_2f4902871606698497c53ccb18d3fec2f83d05047d883cd65bbce26bfb27bcd2.pdf_1_p1_c3",1,True,1.0
哪家公司收到深交所关注函要求说明终止员工持股计划后又筹划新计划的原因？,1,yanbaopptmerge_baa6d02928efcac46ccf7dfd3859de565cfb0bea918ae0ec0eed50944a7c20b4.pdf_11_p11_c1,yanbaopptmerge_baa6d02928efcac46ccf7dfd3859de565cfb0bea918ae0ec0eed50944a7c20b4.pdf_11_p11_c1,1,True,1.0
哪家公司收到深交所关注函要求说明终止员工持股计划后又筹划新计划的原因？,3,yanbaopptmerge_baa6d02928efcac46ccf7dfd3859de565cfb0bea918ae0ec0eed50944a7c20b4.pdf_11_p11_c1,"yanbaopptmerge_baa6d02928efcac46ccf7dfd3859de565cfb0bea918ae0ec0eed50944a7c20b4.pdf_11_p11_c1,yanbaopptmerge_baa6d02928efcac46ccf7dfd3859de565cfb0bea918ae0ec0eed50944a7c20b4.pdf_11_p11_c0,yanbaopptmerge_baa6d02928efcac46ccf7dfd3859de565cfb0bea918ae0ec0eed50944a7c20b4.pdf_11_p11_c2",1,True,1.0
哪家公司收到深交所关注函要求说明终止员工持股计划后又筹划新计划的原因？,5,yanbaopptmerge_baa6d02928efcac46ccf7dfd3859de565cfb0bea918ae0ec0eed50944a7c20b4.pdf_11_p11_c1,"yanbaopptmerge_baa6d02928efcac46ccf7dfd3859de565cfb0bea918ae0ec0eed50944a7c20b4.pdf_11_p11_c1,yanbaopptmerge_baa6d02928efcac46ccf7dfd3859de565cfb0bea918ae0ec0eed50944a7c20b4.pdf_11_p11_c0,yanbaopptmerge_baa6d02928efcac46ccf7dfd3859de565cfb0bea918ae0ec0eed50944a7c20b4.pdf_11_p11_c2,yanbaopptmerge_0c79d327060dbf9f1582d03c235dadb039533a19091d2c0d24f2ad95d267f79b.pdf_2_p2_c2,yanbaopptmerge_ee19df4a08e3d07ac1190446f5b3dd3f25438c661b87cf4fbb9040ac5fac443b.pdf_1_p1_c0",1,True,1.0
哪一家公司宣布了科创板IPO注册申请获中国证监会同意？,1,yanbaopptmerge_baa6d02928efcac46ccf7dfd3859de565cfb0bea918ae0ec0eed50944a7c20b4.pdf_11_p11_c2,yanbaopptmerge_baa6d02928efcac46ccf7dfd3859de565cfb0bea918ae0ec0eed50944a7c20b4.pdf_11_p11_c2,1,True,1.0
哪一家公司宣布了科创板IPO注册申请获中国证监会同意？,3,yanbaopptmerge_baa6d02928efcac46ccf7dfd3859de565cfb0bea918ae0ec0eed50944a7c20b4.pdf_11_p11_c2,"yanbaopptmerge_baa6d02928efcac46ccf7dfd3859de565cfb0bea918ae0ec0eed50944a7c20b4.pdf_11_p11_c2,yanbaopptmerge_baa6d02928efcac46ccf7dfd3859de565cfb0bea918ae0ec0eed50944a7c20b4.pdf_11_p11_c0,yanbaopptmerge_5473246b8da789b9bfdeef53a70c4d72afd480415d5cbcedb83d105856710328.pdf_8_p8_c0",1,True,1.0
哪一家公司宣布了科创板IPO注册申请获中国证监会同意？,5,yanbaopptmerge_baa6d02928efcac46ccf7dfd3859de565cfb0bea918ae0ec0eed50944a7c20b4.pdf_11_p11_c2,"yanbaopptmerge_baa6d02928efcac46ccf7dfd3859de565cfb0bea918ae0ec0eed50944a7c20b4.pdf_11_p11_c2,yanbaopptmerge_baa6d02928efcac46ccf7dfd3859de565cfb0bea918ae0ec0eed50944a7c20b4.pdf_11_p11_c0,yanbaopptmerge_5473246b8da789b9bfdeef53a70c4d72afd480415d5cbcedb83d105856710328.pdf_8_p8_c0,yanbaor2_bfe5f11c4ad2e94d966ef6801dc992816f42c9150e2be42b008c95f59713e901.pdf_137_p137_c0,yanbaopptmerge_baa6d02928efcac46ccf7dfd3859de565cfb0bea918ae0ec0eed50944a7c20b4.pdf_11_p11_c1",1,True,1.0
"Which year did Ohlsson, Attewell, R.G., Johnsson, B., Ahlm, A., and Skerfving, S. publish their work?",1,docstructbench_llm-raw-scihub-o.O-j.ergon.2004.09.009.pdf_13_p13_c0,docstructbench_llm-raw-scihub-o.O-j.ergon.2004.09.009.pdf_13_p13_c1,0,False,0.0
"Which year did Ohlsson, Attewell, R.G., Johnsson, B., Ahlm, A., and Skerfving, S. publish their work?",3,docstructbench_llm-raw-scihub-o.O-j.ergon.2004.09.009.pdf_13_p13_c0,"docstructbench_llm-raw-scihub-o.O-j.ergon.2004.09.009.pdf_13_p13_c1,docstructbench_llm-raw-scihub-o.O-j.ergon.2004.09.009.pdf_13_p13_c0,docstructbench_llm-raw-scihub-o.O-j.ergon.2004.09.009.pdf_13_p13_c2",2,True,1.0
"Which year did Ohlsson, Attewell, R.G., Johnsson, B., Ahlm, A., and Skerfving, S. publish their work?",5,docstructbench_llm-raw-scihub-o.O-j.ergon.2004.09.009.pdf_13_p13_c0,"docstructbench_llm-raw-scihub-o.O-j.ergon.2004.09.009.pdf_13_p13_c1,docstructbench_llm-raw-scihub-o.O-j.ergon.2004.09.009.pdf_13_p13_c0,docstructbench_llm-raw-scihub-o.O-j.ergon.2004.09.009.pdf_13_p13_c2,docstructbench_llm-raw-scihub-o.O-j.ergon.2004.09.009.pdf_13_p13_c5,docstructbench_llm-raw-scihub-o.O-j.ergon.2004.09.009.pdf_13_p13_c4",2,True,1.0
Which study focused on repetitive industrial work and neck and upper limb disorders in females?,1,docstructbench_llm-raw-scihub-o.O-j.ergon.2004.09.009.pdf_13_p13_c1,docstructbench_llm-raw-scihub-o.O-j.ergon.2004.09.009.pdf_13_p13_c2,0,False,0.0
Which study focused on repetitive industrial work and neck and upper limb disorders in females?,3,docstructbench_llm-raw-scihub-o.O-j.ergon.2004.09.009.pdf_13_p13_c1,"docstructbench_llm-raw-scihub-o.O-j.ergon.2004.09.009.pdf_13_p13_c2,docstructbench_llm-raw-scihub-o.O-j.ergon.2004.09.009.pdf_13_p13_c1,docstructbench_llm-raw-scihub-o.O-j.ergon.2004.09.009.pdf_13_p13_c0",2,True,1.0
Which study focused on repetitive industrial work and neck and upper limb disorders in females?,5,docstructbench_llm-raw-scihub-o.O-j.ergon.2004.09.009.pdf_13_p13_c1,"docstructbench_llm-raw-scihub-o.O-j.ergon.2004.09.009.pdf_13_p13_c2,docstructbench_llm-raw-scihub-o.O-j.ergon.2004.09.009.pdf_13_p13_c1,docstructbench_llm-raw-scihub-o.O-j.ergon.2004.09.009.pdf_13_p13_c0,docstructbench_llm-raw-scihub-o.O-j.ergon.2004.09.009.pdf_13_p13_c4,scihub_bloodadvances.2019030924.pdf_3_p3_c2",2,True,1.0
Who are the authors of the 1995 study on repetitive industrial work and neck and upper limb disorders in females?,1,docstructbench_llm-raw-scihub-o.O-j.ergon.2004.09.009.pdf_13_p13_c2,docstructbench_llm-raw-scihub-o.O-j.ergon.2004.09.009.pdf_13_p13_c2,1,True,1.0
Who are the authors of the 1995 study on repetitive industrial work and neck and upper limb disorders in females?,3,docstructbench_llm-raw-scihub-o.O-j.ergon.2004.09.009.pdf_13_p13_c2,"docstructbench_llm-raw-scihub-o.O-j.ergon.2004.09.009.pdf_13_p13_c2,docstructbench_llm-raw-scihub-o.O-j.ergon.2004.09.009.pdf_13_p13_c1,docstructbench_llm-raw-scihub-o.O-j.ergon.2004.09.009.pdf_13_p13_c0",1,True,1.0
Who are the authors of the 1995 study on repetitive industrial work and neck and upper limb disorders in females?,5,docstructbench_llm-raw-scihub-o.O-j.ergon.2004.09.009.pdf_13_p13_c2,"docstructbench_llm-raw-scihub-o.O-j.ergon.2004.09.009.pdf_13_p13_c2,docstructbench_llm-raw-scihub-o.O-j.ergon.2004.09.009.pdf_13_p13_c1,docstructbench_llm-raw-scihub-o.O-j.ergon.2004.09.009.pdf_13_p13_c0,docstructbench_llm-raw-scihub-o.O-j.ergon.2004.09.009.pdf_13_p13_c5,docstructbench_llm-raw-scihub-o.O-j.ergon.2004.09.009.pdf_13_p13_c4",1,True,1.0
Which year did the study on upper extremity muscular load during machine milking get published?,1,docstructbench_llm-raw-scihub-o.O-j.ergon.2004.09.009.pdf_13_p13_c3,docstructbench_llm-raw-scihub-o.O-j.ergon.2004.09.009.pdf_13_p13_c4,0,False,0.0
Which year did the study on upper extremity muscular load during machine milking get published?,3,docstructbench_llm-raw-scihub-o.O-j.ergon.2004.09.009.pdf_13_p13_c3,"docstructbench_llm-raw-scihub-o.O-j.ergon.2004.09.009.pdf_13_p13_c4,docstructbench_llm-raw-scihub-o.O-j.ergon.2004.09.009.pdf_13_p13_c3,docstructbench_llm-raw-scihub-o.O-j.ergon.2004.09.009.pdf_13_p13_c1",2,True,1.0
Which year did the study on upper extremity muscular load during machine milking get published?,5,docstructbench_llm-raw-scihub-o.O-j.ergon.2004.09.009.pdf_13_p13_c3,"docstructbench_llm-raw-scihub-o.O-j.ergon.2004.09.009.pdf_13_p13_c4,docstructbench_llm-raw-scihub-o.O-j.ergon.2004.09.009.pdf_13_p13_c3,docstructbench_llm-raw-scihub-o.O-j.ergon.2004.09.009.pdf_13_p13_c1,docstructbench_llm-raw-scihub-o.O-j.ergon.2004.09.009.pdf_13_p13_c0,docstructbench_llm-raw-scihub-o.O-j.ergon.2004.09.009.pdf_13_p13_c5",2,True,1.0
"Which year was the study by Stäl, M., Hansson, G.-Å., and Moritz, U. published?",1,docstructbench_llm-raw-scihub-o.O-j.ergon.2004.09.009.pdf_13_p13_c4,docstructbench_llm-raw-scihub-o.O-j.ergon.2004.09.009.pdf_13_p13_c4,1,True,1.0
"Which year was the study by Stäl, M., Hansson, G.-Å., and Moritz, U. published?",3,docstructbench_llm-raw-scihub-o.O-j.ergon.2004.09.009.pdf_13_p13_c4,"docstructbench_llm-raw-scihub-o.O-j.ergon.2004.09.009.pdf_13_p13_c4,docstructbench_llm-raw-scihub-o.O-j.ergon.2004.09.009.pdf_13_p13_c3,docstructbench_llm-raw-scihub-o.O-j.ergon.2004.09.009.pdf_13_p13_c5",1,True,1.0
"Which year was the study by Stäl, M., Hansson, G.-Å., and Moritz, U. published?",5,docstructbench_llm-raw-scihub-o.O-j.ergon.2004.09.009.pdf_13_p13_c4,"docstructbench_llm-raw-scihub-o.O-j.ergon.2004.09.009.pdf_13_p13_c4,docstructbench_llm-raw-scihub-o.O-j.ergon.2004.09.009.pdf_13_p13_c3,docstructbench_llm-raw-scihub-o.O-j.ergon.2004.09.009.pdf_13_p13_c5,docstructbench_llm-raw-scihub-o.O-j.ergon.2004.09.009.pdf_13_p13_c1,docstructbench_llm-raw-scihub-o.O-j.chroma.2005.03.134.pdf_6_p6_c0",1,True,1.0
What year was the study by Westgaard and Winkel published?,1,docstructbench_llm-raw-scihub-o.O-j.ergon.2004.09.009.pdf_13_p13_c5,docstructbench_llm-raw-scihub-o.O-j.ergon.2004.09.009.pdf_13_p13_c5,1,True,1.0
What year was the study by Westgaard and Winkel published?,3,docstructbench_llm-raw-scihub-o.O-j.ergon.2004.09.009.pdf_13_p13_c5,"docstructbench_llm-raw-scihub-o.O-j.ergon.2004.09.009.pdf_13_p13_c5,docstructbench_llm-raw-scihub-o.O-j.ergon.2004.09.009.pdf_13_p13_c6,docstructbench_llm-raw-scihub-o.O-j.physletb.2004.11.060.pdf_2_p2_c3",1,True,1.0
What year was the study by Westgaard and Winkel published?,5,docstructbench_llm-raw-scihub-o.O-j.ergon.2004.09.009.pdf_13_p13_c5,"docstructbench_llm-raw-scihub-o.O-j.ergon.2004.09.009.pdf_13_p13_c5,docstructbench_llm-raw-scihub-o.O-j.ergon.2004.09.009.pdf_13_p13_c6,docstructbench_llm-raw-scihub-o.O-j.physletb.2004.11.060.pdf_2_p2_c3,scihub_bloodadvances.2019030924.pdf_3_p3_c8,docstructbench_llm-raw-scihub-o.O-j.ab.2007.11.016.pdf_5_p5_c0",1,True,1.0
Which year did Winkel publish the guidelines for occupational musculoskeletal load?,1,docstructbench_llm-raw-scihub-o.O-j.ergon.2004.09.009.pdf_13_p13_c6,docstructbench_llm-raw-scihub-o.O-j.ergon.2004.09.009.pdf_13_p13_c5,0,False,0.0
Which year did Winkel publish the guidelines for occupational musculoskeletal load?,3,docstructbench_llm-raw-scihub-o.O-j.ergon.2004.09.009.pdf_13_p13_c6,"docstructbench_llm-raw-scihub-o.O-j.ergon.2004.09.009.pdf_13_p13_c5,docstructbench_llm-raw-scihub-o.O-j.ergon.2004.09.009.pdf_13_p13_c6,docstructbench_llm-raw-scihub-o.O-j.ergon.2004.09.009.pdf_13_p13_c3",2,True,1.0
Which year did Winkel publish the guidelines for occupational musculoskeletal load?,5,docstructbench_llm-raw-scihub-o.O-j.ergon.2004.09.009.pdf_13_p13_c6,"docstructbench_llm-raw-scihub-o.O-j.ergon.2004.09.009.pdf_13_p13_c5,docstructbench_llm-raw-scihub-o.O-j.ergon.2004.09.009.pdf_13_p13_c6,docstructbench_llm-raw-scihub-o.O-j.ergon.2004.09.009.pdf_13_p13_c3,docstructbench_llm-raw-scihub-o.O-j.ergon.2004.09.009.pdf_13_p13_c4,docstructbench_llm-raw-scihub-o.O-j.ergon.2004.09.009.pdf_13_p13_c0",2,True,1.0
What is the title of the document fragment?,1,scihub_prrv.2001.0150.pdf_0_p0_c0,yanbaopptmerge_0c79d327060dbf9f1582d03c235dadb039533a19091d2c0d24f2ad95d267f79b.pdf_2_p2_c3,0,False,0.0
What is the title of the document fragment?,3,scihub_prrv.2001.0150.pdf_0_p0_c0,"yanbaopptmerge_0c79d327060dbf9f1582d03c235dadb039533a19091d2c0d24f2ad95d267f79b.pdf_2_p2_c3,eastmoney_dcf347592d4160dffacffdf00a9c39aa75cf9859205a7543c283d1df8bb14f90.pdf_1_p1_c0,jiaocaineedrop_Chapter9.pdf_46_p46_c0",0,False,0.0
What is the title of the document fragment?,5,scihub_prrv.2001.0150.pdf_0_p0_c0,"yanbaopptmerge_0c79d327060dbf9f1582d03c235dadb039533a19091d2c0d24f2ad95d267f79b.pdf_2_p2_c3,eastmoney_dcf347592d4160dffacffdf00a9c39aa75cf9859205a7543c283d1df8bb14f90.pdf_1_p1_c0,jiaocaineedrop_Chapter9.pdf_46_p46_c0,yanbaor2_ey-better-pension-outcomes-reimagined-20180926.pdf_1_p1_c0,yanbaopptmerge_5473246b8da789b9bfdeef53a70c4d72afd480415d5cbcedb83d105856710328.pdf_8_p8_c0",0,False,0.0
Which diseases allow for accurate pre-natal testing?,1,scihub_prrv.2001.0150.pdf_0_p0_c1,scihub_prrv.2001.0150.pdf_0_p0_c2,0,False,0.0
Which diseases allow for accurate pre-natal testing?,3,scihub_prrv.2001.0150.pdf_0_p0_c1,"scihub_prrv.2001.0150.pdf_0_p0_c2,scihub_prrv.2001.0150.pdf_0_p0_c1,scihub_prrv.2001.0150.pdf_0_p0_c4",2,True,1.0
Which diseases allow for accurate pre-natal testing?,5,scihub_prrv.2001.0150.pdf_0_p0_c1,"scihub_prrv.2001.0150.pdf_0_p0_c2,scihub_prrv.2001.0150.pdf_0_p0_c1,scihub_prrv.2001.0150.pdf_0_p0_c4,scihub_bloodadvances.2019030924.pdf_3_p3_c5,scihub_bloodadvances.2019030924.pdf_3_p3_c8",2,True,1.0
What are examples of diseases where pre-natal testing is possible due to identified genes?,1,scihub_prrv.2001.0150.pdf_0_p0_c2,scihub_prrv.2001.0150.pdf_0_p0_c2,1,True,1.0
What are examples of diseases where pre-natal testing is possible due to identified genes?,3,scihub_prrv.2001.0150.pdf_0_p0_c2,"scihub_prrv.2001.0150.pdf_0_p0_c2,scihub_prrv.2001.0150.pdf_0_p0_c1,scihub_prrv.2001.0150.pdf_0_p0_c4",1,True,1.0
What are examples of diseases where pre-natal testing is possible due to identified genes?,5,scihub_prrv.2001.0150.pdf_0_p0_c2,"scihub_prrv.2001.0150.pdf_0_p0_c2,scihub_prrv.2001.0150.pdf_0_p0_c1,scihub_prrv.2001.0150.pdf_0_p0_c4,scihub_prrv.2001.0150.pdf_0_p0_c5,scihub_prrv.2001.0150.pdf_0_p0_c3",1,True,1.0
What is the ultimate hope in diseases where the environment cannot be manipulated?,1,scihub_prrv.2001.0150.pdf_0_p0_c3,scihub_prrv.2001.0150.pdf_0_p0_c3,1,True,1.0
What is the ultimate hope in diseases where the environment cannot be manipulated?,3,scihub_prrv.2001.0150.pdf_0_p0_c3,"scihub_prrv.2001.0150.pdf_0_p0_c3,scihub_prrv.2001.0150.pdf_0_p0_c2,scihub_prrv.2001.0150.pdf_0_p0_c4",1,True,1.0
What is the ultimate hope in diseases where the environment cannot be manipulated?,5,scihub_prrv.2001.0150.pdf_0_p0_c3,"scihub_prrv.2001.0150.pdf_0_p0_c3,scihub_prrv.2001.0150.pdf_0_p0_c2,scihub_prrv.2001.0150.pdf_0_p0_c4,jiaocaineedrop_jiaocai_needrop_en_2884_p2884_c0,scihub_prrv.2001.0150.pdf_0_p0_c1",1,True,1.0
What gene polymorphism is linked to disease severity in respiratory syncitial virus-mediated disease?,1,scihub_prrv.2001.0150.pdf_0_p0_c4,scihub_prrv.2001.0150.pdf_0_p0_c5,0,False,0.0
What gene polymorphism is linked to disease severity in respiratory syncitial virus-mediated disease?,3,scihub_prrv.2001.0150.pdf_0_p0_c4,"scihub_prrv.2001.0150.pdf_0_p0_c5,scihub_prrv.2001.0150.pdf_0_p0_c4,scihub_prrv.2001.0150.pdf_0_p0_c0",2,True,1.0
What gene polymorphism is linked to disease severity in respiratory syncitial virus-mediated disease?,5,scihub_prrv.2001.0150.pdf_0_p0_c4,"scihub_prrv.2001.0150.pdf_0_p0_c5,scihub_prrv.2001.0150.pdf_0_p0_c4,scihub_prrv.2001.0150.pdf_0_p0_c0,scihub_bloodadvances.2019030924.pdf_3_p3_c2,scihub_bloodadvances.2019030924.pdf_3_p3_c8",2,True,1.0
Which disease is used as the paradigm for gene therapy in respiratory disease?,1,scihub_prrv.2001.0150.pdf_0_p0_c5,scihub_prrv.2001.0150.pdf_0_p0_c5,1,True,1.0
Which disease is used as the paradigm for gene therapy in respiratory disease?,3,scihub_prrv.2001.0150.pdf_0_p0_c5,"scihub_prrv.2001.0150.pdf_0_p0_c5,scihub_prrv.2001.0150.pdf_0_p0_c0,scihub_prrv.2001.0150.pdf_0_p0_c1",1,True,1.0
Which disease is used as the paradigm for gene therapy in respiratory disease?,5,scihub_prrv.2001.0150.pdf_0_p0_c5,"scihub_prrv.2001.0150.pdf_0_p0_c5,scihub_prrv.2001.0150.pdf_0_p0_c0,scihub_prrv.2001.0150.pdf_0_p0_c1,scihub_prrv.2001.0150.pdf_0_p0_c3,scihub_prrv.2001.0150.pdf_0_p0_c4",1,True,1.0
What is the email address of Dr. Adam Jaffé?,1,scihub_prrv.2001.0150.pdf_0_p0_c6,scihub_prrv.2001.0150.pdf_0_p0_c6,1,True,1.0
What is the email address of Dr. Adam Jaffé?,3,scihub_prrv.2001.0150.pdf_0_p0_c6,"scihub_prrv.2001.0150.pdf_0_p0_c6,scihub_prrv.2001.0150.pdf_0_p0_c5,newspaper_b95d1d8eb0d756cc94a5d8b5db3cf69b_1_p1_c0",1,True,1.0
What is the email address of Dr. Adam Jaffé?,5,scihub_prrv.2001.0150.pdf_0_p0_c6,"scihub_prrv.2001.0150.pdf_0_p0_c6,scihub_prrv.2001.0150.pdf_0_p0_c5,newspaper_b95d1d8eb0d756cc94a5d8b5db3cf69b_1_p1_c0,yanbaopptmerge_5473246b8da789b9bfdeef53a70c4d72afd480415d5cbcedb83d105856710328.pdf_8_p8_c4,color_textbook_教材全解1+1二年级上册英语上海牛津版_page_067_p67_c2",1,True,1.0
对比论证的作用是什么？,1,yanbaopptmerge_yanbaoPPT_825_p825_c0,yanbaopptmerge_yanbaoPPT_825_p825_c0,1,True,1.0
对比论证的作用是什么？,3,yanbaopptmerge_yanbaoPPT_825_p825_c0,"yanbaopptmerge_yanbaoPPT_825_p825_c0,jiaocaineedrop_jiaocai_needrop_en_2193_p2193_c0,yanbaopptmerge_yanbaoPPT_6170_p6170_c0",1,True,1.0
对比论证的作用是什么？,5,yanbaopptmerge_yanbaoPPT_825_p825_c0,"yanbaopptmerge_yanbaoPPT_825_p825_c0,jiaocaineedrop_jiaocai_needrop_en_2193_p2193_c0,yanbaopptmerge_yanbaoPPT_6170_p6170_c0,jiaocaineedrop_jiaocai_needrop_en_2193_p2193_c1,jiaocaineedrop_jiaocai_needrop_en_377_p377_c3",1,True,1.0
Who is the photographer for the image of Marie-Philip Poulin?,1,newspaper_The Globe and Mail - 2025-1-8@magazinesclubnew_page_027_p27_c0,newspaper_The Globe and Mail - 2025-1-8@magazinesclubnew_page_027_p27_c0,1,True,1.0
Who is the photographer for the image of Marie-Philip Poulin?,3,newspaper_The Globe and Mail - 2025-1-8@magazinesclubnew_page_027_p27_c0,"newspaper_The Globe and Mail - 2025-1-8@magazinesclubnew_page_027_p27_c0,newspaper_The Globe and Mail - 2025-1-8@magazinesclubnew_page_027_p27_c2,newspaper_The Globe and Mail - 2025-1-8@magazinesclubnew_page_027_p27_c3",1,True,1.0
Who is the photographer for the image of Marie-Philip Poulin?,5,newspaper_The Globe and Mail - 2025-1-8@magazinesclubnew_page_027_p27_c0,"newspaper_The Globe and Mail - 2025-1-8@magazinesclubnew_page_027_p27_c0,newspaper_The Globe and Mail - 2025-1-8@magazinesclubnew_page_027_p27_c2,newspaper_The Globe and Mail - 2025-1-8@magazinesclubnew_page_027_p27_c3,newspaper_The Globe and Mail - 2025-1-8@magazinesclubnew_page_027_p27_c1,color_textbook_教材全解1+1二年级上册英语上海牛津版_page_067_p67_c2",1,True,1.0
Where did Poulin play her first Olympic hockey game?,1,newspaper_The Globe and Mail - 2025-1-8@magazinesclubnew_page_027_p27_c1,newspaper_The Globe and Mail - 2025-1-8@magazinesclubnew_page_027_p27_c1,1,True,1.0
Where did Poulin play her first Olympic hockey game?,3,newspaper_The Globe and Mail - 2025-1-8@magazinesclubnew_page_027_p27_c1,"newspaper_The Globe and Mail - 2025-1-8@magazinesclubnew_page_027_p27_c1,newspaper_The Globe and Mail - 2025-1-8@magazinesclubnew_page_027_p27_c0,newspaper_The Globe and Mail - 2025-1-8@magazinesclubnew_page_027_p27_c2",1,True,1.0
Where did Poulin play her first Olympic hockey game?,5,newspaper_The Globe and Mail - 2025-1-8@magazinesclubnew_page_027_p27_c1,"newspaper_The Globe and Mail - 2025-1-8@magazinesclubnew_page_027_p27_c1,newspaper_The Globe and Mail - 2025-1-8@magazinesclubnew_page_027_p27_c0,newspaper_The Globe and Mail - 2025-1-8@magazinesclubnew_page_027_p27_c2,newspaper_The Globe and Mail - 2025-1-8@magazinesclubnew_page_027_p27_c3,newspaper_The Globe and Mail - 2025-1-8@magazinesclubnew_page_014_p14_c3",1,True,1.0
Which team had a record of 3-2-1-1 according to the document fragment?,1,newspaper_The Globe and Mail - 2025-1-8@magazinesclubnew_page_027_p27_c2,newspaper_The Globe and Mail - 2025-1-8@magazinesclubnew_page_014_p14_c11,0,False,0.0
Which team had a record of 3-2-1-1 according to the document fragment?,3,newspaper_The Globe and Mail - 2025-1-8@magazinesclubnew_page_027_p27_c2,"newspaper_The Globe and Mail - 2025-1-8@magazinesclubnew_page_014_p14_c11,newspaper_The Globe and Mail - 2025-1-8@magazinesclubnew_page_014_p14_c16,newspaper_The Globe and Mail - 2025-1-8@magazinesclubnew_page_027_p27_c2",3,True,1.0
Which team had a record of 3-2-1-1 according to the document fragment?,5,newspaper_The Globe and Mail - 2025-1-8@magazinesclubnew_page_027_p27_c2,"newspaper_The Globe and Mail - 2025-1-8@magazinesclubnew_page_014_p14_c11,newspaper_The Globe and Mail - 2025-1-8@magazinesclubnew_page_014_p14_c16,newspaper_The Globe and Mail - 2025-1-8@magazinesclubnew_page_027_p27_c2,newspaper_Daily Mirror 2025-1-8@magazinesclubnew_page_058_p58_c3,newspaper_Daily Mirror 2025-1-8@magazinesclubnew_page_058_p58_c0",3,True,1.0
What is the main goal of the PWHL according to Poulin?,1,newspaper_The Globe and Mail - 2025-1-8@magazinesclubnew_page_027_p27_c3,newspaper_The Globe and Mail - 2025-1-8@magazinesclubnew_page_027_p27_c3,1,True,1.0
What is the main goal of the PWHL according to Poulin?,3,newspaper_The Globe and Mail - 2025-1-8@magazinesclubnew_page_027_p27_c3,"newspaper_The Globe and Mail - 2025-1-8@magazinesclubnew_page_027_p27_c3,newspaper_The Globe and Mail - 2025-1-8@magazinesclubnew_page_027_p27_c1,newspaper_The Globe and Mail - 2025-1-8@magazinesclubnew_page_027_p27_c0",1,True,1.0
What is the main goal of the PWHL according to Poulin?,5,newspaper_The Globe and Mail - 2025-1-8@magazinesclubnew_page_027_p27_c3,"newspaper_The Globe and Mail - 2025-1-8@magazinesclubnew_page_027_p27_c3,newspaper_The Globe and Mail - 2025-1-8@magazinesclubnew_page_027_p27_c1,newspaper_The Globe and Mail - 2025-1-8@magazinesclubnew_page_027_p27_c0,newspaper_The Globe and Mail - 2025-1-8@magazinesclubnew_page_027_p27_c2,newspaper_The Globe and Mail - 2025-1-8@magazinesclubnew_page_027_p27_c5",1,True,1.0
What factors are considered when evaluating future markets for the league?,1,newspaper_The Globe and Mail - 2025-1-8@magazinesclubnew_page_027_p27_c4,newspaper_The Globe and Mail - 2025-1-8@magazinesclubnew_page_027_p27_c4,1,True,1.0
What factors are considered when evaluating future markets for the league?,3,newspaper_The Globe and Mail - 2025-1-8@magazinesclubnew_page_027_p27_c4,"newspaper_The Globe and Mail - 2025-1-8@magazinesclubnew_page_027_p27_c4,newspaper_The Globe and Mail - 2025-1-8@magazinesclubnew_page_027_p27_c3,eastmoney_dcf347592d4160dffacffdf00a9c39aa75cf9859205a7543c283d1df8bb14f90.pdf_1_p1_c2",1,True,1.0
What factors are considered when evaluating future markets for the league?,5,newspaper_The Globe and Mail - 2025-1-8@magazinesclubnew_page_027_p27_c4,"newspaper_The Globe and Mail - 2025-1-8@magazinesclubnew_page_027_p27_c4,newspaper_The Globe and Mail - 2025-1-8@magazinesclubnew_page_027_p27_c3,eastmoney_dcf347592d4160dffacffdf00a9c39aa75cf9859205a7543c283d1df8bb14f90.pdf_1_p1_c2,eastmoney_dd8f39ced2188b907304224a635ad605689270486020c34636003e57018c01d8.pdf_2_p2_c0,yanbaor2_930d8c81854d7450cd35af7b050fed88e4e461b4f0ac0dab07e3232a4e703a06.pdf_14_p14_c1",1,True,1.0
What is the new PGA Tour Enterprises' funding source?,1,newspaper_The Globe and Mail - 2025-1-8@magazinesclubnew_page_027_p27_c5,newspaper_The Globe and Mail - 2025-1-8@magazinesclubnew_page_027_p27_c5,1,True,1.0
What is the new PGA Tour Enterprises' funding source?,3,newspaper_The Globe and Mail - 2025-1-8@magazinesclubnew_page_027_p27_c5,"newspaper_The Globe and Mail - 2025-1-8@magazinesclubnew_page_027_p27_c5,newspaper_The Globe and Mail - 2025-1-8@magazinesclubnew_page_027_p27_c7,newspaper_The Globe and Mail - 2025-1-8@magazinesclubnew_page_027_p27_c6",1,True,1.0
What is the new PGA Tour Enterprises' funding source?,5,newspaper_The Globe and Mail - 2025-1-8@magazinesclubnew_page_027_p27_c5,"newspaper_The Globe and Mail - 2025-1-8@magazinesclubnew_page_027_p27_c5,newspaper_The Globe and Mail - 2025-1-8@magazinesclubnew_page_027_p27_c7,newspaper_The Globe and Mail - 2025-1-8@magazinesclubnew_page_027_p27_c6,newspaper_The Globe and Mail - 2025-1-8@magazinesclubnew_page_027_p27_c8,newspaper_The Wall Street Journal - 2025-01-08@magazinesclubnew_page_018_p18_c18",1,True,1.0
What did Adam Scott say about the progress on integrating PGA Tour competitions with LIV Golf?,1,newspaper_The Globe and Mail - 2025-1-8@magazinesclubnew_page_027_p27_c6,newspaper_The Globe and Mail - 2025-1-8@magazinesclubnew_page_027_p27_c6,1,True,1.0
What did Adam Scott say about the progress on integrating PGA Tour competitions with LIV Golf?,3,newspaper_The Globe and Mail - 2025-1-8@magazinesclubnew_page_027_p27_c6,"newspaper_The Globe and Mail - 2025-1-8@magazinesclubnew_page_027_p27_c6,newspaper_The Globe and Mail - 2025-1-8@magazinesclubnew_page_027_p27_c8,newspaper_The Globe and Mail - 2025-1-8@magazinesclubnew_page_027_p27_c5",1,True,1.0
What did Adam Scott say about the progress on integrating PGA Tour competitions with LIV Golf?,5,newspaper_The Globe and Mail - 2025-1-8@magazinesclubnew_page_027_p27_c6,"newspaper_The Globe and Mail - 2025-1-8@magazinesclubnew_page_027_p27_c6,newspaper_The Globe and Mail - 2025-1-8@magazinesclubnew_page_027_p27_c8,newspaper_The Globe and Mail - 2025-1-8@magazinesclubnew_page_027_p27_c5,newspaper_The Globe and Mail - 2025-1-8@magazinesclubnew_page_027_p27_c7,newspaper_The Globe and Mail - 2025-1-8@magazinesclubnew_page_027_p27_c9",1,True,1.0
What does Scott think about the situation?,1,newspaper_The Globe and Mail - 2025-1-8@magazinesclubnew_page_027_p27_c7,newspaper_The Globe and Mail - 2025-1-8@magazinesclubnew_page_027_p27_c7,1,True,1.0
What does Scott think about the situation?,3,newspaper_The Globe and Mail - 2025-1-8@magazinesclubnew_page_027_p27_c7,"newspaper_The Globe and Mail - 2025-1-8@magazinesclubnew_page_027_p27_c7,newspaper_The Globe and Mail - 2025-1-8@magazinesclubnew_page_027_p27_c6,newspaper_The Globe and Mail - 2025-1-8@magazinesclubnew_page_027_p27_c8",1,True,1.0
What does Scott think about the situation?,5,newspaper_The Globe and Mail - 2025-1-8@magazinesclubnew_page_027_p27_c7,"newspaper_The Globe and Mail - 2025-1-8@magazinesclubnew_page_027_p27_c7,newspaper_The Globe and Mail - 2025-1-8@magazinesclubnew_page_027_p27_c6,newspaper_The Globe and Mail - 2025-1-8@magazinesclubnew_page_027_p27_c8,magazine_TheEconomist.2024.03.02_page_075_p75_c5,newspaper_The Globe and Mail - 2025-1-8@magazinesclubnew_page_027_p27_c5",1,True,1.0
What is the biggest question for golf fans according to the text?,1,newspaper_The Globe and Mail - 2025-1-8@magazinesclubnew_page_027_p27_c8,newspaper_The Globe and Mail - 2025-1-8@magazinesclubnew_page_027_p27_c8,1,True,1.0
What is the biggest question for golf fans according to the text?,3,newspaper_The Globe and Mail - 2025-1-8@magazinesclubnew_page_027_p27_c8,"newspaper_The Globe and Mail - 2025-1-8@magazinesclubnew_page_027_p27_c8,newspaper_The Globe and Mail - 2025-1-8@magazinesclubnew_page_027_p27_c6,newspaper_The Globe and Mail - 2025-1-8@magazinesclubnew_page_027_p27_c9",1,True,1.0
What is the biggest question for golf fans according to the text?,5,newspaper_The Globe and Mail - 2025-1-8@magazinesclubnew_page_027_p27_c8,"newspaper_The Globe and Mail - 2025-1-8@magazinesclubnew_page_027_p27_c8,newspaper_The Globe and Mail - 2025-1-8@magazinesclubnew_page_027_p27_c6,newspaper_The Globe and Mail - 2025-1-8@magazinesclubnew_page_027_p27_c9,newspaper_The Globe and Mail - 2025-1-8@magazinesclubnew_page_027_p27_c5,PPT_EnglishtoAmericanTransition_page_017_p17_c1",1,True,1.0
Which course in Michigan was added to LIV's schedule?,1,newspaper_The Globe and Mail - 2025-1-8@magazinesclubnew_page_027_p27_c9,newspaper_The Globe and Mail - 2025-1-8@magazinesclubnew_page_027_p27_c9,1,True,1.0
Which course in Michigan was added to LIV's schedule?,3,newspaper_The Globe and Mail - 2025-1-8@magazinesclubnew_page_027_p27_c9,"newspaper_The Globe and Mail - 2025-1-8@magazinesclubnew_page_027_p27_c9,newspaper_The Globe and Mail - 2025-1-8@magazinesclubnew_page_027_p27_c5,newspaper_The Globe and Mail - 2025-1-8@magazinesclubnew_page_027_p27_c6",1,True,1.0
Which course in Michigan was added to LIV's schedule?,5,newspaper_The Globe and Mail - 2025-1-8@magazinesclubnew_page_027_p27_c9,"newspaper_The Globe and Mail - 2025-1-8@magazinesclubnew_page_027_p27_c9,newspaper_The Globe and Mail - 2025-1-8@magazinesclubnew_page_027_p27_c5,newspaper_The Globe and Mail - 2025-1-8@magazinesclubnew_page_027_p27_c6,newspaper_The Globe and Mail - 2025-1-8@magazinesclubnew_page_014_p14_c4,newspaper_The Globe and Mail - 2025-1-8@magazinesclubnew_page_014_p14_c16",1,True,1.0
股票评级中增持的定义是什么？,1,eastmoney_dd8f39ced2188b907304224a635ad605689270486020c34636003e57018c01d8.pdf_2_p2_c0,eastmoney_dd8f39ced2188b907304224a635ad605689270486020c34636003e57018c01d8.pdf_2_p2_c0,1,True,1.0
股票评级中增持的定义是什么？,3,eastmoney_dd8f39ced2188b907304224a635ad605689270486020c34636003e57018c01d8.pdf_2_p2_c0,"eastmoney_dd8f39ced2188b907304224a635ad605689270486020c34636003e57018c01d8.pdf_2_p2_c0,yanbaopptmerge_5473246b8da789b9bfdeef53a70c4d72afd480415d5cbcedb83d105856710328.pdf_8_p8_c2,eastmoney_d2bb183f5254ede5760932ac3118524aa7eddad551935713b435541f1525c1ee.pdf_7_p7_c0",1,True,1.0
股票评级中增持的定义是什么？,5,eastmoney_dd8f39ced2188b907304224a635ad605689270486020c34636003e57018c01d8.pdf_2_p2_c0,"eastmoney_dd8f39ced2188b907304224a635ad605689270486020c34636003e57018c01d8.pdf_2_p2_c0,yanbaopptmerge_5473246b8da789b9bfdeef53a70c4d72afd480415d5cbcedb83d105856710328.pdf_8_p8_c2,eastmoney_d2bb183f5254ede5760932ac3118524aa7eddad551935713b435541f1525c1ee.pdf_7_p7_c0,eastmoney_dcf347592d4160dffacffdf00a9c39aa75cf9859205a7543c283d1df8bb14f90.pdf_1_p1_c2,yanbaopptmerge_2f4902871606698497c53ccb18d3fec2f83d05047d883cd65bbce26bfb27bcd2.pdf_1_p1_c3",1,True,1.0
哪些市场以特定指数为基准？,1,eastmoney_dd8f39ced2188b907304224a635ad605689270486020c34636003e57018c01d8.pdf_2_p2_c1,eastmoney_dcf347592d4160dffacffdf00a9c39aa75cf9859205a7543c283d1df8bb14f90.pdf_1_p1_c3,0,False,0.0
哪些市场以特定指数为基准？,3,eastmoney_dd8f39ced2188b907304224a635ad605689270486020c34636003e57018c01d8.pdf_2_p2_c1,"eastmoney_dcf347592d4160dffacffdf00a9c39aa75cf9859205a7543c283d1df8bb14f90.pdf_1_p1_c3,eastmoney_dd8f39ced2188b907304224a635ad605689270486020c34636003e57018c01d8.pdf_2_p2_c1,eastmoney_dd8f39ced2188b907304224a635ad605689270486020c34636003e57018c01d8.pdf_2_p2_c0",2,True,1.0
哪些市场以特定指数为基准？,5,eastmoney_dd8f39ced2188b907304224a635ad605689270486020c34636003e57018c01d8.pdf_2_p2_c1,"eastmoney_dcf347592d4160dffacffdf00a9c39aa75cf9859205a7543c283d1df8bb14f90.pdf_1_p1_c3,eastmoney_dd8f39ced2188b907304224a635ad605689270486020c34636003e57018c01d8.pdf_2_p2_c1,eastmoney_dd8f39ced2188b907304224a635ad605689270486020c34636003e57018c01d8.pdf_2_p2_c0,eastmoney_dcf347592d4160dffacffdf00a9c39aa75cf9859205a7543c283d1df8bb14f90.pdf_1_p1_c2,yanbaopptmerge_0c79d327060dbf9f1582d03c235dadb039533a19091d2c0d24f2ad95d267f79b.pdf_2_p2_c1",2,True,1.0
哪些机构可能在报告发布前已使用其中信息？,1,eastmoney_dd8f39ced2188b907304224a635ad605689270486020c34636003e57018c01d8.pdf_2_p2_c2,eastmoney_dd8f39ced2188b907304224a635ad605689270486020c34636003e57018c01d8.pdf_2_p2_c2,1,True,1.0
哪些机构可能在报告发布前已使用其中信息？,3,eastmoney_dd8f39ced2188b907304224a635ad605689270486020c34636003e57018c01d8.pdf_2_p2_c2,"eastmoney_dd8f39ced2188b907304224a635ad605689270486020c34636003e57018c01d8.pdf_2_p2_c2,eastmoney_dd8f39ced2188b907304224a635ad605689270486020c34636003e57018c01d8.pdf_2_p2_c1,yanbaopptmerge_0c79d327060dbf9f1582d03c235dadb039533a19091d2c0d24f2ad95d267f79b.pdf_2_p2_c2",1,True,1.0
哪些机构可能在报告发布前已使用其中信息？,5,eastmoney_dd8f39ced2188b907304224a635ad605689270486020c34636003e57018c01d8.pdf_2_p2_c2,"eastmoney_dd8f39ced2188b907304224a635ad605689270486020c34636003e57018c01d8.pdf_2_p2_c2,eastmoney_dd8f39ced2188b907304224a635ad605689270486020c34636003e57018c01d8.pdf_2_p2_c1,yanbaopptmerge_0c79d327060dbf9f1582d03c235dadb039533a19091d2c0d24f2ad95d267f79b.pdf_2_p2_c2,eastmoney_d2bb183f5254ede5760932ac3118524aa7eddad551935713b435541f1525c1ee.pdf_7_p7_c1,yanbaopptmerge_0c79d327060dbf9f1582d03c235dadb039533a19091d2c0d24f2ad95d267f79b.pdf_2_p2_c3",1,True,1.0
蒋诗烽的职务是什么？,1,eastmoney_8b3e01e3cd92a034f45945887a5170602774a8480effda5bd791451578a93b7d.pdf_5_p5_c0,eastmoney_8b3e01e3cd92a034f45945887a5170602774a8480effda5bd791451578a93b7d.pdf_5_p5_c0,1,True,1.0
蒋诗烽的职务是什么？,3,eastmoney_8b3e01e3cd92a034f45945887a5170602774a8480effda5bd791451578a93b7d.pdf_5_p5_c0,"eastmoney_8b3e01e3cd92a034f45945887a5170602774a8480effda5bd791451578a93b7d.pdf_5_p5_c0,newspaper_0b1bb8d03b4287eb95f67b68c2cf9f92_1_p1_c13,newspaper_0b1bb8d03b4287eb95f67b68c2cf9f92_1_p1_c18",1,True,1.0
蒋诗烽的职务是什么？,5,eastmoney_8b3e01e3cd92a034f45945887a5170602774a8480effda5bd791451578a93b7d.pdf_5_p5_c0,"eastmoney_8b3e01e3cd92a034f45945887a5170602774a8480effda5bd791451578a93b7d.pdf_5_p5_c0,newspaper_0b1bb8d03b4287eb95f67b68c2cf9f92_1_p1_c13,newspaper_0b1bb8d03b4287eb95f67b68c2cf9f92_1_p1_c18,newspaper_0b1bb8d03b4287eb95f67b68c2cf9f92_1_p1_c14,newspaper_0b1bb8d03b4287eb95f67b68c2cf9f92_1_p1_c10",1,True,1.0
What is the email address for 李煜?,1,eastmoney_8b3e01e3cd92a034f45945887a5170602774a8480effda5bd791451578a93b7d.pdf_5_p5_c1,eastmoney_8b3e01e3cd92a034f45945887a5170602774a8480effda5bd791451578a93b7d.pdf_5_p5_c2,0,False,0.0
What is the email address for 李煜?,3,eastmoney_8b3e01e3cd92a034f45945887a5170602774a8480effda5bd791451578a93b7d.pdf_5_p5_c1,"eastmoney_8b3e01e3cd92a034f45945887a5170602774a8480effda5bd791451578a93b7d.pdf_5_p5_c2,eastmoney_8b3e01e3cd92a034f45945887a5170602774a8480effda5bd791451578a93b7d.pdf_5_p5_c1,newspaper_eb569707cf5621d4c71d5898216cdb17_1_p1_c0",2,True,1.0
What is the email address for 李煜?,5,eastmoney_8b3e01e3cd92a034f45945887a5170602774a8480effda5bd791451578a93b7d.pdf_5_p5_c1,"eastmoney_8b3e01e3cd92a034f45945887a5170602774a8480effda5bd791451578a93b7d.pdf_5_p5_c2,eastmoney_8b3e01e3cd92a034f45945887a5170602774a8480effda5bd791451578a93b7d.pdf_5_p5_c1,newspaper_eb569707cf5621d4c71d5898216cdb17_1_p1_c0,newspaper_e62730aaeb9b509119e0c3699ac18201_1_p1_c0,newspaper_35bdaa11dec104ccbdc9e19ac8527d21_1_p1_c0",2,True,1.0
What is the email address for 李杨?,1,eastmoney_8b3e01e3cd92a034f45945887a5170602774a8480effda5bd791451578a93b7d.pdf_5_p5_c2,eastmoney_8b3e01e3cd92a034f45945887a5170602774a8480effda5bd791451578a93b7d.pdf_5_p5_c2,1,True,1.0
What is the email address for 李杨?,3,eastmoney_8b3e01e3cd92a034f45945887a5170602774a8480effda5bd791451578a93b7d.pdf_5_p5_c2,"eastmoney_8b3e01e3cd92a034f45945887a5170602774a8480effda5bd791451578a93b7d.pdf_5_p5_c2,newspaper_b95d1d8eb0d756cc94a5d8b5db3cf69b_1_p1_c0,eastmoney_8b3e01e3cd92a034f45945887a5170602774a8480effda5bd791451578a93b7d.pdf_5_p5_c4",1,True,1.0
What is the email address for 李杨?,5,eastmoney_8b3e01e3cd92a034f45945887a5170602774a8480effda5bd791451578a93b7d.pdf_5_p5_c2,"eastmoney_8b3e01e3cd92a034f45945887a5170602774a8480effda5bd791451578a93b7d.pdf_5_p5_c2,newspaper_b95d1d8eb0d756cc94a5d8b5db3cf69b_1_p1_c0,eastmoney_8b3e01e3cd92a034f45945887a5170602774a8480effda5bd791451578a93b7d.pdf_5_p5_c4,yanbaopptmerge_5473246b8da789b9bfdeef53a70c4d72afd480415d5cbcedb83d105856710328.pdf_8_p8_c4,newspaper_e62730aaeb9b509119e0c3699ac18201_1_p1_c0",1,True,1.0
What is the email address for郑龑?,1,eastmoney_8b3e01e3cd92a034f45945887a5170602774a8480effda5bd791451578a93b7d.pdf_5_p5_c3,eastmoney_8b3e01e3cd92a034f45945887a5170602774a8480effda5bd791451578a93b7d.pdf_5_p5_c4,0,False,0.0
What is the email address for郑龑?,3,eastmoney_8b3e01e3cd92a034f45945887a5170602774a8480effda5bd791451578a93b7d.pdf_5_p5_c3,"eastmoney_8b3e01e3cd92a034f45945887a5170602774a8480effda5bd791451578a93b7d.pdf_5_p5_c4,eastmoney_8b3e01e3cd92a034f45945887a5170602774a8480effda5bd791451578a93b7d.pdf_5_p5_c3,yanbaopptmerge_5473246b8da789b9bfdeef53a70c4d72afd480415d5cbcedb83d105856710328.pdf_8_p8_c4",2,True,1.0
What is the email address for郑龑?,5,eastmoney_8b3e01e3cd92a034f45945887a5170602774a8480effda5bd791451578a93b7d.pdf_5_p5_c3,"eastmoney_8b3e01e3cd92a034f45945887a5170602774a8480effda5bd791451578a93b7d.pdf_5_p5_c4,eastmoney_8b3e01e3cd92a034f45945887a5170602774a8480effda5bd791451578a93b7d.pdf_5_p5_c3,yanbaopptmerge_5473246b8da789b9bfdeef53a70c4d72afd480415d5cbcedb83d105856710328.pdf_8_p8_c4,newspaper_e62730aaeb9b509119e0c3699ac18201_1_p1_c0,jiaocaineedrop_jiaocai_needrop_en_453_p453_c4",2,True,1.0
体育包括哪些要素？,1,jiaocaineedrop_jiaocai_needrop_en_237_p237_c0,jiaocaineedrop_jiaocai_needrop_en_237_p237_c1,0,False,0.0
体育包括哪些要素？,3,jiaocaineedrop_jiaocai_needrop_en_237_p237_c0,"jiaocaineedrop_jiaocai_needrop_en_237_p237_c1,jiaocaineedrop_jiaocai_needrop_en_237_p237_c0,jiaocaineedrop_jiaocai_needrop_en_237_p237_c2",2,True,1.0
体育包括哪些要素？,5,jiaocaineedrop_jiaocai_needrop_en_237_p237_c0,"jiaocaineedrop_jiaocai_needrop_en_237_p237_c1,jiaocaineedrop_jiaocai_needrop_en_237_p237_c0,jiaocaineedrop_jiaocai_needrop_en_237_p237_c2,jiaocaineedrop_jiaocai_needrop_en_1836_p1836_c1,jiaocaineedrop_jiaocai_needrop_en_1836_p1836_c0",2,True,1.0
倡议书中提到的体育活动目的是提高学生的什么？,1,jiaocaineedrop_jiaocai_needrop_en_237_p237_c1,jiaocaineedrop_jiaocai_needrop_en_237_p237_c1,1,True,1.0
倡议书中提到的体育活动目的是提高学生的什么？,3,jiaocaineedrop_jiaocai_needrop_en_237_p237_c1,"jiaocaineedrop_jiaocai_needrop_en_237_p237_c1,jiaocaineedrop_jiaocai_needrop_en_237_p237_c2,jiaocaineedrop_jiaocai_needrop_en_3274_p3274_c0",1,True,1.0
倡议书中提到的体育活动目的是提高学生的什么？,5,jiaocaineedrop_jiaocai_needrop_en_237_p237_c1,"jiaocaineedrop_jiaocai_needrop_en_237_p237_c1,jiaocaineedrop_jiaocai_needrop_en_237_p237_c2,jiaocaineedrop_jiaocai_needrop_en_3274_p3274_c0,jiaocaineedrop_jiaocai_needrop_en_1836_p1836_c1,jiaocaineedrop_jiaocai_needrop_en_237_p237_c0",1,True,1.0
雏燕展翅竞飞跃，___。,1,jiaocaineedrop_jiaocai_needrop_en_237_p237_c2,jiaocaineedrop_jiaocai_needrop_en_237_p237_c2,1,True,1.0
雏燕展翅竞飞跃，___。,3,jiaocaineedrop_jiaocai_needrop_en_237_p237_c2,"jiaocaineedrop_jiaocai_needrop_en_237_p237_c2,jiaocaineedrop_jiaocai_needrop_en_237_p237_c1,color_textbook_zhonggaokao_小学_KET听说读写逐项突破_KET听说读写逐项突破之轻松搞定KET写作25分 【10讲 褚连一】_第10讲第十课写作Part9小作文练习_第十课写作Part9小作文练习_page_010_p10_c2",1,True,1.0
雏燕展翅竞飞跃，___。,5,jiaocaineedrop_jiaocai_needrop_en_237_p237_c2,"jiaocaineedrop_jiaocai_needrop_en_237_p237_c2,jiaocaineedrop_jiaocai_needrop_en_237_p237_c1,color_textbook_zhonggaokao_小学_KET听说读写逐项突破_KET听说读写逐项突破之轻松搞定KET写作25分 【10讲 褚连一】_第10讲第十课写作Part9小作文练习_第十课写作Part9小作文练习_page_010_p10_c2,color_textbook_zhonggaokao_小学_KET听说读写逐项突破_KET听说读写逐项突破之轻松搞定KET写作25分 【10讲 褚连一】_第10讲第十课写作Part9小作文练习_第十课写作Part9小作文练习_page_010_p10_c3,jiaocaineedrop_jiaocai_needrop_en_1836_p1836_c1",1,True,1.0
Which country's economy withstood the shock of the war next door in 2023?,1,magazine_TheEconomist.2023.12.23_page_012_p12_c0,magazine_TheEconomist.2023.12.23_page_012_p12_c0,1,True,1.0
Which country's economy withstood the shock of the war next door in 2023?,3,magazine_TheEconomist.2023.12.23_page_012_p12_c0,"magazine_TheEconomist.2023.12.23_page_012_p12_c0,magazine_TheEconomist.2023.12.23_page_012_p12_c2,magazine_TheEconomist.2024.03.02_page_032_p32_c0",1,True,1.0
Which country's economy withstood the shock of the war next door in 2023?,5,magazine_TheEconomist.2023.12.23_page_012_p12_c0,"magazine_TheEconomist.2023.12.23_page_012_p12_c0,magazine_TheEconomist.2023.12.23_page_012_p12_c2,magazine_TheEconomist.2024.03.02_page_032_p32_c0,magazine_TheEconomist.2023.12.23_page_024_p24_c0,newspaper_The Globe and Mail - 2025-1-8@magazinesclubnew_page_018_p18_c3",1,True,1.0
Which party was ousted by voters in October?,1,magazine_TheEconomist.2023.12.23_page_012_p12_c1,magazine_TheEconomist.2023.12.23_page_012_p12_c1,1,True,1.0
Which party was ousted by voters in October?,3,magazine_TheEconomist.2023.12.23_page_012_p12_c1,"magazine_TheEconomist.2023.12.23_page_012_p12_c1,newspaper_The Globe and Mail - 2025-1-8@magazinesclubnew_page_014_p14_c16,magazine_TheEconomist.2024.03.02_page_032_p32_c8",1,True,1.0
Which party was ousted by voters in October?,5,magazine_TheEconomist.2023.12.23_page_012_p12_c1,"magazine_TheEconomist.2023.12.23_page_012_p12_c1,newspaper_The Globe and Mail - 2025-1-8@magazinesclubnew_page_014_p14_c16,magazine_TheEconomist.2024.03.02_page_032_p32_c8,magazine_TheEconomist.2024.03.02_page_032_p32_c4,newspaper_The Globe and Mail - 2025-1-8@magazinesclubnew_page_018_p18_c19",1,True,1.0
Which port did Greece sell to a Chinese firm?,1,magazine_TheEconomist.2023.12.23_page_012_p12_c2,magazine_TheEconomist.2023.12.23_page_012_p12_c2,1,True,1.0
Which port did Greece sell to a Chinese firm?,3,magazine_TheEconomist.2023.12.23_page_012_p12_c2,"magazine_TheEconomist.2023.12.23_page_012_p12_c2,newspaper_The Globe and Mail - 2025-1-8@magazinesclubnew_page_014_p14_c4,newspaper_35bdaa11dec104ccbdc9e19ac8527d21_1_p1_c2",1,True,1.0
Which port did Greece sell to a Chinese firm?,5,magazine_TheEconomist.2023.12.23_page_012_p12_c2,"magazine_TheEconomist.2023.12.23_page_012_p12_c2,newspaper_The Globe and Mail - 2025-1-8@magazinesclubnew_page_014_p14_c4,newspaper_35bdaa11dec104ccbdc9e19ac8527d21_1_p1_c2,magazine_TheEconomist.2023.12.23_page_012_p12_c3,notes_1ba14cb325bc448f7201b20502ecf2b5_118_p118_c0",1,True,1.0
What is Greece's stance towards Russia according to the text?,1,magazine_TheEconomist.2023.12.23_page_012_p12_c3,magazine_TheEconomist.2023.12.23_page_012_p12_c2,0,False,0.0
What is Greece's stance towards Russia according to the text?,3,magazine_TheEconomist.2023.12.23_page_012_p12_c3,"magazine_TheEconomist.2023.12.23_page_012_p12_c2,magazine_TheEconomist.2023.12.23_page_012_p12_c3,newspaper_The Globe and Mail - 2025-1-8@magazinesclubnew_page_014_p14_c3",2,True,1.0
What is Greece's stance towards Russia according to the text?,5,magazine_TheEconomist.2023.12.23_page_012_p12_c3,"magazine_TheEconomist.2023.12.23_page_012_p12_c2,magazine_TheEconomist.2023.12.23_page_012_p12_c3,newspaper_The Globe and Mail - 2025-1-8@magazinesclubnew_page_014_p14_c3,newspaper_The Globe and Mail - 2025-1-8@magazinesclubnew_page_014_p14_c16,magazine_TheEconomist.2023.12.23_page_012_p12_c1",2,True,1.0
What new technologies are being used to improve logistics?,1,magazine_TheEconomist.2023.12.23_page_012_p12_c4,magazine_TheEconomist.2023.12.23_page_012_p12_c4,1,True,1.0
What new technologies are being used to improve logistics?,3,magazine_TheEconomist.2023.12.23_page_012_p12_c4,"magazine_TheEconomist.2023.12.23_page_012_p12_c4,magazine_TheEconomist.2023.12.23_page_012_p12_c5,magazine_TheEconomist.2023.12.23_page_012_p12_c6",1,True,1.0
What new technologies are being used to improve logistics?,5,magazine_TheEconomist.2023.12.23_page_012_p12_c4,"magazine_TheEconomist.2023.12.23_page_012_p12_c4,magazine_TheEconomist.2023.12.23_page_012_p12_c5,magazine_TheEconomist.2023.12.23_page_012_p12_c6,magazine_TheEconomist.2023.12.23_page_012_p12_c9,newspaper_The Globe and Mail - 2025-1-8@magazinesclubnew_page_027_p27_c5",1,True,1.0
"Which company is mentioned as printing 150,000 spare parts?",1,magazine_TheEconomist.2023.12.23_page_012_p12_c5,magazine_TheEconomist.2023.12.23_page_012_p12_c5,1,True,1.0
"Which company is mentioned as printing 150,000 spare parts?",3,magazine_TheEconomist.2023.12.23_page_012_p12_c5,"magazine_TheEconomist.2023.12.23_page_012_p12_c5,magazine_TheEconomist.2023.11.18_page_071_p71_c2,yanbaor2_bfe5f11c4ad2e94d966ef6801dc992816f42c9150e2be42b008c95f59713e901.pdf_137_p137_c1",1,True,1.0
"Which company is mentioned as printing 150,000 spare parts?",5,magazine_TheEconomist.2023.12.23_page_012_p12_c5,"magazine_TheEconomist.2023.12.23_page_012_p12_c5,magazine_TheEconomist.2023.11.18_page_071_p71_c2,yanbaor2_bfe5f11c4ad2e94d966ef6801dc992816f42c9150e2be42b008c95f59713e901.pdf_137_p137_c1,yanbaopptmerge_2f4902871606698497c53ccb18d3fec2f83d05047d883cd65bbce26bfb27bcd2.pdf_1_p1_c1,magazine_TheEconomist.2023.12.23_page_012_p12_c6",1,True,1.0
What holiday is mentioned in relation to broken toys?,1,magazine_TheEconomist.2023.12.23_page_012_p12_c6,magazine_TheEconomist.2023.12.23_page_012_p12_c6,1,True,1.0
What holiday is mentioned in relation to broken toys?,3,magazine_TheEconomist.2023.12.23_page_012_p12_c6,"magazine_TheEconomist.2023.12.23_page_012_p12_c6,magazine_TheEconomist.2023.12.23_page_012_p12_c7,magazine_TheEconomist.2023.12.23_page_012_p12_c3",1,True,1.0
What holiday is mentioned in relation to broken toys?,5,magazine_TheEconomist.2023.12.23_page_012_p12_c6,"magazine_TheEconomist.2023.12.23_page_012_p12_c6,magazine_TheEconomist.2023.12.23_page_012_p12_c7,magazine_TheEconomist.2023.12.23_page_012_p12_c3,newspaper_The Globe and Mail - 2025-1-8@magazinesclubnew_page_014_p14_c9,color_textbook_zhonggaokao_小学_13.人教新起点英语（4-5年级）_人教新起点五年级英语下册_课本_人教新起点英语5B电子课本_page_034_p34_c0",1,True,1.0
What does ClausGPT help with in the document fragment?,1,magazine_TheEconomist.2023.12.23_page_012_p12_c7,magazine_TheEconomist.2023.12.23_page_012_p12_c6,0,False,0.0
What does ClausGPT help with in the document fragment?,3,magazine_TheEconomist.2023.12.23_page_012_p12_c7,"magazine_TheEconomist.2023.12.23_page_012_p12_c6,magazine_TheEconomist.2023.12.23_page_012_p12_c7,magazine_TheEconomist.2023.11.25_page_069_p69_c0",2,True,1.0
What does ClausGPT help with in the document fragment?,5,magazine_TheEconomist.2023.12.23_page_012_p12_c7,"magazine_TheEconomist.2023.12.23_page_012_p12_c6,magazine_TheEconomist.2023.12.23_page_012_p12_c7,magazine_TheEconomist.2023.11.25_page_069_p69_c0,yanbaopptmerge_5473246b8da789b9bfdeef53a70c4d72afd480415d5cbcedb83d105856710328.pdf_8_p8_c0,jiaocaineedrop_jiaocai_needrop_en_1836_p1836_c0",2,True,1.0
What is the main benefit of using RISC-V architecture for microchips?,1,magazine_TheEconomist.2023.12.23_page_012_p12_c8,magazine_TheEconomist.2023.12.23_page_012_p12_c8,1,True,1.0
What is the main benefit of using RISC-V architecture for microchips?,3,magazine_TheEconomist.2023.12.23_page_012_p12_c8,"magazine_TheEconomist.2023.12.23_page_012_p12_c8,docstructbench_dianzishu_zhongwenzaixian-o.O-61523162.pdf_276_p276_c4,docstructbench_llm-raw-scihub-o.O-j.chroma.2005.03.134.pdf_6_p6_c0",1,True,1.0
What is the main benefit of using RISC-V architecture for microchips?,5,magazine_TheEconomist.2023.12.23_page_012_p12_c8,"magazine_TheEconomist.2023.12.23_page_012_p12_c8,docstructbench_dianzishu_zhongwenzaixian-o.O-61523162.pdf_276_p276_c4,docstructbench_llm-raw-scihub-o.O-j.chroma.2005.03.134.pdf_6_p6_c0,newspaper_The Globe and Mail - 2025-1-8@magazinesclubnew_page_014_p14_c11,newspaper_The Globe and Mail - 2025-1-8@magazinesclubnew_page_014_p14_c15",1,True,1.0
What is the consequence of the phase-out of coal according to the text?,1,magazine_TheEconomist.2023.12.23_page_012_p12_c9,magazine_TheEconomist.2023.12.23_page_012_p12_c9,1,True,1.0
What is the consequence of the phase-out of coal according to the text?,3,magazine_TheEconomist.2023.12.23_page_012_p12_c9,"magazine_TheEconomist.2023.12.23_page_012_p12_c9,jiaocaineedrop_jiaocai_needrop_en_2884_p2884_c1,newspaper_The Globe and Mail - 2025-1-8@magazinesclubnew_page_014_p14_c9",1,True,1.0
What is the consequence of the phase-out of coal according to the text?,5,magazine_TheEconomist.2023.12.23_page_012_p12_c9,"magazine_TheEconomist.2023.12.23_page_012_p12_c9,jiaocaineedrop_jiaocai_needrop_en_2884_p2884_c1,newspaper_The Globe and Mail - 2025-1-8@magazinesclubnew_page_014_p14_c9,newspaper_The Globe and Mail - 2025-1-8@magazinesclubnew_page_018_p18_c4,newspaper_2c69e142b52dbb30cac2cb11d3eb25e5_1_p1_c9",1,True,1.0
What can be relied upon in the worst-case scenario?,1,magazine_TheEconomist.2023.12.23_page_012_p12_c10,eastmoney_dd8f39ced2188b907304224a635ad605689270486020c34636003e57018c01d8.pdf_2_p2_c1,0,False,0.0
What can be relied upon in the worst-case scenario?,3,magazine_TheEconomist.2023.12.23_page_012_p12_c10,"eastmoney_dd8f39ced2188b907304224a635ad605689270486020c34636003e57018c01d8.pdf_2_p2_c1,eastmoney_dcf347592d4160dffacffdf00a9c39aa75cf9859205a7543c283d1df8bb14f90.pdf_1_p1_c0,yanbaopptmerge_0c79d327060dbf9f1582d03c235dadb039533a19091d2c0d24f2ad95d267f79b.pdf_2_p2_c2",0,False,0.0
What can be relied upon in the worst-case scenario?,5,magazine_TheEconomist.2023.12.23_page_012_p12_c10,"eastmoney_dd8f39ced2188b907304224a635ad605689270486020c34636003e57018c01d8.pdf_2_p2_c1,eastmoney_dcf347592d4160dffacffdf00a9c39aa75cf9859205a7543c283d1df8bb14f90.pdf_1_p1_c0,yanbaopptmerge_0c79d327060dbf9f1582d03c235dadb039533a19091d2c0d24f2ad95d267f79b.pdf_2_p2_c2,eastmoney_d2bb183f5254ede5760932ac3118524aa7eddad551935713b435541f1525c1ee.pdf_7_p7_c1,magazine_TheEconomist.2023.12.23_page_012_p12_c10",5,True,1.0
哪些省区市和新疆兵团设立了新闻发言人？,1,newspaper_b95d1d8eb0d756cc94a5d8b5db3cf69b_1_p1_c0,newspaper_b95d1d8eb0d756cc94a5d8b5db3cf69b_1_p1_c0,1,True,1.0
哪些省区市和新疆兵团设立了新闻发言人？,3,newspaper_b95d1d8eb0d756cc94a5d8b5db3cf69b_1_p1_c0,"newspaper_b95d1d8eb0d756cc94a5d8b5db3cf69b_1_p1_c0,newspaper_0b1bb8d03b4287eb95f67b68c2cf9f92_1_p1_c0,newspaper_0b1bb8d03b4287eb95f67b68c2cf9f92_1_p1_c21",1,True,1.0
哪些省区市和新疆兵团设立了新闻发言人？,5,newspaper_b95d1d8eb0d756cc94a5d8b5db3cf69b_1_p1_c0,"newspaper_b95d1d8eb0d756cc94a5d8b5db3cf69b_1_p1_c0,newspaper_0b1bb8d03b4287eb95f67b68c2cf9f92_1_p1_c0,newspaper_0b1bb8d03b4287eb95f67b68c2cf9f92_1_p1_c21,newspaper_b95d1d8eb0d756cc94a5d8b5db3cf69b_1_p1_c1,newspaper_eb569707cf5621d4c71d5898216cdb17_1_p1_c0",1,True,1.0
中国口头文学遗产数字化工程计划用多长时间建成数字图书馆？,1,newspaper_b95d1d8eb0d756cc94a5d8b5db3cf69b_1_p1_c1,newspaper_b95d1d8eb0d756cc94a5d8b5db3cf69b_1_p1_c1,1,True,1.0
中国口头文学遗产数字化工程计划用多长时间建成数字图书馆？,3,newspaper_b95d1d8eb0d756cc94a5d8b5db3cf69b_1_p1_c1,"newspaper_b95d1d8eb0d756cc94a5d8b5db3cf69b_1_p1_c1,newspaper_The Globe and Mail - 2025-1-8@magazinesclubnew_page_014_p14_c1,yanbaor2_bfe5f11c4ad2e94d966ef6801dc992816f42c9150e2be42b008c95f59713e901.pdf_139_p139_c0",1,True,1.0
中国口头文学遗产数字化工程计划用多长时间建成数字图书馆？,5,newspaper_b95d1d8eb0d756cc94a5d8b5db3cf69b_1_p1_c1,"newspaper_b95d1d8eb0d756cc94a5d8b5db3cf69b_1_p1_c1,newspaper_The Globe and Mail - 2025-1-8@magazinesclubnew_page_014_p14_c1,yanbaor2_bfe5f11c4ad2e94d966ef6801dc992816f42c9150e2be42b008c95f59713e901.pdf_139_p139_c0,jiaocaineedrop_jiaocai_needrop_en_1473_p1473_c1,newspaper_eb569707cf5621d4c71d5898216cdb17_1_p1_c0",1,True,1.0
中俄原油管道每年向中国输油多少万吨？,1,newspaper_b95d1d8eb0d756cc94a5d8b5db3cf69b_1_p1_c2,newspaper_b95d1d8eb0d756cc94a5d8b5db3cf69b_1_p1_c2,1,True,1.0
中俄原油管道每年向中国输油多少万吨？,3,newspaper_b95d1d8eb0d756cc94a5d8b5db3cf69b_1_p1_c2,"newspaper_b95d1d8eb0d756cc94a5d8b5db3cf69b_1_p1_c2,newspaper_b95d1d8eb0d756cc94a5d8b5db3cf69b_1_p1_c3,yanbaor2_ea86fd46182ff9b675775645ecaf43782b996ffaeeb09c679f56a47aabfbf6b7.pdf_9_p9_c0",1,True,1.0
中俄原油管道每年向中国输油多少万吨？,5,newspaper_b95d1d8eb0d756cc94a5d8b5db3cf69b_1_p1_c2,"newspaper_b95d1d8eb0d756cc94a5d8b5db3cf69b_1_p1_c2,newspaper_b95d1d8eb0d756cc94a5d8b5db3cf69b_1_p1_c3,yanbaor2_ea86fd46182ff9b675775645ecaf43782b996ffaeeb09c679f56a47aabfbf6b7.pdf_9_p9_c0,eastmoney_e42b6e1cd2d48113ff4db8854e539d828d632bf9b1757e10cb8ddb2cfc7b1393.pdf_12_p12_c1,newspaper_35bdaa11dec104ccbdc9e19ac8527d21_1_p1_c4",1,True,1.0
中俄原油管道中国境内段的长度是多少？,1,newspaper_b95d1d8eb0d756cc94a5d8b5db3cf69b_1_p1_c3,newspaper_b95d1d8eb0d756cc94a5d8b5db3cf69b_1_p1_c3,1,True,1.0
中俄原油管道中国境内段的长度是多少？,3,newspaper_b95d1d8eb0d756cc94a5d8b5db3cf69b_1_p1_c3,"newspaper_b95d1d8eb0d756cc94a5d8b5db3cf69b_1_p1_c3,newspaper_b95d1d8eb0d756cc94a5d8b5db3cf69b_1_p1_c2,yanbaor2_ea86fd46182ff9b675775645ecaf43782b996ffaeeb09c679f56a47aabfbf6b7.pdf_9_p9_c0",1,True,1.0
中俄原油管道中国境内段的长度是多少？,5,newspaper_b95d1d8eb0d756cc94a5d8b5db3cf69b_1_p1_c3,"newspaper_b95d1d8eb0d756cc94a5d8b5db3cf69b_1_p1_c3,newspaper_b95d1d8eb0d756cc94a5d8b5db3cf69b_1_p1_c2,yanbaor2_ea86fd46182ff9b675775645ecaf43782b996ffaeeb09c679f56a47aabfbf6b7.pdf_9_p9_c0,jiaocaineedrop_jiaocai_needrop_en_1473_p1473_c1,docstructbench_llm-raw-scihub-o.O-j.chroma.2005.03.134.pdf_6_p6_c3",1,True,1.0
贵州境内高速公路关闭导致多少车辆滞留？,1,newspaper_b95d1d8eb0d756cc94a5d8b5db3cf69b_1_p1_c4,newspaper_b95d1d8eb0d756cc94a5d8b5db3cf69b_1_p1_c4,1,True,1.0
贵州境内高速公路关闭导致多少车辆滞留？,3,newspaper_b95d1d8eb0d756cc94a5d8b5db3cf69b_1_p1_c4,"newspaper_b95d1d8eb0d756cc94a5d8b5db3cf69b_1_p1_c4,newspaper_b95d1d8eb0d756cc94a5d8b5db3cf69b_1_p1_c3,newspaper_b95d1d8eb0d756cc94a5d8b5db3cf69b_1_p1_c5",1,True,1.0
贵州境内高速公路关闭导致多少车辆滞留？,5,newspaper_b95d1d8eb0d756cc94a5d8b5db3cf69b_1_p1_c4,"newspaper_b95d1d8eb0d756cc94a5d8b5db3cf69b_1_p1_c4,newspaper_b95d1d8eb0d756cc94a5d8b5db3cf69b_1_p1_c3,newspaper_b95d1d8eb0d756cc94a5d8b5db3cf69b_1_p1_c5,newspaper_eb569707cf5621d4c71d5898216cdb17_1_p1_c3,newspaper_eb569707cf5621d4c71d5898216cdb17_1_p1_c4",1,True,1.0
谁在艺术节上演唱了意大利歌剧经典曲目《今夜无人入眠》？,1,newspaper_b95d1d8eb0d756cc94a5d8b5db3cf69b_1_p1_c5,newspaper_b95d1d8eb0d756cc94a5d8b5db3cf69b_1_p1_c5,1,True,1.0
谁在艺术节上演唱了意大利歌剧经典曲目《今夜无人入眠》？,3,newspaper_b95d1d8eb0d756cc94a5d8b5db3cf69b_1_p1_c5,"newspaper_b95d1d8eb0d756cc94a5d8b5db3cf69b_1_p1_c5,color_textbook_zhonggaokao_小学_KET听说读写逐项突破_KET听说读写逐项突破之轻松搞定KET写作25分 【10讲 褚连一】_第10讲第十课写作Part9小作文练习_第十课写作Part9小作文练习_page_010_p10_c2,color_textbook_zhonggaokao_小学_KET听说读写逐项突破_KET听说读写逐项突破之轻松搞定KET写作25分 【10讲 褚连一】_第10讲第十课写作Part9小作文练习_第十课写作Part9小作文练习_page_010_p10_c3",1,True,1.0
谁在艺术节上演唱了意大利歌剧经典曲目《今夜无人入眠》？,5,newspaper_b95d1d8eb0d756cc94a5d8b5db3cf69b_1_p1_c5,"newspaper_b95d1d8eb0d756cc94a5d8b5db3cf69b_1_p1_c5,color_textbook_zhonggaokao_小学_KET听说读写逐项突破_KET听说读写逐项突破之轻松搞定KET写作25分 【10讲 褚连一】_第10讲第十课写作Part9小作文练习_第十课写作Part9小作文练习_page_010_p10_c2,color_textbook_zhonggaokao_小学_KET听说读写逐项突破_KET听说读写逐项突破之轻松搞定KET写作25分 【10讲 褚连一】_第10讲第十课写作Part9小作文练习_第十课写作Part9小作文练习_page_010_p10_c3,newspaper_b95d1d8eb0d756cc94a5d8b5db3cf69b_1_p1_c6,newspaper_eb569707cf5621d4c71d5898216cdb17_1_p1_c0",1,True,1.0
卢拉卸任前夕支持率是多少？,1,newspaper_b95d1d8eb0d756cc94a5d8b5db3cf69b_1_p1_c7,newspaper_b95d1d8eb0d756cc94a5d8b5db3cf69b_1_p1_c7,1,True,1.0
卢拉卸任前夕支持率是多少？,3,newspaper_b95d1d8eb0d756cc94a5d8b5db3cf69b_1_p1_c7,"newspaper_b95d1d8eb0d756cc94a5d8b5db3cf69b_1_p1_c7,newspaper_b95d1d8eb0d756cc94a5d8b5db3cf69b_1_p1_c6,magazine_TheEconomist.2023.12.23_page_012_p12_c0",1,True,1.0
卢拉卸任前夕支持率是多少？,5,newspaper_b95d1d8eb0d756cc94a5d8b5db3cf69b_1_p1_c7,"newspaper_b95d1d8eb0d756cc94a5d8b5db3cf69b_1_p1_c7,newspaper_b95d1d8eb0d756cc94a5d8b5db3cf69b_1_p1_c6,magazine_TheEconomist.2023.12.23_page_012_p12_c0,magazine_TheEconomist.2024.03.02_page_028_p28_c0,docstructbench_llm-raw-scihub-o.O-j.chroma.2005.05.085.pdf_4_p4_c7",1,True,1.0
Which sectors were included in the survey responses?,1,scihub_ijcac.2012040101.pdf_5_p5_c0,scihub_ijcac.2012040101.pdf_5_p5_c1,0,False,0.0
Which sectors were included in the survey responses?,3,scihub_ijcac.2012040101.pdf_5_p5_c0,"scihub_ijcac.2012040101.pdf_5_p5_c1,scihub_ijcac.2012040101.pdf_5_p5_c0,magazine_TheEconomist.2024.03.02_page_032_p32_c0",2,True,1.0
Which sectors were included in the survey responses?,5,scihub_ijcac.2012040101.pdf_5_p5_c0,"scihub_ijcac.2012040101.pdf_5_p5_c1,scihub_ijcac.2012040101.pdf_5_p5_c0,magazine_TheEconomist.2024.03.02_page_032_p32_c0,yanbaopptmerge_5473246b8da789b9bfdeef53a70c4d72afd480415d5cbcedb83d105856710328.pdf_8_p8_c3,eastmoney_7c25f92e2ab21d83e1eada0e40a68e3151e7c1c2d673ddb12b0242fa3ab931ab.pdf_13_p13_c0",2,True,1.0
What was the purpose of performing Cronbach alpha tests?,1,scihub_ijcac.2012040101.pdf_5_p5_c1,scihub_ijcac.2012040101.pdf_5_p5_c1,1,True,1.0
What was the purpose of performing Cronbach alpha tests?,3,scihub_ijcac.2012040101.pdf_5_p5_c1,"scihub_ijcac.2012040101.pdf_5_p5_c1,scihub_ijcac.2012040101.pdf_5_p5_c2,scihub_ijcac.2012040101.pdf_5_p5_c0",1,True,1.0
What was the purpose of performing Cronbach alpha tests?,5,scihub_ijcac.2012040101.pdf_5_p5_c1,"scihub_ijcac.2012040101.pdf_5_p5_c1,scihub_ijcac.2012040101.pdf_5_p5_c2,scihub_ijcac.2012040101.pdf_5_p5_c0,newspaper_The Globe and Mail - 2025-1-8@magazinesclubnew_page_014_p14_c3,scihub_bloodadvances.2019030924.pdf_3_p3_c1",1,True,1.0
What was the range of reliability values for the constructs in the questionnaire?,1,scihub_ijcac.2012040101.pdf_5_p5_c2,scihub_ijcac.2012040101.pdf_5_p5_c2,1,True,1.0
What was the range of reliability values for the constructs in the questionnaire?,3,scihub_ijcac.2012040101.pdf_5_p5_c2,"scihub_ijcac.2012040101.pdf_5_p5_c2,scihub_ijcac.2012040101.pdf_5_p5_c0,scihub_ijcac.2012040101.pdf_5_p5_c3",1,True,1.0
What was the range of reliability values for the constructs in the questionnaire?,5,scihub_ijcac.2012040101.pdf_5_p5_c2,"scihub_ijcac.2012040101.pdf_5_p5_c2,scihub_ijcac.2012040101.pdf_5_p5_c0,scihub_ijcac.2012040101.pdf_5_p5_c3,scihub_ijcac.2012040101.pdf_5_p5_c1,scihub_ijcac.2012040101.pdf_5_p5_c4",1,True,1.0
What method was used for factor analysis in Table 2?,1,scihub_ijcac.2012040101.pdf_5_p5_c3,scihub_ijcac.2012040101.pdf_5_p5_c3,1,True,1.0
What method was used for factor analysis in Table 2?,3,scihub_ijcac.2012040101.pdf_5_p5_c3,"scihub_ijcac.2012040101.pdf_5_p5_c3,scihub_ijcac.2012040101.pdf_5_p5_c2,scihub_bloodadvances.2019030924.pdf_3_p3_c0",1,True,1.0
What method was used for factor analysis in Table 2?,5,scihub_ijcac.2012040101.pdf_5_p5_c3,"scihub_ijcac.2012040101.pdf_5_p5_c3,scihub_ijcac.2012040101.pdf_5_p5_c2,scihub_bloodadvances.2019030924.pdf_3_p3_c0,scihub_s11661-013-1726-7.pdf_2_p2_c0,scihub_ijcac.2012040101.pdf_5_p5_c5",1,True,1.0
What percentage of respondents were male according to the survey results?,1,scihub_ijcac.2012040101.pdf_5_p5_c4,scihub_ijcac.2012040101.pdf_5_p5_c4,1,True,1.0
What percentage of respondents were male according to the survey results?,3,scihub_ijcac.2012040101.pdf_5_p5_c4,"scihub_ijcac.2012040101.pdf_5_p5_c4,docstructbench_dianzishu_zhongwenzaixian-o.O-61323717.pdf_203_p203_c4,docstructbench_dianzishu_zhongwenzaixian-o.O-61323717.pdf_203_p203_c3",1,True,1.0
What percentage of respondents were male according to the survey results?,5,scihub_ijcac.2012040101.pdf_5_p5_c4,"scihub_ijcac.2012040101.pdf_5_p5_c4,docstructbench_dianzishu_zhongwenzaixian-o.O-61323717.pdf_203_p203_c4,docstructbench_dianzishu_zhongwenzaixian-o.O-61323717.pdf_203_p203_c3,scihub_bloodadvances.2019030924.pdf_3_p3_c6,docstructbench_dianzishu_zhongwenzaixian-o.O-61323717.pdf_203_p203_c6",1,True,1.0
What percentage of variance was explained by the model?,1,scihub_ijcac.2012040101.pdf_5_p5_c5,scihub_ijcac.2012040101.pdf_5_p5_c5,1,True,1.0
What percentage of variance was explained by the model?,3,scihub_ijcac.2012040101.pdf_5_p5_c5,"scihub_ijcac.2012040101.pdf_5_p5_c5,docstructbench_llm-raw-scihub-o.O-j.chroma.2005.05.085.pdf_4_p4_c9,docstructbench_llm-raw-scihub-o.O-j.chroma.2005.05.085.pdf_4_p4_c7",1,True,1.0
What percentage of variance was explained by the model?,5,scihub_ijcac.2012040101.pdf_5_p5_c5,"scihub_ijcac.2012040101.pdf_5_p5_c5,docstructbench_llm-raw-scihub-o.O-j.chroma.2005.05.085.pdf_4_p4_c9,docstructbench_llm-raw-scihub-o.O-j.chroma.2005.05.085.pdf_4_p4_c7,scihub_bloodadvances.2019030924.pdf_3_p3_c2,docstructbench_llm-raw-scihub-o.O-j.chroma.2005.05.085.pdf_4_p4_c8",1,True,1.0
刘云山强调要把文化服务作为什么的重要内容？,1,newspaper_eb569707cf5621d4c71d5898216cdb17_1_p1_c0,newspaper_eb569707cf5621d4c71d5898216cdb17_1_p1_c0,1,True,1.0
刘云山强调要把文化服务作为什么的重要内容？,3,newspaper_eb569707cf5621d4c71d5898216cdb17_1_p1_c0,"newspaper_eb569707cf5621d4c71d5898216cdb17_1_p1_c0,newspaper_2c69e142b52dbb30cac2cb11d3eb25e5_1_p1_c8,newspaper_b95d1d8eb0d756cc94a5d8b5db3cf69b_1_p1_c1",1,True,1.0
刘云山强调要把文化服务作为什么的重要内容？,5,newspaper_eb569707cf5621d4c71d5898216cdb17_1_p1_c0,"newspaper_eb569707cf5621d4c71d5898216cdb17_1_p1_c0,newspaper_2c69e142b52dbb30cac2cb11d3eb25e5_1_p1_c8,newspaper_b95d1d8eb0d756cc94a5d8b5db3cf69b_1_p1_c1,newspaper_35bdaa11dec104ccbdc9e19ac8527d21_1_p1_c1,newspaper_eb569707cf5621d4c71d5898216cdb17_1_p1_c11",1,True,1.0
黑龙江省粮食总产量突破千亿斤的具体数值是多少？,1,newspaper_eb569707cf5621d4c71d5898216cdb17_1_p1_c1,newspaper_eb569707cf5621d4c71d5898216cdb17_1_p1_c1,1,True,1.0
黑龙江省粮食总产量突破千亿斤的具体数值是多少？,3,newspaper_eb569707cf5621d4c71d5898216cdb17_1_p1_c1,"newspaper_eb569707cf5621d4c71d5898216cdb17_1_p1_c1,newspaper_eb569707cf5621d4c71d5898216cdb17_1_p1_c2,newspaper_eb569707cf5621d4c71d5898216cdb17_1_p1_c0",1,True,1.0
黑龙江省粮食总产量突破千亿斤的具体数值是多少？,5,newspaper_eb569707cf5621d4c71d5898216cdb17_1_p1_c1,"newspaper_eb569707cf5621d4c71d5898216cdb17_1_p1_c1,newspaper_eb569707cf5621d4c71d5898216cdb17_1_p1_c2,newspaper_eb569707cf5621d4c71d5898216cdb17_1_p1_c0,newspaper_eb569707cf5621d4c71d5898216cdb17_1_p1_c3,newspaper_2c69e142b52dbb30cac2cb11d3eb25e5_1_p1_c7",1,True,1.0
黑龙江在何种气象条件下导致春播进度严重滞后？,1,newspaper_eb569707cf5621d4c71d5898216cdb17_1_p1_c2,newspaper_eb569707cf5621d4c71d5898216cdb17_1_p1_c2,1,True,1.0
黑龙江在何种气象条件下导致春播进度严重滞后？,3,newspaper_eb569707cf5621d4c71d5898216cdb17_1_p1_c2,"newspaper_eb569707cf5621d4c71d5898216cdb17_1_p1_c2,newspaper_eb569707cf5621d4c71d5898216cdb17_1_p1_c3,newspaper_eb569707cf5621d4c71d5898216cdb17_1_p1_c1",1,True,1.0
黑龙江在何种气象条件下导致春播进度严重滞后？,5,newspaper_eb569707cf5621d4c71d5898216cdb17_1_p1_c2,"newspaper_eb569707cf5621d4c71d5898216cdb17_1_p1_c2,newspaper_eb569707cf5621d4c71d5898216cdb17_1_p1_c3,newspaper_eb569707cf5621d4c71d5898216cdb17_1_p1_c1,notes_1ba14cb325bc448f7201b20502ecf2b5_74_p74_c0,newspaper_b95d1d8eb0d756cc94a5d8b5db3cf69b_1_p1_c4",1,True,1.0
省委书记吉炳轩带领省直有关部门深入到哪些市局检查春播生产？,1,newspaper_eb569707cf5621d4c71d5898216cdb17_1_p1_c3,newspaper_eb569707cf5621d4c71d5898216cdb17_1_p1_c3,1,True,1.0
省委书记吉炳轩带领省直有关部门深入到哪些市局检查春播生产？,3,newspaper_eb569707cf5621d4c71d5898216cdb17_1_p1_c3,"newspaper_eb569707cf5621d4c71d5898216cdb17_1_p1_c3,newspaper_eb569707cf5621d4c71d5898216cdb17_1_p1_c2,newspaper_eb569707cf5621d4c71d5898216cdb17_1_p1_c11",1,True,1.0
省委书记吉炳轩带领省直有关部门深入到哪些市局检查春播生产？,5,newspaper_eb569707cf5621d4c71d5898216cdb17_1_p1_c3,"newspaper_eb569707cf5621d4c71d5898216cdb17_1_p1_c3,newspaper_eb569707cf5621d4c71d5898216cdb17_1_p1_c2,newspaper_eb569707cf5621d4c71d5898216cdb17_1_p1_c11,newspaper_2c69e142b52dbb30cac2cb11d3eb25e5_1_p1_c7,newspaper_2c69e142b52dbb30cac2cb11d3eb25e5_1_p1_c8",1,True,1.0
邮储银行如何解决农户及小商户的资金需求问题？,1,newspaper_eb569707cf5621d4c71d5898216cdb17_1_p1_c4,newspaper_eb569707cf5621d4c71d5898216cdb17_1_p1_c4,1,True,1.0
邮储银行如何解决农户及小商户的资金需求问题？,3,newspaper_eb569707cf5621d4c71d5898216cdb17_1_p1_c4,"newspaper_eb569707cf5621d4c71d5898216cdb17_1_p1_c4,newspaper_eb569707cf5621d4c71d5898216cdb17_1_p1_c3,newspaper_2c69e142b52dbb30cac2cb11d3eb25e5_1_p1_c11",1,True,1.0
邮储银行如何解决农户及小商户的资金需求问题？,5,newspaper_eb569707cf5621d4c71d5898216cdb17_1_p1_c4,"newspaper_eb569707cf5621d4c71d5898216cdb17_1_p1_c4,newspaper_eb569707cf5621d4c71d5898216cdb17_1_p1_c3,newspaper_2c69e142b52dbb30cac2cb11d3eb25e5_1_p1_c11,newspaper_2c69e142b52dbb30cac2cb11d3eb25e5_1_p1_c8,newspaper_2c69e142b52dbb30cac2cb11d3eb25e5_1_p1_c5",1,True,1.0
青海油菜种植面积到2015年稳定在多少万亩？,1,newspaper_eb569707cf5621d4c71d5898216cdb17_1_p1_c6,newspaper_eb569707cf5621d4c71d5898216cdb17_1_p1_c6,1,True,1.0
青海油菜种植面积到2015年稳定在多少万亩？,3,newspaper_eb569707cf5621d4c71d5898216cdb17_1_p1_c6,"newspaper_eb569707cf5621d4c71d5898216cdb17_1_p1_c6,newspaper_eb569707cf5621d4c71d5898216cdb17_1_p1_c7,newspaper_eb569707cf5621d4c71d5898216cdb17_1_p1_c5",1,True,1.0
青海油菜种植面积到2015年稳定在多少万亩？,5,newspaper_eb569707cf5621d4c71d5898216cdb17_1_p1_c6,"newspaper_eb569707cf5621d4c71d5898216cdb17_1_p1_c6,newspaper_eb569707cf5621d4c71d5898216cdb17_1_p1_c7,newspaper_eb569707cf5621d4c71d5898216cdb17_1_p1_c5,notes_1ba14cb325bc448f7201b20502ecf2b5_74_p74_c0,newspaper_35bdaa11dec104ccbdc9e19ac8527d21_1_p1_c2",1,True,1.0
青海省蔬菜产业总体自给率达到多少？,1,newspaper_eb569707cf5621d4c71d5898216cdb17_1_p1_c7,newspaper_eb569707cf5621d4c71d5898216cdb17_1_p1_c7,1,True,1.0
青海省蔬菜产业总体自给率达到多少？,3,newspaper_eb569707cf5621d4c71d5898216cdb17_1_p1_c7,"newspaper_eb569707cf5621d4c71d5898216cdb17_1_p1_c7,newspaper_eb569707cf5621d4c71d5898216cdb17_1_p1_c6,notes_1ba14cb325bc448f7201b20502ecf2b5_74_p74_c0",1,True,1.0
青海省蔬菜产业总体自给率达到多少？,5,newspaper_eb569707cf5621d4c71d5898216cdb17_1_p1_c7,"newspaper_eb569707cf5621d4c71d5898216cdb17_1_p1_c7,newspaper_eb569707cf5621d4c71d5898216cdb17_1_p1_c6,notes_1ba14cb325bc448f7201b20502ecf2b5_74_p74_c0,newspaper_eb569707cf5621d4c71d5898216cdb17_1_p1_c5,newspaper_eb569707cf5621d4c71d5898216cdb17_1_p1_c3",1,True,1.0
农村沼气年产量相当于替代多少标准煤？,1,newspaper_eb569707cf5621d4c71d5898216cdb17_1_p1_c8,newspaper_eb569707cf5621d4c71d5898216cdb17_1_p1_c8,1,True,1.0
农村沼气年产量相当于替代多少标准煤？,3,newspaper_eb569707cf5621d4c71d5898216cdb17_1_p1_c8,"newspaper_eb569707cf5621d4c71d5898216cdb17_1_p1_c8,newspaper_eb569707cf5621d4c71d5898216cdb17_1_p1_c7,newspaper_eb569707cf5621d4c71d5898216cdb17_1_p1_c9",1,True,1.0
农村沼气年产量相当于替代多少标准煤？,5,newspaper_eb569707cf5621d4c71d5898216cdb17_1_p1_c8,"newspaper_eb569707cf5621d4c71d5898216cdb17_1_p1_c8,newspaper_eb569707cf5621d4c71d5898216cdb17_1_p1_c7,newspaper_eb569707cf5621d4c71d5898216cdb17_1_p1_c9,newspaper_2c69e142b52dbb30cac2cb11d3eb25e5_1_p1_c9,newspaper_2c69e142b52dbb30cac2cb11d3eb25e5_1_p1_c10",1,True,1.0
农村沼气发展如何促进节能减排？,1,newspaper_eb569707cf5621d4c71d5898216cdb17_1_p1_c9,newspaper_eb569707cf5621d4c71d5898216cdb17_1_p1_c9,1,True,1.0
农村沼气发展如何促进节能减排？,3,newspaper_eb569707cf5621d4c71d5898216cdb17_1_p1_c9,"newspaper_eb569707cf5621d4c71d5898216cdb17_1_p1_c9,newspaper_eb569707cf5621d4c71d5898216cdb17_1_p1_c7,newspaper_eb569707cf5621d4c71d5898216cdb17_1_p1_c8",1,True,1.0
农村沼气发展如何促进节能减排？,5,newspaper_eb569707cf5621d4c71d5898216cdb17_1_p1_c9,"newspaper_eb569707cf5621d4c71d5898216cdb17_1_p1_c9,newspaper_eb569707cf5621d4c71d5898216cdb17_1_p1_c7,newspaper_eb569707cf5621d4c71d5898216cdb17_1_p1_c8,newspaper_2c69e142b52dbb30cac2cb11d3eb25e5_1_p1_c9,newspaper_2c69e142b52dbb30cac2cb11d3eb25e5_1_p1_c10",1,True,1.0
现代农业产业基地建设的目标是什么？,1,newspaper_eb569707cf5621d4c71d5898216cdb17_1_p1_c10,newspaper_eb569707cf5621d4c71d5898216cdb17_1_p1_c10,1,True,1.0
现代农业产业基地建设的目标是什么？,3,newspaper_eb569707cf5621d4c71d5898216cdb17_1_p1_c10,"newspaper_eb569707cf5621d4c71d5898216cdb17_1_p1_c10,newspaper_eb569707cf5621d4c71d5898216cdb17_1_p1_c11,newspaper_2c69e142b52dbb30cac2cb11d3eb25e5_1_p1_c6",1,True,1.0
现代农业产业基地建设的目标是什么？,5,newspaper_eb569707cf5621d4c71d5898216cdb17_1_p1_c10,"newspaper_eb569707cf5621d4c71d5898216cdb17_1_p1_c10,newspaper_eb569707cf5621d4c71d5898216cdb17_1_p1_c11,newspaper_2c69e142b52dbb30cac2cb11d3eb25e5_1_p1_c6,newspaper_2c69e142b52dbb30cac2cb11d3eb25e5_1_p1_c8,newspaper_fe2c8b45b2a086cd75984640bb3080e1_1_p1_c9",1,True,1.0
如何确保农业基础设施建设服务于产业发展和农民增收？,1,newspaper_eb569707cf5621d4c71d5898216cdb17_1_p1_c11,newspaper_eb569707cf5621d4c71d5898216cdb17_1_p1_c11,1,True,1.0
如何确保农业基础设施建设服务于产业发展和农民增收？,3,newspaper_eb569707cf5621d4c71d5898216cdb17_1_p1_c11,"newspaper_eb569707cf5621d4c71d5898216cdb17_1_p1_c11,newspaper_2c69e142b52dbb30cac2cb11d3eb25e5_1_p1_c8,newspaper_eb569707cf5621d4c71d5898216cdb17_1_p1_c10",1,True,1.0
如何确保农业基础设施建设服务于产业发展和农民增收？,5,newspaper_eb569707cf5621d4c71d5898216cdb17_1_p1_c11,"newspaper_eb569707cf5621d4c71d5898216cdb17_1_p1_c11,newspaper_2c69e142b52dbb30cac2cb11d3eb25e5_1_p1_c8,newspaper_eb569707cf5621d4c71d5898216cdb17_1_p1_c10,newspaper_fe2c8b45b2a086cd75984640bb3080e1_1_p1_c8,newspaper_2c69e142b52dbb30cac2cb11d3eb25e5_1_p1_c7",1,True,1.0
全面模型总表的示意图名称是什么？,1,docstructbench_dianzishu_zhongwenzaixian-o.O-61523162.pdf_276_p276_c0,docstructbench_dianzishu_zhongwenzaixian-o.O-61523162.pdf_276_p276_c0,1,True,1.0
全面模型总表的示意图名称是什么？,3,docstructbench_dianzishu_zhongwenzaixian-o.O-61523162.pdf_276_p276_c0,"docstructbench_dianzishu_zhongwenzaixian-o.O-61523162.pdf_276_p276_c0,docstructbench_dianzishu_zhongwenzaixian-o.O-61523162.pdf_276_p276_c3,docstructbench_dianzishu_zhongwenzaixian-o.O-61523162.pdf_276_p276_c1",1,True,1.0
全面模型总表的示意图名称是什么？,5,docstructbench_dianzishu_zhongwenzaixian-o.O-61523162.pdf_276_p276_c0,"docstructbench_dianzishu_zhongwenzaixian-o.O-61523162.pdf_276_p276_c0,docstructbench_dianzishu_zhongwenzaixian-o.O-61523162.pdf_276_p276_c3,docstructbench_dianzishu_zhongwenzaixian-o.O-61523162.pdf_276_p276_c1,notes_1ba14cb325bc448f7201b20502ecf2b5_10_p10_c0,jiaocaineedrop_jiaocai_needrop_en_1564_p1564_c2",1,True,1.0
分系统4包含哪些子系统？,1,docstructbench_dianzishu_zhongwenzaixian-o.O-61523162.pdf_276_p276_c4,docstructbench_dianzishu_zhongwenzaixian-o.O-61523162.pdf_276_p276_c4,1,True,1.0
分系统4包含哪些子系统？,3,docstructbench_dianzishu_zhongwenzaixian-o.O-61523162.pdf_276_p276_c4,"docstructbench_dianzishu_zhongwenzaixian-o.O-61523162.pdf_276_p276_c4,docstructbench_dianzishu_zhongwenzaixian-o.O-61523162.pdf_276_p276_c3,docstructbench_dianzishu_zhongwenzaixian-o.O-61523162.pdf_276_p276_c5",1,True,1.0
分系统4包含哪些子系统？,5,docstructbench_dianzishu_zhongwenzaixian-o.O-61523162.pdf_276_p276_c4,"docstructbench_dianzishu_zhongwenzaixian-o.O-61523162.pdf_276_p276_c4,docstructbench_dianzishu_zhongwenzaixian-o.O-61523162.pdf_276_p276_c3,docstructbench_dianzishu_zhongwenzaixian-o.O-61523162.pdf_276_p276_c5,jiaocaineedrop_jiaocai_needrop_en_1473_p1473_c3,jiaocaineedrop_jiaocai_needrop_en_1564_p1564_c1",1,True,1.0
What is the name of the first sub-system under 分系统8?,1,docstructbench_dianzishu_zhongwenzaixian-o.O-61523162.pdf_276_p276_c5,docstructbench_dianzishu_zhongwenzaixian-o.O-61523162.pdf_276_p276_c5,1,True,1.0
What is the name of the first sub-system under 分系统8?,3,docstructbench_dianzishu_zhongwenzaixian-o.O-61523162.pdf_276_p276_c5,"docstructbench_dianzishu_zhongwenzaixian-o.O-61523162.pdf_276_p276_c5,docstructbench_dianzishu_zhongwenzaixian-o.O-61523162.pdf_276_p276_c3,docstructbench_dianzishu_zhongwenzaixian-o.O-61523162.pdf_276_p276_c4",1,True,1.0
What is the name of the first sub-system under 分系统8?,5,docstructbench_dianzishu_zhongwenzaixian-o.O-61523162.pdf_276_p276_c5,"docstructbench_dianzishu_zhongwenzaixian-o.O-61523162.pdf_276_p276_c5,docstructbench_dianzishu_zhongwenzaixian-o.O-61523162.pdf_276_p276_c3,docstructbench_dianzishu_zhongwenzaixian-o.O-61523162.pdf_276_p276_c4,book_en_[搬书匠#893][Pyomo—Optimization Modeling in Python].2012.英文版_page_188_p188_c2,book_en_[搬书匠#893][Pyomo—Optimization Modeling in Python].2012.英文版_page_188_p188_c3",1,True,1.0
What is the title of the section in the table?,1,docstructbench_dianzishu_zhongwenzaixian-o.O-61523162.pdf_276_p276_c6,color_textbook_教材全解1+1二年级上册英语上海牛津版_page_067_p67_c1,0,False,0.0
What is the title of the section in the table?,3,docstructbench_dianzishu_zhongwenzaixian-o.O-61523162.pdf_276_p276_c6,"color_textbook_教材全解1+1二年级上册英语上海牛津版_page_067_p67_c1,book_en_[搬书匠#893][Pyomo—Optimization Modeling in Python].2012.英文版_page_188_p188_c2,PPT_8076_MEYER_Chapter_2_-_Language_Change_page_014_p14_c1",0,False,0.0
What is the title of the section in the table?,5,docstructbench_dianzishu_zhongwenzaixian-o.O-61523162.pdf_276_p276_c6,"color_textbook_教材全解1+1二年级上册英语上海牛津版_page_067_p67_c1,book_en_[搬书匠#893][Pyomo—Optimization Modeling in Python].2012.英文版_page_188_p188_c2,PPT_8076_MEYER_Chapter_2_-_Language_Change_page_014_p14_c1,jiaocaineedrop_jiaocai_needrop_en_1118_p1118_c0,newspaper_The Globe and Mail - 2025-1-8@magazinesclubnew_page_014_p14_c2",0,False,0.0
"What is the condition for $ d_i, d_{i+1}, d_{i+2} $ to be the side lengths of an acute triangle?",1,exam_paper_en-file-putnam-archive_2012_Solutions_2012s_page_001_p1_c0,exam_paper_en-file-putnam-archive_2012_Solutions_2012s_page_001_p1_c0,1,True,1.0
"What is the condition for $ d_i, d_{i+1}, d_{i+2} $ to be the side lengths of an acute triangle?",3,exam_paper_en-file-putnam-archive_2012_Solutions_2012s_page_001_p1_c0,"exam_paper_en-file-putnam-archive_2012_Solutions_2012s_page_001_p1_c0,exam_paper_en-file-putnam-archive_1996_Solutions_1996s_page_002_p2_c0,jiaocaineedrop_jiaocai_needrop_en_1141_p1141_c0",1,True,1.0
"What is the condition for $ d_i, d_{i+1}, d_{i+2} $ to be the side lengths of an acute triangle?",5,exam_paper_en-file-putnam-archive_2012_Solutions_2012s_page_001_p1_c0,"exam_paper_en-file-putnam-archive_2012_Solutions_2012s_page_001_p1_c0,exam_paper_en-file-putnam-archive_1996_Solutions_1996s_page_002_p2_c0,jiaocaineedrop_jiaocai_needrop_en_1141_p1141_c0,jiaocaineedrop_jiaocai_needrop_en_1564_p1564_c2,exam_paper_en-file-putnam-archive_2012_Solutions_2012s_page_001_p1_c6",1,True,1.0
"What is the function f(x) defined for all x in [-1, 1]?",1,exam_paper_en-file-putnam-archive_2012_Solutions_2012s_page_001_p1_c1,exam_paper_en-file-putnam-archive_2012_Solutions_2012s_page_001_p1_c2,0,False,0.0
"What is the function f(x) defined for all x in [-1, 1]?",3,exam_paper_en-file-putnam-archive_2012_Solutions_2012s_page_001_p1_c1,"exam_paper_en-file-putnam-archive_2012_Solutions_2012s_page_001_p1_c2,exam_paper_en-file-putnam-archive_2012_Solutions_2012s_page_001_p1_c1,exam_paper_en-file-putnam-archive_2009_Solutions_2009s_page_003_p3_c9",2,True,1.0
"What is the function f(x) defined for all x in [-1, 1]?",5,exam_paper_en-file-putnam-archive_2012_Solutions_2012s_page_001_p1_c1,"exam_paper_en-file-putnam-archive_2012_Solutions_2012s_page_001_p1_c2,exam_paper_en-file-putnam-archive_2012_Solutions_2012s_page_001_p1_c1,exam_paper_en-file-putnam-archive_2009_Solutions_2009s_page_003_p3_c9,exam_paper_en-file-putnam-archive_1996_Solutions_1996s_page_002_p2_c7,exam_paper_en-file-putnam-archive_2012_Solutions_2012s_page_001_p1_c3",2,True,1.0
"What is the value of g(x) for x in (-1,1)?",1,exam_paper_en-file-putnam-archive_2012_Solutions_2012s_page_001_p1_c3,exam_paper_en-file-putnam-archive_2012_Solutions_2012s_page_001_p1_c3,1,True,1.0
"What is the value of g(x) for x in (-1,1)?",3,exam_paper_en-file-putnam-archive_2012_Solutions_2012s_page_001_p1_c3,"exam_paper_en-file-putnam-archive_2012_Solutions_2012s_page_001_p1_c3,exam_paper_en-file-putnam-archive_2012_Solutions_2012s_page_001_p1_c2,exam_paper_en-file-putnam-archive_2011_Solutions_2011s_page_002_p2_c0",1,True,1.0
"What is the value of g(x) for x in (-1,1)?",5,exam_paper_en-file-putnam-archive_2012_Solutions_2012s_page_001_p1_c3,"exam_paper_en-file-putnam-archive_2012_Solutions_2012s_page_001_p1_c3,exam_paper_en-file-putnam-archive_2012_Solutions_2012s_page_001_p1_c2,exam_paper_en-file-putnam-archive_2011_Solutions_2011s_page_002_p2_c0,exam_paper_en-file-putnam-archive_2012_Solutions_2012s_page_001_p1_c1,exam_paper_en-file-putnam-archive_2011_Solutions_2011s_page_002_p2_c1",1,True,1.0
What is the value of d in the proof?,1,exam_paper_en-file-putnam-archive_2012_Solutions_2012s_page_001_p1_c4,exam_paper_en-file-putnam-archive_1999_Solutions_1999s_page_002_p2_c3,0,False,0.0
What is the value of d in the proof?,3,exam_paper_en-file-putnam-archive_2012_Solutions_2012s_page_001_p1_c4,"exam_paper_en-file-putnam-archive_1999_Solutions_1999s_page_002_p2_c3,exam_paper_en-file-putnam-archive_2012_Solutions_2012s_page_001_p1_c4,exam_paper_en-file-putnam-archive_1999_Solutions_1999s_page_002_p2_c5",2,True,1.0
What is the value of d in the proof?,5,exam_paper_en-file-putnam-archive_2012_Solutions_2012s_page_001_p1_c4,"exam_paper_en-file-putnam-archive_1999_Solutions_1999s_page_002_p2_c3,exam_paper_en-file-putnam-archive_2012_Solutions_2012s_page_001_p1_c4,exam_paper_en-file-putnam-archive_1999_Solutions_1999s_page_002_p2_c5,exam_paper_en-file-putnam-archive_1999_Solutions_1999s_page_002_p2_c6,jiaocaineedrop_Evans_PDE_Solution_Chapter_6_Second-Order_Elliptic_Equations.pdf_5_p5_c1",2,True,1.0
"What must be true about the differences $b_{2}-b_{1},b_{3}-b_{1},b_{3}-b_{2}$?",1,exam_paper_en-file-putnam-archive_2012_Solutions_2012s_page_001_p1_c5,exam_paper_en-file-putnam-archive_2012_Solutions_2012s_page_001_p1_c6,0,False,0.0
"What must be true about the differences $b_{2}-b_{1},b_{3}-b_{1},b_{3}-b_{2}$?",3,exam_paper_en-file-putnam-archive_2012_Solutions_2012s_page_001_p1_c5,"exam_paper_en-file-putnam-archive_2012_Solutions_2012s_page_001_p1_c6,exam_paper_en-file-putnam-archive_2012_Solutions_2012s_page_001_p1_c5,book_en_国外数学教材-非数学专业教材-线性代数-Gilbert Strang—Linear Algebra and Its Applications 4e_0035_p35_c0",2,True,1.0
"What must be true about the differences $b_{2}-b_{1},b_{3}-b_{1},b_{3}-b_{2}$?",5,exam_paper_en-file-putnam-archive_2012_Solutions_2012s_page_001_p1_c5,"exam_paper_en-file-putnam-archive_2012_Solutions_2012s_page_001_p1_c6,exam_paper_en-file-putnam-archive_2012_Solutions_2012s_page_001_p1_c5,book_en_国外数学教材-非数学专业教材-线性代数-Gilbert Strang—Linear Algebra and Its Applications 4e_0035_p35_c0,exam_paper_en-file-putnam-archive_2009_Solutions_2009s_page_003_p3_c2,newspaper_The Wall Street Journal - 2025-01-08@magazinesclubnew_page_018_p18_c2",2,True,1.0
What is the formula that must hold if two differences have the same sign?,1,exam_paper_en-file-putnam-archive_2012_Solutions_2012s_page_001_p1_c6,exam_paper_en-file-putnam-archive_2012_Solutions_2012s_page_001_p1_c6,1,True,1.0
What is the formula that must hold if two differences have the same sign?,3,exam_paper_en-file-putnam-archive_2012_Solutions_2012s_page_001_p1_c6,"exam_paper_en-file-putnam-archive_2012_Solutions_2012s_page_001_p1_c6,exam_paper_en-file-putnam-archive_2012_Solutions_2012s_page_001_p1_c5,exam_paper_en-file-putnam-archive_2011_Solutions_2011s_page_002_p2_c2",1,True,1.0
What is the formula that must hold if two differences have the same sign?,5,exam_paper_en-file-putnam-archive_2012_Solutions_2012s_page_001_p1_c6,"exam_paper_en-file-putnam-archive_2012_Solutions_2012s_page_001_p1_c6,exam_paper_en-file-putnam-archive_2012_Solutions_2012s_page_001_p1_c5,exam_paper_en-file-putnam-archive_2011_Solutions_2011s_page_002_p2_c2,jiaocaineedrop_96657786.pdf_0_p0_c2,exam_paper_en-file-putnam-archive_1999_Solutions_1999s_page_003_p3_c8",1,True,1.0
What is the value of T in the given example?,1,exam_paper_en-file-putnam-archive_2012_Solutions_2012s_page_001_p1_c7,newspaper_The Globe and Mail - 2025-1-8@magazinesclubnew_page_014_p14_c11,0,False,0.0
What is the value of T in the given example?,3,exam_paper_en-file-putnam-archive_2012_Solutions_2012s_page_001_p1_c7,"newspaper_The Globe and Mail - 2025-1-8@magazinesclubnew_page_014_p14_c11,docstructbench_llm-raw-scihub-o.O-j.chroma.2005.03.134.pdf_6_p6_c1,exam_paper_en-file-putnam-archive_2012_Solutions_2012s_page_001_p1_c7",3,True,1.0
What is the value of T in the given example?,5,exam_paper_en-file-putnam-archive_2012_Solutions_2012s_page_001_p1_c7,"newspaper_The Globe and Mail - 2025-1-8@magazinesclubnew_page_014_p14_c11,docstructbench_llm-raw-scihub-o.O-j.chroma.2005.03.134.pdf_6_p6_c1,exam_paper_en-file-putnam-archive_2012_Solutions_2012s_page_001_p1_c7,newspaper_The Globe and Mail - 2025-1-8@magazinesclubnew_page_014_p14_c15,docstructbench_llm-raw-scihub-o.O-j.chroma.2005.05.085.pdf_4_p4_c6",3,True,1.0
What is the vector v for n = 1?,1,exam_paper_en-file-putnam-archive_2012_Solutions_2012s_page_001_p1_c8,exam_paper_en-file-putnam-archive_2011_Solutions_2011s_page_002_p2_c7,0,False,0.0
What is the vector v for n = 1?,3,exam_paper_en-file-putnam-archive_2012_Solutions_2012s_page_001_p1_c8,"exam_paper_en-file-putnam-archive_2011_Solutions_2011s_page_002_p2_c7,exam_paper_en-file-putnam-archive_2012_Solutions_2012s_page_001_p1_c8,exam_paper_en-file-putnam-archive_2011_Solutions_2011s_page_002_p2_c6",2,True,1.0
What is the vector v for n = 1?,5,exam_paper_en-file-putnam-archive_2012_Solutions_2012s_page_001_p1_c8,"exam_paper_en-file-putnam-archive_2011_Solutions_2011s_page_002_p2_c7,exam_paper_en-file-putnam-archive_2012_Solutions_2012s_page_001_p1_c8,exam_paper_en-file-putnam-archive_2011_Solutions_2011s_page_002_p2_c6,exam_paper_en-file-putnam-archive_2011_Solutions_2011s_page_002_p2_c3,exam_paper_en-file-putnam-archive_1995_Solutions_1995s_page_002_p2_c3",2,True,1.0
What is the condition for the congruence x ≡ y mod p?,1,exam_paper_en-file-putnam-archive_1996_Solutions_1996s_page_002_p2_c1,exam_paper_en-file-putnam-archive_1996_Solutions_1996s_page_002_p2_c1,1,True,1.0
What is the condition for the congruence x ≡ y mod p?,3,exam_paper_en-file-putnam-archive_1996_Solutions_1996s_page_002_p2_c1,"exam_paper_en-file-putnam-archive_1996_Solutions_1996s_page_002_p2_c1,exam_paper_en-file-putnam-archive_1996_Solutions_1996s_page_002_p2_c3,exam_paper_en-file-putnam-archive_2009_Solutions_2009s_page_003_p3_c7",1,True,1.0
What is the condition for the congruence x ≡ y mod p?,5,exam_paper_en-file-putnam-archive_1996_Solutions_1996s_page_002_p2_c1,"exam_paper_en-file-putnam-archive_1996_Solutions_1996s_page_002_p2_c1,exam_paper_en-file-putnam-archive_1996_Solutions_1996s_page_002_p2_c3,exam_paper_en-file-putnam-archive_2009_Solutions_2009s_page_003_p3_c7,exam_paper_en-file-putnam-archive_1999_Solutions_1999s_page_003_p3_c6,exam_paper_en-file-putnam-archive_1999_Solutions_1999s_page_003_p3_c5",1,True,1.0
What is the value of k when p = 6r + 5?,1,exam_paper_en-file-putnam-archive_1996_Solutions_1996s_page_002_p2_c2,exam_paper_en-file-putnam-archive_1996_Solutions_1996s_page_002_p2_c3,0,False,0.0
What is the value of k when p = 6r + 5?,3,exam_paper_en-file-putnam-archive_1996_Solutions_1996s_page_002_p2_c2,"exam_paper_en-file-putnam-archive_1996_Solutions_1996s_page_002_p2_c3,exam_paper_en-file-putnam-archive_1996_Solutions_1996s_page_002_p2_c2,jiaocaineedrop_jiaocai_needrop_en_1564_p1564_c5",2,True,1.0
What is the value of k when p = 6r + 5?,5,exam_paper_en-file-putnam-archive_1996_Solutions_1996s_page_002_p2_c2,"exam_paper_en-file-putnam-archive_1996_Solutions_1996s_page_002_p2_c3,exam_paper_en-file-putnam-archive_1996_Solutions_1996s_page_002_p2_c2,jiaocaineedrop_jiaocai_needrop_en_1564_p1564_c5,yanbaopptmerge_3aa9b6677e17fd012b0a7a230b9f18db.pdf_1327_p1327_c0,docstructbench_dianzishu_zhongwenzaixian-o.O-60403612.pdf_179_p179_c0",2,True,1.0
What is the expression for the sum from n=1 to 4r+3 of (-1)^{n-1}/n?,1,exam_paper_en-file-putnam-archive_1996_Solutions_1996s_page_002_p2_c3,exam_paper_en-file-putnam-archive_1996_Solutions_1996s_page_002_p2_c3,1,True,1.0
What is the expression for the sum from n=1 to 4r+3 of (-1)^{n-1}/n?,3,exam_paper_en-file-putnam-archive_1996_Solutions_1996s_page_002_p2_c3,"exam_paper_en-file-putnam-archive_1996_Solutions_1996s_page_002_p2_c3,exam_paper_en-file-putnam-archive_1996_Solutions_1996s_page_002_p2_c2,exam_paper_en-file-putnam-archive_1996_Solutions_1996s_page_002_p2_c1",1,True,1.0
What is the expression for the sum from n=1 to 4r+3 of (-1)^{n-1}/n?,5,exam_paper_en-file-putnam-archive_1996_Solutions_1996s_page_002_p2_c3,"exam_paper_en-file-putnam-archive_1996_Solutions_1996s_page_002_p2_c3,exam_paper_en-file-putnam-archive_1996_Solutions_1996s_page_002_p2_c2,exam_paper_en-file-putnam-archive_1996_Solutions_1996s_page_002_p2_c1,book_en_国外数学教材-数论-Melvyn B. Nathanson—Elementary Methods in Number Theory_0451_p451_c1,book_en_国外数学教材-数论-Melvyn B. Nathanson—Elementary Methods in Number Theory_0451_p451_c0",1,True,1.0
What is the limit $L$ of the sequence $\{x_n\}$ defined for $x > r_2$?,1,exam_paper_en-file-putnam-archive_1996_Solutions_1996s_page_002_p2_c4,exam_paper_en-file-putnam-archive_1996_Solutions_1996s_page_002_p2_c4,1,True,1.0
What is the limit $L$ of the sequence $\{x_n\}$ defined for $x > r_2$?,3,exam_paper_en-file-putnam-archive_1996_Solutions_1996s_page_002_p2_c4,"exam_paper_en-file-putnam-archive_1996_Solutions_1996s_page_002_p2_c4,exam_paper_en-file-putnam-archive_1996_Solutions_1996s_page_002_p2_c6,exam_paper_en-file-putnam-archive_1996_Solutions_1996s_page_002_p2_c5",1,True,1.0
What is the limit $L$ of the sequence $\{x_n\}$ defined for $x > r_2$?,5,exam_paper_en-file-putnam-archive_1996_Solutions_1996s_page_002_p2_c4,"exam_paper_en-file-putnam-archive_1996_Solutions_1996s_page_002_p2_c4,exam_paper_en-file-putnam-archive_1996_Solutions_1996s_page_002_p2_c6,exam_paper_en-file-putnam-archive_1996_Solutions_1996s_page_002_p2_c5,exam_paper_en-file-putnam-archive_1995_Solutions_1995s_page_002_p2_c4,exam_paper_en-file-putnam-archive_1996_Solutions_1996s_page_002_p2_c7",1,True,1.0
What is the number of minimal selfish subsets of [n] not containing n?,1,exam_paper_en-file-putnam-archive_1996_Solutions_1996s_page_002_p2_c7,exam_paper_en-file-putnam-archive_1996_Solutions_1996s_page_002_p2_c8,0,False,0.0
What is the number of minimal selfish subsets of [n] not containing n?,3,exam_paper_en-file-putnam-archive_1996_Solutions_1996s_page_002_p2_c7,"exam_paper_en-file-putnam-archive_1996_Solutions_1996s_page_002_p2_c8,exam_paper_en-file-putnam-archive_1996_Solutions_1996s_page_002_p2_c7,exam_paper_en-file-putnam-archive_1996_Solutions_1996s_page_002_p2_c9",2,True,1.0
What is the number of minimal selfish subsets of [n] not containing n?,5,exam_paper_en-file-putnam-archive_1996_Solutions_1996s_page_002_p2_c7,"exam_paper_en-file-putnam-archive_1996_Solutions_1996s_page_002_p2_c8,exam_paper_en-file-putnam-archive_1996_Solutions_1996s_page_002_p2_c7,exam_paper_en-file-putnam-archive_1996_Solutions_1996s_page_002_p2_c9,exam_paper_en-file-putnam-archive_2009_Solutions_2009s_page_003_p3_c2,exam_paper_en-file-putnam-archive_2009_Solutions_2009s_page_003_p3_c3",2,True,1.0
What is the recurrence relation for $ f_n $?,1,exam_paper_en-file-putnam-archive_1996_Solutions_1996s_page_002_p2_c8,exam_paper_en-file-putnam-archive_1996_Solutions_1996s_page_002_p2_c9,0,False,0.0
What is the recurrence relation for $ f_n $?,3,exam_paper_en-file-putnam-archive_1996_Solutions_1996s_page_002_p2_c8,"exam_paper_en-file-putnam-archive_1996_Solutions_1996s_page_002_p2_c9,exam_paper_en-file-putnam-archive_1996_Solutions_1996s_page_002_p2_c8,exam_paper_en-file-putnam-archive_1996_Solutions_1996s_page_002_p2_c7",2,True,1.0
What is the recurrence relation for $ f_n $?,5,exam_paper_en-file-putnam-archive_1996_Solutions_1996s_page_002_p2_c8,"exam_paper_en-file-putnam-archive_1996_Solutions_1996s_page_002_p2_c9,exam_paper_en-file-putnam-archive_1996_Solutions_1996s_page_002_p2_c8,exam_paper_en-file-putnam-archive_1996_Solutions_1996s_page_002_p2_c7,exam_paper_en-file-putnam-archive_2006_Solutions_2006s_page_006_p6_c6,exam_paper_en-file-putnam-archive_2007_Solutions_2007s_page_005_p5_c0",2,True,1.0
What is the value of f_1 and f_2 according to the document fragment?,1,exam_paper_en-file-putnam-archive_1996_Solutions_1996s_page_002_p2_c9,exam_paper_en-file-putnam-archive_1996_Solutions_1996s_page_002_p2_c9,1,True,1.0
What is the value of f_1 and f_2 according to the document fragment?,3,exam_paper_en-file-putnam-archive_1996_Solutions_1996s_page_002_p2_c9,"exam_paper_en-file-putnam-archive_1996_Solutions_1996s_page_002_p2_c9,exam_paper_en-file-putnam-archive_1996_Solutions_1996s_page_002_p2_c8,docstructbench_llm-raw-scihub-o.O-j.chroma.2005.05.085.pdf_4_p4_c6",1,True,1.0
What is the value of f_1 and f_2 according to the document fragment?,5,exam_paper_en-file-putnam-archive_1996_Solutions_1996s_page_002_p2_c9,"exam_paper_en-file-putnam-archive_1996_Solutions_1996s_page_002_p2_c9,exam_paper_en-file-putnam-archive_1996_Solutions_1996s_page_002_p2_c8,docstructbench_llm-raw-scihub-o.O-j.chroma.2005.05.085.pdf_4_p4_c6,jiaocaineedrop_96657786.pdf_0_p0_c2,jiaocaineedrop_96657786.pdf_0_p0_c5",1,True,1.0
What is the formula for $ rac{a}{b} $ in terms of the partial quotients?,1,book_en_国外数学教材-数论-Melvyn B. Nathanson—Elementary Methods in Number Theory_0035_p35_c2,book_en_国外数学教材-数论-Melvyn B. Nathanson—Elementary Methods in Number Theory_0035_p35_c0,0,False,0.0
What is the formula for $ rac{a}{b} $ in terms of the partial quotients?,3,book_en_国外数学教材-数论-Melvyn B. Nathanson—Elementary Methods in Number Theory_0035_p35_c2,"book_en_国外数学教材-数论-Melvyn B. Nathanson—Elementary Methods in Number Theory_0035_p35_c0,book_en_国外数学教材-数论-Melvyn B. Nathanson—Elementary Methods in Number Theory_0035_p35_c1,book_en_国外数学教材-数论-Melvyn B. Nathanson—Elementary Methods in Number Theory_0035_p35_c2",3,True,1.0
What is the formula for $ rac{a}{b} $ in terms of the partial quotients?,5,book_en_国外数学教材-数论-Melvyn B. Nathanson—Elementary Methods in Number Theory_0035_p35_c2,"book_en_国外数学教材-数论-Melvyn B. Nathanson—Elementary Methods in Number Theory_0035_p35_c0,book_en_国外数学教材-数论-Melvyn B. Nathanson—Elementary Methods in Number Theory_0035_p35_c1,book_en_国外数学教材-数论-Melvyn B. Nathanson—Elementary Methods in Number Theory_0035_p35_c2,jiaocaineedrop_jiaocai_needrop_en_1564_p1564_c4,yanbaopptmerge_3aa9b6677e17fd012b0a7a230b9f18db.pdf_1327_p1327_c3",3,True,1.0
What is the title of the section containing the exercises?,1,book_en_国外数学教材-数论-Melvyn B. Nathanson—Elementary Methods in Number Theory_0035_p35_c3,jiaocaineedrop_jiaocai_needrop_en_237_p237_c0,0,False,0.0
What is the title of the section containing the exercises?,3,book_en_国外数学教材-数论-Melvyn B. Nathanson—Elementary Methods in Number Theory_0035_p35_c3,"jiaocaineedrop_jiaocai_needrop_en_237_p237_c0,jiaocaineedrop_jiaocai_needrop_en_2893_p2893_c0,jiaocaineedrop_jiaocai_needrop_en_1836_p1836_c0",0,False,0.0
What is the title of the section containing the exercises?,5,book_en_国外数学教材-数论-Melvyn B. Nathanson—Elementary Methods in Number Theory_0035_p35_c3,"jiaocaineedrop_jiaocai_needrop_en_237_p237_c0,jiaocaineedrop_jiaocai_needrop_en_2893_p2893_c0,jiaocaineedrop_jiaocai_needrop_en_1836_p1836_c0,book_en_A.Concise.Introduction.to.Linear.Algebra,.Geza.Schay,.Birkhauser,.2012_page_065_p65_c2,jiaocaineedrop_jiaocai_needrop_en_1836_p1836_c1",0,False,0.0
制度史研究中存在什么重要问题？,1,jiaocaineedrop_jiaocai_needrop_en_377_p377_c0,jiaocaineedrop_jiaocai_needrop_en_377_p377_c0,1,True,1.0
制度史研究中存在什么重要问题？,3,jiaocaineedrop_jiaocai_needrop_en_377_p377_c0,"jiaocaineedrop_jiaocai_needrop_en_377_p377_c0,jiaocaineedrop_jiaocai_needrop_en_377_p377_c2,jiaocaineedrop_jiaocai_needrop_en_377_p377_c1",1,True,1.0
制度史研究中存在什么重要问题？,5,jiaocaineedrop_jiaocai_needrop_en_377_p377_c0,"jiaocaineedrop_jiaocai_needrop_en_377_p377_c0,jiaocaineedrop_jiaocai_needrop_en_377_p377_c2,jiaocaineedrop_jiaocai_needrop_en_377_p377_c1,jiaocaineedrop_jiaocai_needrop_en_377_p377_c3,jiaocaineedrop_jiaocai_needrop_en_155_p155_c0",1,True,1.0
制度史研究要见人必须坚持什么观点？,1,jiaocaineedrop_jiaocai_needrop_en_377_p377_c1,jiaocaineedrop_jiaocai_needrop_en_377_p377_c1,1,True,1.0
制度史研究要见人必须坚持什么观点？,3,jiaocaineedrop_jiaocai_needrop_en_377_p377_c1,"jiaocaineedrop_jiaocai_needrop_en_377_p377_c1,jiaocaineedrop_jiaocai_needrop_en_377_p377_c0,jiaocaineedrop_jiaocai_needrop_en_377_p377_c2",1,True,1.0
制度史研究要见人必须坚持什么观点？,5,jiaocaineedrop_jiaocai_needrop_en_377_p377_c1,"jiaocaineedrop_jiaocai_needrop_en_377_p377_c1,jiaocaineedrop_jiaocai_needrop_en_377_p377_c0,jiaocaineedrop_jiaocai_needrop_en_377_p377_c2,jiaocaineedrop_jiaocai_needrop_en_377_p377_c3,yanbaopptmerge_yanbaoPPT_6170_p6170_c0",1,True,1.0
制度构建与发展受哪些因素制约？,1,jiaocaineedrop_jiaocai_needrop_en_377_p377_c2,jiaocaineedrop_jiaocai_needrop_en_377_p377_c1,0,False,0.0
制度构建与发展受哪些因素制约？,3,jiaocaineedrop_jiaocai_needrop_en_377_p377_c2,"jiaocaineedrop_jiaocai_needrop_en_377_p377_c1,jiaocaineedrop_jiaocai_needrop_en_377_p377_c2,jiaocaineedrop_jiaocai_needrop_en_377_p377_c3",2,True,1.0
制度构建与发展受哪些因素制约？,5,jiaocaineedrop_jiaocai_needrop_en_377_p377_c2,"jiaocaineedrop_jiaocai_needrop_en_377_p377_c1,jiaocaineedrop_jiaocai_needrop_en_377_p377_c2,jiaocaineedrop_jiaocai_needrop_en_377_p377_c3,jiaocaineedrop_jiaocai_needrop_en_377_p377_c0,yanbaor2_89c3718f5a45179ef57a5063c6df36fc2c9b7e3ab4275f4905ed89f1c17232ea.pdf_14_p14_c6",2,True,1.0
制度不是人的任意创造，各种不以人的主观意志为转移的客观因素，制约着制度的构建与发展。,1,jiaocaineedrop_jiaocai_needrop_en_377_p377_c3,jiaocaineedrop_jiaocai_needrop_en_377_p377_c2,0,False,0.0
制度不是人的任意创造，各种不以人的主观意志为转移的客观因素，制约着制度的构建与发展。,3,jiaocaineedrop_jiaocai_needrop_en_377_p377_c3,"jiaocaineedrop_jiaocai_needrop_en_377_p377_c2,jiaocaineedrop_jiaocai_needrop_en_377_p377_c1,jiaocaineedrop_jiaocai_needrop_en_377_p377_c0",0,False,0.0
制度不是人的任意创造，各种不以人的主观意志为转移的客观因素，制约着制度的构建与发展。,5,jiaocaineedrop_jiaocai_needrop_en_377_p377_c3,"jiaocaineedrop_jiaocai_needrop_en_377_p377_c2,jiaocaineedrop_jiaocai_needrop_en_377_p377_c1,jiaocaineedrop_jiaocai_needrop_en_377_p377_c0,jiaocaineedrop_jiaocai_needrop_en_377_p377_c3,jiaocaineedrop_biz-96816.pdf_48_p48_c1",4,True,1.0
神舟十二号航天员的自信微笑说明了什么？,1,jiaocaineedrop_jiaocai_needrop_en_377_p377_c5,jiaocaineedrop_jiaocai_needrop_en_377_p377_c5,1,True,1.0
神舟十二号航天员的自信微笑说明了什么？,3,jiaocaineedrop_jiaocai_needrop_en_377_p377_c5,"jiaocaineedrop_jiaocai_needrop_en_377_p377_c5,jiaocaineedrop_jiaocai_needrop_en_377_p377_c4,jiaocaineedrop_jiaocai_needrop_en_377_p377_c6",1,True,1.0
神舟十二号航天员的自信微笑说明了什么？,5,jiaocaineedrop_jiaocai_needrop_en_377_p377_c5,"jiaocaineedrop_jiaocai_needrop_en_377_p377_c5,jiaocaineedrop_jiaocai_needrop_en_377_p377_c4,jiaocaineedrop_jiaocai_needrop_en_377_p377_c6,jiaocaineedrop_jiaocai_needrop_en_1836_p1836_c2,jiaocaineedrop_jiaocai_needrop_en_377_p377_c7",1,True,1.0
冯帆为什么决定跳入海中？,1,jiaocaineedrop_jiaocai_needrop_en_377_p377_c6,jiaocaineedrop_jiaocai_needrop_en_377_p377_c6,1,True,1.0
冯帆为什么决定跳入海中？,3,jiaocaineedrop_jiaocai_needrop_en_377_p377_c6,"jiaocaineedrop_jiaocai_needrop_en_377_p377_c6,jiaocaineedrop_jiaocai_needrop_en_377_p377_c8,jiaocaineedrop_jiaocai_needrop_en_377_p377_c7",1,True,1.0
冯帆为什么决定跳入海中？,5,jiaocaineedrop_jiaocai_needrop_en_377_p377_c6,"jiaocaineedrop_jiaocai_needrop_en_377_p377_c6,jiaocaineedrop_jiaocai_needrop_en_377_p377_c8,jiaocaineedrop_jiaocai_needrop_en_377_p377_c7,jiaocaineedrop_jiaocai_needrop_en_1836_p1836_c2,color_textbook_zhonggaokao_小学_KET听说读写逐项突破_KET听说读写逐项突破之轻松搞定KET写作25分 【10讲 褚连一】_第10讲第十课写作Part9小作文练习_第十课写作Part9小作文练习_page_010_p10_c2",1,True,1.0
冯帆发现海水高山的什么现象让他感到惊讶？,1,jiaocaineedrop_jiaocai_needrop_en_377_p377_c7,jiaocaineedrop_jiaocai_needrop_en_377_p377_c7,1,True,1.0
冯帆发现海水高山的什么现象让他感到惊讶？,3,jiaocaineedrop_jiaocai_needrop_en_377_p377_c7,"jiaocaineedrop_jiaocai_needrop_en_377_p377_c7,jiaocaineedrop_jiaocai_needrop_en_377_p377_c8,jiaocaineedrop_jiaocai_needrop_en_377_p377_c6",1,True,1.0
冯帆发现海水高山的什么现象让他感到惊讶？,5,jiaocaineedrop_jiaocai_needrop_en_377_p377_c7,"jiaocaineedrop_jiaocai_needrop_en_377_p377_c7,jiaocaineedrop_jiaocai_needrop_en_377_p377_c8,jiaocaineedrop_jiaocai_needrop_en_377_p377_c6,jiaocaineedrop_jiaocai_needrop_en_1836_p1836_c2,jiaocaineedrop_jiaocai_needrop_en_2193_p2193_c0",1,True,1.0
冯帆是如何被海浪传递向峰顶的？,1,jiaocaineedrop_jiaocai_needrop_en_377_p377_c8,jiaocaineedrop_jiaocai_needrop_en_377_p377_c8,1,True,1.0
冯帆是如何被海浪传递向峰顶的？,3,jiaocaineedrop_jiaocai_needrop_en_377_p377_c8,"jiaocaineedrop_jiaocai_needrop_en_377_p377_c8,jiaocaineedrop_jiaocai_needrop_en_377_p377_c7,jiaocaineedrop_jiaocai_needrop_en_377_p377_c6",1,True,1.0
冯帆是如何被海浪传递向峰顶的？,5,jiaocaineedrop_jiaocai_needrop_en_377_p377_c8,"jiaocaineedrop_jiaocai_needrop_en_377_p377_c8,jiaocaineedrop_jiaocai_needrop_en_377_p377_c7,jiaocaineedrop_jiaocai_needrop_en_377_p377_c6,jiaocaineedrop_jiaocai_needrop_en_1836_p1836_c2,color_textbook_zhonggaokao_小学_KET听说读写逐项突破_KET听说读写逐项突破之轻松搞定KET写作25分 【10讲 褚连一】_第10讲第十课写作Part9小作文练习_第十课写作Part9小作文练习_page_010_p10_c2",1,True,1.0
Which department was given the responsibility of providing LEP guidance to federal agencies?,1,PPT_LEP power point presentation-English-FINAL-10-31-07_page_004_p4_c0,PPT_LEP power point presentation-English-FINAL-10-31-07_page_004_p4_c0,1,True,1.0
Which department was given the responsibility of providing LEP guidance to federal agencies?,3,PPT_LEP power point presentation-English-FINAL-10-31-07_page_004_p4_c0,"PPT_LEP power point presentation-English-FINAL-10-31-07_page_004_p4_c0,newspaper_fe5ed29024932fad071afc53807b16ba_1_p1_c1,magazine_TheEconomist.2024.03.02_page_028_p28_c7",1,True,1.0
Which department was given the responsibility of providing LEP guidance to federal agencies?,5,PPT_LEP power point presentation-English-FINAL-10-31-07_page_004_p4_c0,"PPT_LEP power point presentation-English-FINAL-10-31-07_page_004_p4_c0,newspaper_fe5ed29024932fad071afc53807b16ba_1_p1_c1,magazine_TheEconomist.2024.03.02_page_028_p28_c7,newspaper_eb569707cf5621d4c71d5898216cdb17_1_p1_c0,jiaocaineedrop_chap15.pdf_3_p3_c0",1,True,1.0
文章的第四部分主要描写什么内容？,1,yanbaopptmerge_yanbaoPPT_4900_p4900_c0,yanbaopptmerge_yanbaoPPT_4900_p4900_c0,1,True,1.0
文章的第四部分主要描写什么内容？,3,yanbaopptmerge_yanbaoPPT_4900_p4900_c0,"yanbaopptmerge_yanbaoPPT_4900_p4900_c0,jiaocaineedrop_jiaocai_needrop_en_1836_p1836_c1,jiaocaineedrop_jiaocai_needrop_en_1836_p1836_c2",1,True,1.0
文章的第四部分主要描写什么内容？,5,yanbaopptmerge_yanbaoPPT_4900_p4900_c0,"yanbaopptmerge_yanbaoPPT_4900_p4900_c0,jiaocaineedrop_jiaocai_needrop_en_1836_p1836_c1,jiaocaineedrop_jiaocai_needrop_en_1836_p1836_c2,jiaocaineedrop_jiaocai_needrop_en_377_p377_c6,jiaocaineedrop_jiaocai_needrop_en_2193_p2193_c0",1,True,1.0
2022 Q1公司新签大额订单合同额是多少？,1,yanbaopptmerge_ee19df4a08e3d07ac1190446f5b3dd3f25438c661b87cf4fbb9040ac5fac443b.pdf_1_p1_c0,yanbaopptmerge_ee19df4a08e3d07ac1190446f5b3dd3f25438c661b87cf4fbb9040ac5fac443b.pdf_1_p1_c0,1,True,1.0
2022 Q1公司新签大额订单合同额是多少？,3,yanbaopptmerge_ee19df4a08e3d07ac1190446f5b3dd3f25438c661b87cf4fbb9040ac5fac443b.pdf_1_p1_c0,"yanbaopptmerge_ee19df4a08e3d07ac1190446f5b3dd3f25438c661b87cf4fbb9040ac5fac443b.pdf_1_p1_c0,yanbaopptmerge_baa6d02928efcac46ccf7dfd3859de565cfb0bea918ae0ec0eed50944a7c20b4.pdf_11_p11_c1,eastmoney_03e39833d520af7d1abb96dd624dcd15f2b57d061969d196e80922e2f590503f.pdf_22_p22_c1",1,True,1.0
2022 Q1公司新签大额订单合同额是多少？,5,yanbaopptmerge_ee19df4a08e3d07ac1190446f5b3dd3f25438c661b87cf4fbb9040ac5fac443b.pdf_1_p1_c0,"yanbaopptmerge_ee19df4a08e3d07ac1190446f5b3dd3f25438c661b87cf4fbb9040ac5fac443b.pdf_1_p1_c0,yanbaopptmerge_baa6d02928efcac46ccf7dfd3859de565cfb0bea918ae0ec0eed50944a7c20b4.pdf_11_p11_c1,eastmoney_03e39833d520af7d1abb96dd624dcd15f2b57d061969d196e80922e2f590503f.pdf_22_p22_c1,yanbaopptmerge_51e549c0d1a2669ac976409fcf99ce91908b1e0a07f0fc70d92263abf6d07f18.pdf_1_p1_c0,yanbaopptmerge_2f4902871606698497c53ccb18d3fec2f83d05047d883cd65bbce26bfb27bcd2.pdf_1_p1_c0",1,True,1.0
What is the P/B value in 2024E?,1,yanbaopptmerge_ee19df4a08e3d07ac1190446f5b3dd3f25438c661b87cf4fbb9040ac5fac443b.pdf_1_p1_c1,yanbaopptmerge_ee19df4a08e3d07ac1190446f5b3dd3f25438c661b87cf4fbb9040ac5fac443b.pdf_1_p1_c1,1,True,1.0
What is the P/B value in 2024E?,3,yanbaopptmerge_ee19df4a08e3d07ac1190446f5b3dd3f25438c661b87cf4fbb9040ac5fac443b.pdf_1_p1_c1,"yanbaopptmerge_ee19df4a08e3d07ac1190446f5b3dd3f25438c661b87cf4fbb9040ac5fac443b.pdf_1_p1_c1,yanbaopptmerge_51e549c0d1a2669ac976409fcf99ce91908b1e0a07f0fc70d92263abf6d07f18.pdf_1_p1_c0,yanbaopptmerge_ee19df4a08e3d07ac1190446f5b3dd3f25438c661b87cf4fbb9040ac5fac443b.pdf_1_p1_c2",1,True,1.0
What is the P/B value in 2024E?,5,yanbaopptmerge_ee19df4a08e3d07ac1190446f5b3dd3f25438c661b87cf4fbb9040ac5fac443b.pdf_1_p1_c1,"yanbaopptmerge_ee19df4a08e3d07ac1190446f5b3dd3f25438c661b87cf4fbb9040ac5fac443b.pdf_1_p1_c1,yanbaopptmerge_51e549c0d1a2669ac976409fcf99ce91908b1e0a07f0fc70d92263abf6d07f18.pdf_1_p1_c0,yanbaopptmerge_ee19df4a08e3d07ac1190446f5b3dd3f25438c661b87cf4fbb9040ac5fac443b.pdf_1_p1_c2,yanbaopptmerge_51e549c0d1a2669ac976409fcf99ce91908b1e0a07f0fc70d92263abf6d07f18.pdf_1_p1_c1,yanbaopptmerge_2f4902871606698497c53ccb18d3fec2f83d05047d883cd65bbce26bfb27bcd2.pdf_1_p1_c0",1,True,1.0
What is the P/B value in the fourth year?,1,yanbaopptmerge_ee19df4a08e3d07ac1190446f5b3dd3f25438c661b87cf4fbb9040ac5fac443b.pdf_1_p1_c2,yanbaopptmerge_51e549c0d1a2669ac976409fcf99ce91908b1e0a07f0fc70d92263abf6d07f18.pdf_1_p1_c1,0,False,0.0
What is the P/B value in the fourth year?,3,yanbaopptmerge_ee19df4a08e3d07ac1190446f5b3dd3f25438c661b87cf4fbb9040ac5fac443b.pdf_1_p1_c2,"yanbaopptmerge_51e549c0d1a2669ac976409fcf99ce91908b1e0a07f0fc70d92263abf6d07f18.pdf_1_p1_c1,yanbaopptmerge_ee19df4a08e3d07ac1190446f5b3dd3f25438c661b87cf4fbb9040ac5fac443b.pdf_1_p1_c2,docstructbench_llm-raw-scihub-o.O-j.chroma.2005.05.085.pdf_4_p4_c6",2,True,1.0
What is the P/B value in the fourth year?,5,yanbaopptmerge_ee19df4a08e3d07ac1190446f5b3dd3f25438c661b87cf4fbb9040ac5fac443b.pdf_1_p1_c2,"yanbaopptmerge_51e549c0d1a2669ac976409fcf99ce91908b1e0a07f0fc70d92263abf6d07f18.pdf_1_p1_c1,yanbaopptmerge_ee19df4a08e3d07ac1190446f5b3dd3f25438c661b87cf4fbb9040ac5fac443b.pdf_1_p1_c2,docstructbench_llm-raw-scihub-o.O-j.chroma.2005.05.085.pdf_4_p4_c6,scihub_bloodadvances.2019030924.pdf_3_p3_c2,yanbaopptmerge_51e549c0d1a2669ac976409fcf99ce91908b1e0a07f0fc70d92263abf6d07f18.pdf_1_p1_c0",2,True,1.0
What is the interval of possible values mentioned in the document fragment?,1,exam_paper_en-file-putnam-archive_2000_Solutions_2000s_page_001_p1_c0,exam_paper_en-file-putnam-archive_2000_Solutions_2000s_page_001_p1_c0,1,True,1.0
What is the interval of possible values mentioned in the document fragment?,3,exam_paper_en-file-putnam-archive_2000_Solutions_2000s_page_001_p1_c0,"exam_paper_en-file-putnam-archive_2000_Solutions_2000s_page_001_p1_c0,newspaper_The Globe and Mail - 2025-1-8@magazinesclubnew_page_014_p14_c3,newspaper_The Globe and Mail - 2025-1-8@magazinesclubnew_page_014_p14_c9",1,True,1.0
What is the interval of possible values mentioned in the document fragment?,5,exam_paper_en-file-putnam-archive_2000_Solutions_2000s_page_001_p1_c0,"exam_paper_en-file-putnam-archive_2000_Solutions_2000s_page_001_p1_c0,newspaper_The Globe and Mail - 2025-1-8@magazinesclubnew_page_014_p14_c3,newspaper_The Globe and Mail - 2025-1-8@magazinesclubnew_page_014_p14_c9,docstructbench_dianzishu_zhongwenzaixian-o.O-60403612.pdf_179_p179_c0,newspaper_The Globe and Mail - 2025-1-8@magazinesclubnew_page_014_p14_c22",1,True,1.0
What is the form of n in the second solution?,1,exam_paper_en-file-putnam-archive_2000_Solutions_2000s_page_001_p1_c2,exam_paper_en-file-putnam-archive_1998_Solutions_1998s_page_002_p2_c6,0,False,0.0
What is the form of n in the second solution?,3,exam_paper_en-file-putnam-archive_2000_Solutions_2000s_page_001_p1_c2,"exam_paper_en-file-putnam-archive_1998_Solutions_1998s_page_002_p2_c6,exam_paper_en-file-putnam-archive_2000_Solutions_2000s_page_001_p1_c2,exam_paper_en-file-putnam-archive_1999_Solutions_1999s_page_002_p2_c0",2,True,1.0
What is the form of n in the second solution?,5,exam_paper_en-file-putnam-archive_2000_Solutions_2000s_page_001_p1_c2,"exam_paper_en-file-putnam-archive_1998_Solutions_1998s_page_002_p2_c6,exam_paper_en-file-putnam-archive_2000_Solutions_2000s_page_001_p1_c2,exam_paper_en-file-putnam-archive_1999_Solutions_1999s_page_002_p2_c0,exam_paper_en-file-putnam-archive_2000_Solutions_2000s_page_001_p1_c3,exam_paper_en-file-putnam-archive_1998_Solutions_1998s_page_002_p2_c5",2,True,1.0
What is the maximum area mentioned in the document fragment?,1,exam_paper_en-file-putnam-archive_2000_Solutions_2000s_page_001_p1_c3,exam_paper_en-file-putnam-archive_2000_Solutions_2000s_page_001_p1_c4,0,False,0.0
What is the maximum area mentioned in the document fragment?,3,exam_paper_en-file-putnam-archive_2000_Solutions_2000s_page_001_p1_c3,"exam_paper_en-file-putnam-archive_2000_Solutions_2000s_page_001_p1_c4,exam_paper_en-file-putnam-archive_2000_Solutions_2000s_page_001_p1_c3,jiaocaineedrop_jiaocai_needrop_en_1473_p1473_c1",2,True,1.0
What is the maximum area mentioned in the document fragment?,5,exam_paper_en-file-putnam-archive_2000_Solutions_2000s_page_001_p1_c3,"exam_paper_en-file-putnam-archive_2000_Solutions_2000s_page_001_p1_c4,exam_paper_en-file-putnam-archive_2000_Solutions_2000s_page_001_p1_c3,jiaocaineedrop_jiaocai_needrop_en_1473_p1473_c1,book_zh_CNASGL0092018_extracted_page_69_p69_c1,exam_paper_en-file-putnam-archive_2006_Solutions_2006s_page_006_p6_c0",2,True,1.0
What is the area of the octagon expressed as?,1,exam_paper_en-file-putnam-archive_2000_Solutions_2000s_page_001_p1_c4,exam_paper_en-file-putnam-archive_2000_Solutions_2000s_page_001_p1_c5,0,False,0.0
What is the area of the octagon expressed as?,3,exam_paper_en-file-putnam-archive_2000_Solutions_2000s_page_001_p1_c4,"exam_paper_en-file-putnam-archive_2000_Solutions_2000s_page_001_p1_c5,exam_paper_en-file-putnam-archive_2000_Solutions_2000s_page_001_p1_c4,exam_paper_en-file-putnam-archive_2000_Solutions_2000s_page_001_p1_c6",2,True,1.0
What is the area of the octagon expressed as?,5,exam_paper_en-file-putnam-archive_2000_Solutions_2000s_page_001_p1_c4,"exam_paper_en-file-putnam-archive_2000_Solutions_2000s_page_001_p1_c5,exam_paper_en-file-putnam-archive_2000_Solutions_2000s_page_001_p1_c4,exam_paper_en-file-putnam-archive_2000_Solutions_2000s_page_001_p1_c6,jiaocaineedrop_AMC8_V5.pdf_64_p64_c1,jiaocaineedrop_jiaocai_needrop_en_1564_p1564_c2",2,True,1.0
What is the area of the octagon when P3 and P5 are midpoints of their respective arcs?,1,exam_paper_en-file-putnam-archive_2000_Solutions_2000s_page_001_p1_c5,exam_paper_en-file-putnam-archive_2000_Solutions_2000s_page_001_p1_c5,1,True,1.0
What is the area of the octagon when P3 and P5 are midpoints of their respective arcs?,3,exam_paper_en-file-putnam-archive_2000_Solutions_2000s_page_001_p1_c5,"exam_paper_en-file-putnam-archive_2000_Solutions_2000s_page_001_p1_c5,exam_paper_en-file-putnam-archive_2000_Solutions_2000s_page_001_p1_c6,exam_paper_en-file-putnam-archive_2000_Solutions_2000s_page_001_p1_c4",1,True,1.0
What is the area of the octagon when P3 and P5 are midpoints of their respective arcs?,5,exam_paper_en-file-putnam-archive_2000_Solutions_2000s_page_001_p1_c5,"exam_paper_en-file-putnam-archive_2000_Solutions_2000s_page_001_p1_c5,exam_paper_en-file-putnam-archive_2000_Solutions_2000s_page_001_p1_c6,exam_paper_en-file-putnam-archive_2000_Solutions_2000s_page_001_p1_c4,exam_paper_en-file-putnam-archive_2000_Solutions_2000s_page_001_p1_c3,jiaocaineedrop_AMC8_V5.pdf_64_p64_c1",1,True,1.0
What is the area of the octagon mentioned in the text?,1,exam_paper_en-file-putnam-archive_2000_Solutions_2000s_page_001_p1_c6,exam_paper_en-file-putnam-archive_2000_Solutions_2000s_page_001_p1_c5,0,False,0.0
What is the area of the octagon mentioned in the text?,3,exam_paper_en-file-putnam-archive_2000_Solutions_2000s_page_001_p1_c6,"exam_paper_en-file-putnam-archive_2000_Solutions_2000s_page_001_p1_c5,exam_paper_en-file-putnam-archive_2000_Solutions_2000s_page_001_p1_c6,exam_paper_en-file-putnam-archive_2000_Solutions_2000s_page_001_p1_c4",2,True,1.0
What is the area of the octagon mentioned in the text?,5,exam_paper_en-file-putnam-archive_2000_Solutions_2000s_page_001_p1_c6,"exam_paper_en-file-putnam-archive_2000_Solutions_2000s_page_001_p1_c5,exam_paper_en-file-putnam-archive_2000_Solutions_2000s_page_001_p1_c6,exam_paper_en-file-putnam-archive_2000_Solutions_2000s_page_001_p1_c4,jiaocaineedrop_AMC8_V5.pdf_64_p64_c1,jiaocaineedrop_jiaocai_needrop_en_1564_p1564_c2",2,True,1.0
What is the expression for the integral of $ \frac{\sin x}{2x^2} \cos x^2 $?,1,exam_paper_en-file-putnam-archive_2000_Solutions_2000s_page_001_p1_c7,exam_paper_en-file-putnam-archive_2000_Solutions_2000s_page_001_p1_c7,1,True,1.0
What is the expression for the integral of $ \frac{\sin x}{2x^2} \cos x^2 $?,3,exam_paper_en-file-putnam-archive_2000_Solutions_2000s_page_001_p1_c7,"exam_paper_en-file-putnam-archive_2000_Solutions_2000s_page_001_p1_c7,exam_paper_en-file-putnam-archive_2000_Solutions_2000s_page_001_p1_c6,exam_paper_en-file-putnam-archive_2000_Solutions_2000s_page_001_p1_c8",1,True,1.0
What is the expression for the integral of $ \frac{\sin x}{2x^2} \cos x^2 $?,5,exam_paper_en-file-putnam-archive_2000_Solutions_2000s_page_001_p1_c7,"exam_paper_en-file-putnam-archive_2000_Solutions_2000s_page_001_p1_c7,exam_paper_en-file-putnam-archive_2000_Solutions_2000s_page_001_p1_c6,exam_paper_en-file-putnam-archive_2000_Solutions_2000s_page_001_p1_c8,exam_paper_en-file-putnam-archive_1995_Solutions_1995s_page_002_p2_c2,jiaocaineedrop_jiaocai_needrop_en_1564_p1564_c5",1,True,1.0
What is the result of integrating cos(x^2 + x) from ε to B?,1,exam_paper_en-file-putnam-archive_2000_Solutions_2000s_page_001_p1_c8,exam_paper_en-file-putnam-archive_2000_Solutions_2000s_page_001_p1_c7,0,False,0.0
What is the result of integrating cos(x^2 + x) from ε to B?,3,exam_paper_en-file-putnam-archive_2000_Solutions_2000s_page_001_p1_c8,"exam_paper_en-file-putnam-archive_2000_Solutions_2000s_page_001_p1_c7,exam_paper_en-file-putnam-archive_2000_Solutions_2000s_page_001_p1_c8,exam_paper_en-file-putnam-archive_2000_Solutions_2000s_page_001_p1_c6",2,True,1.0
What is the result of integrating cos(x^2 + x) from ε to B?,5,exam_paper_en-file-putnam-archive_2000_Solutions_2000s_page_001_p1_c8,"exam_paper_en-file-putnam-archive_2000_Solutions_2000s_page_001_p1_c7,exam_paper_en-file-putnam-archive_2000_Solutions_2000s_page_001_p1_c8,exam_paper_en-file-putnam-archive_2000_Solutions_2000s_page_001_p1_c6,exam_paper_en-file-putnam-archive_1995_Solutions_1995s_page_002_p2_c2,jiaocaineedrop_96657786.pdf_0_p0_c3",2,True,1.0
近视对孩子的学习有哪些具体影响？,1,yanbaopptmerge_yanbaoPPT_495_p495_c0,yanbaopptmerge_yanbaoPPT_495_p495_c0,1,True,1.0
近视对孩子的学习有哪些具体影响？,3,yanbaopptmerge_yanbaoPPT_495_p495_c0,"yanbaopptmerge_yanbaoPPT_495_p495_c0,jiaocaineedrop_jiaocai_needrop_en_1836_p1836_c1,jiaocaineedrop_jiaocai_needrop_en_1836_p1836_c2",1,True,1.0
近视对孩子的学习有哪些具体影响？,5,yanbaopptmerge_yanbaoPPT_495_p495_c0,"yanbaopptmerge_yanbaoPPT_495_p495_c0,jiaocaineedrop_jiaocai_needrop_en_1836_p1836_c1,jiaocaineedrop_jiaocai_needrop_en_1836_p1836_c2,jiaocaineedrop_jiaocai_needrop_en_2193_p2193_c0,newspaper_e62730aaeb9b509119e0c3699ac18201_1_p1_c14",1,True,1.0
What is the source of the data in Table 1?,1,PPT_8076_MEYER_Chapter_2_-_Language_Change_page_014_p14_c0,docstructbench_llm-raw-scihub-o.O-j.chroma.2005.03.134.pdf_6_p6_c0,0,False,0.0
What is the source of the data in Table 1?,3,PPT_8076_MEYER_Chapter_2_-_Language_Change_page_014_p14_c0,"docstructbench_llm-raw-scihub-o.O-j.chroma.2005.03.134.pdf_6_p6_c0,scihub_ijcac.2012040101.pdf_5_p5_c0,PPT_8076_MEYER_Chapter_2_-_Language_Change_page_014_p14_c1",0,False,0.0
What is the source of the data in Table 1?,5,PPT_8076_MEYER_Chapter_2_-_Language_Change_page_014_p14_c0,"docstructbench_llm-raw-scihub-o.O-j.chroma.2005.03.134.pdf_6_p6_c0,scihub_ijcac.2012040101.pdf_5_p5_c0,PPT_8076_MEYER_Chapter_2_-_Language_Change_page_014_p14_c1,jiaocaineedrop_jiaocai_needrop_en_3937_p3937_c0,book_en_[搬书匠#893][Pyomo—Optimization Modeling in Python].2012.英文版_page_188_p188_c2",0,False,0.0
What is the ending for the 3rd person in Latin?,1,PPT_8076_MEYER_Chapter_2_-_Language_Change_page_014_p14_c1,PPT_8076_MEYER_Chapter_2_-_Language_Change_page_014_p14_c1,1,True,1.0
What is the ending for the 3rd person in Latin?,3,PPT_8076_MEYER_Chapter_2_-_Language_Change_page_014_p14_c1,"PPT_8076_MEYER_Chapter_2_-_Language_Change_page_014_p14_c1,exam_paper_2004-2019上海高考英语听力原文和答案_page_017_p17_c0,newspaper_The Globe and Mail - 2025-1-8@magazinesclubnew_page_014_p14_c22",1,True,1.0
What is the ending for the 3rd person in Latin?,5,PPT_8076_MEYER_Chapter_2_-_Language_Change_page_014_p14_c1,"PPT_8076_MEYER_Chapter_2_-_Language_Change_page_014_p14_c1,exam_paper_2004-2019上海高考英语听力原文和答案_page_017_p17_c0,newspaper_The Globe and Mail - 2025-1-8@magazinesclubnew_page_014_p14_c22,color_textbook_zhonggaokao_小学_KET听说读写逐项突破_KET听说读写逐项突破之轻松搞定KET写作25分 【10讲 褚连一】_第10讲第十课写作Part9小作文练习_第十课写作Part9小作文练习_page_010_p10_c7,yanbaopptmerge_yanbaoPPT_5945_p5945_c0",1,True,1.0
What is an example of a four-dimensional subspace?,1,book_en_国外数学教材-非数学专业教材-线性代数-Gilbert Strang—Linear Algebra and Its Applications 4e_0119_p119_c0,book_en_国外数学教材-非数学专业教材-线性代数-Gilbert Strang—Linear Algebra and Its Applications 4e_0119_p119_c0,1,True,1.0
What is an example of a four-dimensional subspace?,3,book_en_国外数学教材-非数学专业教材-线性代数-Gilbert Strang—Linear Algebra and Its Applications 4e_0119_p119_c0,"book_en_国外数学教材-非数学专业教材-线性代数-Gilbert Strang—Linear Algebra and Its Applications 4e_0119_p119_c0,exam_paper_en-file-putnam-archive_2006_Solutions_2006s_page_006_p6_c0,exam_paper_en-file-putnam-archive_2006_Solutions_2006s_page_006_p6_c4",1,True,1.0
What is an example of a four-dimensional subspace?,5,book_en_国外数学教材-非数学专业教材-线性代数-Gilbert Strang—Linear Algebra and Its Applications 4e_0119_p119_c0,"book_en_国外数学教材-非数学专业教材-线性代数-Gilbert Strang—Linear Algebra and Its Applications 4e_0119_p119_c0,exam_paper_en-file-putnam-archive_2006_Solutions_2006s_page_006_p6_c0,exam_paper_en-file-putnam-archive_2006_Solutions_2006s_page_006_p6_c4,exam_paper_en-file-putnam-archive_2006_Solutions_2006s_page_006_p6_c2,exam_paper_en-file-putnam-archive_2006_Solutions_2006s_page_006_p6_c1",1,True,1.0
What is the dimension of the column space equal to according to the text?,1,book_en_国外数学教材-非数学专业教材-线性代数-Gilbert Strang—Linear Algebra and Its Applications 4e_0119_p119_c1,book_en_国外数学教材-非数学专业教材-线性代数-Gilbert Strang—Linear Algebra and Its Applications 4e_0119_p119_c1,1,True,1.0
What is the dimension of the column space equal to according to the text?,3,book_en_国外数学教材-非数学专业教材-线性代数-Gilbert Strang—Linear Algebra and Its Applications 4e_0119_p119_c1,"book_en_国外数学教材-非数学专业教材-线性代数-Gilbert Strang—Linear Algebra and Its Applications 4e_0119_p119_c1,book_en_国外数学教材-非数学专业教材-线性代数-Gilbert Strang—Linear Algebra and Its Applications 4e_0119_p119_c0,book_en_[搬书匠#893][Pyomo—Optimization Modeling in Python].2012.英文版_page_188_p188_c2",1,True,1.0
What is the dimension of the column space equal to according to the text?,5,book_en_国外数学教材-非数学专业教材-线性代数-Gilbert Strang—Linear Algebra and Its Applications 4e_0119_p119_c1,"book_en_国外数学教材-非数学专业教材-线性代数-Gilbert Strang—Linear Algebra and Its Applications 4e_0119_p119_c1,book_en_国外数学教材-非数学专业教材-线性代数-Gilbert Strang—Linear Algebra and Its Applications 4e_0119_p119_c0,book_en_[搬书匠#893][Pyomo—Optimization Modeling in Python].2012.英文版_page_188_p188_c2,book_en_国外数学教材-非数学专业教材-线性代数-Gilbert Strang—Linear Algebra and Its Applications 4e_0119_p119_c2,docstructbench_dianzishu_zhongwenzaixian-o.O-60403612.pdf_179_p179_c0",1,True,1.0
What is the term for the largest possible number of independent vectors among the given vectors?,1,book_en_国外数学教材-非数学专业教材-线性代数-Gilbert Strang—Linear Algebra and Its Applications 4e_0119_p119_c2,book_en_国外数学教材-非数学专业教材-线性代数-Gilbert Strang—Linear Algebra and Its Applications 4e_0119_p119_c2,1,True,1.0
What is the term for the largest possible number of independent vectors among the given vectors?,3,book_en_国外数学教材-非数学专业教材-线性代数-Gilbert Strang—Linear Algebra and Its Applications 4e_0119_p119_c2,"book_en_国外数学教材-非数学专业教材-线性代数-Gilbert Strang—Linear Algebra and Its Applications 4e_0119_p119_c2,jiaocaineedrop_glossary.pdf_7_p7_c7,book_en_国外数学教材-非数学专业教材-线性代数-Gilbert Strang—Linear Algebra and Its Applications 4e_0119_p119_c3",1,True,1.0
What is the term for the largest possible number of independent vectors among the given vectors?,5,book_en_国外数学教材-非数学专业教材-线性代数-Gilbert Strang—Linear Algebra and Its Applications 4e_0119_p119_c2,"book_en_国外数学教材-非数学专业教材-线性代数-Gilbert Strang—Linear Algebra and Its Applications 4e_0119_p119_c2,jiaocaineedrop_glossary.pdf_7_p7_c7,book_en_国外数学教材-非数学专业教材-线性代数-Gilbert Strang—Linear Algebra and Its Applications 4e_0119_p119_c3,exam_paper_en-file-putnam-archive_2011_Solutions_2011s_page_002_p2_c9,book_en_国外数学教材-非数学专业教材-线性代数-Gilbert Strang—Linear Algebra and Its Applications 4e_0119_p119_c1",1,True,1.0
What are the vectors in part (a)?,1,book_en_国外数学教材-非数学专业教材-线性代数-Gilbert Strang—Linear Algebra and Its Applications 4e_0119_p119_c3,book_en_国外数学教材-非数学专业教材-线性代数-Gilbert Strang—Linear Algebra and Its Applications 4e_0119_p119_c3,1,True,1.0
What are the vectors in part (a)?,3,book_en_国外数学教材-非数学专业教材-线性代数-Gilbert Strang—Linear Algebra and Its Applications 4e_0119_p119_c3,"book_en_国外数学教材-非数学专业教材-线性代数-Gilbert Strang—Linear Algebra and Its Applications 4e_0119_p119_c3,book_en_国外数学教材-非数学专业教材-线性代数-Gilbert Strang—Linear Algebra and Its Applications 4e_0119_p119_c2,exam_paper_en-file-putnam-archive_2011_Solutions_2011s_page_002_p2_c3",1,True,1.0
What are the vectors in part (a)?,5,book_en_国外数学教材-非数学专业教材-线性代数-Gilbert Strang—Linear Algebra and Its Applications 4e_0119_p119_c3,"book_en_国外数学教材-非数学专业教材-线性代数-Gilbert Strang—Linear Algebra and Its Applications 4e_0119_p119_c3,book_en_国外数学教材-非数学专业教材-线性代数-Gilbert Strang—Linear Algebra and Its Applications 4e_0119_p119_c2,exam_paper_en-file-putnam-archive_2011_Solutions_2011s_page_002_p2_c3,book_en_国外数学教材-非数学专业教材-线性代数-Gilbert Strang—Linear Algebra and Its Applications 4e_0035_p35_c4,jiaocaineedrop_jiaocai_needrop_en_1564_p1564_c2",1,True,1.0
What is Sber's current consumer base size?,1,yanbaor2_a6a80b48db3438977793c75185e980ee4aff22f79083427cb03ea4134f7b241f.pdf_67_p67_c0,yanbaor2_a6a80b48db3438977793c75185e980ee4aff22f79083427cb03ea4134f7b241f.pdf_67_p67_c1,0,False,0.0
What is Sber's current consumer base size?,3,yanbaor2_a6a80b48db3438977793c75185e980ee4aff22f79083427cb03ea4134f7b241f.pdf_67_p67_c0,"yanbaor2_a6a80b48db3438977793c75185e980ee4aff22f79083427cb03ea4134f7b241f.pdf_67_p67_c1,yanbaor2_a6a80b48db3438977793c75185e980ee4aff22f79083427cb03ea4134f7b241f.pdf_67_p67_c0,yanbaor2_a6a80b48db3438977793c75185e980ee4aff22f79083427cb03ea4134f7b241f.pdf_67_p67_c3",2,True,1.0
What is Sber's current consumer base size?,5,yanbaor2_a6a80b48db3438977793c75185e980ee4aff22f79083427cb03ea4134f7b241f.pdf_67_p67_c0,"yanbaor2_a6a80b48db3438977793c75185e980ee4aff22f79083427cb03ea4134f7b241f.pdf_67_p67_c1,yanbaor2_a6a80b48db3438977793c75185e980ee4aff22f79083427cb03ea4134f7b241f.pdf_67_p67_c0,yanbaor2_a6a80b48db3438977793c75185e980ee4aff22f79083427cb03ea4134f7b241f.pdf_67_p67_c3,yanbaor2_a6a80b48db3438977793c75185e980ee4aff22f79083427cb03ea4134f7b241f.pdf_67_p67_c4,yanbaor2_a6a80b48db3438977793c75185e980ee4aff22f79083427cb03ea4134f7b241f.pdf_67_p67_c6",2,True,1.0
What services does Sber offer to its clients?,1,yanbaor2_a6a80b48db3438977793c75185e980ee4aff22f79083427cb03ea4134f7b241f.pdf_67_p67_c1,yanbaor2_a6a80b48db3438977793c75185e980ee4aff22f79083427cb03ea4134f7b241f.pdf_67_p67_c1,1,True,1.0
What services does Sber offer to its clients?,3,yanbaor2_a6a80b48db3438977793c75185e980ee4aff22f79083427cb03ea4134f7b241f.pdf_67_p67_c1,"yanbaor2_a6a80b48db3438977793c75185e980ee4aff22f79083427cb03ea4134f7b241f.pdf_67_p67_c1,yanbaor2_a6a80b48db3438977793c75185e980ee4aff22f79083427cb03ea4134f7b241f.pdf_67_p67_c3,yanbaor2_a6a80b48db3438977793c75185e980ee4aff22f79083427cb03ea4134f7b241f.pdf_67_p67_c2",1,True,1.0
What services does Sber offer to its clients?,5,yanbaor2_a6a80b48db3438977793c75185e980ee4aff22f79083427cb03ea4134f7b241f.pdf_67_p67_c1,"yanbaor2_a6a80b48db3438977793c75185e980ee4aff22f79083427cb03ea4134f7b241f.pdf_67_p67_c1,yanbaor2_a6a80b48db3438977793c75185e980ee4aff22f79083427cb03ea4134f7b241f.pdf_67_p67_c3,yanbaor2_a6a80b48db3438977793c75185e980ee4aff22f79083427cb03ea4134f7b241f.pdf_67_p67_c2,yanbaor2_a6a80b48db3438977793c75185e980ee4aff22f79083427cb03ea4134f7b241f.pdf_67_p67_c4,yanbaor2_a6a80b48db3438977793c75185e980ee4aff22f79083427cb03ea4134f7b241f.pdf_67_p67_c5",1,True,1.0
What qualities do clients expect from the services?,1,yanbaor2_a6a80b48db3438977793c75185e980ee4aff22f79083427cb03ea4134f7b241f.pdf_67_p67_c2,yanbaor2_a6a80b48db3438977793c75185e980ee4aff22f79083427cb03ea4134f7b241f.pdf_67_p67_c1,0,False,0.0
What qualities do clients expect from the services?,3,yanbaor2_a6a80b48db3438977793c75185e980ee4aff22f79083427cb03ea4134f7b241f.pdf_67_p67_c2,"yanbaor2_a6a80b48db3438977793c75185e980ee4aff22f79083427cb03ea4134f7b241f.pdf_67_p67_c1,yanbaor2_a6a80b48db3438977793c75185e980ee4aff22f79083427cb03ea4134f7b241f.pdf_67_p67_c2,yanbaopptmerge_0c79d327060dbf9f1582d03c235dadb039533a19091d2c0d24f2ad95d267f79b.pdf_2_p2_c2",2,True,1.0
What qualities do clients expect from the services?,5,yanbaor2_a6a80b48db3438977793c75185e980ee4aff22f79083427cb03ea4134f7b241f.pdf_67_p67_c2,"yanbaor2_a6a80b48db3438977793c75185e980ee4aff22f79083427cb03ea4134f7b241f.pdf_67_p67_c1,yanbaor2_a6a80b48db3438977793c75185e980ee4aff22f79083427cb03ea4134f7b241f.pdf_67_p67_c2,yanbaopptmerge_0c79d327060dbf9f1582d03c235dadb039533a19091d2c0d24f2ad95d267f79b.pdf_2_p2_c2,yanbaor2_a6a80b48db3438977793c75185e980ee4aff22f79083427cb03ea4134f7b241f.pdf_67_p67_c3,eastmoney_f671ab94bf8b8274d6736f1a3dc775b3b74fa68686df2946aa5307b6b2a32062.pdf_18_p18_c2",2,True,1.0
How many clients does SberHealth have?,1,yanbaor2_a6a80b48db3438977793c75185e980ee4aff22f79083427cb03ea4134f7b241f.pdf_67_p67_c3,yanbaor2_a6a80b48db3438977793c75185e980ee4aff22f79083427cb03ea4134f7b241f.pdf_67_p67_c4,0,False,0.0
How many clients does SberHealth have?,3,yanbaor2_a6a80b48db3438977793c75185e980ee4aff22f79083427cb03ea4134f7b241f.pdf_67_p67_c3,"yanbaor2_a6a80b48db3438977793c75185e980ee4aff22f79083427cb03ea4134f7b241f.pdf_67_p67_c4,yanbaor2_a6a80b48db3438977793c75185e980ee4aff22f79083427cb03ea4134f7b241f.pdf_67_p67_c3,yanbaor2_a6a80b48db3438977793c75185e980ee4aff22f79083427cb03ea4134f7b241f.pdf_67_p67_c1",2,True,1.0
How many clients does SberHealth have?,5,yanbaor2_a6a80b48db3438977793c75185e980ee4aff22f79083427cb03ea4134f7b241f.pdf_67_p67_c3,"yanbaor2_a6a80b48db3438977793c75185e980ee4aff22f79083427cb03ea4134f7b241f.pdf_67_p67_c4,yanbaor2_a6a80b48db3438977793c75185e980ee4aff22f79083427cb03ea4134f7b241f.pdf_67_p67_c3,yanbaor2_a6a80b48db3438977793c75185e980ee4aff22f79083427cb03ea4134f7b241f.pdf_67_p67_c1,yanbaor2_a6a80b48db3438977793c75185e980ee4aff22f79083427cb03ea4134f7b241f.pdf_67_p67_c6,yanbaor2_a6a80b48db3438977793c75185e980ee4aff22f79083427cb03ea4134f7b241f.pdf_67_p67_c5",2,True,1.0
How many telehealth consultation and doctor’s appointment services were provided in 2021?,1,yanbaor2_a6a80b48db3438977793c75185e980ee4aff22f79083427cb03ea4134f7b241f.pdf_67_p67_c4,yanbaor2_a6a80b48db3438977793c75185e980ee4aff22f79083427cb03ea4134f7b241f.pdf_67_p67_c4,1,True,1.0
How many telehealth consultation and doctor’s appointment services were provided in 2021?,3,yanbaor2_a6a80b48db3438977793c75185e980ee4aff22f79083427cb03ea4134f7b241f.pdf_67_p67_c4,"yanbaor2_a6a80b48db3438977793c75185e980ee4aff22f79083427cb03ea4134f7b241f.pdf_67_p67_c4,magazine_TheEconomist.2023.12.23_page_012_p12_c4,yanbaor2_a6a80b48db3438977793c75185e980ee4aff22f79083427cb03ea4134f7b241f.pdf_67_p67_c1",1,True,1.0
How many telehealth consultation and doctor’s appointment services were provided in 2021?,5,yanbaor2_a6a80b48db3438977793c75185e980ee4aff22f79083427cb03ea4134f7b241f.pdf_67_p67_c4,"yanbaor2_a6a80b48db3438977793c75185e980ee4aff22f79083427cb03ea4134f7b241f.pdf_67_p67_c4,magazine_TheEconomist.2023.12.23_page_012_p12_c4,yanbaor2_a6a80b48db3438977793c75185e980ee4aff22f79083427cb03ea4134f7b241f.pdf_67_p67_c1,newspaper_The Globe and Mail - 2025-1-8@magazinesclubnew_page_018_p18_c17,yanbaor2_a6a80b48db3438977793c75185e980ee4aff22f79083427cb03ea4134f7b241f.pdf_67_p67_c3",1,True,1.0
How many transactions did Delivery Club complete in December?,1,yanbaor2_a6a80b48db3438977793c75185e980ee4aff22f79083427cb03ea4134f7b241f.pdf_67_p67_c5,yanbaor2_a6a80b48db3438977793c75185e980ee4aff22f79083427cb03ea4134f7b241f.pdf_67_p67_c5,1,True,1.0
How many transactions did Delivery Club complete in December?,3,yanbaor2_a6a80b48db3438977793c75185e980ee4aff22f79083427cb03ea4134f7b241f.pdf_67_p67_c5,"yanbaor2_a6a80b48db3438977793c75185e980ee4aff22f79083427cb03ea4134f7b241f.pdf_67_p67_c5,magazine_TheEconomist.2023.12.23_page_012_p12_c4,newspaper_The Wall Street Journal - 2025-01-08@magazinesclubnew_page_018_p18_c18",1,True,1.0
How many transactions did Delivery Club complete in December?,5,yanbaor2_a6a80b48db3438977793c75185e980ee4aff22f79083427cb03ea4134f7b241f.pdf_67_p67_c5,"yanbaor2_a6a80b48db3438977793c75185e980ee4aff22f79083427cb03ea4134f7b241f.pdf_67_p67_c5,magazine_TheEconomist.2023.12.23_page_012_p12_c4,newspaper_The Wall Street Journal - 2025-01-08@magazinesclubnew_page_018_p18_c18,newspaper_The Globe and Mail - 2025-1-8@magazinesclubnew_page_018_p18_c6,newspaper_The Wall Street Journal - 2025-01-08@magazinesclubnew_page_018_p18_c20",1,True,1.0
What is the name of the supercomputer mentioned in the document fragment?,1,yanbaor2_a6a80b48db3438977793c75185e980ee4aff22f79083427cb03ea4134f7b241f.pdf_67_p67_c6,color_textbook_教材全解1+1二年级上册英语上海牛津版_page_067_p67_c2,0,False,0.0
What is the name of the supercomputer mentioned in the document fragment?,3,yanbaor2_a6a80b48db3438977793c75185e980ee4aff22f79083427cb03ea4134f7b241f.pdf_67_p67_c6,"color_textbook_教材全解1+1二年级上册英语上海牛津版_page_067_p67_c2,newspaper_The Wall Street Journal - 2025-01-08@magazinesclubnew_page_018_p18_c0,magazine_TheEconomist.2023.11.25_page_069_p69_c0",0,False,0.0
What is the name of the supercomputer mentioned in the document fragment?,5,yanbaor2_a6a80b48db3438977793c75185e980ee4aff22f79083427cb03ea4134f7b241f.pdf_67_p67_c6,"color_textbook_教材全解1+1二年级上册英语上海牛津版_page_067_p67_c2,newspaper_The Wall Street Journal - 2025-01-08@magazinesclubnew_page_018_p18_c0,magazine_TheEconomist.2023.11.25_page_069_p69_c0,newspaper_The Globe and Mail - 2025-1-8@magazinesclubnew_page_014_p14_c7,docstructbench_dianzishu_zhongwenzaixian-o.O-61523162.pdf_276_p276_c4",0,False,0.0
What is the name of the neural network created by Sber?,1,yanbaor2_a6a80b48db3438977793c75185e980ee4aff22f79083427cb03ea4134f7b241f.pdf_67_p67_c7,yanbaor2_a6a80b48db3438977793c75185e980ee4aff22f79083427cb03ea4134f7b241f.pdf_67_p67_c7,1,True,1.0
What is the name of the neural network created by Sber?,3,yanbaor2_a6a80b48db3438977793c75185e980ee4aff22f79083427cb03ea4134f7b241f.pdf_67_p67_c7,"yanbaor2_a6a80b48db3438977793c75185e980ee4aff22f79083427cb03ea4134f7b241f.pdf_67_p67_c7,yanbaor2_a6a80b48db3438977793c75185e980ee4aff22f79083427cb03ea4134f7b241f.pdf_67_p67_c4,yanbaor2_a6a80b48db3438977793c75185e980ee4aff22f79083427cb03ea4134f7b241f.pdf_67_p67_c3",1,True,1.0
What is the name of the neural network created by Sber?,5,yanbaor2_a6a80b48db3438977793c75185e980ee4aff22f79083427cb03ea4134f7b241f.pdf_67_p67_c7,"yanbaor2_a6a80b48db3438977793c75185e980ee4aff22f79083427cb03ea4134f7b241f.pdf_67_p67_c7,yanbaor2_a6a80b48db3438977793c75185e980ee4aff22f79083427cb03ea4134f7b241f.pdf_67_p67_c4,yanbaor2_a6a80b48db3438977793c75185e980ee4aff22f79083427cb03ea4134f7b241f.pdf_67_p67_c3,yanbaor2_a6a80b48db3438977793c75185e980ee4aff22f79083427cb03ea4134f7b241f.pdf_67_p67_c0,yanbaor2_a6a80b48db3438977793c75185e980ee4aff22f79083427cb03ea4134f7b241f.pdf_67_p67_c1",1,True,1.0
What is the number in the third row and first column?,1,book_en_[搬书匠#893][Pyomo—Optimization Modeling in Python].2012.英文版_page_188_p188_c2,book_en_国外数学教材-非数学专业教材-线性代数-Gilbert Strang—Linear Algebra and Its Applications 4e_0035_p35_c3,0,False,0.0
What is the number in the third row and first column?,3,book_en_[搬书匠#893][Pyomo—Optimization Modeling in Python].2012.英文版_page_188_p188_c2,"book_en_国外数学教材-非数学专业教材-线性代数-Gilbert Strang—Linear Algebra and Its Applications 4e_0035_p35_c3,newspaper_The Globe and Mail - 2025-1-8@magazinesclubnew_page_014_p14_c21,docstructbench_dianzishu_zhongwenzaixian-o.O-61323717.pdf_203_p203_c4",0,False,0.0
What is the number in the third row and first column?,5,book_en_[搬书匠#893][Pyomo—Optimization Modeling in Python].2012.英文版_page_188_p188_c2,"book_en_国外数学教材-非数学专业教材-线性代数-Gilbert Strang—Linear Algebra and Its Applications 4e_0035_p35_c3,newspaper_The Globe and Mail - 2025-1-8@magazinesclubnew_page_014_p14_c21,docstructbench_dianzishu_zhongwenzaixian-o.O-61323717.pdf_203_p203_c4,exam_paper_en-file-putnam-archive_1995_Solutions_1995s_page_002_p2_c3,book_en_国外数学教材-非数学专业教材-线性代数-Gilbert Strang—Linear Algebra and Its Applications 4e_0035_p35_c2",0,False,0.0
What is the third row's third element?,1,book_en_[搬书匠#893][Pyomo—Optimization Modeling in Python].2012.英文版_page_188_p188_c3,book_en_国外数学教材-非数学专业教材-线性代数-Gilbert Strang—Linear Algebra and Its Applications 4e_0035_p35_c2,0,False,0.0
What is the third row's third element?,3,book_en_[搬书匠#893][Pyomo—Optimization Modeling in Python].2012.英文版_page_188_p188_c3,"book_en_国外数学教材-非数学专业教材-线性代数-Gilbert Strang—Linear Algebra and Its Applications 4e_0035_p35_c2,exam_paper_en-file-putnam-archive_2012_Solutions_2012s_page_001_p1_c5,PPT_lay_linalg5_01_05_page_009_p9_c0",0,False,0.0
What is the third row's third element?,5,book_en_[搬书匠#893][Pyomo—Optimization Modeling in Python].2012.英文版_page_188_p188_c3,"book_en_国外数学教材-非数学专业教材-线性代数-Gilbert Strang—Linear Algebra and Its Applications 4e_0035_p35_c2,exam_paper_en-file-putnam-archive_2012_Solutions_2012s_page_001_p1_c5,PPT_lay_linalg5_01_05_page_009_p9_c0,book_en_[搬书匠#893][Pyomo—Optimization Modeling in Python].2012.英文版_page_188_p188_c2,PPT_lay_linalg5_01_05_page_004_p4_c0",0,False,0.0
What is the name of the model used in the parameter estimation problem?,1,book_en_[搬书匠#893][Pyomo—Optimization Modeling in Python].2012.英文版_page_188_p188_c5,book_en_[搬书匠#893][Pyomo—Optimization Modeling in Python].2012.英文版_page_188_p188_c5,1,True,1.0
What is the name of the model used in the parameter estimation problem?,3,book_en_[搬书匠#893][Pyomo—Optimization Modeling in Python].2012.英文版_page_188_p188_c5,"book_en_[搬书匠#893][Pyomo—Optimization Modeling in Python].2012.英文版_page_188_p188_c5,book_en_[搬书匠#893][Pyomo—Optimization Modeling in Python].2012.英文版_page_188_p188_c6,jiaocaineedrop_jiaocai_needrop_en_1564_p1564_c1",1,True,1.0
What is the name of the model used in the parameter estimation problem?,5,book_en_[搬书匠#893][Pyomo—Optimization Modeling in Python].2012.英文版_page_188_p188_c5,"book_en_[搬书匠#893][Pyomo—Optimization Modeling in Python].2012.英文版_page_188_p188_c5,book_en_[搬书匠#893][Pyomo—Optimization Modeling in Python].2012.英文版_page_188_p188_c6,jiaocaineedrop_jiaocai_needrop_en_1564_p1564_c1,book_en_A.Concise.Introduction.to.Linear.Algebra,.Geza.Schay,.Birkhauser,.2012_page_065_p65_c2,scihub_ijcac.2012040101.pdf_5_p5_c5",1,True,1.0
What function is used to construct the optimization model in Example 10.A.14?,1,book_en_[搬书匠#893][Pyomo—Optimization Modeling in Python].2012.英文版_page_188_p188_c6,book_en_[搬书匠#893][Pyomo—Optimization Modeling in Python].2012.英文版_page_188_p188_c6,1,True,1.0
What function is used to construct the optimization model in Example 10.A.14?,3,book_en_[搬书匠#893][Pyomo—Optimization Modeling in Python].2012.英文版_page_188_p188_c6,"book_en_[搬书匠#893][Pyomo—Optimization Modeling in Python].2012.英文版_page_188_p188_c6,book_en_[搬书匠#893][Pyomo—Optimization Modeling in Python].2012.英文版_page_188_p188_c5,jiaocaineedrop_Evans_PDE_Solution_Chapter_6_Second-Order_Elliptic_Equations.pdf_5_p5_c0",1,True,1.0
What function is used to construct the optimization model in Example 10.A.14?,5,book_en_[搬书匠#893][Pyomo—Optimization Modeling in Python].2012.英文版_page_188_p188_c6,"book_en_[搬书匠#893][Pyomo—Optimization Modeling in Python].2012.英文版_page_188_p188_c6,book_en_[搬书匠#893][Pyomo—Optimization Modeling in Python].2012.英文版_page_188_p188_c5,jiaocaineedrop_Evans_PDE_Solution_Chapter_6_Second-Order_Elliptic_Equations.pdf_5_p5_c0,docstructbench_dianzishu_zhongwenzaixian-o.O-61523162.pdf_276_p276_c0,jiaocaineedrop_jiaocai_needrop_en_1564_p1564_c4",1,True,1.0
What are the attributes defined as raw Python data types in Pyomo?,1,book_en_[搬书匠#893][Pyomo—Optimization Modeling in Python].2012.英文版_page_188_p188_c7,book_en_[搬书匠#893][Pyomo—Optimization Modeling in Python].2012.英文版_page_188_p188_c7,1,True,1.0
What are the attributes defined as raw Python data types in Pyomo?,3,book_en_[搬书匠#893][Pyomo—Optimization Modeling in Python].2012.英文版_page_188_p188_c7,"book_en_[搬书匠#893][Pyomo—Optimization Modeling in Python].2012.英文版_page_188_p188_c7,book_en_[搬书匠#893][Pyomo—Optimization Modeling in Python].2012.英文版_page_188_p188_c6,notes_f7f010b78016aeebd76e56d9283eb67f_72_p72_c1",1,True,1.0
What are the attributes defined as raw Python data types in Pyomo?,5,book_en_[搬书匠#893][Pyomo—Optimization Modeling in Python].2012.英文版_page_188_p188_c7,"book_en_[搬书匠#893][Pyomo—Optimization Modeling in Python].2012.英文版_page_188_p188_c7,book_en_[搬书匠#893][Pyomo—Optimization Modeling in Python].2012.英文版_page_188_p188_c6,notes_f7f010b78016aeebd76e56d9283eb67f_72_p72_c1,book_en_[搬书匠#375][High Performance MySQL 3rd Edition].2012.英文版_page_153_p153_c2,yanbaor2_89c3718f5a45179ef57a5063c6df36fc2c9b7e3ab4275f4905ed89f1c17232ea.pdf_14_p14_c2",1,True,1.0
What is the lower bound for the integral of |P(x)/P(0)| over I?,1,exam_paper_en-file-putnam-archive_1999_Solutions_1999s_page_002_p2_c2,exam_paper_en-file-putnam-archive_1999_Solutions_1999s_page_002_p2_c1,0,False,0.0
What is the lower bound for the integral of |P(x)/P(0)| over I?,3,exam_paper_en-file-putnam-archive_1999_Solutions_1999s_page_002_p2_c2,"exam_paper_en-file-putnam-archive_1999_Solutions_1999s_page_002_p2_c1,exam_paper_en-file-putnam-archive_1999_Solutions_1999s_page_002_p2_c2,exam_paper_en-file-putnam-archive_1999_Solutions_1999s_page_002_p2_c5",2,True,1.0
What is the lower bound for the integral of |P(x)/P(0)| over I?,5,exam_paper_en-file-putnam-archive_1999_Solutions_1999s_page_002_p2_c2,"exam_paper_en-file-putnam-archive_1999_Solutions_1999s_page_002_p2_c1,exam_paper_en-file-putnam-archive_1999_Solutions_1999s_page_002_p2_c2,exam_paper_en-file-putnam-archive_1999_Solutions_1999s_page_002_p2_c5,exam_paper_en-file-putnam-archive_1999_Solutions_1999s_page_002_p2_c3,exam_paper_en-file-putnam-archive_1999_Solutions_1999s_page_002_p2_c6",2,True,1.0
What is the condition on P(0) in the second solution?,1,exam_paper_en-file-putnam-archive_1999_Solutions_1999s_page_002_p2_c3,exam_paper_en-file-putnam-archive_1999_Solutions_1999s_page_002_p2_c3,1,True,1.0
What is the condition on P(0) in the second solution?,3,exam_paper_en-file-putnam-archive_1999_Solutions_1999s_page_002_p2_c3,"exam_paper_en-file-putnam-archive_1999_Solutions_1999s_page_002_p2_c3,exam_paper_en-file-putnam-archive_1999_Solutions_1999s_page_002_p2_c1,exam_paper_en-file-putnam-archive_1999_Solutions_1999s_page_003_p3_c2",1,True,1.0
What is the condition on P(0) in the second solution?,5,exam_paper_en-file-putnam-archive_1999_Solutions_1999s_page_002_p2_c3,"exam_paper_en-file-putnam-archive_1999_Solutions_1999s_page_002_p2_c3,exam_paper_en-file-putnam-archive_1999_Solutions_1999s_page_002_p2_c1,exam_paper_en-file-putnam-archive_1999_Solutions_1999s_page_003_p3_c2,exam_paper_en-file-putnam-archive_1999_Solutions_1999s_page_003_p3_c3,exam_paper_en-file-putnam-archive_1999_Solutions_1999s_page_002_p2_c2",1,True,1.0
What is the form of the polynomial P(x) under the given assumption?,1,exam_paper_en-file-putnam-archive_1999_Solutions_1999s_page_002_p2_c4,exam_paper_en-file-putnam-archive_1999_Solutions_1999s_page_002_p2_c4,1,True,1.0
What is the form of the polynomial P(x) under the given assumption?,3,exam_paper_en-file-putnam-archive_1999_Solutions_1999s_page_002_p2_c4,"exam_paper_en-file-putnam-archive_1999_Solutions_1999s_page_002_p2_c4,exam_paper_en-file-putnam-archive_1999_Solutions_1999s_page_002_p2_c5,exam_paper_en-file-putnam-archive_1999_Solutions_1999s_page_003_p3_c3",1,True,1.0
What is the form of the polynomial P(x) under the given assumption?,5,exam_paper_en-file-putnam-archive_1999_Solutions_1999s_page_002_p2_c4,"exam_paper_en-file-putnam-archive_1999_Solutions_1999s_page_002_p2_c4,exam_paper_en-file-putnam-archive_1999_Solutions_1999s_page_002_p2_c5,exam_paper_en-file-putnam-archive_1999_Solutions_1999s_page_003_p3_c3,exam_paper_en-file-putnam-archive_1999_Solutions_1999s_page_002_p2_c3,exam_paper_en-file-putnam-archive_2009_Solutions_2009s_page_003_p3_c7",1,True,1.0
"What is the minimum value achieved by the integral of the product of absolute values of x minus each root over the interval [0,1]?",1,exam_paper_en-file-putnam-archive_1999_Solutions_1999s_page_002_p2_c5,exam_paper_en-file-putnam-archive_1999_Solutions_1999s_page_002_p2_c5,1,True,1.0
"What is the minimum value achieved by the integral of the product of absolute values of x minus each root over the interval [0,1]?",3,exam_paper_en-file-putnam-archive_1999_Solutions_1999s_page_002_p2_c5,"exam_paper_en-file-putnam-archive_1999_Solutions_1999s_page_002_p2_c5,exam_paper_en-file-putnam-archive_1999_Solutions_1999s_page_002_p2_c6,exam_paper_en-file-putnam-archive_1998_Solutions_1998s_page_002_p2_c0",1,True,1.0
"What is the minimum value achieved by the integral of the product of absolute values of x minus each root over the interval [0,1]?",5,exam_paper_en-file-putnam-archive_1999_Solutions_1999s_page_002_p2_c5,"exam_paper_en-file-putnam-archive_1999_Solutions_1999s_page_002_p2_c5,exam_paper_en-file-putnam-archive_1999_Solutions_1999s_page_002_p2_c6,exam_paper_en-file-putnam-archive_1998_Solutions_1998s_page_002_p2_c0,exam_paper_en-file-putnam-archive_1999_Solutions_1999s_page_002_p2_c1,exam_paper_en-file-putnam-archive_1999_Solutions_1999s_page_002_p2_c3",1,True,1.0
What is the minimum value achieved by the integral according to the document fragment?,1,exam_paper_en-file-putnam-archive_1999_Solutions_1999s_page_002_p2_c6,exam_paper_en-file-putnam-archive_1999_Solutions_1999s_page_002_p2_c5,0,False,0.0
What is the minimum value achieved by the integral according to the document fragment?,3,exam_paper_en-file-putnam-archive_1999_Solutions_1999s_page_002_p2_c6,"exam_paper_en-file-putnam-archive_1999_Solutions_1999s_page_002_p2_c5,exam_paper_en-file-putnam-archive_1999_Solutions_1999s_page_002_p2_c6,exam_paper_en-file-putnam-archive_2007_Solutions_2007s_page_001_p1_c8",2,True,1.0
What is the minimum value achieved by the integral according to the document fragment?,5,exam_paper_en-file-putnam-archive_1999_Solutions_1999s_page_002_p2_c6,"exam_paper_en-file-putnam-archive_1999_Solutions_1999s_page_002_p2_c5,exam_paper_en-file-putnam-archive_1999_Solutions_1999s_page_002_p2_c6,exam_paper_en-file-putnam-archive_2007_Solutions_2007s_page_001_p1_c8,jiaocaineedrop_96657786.pdf_0_p0_c2,exam_paper_en-file-putnam-archive_1998_Solutions_1998s_page_002_p2_c0",2,True,1.0
What is the ratio of a_n to a_{n-1}?,1,exam_paper_en-file-putnam-archive_1999_Solutions_1999s_page_002_p2_c7,exam_paper_en-file-putnam-archive_1999_Solutions_1999s_page_002_p2_c8,0,False,0.0
What is the ratio of a_n to a_{n-1}?,3,exam_paper_en-file-putnam-archive_1999_Solutions_1999s_page_002_p2_c7,"exam_paper_en-file-putnam-archive_1999_Solutions_1999s_page_002_p2_c8,exam_paper_en-file-putnam-archive_1995_Solutions_1995s_page_002_p2_c0,exam_paper_en-file-putnam-archive_1999_Solutions_1999s_page_002_p2_c7",3,True,1.0
What is the ratio of a_n to a_{n-1}?,5,exam_paper_en-file-putnam-archive_1999_Solutions_1999s_page_002_p2_c7,"exam_paper_en-file-putnam-archive_1999_Solutions_1999s_page_002_p2_c8,exam_paper_en-file-putnam-archive_1995_Solutions_1995s_page_002_p2_c0,exam_paper_en-file-putnam-archive_1999_Solutions_1999s_page_002_p2_c7,exam_paper_en-file-putnam-archive_2012_Solutions_2012s_page_001_p1_c2,exam_paper_en-file-putnam-archive_2006_Solutions_2006s_page_006_p6_c6",3,True,1.0
What is the formula for $ a_{n} $?,1,exam_paper_en-file-putnam-archive_1999_Solutions_1999s_page_002_p2_c8,exam_paper_en-file-putnam-archive_2006_Solutions_2006s_page_006_p6_c6,0,False,0.0
What is the formula for $ a_{n} $?,3,exam_paper_en-file-putnam-archive_1999_Solutions_1999s_page_002_p2_c8,"exam_paper_en-file-putnam-archive_2006_Solutions_2006s_page_006_p6_c6,exam_paper_en-file-putnam-archive_1999_Solutions_1999s_page_002_p2_c8,exam_paper_en-file-putnam-archive_2006_Solutions_2006s_page_006_p6_c7",2,True,1.0
What is the formula for $ a_{n} $?,5,exam_paper_en-file-putnam-archive_1999_Solutions_1999s_page_002_p2_c8,"exam_paper_en-file-putnam-archive_2006_Solutions_2006s_page_006_p6_c6,exam_paper_en-file-putnam-archive_1999_Solutions_1999s_page_002_p2_c8,exam_paper_en-file-putnam-archive_2006_Solutions_2006s_page_006_p6_c7,exam_paper_en-file-putnam-archive_2007_Solutions_2007s_page_005_p5_c0,exam_paper_en-file-putnam-archive_2006_Solutions_2006s_page_006_p6_c8",2,True,1.0
What is the formula number for the first displayed equation?,1,book_en_国外数学教材-数论-Melvyn B. Nathanson—Elementary Methods in Number Theory_0451_p451_c1,exam_paper_en-file-putnam-archive_2007_Solutions_2007s_page_001_p1_c2,0,False,0.0
What is the formula number for the first displayed equation?,3,book_en_国外数学教材-数论-Melvyn B. Nathanson—Elementary Methods in Number Theory_0451_p451_c1,"exam_paper_en-file-putnam-archive_2007_Solutions_2007s_page_001_p1_c2,yanbaopptmerge_3aa9b6677e17fd012b0a7a230b9f18db.pdf_1327_p1327_c0,jiaocaineedrop_jiaocai_needrop_en_2518_p2518_c1",0,False,0.0
What is the formula number for the first displayed equation?,5,book_en_国外数学教材-数论-Melvyn B. Nathanson—Elementary Methods in Number Theory_0451_p451_c1,"exam_paper_en-file-putnam-archive_2007_Solutions_2007s_page_001_p1_c2,yanbaopptmerge_3aa9b6677e17fd012b0a7a230b9f18db.pdf_1327_p1327_c0,jiaocaineedrop_jiaocai_needrop_en_2518_p2518_c1,exam_paper_en-file-putnam-archive_2009_Solutions_2009s_page_003_p3_c9,jiaocaineedrop_jiaocai_needrop_en_2518_p2518_c0",0,False,0.0
What is the result of multiplying equation (14.18) by 16 and adding to equation (14.16)?,1,book_en_国外数学教材-数论-Melvyn B. Nathanson—Elementary Methods in Number Theory_0451_p451_c2,book_en_国外数学教材-数论-Melvyn B. Nathanson—Elementary Methods in Number Theory_0451_p451_c3,0,False,0.0
What is the result of multiplying equation (14.18) by 16 and adding to equation (14.16)?,3,book_en_国外数学教材-数论-Melvyn B. Nathanson—Elementary Methods in Number Theory_0451_p451_c2,"book_en_国外数学教材-数论-Melvyn B. Nathanson—Elementary Methods in Number Theory_0451_p451_c3,book_en_国外数学教材-数论-Melvyn B. Nathanson—Elementary Methods in Number Theory_0451_p451_c2,book_en_国外数学教材-数论-Melvyn B. Nathanson—Elementary Methods in Number Theory_0451_p451_c1",2,True,1.0
What is the result of multiplying equation (14.18) by 16 and adding to equation (14.16)?,5,book_en_国外数学教材-数论-Melvyn B. Nathanson—Elementary Methods in Number Theory_0451_p451_c2,"book_en_国外数学教材-数论-Melvyn B. Nathanson—Elementary Methods in Number Theory_0451_p451_c3,book_en_国外数学教材-数论-Melvyn B. Nathanson—Elementary Methods in Number Theory_0451_p451_c2,book_en_国外数学教材-数论-Melvyn B. Nathanson—Elementary Methods in Number Theory_0451_p451_c1,book_en_A.Concise.Introduction.to.Linear.Algebra,.Geza.Schay,.Birkhauser,.2012_page_065_p65_c2,jiaocaineedrop_96657786.pdf_0_p0_c5",2,True,1.0
What type of exam will be given?,1,PPT_all655920_page_001_p1_c0,PPT_all655920_page_001_p1_c0,1,True,1.0
What type of exam will be given?,3,PPT_all655920_page_001_p1_c0,"PPT_all655920_page_001_p1_c0,exam_paper_2004-2019上海高考英语听力原文和答案_page_017_p17_c2,jiaocaineedrop_Chapter9.pdf_46_p46_c0",1,True,1.0
What type of exam will be given?,5,PPT_all655920_page_001_p1_c0,"PPT_all655920_page_001_p1_c0,exam_paper_2004-2019上海高考英语听力原文和答案_page_017_p17_c2,jiaocaineedrop_Chapter9.pdf_46_p46_c0,jiaocaineedrop_jiaocai_needrop_en_1473_p1473_c1,jiaocaineedrop_jiaocai_needrop_en_237_p237_c0",1,True,1.0
最喜欢哪种球类活动的人数占班级总人数的 $ rac{1}{4} $？,1,jiaocaineedrop_jiaocai_needrop_en_3274_p3274_c0,jiaocaineedrop_jiaocai_needrop_en_3274_p3274_c0,1,True,1.0
最喜欢哪种球类活动的人数占班级总人数的 $ rac{1}{4} $？,3,jiaocaineedrop_jiaocai_needrop_en_3274_p3274_c0,"jiaocaineedrop_jiaocai_needrop_en_3274_p3274_c0,jiaocaineedrop_jiaocai_needrop_en_1836_p1836_c1,jiaocaineedrop_jiaocai_needrop_en_237_p237_c1",1,True,1.0
最喜欢哪种球类活动的人数占班级总人数的 $ rac{1}{4} $？,5,jiaocaineedrop_jiaocai_needrop_en_3274_p3274_c0,"jiaocaineedrop_jiaocai_needrop_en_3274_p3274_c0,jiaocaineedrop_jiaocai_needrop_en_1836_p1836_c1,jiaocaineedrop_jiaocai_needrop_en_237_p237_c1,jiaocaineedrop_jiaocai_needrop_en_3937_p3937_c0,jiaocaineedrop_jiaocai_needrop_en_237_p237_c0",1,True,1.0
六(1)班投票结果中谁获得的票数最多？,1,jiaocaineedrop_jiaocai_needrop_en_3274_p3274_c1,jiaocaineedrop_jiaocai_needrop_en_3274_p3274_c1,1,True,1.0
六(1)班投票结果中谁获得的票数最多？,3,jiaocaineedrop_jiaocai_needrop_en_3274_p3274_c1,"jiaocaineedrop_jiaocai_needrop_en_3274_p3274_c1,jiaocaineedrop_jiaocai_needrop_en_3274_p3274_c0,docstructbench_dianzishu_zhongwenzaixian-o.O-61323717.pdf_203_p203_c4",1,True,1.0
六(1)班投票结果中谁获得的票数最多？,5,jiaocaineedrop_jiaocai_needrop_en_3274_p3274_c1,"jiaocaineedrop_jiaocai_needrop_en_3274_p3274_c1,jiaocaineedrop_jiaocai_needrop_en_3274_p3274_c0,docstructbench_dianzishu_zhongwenzaixian-o.O-61323717.pdf_203_p203_c4,newspaper_The Globe and Mail - 2025-1-8@magazinesclubnew_page_014_p14_c13,jiaocaineedrop_jiaocai_needrop_en_3937_p3937_c0",1,True,1.0
What is the observed number of cases for oropharynx/tonsil in the first primary NHL subtype CLL/SLL?,1,scihub_bloodadvances.2019030924.pdf_3_p3_c0,scihub_bloodadvances.2019030924.pdf_3_p3_c0,1,True,1.0
What is the observed number of cases for oropharynx/tonsil in the first primary NHL subtype CLL/SLL?,3,scihub_bloodadvances.2019030924.pdf_3_p3_c0,"scihub_bloodadvances.2019030924.pdf_3_p3_c0,scihub_bloodadvances.2019030924.pdf_3_p3_c2,scihub_bloodadvances.2019030924.pdf_3_p3_c8",1,True,1.0
What is the observed number of cases for oropharynx/tonsil in the first primary NHL subtype CLL/SLL?,5,scihub_bloodadvances.2019030924.pdf_3_p3_c0,"scihub_bloodadvances.2019030924.pdf_3_p3_c0,scihub_bloodadvances.2019030924.pdf_3_p3_c2,scihub_bloodadvances.2019030924.pdf_3_p3_c8,scihub_bloodadvances.2019030924.pdf_3_p3_c5,scihub_bloodadvances.2019030924.pdf_3_p3_c7",1,True,1.0
What is the ratio for the Anus category in the third column?,1,scihub_bloodadvances.2019030924.pdf_3_p3_c1,scihub_bloodadvances.2019030924.pdf_3_p3_c1,1,True,1.0
What is the ratio for the Anus category in the third column?,3,scihub_bloodadvances.2019030924.pdf_3_p3_c1,"scihub_bloodadvances.2019030924.pdf_3_p3_c1,docstructbench_llm-raw-scihub-o.O-j.chroma.2005.05.085.pdf_4_p4_c6,newspaper_The Globe and Mail - 2025-1-8@magazinesclubnew_page_014_p14_c3",1,True,1.0
What is the ratio for the Anus category in the third column?,5,scihub_bloodadvances.2019030924.pdf_3_p3_c1,"scihub_bloodadvances.2019030924.pdf_3_p3_c1,docstructbench_llm-raw-scihub-o.O-j.chroma.2005.05.085.pdf_4_p4_c6,newspaper_The Globe and Mail - 2025-1-8@magazinesclubnew_page_014_p14_c3,docstructbench_dianzishu_zhongwenzaixian-o.O-60403612.pdf_179_p179_c3,newspaper_The Globe and Mail - 2025-1-8@magazinesclubnew_page_014_p14_c10",1,True,1.0
What is the P value for the likelihood ratio test in the study?,1,scihub_bloodadvances.2019030924.pdf_3_p3_c2,scihub_bloodadvances.2019030924.pdf_3_p3_c2,1,True,1.0
What is the P value for the likelihood ratio test in the study?,3,scihub_bloodadvances.2019030924.pdf_3_p3_c2,"scihub_bloodadvances.2019030924.pdf_3_p3_c2,scihub_bloodadvances.2019030924.pdf_3_p3_c8,docstructbench_llm-raw-scihub-o.O-j.chroma.2005.05.085.pdf_4_p4_c6",1,True,1.0
What is the P value for the likelihood ratio test in the study?,5,scihub_bloodadvances.2019030924.pdf_3_p3_c2,"scihub_bloodadvances.2019030924.pdf_3_p3_c2,scihub_bloodadvances.2019030924.pdf_3_p3_c8,docstructbench_llm-raw-scihub-o.O-j.chroma.2005.05.085.pdf_4_p4_c6,newspaper_The Globe and Mail - 2025-1-8@magazinesclubnew_page_014_p14_c13,docstructbench_llm-raw-scihub-o.O-j.chroma.2005.05.085.pdf_4_p4_c7",1,True,1.0
What was the SIR for stomach cancer after gastric DLBCL?,1,scihub_bloodadvances.2019030924.pdf_3_p3_c4,scihub_bloodadvances.2019030924.pdf_3_p3_c4,1,True,1.0
What was the SIR for stomach cancer after gastric DLBCL?,3,scihub_bloodadvances.2019030924.pdf_3_p3_c4,"scihub_bloodadvances.2019030924.pdf_3_p3_c4,scihub_bloodadvances.2019030924.pdf_3_p3_c7,scihub_bloodadvances.2019030924.pdf_3_p3_c6",1,True,1.0
What was the SIR for stomach cancer after gastric DLBCL?,5,scihub_bloodadvances.2019030924.pdf_3_p3_c4,"scihub_bloodadvances.2019030924.pdf_3_p3_c4,scihub_bloodadvances.2019030924.pdf_3_p3_c7,scihub_bloodadvances.2019030924.pdf_3_p3_c6,scihub_bloodadvances.2019030924.pdf_3_p3_c3,scihub_bloodadvances.2019030924.pdf_3_p3_c5",1,True,1.0
What was the SIR for liver cancer among males diagnosed with DLBCL?,1,scihub_bloodadvances.2019030924.pdf_3_p3_c6,scihub_bloodadvances.2019030924.pdf_3_p3_c6,1,True,1.0
What was the SIR for liver cancer among males diagnosed with DLBCL?,3,scihub_bloodadvances.2019030924.pdf_3_p3_c6,"scihub_bloodadvances.2019030924.pdf_3_p3_c6,scihub_bloodadvances.2019030924.pdf_3_p3_c7,scihub_bloodadvances.2019030924.pdf_3_p3_c4",1,True,1.0
What was the SIR for liver cancer among males diagnosed with DLBCL?,5,scihub_bloodadvances.2019030924.pdf_3_p3_c6,"scihub_bloodadvances.2019030924.pdf_3_p3_c6,scihub_bloodadvances.2019030924.pdf_3_p3_c7,scihub_bloodadvances.2019030924.pdf_3_p3_c4,scihub_bloodadvances.2019030924.pdf_3_p3_c0,scihub_bloodadvances.2019030924.pdf_3_p3_c5",1,True,1.0
What software was used to create the figure?,1,scihub_bloodadvances.2019030924.pdf_3_p3_c8,scihub_bloodadvances.2019030924.pdf_3_p3_c8,1,True,1.0
What software was used to create the figure?,3,scihub_bloodadvances.2019030924.pdf_3_p3_c8,"scihub_bloodadvances.2019030924.pdf_3_p3_c8,scihub_bloodadvances.2019030924.pdf_3_p3_c9,yanbaopptmerge_1c5f17c3dfa38c45b86802b9d014da18.pdf_1372_p1372_c3",1,True,1.0
What software was used to create the figure?,5,scihub_bloodadvances.2019030924.pdf_3_p3_c8,"scihub_bloodadvances.2019030924.pdf_3_p3_c8,scihub_bloodadvances.2019030924.pdf_3_p3_c9,yanbaopptmerge_1c5f17c3dfa38c45b86802b9d014da18.pdf_1372_p1372_c3,docstructbench_llm-raw-scihub-o.O-j.1365-2818.2003.01210.x.pdf_7_p7_c1,yanbaor2_a6a80b48db3438977793c75185e980ee4aff22f79083427cb03ea4134f7b241f.pdf_67_p67_c7",1,True,1.0
What software was used to create the document?,1,scihub_bloodadvances.2019030924.pdf_3_p3_c9,scihub_bloodadvances.2019030924.pdf_3_p3_c9,1,True,1.0
What software was used to create the document?,3,scihub_bloodadvances.2019030924.pdf_3_p3_c9,"scihub_bloodadvances.2019030924.pdf_3_p3_c9,book_en_[搬书匠#893][Pyomo—Optimization Modeling in Python].2012.英文版_page_188_p188_c6,yanbaopptmerge_5473246b8da789b9bfdeef53a70c4d72afd480415d5cbcedb83d105856710328.pdf_8_p8_c0",1,True,1.0
What software was used to create the document?,5,scihub_bloodadvances.2019030924.pdf_3_p3_c9,"scihub_bloodadvances.2019030924.pdf_3_p3_c9,book_en_[搬书匠#893][Pyomo—Optimization Modeling in Python].2012.英文版_page_188_p188_c6,yanbaopptmerge_5473246b8da789b9bfdeef53a70c4d72afd480415d5cbcedb83d105856710328.pdf_8_p8_c0,jiaocaineedrop_96657786.pdf_0_p0_c0,color_textbook_教材全解1+1二年级上册英语上海牛津版_page_067_p67_c1",1,True,1.0
What is the maximum number of points in Z that can be contained in any affine k-dimensional plane in R^n?,1,exam_paper_en-file-putnam-archive_2006_Solutions_2006s_page_006_p6_c0,exam_paper_en-file-putnam-archive_2006_Solutions_2006s_page_006_p6_c0,1,True,1.0
What is the maximum number of points in Z that can be contained in any affine k-dimensional plane in R^n?,3,exam_paper_en-file-putnam-archive_2006_Solutions_2006s_page_006_p6_c0,"exam_paper_en-file-putnam-archive_2006_Solutions_2006s_page_006_p6_c0,exam_paper_en-file-putnam-archive_2006_Solutions_2006s_page_006_p6_c1,exam_paper_en-file-putnam-archive_2006_Solutions_2006s_page_006_p6_c5",1,True,1.0
What is the maximum number of points in Z that can be contained in any affine k-dimensional plane in R^n?,5,exam_paper_en-file-putnam-archive_2006_Solutions_2006s_page_006_p6_c0,"exam_paper_en-file-putnam-archive_2006_Solutions_2006s_page_006_p6_c0,exam_paper_en-file-putnam-archive_2006_Solutions_2006s_page_006_p6_c1,exam_paper_en-file-putnam-archive_2006_Solutions_2006s_page_006_p6_c5,exam_paper_en-file-putnam-archive_2006_Solutions_2006s_page_006_p6_c4,exam_paper_en-file-putnam-archive_2002_Solutions_2002s_page_001_p1_c2",1,True,1.0
What is the field denoted by $\mathbb{F}_2$?,1,exam_paper_en-file-putnam-archive_2006_Solutions_2006s_page_006_p6_c2,exam_paper_en-file-putnam-archive_2006_Solutions_2006s_page_006_p6_c2,1,True,1.0
What is the field denoted by $\mathbb{F}_2$?,3,exam_paper_en-file-putnam-archive_2006_Solutions_2006s_page_006_p6_c2,"exam_paper_en-file-putnam-archive_2006_Solutions_2006s_page_006_p6_c2,exam_paper_en-file-putnam-archive_2006_Solutions_2006s_page_006_p6_c3,exam_paper_en-file-putnam-archive_1996_Solutions_1996s_page_002_p2_c9",1,True,1.0
What is the field denoted by $\mathbb{F}_2$?,5,exam_paper_en-file-putnam-archive_2006_Solutions_2006s_page_006_p6_c2,"exam_paper_en-file-putnam-archive_2006_Solutions_2006s_page_006_p6_c2,exam_paper_en-file-putnam-archive_2006_Solutions_2006s_page_006_p6_c3,exam_paper_en-file-putnam-archive_1996_Solutions_1996s_page_002_p2_c9,exam_paper_en-file-putnam-archive_2007_Solutions_2007s_page_001_p1_c6,jiaocaineedrop_jiaocai_needrop_en_1564_p1564_c4",1,True,1.0
What is the cardinality of the subspace containing $\bar{S}$?,1,exam_paper_en-file-putnam-archive_2006_Solutions_2006s_page_006_p6_c3,exam_paper_en-file-putnam-archive_2006_Solutions_2006s_page_006_p6_c3,1,True,1.0
What is the cardinality of the subspace containing $\bar{S}$?,3,exam_paper_en-file-putnam-archive_2006_Solutions_2006s_page_006_p6_c3,"exam_paper_en-file-putnam-archive_2006_Solutions_2006s_page_006_p6_c3,exam_paper_en-file-putnam-archive_2006_Solutions_2006s_page_006_p6_c1,exam_paper_en-file-putnam-archive_2006_Solutions_2006s_page_006_p6_c2",1,True,1.0
What is the cardinality of the subspace containing $\bar{S}$?,5,exam_paper_en-file-putnam-archive_2006_Solutions_2006s_page_006_p6_c3,"exam_paper_en-file-putnam-archive_2006_Solutions_2006s_page_006_p6_c3,exam_paper_en-file-putnam-archive_2006_Solutions_2006s_page_006_p6_c1,exam_paper_en-file-putnam-archive_2006_Solutions_2006s_page_006_p6_c2,newspaper_The Globe and Mail - 2025-1-8@magazinesclubnew_page_014_p14_c3,newspaper_The Globe and Mail - 2025-1-8@magazinesclubnew_page_014_p14_c15",1,True,1.0
What is the answer to B–5?,1,exam_paper_en-file-putnam-archive_2006_Solutions_2006s_page_006_p6_c5,exam_paper_en-file-putnam-archive_2006_Solutions_2006s_page_006_p6_c5,1,True,1.0
What is the answer to B–5?,3,exam_paper_en-file-putnam-archive_2006_Solutions_2006s_page_006_p6_c5,"exam_paper_en-file-putnam-archive_2006_Solutions_2006s_page_006_p6_c5,exam_paper_en-file-putnam-archive_1998_Solutions_1998s_page_002_p2_c5,exam_paper_en-file-putnam-archive_2009_Solutions_2009s_page_003_p3_c8",1,True,1.0
What is the answer to B–5?,5,exam_paper_en-file-putnam-archive_2006_Solutions_2006s_page_006_p6_c5,"exam_paper_en-file-putnam-archive_2006_Solutions_2006s_page_006_p6_c5,exam_paper_en-file-putnam-archive_1998_Solutions_1998s_page_002_p2_c5,exam_paper_en-file-putnam-archive_2009_Solutions_2009s_page_003_p3_c8,exam_paper_en-file-putnam-archive_2009_Solutions_2009s_page_003_p3_c9,newspaper_The Wall Street Journal - 2025-01-08@magazinesclubnew_page_018_p18_c2",1,True,1.0
What is the upper bound for $a_{n}$ according to the first solution?,1,exam_paper_en-file-putnam-archive_2006_Solutions_2006s_page_006_p6_c6,exam_paper_en-file-putnam-archive_2006_Solutions_2006s_page_006_p6_c6,1,True,1.0
What is the upper bound for $a_{n}$ according to the first solution?,3,exam_paper_en-file-putnam-archive_2006_Solutions_2006s_page_006_p6_c6,"exam_paper_en-file-putnam-archive_2006_Solutions_2006s_page_006_p6_c6,exam_paper_en-file-putnam-archive_2007_Solutions_2007s_page_005_p5_c0,exam_paper_en-file-putnam-archive_1999_Solutions_1999s_page_002_p2_c0",1,True,1.0
What is the upper bound for $a_{n}$ according to the first solution?,5,exam_paper_en-file-putnam-archive_2006_Solutions_2006s_page_006_p6_c6,"exam_paper_en-file-putnam-archive_2006_Solutions_2006s_page_006_p6_c6,exam_paper_en-file-putnam-archive_2007_Solutions_2007s_page_005_p5_c0,exam_paper_en-file-putnam-archive_1999_Solutions_1999s_page_002_p2_c0,exam_paper_en-file-putnam-archive_2007_Solutions_2007s_page_005_p5_c1,jiaocaineedrop_96657786.pdf_0_p0_c3",1,True,1.0
在相似多边形的定义中，两个多边形需要满足什么条件？,1,jiaocaineedrop_jiaocai_needrop_en_1141_p1141_c0,jiaocaineedrop_jiaocai_needrop_en_1141_p1141_c0,1,True,1.0
在相似多边形的定义中，两个多边形需要满足什么条件？,3,jiaocaineedrop_jiaocai_needrop_en_1141_p1141_c0,"jiaocaineedrop_jiaocai_needrop_en_1141_p1141_c0,jiaocaineedrop_96657786.pdf_0_p0_c5,jiaocaineedrop_jiaocai_needrop_en_1473_p1473_c3",1,True,1.0
在相似多边形的定义中，两个多边形需要满足什么条件？,5,jiaocaineedrop_jiaocai_needrop_en_1141_p1141_c0,"jiaocaineedrop_jiaocai_needrop_en_1141_p1141_c0,jiaocaineedrop_96657786.pdf_0_p0_c5,jiaocaineedrop_jiaocai_needrop_en_1473_p1473_c3,jiaocaineedrop_96657786.pdf_0_p0_c1,jiaocaineedrop_jiaocai_needrop_en_1473_p1473_c0",1,True,1.0
