question,k,gold_chunk_ids,retrieved_chunk_ids,first_hit_rank,hit,hit_rate
What platforms are being used to educate Chinese retail investors?,1,yanbaor2_e2f6b15971d68a7f081216b0c0d8538cab413124fc8911f4db4fbb3d17f167c4.pdf_14_p14_c0,yanbaor2_e2f6b15971d68a7f081216b0c0d8538cab413124fc8911f4db4fbb3d17f167c4.pdf_14_p14_c0,1,True,1.0
What platforms are being used to educate Chinese retail investors?,3,yanbaor2_e2f6b15971d68a7f081216b0c0d8538cab413124fc8911f4db4fbb3d17f167c4.pdf_14_p14_c0,"yanbaor2_e2f6b15971d68a7f081216b0c0d8538cab413124fc8911f4db4fbb3d17f167c4.pdf_14_p14_c0,jiaocaineedrop_jiaocai_needrop_en_2884_p2884_c0,magazine_TheEconomist.2023.12.23_page_024_p24_c1",1,True,1.0
What platforms are being used to educate Chinese retail investors?,5,yanbaor2_e2f6b15971d68a7f081216b0c0d8538cab413124fc8911f4db4fbb3d17f167c4.pdf_14_p14_c0,"yanbaor2_e2f6b15971d68a7f081216b0c0d8538cab413124fc8911f4db4fbb3d17f167c4.pdf_14_p14_c0,jiaocaineedrop_jiaocai_needrop_en_2884_p2884_c0,magazine_TheEconomist.2023.12.23_page_024_p24_c1,yanbaor2_7f386f737cb55cffa10c8321a94bd38d7169cd69b3b253b9e2e502c12a68feea.pdf_15_p15_c0,jiaocaineedrop_jiaocai_needrop_en_961_p961_c0",1,True,1.0
盐池县女生数量的依据来自何处？,1,docstructbench_dianzishu_zhongwenzaixian-o.O-61323717.pdf_203_p203_c1,docstructbench_dianzishu_zhongwenzaixian-o.O-61323717.pdf_203_p203_c1,1,True,1.0
盐池县女生数量的依据来自何处？,3,docstructbench_dianzishu_zhongwenzaixian-o.O-61323717.pdf_203_p203_c1,"docstructbench_dianzishu_zhongwenzaixian-o.O-61323717.pdf_203_p203_c1,docstructbench_dianzishu_zhongwenzaixian-o.O-61323717.pdf_203_p203_c0,newspaper_2c69e142b52dbb30cac2cb11d3eb25e5_1_p1_c1",1,True,1.0
盐池县女生数量的依据来自何处？,5,docstructbench_dianzishu_zhongwenzaixian-o.O-61323717.pdf_203_p203_c1,"docstructbench_dianzishu_zhongwenzaixian-o.O-61323717.pdf_203_p203_c1,docstructbench_dianzishu_zhongwenzaixian-o.O-61323717.pdf_203_p203_c0,newspaper_2c69e142b52dbb30cac2cb11d3eb25e5_1_p1_c1,jiaocaineedrop_jiaocai_needrop_en_155_p155_c1,yanbaor2_bfe5f11c4ad2e94d966ef6801dc992816f42c9150e2be42b008c95f59713e901.pdf_137_p137_c0",1,True,1.0
What is the deadline for submitting the Group Presentation Topic and Description?,1,PPT_PresentationSpecification_page_007_p7_c0,PPT_PresentationSpecification_page_007_p7_c0,1,True,1.0
What is the deadline for submitting the Group Presentation Topic and Description?,3,PPT_PresentationSpecification_page_007_p7_c0,"PPT_PresentationSpecification_page_007_p7_c0,PPT_BaharMartonosi_page_006_p6_c0,yanbaopptmerge_e60b3b61281e87ddf42f9321a9e6ef9d.pdf_159_p159_c1",1,True,1.0
What is the deadline for submitting the Group Presentation Topic and Description?,5,PPT_PresentationSpecification_page_007_p7_c0,"PPT_PresentationSpecification_page_007_p7_c0,PPT_BaharMartonosi_page_006_p6_c0,yanbaopptmerge_e60b3b61281e87ddf42f9321a9e6ef9d.pdf_159_p159_c1,newspaper_The Globe and Mail - 2025-1-8@magazinesclubnew_page_014_p14_c0,jiaocaineedrop_jiaocai_needrop_en_961_p961_c0",1,True,1.0
What is a prisoner point according to the document fragment?,1,jiaocaineedrop_glossary.pdf_7_p7_c0,jiaocaineedrop_glossary.pdf_7_p7_c0,1,True,1.0
What is a prisoner point according to the document fragment?,3,jiaocaineedrop_glossary.pdf_7_p7_c0,"jiaocaineedrop_glossary.pdf_7_p7_c0,newspaper_The Globe and Mail - 2025-1-8@magazinesclubnew_page_014_p14_c2,yanbaopptmerge_e60b3b61281e87ddf42f9321a9e6ef9d.pdf_159_p159_c1",1,True,1.0
What is a prisoner point according to the document fragment?,5,jiaocaineedrop_glossary.pdf_7_p7_c0,"jiaocaineedrop_glossary.pdf_7_p7_c0,newspaper_The Globe and Mail - 2025-1-8@magazinesclubnew_page_014_p14_c2,yanbaopptmerge_e60b3b61281e87ddf42f9321a9e6ef9d.pdf_159_p159_c1,magazine_TheEconomist.2024.03.02_page_075_p75_c3,jiaocaineedrop_jiaocai_needrop_en_961_p961_c0",1,True,1.0
What is the general equation of a rectangular hyperbola?,1,jiaocaineedrop_glossary.pdf_7_p7_c1,jiaocaineedrop_glossary.pdf_7_p7_c1,1,True,1.0
What is the general equation of a rectangular hyperbola?,3,jiaocaineedrop_glossary.pdf_7_p7_c1,"jiaocaineedrop_glossary.pdf_7_p7_c1,exam_paper_en-file-putnam-archive_2009_Solutions_2009s_page_003_p3_c5,yanbaopptmerge_e60b3b61281e87ddf42f9321a9e6ef9d.pdf_159_p159_c1",1,True,1.0
What is the general equation of a rectangular hyperbola?,5,jiaocaineedrop_glossary.pdf_7_p7_c1,"jiaocaineedrop_glossary.pdf_7_p7_c1,exam_paper_en-file-putnam-archive_2009_Solutions_2009s_page_003_p3_c5,yanbaopptmerge_e60b3b61281e87ddf42f9321a9e6ef9d.pdf_159_p159_c1,docstructbench_dianzishu_zhongwenzaixian-o.O-60403612.pdf_179_p179_c0,jiaocaineedrop_jiaocai_needrop_en_961_p961_c0",1,True,1.0
What is a row matrix defined as in the document fragment?,1,jiaocaineedrop_glossary.pdf_7_p7_c2,book_en_国外数学教材-非数学专业教材-线性代数-Gilbert Strang—Linear Algebra and Its Applications 4e_0242_p242_c0,0,False,0.0
What is a row matrix defined as in the document fragment?,3,jiaocaineedrop_glossary.pdf_7_p7_c2,"book_en_国外数学教材-非数学专业教材-线性代数-Gilbert Strang—Linear Algebra and Its Applications 4e_0242_p242_c0,book_en_国外数学教材-非数学专业教材-线性代数-Gilbert Strang—Linear Algebra and Its Applications 4e_0035_p35_c0,PPT_lay_linalg5_01_05_page_004_p4_c0",0,False,0.0
What is a row matrix defined as in the document fragment?,5,jiaocaineedrop_glossary.pdf_7_p7_c2,"book_en_国外数学教材-非数学专业教材-线性代数-Gilbert Strang—Linear Algebra and Its Applications 4e_0242_p242_c0,book_en_国外数学教材-非数学专业教材-线性代数-Gilbert Strang—Linear Algebra and Its Applications 4e_0035_p35_c0,PPT_lay_linalg5_01_05_page_004_p4_c0,jiaocaineedrop_glossary.pdf_7_p7_c2,exam_paper_en-file-putnam-archive_2006_Solutions_2006s_page_006_p6_c2",4,True,1.0
What is the value of n in terms of k?,1,exam_paper_en-file-putnam-archive_2009_Solutions_2009s_page_003_p3_c0,exam_paper_en-file-putnam-archive_2006_Solutions_2006s_page_006_p6_c0,0,False,0.0
What is the value of n in terms of k?,3,exam_paper_en-file-putnam-archive_2009_Solutions_2009s_page_003_p3_c0,"exam_paper_en-file-putnam-archive_2006_Solutions_2006s_page_006_p6_c0,docstructbench_dianzishu_zhongwenzaixian-o.O-60403612.pdf_179_p179_c0,exam_paper_en-file-putnam-archive_1999_Solutions_1999s_page_003_p3_c1",0,False,0.0
What is the value of n in terms of k?,5,exam_paper_en-file-putnam-archive_2009_Solutions_2009s_page_003_p3_c0,"exam_paper_en-file-putnam-archive_2006_Solutions_2006s_page_006_p6_c0,docstructbench_dianzishu_zhongwenzaixian-o.O-60403612.pdf_179_p179_c0,exam_paper_en-file-putnam-archive_1999_Solutions_1999s_page_003_p3_c1,exam_paper_en-file-putnam-archive_2006_Solutions_2006s_page_006_p6_c4,exam_paper_en-file-putnam-archive_1995_Solutions_1995s_page_002_p2_c0",0,False,0.0
"What is the number of mediocre subsets of $\{1,\ldots,n+2\}$ containing the endpoints?",1,exam_paper_en-file-putnam-archive_2009_Solutions_2009s_page_003_p3_c2,exam_paper_en-file-putnam-archive_2009_Solutions_2009s_page_003_p3_c1,0,False,0.0
"What is the number of mediocre subsets of $\{1,\ldots,n+2\}$ containing the endpoints?",3,exam_paper_en-file-putnam-archive_2009_Solutions_2009s_page_003_p3_c2,"exam_paper_en-file-putnam-archive_2009_Solutions_2009s_page_003_p3_c1,exam_paper_en-file-putnam-archive_2009_Solutions_2009s_page_003_p3_c2,exam_paper_en-file-putnam-archive_1996_Solutions_1996s_page_002_p2_c5",2,True,1.0
"What is the number of mediocre subsets of $\{1,\ldots,n+2\}$ containing the endpoints?",5,exam_paper_en-file-putnam-archive_2009_Solutions_2009s_page_003_p3_c2,"exam_paper_en-file-putnam-archive_2009_Solutions_2009s_page_003_p3_c1,exam_paper_en-file-putnam-archive_2009_Solutions_2009s_page_003_p3_c2,exam_paper_en-file-putnam-archive_1996_Solutions_1996s_page_002_p2_c5,exam_paper_en-file-putnam-archive_2009_Solutions_2009s_page_003_p3_c0,exam_paper_en-file-putnam-archive_2002_Solutions_2002s_page_001_p1_c1",2,True,1.0
What is the condition for a polynomial P to be balanced?,1,exam_paper_en-file-putnam-archive_2009_Solutions_2009s_page_003_p3_c3,exam_paper_en-file-putnam-archive_2009_Solutions_2009s_page_003_p3_c3,1,True,1.0
What is the condition for a polynomial P to be balanced?,3,exam_paper_en-file-putnam-archive_2009_Solutions_2009s_page_003_p3_c3,"exam_paper_en-file-putnam-archive_2009_Solutions_2009s_page_003_p3_c3,exam_paper_en-file-putnam-archive_1999_Solutions_1999s_page_003_p3_c1,jiaocaineedrop_biz-96816.pdf_48_p48_c3",1,True,1.0
What is the condition for a polynomial P to be balanced?,5,exam_paper_en-file-putnam-archive_2009_Solutions_2009s_page_003_p3_c3,"exam_paper_en-file-putnam-archive_2009_Solutions_2009s_page_003_p3_c3,exam_paper_en-file-putnam-archive_1999_Solutions_1999s_page_003_p3_c1,jiaocaineedrop_biz-96816.pdf_48_p48_c3,exam_paper_en-file-putnam-archive_1999_Solutions_1999s_page_002_p2_c3,jiaocaineedrop_jiaocai_needrop_en_961_p961_c0",1,True,1.0
What happens to the contributions to the integral from θ and θ + π?,1,exam_paper_en-file-putnam-archive_2009_Solutions_2009s_page_003_p3_c4,exam_paper_en-file-putnam-archive_2009_Solutions_2009s_page_003_p3_c4,1,True,1.0
What happens to the contributions to the integral from θ and θ + π?,3,exam_paper_en-file-putnam-archive_2009_Solutions_2009s_page_003_p3_c4,"exam_paper_en-file-putnam-archive_2009_Solutions_2009s_page_003_p3_c4,exam_paper_en-file-putnam-archive_1995_Solutions_1995s_page_002_p2_c1,yanbaopptmerge_e60b3b61281e87ddf42f9321a9e6ef9d.pdf_159_p159_c1",1,True,1.0
What happens to the contributions to the integral from θ and θ + π?,5,exam_paper_en-file-putnam-archive_2009_Solutions_2009s_page_003_p3_c4,"exam_paper_en-file-putnam-archive_2009_Solutions_2009s_page_003_p3_c4,exam_paper_en-file-putnam-archive_1995_Solutions_1995s_page_002_p2_c1,yanbaopptmerge_e60b3b61281e87ddf42f9321a9e6ef9d.pdf_159_p159_c1,docstructbench_llm-raw-scihub-o.O-j.physletb.2004.11.060.pdf_2_p2_c3,jiaocaineedrop_jiaocai_needrop_en_961_p961_c0",1,True,1.0
What is the dimension of V according to the formula provided?,1,exam_paper_en-file-putnam-archive_2009_Solutions_2009s_page_003_p3_c5,exam_paper_en-file-putnam-archive_2006_Solutions_2006s_page_006_p6_c0,0,False,0.0
What is the dimension of V according to the formula provided?,3,exam_paper_en-file-putnam-archive_2009_Solutions_2009s_page_003_p3_c5,"exam_paper_en-file-putnam-archive_2006_Solutions_2006s_page_006_p6_c0,exam_paper_en-file-putnam-archive_2009_Solutions_2009s_page_003_p3_c5,yanbaopptmerge_e60b3b61281e87ddf42f9321a9e6ef9d.pdf_159_p159_c1",2,True,1.0
What is the dimension of V according to the formula provided?,5,exam_paper_en-file-putnam-archive_2009_Solutions_2009s_page_003_p3_c5,"exam_paper_en-file-putnam-archive_2006_Solutions_2006s_page_006_p6_c0,exam_paper_en-file-putnam-archive_2009_Solutions_2009s_page_003_p3_c5,yanbaopptmerge_e60b3b61281e87ddf42f9321a9e6ef9d.pdf_159_p159_c1,PPT_StewartCalcET7e_03_02_page_007_p7_c0,jiaocaineedrop_jiaocai_needrop_en_961_p961_c0",2,True,1.0
What is the condition for the ratio $ A_{n+1}/A_n $?,1,exam_paper_en-file-putnam-archive_1995_Solutions_1995s_page_002_p2_c0,exam_paper_en-file-putnam-archive_2002_Solutions_2002s_page_001_p1_c0,0,False,0.0
What is the condition for the ratio $ A_{n+1}/A_n $?,3,exam_paper_en-file-putnam-archive_1995_Solutions_1995s_page_002_p2_c0,"exam_paper_en-file-putnam-archive_2002_Solutions_2002s_page_001_p1_c0,exam_paper_en-file-putnam-archive_2006_Solutions_2006s_page_006_p6_c4,exam_paper_en-file-putnam-archive_2009_Solutions_2009s_page_003_p3_c1",0,False,0.0
What is the condition for the ratio $ A_{n+1}/A_n $?,5,exam_paper_en-file-putnam-archive_1995_Solutions_1995s_page_002_p2_c0,"exam_paper_en-file-putnam-archive_2002_Solutions_2002s_page_001_p1_c0,exam_paper_en-file-putnam-archive_2006_Solutions_2006s_page_006_p6_c4,exam_paper_en-file-putnam-archive_2009_Solutions_2009s_page_003_p3_c1,exam_paper_en-file-putnam-archive_1995_Solutions_1995s_page_002_p2_c0,exam_paper_en-file-putnam-archive_2011_Solutions_2011s_page_002_p2_c1",4,True,1.0
What is the result of the determinant calculation for the given matrix rows?,1,exam_paper_en-file-putnam-archive_1995_Solutions_1995s_page_002_p2_c1,book_en_国外数学教材-非数学专业教材-线性代数-Gilbert Strang—Linear Algebra and Its Applications 4e_0242_p242_c0,0,False,0.0
What is the result of the determinant calculation for the given matrix rows?,3,exam_paper_en-file-putnam-archive_1995_Solutions_1995s_page_002_p2_c1,"book_en_国外数学教材-非数学专业教材-线性代数-Gilbert Strang—Linear Algebra and Its Applications 4e_0242_p242_c0,exam_paper_en-file-putnam-archive_1995_Solutions_1995s_page_002_p2_c1,book_en_国外数学教材-非数学专业教材-线性代数-Gilbert Strang—Linear Algebra and Its Applications 4e_0242_p242_c1",2,True,1.0
What is the result of the determinant calculation for the given matrix rows?,5,exam_paper_en-file-putnam-archive_1995_Solutions_1995s_page_002_p2_c1,"book_en_国外数学教材-非数学专业教材-线性代数-Gilbert Strang—Linear Algebra and Its Applications 4e_0242_p242_c0,exam_paper_en-file-putnam-archive_1995_Solutions_1995s_page_002_p2_c1,book_en_国外数学教材-非数学专业教材-线性代数-Gilbert Strang—Linear Algebra and Its Applications 4e_0242_p242_c1,book_en_国外数学教材-非数学专业教材-线性代数-Gilbert Strang—Linear Algebra and Its Applications 4e_0035_p35_c0,yanbaopptmerge_e60b3b61281e87ddf42f9321a9e6ef9d.pdf_159_p159_c1",2,True,1.0
What is the equation that L satisfies?,1,exam_paper_en-file-putnam-archive_1995_Solutions_1995s_page_002_p2_c2,exam_paper_en-file-putnam-archive_2007_Solutions_2007s_page_001_p1_c0,0,False,0.0
What is the equation that L satisfies?,3,exam_paper_en-file-putnam-archive_1995_Solutions_1995s_page_002_p2_c2,"exam_paper_en-file-putnam-archive_2007_Solutions_2007s_page_001_p1_c0,exam_paper_en-file-putnam-archive_1995_Solutions_1995s_page_002_p2_c2,exam_paper_en-file-putnam-archive_2012_Solutions_2012s_page_001_p1_c3",2,True,1.0
What is the equation that L satisfies?,5,exam_paper_en-file-putnam-archive_1995_Solutions_1995s_page_002_p2_c2,"exam_paper_en-file-putnam-archive_2007_Solutions_2007s_page_001_p1_c0,exam_paper_en-file-putnam-archive_1995_Solutions_1995s_page_002_p2_c2,exam_paper_en-file-putnam-archive_2012_Solutions_2012s_page_001_p1_c3,exam_paper_en-file-putnam-archive_2000_Solutions_2000s_page_001_p1_c0,jiaocaineedrop_biz-96816.pdf_48_p48_c1",2,True,1.0
What is the value of a pile of 6 in the game?,1,exam_paper_en-file-putnam-archive_1995_Solutions_1995s_page_002_p2_c3,exam_paper_en-file-putnam-archive_1995_Solutions_1995s_page_002_p2_c4,0,False,0.0
What is the value of a pile of 6 in the game?,3,exam_paper_en-file-putnam-archive_1995_Solutions_1995s_page_002_p2_c3,"exam_paper_en-file-putnam-archive_1995_Solutions_1995s_page_002_p2_c4,exam_paper_en-file-putnam-archive_1995_Solutions_1995s_page_002_p2_c3,jiaocaineedrop_Evans_PDE_Solution_Chapter_6_Second-Order_Elliptic_Equations.pdf_5_p5_c2",2,True,1.0
What is the value of a pile of 6 in the game?,5,exam_paper_en-file-putnam-archive_1995_Solutions_1995s_page_002_p2_c3,"exam_paper_en-file-putnam-archive_1995_Solutions_1995s_page_002_p2_c4,exam_paper_en-file-putnam-archive_1995_Solutions_1995s_page_002_p2_c3,jiaocaineedrop_Evans_PDE_Solution_Chapter_6_Second-Order_Elliptic_Equations.pdf_5_p5_c2,jiaocaineedrop_Chapter9.pdf_46_p46_c0,jiaocaineedrop_jiaocai_needrop_en_2518_p2518_c0",2,True,1.0
"What is the nim-value of the starting position with piles of 3, 4, 5, 6?",1,exam_paper_en-file-putnam-archive_1995_Solutions_1995s_page_002_p2_c4,exam_paper_en-file-putnam-archive_1995_Solutions_1995s_page_002_p2_c4,1,True,1.0
"What is the nim-value of the starting position with piles of 3, 4, 5, 6?",3,exam_paper_en-file-putnam-archive_1995_Solutions_1995s_page_002_p2_c4,"exam_paper_en-file-putnam-archive_1995_Solutions_1995s_page_002_p2_c4,exam_paper_en-file-putnam-archive_1995_Solutions_1995s_page_002_p2_c3,jiaocaineedrop_Evans_PDE_Solution_Chapter_6_Second-Order_Elliptic_Equations.pdf_5_p5_c2",1,True,1.0
"What is the nim-value of the starting position with piles of 3, 4, 5, 6?",5,exam_paper_en-file-putnam-archive_1995_Solutions_1995s_page_002_p2_c4,"exam_paper_en-file-putnam-archive_1995_Solutions_1995s_page_002_p2_c4,exam_paper_en-file-putnam-archive_1995_Solutions_1995s_page_002_p2_c3,jiaocaineedrop_Evans_PDE_Solution_Chapter_6_Second-Order_Elliptic_Equations.pdf_5_p5_c2,jiaocaineedrop_Chapter9.pdf_46_p46_c0,newspaper_The Globe and Mail - 2025-1-8@magazinesclubnew_page_014_p14_c0",1,True,1.0
What equation does the left side equal for some n?,1,exam_paper_en-file-putnam-archive_1995_Solutions_1995s_page_002_p2_c5,exam_paper_en-file-putnam-archive_1995_Solutions_1995s_page_002_p2_c5,1,True,1.0
What equation does the left side equal for some n?,3,exam_paper_en-file-putnam-archive_1995_Solutions_1995s_page_002_p2_c5,"exam_paper_en-file-putnam-archive_1995_Solutions_1995s_page_002_p2_c5,jiaocaineedrop_jiaocai_needrop_en_961_p961_c0,exam_paper_en-file-putnam-archive_1998_Solutions_1998s_page_002_p2_c5",1,True,1.0
What equation does the left side equal for some n?,5,exam_paper_en-file-putnam-archive_1995_Solutions_1995s_page_002_p2_c5,"exam_paper_en-file-putnam-archive_1995_Solutions_1995s_page_002_p2_c5,jiaocaineedrop_jiaocai_needrop_en_961_p961_c0,exam_paper_en-file-putnam-archive_1998_Solutions_1998s_page_002_p2_c5,exam_paper_en-file-putnam-archive_1999_Solutions_1999s_page_003_p3_c4,exam_paper_en-file-putnam-archive_1999_Solutions_1999s_page_003_p3_c2",1,True,1.0
Which herbs may increase CNS depression?,1,docstructbench_enbook-zlib-o.O-19221575.pdf_1173_p1173_c0,docstructbench_enbook-zlib-o.O-19221575.pdf_1173_p1173_c0,1,True,1.0
Which herbs may increase CNS depression?,3,docstructbench_enbook-zlib-o.O-19221575.pdf_1173_p1173_c0,"docstructbench_enbook-zlib-o.O-19221575.pdf_1173_p1173_c0,docstructbench_enbook-zlib-o.O-19221575.pdf_1173_p1173_c1,jiaocaineedrop_Chapter9.pdf_46_p46_c0",1,True,1.0
Which herbs may increase CNS depression?,5,docstructbench_enbook-zlib-o.O-19221575.pdf_1173_p1173_c0,"docstructbench_enbook-zlib-o.O-19221575.pdf_1173_p1173_c0,docstructbench_enbook-zlib-o.O-19221575.pdf_1173_p1173_c1,jiaocaineedrop_Chapter9.pdf_46_p46_c0,docstructbench_enbook-zlib-o.O-19221575.pdf_1173_p1173_c4,yanbaopptmerge_yanbaoPPT_5945_p5945_c0",1,True,1.0
What lab values may increase due to this condition?,1,docstructbench_enbook-zlib-o.O-19221575.pdf_1173_p1173_c1,docstructbench_enbook-zlib-o.O-19221575.pdf_1173_p1173_c1,1,True,1.0
What lab values may increase due to this condition?,3,docstructbench_enbook-zlib-o.O-19221575.pdf_1173_p1173_c1,"docstructbench_enbook-zlib-o.O-19221575.pdf_1173_p1173_c1,jiaocaineedrop_biz-96816.pdf_48_p48_c1,scihub_bloodadvances.2019030924.pdf_3_p3_c1",1,True,1.0
What lab values may increase due to this condition?,5,docstructbench_enbook-zlib-o.O-19221575.pdf_1173_p1173_c1,"docstructbench_enbook-zlib-o.O-19221575.pdf_1173_p1173_c1,jiaocaineedrop_biz-96816.pdf_48_p48_c1,scihub_bloodadvances.2019030924.pdf_3_p3_c1,jiaocaineedrop_jiaocai_needrop_en_961_p961_c0,scihub_bloodadvances.2019030924.pdf_3_p3_c0",1,True,1.0
What is the initial dose for adults with schizophrenia when starting immediate-release tablets?,1,docstructbench_enbook-zlib-o.O-19221575.pdf_1173_p1173_c2,docstructbench_enbook-zlib-o.O-19221575.pdf_1173_p1173_c2,1,True,1.0
What is the initial dose for adults with schizophrenia when starting immediate-release tablets?,3,docstructbench_enbook-zlib-o.O-19221575.pdf_1173_p1173_c2,"docstructbench_enbook-zlib-o.O-19221575.pdf_1173_p1173_c2,docstructbench_enbook-zlib-o.O-19221575.pdf_1173_p1173_c3,yanbaopptmerge_e60b3b61281e87ddf42f9321a9e6ef9d.pdf_159_p159_c1",1,True,1.0
What is the initial dose for adults with schizophrenia when starting immediate-release tablets?,5,docstructbench_enbook-zlib-o.O-19221575.pdf_1173_p1173_c2,"docstructbench_enbook-zlib-o.O-19221575.pdf_1173_p1173_c2,docstructbench_enbook-zlib-o.O-19221575.pdf_1173_p1173_c3,yanbaopptmerge_e60b3b61281e87ddf42f9321a9e6ef9d.pdf_159_p159_c1,docstructbench_enbook-zlib-o.O-19221575.pdf_1173_p1173_c4,jiaocaineedrop_biz-96816.pdf_48_p48_c1",1,True,1.0
What is the initial dose for adults and elderly for immediate-release on day 1?,1,docstructbench_enbook-zlib-o.O-19221575.pdf_1173_p1173_c3,docstructbench_enbook-zlib-o.O-19221575.pdf_1173_p1173_c3,1,True,1.0
What is the initial dose for adults and elderly for immediate-release on day 1?,3,docstructbench_enbook-zlib-o.O-19221575.pdf_1173_p1173_c3,"docstructbench_enbook-zlib-o.O-19221575.pdf_1173_p1173_c3,docstructbench_enbook-zlib-o.O-19221575.pdf_1173_p1173_c2,docstructbench_enbook-zlib-o.O-19221575.pdf_1173_p1173_c4",1,True,1.0
What is the initial dose for adults and elderly for immediate-release on day 1?,5,docstructbench_enbook-zlib-o.O-19221575.pdf_1173_p1173_c3,"docstructbench_enbook-zlib-o.O-19221575.pdf_1173_p1173_c3,docstructbench_enbook-zlib-o.O-19221575.pdf_1173_p1173_c2,docstructbench_enbook-zlib-o.O-19221575.pdf_1173_p1173_c4,scihub_bloodadvances.2019030924.pdf_3_p3_c1,yanbaopptmerge_e60b3b61281e87ddf42f9321a9e6ef9d.pdf_159_p159_c1",1,True,1.0
What is the initial dose for Extended-Release on day 1 for adults and elderly in Depression in Bipolar Disorder?,1,docstructbench_enbook-zlib-o.O-19221575.pdf_1173_p1173_c4,docstructbench_enbook-zlib-o.O-19221575.pdf_1173_p1173_c4,1,True,1.0
What is the initial dose for Extended-Release on day 1 for adults and elderly in Depression in Bipolar Disorder?,3,docstructbench_enbook-zlib-o.O-19221575.pdf_1173_p1173_c4,"docstructbench_enbook-zlib-o.O-19221575.pdf_1173_p1173_c4,docstructbench_enbook-zlib-o.O-19221575.pdf_1173_p1173_c3,docstructbench_enbook-zlib-o.O-19221575.pdf_1173_p1173_c2",1,True,1.0
What is the initial dose for Extended-Release on day 1 for adults and elderly in Depression in Bipolar Disorder?,5,docstructbench_enbook-zlib-o.O-19221575.pdf_1173_p1173_c4,"docstructbench_enbook-zlib-o.O-19221575.pdf_1173_p1173_c4,docstructbench_enbook-zlib-o.O-19221575.pdf_1173_p1173_c3,docstructbench_enbook-zlib-o.O-19221575.pdf_1173_p1173_c2,docstructbench_llm-raw-scihub-o.O-hup.908.pdf_5_p5_c3,yanbaopptmerge_e60b3b61281e87ddf42f9321a9e6ef9d.pdf_159_p159_c1",1,True,1.0
What is the trade name of the High Alert drug?,1,docstructbench_enbook-zlib-o.O-19221575.pdf_1173_p1173_c5,docstructbench_enbook-zlib-o.O-19221575.pdf_1173_p1173_c5,1,True,1.0
What is the trade name of the High Alert drug?,3,docstructbench_enbook-zlib-o.O-19221575.pdf_1173_p1173_c5,"docstructbench_enbook-zlib-o.O-19221575.pdf_1173_p1173_c5,docstructbench_enbook-zlib-o.O-19221575.pdf_1173_p1173_c2,newspaper_The Globe and Mail - 2025-1-8@magazinesclubnew_page_018_p18_c2",1,True,1.0
What is the trade name of the High Alert drug?,5,docstructbench_enbook-zlib-o.O-19221575.pdf_1173_p1173_c5,"docstructbench_enbook-zlib-o.O-19221575.pdf_1173_p1173_c5,docstructbench_enbook-zlib-o.O-19221575.pdf_1173_p1173_c2,newspaper_The Globe and Mail - 2025-1-8@magazinesclubnew_page_018_p18_c2,docstructbench_enbook-zlib-o.O-19221575.pdf_1173_p1173_c3,exam_paper_2004-2019上海高考英语听力原文和答案_page_017_p17_c3",1,True,1.0
What is the meaning of 'any' as a determiner and pronoun?,1,color_textbook_zhonggaokao_小学_KET听说读写逐项突破_KET听说读写逐项突破之轻松搞定KET写作25分 【10讲 褚连一】_第10讲第十课写作Part9小作文练习_第十课写作Part9小作文练习_page_010_p10_c0,color_textbook_zhonggaokao_小学_KET听说读写逐项突破_KET听说读写逐项突破之轻松搞定KET写作25分 【10讲 褚连一】_第10讲第十课写作Part9小作文练习_第十课写作Part9小作文练习_page_010_p10_c0,1,True,1.0
What is the meaning of 'any' as a determiner and pronoun?,3,color_textbook_zhonggaokao_小学_KET听说读写逐项突破_KET听说读写逐项突破之轻松搞定KET写作25分 【10讲 褚连一】_第10讲第十课写作Part9小作文练习_第十课写作Part9小作文练习_page_010_p10_c0,"color_textbook_zhonggaokao_小学_KET听说读写逐项突破_KET听说读写逐项突破之轻松搞定KET写作25分 【10讲 褚连一】_第10讲第十课写作Part9小作文练习_第十课写作Part9小作文练习_page_010_p10_c0,jiaocaineedrop_jiaocai_needrop_en_961_p961_c0,notes_f7f010b78016aeebd76e56d9283eb67f_27_p27_c0",1,True,1.0
What is the meaning of 'any' as a determiner and pronoun?,5,color_textbook_zhonggaokao_小学_KET听说读写逐项突破_KET听说读写逐项突破之轻松搞定KET写作25分 【10讲 褚连一】_第10讲第十课写作Part9小作文练习_第十课写作Part9小作文练习_page_010_p10_c0,"color_textbook_zhonggaokao_小学_KET听说读写逐项突破_KET听说读写逐项突破之轻松搞定KET写作25分 【10讲 褚连一】_第10讲第十课写作Part9小作文练习_第十课写作Part9小作文练习_page_010_p10_c0,jiaocaineedrop_jiaocai_needrop_en_961_p961_c0,notes_f7f010b78016aeebd76e56d9283eb67f_27_p27_c0,jiaocaineedrop_biz-96816.pdf_48_p48_c3,exam_paper_2004-2019上海高考英语听力原文和答案_page_017_p17_c0",1,True,1.0
What is the meaning of 'at all' in the given text?,1,color_textbook_zhonggaokao_小学_KET听说读写逐项突破_KET听说读写逐项突破之轻松搞定KET写作25分 【10讲 褚连一】_第10讲第十课写作Part9小作文练习_第十课写作Part9小作文练习_page_010_p10_c1,color_textbook_zhonggaokao_小学_KET听说读写逐项突破_KET听说读写逐项突破之轻松搞定KET写作25分 【10讲 褚连一】_第10讲第十课写作Part9小作文练习_第十课写作Part9小作文练习_page_010_p10_c1,1,True,1.0
What is the meaning of 'at all' in the given text?,3,color_textbook_zhonggaokao_小学_KET听说读写逐项突破_KET听说读写逐项突破之轻松搞定KET写作25分 【10讲 褚连一】_第10讲第十课写作Part9小作文练习_第十课写作Part9小作文练习_page_010_p10_c1,"color_textbook_zhonggaokao_小学_KET听说读写逐项突破_KET听说读写逐项突破之轻松搞定KET写作25分 【10讲 褚连一】_第10讲第十课写作Part9小作文练习_第十课写作Part9小作文练习_page_010_p10_c1,jiaocaineedrop_jiaocai_needrop_en_961_p961_c0,exam_paper_2016年安徽省中考英语试题（解析）_page_015_p15_c3",1,True,1.0
What is the meaning of 'at all' in the given text?,5,color_textbook_zhonggaokao_小学_KET听说读写逐项突破_KET听说读写逐项突破之轻松搞定KET写作25分 【10讲 褚连一】_第10讲第十课写作Part9小作文练习_第十课写作Part9小作文练习_page_010_p10_c1,"color_textbook_zhonggaokao_小学_KET听说读写逐项突破_KET听说读写逐项突破之轻松搞定KET写作25分 【10讲 褚连一】_第10讲第十课写作Part9小作文练习_第十课写作Part9小作文练习_page_010_p10_c1,jiaocaineedrop_jiaocai_needrop_en_961_p961_c0,exam_paper_2016年安徽省中考英语试题（解析）_page_015_p15_c3,jiaocaineedrop_biz-96816.pdf_48_p48_c0,color_textbook_zhonggaokao_小学_KET听说读写逐项突破_KET听说读写逐项突破之轻松搞定KET写作25分 【10讲 褚连一】_第10讲第十课写作Part9小作文练习_第十课写作Part9小作文练习_page_010_p10_c0",1,True,1.0
What does the OMG specification say about a component?,1,yanbaopptmerge_SE14.pdf_1_p1_c0,yanbaopptmerge_SE14.pdf_1_p1_c0,1,True,1.0
What does the OMG specification say about a component?,3,yanbaopptmerge_SE14.pdf_1_p1_c0,"yanbaopptmerge_SE14.pdf_1_p1_c0,docstructbench_dianzishu_zhongwenzaixian-o.O-61523162.pdf_276_p276_c0,jiaocaineedrop_jiaocai_needrop_en_961_p961_c0",1,True,1.0
What does the OMG specification say about a component?,5,yanbaopptmerge_SE14.pdf_1_p1_c0,"yanbaopptmerge_SE14.pdf_1_p1_c0,docstructbench_dianzishu_zhongwenzaixian-o.O-61523162.pdf_276_p276_c0,jiaocaineedrop_jiaocai_needrop_en_961_p961_c0,book_en_[搬书匠#893][Pyomo—Optimization Modeling in Python].2012.英文版_page_188_p188_c2,exam_paper_2004-2019上海高考英语听力原文和答案_page_017_p17_c3",1,True,1.0
交接线的空费系数范围是多少？,1,book_zh_TB100782001_extracted_page_21_p21_c1,book_zh_TB100782001_extracted_page_21_p21_c1,1,True,1.0
交接线的空费系数范围是多少？,3,book_zh_TB100782001_extracted_page_21_p21_c1,"book_zh_TB100782001_extracted_page_21_p21_c1,book_zh_TB100782001_extracted_page_21_p21_c0,jiaocaineedrop_jiaocai_needrop_en_2893_p2893_c1",1,True,1.0
交接线的空费系数范围是多少？,5,book_zh_TB100782001_extracted_page_21_p21_c1,"book_zh_TB100782001_extracted_page_21_p21_c1,book_zh_TB100782001_extracted_page_21_p21_c0,jiaocaineedrop_jiaocai_needrop_en_2893_p2893_c1,jiaocaineedrop_jiaocai_needrop_en_1473_p1473_c1,jiaocaineedrop_jiaocai_needrop_en_1473_p1473_c3",1,True,1.0
哪套高考卷考察了句式变换？,1,yanbaopptmerge_yanbaoPPT_5205_p5205_c0,yanbaopptmerge_yanbaoPPT_5205_p5205_c0,1,True,1.0
哪套高考卷考察了句式变换？,3,yanbaopptmerge_yanbaoPPT_5205_p5205_c0,"yanbaopptmerge_yanbaoPPT_5205_p5205_c0,jiaocaineedrop_jiaocai_needrop_en_2193_p2193_c0,jiaocaineedrop_jiaocai_needrop_en_377_p377_c1",1,True,1.0
哪套高考卷考察了句式变换？,5,yanbaopptmerge_yanbaoPPT_5205_p5205_c0,"yanbaopptmerge_yanbaoPPT_5205_p5205_c0,jiaocaineedrop_jiaocai_needrop_en_2193_p2193_c0,jiaocaineedrop_jiaocai_needrop_en_377_p377_c1,notes_f7f010b78016aeebd76e56d9283eb67f_4_p4_c0,docstructbench_dianzishu_zhongwenzaixian-o.O-63678132.pdf_161_p161_c0",1,True,1.0
What is the weather condition in Calgary for today?,1,newspaper_The Globe and Mail - 2025-1-8@magazinesclubnew_page_014_p14_c0,jiaocaineedrop_jiaocai_needrop_en_961_p961_c0,0,False,0.0
What is the weather condition in Calgary for today?,3,newspaper_The Globe and Mail - 2025-1-8@magazinesclubnew_page_014_p14_c0,"jiaocaineedrop_jiaocai_needrop_en_961_p961_c0,newspaper_The Globe and Mail - 2025-1-8@magazinesclubnew_page_014_p14_c0,newspaper_The Globe and Mail - 2025-1-8@magazinesclubnew_page_027_p27_c0",2,True,1.0
What is the weather condition in Calgary for today?,5,newspaper_The Globe and Mail - 2025-1-8@magazinesclubnew_page_014_p14_c0,"jiaocaineedrop_jiaocai_needrop_en_961_p961_c0,newspaper_The Globe and Mail - 2025-1-8@magazinesclubnew_page_014_p14_c0,newspaper_The Globe and Mail - 2025-1-8@magazinesclubnew_page_027_p27_c0,yanbaopptmerge_e60b3b61281e87ddf42f9321a9e6ef9d.pdf_159_p159_c1,jiaocaineedrop_biz-96816.pdf_48_p48_c3",2,True,1.0
Where can Sudoku and Kenken solutions be found?,1,newspaper_The Globe and Mail - 2025-1-8@magazinesclubnew_page_014_p14_c1,newspaper_The Globe and Mail - 2025-1-8@magazinesclubnew_page_014_p14_c1,1,True,1.0
Where can Sudoku and Kenken solutions be found?,3,newspaper_The Globe and Mail - 2025-1-8@magazinesclubnew_page_014_p14_c1,"newspaper_The Globe and Mail - 2025-1-8@magazinesclubnew_page_014_p14_c1,newspaper_The Globe and Mail - 2025-1-8@magazinesclubnew_page_014_p14_c2,scihub_s11661-013-1726-7.pdf_2_p2_c3",1,True,1.0
Where can Sudoku and Kenken solutions be found?,5,newspaper_The Globe and Mail - 2025-1-8@magazinesclubnew_page_014_p14_c1,"newspaper_The Globe and Mail - 2025-1-8@magazinesclubnew_page_014_p14_c1,newspaper_The Globe and Mail - 2025-1-8@magazinesclubnew_page_014_p14_c2,scihub_s11661-013-1726-7.pdf_2_p2_c3,jiaocaineedrop_jiaocai_needrop_en_1836_p1836_c1,PPT_BaharMartonosi_page_006_p6_c0",1,True,1.0
What is the name of the bridge game's table layout?,1,newspaper_The Globe and Mail - 2025-1-8@magazinesclubnew_page_014_p14_c2,exam_paper_en-file-putnam-archive_2002_Solutions_2002s_page_001_p1_c3,0,False,0.0
What is the name of the bridge game's table layout?,3,newspaper_The Globe and Mail - 2025-1-8@magazinesclubnew_page_014_p14_c2,"exam_paper_en-file-putnam-archive_2002_Solutions_2002s_page_001_p1_c3,exam_paper_2004-2019上海高考英语听力原文和答案_page_017_p17_c3,newspaper_The Globe and Mail - 2025-1-8@magazinesclubnew_page_014_p14_c2",3,True,1.0
What is the name of the bridge game's table layout?,5,newspaper_The Globe and Mail - 2025-1-8@magazinesclubnew_page_014_p14_c2,"exam_paper_en-file-putnam-archive_2002_Solutions_2002s_page_001_p1_c3,exam_paper_2004-2019上海高考英语听力原文和答案_page_017_p17_c3,newspaper_The Globe and Mail - 2025-1-8@magazinesclubnew_page_014_p14_c2,jiaocaineedrop_jiaocai_needrop_en_961_p961_c0,newspaper_The Globe and Mail - 2025-1-8@magazinesclubnew_page_014_p14_c3",3,True,1.0
What does East's return of the three indicate about his preference for the next lead?,1,newspaper_The Globe and Mail - 2025-1-8@magazinesclubnew_page_014_p14_c3,newspaper_The Globe and Mail - 2025-1-8@magazinesclubnew_page_014_p14_c3,1,True,1.0
What does East's return of the three indicate about his preference for the next lead?,3,newspaper_The Globe and Mail - 2025-1-8@magazinesclubnew_page_014_p14_c3,"newspaper_The Globe and Mail - 2025-1-8@magazinesclubnew_page_014_p14_c3,newspaper_The Globe and Mail - 2025-1-8@magazinesclubnew_page_014_p14_c4,jiaocaineedrop_jiaocai_needrop_en_961_p961_c0",1,True,1.0
What does East's return of the three indicate about his preference for the next lead?,5,newspaper_The Globe and Mail - 2025-1-8@magazinesclubnew_page_014_p14_c3,"newspaper_The Globe and Mail - 2025-1-8@magazinesclubnew_page_014_p14_c3,newspaper_The Globe and Mail - 2025-1-8@magazinesclubnew_page_014_p14_c4,jiaocaineedrop_jiaocai_needrop_en_961_p961_c0,magazine_TheEconomist.2023.11.25_page_069_p69_c4,newspaper_The Globe and Mail - 2025-1-8@magazinesclubnew_page_014_p14_c2",1,True,1.0
What does East return at trick five?,1,newspaper_The Globe and Mail - 2025-1-8@magazinesclubnew_page_014_p14_c4,newspaper_The Globe and Mail - 2025-1-8@magazinesclubnew_page_014_p14_c4,1,True,1.0
What does East return at trick five?,3,newspaper_The Globe and Mail - 2025-1-8@magazinesclubnew_page_014_p14_c4,"newspaper_The Globe and Mail - 2025-1-8@magazinesclubnew_page_014_p14_c4,newspaper_The Globe and Mail - 2025-1-8@magazinesclubnew_page_014_p14_c3,notes_1ba14cb325bc448f7201b20502ecf2b5_10_p10_c1",1,True,1.0
What does East return at trick five?,5,newspaper_The Globe and Mail - 2025-1-8@magazinesclubnew_page_014_p14_c4,"newspaper_The Globe and Mail - 2025-1-8@magazinesclubnew_page_014_p14_c4,newspaper_The Globe and Mail - 2025-1-8@magazinesclubnew_page_014_p14_c3,notes_1ba14cb325bc448f7201b20502ecf2b5_10_p10_c1,jiaocaineedrop_jiaocai_needrop_en_961_p961_c0,newspaper_The Globe and Mail - 2025-1-8@magazinesclubnew_page_014_p14_c2",1,True,1.0
What are the topics of the scientific articles?,1,PPT_all655920_page_002_p2_c0,PPT_all655920_page_001_p1_c0,0,False,0.0
What are the topics of the scientific articles?,3,PPT_all655920_page_002_p2_c0,"PPT_all655920_page_001_p1_c0,PPT_all655920_page_002_p2_c0,docstructbench_llm-raw-scihub-o.O-j.ergon.2004.09.009.pdf_13_p13_c1",2,True,1.0
What are the topics of the scientific articles?,5,PPT_all655920_page_002_p2_c0,"PPT_all655920_page_001_p1_c0,PPT_all655920_page_002_p2_c0,docstructbench_llm-raw-scihub-o.O-j.ergon.2004.09.009.pdf_13_p13_c1,jiaocaineedrop_jiaocai_needrop_en_961_p961_c0,PPT_BaharMartonosi_page_006_p6_c0",2,True,1.0
What is the framework of ESL programs in secondary school?,1,PPT_The Right Moves_page_016_p16_c0,PPT_The Right Moves_page_016_p16_c0,1,True,1.0
What is the framework of ESL programs in secondary school?,3,PPT_The Right Moves_page_016_p16_c0,"PPT_The Right Moves_page_016_p16_c0,PPT_1001115_eng_page_005_p5_c0,yanbaopptmerge_e60b3b61281e87ddf42f9321a9e6ef9d.pdf_159_p159_c1",1,True,1.0
What is the framework of ESL programs in secondary school?,5,PPT_The Right Moves_page_016_p16_c0,"PPT_The Right Moves_page_016_p16_c0,PPT_1001115_eng_page_005_p5_c0,yanbaopptmerge_e60b3b61281e87ddf42f9321a9e6ef9d.pdf_159_p159_c1,PPT_13 fallacies LALT2012_page_001_p1_c0,jiaocaineedrop_jiaocai_needrop_en_961_p961_c0",1,True,1.0
What is the number associated with this paragraph?,1,color_textbook_zhonggaokao_小学_13.人教新起点英语（4-5年级）_人教新起点五年级英语下册_课本_人教新起点英语5B电子课本_page_034_p34_c0,jiaocaineedrop_Evans_PDE_Solution_Chapter_6_Second-Order_Elliptic_Equations.pdf_5_p5_c2,0,False,0.0
What is the number associated with this paragraph?,3,color_textbook_zhonggaokao_小学_13.人教新起点英语（4-5年级）_人教新起点五年级英语下册_课本_人教新起点英语5B电子课本_page_034_p34_c0,"jiaocaineedrop_Evans_PDE_Solution_Chapter_6_Second-Order_Elliptic_Equations.pdf_5_p5_c2,jiaocaineedrop_jiaocai_needrop_en_961_p961_c0,notes_1ba14cb325bc448f7201b20502ecf2b5_10_p10_c1",0,False,0.0
What is the number associated with this paragraph?,5,color_textbook_zhonggaokao_小学_13.人教新起点英语（4-5年级）_人教新起点五年级英语下册_课本_人教新起点英语5B电子课本_page_034_p34_c0,"jiaocaineedrop_Evans_PDE_Solution_Chapter_6_Second-Order_Elliptic_Equations.pdf_5_p5_c2,jiaocaineedrop_jiaocai_needrop_en_961_p961_c0,notes_1ba14cb325bc448f7201b20502ecf2b5_10_p10_c1,jiaocaineedrop_biz-96816.pdf_48_p48_c1,newspaper_The Globe and Mail - 2025-1-8@magazinesclubnew_page_014_p14_c0",0,False,0.0
What is the main benefit of participating in sports during adulthood?,1,exam_paper_2004-2019上海高考英语听力原文和答案_page_017_p17_c0,jiaocaineedrop_jiaocai_needrop_en_237_p237_c0,0,False,0.0
What is the main benefit of participating in sports during adulthood?,3,exam_paper_2004-2019上海高考英语听力原文和答案_page_017_p17_c0,"jiaocaineedrop_jiaocai_needrop_en_237_p237_c0,exam_paper_2004-2019上海高考英语听力原文和答案_page_017_p17_c0,yanbaopptmerge_yanbaoPPT_495_p495_c0",2,True,1.0
What is the main benefit of participating in sports during adulthood?,5,exam_paper_2004-2019上海高考英语听力原文和答案_page_017_p17_c0,"jiaocaineedrop_jiaocai_needrop_en_237_p237_c0,exam_paper_2004-2019上海高考英语听力原文和答案_page_017_p17_c0,yanbaopptmerge_yanbaoPPT_495_p495_c0,exam_paper_2016年安徽省中考英语试题（解析）_page_015_p15_c2,PPT_1001115_eng_page_005_p5_c0",2,True,1.0
What helps children learn to cope with real life problems?,1,exam_paper_2004-2019上海高考英语听力原文和答案_page_017_p17_c1,exam_paper_2004-2019上海高考英语听力原文和答案_page_017_p17_c1,1,True,1.0
What helps children learn to cope with real life problems?,3,exam_paper_2004-2019上海高考英语听力原文和答案_page_017_p17_c1,"exam_paper_2004-2019上海高考英语听力原文和答案_page_017_p17_c1,jiaocaineedrop_jiaocai_needrop_en_2884_p2884_c0,exam_paper_2016年安徽省中考英语试题（解析）_page_015_p15_c2",1,True,1.0
What helps children learn to cope with real life problems?,5,exam_paper_2004-2019上海高考英语听力原文和答案_page_017_p17_c1,"exam_paper_2004-2019上海高考英语听力原文和答案_page_017_p17_c1,jiaocaineedrop_jiaocai_needrop_en_2884_p2884_c0,exam_paper_2016年安徽省中考英语试题（解析）_page_015_p15_c2,jiaocaineedrop_jiaocai_needrop_en_1836_p1836_c1,newspaper_USAToday-2025-01-08@magazinesclubnew_page_021_p21_c1",1,True,1.0
What should the applications be prepared for?,1,exam_paper_2004-2019上海高考英语听力原文和答案_page_017_p17_c2,exam_paper_2004-2019上海高考英语听力原文和答案_page_017_p17_c2,1,True,1.0
What should the applications be prepared for?,3,exam_paper_2004-2019上海高考英语听力原文和答案_page_017_p17_c2,"exam_paper_2004-2019上海高考英语听力原文和答案_page_017_p17_c2,yanbaopptmerge_0c79d327060dbf9f1582d03c235dadb039533a19091d2c0d24f2ad95d267f79b.pdf_2_p2_c1,jiaocaineedrop_jiaocai_needrop_en_961_p961_c0",1,True,1.0
What should the applications be prepared for?,5,exam_paper_2004-2019上海高考英语听力原文和答案_page_017_p17_c2,"exam_paper_2004-2019上海高考英语听力原文和答案_page_017_p17_c2,yanbaopptmerge_0c79d327060dbf9f1582d03c235dadb039533a19091d2c0d24f2ad95d267f79b.pdf_2_p2_c1,jiaocaineedrop_jiaocai_needrop_en_961_p961_c0,PPT_PresentationSpecification_page_007_p7_c0,color_textbook_zhonggaokao_小学_13.人教新起点英语（4-5年级）_人教新起点五年级英语下册_课本_人教新起点英语5B电子课本_page_011_p11_c0",1,True,1.0
What is the woman's request in the conversation?,1,exam_paper_2004-2019上海高考英语听力原文和答案_page_017_p17_c3,jiaocaineedrop_jiaocai_needrop_en_961_p961_c0,0,False,0.0
What is the woman's request in the conversation?,3,exam_paper_2004-2019上海高考英语听力原文和答案_page_017_p17_c3,"jiaocaineedrop_jiaocai_needrop_en_961_p961_c0,exam_paper_2004-2019上海高考英语听力原文和答案_page_017_p17_c3,color_textbook_zhonggaokao_小学_13.人教新起点英语（4-5年级）_人教新起点五年级英语下册_课本_人教新起点英语5B电子课本_page_011_p11_c0",2,True,1.0
What is the woman's request in the conversation?,5,exam_paper_2004-2019上海高考英语听力原文和答案_page_017_p17_c3,"jiaocaineedrop_jiaocai_needrop_en_961_p961_c0,exam_paper_2004-2019上海高考英语听力原文和答案_page_017_p17_c3,color_textbook_zhonggaokao_小学_13.人教新起点英语（4-5年级）_人教新起点五年级英语下册_课本_人教新起点英语5B电子课本_page_011_p11_c0,color_textbook_zhonggaokao_小学_13.人教新起点英语（4-5年级）_人教新起点五年级英语上册_课本_人教新起点英语5A电子课本_page_055_p55_c0,jiaocaineedrop_jiaocai_needrop_en_453_p453_c4",2,True,1.0
What forces the determinant of the matrix to be zero?,1,exam_paper_en-file-putnam-archive_2002_Solutions_2002s_page_001_p1_c1,book_en_国外数学教材-非数学专业教材-线性代数-Gilbert Strang—Linear Algebra and Its Applications 4e_0242_p242_c1,0,False,0.0
What forces the determinant of the matrix to be zero?,3,exam_paper_en-file-putnam-archive_2002_Solutions_2002s_page_001_p1_c1,"book_en_国外数学教材-非数学专业教材-线性代数-Gilbert Strang—Linear Algebra and Its Applications 4e_0242_p242_c1,book_en_国外数学教材-非数学专业教材-线性代数-Gilbert Strang—Linear Algebra and Its Applications 4e_0242_p242_c0,book_en_国外数学教材-非数学专业教材-线性代数-Gilbert Strang—Linear Algebra and Its Applications 4e_0085_p85_c0",0,False,0.0
What forces the determinant of the matrix to be zero?,5,exam_paper_en-file-putnam-archive_2002_Solutions_2002s_page_001_p1_c1,"book_en_国外数学教材-非数学专业教材-线性代数-Gilbert Strang—Linear Algebra and Its Applications 4e_0242_p242_c1,book_en_国外数学教材-非数学专业教材-线性代数-Gilbert Strang—Linear Algebra and Its Applications 4e_0242_p242_c0,book_en_国外数学教材-非数学专业教材-线性代数-Gilbert Strang—Linear Algebra and Its Applications 4e_0085_p85_c0,exam_paper_en-file-putnam-archive_2002_Solutions_2002s_page_001_p1_c1,book_en_国外数学教材-非数学专业教材-线性代数-Gilbert Strang—Linear Algebra and Its Applications 4e_0119_p119_c2",4,True,1.0
What position does Player 0 play next after the scenario described?,1,exam_paper_en-file-putnam-archive_2002_Solutions_2002s_page_001_p1_c2,exam_paper_en-file-putnam-archive_2002_Solutions_2002s_page_001_p1_c2,1,True,1.0
What position does Player 0 play next after the scenario described?,3,exam_paper_en-file-putnam-archive_2002_Solutions_2002s_page_001_p1_c2,"exam_paper_en-file-putnam-archive_2002_Solutions_2002s_page_001_p1_c2,exam_paper_en-file-putnam-archive_2002_Solutions_2002s_page_001_p1_c1,newspaper_Daily Mirror 2025-1-8@magazinesclubnew_page_058_p58_c0",1,True,1.0
What position does Player 0 play next after the scenario described?,5,exam_paper_en-file-putnam-archive_2002_Solutions_2002s_page_001_p1_c2,"exam_paper_en-file-putnam-archive_2002_Solutions_2002s_page_001_p1_c2,exam_paper_en-file-putnam-archive_2002_Solutions_2002s_page_001_p1_c1,newspaper_Daily Mirror 2025-1-8@magazinesclubnew_page_058_p58_c0,jiaocaineedrop_jiaocai_needrop_en_961_p961_c0,exam_paper_en-file-putnam-archive_1995_Solutions_1995s_page_002_p2_c4",1,True,1.0
What is the first move of Player 0 in the described game scenario?,1,exam_paper_en-file-putnam-archive_2002_Solutions_2002s_page_001_p1_c3,exam_paper_en-file-putnam-archive_2002_Solutions_2002s_page_001_p1_c2,0,False,0.0
What is the first move of Player 0 in the described game scenario?,3,exam_paper_en-file-putnam-archive_2002_Solutions_2002s_page_001_p1_c3,"exam_paper_en-file-putnam-archive_2002_Solutions_2002s_page_001_p1_c2,exam_paper_en-file-putnam-archive_2002_Solutions_2002s_page_001_p1_c3,exam_paper_en-file-putnam-archive_1995_Solutions_1995s_page_002_p2_c4",2,True,1.0
What is the first move of Player 0 in the described game scenario?,5,exam_paper_en-file-putnam-archive_2002_Solutions_2002s_page_001_p1_c3,"exam_paper_en-file-putnam-archive_2002_Solutions_2002s_page_001_p1_c2,exam_paper_en-file-putnam-archive_2002_Solutions_2002s_page_001_p1_c3,exam_paper_en-file-putnam-archive_1995_Solutions_1995s_page_002_p2_c4,jiaocaineedrop_biz-96816.pdf_48_p48_c1,newspaper_The Globe and Mail - 2025-1-8@magazinesclubnew_page_027_p27_c0",2,True,1.0
什么是nut的中文含义？,1,notes_f7f010b78016aeebd76e56d9283eb67f_72_p72_c0,notes_f7f010b78016aeebd76e56d9283eb67f_72_p72_c0,1,True,1.0
什么是nut的中文含义？,3,notes_f7f010b78016aeebd76e56d9283eb67f_72_p72_c0,"notes_f7f010b78016aeebd76e56d9283eb67f_72_p72_c0,exam_paper_2016年安徽省中考英语试题（解析）_page_003_p3_c2,notes_f7f010b78016aeebd76e56d9283eb67f_72_p72_c1",1,True,1.0
什么是nut的中文含义？,5,notes_f7f010b78016aeebd76e56d9283eb67f_72_p72_c0,"notes_f7f010b78016aeebd76e56d9283eb67f_72_p72_c0,exam_paper_2016年安徽省中考英语试题（解析）_page_003_p3_c2,notes_f7f010b78016aeebd76e56d9283eb67f_72_p72_c1,newspaper_2c69e142b52dbb30cac2cb11d3eb25e5_1_p1_c1,jiaocaineedrop_jiaocai_needrop_en_1118_p1118_c1",1,True,1.0
outgoing的形容词含义是什么？,1,notes_f7f010b78016aeebd76e56d9283eb67f_72_p72_c1,notes_f7f010b78016aeebd76e56d9283eb67f_27_p27_c0,0,False,0.0
outgoing的形容词含义是什么？,3,notes_f7f010b78016aeebd76e56d9283eb67f_72_p72_c1,"notes_f7f010b78016aeebd76e56d9283eb67f_27_p27_c0,notes_f7f010b78016aeebd76e56d9283eb67f_72_p72_c1,exam_paper_2016年安徽省中考英语试题（解析）_page_003_p3_c2",2,True,1.0
outgoing的形容词含义是什么？,5,notes_f7f010b78016aeebd76e56d9283eb67f_72_p72_c1,"notes_f7f010b78016aeebd76e56d9283eb67f_27_p27_c0,notes_f7f010b78016aeebd76e56d9283eb67f_72_p72_c1,exam_paper_2016年安徽省中考英语试题（解析）_page_003_p3_c2,color_textbook_zhonggaokao_小学_KET听说读写逐项突破_KET听说读写逐项突破之轻松搞定KET写作25分 【10讲 褚连一】_第10讲第十课写作Part9小作文练习_第十课写作Part9小作文练习_page_010_p10_c1,newspaper_2c69e142b52dbb30cac2cb11d3eb25e5_1_p1_c1",2,True,1.0
哪个词是名词并且表示总统？,1,notes_f7f010b78016aeebd76e56d9283eb67f_72_p72_c2,notes_f7f010b78016aeebd76e56d9283eb67f_52_p52_c1,0,False,0.0
哪个词是名词并且表示总统？,3,notes_f7f010b78016aeebd76e56d9283eb67f_72_p72_c2,"notes_f7f010b78016aeebd76e56d9283eb67f_52_p52_c1,yanbaopptmerge_yanbaoPPT_5945_p5945_c0,notes_f7f010b78016aeebd76e56d9283eb67f_27_p27_c0",0,False,0.0
哪个词是名词并且表示总统？,5,notes_f7f010b78016aeebd76e56d9283eb67f_72_p72_c2,"notes_f7f010b78016aeebd76e56d9283eb67f_52_p52_c1,yanbaopptmerge_yanbaoPPT_5945_p5945_c0,notes_f7f010b78016aeebd76e56d9283eb67f_27_p27_c0,notes_f7f010b78016aeebd76e56d9283eb67f_52_p52_c0,notes_f7f010b78016aeebd76e56d9283eb67f_72_p72_c2",5,True,1.0
reference的词性是什么？,1,notes_f7f010b78016aeebd76e56d9283eb67f_72_p72_c3,notes_f7f010b78016aeebd76e56d9283eb67f_72_p72_c3,1,True,1.0
reference的词性是什么？,3,notes_f7f010b78016aeebd76e56d9283eb67f_72_p72_c3,"notes_f7f010b78016aeebd76e56d9283eb67f_72_p72_c3,exam_paper_2016年安徽省中考英语试题（解析）_page_003_p3_c2,jiaocaineedrop_jiaocai_needrop_en_1118_p1118_c1",1,True,1.0
reference的词性是什么？,5,notes_f7f010b78016aeebd76e56d9283eb67f_72_p72_c3,"notes_f7f010b78016aeebd76e56d9283eb67f_72_p72_c3,exam_paper_2016年安徽省中考英语试题（解析）_page_003_p3_c2,jiaocaineedrop_jiaocai_needrop_en_1118_p1118_c1,newspaper_2c69e142b52dbb30cac2cb11d3eb25e5_1_p1_c1,notes_f7f010b78016aeebd76e56d9283eb67f_52_p52_c0",1,True,1.0
如何体现思辨性中的多重关系？,1,yanbaopptmerge_yanbaoPPT_6170_p6170_c0,yanbaopptmerge_yanbaoPPT_6170_p6170_c0,1,True,1.0
如何体现思辨性中的多重关系？,3,yanbaopptmerge_yanbaoPPT_6170_p6170_c0,"yanbaopptmerge_yanbaoPPT_6170_p6170_c0,jiaocaineedrop_jiaocai_needrop_en_377_p377_c2,jiaocaineedrop_jiaocai_needrop_en_155_p155_c2",1,True,1.0
如何体现思辨性中的多重关系？,5,yanbaopptmerge_yanbaoPPT_6170_p6170_c0,"yanbaopptmerge_yanbaoPPT_6170_p6170_c0,jiaocaineedrop_jiaocai_needrop_en_377_p377_c2,jiaocaineedrop_jiaocai_needrop_en_155_p155_c2,book_en_[搬书匠#375][High Performance MySQL 3rd Edition].2012.英文版_page_153_p153_c1,yanbaor2_7f386f737cb55cffa10c8321a94bd38d7169cd69b3b253b9e2e502c12a68feea.pdf_15_p15_c0",1,True,1.0
What is the derivative of uv according to the formula provided?,1,PPT_StewartCalcET7e_03_02_page_007_p7_c0,PPT_StewartCalcET7e_03_02_page_007_p7_c0,1,True,1.0
What is the derivative of uv according to the formula provided?,3,PPT_StewartCalcET7e_03_02_page_007_p7_c0,"PPT_StewartCalcET7e_03_02_page_007_p7_c0,book_en_国外数学教材-数论-Melvyn B. Nathanson—Elementary Methods in Number Theory_0451_p451_c1,yanbaopptmerge_e60b3b61281e87ddf42f9321a9e6ef9d.pdf_159_p159_c1",1,True,1.0
What is the derivative of uv according to the formula provided?,5,PPT_StewartCalcET7e_03_02_page_007_p7_c0,"PPT_StewartCalcET7e_03_02_page_007_p7_c0,book_en_国外数学教材-数论-Melvyn B. Nathanson—Elementary Methods in Number Theory_0451_p451_c1,yanbaopptmerge_e60b3b61281e87ddf42f9321a9e6ef9d.pdf_159_p159_c1,jiaocaineedrop_Evans_PDE_Solution_Chapter_6_Second-Order_Elliptic_Equations.pdf_5_p5_c1,jiaocaineedrop_jiaocai_needrop_en_961_p961_c0",1,True,1.0
Fe3O4的相对分子质量是多少？,1,yanbaopptmerge_yanbaoPPT_1465_p1465_c0,yanbaopptmerge_yanbaoPPT_1465_p1465_c0,1,True,1.0
Fe3O4的相对分子质量是多少？,3,yanbaopptmerge_yanbaoPPT_1465_p1465_c0,"yanbaopptmerge_yanbaoPPT_1465_p1465_c0,docstructbench_dianzishu_zhongwenzaixian-o.O-60403612.pdf_179_p179_c1,jiaocaineedrop_jiaocai_needrop_en_2893_p2893_c1",1,True,1.0
Fe3O4的相对分子质量是多少？,5,yanbaopptmerge_yanbaoPPT_1465_p1465_c0,"yanbaopptmerge_yanbaoPPT_1465_p1465_c0,docstructbench_dianzishu_zhongwenzaixian-o.O-60403612.pdf_179_p179_c1,jiaocaineedrop_jiaocai_needrop_en_2893_p2893_c1,docstructbench_dianzishu_zhongwenzaixian-o.O-60403612.pdf_179_p179_c2,jiaocaineedrop_jiaocai_needrop_en_3937_p3937_c0",1,True,1.0
2023年2月24日上证综指年初至今涨跌幅是多少？,1,eastmoney_7c25f92e2ab21d83e1eada0e40a68e3151e7c1c2d673ddb12b0242fa3ab931ab.pdf_13_p13_c0,eastmoney_7c25f92e2ab21d83e1eada0e40a68e3151e7c1c2d673ddb12b0242fa3ab931ab.pdf_13_p13_c0,1,True,1.0
2023年2月24日上证综指年初至今涨跌幅是多少？,3,eastmoney_7c25f92e2ab21d83e1eada0e40a68e3151e7c1c2d673ddb12b0242fa3ab931ab.pdf_13_p13_c0,"eastmoney_7c25f92e2ab21d83e1eada0e40a68e3151e7c1c2d673ddb12b0242fa3ab931ab.pdf_13_p13_c0,yanbaopptmerge_2f4902871606698497c53ccb18d3fec2f83d05047d883cd65bbce26bfb27bcd2.pdf_1_p1_c2,newspaper_e62730aaeb9b509119e0c3699ac18201_1_p1_c3",1,True,1.0
2023年2月24日上证综指年初至今涨跌幅是多少？,5,eastmoney_7c25f92e2ab21d83e1eada0e40a68e3151e7c1c2d673ddb12b0242fa3ab931ab.pdf_13_p13_c0,"eastmoney_7c25f92e2ab21d83e1eada0e40a68e3151e7c1c2d673ddb12b0242fa3ab931ab.pdf_13_p13_c0,yanbaopptmerge_2f4902871606698497c53ccb18d3fec2f83d05047d883cd65bbce26bfb27bcd2.pdf_1_p1_c2,newspaper_e62730aaeb9b509119e0c3699ac18201_1_p1_c3,yanbaopptmerge_51e549c0d1a2669ac976409fcf99ce91908b1e0a07f0fc70d92263abf6d07f18.pdf_1_p1_c1,jiaocaineedrop_jiaocai_needrop_en_3937_p3937_c0",1,True,1.0
新能源商品汽车运输是否按危险货物管理？,1,eastmoney_7c25f92e2ab21d83e1eada0e40a68e3151e7c1c2d673ddb12b0242fa3ab931ab.pdf_13_p13_c1,eastmoney_7c25f92e2ab21d83e1eada0e40a68e3151e7c1c2d673ddb12b0242fa3ab931ab.pdf_13_p13_c1,1,True,1.0
新能源商品汽车运输是否按危险货物管理？,3,eastmoney_7c25f92e2ab21d83e1eada0e40a68e3151e7c1c2d673ddb12b0242fa3ab931ab.pdf_13_p13_c1,"eastmoney_7c25f92e2ab21d83e1eada0e40a68e3151e7c1c2d673ddb12b0242fa3ab931ab.pdf_13_p13_c1,yanbaopptmerge_0c79d327060dbf9f1582d03c235dadb039533a19091d2c0d24f2ad95d267f79b.pdf_2_p2_c1,yanbaor2_yanbaoPPT_467_p467_c0",1,True,1.0
新能源商品汽车运输是否按危险货物管理？,5,eastmoney_7c25f92e2ab21d83e1eada0e40a68e3151e7c1c2d673ddb12b0242fa3ab931ab.pdf_13_p13_c1,"eastmoney_7c25f92e2ab21d83e1eada0e40a68e3151e7c1c2d673ddb12b0242fa3ab931ab.pdf_13_p13_c1,yanbaopptmerge_0c79d327060dbf9f1582d03c235dadb039533a19091d2c0d24f2ad95d267f79b.pdf_2_p2_c1,yanbaor2_yanbaoPPT_467_p467_c0,newspaper_b95d1d8eb0d756cc94a5d8b5db3cf69b_1_p1_c6,eastmoney_7c25f92e2ab21d83e1eada0e40a68e3151e7c1c2d673ddb12b0242fa3ab931ab.pdf_13_p13_c0",1,True,1.0
Who are the authors of the article?,1,yanbaor2_yanbaoPPT_1517_p1517_c0,newspaper_The Globe and Mail - 2025-1-8@magazinesclubnew_page_014_p14_c0,0,False,0.0
Who are the authors of the article?,3,yanbaor2_yanbaoPPT_1517_p1517_c0,"newspaper_The Globe and Mail - 2025-1-8@magazinesclubnew_page_014_p14_c0,jiaocaineedrop_jiaocai_needrop_en_453_p453_c0,docstructbench_llm-raw-scihub-o.O-j.ab.2007.10.021.pdf_3_p3_c3",0,False,0.0
Who are the authors of the article?,5,yanbaor2_yanbaoPPT_1517_p1517_c0,"newspaper_The Globe and Mail - 2025-1-8@magazinesclubnew_page_014_p14_c0,jiaocaineedrop_jiaocai_needrop_en_453_p453_c0,docstructbench_llm-raw-scihub-o.O-j.ab.2007.10.021.pdf_3_p3_c3,jiaocaineedrop_jiaocai_needrop_en_961_p961_c0,docstructbench_llm-raw-scihub-o.O-j.ergon.2004.09.009.pdf_13_p13_c0",0,False,0.0
What did the Gunners boss say about the Puma match ball?,1,newspaper_Daily Mirror 2025-1-8@magazinesclubnew_page_058_p58_c0,newspaper_Daily Mirror 2025-1-8@magazinesclubnew_page_058_p58_c0,1,True,1.0
What did the Gunners boss say about the Puma match ball?,3,newspaper_Daily Mirror 2025-1-8@magazinesclubnew_page_058_p58_c0,"newspaper_Daily Mirror 2025-1-8@magazinesclubnew_page_058_p58_c0,newspaper_Daily Mirror 2025-1-8@magazinesclubnew_page_058_p58_c1,jiaocaineedrop_jiaocai_needrop_en_961_p961_c0",1,True,1.0
What did the Gunners boss say about the Puma match ball?,5,newspaper_Daily Mirror 2025-1-8@magazinesclubnew_page_058_p58_c0,"newspaper_Daily Mirror 2025-1-8@magazinesclubnew_page_058_p58_c0,newspaper_Daily Mirror 2025-1-8@magazinesclubnew_page_058_p58_c1,jiaocaineedrop_jiaocai_needrop_en_961_p961_c0,newspaper_Daily Mirror 2025-1-8@magazinesclubnew_page_058_p58_c3,exam_paper_2016年安徽省中考英语试题（解析）_page_015_p15_c2",1,True,1.0
Which player's cross shot led to Newcastle's second goal?,1,newspaper_Daily Mirror 2025-1-8@magazinesclubnew_page_058_p58_c2,newspaper_Daily Mirror 2025-1-8@magazinesclubnew_page_058_p58_c2,1,True,1.0
Which player's cross shot led to Newcastle's second goal?,3,newspaper_Daily Mirror 2025-1-8@magazinesclubnew_page_058_p58_c2,"newspaper_Daily Mirror 2025-1-8@magazinesclubnew_page_058_p58_c2,newspaper_Daily Mirror 2025-1-8@magazinesclubnew_page_058_p58_c1,newspaper_Daily Mirror 2025-1-8@magazinesclubnew_page_058_p58_c0",1,True,1.0
Which player's cross shot led to Newcastle's second goal?,5,newspaper_Daily Mirror 2025-1-8@magazinesclubnew_page_058_p58_c2,"newspaper_Daily Mirror 2025-1-8@magazinesclubnew_page_058_p58_c2,newspaper_Daily Mirror 2025-1-8@magazinesclubnew_page_058_p58_c1,newspaper_Daily Mirror 2025-1-8@magazinesclubnew_page_058_p58_c0,jiaocaineedrop_jiaocai_needrop_en_961_p961_c0,newspaper_The Globe and Mail - 2025-1-8@magazinesclubnew_page_027_p27_c1",1,True,1.0
What did the miss summarize about Arsenal's performance?,1,newspaper_Daily Mirror 2025-1-8@magazinesclubnew_page_058_p58_c3,newspaper_Daily Mirror 2025-1-8@magazinesclubnew_page_058_p58_c3,1,True,1.0
What did the miss summarize about Arsenal's performance?,3,newspaper_Daily Mirror 2025-1-8@magazinesclubnew_page_058_p58_c3,"newspaper_Daily Mirror 2025-1-8@magazinesclubnew_page_058_p58_c3,jiaocaineedrop_jiaocai_needrop_en_961_p961_c0,newspaper_Daily Mirror 2025-1-8@magazinesclubnew_page_058_p58_c0",1,True,1.0
What did the miss summarize about Arsenal's performance?,5,newspaper_Daily Mirror 2025-1-8@magazinesclubnew_page_058_p58_c3,"newspaper_Daily Mirror 2025-1-8@magazinesclubnew_page_058_p58_c3,jiaocaineedrop_jiaocai_needrop_en_961_p961_c0,newspaper_Daily Mirror 2025-1-8@magazinesclubnew_page_058_p58_c0,newspaper_Daily Mirror 2025-1-8@magazinesclubnew_page_058_p58_c1,exam_paper_2016年安徽省中考英语试题（解析）_page_015_p15_c2",1,True,1.0
How much money did Zach raise for kids in need during his walk from Valrico to Los Angeles?,1,exam_paper_2016年安徽省中考英语试题（解析）_page_015_p15_c0,exam_paper_2016年安徽省中考英语试题（解析）_page_015_p15_c2,0,False,0.0
How much money did Zach raise for kids in need during his walk from Valrico to Los Angeles?,3,exam_paper_2016年安徽省中考英语试题（解析）_page_015_p15_c0,"exam_paper_2016年安徽省中考英语试题（解析）_page_015_p15_c2,exam_paper_2016年安徽省中考英语试题（解析）_page_015_p15_c0,exam_paper_2016年安徽省中考英语试题（解析）_page_015_p15_c1",2,True,1.0
How much money did Zach raise for kids in need during his walk from Valrico to Los Angeles?,5,exam_paper_2016年安徽省中考英语试题（解析）_page_015_p15_c0,"exam_paper_2016年安徽省中考英语试题（解析）_page_015_p15_c2,exam_paper_2016年安徽省中考英语试题（解析）_page_015_p15_c0,exam_paper_2016年安徽省中考英语试题（解析）_page_015_p15_c1,notes_f7f010b78016aeebd76e56d9283eb67f_89_p89_c1,magazine_TheEconomist.2023.12.09_page_082_p82_c1",2,True,1.0
What is Zach's commitment regarding homeless kids?,1,exam_paper_2016年安徽省中考英语试题（解析）_page_015_p15_c1,exam_paper_2016年安徽省中考英语试题（解析）_page_015_p15_c1,1,True,1.0
What is Zach's commitment regarding homeless kids?,3,exam_paper_2016年安徽省中考英语试题（解析）_page_015_p15_c1,"exam_paper_2016年安徽省中考英语试题（解析）_page_015_p15_c1,exam_paper_2016年安徽省中考英语试题（解析）_page_015_p15_c2,exam_paper_2016年安徽省中考英语试题（解析）_page_015_p15_c0",1,True,1.0
What is Zach's commitment regarding homeless kids?,5,exam_paper_2016年安徽省中考英语试题（解析）_page_015_p15_c1,"exam_paper_2016年安徽省中考英语试题（解析）_page_015_p15_c1,exam_paper_2016年安徽省中考英语试题（解析）_page_015_p15_c2,exam_paper_2016年安徽省中考英语试题（解析）_page_015_p15_c0,newspaper_e62730aaeb9b509119e0c3699ac18201_1_p1_c2,jiaocaineedrop_jiaocai_needrop_en_961_p961_c0",1,True,1.0
What was the purpose of Zach's walk in 2010?,1,exam_paper_2016年安徽省中考英语试题（解析）_page_015_p15_c2,exam_paper_2016年安徽省中考英语试题（解析）_page_015_p15_c2,1,True,1.0
What was the purpose of Zach's walk in 2010?,3,exam_paper_2016年安徽省中考英语试题（解析）_page_015_p15_c2,"exam_paper_2016年安徽省中考英语试题（解析）_page_015_p15_c2,exam_paper_2016年安徽省中考英语试题（解析）_page_015_p15_c0,exam_paper_2016年安徽省中考英语试题（解析）_page_015_p15_c1",1,True,1.0
What was the purpose of Zach's walk in 2010?,5,exam_paper_2016年安徽省中考英语试题（解析）_page_015_p15_c2,"exam_paper_2016年安徽省中考英语试题（解析）_page_015_p15_c2,exam_paper_2016年安徽省中考英语试题（解析）_page_015_p15_c0,exam_paper_2016年安徽省中考英语试题（解析）_page_015_p15_c1,color_textbook_zhonggaokao_小学_13.人教新起点英语（4-5年级）_人教新起点五年级英语下册_课本_人教新起点英语5B电子课本_page_011_p11_c0,yanbaopptmerge_yanbaoPPT_4975_p4975_c0",1,True,1.0
谁是本版编辑？,1,newspaper_e62730aaeb9b509119e0c3699ac18201_1_p1_c0,newspaper_e62730aaeb9b509119e0c3699ac18201_1_p1_c0,1,True,1.0
谁是本版编辑？,3,newspaper_e62730aaeb9b509119e0c3699ac18201_1_p1_c0,"newspaper_e62730aaeb9b509119e0c3699ac18201_1_p1_c0,eastmoney_dcf347592d4160dffacffdf00a9c39aa75cf9859205a7543c283d1df8bb14f90.pdf_1_p1_c0,yanbaopptmerge_yanbaoPPT_4975_p4975_c0",1,True,1.0
谁是本版编辑？,5,newspaper_e62730aaeb9b509119e0c3699ac18201_1_p1_c0,"newspaper_e62730aaeb9b509119e0c3699ac18201_1_p1_c0,eastmoney_dcf347592d4160dffacffdf00a9c39aa75cf9859205a7543c283d1df8bb14f90.pdf_1_p1_c0,yanbaopptmerge_yanbaoPPT_4975_p4975_c0,newspaper_eb569707cf5621d4c71d5898216cdb17_1_p1_c0,newspaper_2c69e142b52dbb30cac2cb11d3eb25e5_1_p1_c2",1,True,1.0
张天佑为农民工维权的总行程超过多少公里？,1,newspaper_e62730aaeb9b509119e0c3699ac18201_1_p1_c1,newspaper_e62730aaeb9b509119e0c3699ac18201_1_p1_c1,1,True,1.0
张天佑为农民工维权的总行程超过多少公里？,3,newspaper_e62730aaeb9b509119e0c3699ac18201_1_p1_c1,"newspaper_e62730aaeb9b509119e0c3699ac18201_1_p1_c1,newspaper_e62730aaeb9b509119e0c3699ac18201_1_p1_c2,newspaper_e62730aaeb9b509119e0c3699ac18201_1_p1_c4",1,True,1.0
张天佑为农民工维权的总行程超过多少公里？,5,newspaper_e62730aaeb9b509119e0c3699ac18201_1_p1_c1,"newspaper_e62730aaeb9b509119e0c3699ac18201_1_p1_c1,newspaper_e62730aaeb9b509119e0c3699ac18201_1_p1_c2,newspaper_e62730aaeb9b509119e0c3699ac18201_1_p1_c4,newspaper_e62730aaeb9b509119e0c3699ac18201_1_p1_c6,newspaper_e62730aaeb9b509119e0c3699ac18201_1_p1_c7",1,True,1.0
张天佑为了节约开支在维权途中如何吃饭？,1,newspaper_e62730aaeb9b509119e0c3699ac18201_1_p1_c2,newspaper_e62730aaeb9b509119e0c3699ac18201_1_p1_c2,1,True,1.0
张天佑为了节约开支在维权途中如何吃饭？,3,newspaper_e62730aaeb9b509119e0c3699ac18201_1_p1_c2,"newspaper_e62730aaeb9b509119e0c3699ac18201_1_p1_c2,newspaper_e62730aaeb9b509119e0c3699ac18201_1_p1_c4,newspaper_e62730aaeb9b509119e0c3699ac18201_1_p1_c1",1,True,1.0
张天佑为了节约开支在维权途中如何吃饭？,5,newspaper_e62730aaeb9b509119e0c3699ac18201_1_p1_c2,"newspaper_e62730aaeb9b509119e0c3699ac18201_1_p1_c2,newspaper_e62730aaeb9b509119e0c3699ac18201_1_p1_c4,newspaper_e62730aaeb9b509119e0c3699ac18201_1_p1_c1,newspaper_e62730aaeb9b509119e0c3699ac18201_1_p1_c3,newspaper_e62730aaeb9b509119e0c3699ac18201_1_p1_c7",1,True,1.0
张天佑在增城为张洪民争取赔偿时遇到了什么困难？,1,newspaper_e62730aaeb9b509119e0c3699ac18201_1_p1_c3,newspaper_e62730aaeb9b509119e0c3699ac18201_1_p1_c4,0,False,0.0
张天佑在增城为张洪民争取赔偿时遇到了什么困难？,3,newspaper_e62730aaeb9b509119e0c3699ac18201_1_p1_c3,"newspaper_e62730aaeb9b509119e0c3699ac18201_1_p1_c4,newspaper_e62730aaeb9b509119e0c3699ac18201_1_p1_c3,newspaper_e62730aaeb9b509119e0c3699ac18201_1_p1_c7",2,True,1.0
张天佑在增城为张洪民争取赔偿时遇到了什么困难？,5,newspaper_e62730aaeb9b509119e0c3699ac18201_1_p1_c3,"newspaper_e62730aaeb9b509119e0c3699ac18201_1_p1_c4,newspaper_e62730aaeb9b509119e0c3699ac18201_1_p1_c3,newspaper_e62730aaeb9b509119e0c3699ac18201_1_p1_c7,newspaper_e62730aaeb9b509119e0c3699ac18201_1_p1_c2,newspaper_e62730aaeb9b509119e0c3699ac18201_1_p1_c1",2,True,1.0
张天佑为农民工维权时如何与用人单位交涉？,1,newspaper_e62730aaeb9b509119e0c3699ac18201_1_p1_c4,newspaper_e62730aaeb9b509119e0c3699ac18201_1_p1_c4,1,True,1.0
张天佑为农民工维权时如何与用人单位交涉？,3,newspaper_e62730aaeb9b509119e0c3699ac18201_1_p1_c4,"newspaper_e62730aaeb9b509119e0c3699ac18201_1_p1_c4,newspaper_e62730aaeb9b509119e0c3699ac18201_1_p1_c7,newspaper_e62730aaeb9b509119e0c3699ac18201_1_p1_c2",1,True,1.0
张天佑为农民工维权时如何与用人单位交涉？,5,newspaper_e62730aaeb9b509119e0c3699ac18201_1_p1_c4,"newspaper_e62730aaeb9b509119e0c3699ac18201_1_p1_c4,newspaper_e62730aaeb9b509119e0c3699ac18201_1_p1_c7,newspaper_e62730aaeb9b509119e0c3699ac18201_1_p1_c2,newspaper_e62730aaeb9b509119e0c3699ac18201_1_p1_c6,newspaper_e62730aaeb9b509119e0c3699ac18201_1_p1_c1",1,True,1.0
张天佑在谈判期间因天气寒冷患上重感冒后，是如何处理的？,1,newspaper_e62730aaeb9b509119e0c3699ac18201_1_p1_c5,newspaper_e62730aaeb9b509119e0c3699ac18201_1_p1_c5,1,True,1.0
张天佑在谈判期间因天气寒冷患上重感冒后，是如何处理的？,3,newspaper_e62730aaeb9b509119e0c3699ac18201_1_p1_c5,"newspaper_e62730aaeb9b509119e0c3699ac18201_1_p1_c5,newspaper_e62730aaeb9b509119e0c3699ac18201_1_p1_c3,newspaper_e62730aaeb9b509119e0c3699ac18201_1_p1_c4",1,True,1.0
张天佑在谈判期间因天气寒冷患上重感冒后，是如何处理的？,5,newspaper_e62730aaeb9b509119e0c3699ac18201_1_p1_c5,"newspaper_e62730aaeb9b509119e0c3699ac18201_1_p1_c5,newspaper_e62730aaeb9b509119e0c3699ac18201_1_p1_c3,newspaper_e62730aaeb9b509119e0c3699ac18201_1_p1_c4,newspaper_e62730aaeb9b509119e0c3699ac18201_1_p1_c7,newspaper_e62730aaeb9b509119e0c3699ac18201_1_p1_c2",1,True,1.0
张天佑如何与违法企业老板打交道？,1,newspaper_e62730aaeb9b509119e0c3699ac18201_1_p1_c6,newspaper_e62730aaeb9b509119e0c3699ac18201_1_p1_c6,1,True,1.0
张天佑如何与违法企业老板打交道？,3,newspaper_e62730aaeb9b509119e0c3699ac18201_1_p1_c6,"newspaper_e62730aaeb9b509119e0c3699ac18201_1_p1_c6,newspaper_e62730aaeb9b509119e0c3699ac18201_1_p1_c4,newspaper_e62730aaeb9b509119e0c3699ac18201_1_p1_c7",1,True,1.0
张天佑如何与违法企业老板打交道？,5,newspaper_e62730aaeb9b509119e0c3699ac18201_1_p1_c6,"newspaper_e62730aaeb9b509119e0c3699ac18201_1_p1_c6,newspaper_e62730aaeb9b509119e0c3699ac18201_1_p1_c4,newspaper_e62730aaeb9b509119e0c3699ac18201_1_p1_c7,newspaper_e62730aaeb9b509119e0c3699ac18201_1_p1_c2,newspaper_e62730aaeb9b509119e0c3699ac18201_1_p1_c3",1,True,1.0
张天佑为农民工维权时做了什么具体工作？,1,newspaper_e62730aaeb9b509119e0c3699ac18201_1_p1_c7,newspaper_e62730aaeb9b509119e0c3699ac18201_1_p1_c6,0,False,0.0
张天佑为农民工维权时做了什么具体工作？,3,newspaper_e62730aaeb9b509119e0c3699ac18201_1_p1_c7,"newspaper_e62730aaeb9b509119e0c3699ac18201_1_p1_c6,newspaper_e62730aaeb9b509119e0c3699ac18201_1_p1_c2,newspaper_e62730aaeb9b509119e0c3699ac18201_1_p1_c1",0,False,0.0
张天佑为农民工维权时做了什么具体工作？,5,newspaper_e62730aaeb9b509119e0c3699ac18201_1_p1_c7,"newspaper_e62730aaeb9b509119e0c3699ac18201_1_p1_c6,newspaper_e62730aaeb9b509119e0c3699ac18201_1_p1_c2,newspaper_e62730aaeb9b509119e0c3699ac18201_1_p1_c1,newspaper_e62730aaeb9b509119e0c3699ac18201_1_p1_c4,newspaper_e62730aaeb9b509119e0c3699ac18201_1_p1_c7",5,True,1.0
哪些专业培训让农民工提高了实用技能？,1,newspaper_e62730aaeb9b509119e0c3699ac18201_1_p1_c8,newspaper_e62730aaeb9b509119e0c3699ac18201_1_p1_c8,1,True,1.0
哪些专业培训让农民工提高了实用技能？,3,newspaper_e62730aaeb9b509119e0c3699ac18201_1_p1_c8,"newspaper_e62730aaeb9b509119e0c3699ac18201_1_p1_c8,newspaper_0b1bb8d03b4287eb95f67b68c2cf9f92_1_p1_c1,yanbaor2_7f386f737cb55cffa10c8321a94bd38d7169cd69b3b253b9e2e502c12a68feea.pdf_15_p15_c0",1,True,1.0
哪些专业培训让农民工提高了实用技能？,5,newspaper_e62730aaeb9b509119e0c3699ac18201_1_p1_c8,"newspaper_e62730aaeb9b509119e0c3699ac18201_1_p1_c8,newspaper_0b1bb8d03b4287eb95f67b68c2cf9f92_1_p1_c1,yanbaor2_7f386f737cb55cffa10c8321a94bd38d7169cd69b3b253b9e2e502c12a68feea.pdf_15_p15_c0,newspaper_e62730aaeb9b509119e0c3699ac18201_1_p1_c11,newspaper_e62730aaeb9b509119e0c3699ac18201_1_p1_c7",1,True,1.0
黄治东在鸡场遇到什么重大危机？,1,newspaper_e62730aaeb9b509119e0c3699ac18201_1_p1_c9,newspaper_e62730aaeb9b509119e0c3699ac18201_1_p1_c9,1,True,1.0
黄治东在鸡场遇到什么重大危机？,3,newspaper_e62730aaeb9b509119e0c3699ac18201_1_p1_c9,"newspaper_e62730aaeb9b509119e0c3699ac18201_1_p1_c9,newspaper_e62730aaeb9b509119e0c3699ac18201_1_p1_c10,newspaper_e62730aaeb9b509119e0c3699ac18201_1_p1_c7",1,True,1.0
黄治东在鸡场遇到什么重大危机？,5,newspaper_e62730aaeb9b509119e0c3699ac18201_1_p1_c9,"newspaper_e62730aaeb9b509119e0c3699ac18201_1_p1_c9,newspaper_e62730aaeb9b509119e0c3699ac18201_1_p1_c10,newspaper_e62730aaeb9b509119e0c3699ac18201_1_p1_c7,exam_paper_2016年安徽省中考英语试题（解析）_page_003_p3_c2,newspaper_eb569707cf5621d4c71d5898216cdb17_1_p1_c5",1,True,1.0
黄治东在打工期间解决了哪些实际问题？,1,newspaper_e62730aaeb9b509119e0c3699ac18201_1_p1_c10,newspaper_e62730aaeb9b509119e0c3699ac18201_1_p1_c10,1,True,1.0
黄治东在打工期间解决了哪些实际问题？,3,newspaper_e62730aaeb9b509119e0c3699ac18201_1_p1_c10,"newspaper_e62730aaeb9b509119e0c3699ac18201_1_p1_c10,newspaper_e62730aaeb9b509119e0c3699ac18201_1_p1_c9,newspaper_e62730aaeb9b509119e0c3699ac18201_1_p1_c13",1,True,1.0
黄治东在打工期间解决了哪些实际问题？,5,newspaper_e62730aaeb9b509119e0c3699ac18201_1_p1_c10,"newspaper_e62730aaeb9b509119e0c3699ac18201_1_p1_c10,newspaper_e62730aaeb9b509119e0c3699ac18201_1_p1_c9,newspaper_e62730aaeb9b509119e0c3699ac18201_1_p1_c13,newspaper_e62730aaeb9b509119e0c3699ac18201_1_p1_c7,jiaocaineedrop_jiaocai_needrop_en_2884_p2884_c0",1,True,1.0
大学生志愿者在建筑工地帮助农民工做什么？,1,newspaper_e62730aaeb9b509119e0c3699ac18201_1_p1_c11,newspaper_e62730aaeb9b509119e0c3699ac18201_1_p1_c11,1,True,1.0
大学生志愿者在建筑工地帮助农民工做什么？,3,newspaper_e62730aaeb9b509119e0c3699ac18201_1_p1_c11,"newspaper_e62730aaeb9b509119e0c3699ac18201_1_p1_c11,newspaper_e62730aaeb9b509119e0c3699ac18201_1_p1_c7,newspaper_e62730aaeb9b509119e0c3699ac18201_1_p1_c1",1,True,1.0
大学生志愿者在建筑工地帮助农民工做什么？,5,newspaper_e62730aaeb9b509119e0c3699ac18201_1_p1_c11,"newspaper_e62730aaeb9b509119e0c3699ac18201_1_p1_c11,newspaper_e62730aaeb9b509119e0c3699ac18201_1_p1_c7,newspaper_e62730aaeb9b509119e0c3699ac18201_1_p1_c1,exam_paper_2016年安徽省中考英语试题（解析）_page_003_p3_c2,newspaper_e62730aaeb9b509119e0c3699ac18201_1_p1_c8",1,True,1.0
为什么人们更信任能力差一些却足够敬业的人？,1,newspaper_e62730aaeb9b509119e0c3699ac18201_1_p1_c12,newspaper_e62730aaeb9b509119e0c3699ac18201_1_p1_c12,1,True,1.0
为什么人们更信任能力差一些却足够敬业的人？,3,newspaper_e62730aaeb9b509119e0c3699ac18201_1_p1_c12,"newspaper_e62730aaeb9b509119e0c3699ac18201_1_p1_c12,newspaper_e62730aaeb9b509119e0c3699ac18201_1_p1_c13,magazine_TheEconomist.2023.11.18_page_071_p71_c6",1,True,1.0
为什么人们更信任能力差一些却足够敬业的人？,5,newspaper_e62730aaeb9b509119e0c3699ac18201_1_p1_c12,"newspaper_e62730aaeb9b509119e0c3699ac18201_1_p1_c12,newspaper_e62730aaeb9b509119e0c3699ac18201_1_p1_c13,magazine_TheEconomist.2023.11.18_page_071_p71_c6,magazine_TheEconomist.2023.11.18_page_071_p71_c4,yanbaor2_decf70a006d6f8f66725ead2f27b248a911016d258a236cefcdd26c6aff1d463.pdf_40_p40_c1",1,True,1.0
黎某为什么想抢劫银行？,1,newspaper_e62730aaeb9b509119e0c3699ac18201_1_p1_c13,newspaper_e62730aaeb9b509119e0c3699ac18201_1_p1_c13,1,True,1.0
黎某为什么想抢劫银行？,3,newspaper_e62730aaeb9b509119e0c3699ac18201_1_p1_c13,"newspaper_e62730aaeb9b509119e0c3699ac18201_1_p1_c13,newspaper_e62730aaeb9b509119e0c3699ac18201_1_p1_c12,jiaocaineedrop_jiaocai_needrop_en_887_p887_c0",1,True,1.0
黎某为什么想抢劫银行？,5,newspaper_e62730aaeb9b509119e0c3699ac18201_1_p1_c13,"newspaper_e62730aaeb9b509119e0c3699ac18201_1_p1_c13,newspaper_e62730aaeb9b509119e0c3699ac18201_1_p1_c12,jiaocaineedrop_jiaocai_needrop_en_887_p887_c0,yanbaor2_decf70a006d6f8f66725ead2f27b248a911016d258a236cefcdd26c6aff1d463.pdf_40_p40_c1,magazine_TheEconomist.2023.11.18_page_071_p71_c1",1,True,1.0
What is the definition of 'view'?,1,jiaocaineedrop_jiaocai_needrop_en_1118_p1118_c0,yanbaopptmerge_SE14.pdf_1_p1_c0,0,False,0.0
What is the definition of 'view'?,3,jiaocaineedrop_jiaocai_needrop_en_1118_p1118_c0,"yanbaopptmerge_SE14.pdf_1_p1_c0,jiaocaineedrop_jiaocai_needrop_en_1118_p1118_c1,jiaocaineedrop_jiaocai_needrop_en_961_p961_c0",0,False,0.0
What is the definition of 'view'?,5,jiaocaineedrop_jiaocai_needrop_en_1118_p1118_c0,"yanbaopptmerge_SE14.pdf_1_p1_c0,jiaocaineedrop_jiaocai_needrop_en_1118_p1118_c1,jiaocaineedrop_jiaocai_needrop_en_961_p961_c0,jiaocaineedrop_jiaocai_needrop_en_1118_p1118_c0,exam_paper_2004-2019上海高考英语听力原文和答案_page_017_p17_c3",4,True,1.0
What is the meaning of 'center' in the document fragment?,1,jiaocaineedrop_jiaocai_needrop_en_1118_p1118_c1,exam_paper_2004-2019上海高考英语听力原文和答案_page_017_p17_c3,0,False,0.0
What is the meaning of 'center' in the document fragment?,3,jiaocaineedrop_jiaocai_needrop_en_1118_p1118_c1,"exam_paper_2004-2019上海高考英语听力原文和答案_page_017_p17_c3,jiaocaineedrop_jiaocai_needrop_en_1118_p1118_c1,jiaocaineedrop_jiaocai_needrop_en_961_p961_c0",2,True,1.0
What is the meaning of 'center' in the document fragment?,5,jiaocaineedrop_jiaocai_needrop_en_1118_p1118_c1,"exam_paper_2004-2019上海高考英语听力原文和答案_page_017_p17_c3,jiaocaineedrop_jiaocai_needrop_en_1118_p1118_c1,jiaocaineedrop_jiaocai_needrop_en_961_p961_c0,eastmoney_e42b6e1cd2d48113ff4db8854e539d828d632bf9b1757e10cb8ddb2cfc7b1393.pdf_12_p12_c3,jiaocaineedrop_biz-96816.pdf_48_p48_c0",2,True,1.0
What is the Modern English equivalent of the Old English fót?,1,PPT_8076_MEYER_Chapter_2_-_Language_Change_page_012_p12_c0,PPT_8076_MEYER_Chapter_2_-_Language_Change_page_012_p12_c0,1,True,1.0
What is the Modern English equivalent of the Old English fót?,3,PPT_8076_MEYER_Chapter_2_-_Language_Change_page_012_p12_c0,"PPT_8076_MEYER_Chapter_2_-_Language_Change_page_012_p12_c0,jiaocaineedrop_jiaocai_needrop_en_453_p453_c1,PPT_1001115_eng_page_005_p5_c0",1,True,1.0
What is the Modern English equivalent of the Old English fót?,5,PPT_8076_MEYER_Chapter_2_-_Language_Change_page_012_p12_c0,"PPT_8076_MEYER_Chapter_2_-_Language_Change_page_012_p12_c0,jiaocaineedrop_jiaocai_needrop_en_453_p453_c1,PPT_1001115_eng_page_005_p5_c0,PPT_EnglishtoAmericanTransition_page_017_p17_c0,jiaocaineedrop_jiaocai_needrop_en_961_p961_c0",1,True,1.0
What is the range of plasmid DNA used in the experiment?,1,docstructbench_llm-raw-scihub-o.O-j.ab.2007.10.021.pdf_3_p3_c0,docstructbench_llm-raw-scihub-o.O-j.ab.2007.10.021.pdf_3_p3_c0,1,True,1.0
What is the range of plasmid DNA used in the experiment?,3,docstructbench_llm-raw-scihub-o.O-j.ab.2007.10.021.pdf_3_p3_c0,"docstructbench_llm-raw-scihub-o.O-j.ab.2007.10.021.pdf_3_p3_c0,docstructbench_llm-raw-scihub-o.O-j.ab.2007.10.021.pdf_3_p3_c2,docstructbench_llm-raw-scihub-o.O-ijc.22999.pdf_3_p3_c0",1,True,1.0
What is the range of plasmid DNA used in the experiment?,5,docstructbench_llm-raw-scihub-o.O-j.ab.2007.10.021.pdf_3_p3_c0,"docstructbench_llm-raw-scihub-o.O-j.ab.2007.10.021.pdf_3_p3_c0,docstructbench_llm-raw-scihub-o.O-j.ab.2007.10.021.pdf_3_p3_c2,docstructbench_llm-raw-scihub-o.O-ijc.22999.pdf_3_p3_c0,yanbaopptmerge_e60b3b61281e87ddf42f9321a9e6ef9d.pdf_159_p159_c1,docstructbench_llm-raw-scihub-o.O-ijc.22999.pdf_3_p3_c2",1,True,1.0
Which author wrote the 1989 paper on gene splicing by overlap extension?,1,docstructbench_llm-raw-scihub-o.O-j.ab.2007.10.021.pdf_3_p3_c1,docstructbench_llm-raw-scihub-o.O-j.ab.2007.10.021.pdf_3_p3_c1,1,True,1.0
Which author wrote the 1989 paper on gene splicing by overlap extension?,3,docstructbench_llm-raw-scihub-o.O-j.ab.2007.10.021.pdf_3_p3_c1,"docstructbench_llm-raw-scihub-o.O-j.ab.2007.10.021.pdf_3_p3_c1,docstructbench_llm-raw-scihub-o.O-j.ab.2007.10.021.pdf_3_p3_c2,jiaocaineedrop_Chapter9.pdf_46_p46_c0",1,True,1.0
Which author wrote the 1989 paper on gene splicing by overlap extension?,5,docstructbench_llm-raw-scihub-o.O-j.ab.2007.10.021.pdf_3_p3_c1,"docstructbench_llm-raw-scihub-o.O-j.ab.2007.10.021.pdf_3_p3_c1,docstructbench_llm-raw-scihub-o.O-j.ab.2007.10.021.pdf_3_p3_c2,jiaocaineedrop_Chapter9.pdf_46_p46_c0,docstructbench_llm-raw-scihub-o.O-j.ab.2007.10.021.pdf_3_p3_c3,scihub_prrv.2001.0150.pdf_0_p0_c3",1,True,1.0
What is the title of the first reference?,1,docstructbench_llm-raw-scihub-o.O-j.ab.2007.10.021.pdf_3_p3_c2,color_textbook_zhonggaokao_小学_13.人教新起点英语（4-5年级）_人教新起点四年级英语上册_课本_人教新起点英语4A电子课本_page_091_p91_c0,0,False,0.0
What is the title of the first reference?,3,docstructbench_llm-raw-scihub-o.O-j.ab.2007.10.021.pdf_3_p3_c2,"color_textbook_zhonggaokao_小学_13.人教新起点英语（4-5年级）_人教新起点四年级英语上册_课本_人教新起点英语4A电子课本_page_091_p91_c0,yanbaopptmerge_e60b3b61281e87ddf42f9321a9e6ef9d.pdf_159_p159_c1,docstructbench_llm-raw-scihub-o.O-j.ergon.2004.09.009.pdf_13_p13_c0",0,False,0.0
What is the title of the first reference?,5,docstructbench_llm-raw-scihub-o.O-j.ab.2007.10.021.pdf_3_p3_c2,"color_textbook_zhonggaokao_小学_13.人教新起点英语（4-5年级）_人教新起点四年级英语上册_课本_人教新起点英语4A电子课本_page_091_p91_c0,yanbaopptmerge_e60b3b61281e87ddf42f9321a9e6ef9d.pdf_159_p159_c1,docstructbench_llm-raw-scihub-o.O-j.ergon.2004.09.009.pdf_13_p13_c0,jiaocaineedrop_jiaocai_needrop_en_961_p961_c0,notes_f7f010b78016aeebd76e56d9283eb67f_52_p52_c0",0,False,0.0
What is the title of the paper by Wilkinson?,1,docstructbench_llm-raw-scihub-o.O-j.ab.2007.10.021.pdf_3_p3_c3,docstructbench_llm-raw-scihub-o.O-j.ab.2007.10.021.pdf_3_p3_c3,1,True,1.0
What is the title of the paper by Wilkinson?,3,docstructbench_llm-raw-scihub-o.O-j.ab.2007.10.021.pdf_3_p3_c3,"docstructbench_llm-raw-scihub-o.O-j.ab.2007.10.021.pdf_3_p3_c3,exam_paper_2004-2019上海高考英语听力原文和答案_page_017_p17_c3,docstructbench_llm-raw-scihub-o.O-hup.908.pdf_5_p5_c7",1,True,1.0
What is the title of the paper by Wilkinson?,5,docstructbench_llm-raw-scihub-o.O-j.ab.2007.10.021.pdf_3_p3_c3,"docstructbench_llm-raw-scihub-o.O-j.ab.2007.10.021.pdf_3_p3_c3,exam_paper_2004-2019上海高考英语听力原文和答案_page_017_p17_c3,docstructbench_llm-raw-scihub-o.O-hup.908.pdf_5_p5_c7,yanbaopptmerge_e60b3b61281e87ddf42f9321a9e6ef9d.pdf_159_p159_c1,docstructbench_dianzishu_zhongwenzaixian-o.O-61523162.pdf_276_p276_c0",1,True,1.0
What is the title of the study by Fukasawa and Mortalin?,1,docstructbench_llm-raw-scihub-o.O-j.ab.2007.10.021.pdf_3_p3_c4,docstructbench_llm-raw-scihub-o.O-j.ab.2007.10.021.pdf_3_p3_c4,1,True,1.0
What is the title of the study by Fukasawa and Mortalin?,3,docstructbench_llm-raw-scihub-o.O-j.ab.2007.10.021.pdf_3_p3_c4,"docstructbench_llm-raw-scihub-o.O-j.ab.2007.10.021.pdf_3_p3_c4,jiaocaineedrop_jiaocai_needrop_en_961_p961_c0,docstructbench_llm-raw-scihub-o.O-j.ab.2007.10.021.pdf_3_p3_c5",1,True,1.0
What is the title of the study by Fukasawa and Mortalin?,5,docstructbench_llm-raw-scihub-o.O-j.ab.2007.10.021.pdf_3_p3_c4,"docstructbench_llm-raw-scihub-o.O-j.ab.2007.10.021.pdf_3_p3_c4,jiaocaineedrop_jiaocai_needrop_en_961_p961_c0,docstructbench_llm-raw-scihub-o.O-j.ab.2007.10.021.pdf_3_p3_c5,yanbaopptmerge_e60b3b61281e87ddf42f9321a9e6ef9d.pdf_159_p159_c1,docstructbench_llm-raw-scihub-o.O-j.physletb.2004.11.060.pdf_2_p2_c1",1,True,1.0
What is the title of the study published in Mol.Cell Biol.23 in 2006?,1,docstructbench_llm-raw-scihub-o.O-j.ab.2007.10.021.pdf_3_p3_c5,docstructbench_llm-raw-scihub-o.O-j.ab.2007.10.021.pdf_3_p3_c5,1,True,1.0
What is the title of the study published in Mol.Cell Biol.23 in 2006?,3,docstructbench_llm-raw-scihub-o.O-j.ab.2007.10.021.pdf_3_p3_c5,"docstructbench_llm-raw-scihub-o.O-j.ab.2007.10.021.pdf_3_p3_c5,docstructbench_llm-raw-scihub-o.O-j.ab.2007.10.021.pdf_3_p3_c4,yanbaopptmerge_e60b3b61281e87ddf42f9321a9e6ef9d.pdf_159_p159_c1",1,True,1.0
What is the title of the study published in Mol.Cell Biol.23 in 2006?,5,docstructbench_llm-raw-scihub-o.O-j.ab.2007.10.021.pdf_3_p3_c5,"docstructbench_llm-raw-scihub-o.O-j.ab.2007.10.021.pdf_3_p3_c5,docstructbench_llm-raw-scihub-o.O-j.ab.2007.10.021.pdf_3_p3_c4,yanbaopptmerge_e60b3b61281e87ddf42f9321a9e6ef9d.pdf_159_p159_c1,docstructbench_llm-raw-scihub-o.O-ijc.22999.pdf_3_p3_c0,jiaocaineedrop_jiaocai_needrop_en_961_p961_c0",1,True,1.0
What is the header of the report?,1,newspaper_The Globe and Mail - 2025-1-8@magazinesclubnew_page_018_p18_c0,yanbaopptmerge_5473246b8da789b9bfdeef53a70c4d72afd480415d5cbcedb83d105856710328.pdf_8_p8_c0,0,False,0.0
What is the header of the report?,3,newspaper_The Globe and Mail - 2025-1-8@magazinesclubnew_page_018_p18_c0,"yanbaopptmerge_5473246b8da789b9bfdeef53a70c4d72afd480415d5cbcedb83d105856710328.pdf_8_p8_c0,yanbaopptmerge_e60b3b61281e87ddf42f9321a9e6ef9d.pdf_159_p159_c1,yanbaopptmerge_2f4902871606698497c53ccb18d3fec2f83d05047d883cd65bbce26bfb27bcd2.pdf_1_p1_c0",0,False,0.0
What is the header of the report?,5,newspaper_The Globe and Mail - 2025-1-8@magazinesclubnew_page_018_p18_c0,"yanbaopptmerge_5473246b8da789b9bfdeef53a70c4d72afd480415d5cbcedb83d105856710328.pdf_8_p8_c0,yanbaopptmerge_e60b3b61281e87ddf42f9321a9e6ef9d.pdf_159_p159_c1,yanbaopptmerge_2f4902871606698497c53ccb18d3fec2f83d05047d883cd65bbce26bfb27bcd2.pdf_1_p1_c0,exam_paper_2004-2019上海高考英语听力原文和答案_page_017_p17_c3,newspaper_The Wall Street Journal - 2025-01-08@magazinesclubnew_page_018_p18_c0",0,False,0.0
What was the trade surplus with the United States in November?,1,newspaper_The Globe and Mail - 2025-1-8@magazinesclubnew_page_018_p18_c1,newspaper_The Globe and Mail - 2025-1-8@magazinesclubnew_page_018_p18_c1,1,True,1.0
What was the trade surplus with the United States in November?,3,newspaper_The Globe and Mail - 2025-1-8@magazinesclubnew_page_018_p18_c1,"newspaper_The Globe and Mail - 2025-1-8@magazinesclubnew_page_018_p18_c1,newspaper_The Globe and Mail - 2025-1-8@magazinesclubnew_page_018_p18_c6,newspaper_The Globe and Mail - 2025-1-8@magazinesclubnew_page_018_p18_c4",1,True,1.0
What was the trade surplus with the United States in November?,5,newspaper_The Globe and Mail - 2025-1-8@magazinesclubnew_page_018_p18_c1,"newspaper_The Globe and Mail - 2025-1-8@magazinesclubnew_page_018_p18_c1,newspaper_The Globe and Mail - 2025-1-8@magazinesclubnew_page_018_p18_c6,newspaper_The Globe and Mail - 2025-1-8@magazinesclubnew_page_018_p18_c4,magazine_TheEconomist.2024.03.02_page_028_p28_c6,newspaper_The Globe and Mail - 2025-1-8@magazinesclubnew_page_018_p18_c3",1,True,1.0
What percentage of Canadian exports go to the U.S. market?,1,newspaper_The Globe and Mail - 2025-1-8@magazinesclubnew_page_018_p18_c2,newspaper_The Globe and Mail - 2025-1-8@magazinesclubnew_page_018_p18_c3,0,False,0.0
What percentage of Canadian exports go to the U.S. market?,3,newspaper_The Globe and Mail - 2025-1-8@magazinesclubnew_page_018_p18_c2,"newspaper_The Globe and Mail - 2025-1-8@magazinesclubnew_page_018_p18_c3,newspaper_The Globe and Mail - 2025-1-8@magazinesclubnew_page_018_p18_c2,newspaper_The Globe and Mail - 2025-1-8@magazinesclubnew_page_018_p18_c6",2,True,1.0
What percentage of Canadian exports go to the U.S. market?,5,newspaper_The Globe and Mail - 2025-1-8@magazinesclubnew_page_018_p18_c2,"newspaper_The Globe and Mail - 2025-1-8@magazinesclubnew_page_018_p18_c3,newspaper_The Globe and Mail - 2025-1-8@magazinesclubnew_page_018_p18_c2,newspaper_The Globe and Mail - 2025-1-8@magazinesclubnew_page_018_p18_c6,newspaper_The Globe and Mail - 2025-1-8@magazinesclubnew_page_018_p18_c0,newspaper_The Globe and Mail - 2025-1-8@magazinesclubnew_page_018_p18_c1",2,True,1.0
What percentage did metals and nonmetallic ores exports increase in November?,1,newspaper_The Globe and Mail - 2025-1-8@magazinesclubnew_page_018_p18_c3,newspaper_The Globe and Mail - 2025-1-8@magazinesclubnew_page_018_p18_c3,1,True,1.0
What percentage did metals and nonmetallic ores exports increase in November?,3,newspaper_The Globe and Mail - 2025-1-8@magazinesclubnew_page_018_p18_c3,"newspaper_The Globe and Mail - 2025-1-8@magazinesclubnew_page_018_p18_c3,newspaper_The Globe and Mail - 2025-1-8@magazinesclubnew_page_018_p18_c6,newspaper_The Globe and Mail - 2025-1-8@magazinesclubnew_page_018_p18_c4",1,True,1.0
What percentage did metals and nonmetallic ores exports increase in November?,5,newspaper_The Globe and Mail - 2025-1-8@magazinesclubnew_page_018_p18_c3,"newspaper_The Globe and Mail - 2025-1-8@magazinesclubnew_page_018_p18_c3,newspaper_The Globe and Mail - 2025-1-8@magazinesclubnew_page_018_p18_c6,newspaper_The Globe and Mail - 2025-1-8@magazinesclubnew_page_018_p18_c4,newspaper_The Globe and Mail - 2025-1-8@magazinesclubnew_page_018_p18_c1,exam_paper_2016年安徽省中考英语试题（解析）_page_015_p15_c2",1,True,1.0
Who wrote the note about the economy gaining momentum?,1,newspaper_The Globe and Mail - 2025-1-8@magazinesclubnew_page_018_p18_c4,newspaper_The Globe and Mail - 2025-1-8@magazinesclubnew_page_018_p18_c4,1,True,1.0
Who wrote the note about the economy gaining momentum?,3,newspaper_The Globe and Mail - 2025-1-8@magazinesclubnew_page_018_p18_c4,"newspaper_The Globe and Mail - 2025-1-8@magazinesclubnew_page_018_p18_c4,magazine_TheEconomist.2023.12.23_page_024_p24_c2,newspaper_The Globe and Mail - 2025-1-8@magazinesclubnew_page_018_p18_c2",1,True,1.0
Who wrote the note about the economy gaining momentum?,5,newspaper_The Globe and Mail - 2025-1-8@magazinesclubnew_page_018_p18_c4,"newspaper_The Globe and Mail - 2025-1-8@magazinesclubnew_page_018_p18_c4,magazine_TheEconomist.2023.12.23_page_024_p24_c2,newspaper_The Globe and Mail - 2025-1-8@magazinesclubnew_page_018_p18_c2,magazine_TheEconomist.2023.12.23_page_012_p12_c4,jiaocaineedrop_jiaocai_needrop_en_961_p961_c0",1,True,1.0
What threat might provide further support if U?,1,newspaper_The Globe and Mail - 2025-1-8@magazinesclubnew_page_018_p18_c5,newspaper_The Globe and Mail - 2025-1-8@magazinesclubnew_page_018_p18_c5,1,True,1.0
What threat might provide further support if U?,3,newspaper_The Globe and Mail - 2025-1-8@magazinesclubnew_page_018_p18_c5,"newspaper_The Globe and Mail - 2025-1-8@magazinesclubnew_page_018_p18_c5,magazine_TheEconomist.2023.12.23_page_012_p12_c8,jiaocaineedrop_biz-96816.pdf_48_p48_c3",1,True,1.0
What threat might provide further support if U?,5,newspaper_The Globe and Mail - 2025-1-8@magazinesclubnew_page_018_p18_c5,"newspaper_The Globe and Mail - 2025-1-8@magazinesclubnew_page_018_p18_c5,magazine_TheEconomist.2023.12.23_page_012_p12_c8,jiaocaineedrop_biz-96816.pdf_48_p48_c3,magazine_TheEconomist.2023.12.23_page_012_p12_c2,exam_paper_2016年安徽省中考英语试题（解析）_page_015_p15_c2",1,True,1.0
What was the trade deficit with countries other than the United States in November?,1,newspaper_The Globe and Mail - 2025-1-8@magazinesclubnew_page_018_p18_c6,newspaper_The Globe and Mail - 2025-1-8@magazinesclubnew_page_018_p18_c6,1,True,1.0
What was the trade deficit with countries other than the United States in November?,3,newspaper_The Globe and Mail - 2025-1-8@magazinesclubnew_page_018_p18_c6,"newspaper_The Globe and Mail - 2025-1-8@magazinesclubnew_page_018_p18_c6,newspaper_The Globe and Mail - 2025-1-8@magazinesclubnew_page_018_p18_c1,newspaper_The Globe and Mail - 2025-1-8@magazinesclubnew_page_018_p18_c2",1,True,1.0
What was the trade deficit with countries other than the United States in November?,5,newspaper_The Globe and Mail - 2025-1-8@magazinesclubnew_page_018_p18_c6,"newspaper_The Globe and Mail - 2025-1-8@magazinesclubnew_page_018_p18_c6,newspaper_The Globe and Mail - 2025-1-8@magazinesclubnew_page_018_p18_c1,newspaper_The Globe and Mail - 2025-1-8@magazinesclubnew_page_018_p18_c2,newspaper_The Globe and Mail - 2025-1-8@magazinesclubnew_page_018_p18_c3,newspaper_The Globe and Mail - 2025-1-8@magazinesclubnew_page_018_p18_c4",1,True,1.0
Who emphasized the bank's potential for growth according to the message?,1,newspaper_The Globe and Mail - 2025-1-8@magazinesclubnew_page_018_p18_c7,newspaper_The Globe and Mail - 2025-1-8@magazinesclubnew_page_018_p18_c7,1,True,1.0
Who emphasized the bank's potential for growth according to the message?,3,newspaper_The Globe and Mail - 2025-1-8@magazinesclubnew_page_018_p18_c7,"newspaper_The Globe and Mail - 2025-1-8@magazinesclubnew_page_018_p18_c7,docstructbench_dianzishu_zhongwenzaixian-o.O-63678132.pdf_161_p161_c0,jiaocaineedrop_jiaocai_needrop_en_961_p961_c0",1,True,1.0
Who emphasized the bank's potential for growth according to the message?,5,newspaper_The Globe and Mail - 2025-1-8@magazinesclubnew_page_018_p18_c7,"newspaper_The Globe and Mail - 2025-1-8@magazinesclubnew_page_018_p18_c7,docstructbench_dianzishu_zhongwenzaixian-o.O-63678132.pdf_161_p161_c0,jiaocaineedrop_jiaocai_needrop_en_961_p961_c0,yanbaor2_a6a80b48db3438977793c75185e980ee4aff22f79083427cb03ea4134f7b241f.pdf_67_p67_c0,newspaper_The Wall Street Journal - 2025-01-08@magazinesclubnew_page_018_p18_c10",1,True,1.0
What was the amount of the donation secured in 2011?,1,newspaper_The Globe and Mail - 2025-1-8@magazinesclubnew_page_018_p18_c9,newspaper_The Globe and Mail - 2025-1-8@magazinesclubnew_page_018_p18_c9,1,True,1.0
What was the amount of the donation secured in 2011?,3,newspaper_The Globe and Mail - 2025-1-8@magazinesclubnew_page_018_p18_c9,"newspaper_The Globe and Mail - 2025-1-8@magazinesclubnew_page_018_p18_c9,yanbaopptmerge_e60b3b61281e87ddf42f9321a9e6ef9d.pdf_159_p159_c1,newspaper_2c69e142b52dbb30cac2cb11d3eb25e5_1_p1_c7",1,True,1.0
What was the amount of the donation secured in 2011?,5,newspaper_The Globe and Mail - 2025-1-8@magazinesclubnew_page_018_p18_c9,"newspaper_The Globe and Mail - 2025-1-8@magazinesclubnew_page_018_p18_c9,yanbaopptmerge_e60b3b61281e87ddf42f9321a9e6ef9d.pdf_159_p159_c1,newspaper_2c69e142b52dbb30cac2cb11d3eb25e5_1_p1_c7,newspaper_The Wall Street Journal - 2025-01-08@magazinesclubnew_page_018_p18_c8,docstructbench_llm-raw-scihub-o.O-ijc.22999.pdf_3_p3_c3",1,True,1.0
Which team did Mr. Hunkin become head of after leaving his corporate lending job at CIBC?,1,newspaper_The Globe and Mail - 2025-1-8@magazinesclubnew_page_018_p18_c10,newspaper_The Globe and Mail - 2025-1-8@magazinesclubnew_page_018_p18_c11,0,False,0.0
Which team did Mr. Hunkin become head of after leaving his corporate lending job at CIBC?,3,newspaper_The Globe and Mail - 2025-1-8@magazinesclubnew_page_018_p18_c10,"newspaper_The Globe and Mail - 2025-1-8@magazinesclubnew_page_018_p18_c11,newspaper_The Globe and Mail - 2025-1-8@magazinesclubnew_page_018_p18_c10,newspaper_The Globe and Mail - 2025-1-8@magazinesclubnew_page_018_p18_c8",2,True,1.0
Which team did Mr. Hunkin become head of after leaving his corporate lending job at CIBC?,5,newspaper_The Globe and Mail - 2025-1-8@magazinesclubnew_page_018_p18_c10,"newspaper_The Globe and Mail - 2025-1-8@magazinesclubnew_page_018_p18_c11,newspaper_The Globe and Mail - 2025-1-8@magazinesclubnew_page_018_p18_c10,newspaper_The Globe and Mail - 2025-1-8@magazinesclubnew_page_018_p18_c8,newspaper_The Globe and Mail - 2025-1-8@magazinesclubnew_page_018_p18_c12,newspaper_The Globe and Mail - 2025-1-8@magazinesclubnew_page_018_p18_c6",2,True,1.0
Who was the first banker to cross the line into investment dealer according to David Kassie?,1,newspaper_The Globe and Mail - 2025-1-8@magazinesclubnew_page_018_p18_c11,newspaper_The Globe and Mail - 2025-1-8@magazinesclubnew_page_018_p18_c11,1,True,1.0
Who was the first banker to cross the line into investment dealer according to David Kassie?,3,newspaper_The Globe and Mail - 2025-1-8@magazinesclubnew_page_018_p18_c11,"newspaper_The Globe and Mail - 2025-1-8@magazinesclubnew_page_018_p18_c11,newspaper_The Globe and Mail - 2025-1-8@magazinesclubnew_page_018_p18_c10,newspaper_The Globe and Mail - 2025-1-8@magazinesclubnew_page_018_p18_c8",1,True,1.0
Who was the first banker to cross the line into investment dealer according to David Kassie?,5,newspaper_The Globe and Mail - 2025-1-8@magazinesclubnew_page_018_p18_c11,"newspaper_The Globe and Mail - 2025-1-8@magazinesclubnew_page_018_p18_c11,newspaper_The Globe and Mail - 2025-1-8@magazinesclubnew_page_018_p18_c10,newspaper_The Globe and Mail - 2025-1-8@magazinesclubnew_page_018_p18_c8,newspaper_Daily Mirror 2025-1-8@magazinesclubnew_page_058_p58_c2,newspaper_The Globe and Mail - 2025-1-8@magazinesclubnew_page_018_p18_c12",1,True,1.0
What was the amount settled by Gerry McCaughey for the lawsuits?,1,newspaper_The Globe and Mail - 2025-1-8@magazinesclubnew_page_018_p18_c12,newspaper_The Globe and Mail - 2025-1-8@magazinesclubnew_page_018_p18_c12,1,True,1.0
What was the amount settled by Gerry McCaughey for the lawsuits?,3,newspaper_The Globe and Mail - 2025-1-8@magazinesclubnew_page_018_p18_c12,"newspaper_The Globe and Mail - 2025-1-8@magazinesclubnew_page_018_p18_c12,newspaper_The Wall Street Journal - 2025-01-08@magazinesclubnew_page_018_p18_c7,docstructbench_llm-raw-scihub-o.O-ijc.22999.pdf_3_p3_c3",1,True,1.0
What was the amount settled by Gerry McCaughey for the lawsuits?,5,newspaper_The Globe and Mail - 2025-1-8@magazinesclubnew_page_018_p18_c12,"newspaper_The Globe and Mail - 2025-1-8@magazinesclubnew_page_018_p18_c12,newspaper_The Wall Street Journal - 2025-01-08@magazinesclubnew_page_018_p18_c7,docstructbench_llm-raw-scihub-o.O-ijc.22999.pdf_3_p3_c3,newspaper_e62730aaeb9b509119e0c3699ac18201_1_p1_c6,yanbaopptmerge_e60b3b61281e87ddf42f9321a9e6ef9d.pdf_159_p159_c1",1,True,1.0
What happens to providers using out-of-pocket or private pay options according to the text?,1,newspaper_The Globe and Mail - 2025-1-8@magazinesclubnew_page_018_p18_c13,newspaper_The Globe and Mail - 2025-1-8@magazinesclubnew_page_018_p18_c15,0,False,0.0
What happens to providers using out-of-pocket or private pay options according to the text?,3,newspaper_The Globe and Mail - 2025-1-8@magazinesclubnew_page_018_p18_c13,"newspaper_The Globe and Mail - 2025-1-8@magazinesclubnew_page_018_p18_c15,newspaper_The Globe and Mail - 2025-1-8@magazinesclubnew_page_018_p18_c13,newspaper_The Globe and Mail - 2025-1-8@magazinesclubnew_page_018_p18_c14",2,True,1.0
What happens to providers using out-of-pocket or private pay options according to the text?,5,newspaper_The Globe and Mail - 2025-1-8@magazinesclubnew_page_018_p18_c13,"newspaper_The Globe and Mail - 2025-1-8@magazinesclubnew_page_018_p18_c15,newspaper_The Globe and Mail - 2025-1-8@magazinesclubnew_page_018_p18_c13,newspaper_The Globe and Mail - 2025-1-8@magazinesclubnew_page_018_p18_c14,newspaper_The Globe and Mail - 2025-1-8@magazinesclubnew_page_018_p18_c12,yanbaor2_7f386f737cb55cffa10c8321a94bd38d7169cd69b3b253b9e2e502c12a68feea.pdf_15_p15_c0",2,True,1.0
What did Brett Belchetz say about services funded 100 per cent by patients or private insurance?,1,newspaper_The Globe and Mail - 2025-1-8@magazinesclubnew_page_018_p18_c14,newspaper_The Globe and Mail - 2025-1-8@magazinesclubnew_page_018_p18_c14,1,True,1.0
What did Brett Belchetz say about services funded 100 per cent by patients or private insurance?,3,newspaper_The Globe and Mail - 2025-1-8@magazinesclubnew_page_018_p18_c14,"newspaper_The Globe and Mail - 2025-1-8@magazinesclubnew_page_018_p18_c14,docstructbench_llm-raw-scihub-o.O-hup.908.pdf_5_p5_c1,newspaper_The Globe and Mail - 2025-1-8@magazinesclubnew_page_018_p18_c2",1,True,1.0
What did Brett Belchetz say about services funded 100 per cent by patients or private insurance?,5,newspaper_The Globe and Mail - 2025-1-8@magazinesclubnew_page_018_p18_c14,"newspaper_The Globe and Mail - 2025-1-8@magazinesclubnew_page_018_p18_c14,docstructbench_llm-raw-scihub-o.O-hup.908.pdf_5_p5_c1,newspaper_The Globe and Mail - 2025-1-8@magazinesclubnew_page_018_p18_c2,newspaper_The Globe and Mail - 2025-1-8@magazinesclubnew_page_018_p18_c15,newspaper_The Globe and Mail - 2025-1-8@magazinesclubnew_page_018_p18_c6",1,True,1.0
What did Ontario Health Minister Sylvia Jones request from the federal government?,1,newspaper_The Globe and Mail - 2025-1-8@magazinesclubnew_page_018_p18_c15,newspaper_The Globe and Mail - 2025-1-8@magazinesclubnew_page_018_p18_c15,1,True,1.0
What did Ontario Health Minister Sylvia Jones request from the federal government?,3,newspaper_The Globe and Mail - 2025-1-8@magazinesclubnew_page_018_p18_c15,"newspaper_The Globe and Mail - 2025-1-8@magazinesclubnew_page_018_p18_c15,newspaper_The Globe and Mail - 2025-1-8@magazinesclubnew_page_018_p18_c13,newspaper_The Globe and Mail - 2025-1-8@magazinesclubnew_page_018_p18_c14",1,True,1.0
What did Ontario Health Minister Sylvia Jones request from the federal government?,5,newspaper_The Globe and Mail - 2025-1-8@magazinesclubnew_page_018_p18_c15,"newspaper_The Globe and Mail - 2025-1-8@magazinesclubnew_page_018_p18_c15,newspaper_The Globe and Mail - 2025-1-8@magazinesclubnew_page_018_p18_c13,newspaper_The Globe and Mail - 2025-1-8@magazinesclubnew_page_018_p18_c14,exam_paper_2016年安徽省中考英语试题（解析）_page_015_p15_c2,newspaper_The Globe and Mail - 2025-1-8@magazinesclubnew_page_027_p27_c5",1,True,1.0
喜欢书法的人数比喜欢游泳的人数少多少人？,1,jiaocaineedrop_jiaocai_needrop_en_3937_p3937_c0,jiaocaineedrop_jiaocai_needrop_en_3937_p3937_c0,1,True,1.0
喜欢书法的人数比喜欢游泳的人数少多少人？,3,jiaocaineedrop_jiaocai_needrop_en_3937_p3937_c0,"jiaocaineedrop_jiaocai_needrop_en_3937_p3937_c0,jiaocaineedrop_jiaocai_needrop_en_3274_p3274_c0,docstructbench_dianzishu_zhongwenzaixian-o.O-61323717.pdf_203_p203_c0",1,True,1.0
喜欢书法的人数比喜欢游泳的人数少多少人？,5,jiaocaineedrop_jiaocai_needrop_en_3937_p3937_c0,"jiaocaineedrop_jiaocai_needrop_en_3937_p3937_c0,jiaocaineedrop_jiaocai_needrop_en_3274_p3274_c0,docstructbench_dianzishu_zhongwenzaixian-o.O-61323717.pdf_203_p203_c0,yanbaopptmerge_yanbaoPPT_5945_p5945_c0,yanbaopptmerge_yanbaoPPT_495_p495_c0",1,True,1.0
What was the tumor volume threshold for inoculating the mice?,1,docstructbench_llm-raw-scihub-o.O-ijc.22999.pdf_3_p3_c0,docstructbench_llm-raw-scihub-o.O-ijc.22999.pdf_3_p3_c0,1,True,1.0
What was the tumor volume threshold for inoculating the mice?,3,docstructbench_llm-raw-scihub-o.O-ijc.22999.pdf_3_p3_c0,"docstructbench_llm-raw-scihub-o.O-ijc.22999.pdf_3_p3_c0,docstructbench_llm-raw-scihub-o.O-ijc.22999.pdf_3_p3_c2,docstructbench_llm-raw-scihub-o.O-ijc.22999.pdf_3_p3_c1",1,True,1.0
What was the tumor volume threshold for inoculating the mice?,5,docstructbench_llm-raw-scihub-o.O-ijc.22999.pdf_3_p3_c0,"docstructbench_llm-raw-scihub-o.O-ijc.22999.pdf_3_p3_c0,docstructbench_llm-raw-scihub-o.O-ijc.22999.pdf_3_p3_c2,docstructbench_llm-raw-scihub-o.O-ijc.22999.pdf_3_p3_c1,yanbaopptmerge_e60b3b61281e87ddf42f9321a9e6ef9d.pdf_159_p159_c1,scihub_bloodadvances.2019030924.pdf_3_p3_c9",1,True,1.0
What was the duration of treatment for mice bearing B16/PDGF-BB tumors?,1,docstructbench_llm-raw-scihub-o.O-ijc.22999.pdf_3_p3_c1,docstructbench_llm-raw-scihub-o.O-ijc.22999.pdf_3_p3_c1,1,True,1.0
What was the duration of treatment for mice bearing B16/PDGF-BB tumors?,3,docstructbench_llm-raw-scihub-o.O-ijc.22999.pdf_3_p3_c1,"docstructbench_llm-raw-scihub-o.O-ijc.22999.pdf_3_p3_c1,docstructbench_llm-raw-scihub-o.O-ijc.22999.pdf_3_p3_c0,docstructbench_llm-raw-scihub-o.O-ijc.22999.pdf_3_p3_c2",1,True,1.0
What was the duration of treatment for mice bearing B16/PDGF-BB tumors?,5,docstructbench_llm-raw-scihub-o.O-ijc.22999.pdf_3_p3_c1,"docstructbench_llm-raw-scihub-o.O-ijc.22999.pdf_3_p3_c1,docstructbench_llm-raw-scihub-o.O-ijc.22999.pdf_3_p3_c0,docstructbench_llm-raw-scihub-o.O-ijc.22999.pdf_3_p3_c2,docstructbench_llm-raw-scihub-o.O-ijc.22999.pdf_3_p3_c3,scihub_s00586-010-1656-7.pdf_3_p3_c2",1,True,1.0
What was the treatment regimen for the Sis-NIH3T3 tumors?,1,docstructbench_llm-raw-scihub-o.O-ijc.22999.pdf_3_p3_c2,docstructbench_llm-raw-scihub-o.O-ijc.22999.pdf_3_p3_c2,1,True,1.0
What was the treatment regimen for the Sis-NIH3T3 tumors?,3,docstructbench_llm-raw-scihub-o.O-ijc.22999.pdf_3_p3_c2,"docstructbench_llm-raw-scihub-o.O-ijc.22999.pdf_3_p3_c2,docstructbench_llm-raw-scihub-o.O-ijc.22999.pdf_3_p3_c1,yanbaopptmerge_e60b3b61281e87ddf42f9321a9e6ef9d.pdf_159_p159_c1",1,True,1.0
What was the treatment regimen for the Sis-NIH3T3 tumors?,5,docstructbench_llm-raw-scihub-o.O-ijc.22999.pdf_3_p3_c2,"docstructbench_llm-raw-scihub-o.O-ijc.22999.pdf_3_p3_c2,docstructbench_llm-raw-scihub-o.O-ijc.22999.pdf_3_p3_c1,yanbaopptmerge_e60b3b61281e87ddf42f9321a9e6ef9d.pdf_159_p159_c1,scihub_bloodadvances.2019030924.pdf_3_p3_c7,jiaocaineedrop_jiaocai_needrop_en_453_p453_c4",1,True,1.0
What amount of PDGF-BB was released into the medium by the B16/PDGF-BB cells after 2 days?,1,docstructbench_llm-raw-scihub-o.O-ijc.22999.pdf_3_p3_c3,docstructbench_llm-raw-scihub-o.O-ijc.22999.pdf_3_p3_c3,1,True,1.0
What amount of PDGF-BB was released into the medium by the B16/PDGF-BB cells after 2 days?,3,docstructbench_llm-raw-scihub-o.O-ijc.22999.pdf_3_p3_c3,"docstructbench_llm-raw-scihub-o.O-ijc.22999.pdf_3_p3_c3,docstructbench_llm-raw-scihub-o.O-ijc.22999.pdf_3_p3_c0,docstructbench_llm-raw-scihub-o.O-ijc.22999.pdf_3_p3_c1",1,True,1.0
What amount of PDGF-BB was released into the medium by the B16/PDGF-BB cells after 2 days?,5,docstructbench_llm-raw-scihub-o.O-ijc.22999.pdf_3_p3_c3,"docstructbench_llm-raw-scihub-o.O-ijc.22999.pdf_3_p3_c3,docstructbench_llm-raw-scihub-o.O-ijc.22999.pdf_3_p3_c0,docstructbench_llm-raw-scihub-o.O-ijc.22999.pdf_3_p3_c1,docstructbench_llm-raw-scihub-o.O-ijc.22999.pdf_3_p3_c2,docstructbench_enbook-zlib-o.O-19221575.pdf_1173_p1173_c3",1,True,1.0
增额终身寿险在低利率环境下的优势是什么？,1,eastmoney_f671ab94bf8b8274d6736f1a3dc775b3b74fa68686df2946aa5307b6b2a32062.pdf_18_p18_c0,eastmoney_f671ab94bf8b8274d6736f1a3dc775b3b74fa68686df2946aa5307b6b2a32062.pdf_18_p18_c0,1,True,1.0
增额终身寿险在低利率环境下的优势是什么？,3,eastmoney_f671ab94bf8b8274d6736f1a3dc775b3b74fa68686df2946aa5307b6b2a32062.pdf_18_p18_c0,"eastmoney_f671ab94bf8b8274d6736f1a3dc775b3b74fa68686df2946aa5307b6b2a32062.pdf_18_p18_c0,eastmoney_f671ab94bf8b8274d6736f1a3dc775b3b74fa68686df2946aa5307b6b2a32062.pdf_18_p18_c1,newspaper_2c69e142b52dbb30cac2cb11d3eb25e5_1_p1_c1",1,True,1.0
增额终身寿险在低利率环境下的优势是什么？,5,eastmoney_f671ab94bf8b8274d6736f1a3dc775b3b74fa68686df2946aa5307b6b2a32062.pdf_18_p18_c0,"eastmoney_f671ab94bf8b8274d6736f1a3dc775b3b74fa68686df2946aa5307b6b2a32062.pdf_18_p18_c0,eastmoney_f671ab94bf8b8274d6736f1a3dc775b3b74fa68686df2946aa5307b6b2a32062.pdf_18_p18_c1,newspaper_2c69e142b52dbb30cac2cb11d3eb25e5_1_p1_c1,newspaper_The Globe and Mail - 2025-1-8@magazinesclubnew_page_018_p18_c5,newspaper_eb569707cf5621d4c71d5898216cdb17_1_p1_c12",1,True,1.0
线上线下结合的服务包括哪些内容？,1,eastmoney_f671ab94bf8b8274d6736f1a3dc775b3b74fa68686df2946aa5307b6b2a32062.pdf_18_p18_c2,eastmoney_f671ab94bf8b8274d6736f1a3dc775b3b74fa68686df2946aa5307b6b2a32062.pdf_18_p18_c2,1,True,1.0
线上线下结合的服务包括哪些内容？,3,eastmoney_f671ab94bf8b8274d6736f1a3dc775b3b74fa68686df2946aa5307b6b2a32062.pdf_18_p18_c2,"eastmoney_f671ab94bf8b8274d6736f1a3dc775b3b74fa68686df2946aa5307b6b2a32062.pdf_18_p18_c2,yanbaor2_7f386f737cb55cffa10c8321a94bd38d7169cd69b3b253b9e2e502c12a68feea.pdf_15_p15_c0,eastmoney_f671ab94bf8b8274d6736f1a3dc775b3b74fa68686df2946aa5307b6b2a32062.pdf_18_p18_c1",1,True,1.0
线上线下结合的服务包括哪些内容？,5,eastmoney_f671ab94bf8b8274d6736f1a3dc775b3b74fa68686df2946aa5307b6b2a32062.pdf_18_p18_c2,"eastmoney_f671ab94bf8b8274d6736f1a3dc775b3b74fa68686df2946aa5307b6b2a32062.pdf_18_p18_c2,yanbaor2_7f386f737cb55cffa10c8321a94bd38d7169cd69b3b253b9e2e502c12a68feea.pdf_15_p15_c0,eastmoney_f671ab94bf8b8274d6736f1a3dc775b3b74fa68686df2946aa5307b6b2a32062.pdf_18_p18_c1,yanbaor2_a6a80b48db3438977793c75185e980ee4aff22f79083427cb03ea4134f7b241f.pdf_67_p67_c2,yanbaopptmerge_0c79d327060dbf9f1582d03c235dadb039533a19091d2c0d24f2ad95d267f79b.pdf_2_p2_c1",1,True,1.0
What did a Palestinian man urge Joe Sacco to write about?,1,magazine_TheEconomist.2024.03.02_page_075_p75_c0,magazine_TheEconomist.2024.03.02_page_075_p75_c0,1,True,1.0
What did a Palestinian man urge Joe Sacco to write about?,3,magazine_TheEconomist.2024.03.02_page_075_p75_c0,"magazine_TheEconomist.2024.03.02_page_075_p75_c0,magazine_TheEconomist.2024.03.02_page_075_p75_c4,magazine_TheEconomist.2024.03.02_page_075_p75_c3",1,True,1.0
What did a Palestinian man urge Joe Sacco to write about?,5,magazine_TheEconomist.2024.03.02_page_075_p75_c0,"magazine_TheEconomist.2024.03.02_page_075_p75_c0,magazine_TheEconomist.2024.03.02_page_075_p75_c4,magazine_TheEconomist.2024.03.02_page_075_p75_c3,exam_paper_2016年安徽省中考英语试题（解析）_page_015_p15_c2,magazine_TheEconomist.2024.03.02_page_075_p75_c1",1,True,1.0
Which event caused a surge in interest for the comic book 'Palestine'?,1,magazine_TheEconomist.2024.03.02_page_075_p75_c1,magazine_TheEconomist.2024.03.02_page_075_p75_c1,1,True,1.0
Which event caused a surge in interest for the comic book 'Palestine'?,3,magazine_TheEconomist.2024.03.02_page_075_p75_c1,"magazine_TheEconomist.2024.03.02_page_075_p75_c1,magazine_TheEconomist.2024.03.02_page_075_p75_c0,magazine_TheEconomist.2024.03.02_page_075_p75_c3",1,True,1.0
Which event caused a surge in interest for the comic book 'Palestine'?,5,magazine_TheEconomist.2024.03.02_page_075_p75_c1,"magazine_TheEconomist.2024.03.02_page_075_p75_c1,magazine_TheEconomist.2024.03.02_page_075_p75_c0,magazine_TheEconomist.2024.03.02_page_075_p75_c3,jiaocaineedrop_jiaocai_needrop_en_453_p453_c4,magazine_TheEconomist.2024.03.02_page_028_p28_c0",1,True,1.0
Why couldn't the boy be taken to hospital?,1,magazine_TheEconomist.2024.03.02_page_075_p75_c2,magazine_TheEconomist.2024.03.02_page_075_p75_c2,1,True,1.0
Why couldn't the boy be taken to hospital?,3,magazine_TheEconomist.2024.03.02_page_075_p75_c2,"magazine_TheEconomist.2024.03.02_page_075_p75_c2,jiaocaineedrop_jiaocai_needrop_en_961_p961_c0,yanbaopptmerge_yanbaoPPT_4975_p4975_c0",1,True,1.0
Why couldn't the boy be taken to hospital?,5,magazine_TheEconomist.2024.03.02_page_075_p75_c2,"magazine_TheEconomist.2024.03.02_page_075_p75_c2,jiaocaineedrop_jiaocai_needrop_en_961_p961_c0,yanbaopptmerge_yanbaoPPT_4975_p4975_c0,jiaocaineedrop_jiaocai_needrop_en_453_p453_c1,jiaocaineedrop_unit2t03.pdf_63_p63_c0",1,True,1.0
What does Mr Sacco's presence remind readers about the story's perspective?,1,magazine_TheEconomist.2024.03.02_page_075_p75_c3,magazine_TheEconomist.2024.03.02_page_075_p75_c3,1,True,1.0
What does Mr Sacco's presence remind readers about the story's perspective?,3,magazine_TheEconomist.2024.03.02_page_075_p75_c3,"magazine_TheEconomist.2024.03.02_page_075_p75_c3,magazine_TheEconomist.2024.03.02_page_075_p75_c0,jiaocaineedrop_jiaocai_needrop_en_961_p961_c0",1,True,1.0
What does Mr Sacco's presence remind readers about the story's perspective?,5,magazine_TheEconomist.2024.03.02_page_075_p75_c3,"magazine_TheEconomist.2024.03.02_page_075_p75_c3,magazine_TheEconomist.2024.03.02_page_075_p75_c0,jiaocaineedrop_jiaocai_needrop_en_961_p961_c0,magazine_TheEconomist.2024.03.02_page_075_p75_c4,newspaper_The Globe and Mail - 2025-1-8@magazinesclubnew_page_014_p14_c2",1,True,1.0
What does the old man say about the peace process?,1,magazine_TheEconomist.2024.03.02_page_075_p75_c4,magazine_TheEconomist.2024.03.02_page_075_p75_c4,1,True,1.0
What does the old man say about the peace process?,3,magazine_TheEconomist.2024.03.02_page_075_p75_c4,"magazine_TheEconomist.2024.03.02_page_075_p75_c4,magazine_TheEconomist.2024.03.02_page_075_p75_c3,jiaocaineedrop_jiaocai_needrop_en_961_p961_c0",1,True,1.0
What does the old man say about the peace process?,5,magazine_TheEconomist.2024.03.02_page_075_p75_c4,"magazine_TheEconomist.2024.03.02_page_075_p75_c4,magazine_TheEconomist.2024.03.02_page_075_p75_c3,jiaocaineedrop_jiaocai_needrop_en_961_p961_c0,newspaper_USAToday-2025-01-08@magazinesclubnew_page_021_p21_c5,magazine_TheEconomist.2024.03.02_page_075_p75_c0",1,True,1.0
What is the title of the book that became a bestseller in 2010?,1,magazine_TheEconomist.2024.03.02_page_075_p75_c5,magazine_TheEconomist.2024.03.02_page_075_p75_c5,1,True,1.0
What is the title of the book that became a bestseller in 2010?,3,magazine_TheEconomist.2024.03.02_page_075_p75_c5,"magazine_TheEconomist.2024.03.02_page_075_p75_c5,yanbaopptmerge_e60b3b61281e87ddf42f9321a9e6ef9d.pdf_159_p159_c1,yanbaor2_89c3718f5a45179ef57a5063c6df36fc2c9b7e3ab4275f4905ed89f1c17232ea.pdf_14_p14_c3",1,True,1.0
What is the title of the book that became a bestseller in 2010?,5,magazine_TheEconomist.2024.03.02_page_075_p75_c5,"magazine_TheEconomist.2024.03.02_page_075_p75_c5,yanbaopptmerge_e60b3b61281e87ddf42f9321a9e6ef9d.pdf_159_p159_c1,yanbaor2_89c3718f5a45179ef57a5063c6df36fc2c9b7e3ab4275f4905ed89f1c17232ea.pdf_14_p14_c3,magazine_TheEconomist.2024.03.02_page_075_p75_c1,jiaocaineedrop_jiaocai_needrop_en_453_p453_c4",1,True,1.0
What is the title of the book that avoids the trap of focusing on one damned roof tile after another?,1,magazine_TheEconomist.2024.03.02_page_075_p75_c6,magazine_TheEconomist.2024.03.02_page_075_p75_c6,1,True,1.0
What is the title of the book that avoids the trap of focusing on one damned roof tile after another?,3,magazine_TheEconomist.2024.03.02_page_075_p75_c6,"magazine_TheEconomist.2024.03.02_page_075_p75_c6,magazine_TheEconomist.2024.03.02_page_075_p75_c5,jiaocaineedrop_jiaocai_needrop_en_2193_p2193_c0",1,True,1.0
What is the title of the book that avoids the trap of focusing on one damned roof tile after another?,5,magazine_TheEconomist.2024.03.02_page_075_p75_c6,"magazine_TheEconomist.2024.03.02_page_075_p75_c6,magazine_TheEconomist.2024.03.02_page_075_p75_c5,jiaocaineedrop_jiaocai_needrop_en_2193_p2193_c0,newspaper_The Globe and Mail - 2025-1-8@magazinesclubnew_page_014_p14_c2,jiaocaineedrop_biz-96816.pdf_48_p48_c3",1,True,1.0
What is the page number for Unit 1 in the document?,1,color_textbook_zhonggaokao_小学_13.人教新起点英语（4-5年级）_人教新起点四年级英语上册_课本_人教新起点英语4A电子课本_page_091_p91_c0,color_textbook_zhonggaokao_小学_13.人教新起点英语（4-5年级）_人教新起点四年级英语上册_课本_人教新起点英语4A电子课本_page_091_p91_c0,1,True,1.0
What is the page number for Unit 1 in the document?,3,color_textbook_zhonggaokao_小学_13.人教新起点英语（4-5年级）_人教新起点四年级英语上册_课本_人教新起点英语4A电子课本_page_091_p91_c0,"color_textbook_zhonggaokao_小学_13.人教新起点英语（4-5年级）_人教新起点四年级英语上册_课本_人教新起点英语4A电子课本_page_091_p91_c0,jiaocaineedrop_biz-96816.pdf_48_p48_c1,docstructbench_dianzishu_zhongwenzaixian-o.O-61523162.pdf_276_p276_c0",1,True,1.0
What is the page number for Unit 1 in the document?,5,color_textbook_zhonggaokao_小学_13.人教新起点英语（4-5年级）_人教新起点四年级英语上册_课本_人教新起点英语4A电子课本_page_091_p91_c0,"color_textbook_zhonggaokao_小学_13.人教新起点英语（4-5年级）_人教新起点四年级英语上册_课本_人教新起点英语4A电子课本_page_091_p91_c0,jiaocaineedrop_biz-96816.pdf_48_p48_c1,docstructbench_dianzishu_zhongwenzaixian-o.O-61523162.pdf_276_p276_c0,yanbaopptmerge_e60b3b61281e87ddf42f9321a9e6ef9d.pdf_159_p159_c1,jiaocaineedrop_Chapter9.pdf_46_p46_c0",1,True,1.0
What is the main reason they can't go to the zoo today?,1,jiaocaineedrop_jiaocai_needrop_en_961_p961_c0,jiaocaineedrop_jiaocai_needrop_en_961_p961_c0,1,True,1.0
What is the main reason they can't go to the zoo today?,3,jiaocaineedrop_jiaocai_needrop_en_961_p961_c0,"jiaocaineedrop_jiaocai_needrop_en_961_p961_c0,newspaper_The Globe and Mail - 2025-1-8@magazinesclubnew_page_014_p14_c0,color_textbook_zhonggaokao_小学_13.人教新起点英语（4-5年级）_人教新起点五年级英语下册_课本_人教新起点英语5B电子课本_page_011_p11_c0",1,True,1.0
What is the main reason they can't go to the zoo today?,5,jiaocaineedrop_jiaocai_needrop_en_961_p961_c0,"jiaocaineedrop_jiaocai_needrop_en_961_p961_c0,newspaper_The Globe and Mail - 2025-1-8@magazinesclubnew_page_014_p14_c0,color_textbook_zhonggaokao_小学_13.人教新起点英语（4-5年级）_人教新起点五年级英语下册_课本_人教新起点英语5B电子课本_page_011_p11_c0,magazine_TheEconomist.2023.12.23_page_012_p12_c5,jiaocaineedrop_biz-96816.pdf_48_p48_c3",1,True,1.0
Who won the first place in the 'Super Girl' singing competition?,1,jiaocaineedrop_jiaocai_needrop_en_453_p453_c0,jiaocaineedrop_jiaocai_needrop_en_453_p453_c0,1,True,1.0
Who won the first place in the 'Super Girl' singing competition?,3,jiaocaineedrop_jiaocai_needrop_en_453_p453_c0,"jiaocaineedrop_jiaocai_needrop_en_453_p453_c0,newspaper_b95d1d8eb0d756cc94a5d8b5db3cf69b_1_p1_c4,jiaocaineedrop_jiaocai_needrop_en_961_p961_c0",1,True,1.0
Who won the first place in the 'Super Girl' singing competition?,5,jiaocaineedrop_jiaocai_needrop_en_453_p453_c0,"jiaocaineedrop_jiaocai_needrop_en_453_p453_c0,newspaper_b95d1d8eb0d756cc94a5d8b5db3cf69b_1_p1_c4,jiaocaineedrop_jiaocai_needrop_en_961_p961_c0,newspaper_USAToday-2025-01-08@magazinesclubnew_page_021_p21_c0,magazine_TheEconomist.2024.03.09_page_064_p64_c2",1,True,1.0
What is the correct answer for question 27?,1,jiaocaineedrop_jiaocai_needrop_en_453_p453_c1,jiaocaineedrop_jiaocai_needrop_en_453_p453_c1,1,True,1.0
What is the correct answer for question 27?,3,jiaocaineedrop_jiaocai_needrop_en_453_p453_c1,"jiaocaineedrop_jiaocai_needrop_en_453_p453_c1,exam_paper_2004-2019上海高考英语听力原文和答案_page_017_p17_c3,jiaocaineedrop_96657786.pdf_0_p0_c1",1,True,1.0
What is the correct answer for question 27?,5,jiaocaineedrop_jiaocai_needrop_en_453_p453_c1,"jiaocaineedrop_jiaocai_needrop_en_453_p453_c1,exam_paper_2004-2019上海高考英语听力原文和答案_page_017_p17_c3,jiaocaineedrop_96657786.pdf_0_p0_c1,jiaocaineedrop_Chapter9.pdf_46_p46_c0,color_textbook_zhonggaokao_小学_13.人教新起点英语（4-5年级）_人教新起点五年级英语上册_课本_人教新起点英语5A电子课本_page_055_p55_c0",1,True,1.0
What is the correct form of the verb to fill in the blank in question 29?,1,jiaocaineedrop_jiaocai_needrop_en_453_p453_c2,color_textbook_zhonggaokao_小学_13.人教新起点英语（4-5年级）_人教新起点五年级英语上册_课本_人教新起点英语5A电子课本_page_055_p55_c0,0,False,0.0
What is the correct form of the verb to fill in the blank in question 29?,3,jiaocaineedrop_jiaocai_needrop_en_453_p453_c2,"color_textbook_zhonggaokao_小学_13.人教新起点英语（4-5年级）_人教新起点五年级英语上册_课本_人教新起点英语5A电子课本_page_055_p55_c0,jiaocaineedrop_Chapter9.pdf_46_p46_c0,jiaocaineedrop_jiaocai_needrop_en_453_p453_c3",0,False,0.0
What is the correct form of the verb to fill in the blank in question 29?,5,jiaocaineedrop_jiaocai_needrop_en_453_p453_c2,"color_textbook_zhonggaokao_小学_13.人教新起点英语（4-5年级）_人教新起点五年级英语上册_课本_人教新起点英语5A电子课本_page_055_p55_c0,jiaocaineedrop_Chapter9.pdf_46_p46_c0,jiaocaineedrop_jiaocai_needrop_en_453_p453_c3,exam_paper_2004-2019上海高考英语听力原文和答案_page_017_p17_c3,jiaocaineedrop_jiaocai_needrop_en_237_p237_c1",0,False,0.0
What is the correct verb form for Grandpa in the sentence?,1,jiaocaineedrop_jiaocai_needrop_en_453_p453_c3,color_textbook_zhonggaokao_小学_KET听说读写逐项突破_KET听说读写逐项突破之轻松搞定KET写作25分 【10讲 褚连一】_第05讲第五课写作Part7详解_第五课写作Part7详解_page_001_p1_c1,0,False,0.0
What is the correct verb form for Grandpa in the sentence?,3,jiaocaineedrop_jiaocai_needrop_en_453_p453_c3,"color_textbook_zhonggaokao_小学_KET听说读写逐项突破_KET听说读写逐项突破之轻松搞定KET写作25分 【10讲 褚连一】_第05讲第五课写作Part7详解_第五课写作Part7详解_page_001_p1_c1,jiaocaineedrop_jiaocai_needrop_en_961_p961_c0,jiaocaineedrop_jiaocai_needrop_en_453_p453_c3",3,True,1.0
What is the correct verb form for Grandpa in the sentence?,5,jiaocaineedrop_jiaocai_needrop_en_453_p453_c3,"color_textbook_zhonggaokao_小学_KET听说读写逐项突破_KET听说读写逐项突破之轻松搞定KET写作25分 【10讲 褚连一】_第05讲第五课写作Part7详解_第五课写作Part7详解_page_001_p1_c1,jiaocaineedrop_jiaocai_needrop_en_961_p961_c0,jiaocaineedrop_jiaocai_needrop_en_453_p453_c3,yanbaopptmerge_e60b3b61281e87ddf42f9321a9e6ef9d.pdf_159_p159_c1,jiaocaineedrop_jiaocai_needrop_en_453_p453_c4",3,True,1.0
What did the father do with the hymnbook after finding out about the scribbles?,1,jiaocaineedrop_jiaocai_needrop_en_453_p453_c4,jiaocaineedrop_jiaocai_needrop_en_453_p453_c4,1,True,1.0
What did the father do with the hymnbook after finding out about the scribbles?,3,jiaocaineedrop_jiaocai_needrop_en_453_p453_c4,"jiaocaineedrop_jiaocai_needrop_en_453_p453_c4,jiaocaineedrop_unit2t03.pdf_63_p63_c1,jiaocaineedrop_jiaocai_needrop_en_961_p961_c0",1,True,1.0
What did the father do with the hymnbook after finding out about the scribbles?,5,jiaocaineedrop_jiaocai_needrop_en_453_p453_c4,"jiaocaineedrop_jiaocai_needrop_en_453_p453_c4,jiaocaineedrop_unit2t03.pdf_63_p63_c1,jiaocaineedrop_jiaocai_needrop_en_961_p961_c0,jiaocaineedrop_unit2t03.pdf_63_p63_c0,exam_paper_2016年安徽省中考英语试题（解析）_page_015_p15_c2",1,True,1.0
What is the website provided for online learning?,1,jiaocaineedrop_jiaocai_needrop_en_453_p453_c5,jiaocaineedrop_jiaocai_needrop_en_453_p453_c5,1,True,1.0
What is the website provided for online learning?,3,jiaocaineedrop_jiaocai_needrop_en_453_p453_c5,"jiaocaineedrop_jiaocai_needrop_en_453_p453_c5,newspaper_USAToday-2025-01-08@magazinesclubnew_page_021_p21_c0,yanbaor2_7f386f737cb55cffa10c8321a94bd38d7169cd69b3b253b9e2e502c12a68feea.pdf_15_p15_c0",1,True,1.0
What is the website provided for online learning?,5,jiaocaineedrop_jiaocai_needrop_en_453_p453_c5,"jiaocaineedrop_jiaocai_needrop_en_453_p453_c5,newspaper_USAToday-2025-01-08@magazinesclubnew_page_021_p21_c0,yanbaor2_7f386f737cb55cffa10c8321a94bd38d7169cd69b3b253b9e2e502c12a68feea.pdf_15_p15_c0,yanbaopptmerge_e60b3b61281e87ddf42f9321a9e6ef9d.pdf_159_p159_c1,jiaocaineedrop_jiaocai_needrop_en_2884_p2884_c2",1,True,1.0
哪些动物属于脊椎动物亚门？,1,yanbaopptmerge_yanbaoPPT_725_p725_c0,yanbaopptmerge_yanbaoPPT_725_p725_c0,1,True,1.0
哪些动物属于脊椎动物亚门？,3,yanbaopptmerge_yanbaoPPT_725_p725_c0,"yanbaopptmerge_yanbaoPPT_725_p725_c0,docstructbench_llm-raw-scihub-o.O-j.ergon.2004.09.009.pdf_13_p13_c2,jiaocaineedrop_jiaocai_needrop_en_2893_p2893_c1",1,True,1.0
哪些动物属于脊椎动物亚门？,5,yanbaopptmerge_yanbaoPPT_725_p725_c0,"yanbaopptmerge_yanbaoPPT_725_p725_c0,docstructbench_llm-raw-scihub-o.O-j.ergon.2004.09.009.pdf_13_p13_c2,jiaocaineedrop_jiaocai_needrop_en_2893_p2893_c1,newspaper_The Wall Street Journal - 2025-01-08@magazinesclubnew_page_018_p18_c0,newspaper_35bdaa11dec104ccbdc9e19ac8527d21_1_p1_c5",1,True,1.0
What is the approximate area under the curve using 4 rectangles?,1,PPT_fundamental_theorem_of_calculus___page_002_p2_c0,PPT_fundamental_theorem_of_calculus___page_002_p2_c0,1,True,1.0
What is the approximate area under the curve using 4 rectangles?,3,PPT_fundamental_theorem_of_calculus___page_002_p2_c0,"PPT_fundamental_theorem_of_calculus___page_002_p2_c0,exam_paper_en-file-putnam-archive_2000_Solutions_2000s_page_001_p1_c2,exam_paper_en-file-putnam-archive_1998_Solutions_1998s_page_002_p2_c0",1,True,1.0
What is the approximate area under the curve using 4 rectangles?,5,PPT_fundamental_theorem_of_calculus___page_002_p2_c0,"PPT_fundamental_theorem_of_calculus___page_002_p2_c0,exam_paper_en-file-putnam-archive_2000_Solutions_2000s_page_001_p1_c2,exam_paper_en-file-putnam-archive_1998_Solutions_1998s_page_002_p2_c0,exam_paper_en-file-putnam-archive_1996_Solutions_1996s_page_002_p2_c5,exam_paper_en-file-putnam-archive_2016_Solutions_2016s_page_002_p2_c1",1,True,1.0
鹿特丹的地理位置有什么特点？,1,notes_1ba14cb325bc448f7201b20502ecf2b5_118_p118_c0,notes_1ba14cb325bc448f7201b20502ecf2b5_118_p118_c0,1,True,1.0
鹿特丹的地理位置有什么特点？,3,notes_1ba14cb325bc448f7201b20502ecf2b5_118_p118_c0,"notes_1ba14cb325bc448f7201b20502ecf2b5_118_p118_c0,notes_1ba14cb325bc448f7201b20502ecf2b5_33_p33_c0,newspaper_2c69e142b52dbb30cac2cb11d3eb25e5_1_p1_c3",1,True,1.0
鹿特丹的地理位置有什么特点？,5,notes_1ba14cb325bc448f7201b20502ecf2b5_118_p118_c0,"notes_1ba14cb325bc448f7201b20502ecf2b5_118_p118_c0,notes_1ba14cb325bc448f7201b20502ecf2b5_33_p33_c0,newspaper_2c69e142b52dbb30cac2cb11d3eb25e5_1_p1_c3,magazine_TheEconomist.2024.03.02_page_032_p32_c0,jiaocaineedrop_jiaocai_needrop_en_887_p887_c0",1,True,1.0
What is the investment rating for Hua Ce Testing?,1,yanbaopptmerge_2f4902871606698497c53ccb18d3fec2f83d05047d883cd65bbce26bfb27bcd2.pdf_1_p1_c0,yanbaopptmerge_2f4902871606698497c53ccb18d3fec2f83d05047d883cd65bbce26bfb27bcd2.pdf_1_p1_c0,1,True,1.0
What is the investment rating for Hua Ce Testing?,3,yanbaopptmerge_2f4902871606698497c53ccb18d3fec2f83d05047d883cd65bbce26bfb27bcd2.pdf_1_p1_c0,"yanbaopptmerge_2f4902871606698497c53ccb18d3fec2f83d05047d883cd65bbce26bfb27bcd2.pdf_1_p1_c0,yanbaopptmerge_e60b3b61281e87ddf42f9321a9e6ef9d.pdf_159_p159_c1,yanbaopptmerge_0c79d327060dbf9f1582d03c235dadb039533a19091d2c0d24f2ad95d267f79b.pdf_2_p2_c0",1,True,1.0
What is the investment rating for Hua Ce Testing?,5,yanbaopptmerge_2f4902871606698497c53ccb18d3fec2f83d05047d883cd65bbce26bfb27bcd2.pdf_1_p1_c0,"yanbaopptmerge_2f4902871606698497c53ccb18d3fec2f83d05047d883cd65bbce26bfb27bcd2.pdf_1_p1_c0,yanbaopptmerge_e60b3b61281e87ddf42f9321a9e6ef9d.pdf_159_p159_c1,yanbaopptmerge_0c79d327060dbf9f1582d03c235dadb039533a19091d2c0d24f2ad95d267f79b.pdf_2_p2_c0,yanbaor2_ey-better-pension-outcomes-reimagined-20180926.pdf_1_p1_c0,yanbaopptmerge_2f4902871606698497c53ccb18d3fec2f83d05047d883cd65bbce26bfb27bcd2.pdf_1_p1_c2",1,True,1.0
What is the purchase price for 奥普特?,1,yanbaopptmerge_2f4902871606698497c53ccb18d3fec2f83d05047d883cd65bbce26bfb27bcd2.pdf_1_p1_c1,yanbaopptmerge_2f4902871606698497c53ccb18d3fec2f83d05047d883cd65bbce26bfb27bcd2.pdf_1_p1_c1,1,True,1.0
What is the purchase price for 奥普特?,3,yanbaopptmerge_2f4902871606698497c53ccb18d3fec2f83d05047d883cd65bbce26bfb27bcd2.pdf_1_p1_c1,"yanbaopptmerge_2f4902871606698497c53ccb18d3fec2f83d05047d883cd65bbce26bfb27bcd2.pdf_1_p1_c1,yanbaopptmerge_e60b3b61281e87ddf42f9321a9e6ef9d.pdf_159_p159_c1,newspaper_The Wall Street Journal - 2025-01-08@magazinesclubnew_page_018_p18_c8",1,True,1.0
What is the purchase price for 奥普特?,5,yanbaopptmerge_2f4902871606698497c53ccb18d3fec2f83d05047d883cd65bbce26bfb27bcd2.pdf_1_p1_c1,"yanbaopptmerge_2f4902871606698497c53ccb18d3fec2f83d05047d883cd65bbce26bfb27bcd2.pdf_1_p1_c1,yanbaopptmerge_e60b3b61281e87ddf42f9321a9e6ef9d.pdf_159_p159_c1,newspaper_The Wall Street Journal - 2025-01-08@magazinesclubnew_page_018_p18_c8,yanbaopptmerge_e60b3b61281e87ddf42f9321a9e6ef9d.pdf_159_p159_c2,magazine_TheEconomist.2023.12.23_page_012_p12_c7",1,True,1.0
Which stock has a price of 56.05?,1,yanbaopptmerge_2f4902871606698497c53ccb18d3fec2f83d05047d883cd65bbce26bfb27bcd2.pdf_1_p1_c2,yanbaopptmerge_2f4902871606698497c53ccb18d3fec2f83d05047d883cd65bbce26bfb27bcd2.pdf_1_p1_c1,0,False,0.0
Which stock has a price of 56.05?,3,yanbaopptmerge_2f4902871606698497c53ccb18d3fec2f83d05047d883cd65bbce26bfb27bcd2.pdf_1_p1_c2,"yanbaopptmerge_2f4902871606698497c53ccb18d3fec2f83d05047d883cd65bbce26bfb27bcd2.pdf_1_p1_c1,jiaocaineedrop_Chapter9.pdf_46_p46_c0,yanbaopptmerge_2f4902871606698497c53ccb18d3fec2f83d05047d883cd65bbce26bfb27bcd2.pdf_1_p1_c2",3,True,1.0
Which stock has a price of 56.05?,5,yanbaopptmerge_2f4902871606698497c53ccb18d3fec2f83d05047d883cd65bbce26bfb27bcd2.pdf_1_p1_c2,"yanbaopptmerge_2f4902871606698497c53ccb18d3fec2f83d05047d883cd65bbce26bfb27bcd2.pdf_1_p1_c1,jiaocaineedrop_Chapter9.pdf_46_p46_c0,yanbaopptmerge_2f4902871606698497c53ccb18d3fec2f83d05047d883cd65bbce26bfb27bcd2.pdf_1_p1_c2,yanbaopptmerge_yanbaoPPT_5945_p5945_c0,yanbaopptmerge_baa6d02928efcac46ccf7dfd3859de565cfb0bea918ae0ec0eed50944a7c20b4.pdf_11_p11_c3",3,True,1.0
黑顺片的形状和大小如何？,1,docstructbench_dianzishu_zhongwenzaixian-o.O-61570552.pdf_129_p129_c0,docstructbench_dianzishu_zhongwenzaixian-o.O-61570552.pdf_129_p129_c0,1,True,1.0
黑顺片的形状和大小如何？,3,docstructbench_dianzishu_zhongwenzaixian-o.O-61570552.pdf_129_p129_c0,"docstructbench_dianzishu_zhongwenzaixian-o.O-61570552.pdf_129_p129_c0,docstructbench_dianzishu_zhongwenzaixian-o.O-61570552.pdf_129_p129_c1,yanbaor2_7f386f737cb55cffa10c8321a94bd38d7169cd69b3b253b9e2e502c12a68feea.pdf_15_p15_c0",1,True,1.0
黑顺片的形状和大小如何？,5,docstructbench_dianzishu_zhongwenzaixian-o.O-61570552.pdf_129_p129_c0,"docstructbench_dianzishu_zhongwenzaixian-o.O-61570552.pdf_129_p129_c0,docstructbench_dianzishu_zhongwenzaixian-o.O-61570552.pdf_129_p129_c1,yanbaor2_7f386f737cb55cffa10c8321a94bd38d7169cd69b3b253b9e2e502c12a68feea.pdf_15_p15_c0,exam_paper_2016年安徽省中考英语试题（解析）_page_003_p3_c2,docstructbench_llm-raw-scihub-o.O-j.chroma.2005.03.134.pdf_6_p6_c2",1,True,1.0
肉桂的断面有什么特征？,1,docstructbench_dianzishu_zhongwenzaixian-o.O-61570552.pdf_129_p129_c1,docstructbench_dianzishu_zhongwenzaixian-o.O-61570552.pdf_129_p129_c1,1,True,1.0
肉桂的断面有什么特征？,3,docstructbench_dianzishu_zhongwenzaixian-o.O-61570552.pdf_129_p129_c1,"docstructbench_dianzishu_zhongwenzaixian-o.O-61570552.pdf_129_p129_c1,jiaocaineedrop_jiaocai_needrop_en_1564_p1564_c1,newspaper_2c69e142b52dbb30cac2cb11d3eb25e5_1_p1_c3",1,True,1.0
肉桂的断面有什么特征？,5,docstructbench_dianzishu_zhongwenzaixian-o.O-61570552.pdf_129_p129_c1,"docstructbench_dianzishu_zhongwenzaixian-o.O-61570552.pdf_129_p129_c1,jiaocaineedrop_jiaocai_needrop_en_1564_p1564_c1,newspaper_2c69e142b52dbb30cac2cb11d3eb25e5_1_p1_c3,docstructbench_llm-raw-scihub-o.O-j.1365-2818.2003.01210.x.pdf_7_p7_c0,exam_paper_2016年安徽省中考英语试题（解析）_page_003_p3_c2",1,True,1.0
连锁药店店员需要接受什么培训？,1,docstructbench_dianzishu_zhongwenzaixian-o.O-61570552.pdf_129_p129_c2,docstructbench_dianzishu_zhongwenzaixian-o.O-61570552.pdf_129_p129_c2,1,True,1.0
连锁药店店员需要接受什么培训？,3,docstructbench_dianzishu_zhongwenzaixian-o.O-61570552.pdf_129_p129_c2,"docstructbench_dianzishu_zhongwenzaixian-o.O-61570552.pdf_129_p129_c2,yanbaor2_7f386f737cb55cffa10c8321a94bd38d7169cd69b3b253b9e2e502c12a68feea.pdf_15_p15_c0,newspaper_e62730aaeb9b509119e0c3699ac18201_1_p1_c8",1,True,1.0
连锁药店店员需要接受什么培训？,5,docstructbench_dianzishu_zhongwenzaixian-o.O-61570552.pdf_129_p129_c2,"docstructbench_dianzishu_zhongwenzaixian-o.O-61570552.pdf_129_p129_c2,yanbaor2_7f386f737cb55cffa10c8321a94bd38d7169cd69b3b253b9e2e502c12a68feea.pdf_15_p15_c0,newspaper_e62730aaeb9b509119e0c3699ac18201_1_p1_c8,exam_paper_2016年安徽省中考英语试题（解析）_page_003_p3_c2,newspaper_35bdaa11dec104ccbdc9e19ac8527d21_1_p1_c7",1,True,1.0
What did Lula claim about the situation in Gaza during his press conference in Addis Ababa?,1,magazine_TheEconomist.2024.03.02_page_028_p28_c0,magazine_TheEconomist.2024.03.02_page_028_p28_c0,1,True,1.0
What did Lula claim about the situation in Gaza during his press conference in Addis Ababa?,3,magazine_TheEconomist.2024.03.02_page_028_p28_c0,"magazine_TheEconomist.2024.03.02_page_028_p28_c0,magazine_TheEconomist.2024.03.02_page_028_p28_c2,exam_paper_2016年安徽省中考英语试题（解析）_page_015_p15_c2",1,True,1.0
What did Lula claim about the situation in Gaza during his press conference in Addis Ababa?,5,magazine_TheEconomist.2024.03.02_page_028_p28_c0,"magazine_TheEconomist.2024.03.02_page_028_p28_c0,magazine_TheEconomist.2024.03.02_page_028_p28_c2,exam_paper_2016年安徽省中考英语试题（解析）_page_015_p15_c2,magazine_TheEconomist.2024.03.02_page_028_p28_c1,magazine_TheEconomist.2024.03.02_page_028_p28_c6",1,True,1.0
What did Brazil's predecessor do before Russia invaded Ukraine?,1,magazine_TheEconomist.2024.03.02_page_028_p28_c1,magazine_TheEconomist.2024.03.02_page_028_p28_c1,1,True,1.0
What did Brazil's predecessor do before Russia invaded Ukraine?,3,magazine_TheEconomist.2024.03.02_page_028_p28_c1,"magazine_TheEconomist.2024.03.02_page_028_p28_c1,newspaper_b95d1d8eb0d756cc94a5d8b5db3cf69b_1_p1_c5,exam_paper_2016年安徽省中考英语试题（解析）_page_015_p15_c2",1,True,1.0
What did Brazil's predecessor do before Russia invaded Ukraine?,5,magazine_TheEconomist.2024.03.02_page_028_p28_c1,"magazine_TheEconomist.2024.03.02_page_028_p28_c1,newspaper_b95d1d8eb0d756cc94a5d8b5db3cf69b_1_p1_c5,exam_paper_2016年安徽省中考英语试题（解析）_page_015_p15_c2,magazine_TheEconomist.2023.12.23_page_012_p12_c1,color_textbook_zhonggaokao_小学_13.人教新起点英语（4-5年级）_人教新起点五年级英语下册_课本_人教新起点英语5B电子课本_page_011_p11_c0",1,True,1.0
What event did Mr Bolsonaro's supporters attempt to overturn on January 8th 2023?,1,magazine_TheEconomist.2024.03.02_page_028_p28_c2,magazine_TheEconomist.2024.03.02_page_028_p28_c2,1,True,1.0
What event did Mr Bolsonaro's supporters attempt to overturn on January 8th 2023?,3,magazine_TheEconomist.2024.03.02_page_028_p28_c2,"magazine_TheEconomist.2024.03.02_page_028_p28_c2,newspaper_b95d1d8eb0d756cc94a5d8b5db3cf69b_1_p1_c5,exam_paper_2016年安徽省中考英语试题（解析）_page_015_p15_c2",1,True,1.0
What event did Mr Bolsonaro's supporters attempt to overturn on January 8th 2023?,5,magazine_TheEconomist.2024.03.02_page_028_p28_c2,"magazine_TheEconomist.2024.03.02_page_028_p28_c2,newspaper_b95d1d8eb0d756cc94a5d8b5db3cf69b_1_p1_c5,exam_paper_2016年安徽省中考英语试题（解析）_page_015_p15_c2,magazine_TheEconomist.2024.03.02_page_028_p28_c0,magazine_TheEconomist.2024.03.02_page_028_p28_c5",1,True,1.0
What policy did President Andrés Manuel López Obrador adopt to reduce Mexico's homicide rate?,1,magazine_TheEconomist.2024.03.02_page_028_p28_c5,magazine_TheEconomist.2024.03.02_page_028_p28_c5,1,True,1.0
What policy did President Andrés Manuel López Obrador adopt to reduce Mexico's homicide rate?,3,magazine_TheEconomist.2024.03.02_page_028_p28_c5,"magazine_TheEconomist.2024.03.02_page_028_p28_c5,magazine_TheEconomist.2024.03.02_page_028_p28_c6,newspaper_USAToday-2025-01-08@magazinesclubnew_page_021_p21_c5",1,True,1.0
What policy did President Andrés Manuel López Obrador adopt to reduce Mexico's homicide rate?,5,magazine_TheEconomist.2024.03.02_page_028_p28_c5,"magazine_TheEconomist.2024.03.02_page_028_p28_c5,magazine_TheEconomist.2024.03.02_page_028_p28_c6,newspaper_USAToday-2025-01-08@magazinesclubnew_page_021_p21_c5,magazine_TheEconomist.2024.03.02_page_028_p28_c4,newspaper_USAToday-2025-01-08@magazinesclubnew_page_021_p21_c4",1,True,1.0
What is the equilibrium salary for nurses in the Minneapolis-St. Paul-Bloomington area?,1,yanbaopptmerge_d346b889f1d85c61950a71d4b0ac2752.pdf_89_p89_c0,yanbaopptmerge_d346b889f1d85c61950a71d4b0ac2752.pdf_89_p89_c0,1,True,1.0
What is the equilibrium salary for nurses in the Minneapolis-St. Paul-Bloomington area?,3,yanbaopptmerge_d346b889f1d85c61950a71d4b0ac2752.pdf_89_p89_c0,"yanbaopptmerge_d346b889f1d85c61950a71d4b0ac2752.pdf_89_p89_c0,yanbaopptmerge_d346b889f1d85c61950a71d4b0ac2752.pdf_89_p89_c1,yanbaopptmerge_d346b889f1d85c61950a71d4b0ac2752.pdf_89_p89_c2",1,True,1.0
What is the equilibrium salary for nurses in the Minneapolis-St. Paul-Bloomington area?,5,yanbaopptmerge_d346b889f1d85c61950a71d4b0ac2752.pdf_89_p89_c0,"yanbaopptmerge_d346b889f1d85c61950a71d4b0ac2752.pdf_89_p89_c0,yanbaopptmerge_d346b889f1d85c61950a71d4b0ac2752.pdf_89_p89_c1,yanbaopptmerge_d346b889f1d85c61950a71d4b0ac2752.pdf_89_p89_c2,newspaper_The Globe and Mail - 2025-1-8@magazinesclubnew_page_014_p14_c0,yanbaopptmerge_d346b889f1d85c61950a71d4b0ac2752.pdf_89_p89_c3",1,True,1.0
"How many nurses want to work at the salary of $60,000 per year?",1,yanbaopptmerge_d346b889f1d85c61950a71d4b0ac2752.pdf_89_p89_c1,yanbaopptmerge_d346b889f1d85c61950a71d4b0ac2752.pdf_89_p89_c1,1,True,1.0
"How many nurses want to work at the salary of $60,000 per year?",3,yanbaopptmerge_d346b889f1d85c61950a71d4b0ac2752.pdf_89_p89_c1,"yanbaopptmerge_d346b889f1d85c61950a71d4b0ac2752.pdf_89_p89_c1,yanbaopptmerge_d346b889f1d85c61950a71d4b0ac2752.pdf_89_p89_c0,yanbaopptmerge_d346b889f1d85c61950a71d4b0ac2752.pdf_89_p89_c2",1,True,1.0
"How many nurses want to work at the salary of $60,000 per year?",5,yanbaopptmerge_d346b889f1d85c61950a71d4b0ac2752.pdf_89_p89_c1,"yanbaopptmerge_d346b889f1d85c61950a71d4b0ac2752.pdf_89_p89_c1,yanbaopptmerge_d346b889f1d85c61950a71d4b0ac2752.pdf_89_p89_c0,yanbaopptmerge_d346b889f1d85c61950a71d4b0ac2752.pdf_89_p89_c2,magazine_TheEconomist.2023.12.09_page_082_p82_c6,newspaper_The Wall Street Journal - 2025-01-08@magazinesclubnew_page_018_p18_c1",1,True,1.0
What city will higher salaries encourage more nurses to work in?,1,yanbaopptmerge_d346b889f1d85c61950a71d4b0ac2752.pdf_89_p89_c2,yanbaopptmerge_d346b889f1d85c61950a71d4b0ac2752.pdf_89_p89_c2,1,True,1.0
What city will higher salaries encourage more nurses to work in?,3,yanbaopptmerge_d346b889f1d85c61950a71d4b0ac2752.pdf_89_p89_c2,"yanbaopptmerge_d346b889f1d85c61950a71d4b0ac2752.pdf_89_p89_c2,yanbaopptmerge_d346b889f1d85c61950a71d4b0ac2752.pdf_89_p89_c1,yanbaopptmerge_d346b889f1d85c61950a71d4b0ac2752.pdf_89_p89_c0",1,True,1.0
What city will higher salaries encourage more nurses to work in?,5,yanbaopptmerge_d346b889f1d85c61950a71d4b0ac2752.pdf_89_p89_c2,"yanbaopptmerge_d346b889f1d85c61950a71d4b0ac2752.pdf_89_p89_c2,yanbaopptmerge_d346b889f1d85c61950a71d4b0ac2752.pdf_89_p89_c1,yanbaopptmerge_d346b889f1d85c61950a71d4b0ac2752.pdf_89_p89_c0,newspaper_The Globe and Mail - 2025-1-8@magazinesclubnew_page_014_p14_c0,jiaocaineedrop_jiaocai_needrop_en_453_p453_c4",1,True,1.0
What is an example of derived demand for labor?,1,yanbaopptmerge_d346b889f1d85c61950a71d4b0ac2752.pdf_89_p89_c3,yanbaopptmerge_d346b889f1d85c61950a71d4b0ac2752.pdf_89_p89_c3,1,True,1.0
What is an example of derived demand for labor?,3,yanbaopptmerge_d346b889f1d85c61950a71d4b0ac2752.pdf_89_p89_c3,"yanbaopptmerge_d346b889f1d85c61950a71d4b0ac2752.pdf_89_p89_c3,yanbaopptmerge_d346b889f1d85c61950a71d4b0ac2752.pdf_89_p89_c4,yanbaopptmerge_d346b889f1d85c61950a71d4b0ac2752.pdf_89_p89_c0",1,True,1.0
What is an example of derived demand for labor?,5,yanbaopptmerge_d346b889f1d85c61950a71d4b0ac2752.pdf_89_p89_c3,"yanbaopptmerge_d346b889f1d85c61950a71d4b0ac2752.pdf_89_p89_c3,yanbaopptmerge_d346b889f1d85c61950a71d4b0ac2752.pdf_89_p89_c4,yanbaopptmerge_d346b889f1d85c61950a71d4b0ac2752.pdf_89_p89_c0,yanbaopptmerge_d346b889f1d85c61950a71d4b0ac2752.pdf_89_p89_c1,yanbaopptmerge_d346b889f1d85c61950a71d4b0ac2752.pdf_89_p89_c5",1,True,1.0
What happens to producers' demand for labor when the demand for the good produced increases?,1,yanbaopptmerge_d346b889f1d85c61950a71d4b0ac2752.pdf_89_p89_c4,yanbaopptmerge_d346b889f1d85c61950a71d4b0ac2752.pdf_89_p89_c4,1,True,1.0
What happens to producers' demand for labor when the demand for the good produced increases?,3,yanbaopptmerge_d346b889f1d85c61950a71d4b0ac2752.pdf_89_p89_c4,"yanbaopptmerge_d346b889f1d85c61950a71d4b0ac2752.pdf_89_p89_c4,yanbaopptmerge_d346b889f1d85c61950a71d4b0ac2752.pdf_89_p89_c3,yanbaopptmerge_d346b889f1d85c61950a71d4b0ac2752.pdf_89_p89_c1",1,True,1.0
What happens to producers' demand for labor when the demand for the good produced increases?,5,yanbaopptmerge_d346b889f1d85c61950a71d4b0ac2752.pdf_89_p89_c4,"yanbaopptmerge_d346b889f1d85c61950a71d4b0ac2752.pdf_89_p89_c4,yanbaopptmerge_d346b889f1d85c61950a71d4b0ac2752.pdf_89_p89_c3,yanbaopptmerge_d346b889f1d85c61950a71d4b0ac2752.pdf_89_p89_c1,yanbaopptmerge_d346b889f1d85c61950a71d4b0ac2752.pdf_89_p89_c0,color_textbook_zhonggaokao_小学_13.人教新起点英语（4-5年级）_人教新起点五年级英语下册_课本_人教新起点英语5B电子课本_page_011_p11_c0",1,True,1.0
What is the title of the table in the document fragment?,1,yanbaopptmerge_d346b889f1d85c61950a71d4b0ac2752.pdf_89_p89_c5,jiaocaineedrop_Chapter9.pdf_46_p46_c0,0,False,0.0
What is the title of the table in the document fragment?,3,yanbaopptmerge_d346b889f1d85c61950a71d4b0ac2752.pdf_89_p89_c5,"jiaocaineedrop_Chapter9.pdf_46_p46_c0,yanbaopptmerge_e60b3b61281e87ddf42f9321a9e6ef9d.pdf_159_p159_c1,yanbaopptmerge_5473246b8da789b9bfdeef53a70c4d72afd480415d5cbcedb83d105856710328.pdf_8_p8_c0",0,False,0.0
What is the title of the table in the document fragment?,5,yanbaopptmerge_d346b889f1d85c61950a71d4b0ac2752.pdf_89_p89_c5,"jiaocaineedrop_Chapter9.pdf_46_p46_c0,yanbaopptmerge_e60b3b61281e87ddf42f9321a9e6ef9d.pdf_159_p159_c1,yanbaopptmerge_5473246b8da789b9bfdeef53a70c4d72afd480415d5cbcedb83d105856710328.pdf_8_p8_c0,jiaocaineedrop_jiaocai_needrop_en_961_p961_c0,jiaocaineedrop_jiaocai_needrop_en_1118_p1118_c0",0,False,0.0
战国时期混乱局面的描述出自哪部著作？,1,jiaocaineedrop_jiaocai_needrop_en_155_p155_c0,jiaocaineedrop_jiaocai_needrop_en_155_p155_c0,1,True,1.0
战国时期混乱局面的描述出自哪部著作？,3,jiaocaineedrop_jiaocai_needrop_en_155_p155_c0,"jiaocaineedrop_jiaocai_needrop_en_155_p155_c0,jiaocaineedrop_jiaocai_needrop_en_155_p155_c3,color_textbook_教材全解1+1二年级上册英语上海牛津版_page_067_p67_c1",1,True,1.0
战国时期混乱局面的描述出自哪部著作？,5,jiaocaineedrop_jiaocai_needrop_en_155_p155_c0,"jiaocaineedrop_jiaocai_needrop_en_155_p155_c0,jiaocaineedrop_jiaocai_needrop_en_155_p155_c3,color_textbook_教材全解1+1二年级上册英语上海牛津版_page_067_p67_c1,magazine_TheEconomist.2024.03.02_page_075_p75_c5,newspaper_2c69e142b52dbb30cac2cb11d3eb25e5_1_p1_c3",1,True,1.0
为什么春秋时期会出现‘诸夏共祖’说或‘五帝同源’说？,1,jiaocaineedrop_jiaocai_needrop_en_155_p155_c1,jiaocaineedrop_jiaocai_needrop_en_155_p155_c1,1,True,1.0
为什么春秋时期会出现‘诸夏共祖’说或‘五帝同源’说？,3,jiaocaineedrop_jiaocai_needrop_en_155_p155_c1,"jiaocaineedrop_jiaocai_needrop_en_155_p155_c1,jiaocaineedrop_jiaocai_needrop_en_155_p155_c0,newspaper_eb569707cf5621d4c71d5898216cdb17_1_p1_c12",1,True,1.0
为什么春秋时期会出现‘诸夏共祖’说或‘五帝同源’说？,5,jiaocaineedrop_jiaocai_needrop_en_155_p155_c1,"jiaocaineedrop_jiaocai_needrop_en_155_p155_c1,jiaocaineedrop_jiaocai_needrop_en_155_p155_c0,newspaper_eb569707cf5621d4c71d5898216cdb17_1_p1_c12,jiaocaineedrop_jiaocai_needrop_en_155_p155_c3,newspaper_35bdaa11dec104ccbdc9e19ac8527d21_1_p1_c8",1,True,1.0
商鞅改组秦国家庭制度的主要目的是什么？,1,jiaocaineedrop_jiaocai_needrop_en_155_p155_c2,jiaocaineedrop_jiaocai_needrop_en_155_p155_c2,1,True,1.0
商鞅改组秦国家庭制度的主要目的是什么？,3,jiaocaineedrop_jiaocai_needrop_en_155_p155_c2,"jiaocaineedrop_jiaocai_needrop_en_155_p155_c2,newspaper_2c69e142b52dbb30cac2cb11d3eb25e5_1_p1_c3,jiaocaineedrop_jiaocai_needrop_en_155_p155_c1",1,True,1.0
商鞅改组秦国家庭制度的主要目的是什么？,5,jiaocaineedrop_jiaocai_needrop_en_155_p155_c2,"jiaocaineedrop_jiaocai_needrop_en_155_p155_c2,newspaper_2c69e142b52dbb30cac2cb11d3eb25e5_1_p1_c3,jiaocaineedrop_jiaocai_needrop_en_155_p155_c1,jiaocaineedrop_jiaocai_needrop_en_155_p155_c0,jiaocaineedrop_jiaocai_needrop_en_377_p377_c0",1,True,1.0
哪家学派代表下层平民利益和受到统治者推崇的分别是哪些？,1,jiaocaineedrop_jiaocai_needrop_en_155_p155_c3,jiaocaineedrop_jiaocai_needrop_en_155_p155_c3,1,True,1.0
哪家学派代表下层平民利益和受到统治者推崇的分别是哪些？,3,jiaocaineedrop_jiaocai_needrop_en_155_p155_c3,"jiaocaineedrop_jiaocai_needrop_en_155_p155_c3,jiaocaineedrop_jiaocai_needrop_en_155_p155_c2,jiaocaineedrop_jiaocai_needrop_en_2893_p2893_c1",1,True,1.0
哪家学派代表下层平民利益和受到统治者推崇的分别是哪些？,5,jiaocaineedrop_jiaocai_needrop_en_155_p155_c3,"jiaocaineedrop_jiaocai_needrop_en_155_p155_c3,jiaocaineedrop_jiaocai_needrop_en_155_p155_c2,jiaocaineedrop_jiaocai_needrop_en_2893_p2893_c1,jiaocaineedrop_jiaocai_needrop_en_155_p155_c0,newspaper_2c69e142b52dbb30cac2cb11d3eb25e5_1_p1_c2",1,True,1.0
What is the main goal of the five potential plays mentioned in the document fragment?,1,yanbaor2_930d8c81854d7450cd35af7b050fed88e4e461b4f0ac0dab07e3232a4e703a06.pdf_14_p14_c0,yanbaor2_930d8c81854d7450cd35af7b050fed88e4e461b4f0ac0dab07e3232a4e703a06.pdf_14_p14_c1,0,False,0.0
What is the main goal of the five potential plays mentioned in the document fragment?,3,yanbaor2_930d8c81854d7450cd35af7b050fed88e4e461b4f0ac0dab07e3232a4e703a06.pdf_14_p14_c0,"yanbaor2_930d8c81854d7450cd35af7b050fed88e4e461b4f0ac0dab07e3232a4e703a06.pdf_14_p14_c1,notes_1ba14cb325bc448f7201b20502ecf2b5_10_p10_c1,exam_paper_2004-2019上海高考英语听力原文和答案_page_017_p17_c2",0,False,0.0
What is the main goal of the five potential plays mentioned in the document fragment?,5,yanbaor2_930d8c81854d7450cd35af7b050fed88e4e461b4f0ac0dab07e3232a4e703a06.pdf_14_p14_c0,"yanbaor2_930d8c81854d7450cd35af7b050fed88e4e461b4f0ac0dab07e3232a4e703a06.pdf_14_p14_c1,notes_1ba14cb325bc448f7201b20502ecf2b5_10_p10_c1,exam_paper_2004-2019上海高考英语听力原文和答案_page_017_p17_c2,yanbaor2_930d8c81854d7450cd35af7b050fed88e4e461b4f0ac0dab07e3232a4e703a06.pdf_14_p14_c0,jiaocaineedrop_biz-96816.pdf_48_p48_c2",4,True,1.0
What are the three potential plays supplier businesses in commoditized segments can make?,1,yanbaor2_930d8c81854d7450cd35af7b050fed88e4e461b4f0ac0dab07e3232a4e703a06.pdf_14_p14_c1,yanbaor2_930d8c81854d7450cd35af7b050fed88e4e461b4f0ac0dab07e3232a4e703a06.pdf_14_p14_c1,1,True,1.0
What are the three potential plays supplier businesses in commoditized segments can make?,3,yanbaor2_930d8c81854d7450cd35af7b050fed88e4e461b4f0ac0dab07e3232a4e703a06.pdf_14_p14_c1,"yanbaor2_930d8c81854d7450cd35af7b050fed88e4e461b4f0ac0dab07e3232a4e703a06.pdf_14_p14_c1,yanbaor2_930d8c81854d7450cd35af7b050fed88e4e461b4f0ac0dab07e3232a4e703a06.pdf_14_p14_c0,yanbaor2_930d8c81854d7450cd35af7b050fed88e4e461b4f0ac0dab07e3232a4e703a06.pdf_14_p14_c2",1,True,1.0
What are the three potential plays supplier businesses in commoditized segments can make?,5,yanbaor2_930d8c81854d7450cd35af7b050fed88e4e461b4f0ac0dab07e3232a4e703a06.pdf_14_p14_c1,"yanbaor2_930d8c81854d7450cd35af7b050fed88e4e461b4f0ac0dab07e3232a4e703a06.pdf_14_p14_c1,yanbaor2_930d8c81854d7450cd35af7b050fed88e4e461b4f0ac0dab07e3232a4e703a06.pdf_14_p14_c0,yanbaor2_930d8c81854d7450cd35af7b050fed88e4e461b4f0ac0dab07e3232a4e703a06.pdf_14_p14_c2,jiaocaineedrop_jiaocai_needrop_en_961_p961_c0,yanbaor2_7f386f737cb55cffa10c8321a94bd38d7169cd69b3b253b9e2e502c12a68feea.pdf_15_p15_c0",1,True,1.0
What is the number mentioned in the document fragment?,1,yanbaor2_930d8c81854d7450cd35af7b050fed88e4e461b4f0ac0dab07e3232a4e703a06.pdf_14_p14_c2,yanbaor2_e2f6b15971d68a7f081216b0c0d8538cab413124fc8911f4db4fbb3d17f167c4.pdf_14_p14_c1,0,False,0.0
What is the number mentioned in the document fragment?,3,yanbaor2_930d8c81854d7450cd35af7b050fed88e4e461b4f0ac0dab07e3232a4e703a06.pdf_14_p14_c2,"yanbaor2_e2f6b15971d68a7f081216b0c0d8538cab413124fc8911f4db4fbb3d17f167c4.pdf_14_p14_c1,jiaocaineedrop_biz-96816.pdf_48_p48_c1,jiaocaineedrop_Evans_PDE_Solution_Chapter_6_Second-Order_Elliptic_Equations.pdf_5_p5_c2",0,False,0.0
What is the number mentioned in the document fragment?,5,yanbaor2_930d8c81854d7450cd35af7b050fed88e4e461b4f0ac0dab07e3232a4e703a06.pdf_14_p14_c2,"yanbaor2_e2f6b15971d68a7f081216b0c0d8538cab413124fc8911f4db4fbb3d17f167c4.pdf_14_p14_c1,jiaocaineedrop_biz-96816.pdf_48_p48_c1,jiaocaineedrop_Evans_PDE_Solution_Chapter_6_Second-Order_Elliptic_Equations.pdf_5_p5_c2,jiaocaineedrop_jiaocai_needrop_en_961_p961_c0,notes_1ba14cb325bc448f7201b20502ecf2b5_10_p10_c1",0,False,0.0
哪些地方试点交易所推出了碳远期和碳置换等衍生品模式？,1,yanbaor2_3e1be78252e2fdfe1adf12bba38ec2a7b30699e152d61269aa6e5827f5adcc35.pdf_13_p13_c0,yanbaor2_3e1be78252e2fdfe1adf12bba38ec2a7b30699e152d61269aa6e5827f5adcc35.pdf_13_p13_c0,1,True,1.0
哪些地方试点交易所推出了碳远期和碳置换等衍生品模式？,3,yanbaor2_3e1be78252e2fdfe1adf12bba38ec2a7b30699e152d61269aa6e5827f5adcc35.pdf_13_p13_c0,"yanbaor2_3e1be78252e2fdfe1adf12bba38ec2a7b30699e152d61269aa6e5827f5adcc35.pdf_13_p13_c0,yanbaor2_3e1be78252e2fdfe1adf12bba38ec2a7b30699e152d61269aa6e5827f5adcc35.pdf_13_p13_c1,newspaper_2c69e142b52dbb30cac2cb11d3eb25e5_1_p1_c10",1,True,1.0
哪些地方试点交易所推出了碳远期和碳置换等衍生品模式？,5,yanbaor2_3e1be78252e2fdfe1adf12bba38ec2a7b30699e152d61269aa6e5827f5adcc35.pdf_13_p13_c0,"yanbaor2_3e1be78252e2fdfe1adf12bba38ec2a7b30699e152d61269aa6e5827f5adcc35.pdf_13_p13_c0,yanbaor2_3e1be78252e2fdfe1adf12bba38ec2a7b30699e152d61269aa6e5827f5adcc35.pdf_13_p13_c1,newspaper_2c69e142b52dbb30cac2cb11d3eb25e5_1_p1_c10,eastmoney_7c25f92e2ab21d83e1eada0e40a68e3151e7c1c2d673ddb12b0242fa3ab931ab.pdf_13_p13_c1,newspaper_eb569707cf5621d4c71d5898216cdb17_1_p1_c10",1,True,1.0
中国碳金融市场的特殊性是什么？,1,yanbaor2_3e1be78252e2fdfe1adf12bba38ec2a7b30699e152d61269aa6e5827f5adcc35.pdf_13_p13_c1,yanbaor2_3e1be78252e2fdfe1adf12bba38ec2a7b30699e152d61269aa6e5827f5adcc35.pdf_13_p13_c1,1,True,1.0
中国碳金融市场的特殊性是什么？,3,yanbaor2_3e1be78252e2fdfe1adf12bba38ec2a7b30699e152d61269aa6e5827f5adcc35.pdf_13_p13_c1,"yanbaor2_3e1be78252e2fdfe1adf12bba38ec2a7b30699e152d61269aa6e5827f5adcc35.pdf_13_p13_c1,yanbaor2_3e1be78252e2fdfe1adf12bba38ec2a7b30699e152d61269aa6e5827f5adcc35.pdf_13_p13_c0,newspaper_2c69e142b52dbb30cac2cb11d3eb25e5_1_p1_c10",1,True,1.0
中国碳金融市场的特殊性是什么？,5,yanbaor2_3e1be78252e2fdfe1adf12bba38ec2a7b30699e152d61269aa6e5827f5adcc35.pdf_13_p13_c1,"yanbaor2_3e1be78252e2fdfe1adf12bba38ec2a7b30699e152d61269aa6e5827f5adcc35.pdf_13_p13_c1,yanbaor2_3e1be78252e2fdfe1adf12bba38ec2a7b30699e152d61269aa6e5827f5adcc35.pdf_13_p13_c0,newspaper_2c69e142b52dbb30cac2cb11d3eb25e5_1_p1_c10,exam_paper_2016年安徽省中考英语试题（解析）_page_003_p3_c2,eastmoney_e42b6e1cd2d48113ff4db8854e539d828d632bf9b1757e10cb8ddb2cfc7b1393.pdf_12_p12_c2",1,True,1.0
What did Hawthorne's father die of?,1,jiaocaineedrop_unit2t03.pdf_63_p63_c0,jiaocaineedrop_unit2t03.pdf_63_p63_c0,1,True,1.0
What did Hawthorne's father die of?,3,jiaocaineedrop_unit2t03.pdf_63_p63_c0,"jiaocaineedrop_unit2t03.pdf_63_p63_c0,jiaocaineedrop_unit2t03.pdf_63_p63_c2,jiaocaineedrop_jiaocai_needrop_en_453_p453_c4",1,True,1.0
What did Hawthorne's father die of?,5,jiaocaineedrop_unit2t03.pdf_63_p63_c0,"jiaocaineedrop_unit2t03.pdf_63_p63_c0,jiaocaineedrop_unit2t03.pdf_63_p63_c2,jiaocaineedrop_jiaocai_needrop_en_453_p453_c4,jiaocaineedrop_jiaocai_needrop_en_961_p961_c0,jiaocaineedrop_unit2t03.pdf_63_p63_c1",1,True,1.0
"Which house in Concord, Massachusetts did Hawthorne move to after marrying Sophia Peabody?",1,jiaocaineedrop_unit2t03.pdf_63_p63_c1,jiaocaineedrop_unit2t03.pdf_63_p63_c1,1,True,1.0
"Which house in Concord, Massachusetts did Hawthorne move to after marrying Sophia Peabody?",3,jiaocaineedrop_unit2t03.pdf_63_p63_c1,"jiaocaineedrop_unit2t03.pdf_63_p63_c1,jiaocaineedrop_unit2t03.pdf_63_p63_c0,jiaocaineedrop_unit2t03.pdf_63_p63_c2",1,True,1.0
"Which house in Concord, Massachusetts did Hawthorne move to after marrying Sophia Peabody?",5,jiaocaineedrop_unit2t03.pdf_63_p63_c1,"jiaocaineedrop_unit2t03.pdf_63_p63_c1,jiaocaineedrop_unit2t03.pdf_63_p63_c0,jiaocaineedrop_unit2t03.pdf_63_p63_c2,jiaocaineedrop_biz-96816.pdf_48_p48_c0,newspaper_The Globe and Mail - 2025-1-8@magazinesclubnew_page_014_p14_c0",1,True,1.0
Who died in his sleep while traveling with Franklin Pierce?,1,jiaocaineedrop_unit2t03.pdf_63_p63_c2,jiaocaineedrop_unit2t03.pdf_63_p63_c2,1,True,1.0
Who died in his sleep while traveling with Franklin Pierce?,3,jiaocaineedrop_unit2t03.pdf_63_p63_c2,"jiaocaineedrop_unit2t03.pdf_63_p63_c2,jiaocaineedrop_unit2t03.pdf_63_p63_c0,jiaocaineedrop_unit2t03.pdf_63_p63_c1",1,True,1.0
Who died in his sleep while traveling with Franklin Pierce?,5,jiaocaineedrop_unit2t03.pdf_63_p63_c2,"jiaocaineedrop_unit2t03.pdf_63_p63_c2,jiaocaineedrop_unit2t03.pdf_63_p63_c0,jiaocaineedrop_unit2t03.pdf_63_p63_c1,yanbaopptmerge_yanbaoPPT_4975_p4975_c0,yanbaopptmerge_e60b3b61281e87ddf42f9321a9e6ef9d.pdf_159_p159_c4",1,True,1.0
When was Nathaniel Hawthorne born?,1,jiaocaineedrop_unit2t03.pdf_63_p63_c3,jiaocaineedrop_unit2t03.pdf_63_p63_c3,1,True,1.0
When was Nathaniel Hawthorne born?,3,jiaocaineedrop_unit2t03.pdf_63_p63_c3,"jiaocaineedrop_unit2t03.pdf_63_p63_c3,jiaocaineedrop_unit2t03.pdf_63_p63_c0,jiaocaineedrop_unit2t03.pdf_63_p63_c1",1,True,1.0
When was Nathaniel Hawthorne born?,5,jiaocaineedrop_unit2t03.pdf_63_p63_c3,"jiaocaineedrop_unit2t03.pdf_63_p63_c3,jiaocaineedrop_unit2t03.pdf_63_p63_c0,jiaocaineedrop_unit2t03.pdf_63_p63_c1,jiaocaineedrop_unit2t03.pdf_63_p63_c2,magazine_TheEconomist.2024.03.02_page_075_p75_c4",1,True,1.0
在等腰直角△ABC中，E、F都是AC上的点，且∠EBF=45°，猜想并证明线段EF、CE、AF之间的数量关系？,1,yanbaopptmerge_yanbaoPPT_4125_p4125_c0,yanbaopptmerge_yanbaoPPT_4125_p4125_c0,1,True,1.0
在等腰直角△ABC中，E、F都是AC上的点，且∠EBF=45°，猜想并证明线段EF、CE、AF之间的数量关系？,3,yanbaopptmerge_yanbaoPPT_4125_p4125_c0,"yanbaopptmerge_yanbaoPPT_4125_p4125_c0,jiaocaineedrop_jiaocai_needrop_en_1141_p1141_c1,jiaocaineedrop_96657786.pdf_0_p0_c2",1,True,1.0
在等腰直角△ABC中，E、F都是AC上的点，且∠EBF=45°，猜想并证明线段EF、CE、AF之间的数量关系？,5,yanbaopptmerge_yanbaoPPT_4125_p4125_c0,"yanbaopptmerge_yanbaoPPT_4125_p4125_c0,jiaocaineedrop_jiaocai_needrop_en_1141_p1141_c1,jiaocaineedrop_96657786.pdf_0_p0_c2,jiaocaineedrop_AMC8_V5.pdf_64_p64_c0,newspaper_2c69e142b52dbb30cac2cb11d3eb25e5_1_p1_c4",1,True,1.0
锂电铜箔供需平衡表中包含哪些年份的数据？,1,eastmoney_03e39833d520af7d1abb96dd624dcd15f2b57d061969d196e80922e2f590503f.pdf_22_p22_c0,eastmoney_03e39833d520af7d1abb96dd624dcd15f2b57d061969d196e80922e2f590503f.pdf_22_p22_c1,0,False,0.0
锂电铜箔供需平衡表中包含哪些年份的数据？,3,eastmoney_03e39833d520af7d1abb96dd624dcd15f2b57d061969d196e80922e2f590503f.pdf_22_p22_c0,"eastmoney_03e39833d520af7d1abb96dd624dcd15f2b57d061969d196e80922e2f590503f.pdf_22_p22_c1,eastmoney_03e39833d520af7d1abb96dd624dcd15f2b57d061969d196e80922e2f590503f.pdf_22_p22_c0,eastmoney_03e39833d520af7d1abb96dd624dcd15f2b57d061969d196e80922e2f590503f.pdf_22_p22_c3",2,True,1.0
锂电铜箔供需平衡表中包含哪些年份的数据？,5,eastmoney_03e39833d520af7d1abb96dd624dcd15f2b57d061969d196e80922e2f590503f.pdf_22_p22_c0,"eastmoney_03e39833d520af7d1abb96dd624dcd15f2b57d061969d196e80922e2f590503f.pdf_22_p22_c1,eastmoney_03e39833d520af7d1abb96dd624dcd15f2b57d061969d196e80922e2f590503f.pdf_22_p22_c0,eastmoney_03e39833d520af7d1abb96dd624dcd15f2b57d061969d196e80922e2f590503f.pdf_22_p22_c3,eastmoney_03e39833d520af7d1abb96dd624dcd15f2b57d061969d196e80922e2f590503f.pdf_22_p22_c2,jiaocaineedrop_jiaocai_needrop_en_3937_p3937_c0",2,True,1.0
2021-2023年锂电铝箔需求量分别为多少？,1,eastmoney_03e39833d520af7d1abb96dd624dcd15f2b57d061969d196e80922e2f590503f.pdf_22_p22_c1,eastmoney_03e39833d520af7d1abb96dd624dcd15f2b57d061969d196e80922e2f590503f.pdf_22_p22_c1,1,True,1.0
2021-2023年锂电铝箔需求量分别为多少？,3,eastmoney_03e39833d520af7d1abb96dd624dcd15f2b57d061969d196e80922e2f590503f.pdf_22_p22_c1,"eastmoney_03e39833d520af7d1abb96dd624dcd15f2b57d061969d196e80922e2f590503f.pdf_22_p22_c1,eastmoney_03e39833d520af7d1abb96dd624dcd15f2b57d061969d196e80922e2f590503f.pdf_22_p22_c2,eastmoney_03e39833d520af7d1abb96dd624dcd15f2b57d061969d196e80922e2f590503f.pdf_22_p22_c0",1,True,1.0
2021-2023年锂电铝箔需求量分别为多少？,5,eastmoney_03e39833d520af7d1abb96dd624dcd15f2b57d061969d196e80922e2f590503f.pdf_22_p22_c1,"eastmoney_03e39833d520af7d1abb96dd624dcd15f2b57d061969d196e80922e2f590503f.pdf_22_p22_c1,eastmoney_03e39833d520af7d1abb96dd624dcd15f2b57d061969d196e80922e2f590503f.pdf_22_p22_c2,eastmoney_03e39833d520af7d1abb96dd624dcd15f2b57d061969d196e80922e2f590503f.pdf_22_p22_c0,eastmoney_03e39833d520af7d1abb96dd624dcd15f2b57d061969d196e80922e2f590503f.pdf_22_p22_c3,yanbaopptmerge_ee19df4a08e3d07ac1190446f5b3dd3f25438c661b87cf4fbb9040ac5fac443b.pdf_1_p1_c1",1,True,1.0
2021-2023 年锂电铝箔产量分别是多少？,1,eastmoney_03e39833d520af7d1abb96dd624dcd15f2b57d061969d196e80922e2f590503f.pdf_22_p22_c2,eastmoney_03e39833d520af7d1abb96dd624dcd15f2b57d061969d196e80922e2f590503f.pdf_22_p22_c1,0,False,0.0
2021-2023 年锂电铝箔产量分别是多少？,3,eastmoney_03e39833d520af7d1abb96dd624dcd15f2b57d061969d196e80922e2f590503f.pdf_22_p22_c2,"eastmoney_03e39833d520af7d1abb96dd624dcd15f2b57d061969d196e80922e2f590503f.pdf_22_p22_c1,eastmoney_03e39833d520af7d1abb96dd624dcd15f2b57d061969d196e80922e2f590503f.pdf_22_p22_c2,eastmoney_03e39833d520af7d1abb96dd624dcd15f2b57d061969d196e80922e2f590503f.pdf_22_p22_c3",2,True,1.0
2021-2023 年锂电铝箔产量分别是多少？,5,eastmoney_03e39833d520af7d1abb96dd624dcd15f2b57d061969d196e80922e2f590503f.pdf_22_p22_c2,"eastmoney_03e39833d520af7d1abb96dd624dcd15f2b57d061969d196e80922e2f590503f.pdf_22_p22_c1,eastmoney_03e39833d520af7d1abb96dd624dcd15f2b57d061969d196e80922e2f590503f.pdf_22_p22_c2,eastmoney_03e39833d520af7d1abb96dd624dcd15f2b57d061969d196e80922e2f590503f.pdf_22_p22_c3,eastmoney_03e39833d520af7d1abb96dd624dcd15f2b57d061969d196e80922e2f590503f.pdf_22_p22_c0,jiaocaineedrop_jiaocai_needrop_en_2893_p2893_c1",2,True,1.0
钠离子电池产线预计何时正式投产？,1,eastmoney_03e39833d520af7d1abb96dd624dcd15f2b57d061969d196e80922e2f590503f.pdf_22_p22_c3,eastmoney_03e39833d520af7d1abb96dd624dcd15f2b57d061969d196e80922e2f590503f.pdf_22_p22_c3,1,True,1.0
钠离子电池产线预计何时正式投产？,3,eastmoney_03e39833d520af7d1abb96dd624dcd15f2b57d061969d196e80922e2f590503f.pdf_22_p22_c3,"eastmoney_03e39833d520af7d1abb96dd624dcd15f2b57d061969d196e80922e2f590503f.pdf_22_p22_c3,eastmoney_03e39833d520af7d1abb96dd624dcd15f2b57d061969d196e80922e2f590503f.pdf_22_p22_c2,book_zh_CNASGL0092018_extracted_page_69_p69_c0",1,True,1.0
钠离子电池产线预计何时正式投产？,5,eastmoney_03e39833d520af7d1abb96dd624dcd15f2b57d061969d196e80922e2f590503f.pdf_22_p22_c3,"eastmoney_03e39833d520af7d1abb96dd624dcd15f2b57d061969d196e80922e2f590503f.pdf_22_p22_c3,eastmoney_03e39833d520af7d1abb96dd624dcd15f2b57d061969d196e80922e2f590503f.pdf_22_p22_c2,book_zh_CNASGL0092018_extracted_page_69_p69_c0,exam_paper_2016年安徽省中考英语试题（解析）_page_003_p3_c2,newspaper_b95d1d8eb0d756cc94a5d8b5db3cf69b_1_p1_c2",1,True,1.0
What is the matrix given in the document fragment?,1,book_en_国外数学教材-非数学专业教材-线性代数-Gilbert Strang—Linear Algebra and Its Applications 4e_0085_p85_c0,jiaocaineedrop_Chapter9.pdf_46_p46_c0,0,False,0.0
What is the matrix given in the document fragment?,3,book_en_国外数学教材-非数学专业教材-线性代数-Gilbert Strang—Linear Algebra and Its Applications 4e_0085_p85_c0,"jiaocaineedrop_Chapter9.pdf_46_p46_c0,yanbaopptmerge_e60b3b61281e87ddf42f9321a9e6ef9d.pdf_159_p159_c1,PPT_lay_linalg5_01_05_page_004_p4_c0",0,False,0.0
What is the matrix given in the document fragment?,5,book_en_国外数学教材-非数学专业教材-线性代数-Gilbert Strang—Linear Algebra and Its Applications 4e_0085_p85_c0,"jiaocaineedrop_Chapter9.pdf_46_p46_c0,yanbaopptmerge_e60b3b61281e87ddf42f9321a9e6ef9d.pdf_159_p159_c1,PPT_lay_linalg5_01_05_page_004_p4_c0,jiaocaineedrop_jiaocai_needrop_en_961_p961_c0,book_en_国外数学教材-非数学专业教材-线性代数-Gilbert Strang—Linear Algebra and Its Applications 4e_0035_p35_c0",0,False,0.0
What transformation reflects every vector through the 45 degree line x1 equals x2?,1,book_en_国外数学教材-非数学专业教材-线性代数-Gilbert Strang—Linear Algebra and Its Applications 4e_0085_p85_c1,book_en_国外数学教材-非数学专业教材-线性代数-Gilbert Strang—Linear Algebra and Its Applications 4e_0085_p85_c1,1,True,1.0
What transformation reflects every vector through the 45 degree line x1 equals x2?,3,book_en_国外数学教材-非数学专业教材-线性代数-Gilbert Strang—Linear Algebra and Its Applications 4e_0085_p85_c1,"book_en_国外数学教材-非数学专业教材-线性代数-Gilbert Strang—Linear Algebra and Its Applications 4e_0085_p85_c1,exam_paper_en-file-putnam-archive_1995_Solutions_1995s_page_002_p2_c1,yanbaopptmerge_e60b3b61281e87ddf42f9321a9e6ef9d.pdf_159_p159_c1",1,True,1.0
What transformation reflects every vector through the 45 degree line x1 equals x2?,5,book_en_国外数学教材-非数学专业教材-线性代数-Gilbert Strang—Linear Algebra and Its Applications 4e_0085_p85_c1,"book_en_国外数学教材-非数学专业教材-线性代数-Gilbert Strang—Linear Algebra and Its Applications 4e_0085_p85_c1,exam_paper_en-file-putnam-archive_1995_Solutions_1995s_page_002_p2_c1,yanbaopptmerge_e60b3b61281e87ddf42f9321a9e6ef9d.pdf_159_p159_c1,yanbaopptmerge_1c5f17c3dfa38c45b86802b9d014da18.pdf_1372_p1372_c2,jiaocaineedrop_biz-96816.pdf_48_p48_c3",1,True,1.0
What is the minimum perimeter of triangle ABC according to the given explanation?,1,exam_paper_en-file-putnam-archive_1998_Solutions_1998s_page_002_p2_c0,exam_paper_en-file-putnam-archive_1998_Solutions_1998s_page_002_p2_c0,1,True,1.0
What is the minimum perimeter of triangle ABC according to the given explanation?,3,exam_paper_en-file-putnam-archive_1998_Solutions_1998s_page_002_p2_c0,"exam_paper_en-file-putnam-archive_1998_Solutions_1998s_page_002_p2_c0,exam_paper_en-file-putnam-archive_2007_Solutions_2007s_page_001_p1_c5,yanbaopptmerge_e60b3b61281e87ddf42f9321a9e6ef9d.pdf_159_p159_c1",1,True,1.0
What is the minimum perimeter of triangle ABC according to the given explanation?,5,exam_paper_en-file-putnam-archive_1998_Solutions_1998s_page_002_p2_c0,"exam_paper_en-file-putnam-archive_1998_Solutions_1998s_page_002_p2_c0,exam_paper_en-file-putnam-archive_2007_Solutions_2007s_page_001_p1_c5,yanbaopptmerge_e60b3b61281e87ddf42f9321a9e6ef9d.pdf_159_p159_c1,jiaocaineedrop_jiaocai_needrop_en_1473_p1473_c1,exam_paper_en-file-putnam-archive_1995_Solutions_1995s_page_002_p2_c0",1,True,1.0
"What is the formula for S(2k,2l) in terms of S(k,l)?",1,exam_paper_en-file-putnam-archive_1998_Solutions_1998s_page_002_p2_c2,exam_paper_en-file-putnam-archive_1998_Solutions_1998s_page_002_p2_c2,1,True,1.0
"What is the formula for S(2k,2l) in terms of S(k,l)?",3,exam_paper_en-file-putnam-archive_1998_Solutions_1998s_page_002_p2_c2,"exam_paper_en-file-putnam-archive_1998_Solutions_1998s_page_002_p2_c2,exam_paper_en-file-putnam-archive_2009_Solutions_2009s_page_003_p3_c2,yanbaopptmerge_3aa9b6677e17fd012b0a7a230b9f18db.pdf_1327_p1327_c0",1,True,1.0
"What is the formula for S(2k,2l) in terms of S(k,l)?",5,exam_paper_en-file-putnam-archive_1998_Solutions_1998s_page_002_p2_c2,"exam_paper_en-file-putnam-archive_1998_Solutions_1998s_page_002_p2_c2,exam_paper_en-file-putnam-archive_2009_Solutions_2009s_page_003_p3_c2,yanbaopptmerge_3aa9b6677e17fd012b0a7a230b9f18db.pdf_1327_p1327_c0,exam_paper_en-file-putnam-archive_2012_Solutions_2012s_page_001_p1_c3,docstructbench_dianzishu_zhongwenzaixian-o.O-60403612.pdf_179_p179_c0",1,True,1.0
What is the value of $ N $?,1,exam_paper_en-file-putnam-archive_1998_Solutions_1998s_page_002_p2_c3,color_textbook_教材全解1+1二年级上册英语上海牛津版_page_067_p67_c0,0,False,0.0
What is the value of $ N $?,3,exam_paper_en-file-putnam-archive_1998_Solutions_1998s_page_002_p2_c3,"color_textbook_教材全解1+1二年级上册英语上海牛津版_page_067_p67_c0,jiaocaineedrop_Chapter9.pdf_46_p46_c0,exam_paper_en-file-putnam-archive_1999_Solutions_1999s_page_002_p2_c0",0,False,0.0
What is the value of $ N $?,5,exam_paper_en-file-putnam-archive_1998_Solutions_1998s_page_002_p2_c3,"color_textbook_教材全解1+1二年级上册英语上海牛津版_page_067_p67_c0,jiaocaineedrop_Chapter9.pdf_46_p46_c0,exam_paper_en-file-putnam-archive_1999_Solutions_1999s_page_002_p2_c0,book_en_国外数学教材-数论-Melvyn B. Nathanson—Elementary Methods in Number Theory_0119_p119_c0,docstructbench_dianzishu_zhongwenzaixian-o.O-60403612.pdf_179_p179_c0",0,False,0.0
What is the form of the polynomial assumed in the third solution?,1,exam_paper_en-file-putnam-archive_1998_Solutions_1998s_page_002_p2_c4,exam_paper_en-file-putnam-archive_1999_Solutions_1999s_page_002_p2_c3,0,False,0.0
What is the form of the polynomial assumed in the third solution?,3,exam_paper_en-file-putnam-archive_1998_Solutions_1998s_page_002_p2_c4,"exam_paper_en-file-putnam-archive_1999_Solutions_1999s_page_002_p2_c3,exam_paper_en-file-putnam-archive_1998_Solutions_1998s_page_002_p2_c5,yanbaopptmerge_e60b3b61281e87ddf42f9321a9e6ef9d.pdf_159_p159_c1",0,False,0.0
What is the form of the polynomial assumed in the third solution?,5,exam_paper_en-file-putnam-archive_1998_Solutions_1998s_page_002_p2_c4,"exam_paper_en-file-putnam-archive_1999_Solutions_1999s_page_002_p2_c3,exam_paper_en-file-putnam-archive_1998_Solutions_1998s_page_002_p2_c5,yanbaopptmerge_e60b3b61281e87ddf42f9321a9e6ef9d.pdf_159_p159_c1,PPT_lay_linalg5_01_05_page_009_p9_c0,yanbaopptmerge_e60b3b61281e87ddf42f9321a9e6ef9d.pdf_159_p159_c0",0,False,0.0
What is the value of the expression given the conditions?,1,jiaocaineedrop_jiaocai_needrop_en_1473_p1473_c0,jiaocaineedrop_jiaocai_needrop_en_1473_p1473_c2,0,False,0.0
What is the value of the expression given the conditions?,3,jiaocaineedrop_jiaocai_needrop_en_1473_p1473_c0,"jiaocaineedrop_jiaocai_needrop_en_1473_p1473_c2,yanbaopptmerge_e60b3b61281e87ddf42f9321a9e6ef9d.pdf_159_p159_c1,yanbaopptmerge_3aa9b6677e17fd012b0a7a230b9f18db.pdf_1327_p1327_c0",0,False,0.0
What is the value of the expression given the conditions?,5,jiaocaineedrop_jiaocai_needrop_en_1473_p1473_c0,"jiaocaineedrop_jiaocai_needrop_en_1473_p1473_c2,yanbaopptmerge_e60b3b61281e87ddf42f9321a9e6ef9d.pdf_159_p159_c1,yanbaopptmerge_3aa9b6677e17fd012b0a7a230b9f18db.pdf_1327_p1327_c0,jiaocaineedrop_glossary.pdf_7_p7_c0,exam_paper_en-file-putnam-archive_2007_Solutions_2007s_page_001_p1_c1",0,False,0.0
如何估计第114株树苗的高度？,1,jiaocaineedrop_jiaocai_needrop_en_1473_p1473_c1,jiaocaineedrop_jiaocai_needrop_en_1473_p1473_c1,1,True,1.0
如何估计第114株树苗的高度？,3,jiaocaineedrop_jiaocai_needrop_en_1473_p1473_c1,"jiaocaineedrop_jiaocai_needrop_en_1473_p1473_c1,yanbaopptmerge_e60b3b61281e87ddf42f9321a9e6ef9d.pdf_159_p159_c0,newspaper_2c69e142b52dbb30cac2cb11d3eb25e5_1_p1_c1",1,True,1.0
如何估计第114株树苗的高度？,5,jiaocaineedrop_jiaocai_needrop_en_1473_p1473_c1,"jiaocaineedrop_jiaocai_needrop_en_1473_p1473_c1,yanbaopptmerge_e60b3b61281e87ddf42f9321a9e6ef9d.pdf_159_p159_c0,newspaper_2c69e142b52dbb30cac2cb11d3eb25e5_1_p1_c1,jiaocaineedrop_jiaocai_needrop_en_2893_p2893_c2,exam_paper_2016年安徽省中考英语试题（解析）_page_003_p3_c2",1,True,1.0
What is the approximate value of the square root of 185?,1,jiaocaineedrop_jiaocai_needrop_en_1473_p1473_c2,eastmoney_e42b6e1cd2d48113ff4db8854e539d828d632bf9b1757e10cb8ddb2cfc7b1393.pdf_12_p12_c1,0,False,0.0
What is the approximate value of the square root of 185?,3,jiaocaineedrop_jiaocai_needrop_en_1473_p1473_c2,"eastmoney_e42b6e1cd2d48113ff4db8854e539d828d632bf9b1757e10cb8ddb2cfc7b1393.pdf_12_p12_c1,exam_paper_en-file-putnam-archive_1995_Solutions_1995s_page_002_p2_c3,jiaocaineedrop_jiaocai_needrop_en_1473_p1473_c1",0,False,0.0
What is the approximate value of the square root of 185?,5,jiaocaineedrop_jiaocai_needrop_en_1473_p1473_c2,"eastmoney_e42b6e1cd2d48113ff4db8854e539d828d632bf9b1757e10cb8ddb2cfc7b1393.pdf_12_p12_c1,exam_paper_en-file-putnam-archive_1995_Solutions_1995s_page_002_p2_c3,jiaocaineedrop_jiaocai_needrop_en_1473_p1473_c1,yanbaopptmerge_e60b3b61281e87ddf42f9321a9e6ef9d.pdf_159_p159_c1,docstructbench_dianzishu_zhongwenzaixian-o.O-60403612.pdf_179_p179_c2",0,False,0.0
扩展不确定度的计算公式是什么？,1,book_zh_CNASGL0092018_extracted_page_73_p73_c0,book_zh_CNASGL0092018_extracted_page_73_p73_c0,1,True,1.0
扩展不确定度的计算公式是什么？,3,book_zh_CNASGL0092018_extracted_page_73_p73_c0,"book_zh_CNASGL0092018_extracted_page_73_p73_c0,book_zh_CNASGL0092018_extracted_page_69_p69_c0,book_zh_CNASGL0092018_extracted_page_69_p69_c1",1,True,1.0
扩展不确定度的计算公式是什么？,5,book_zh_CNASGL0092018_extracted_page_73_p73_c0,"book_zh_CNASGL0092018_extracted_page_73_p73_c0,book_zh_CNASGL0092018_extracted_page_69_p69_c0,book_zh_CNASGL0092018_extracted_page_69_p69_c1,jiaocaineedrop_jiaocai_needrop_en_1473_p1473_c2,newspaper_2c69e142b52dbb30cac2cb11d3eb25e5_1_p1_c1",1,True,1.0
式(C.2.1)中f的数值是多少？,1,book_zh_CNASGL0092018_extracted_page_73_p73_c1,jiaocaineedrop_96657786.pdf_0_p0_c2,0,False,0.0
式(C.2.1)中f的数值是多少？,3,book_zh_CNASGL0092018_extracted_page_73_p73_c1,"jiaocaineedrop_96657786.pdf_0_p0_c2,jiaocaineedrop_96657786.pdf_0_p0_c1,book_zh_CNASGL0092018_extracted_page_73_p73_c1",3,True,1.0
式(C.2.1)中f的数值是多少？,5,book_zh_CNASGL0092018_extracted_page_73_p73_c1,"jiaocaineedrop_96657786.pdf_0_p0_c2,jiaocaineedrop_96657786.pdf_0_p0_c1,book_zh_CNASGL0092018_extracted_page_73_p73_c1,exam_paper_en-file-putnam-archive_2007_Solutions_2007s_page_005_p5_c0,jiaocaineedrop_jiaocai_needrop_en_2893_p2893_c1",3,True,1.0
KET写作Part7的题型主要是什么？,1,color_textbook_zhonggaokao_小学_KET听说读写逐项突破_KET听说读写逐项突破之轻松搞定KET写作25分 【10讲 褚连一】_第05讲第五课写作Part7详解_第五课写作Part7详解_page_001_p1_c0,color_textbook_zhonggaokao_小学_KET听说读写逐项突破_KET听说读写逐项突破之轻松搞定KET写作25分 【10讲 褚连一】_第05讲第五课写作Part7详解_第五课写作Part7详解_page_001_p1_c0,1,True,1.0
KET写作Part7的题型主要是什么？,3,color_textbook_zhonggaokao_小学_KET听说读写逐项突破_KET听说读写逐项突破之轻松搞定KET写作25分 【10讲 褚连一】_第05讲第五课写作Part7详解_第五课写作Part7详解_page_001_p1_c0,"color_textbook_zhonggaokao_小学_KET听说读写逐项突破_KET听说读写逐项突破之轻松搞定KET写作25分 【10讲 褚连一】_第05讲第五课写作Part7详解_第五课写作Part7详解_page_001_p1_c0,color_textbook_zhonggaokao_小学_KET听说读写逐项突破_KET听说读写逐项突破之轻松搞定KET写作25分 【10讲 褚连一】_第05讲第五课写作Part7详解_第五课写作Part7详解_page_001_p1_c1,newspaper_2c69e142b52dbb30cac2cb11d3eb25e5_1_p1_c3",1,True,1.0
KET写作Part7的题型主要是什么？,5,color_textbook_zhonggaokao_小学_KET听说读写逐项突破_KET听说读写逐项突破之轻松搞定KET写作25分 【10讲 褚连一】_第05讲第五课写作Part7详解_第五课写作Part7详解_page_001_p1_c0,"color_textbook_zhonggaokao_小学_KET听说读写逐项突破_KET听说读写逐项突破之轻松搞定KET写作25分 【10讲 褚连一】_第05讲第五课写作Part7详解_第五课写作Part7详解_page_001_p1_c0,color_textbook_zhonggaokao_小学_KET听说读写逐项突破_KET听说读写逐项突破之轻松搞定KET写作25分 【10讲 褚连一】_第05讲第五课写作Part7详解_第五课写作Part7详解_page_001_p1_c1,newspaper_2c69e142b52dbb30cac2cb11d3eb25e5_1_p1_c3,jiaocaineedrop_jiaocai_needrop_en_2518_p2518_c0,notes_f7f010b78016aeebd76e56d9283eb67f_114_p114_c1",1,True,1.0
Did Lesley tell Stephen about the concert?,1,color_textbook_zhonggaokao_小学_KET听说读写逐项突破_KET听说读写逐项突破之轻松搞定KET写作25分 【10讲 褚连一】_第05讲第五课写作Part7详解_第五课写作Part7详解_page_001_p1_c1,color_textbook_zhonggaokao_小学_KET听说读写逐项突破_KET听说读写逐项突破之轻松搞定KET写作25分 【10讲 褚连一】_第05讲第五课写作Part7详解_第五课写作Part7详解_page_001_p1_c1,1,True,1.0
Did Lesley tell Stephen about the concert?,3,color_textbook_zhonggaokao_小学_KET听说读写逐项突破_KET听说读写逐项突破之轻松搞定KET写作25分 【10讲 褚连一】_第05讲第五课写作Part7详解_第五课写作Part7详解_page_001_p1_c1,"color_textbook_zhonggaokao_小学_KET听说读写逐项突破_KET听说读写逐项突破之轻松搞定KET写作25分 【10讲 褚连一】_第05讲第五课写作Part7详解_第五课写作Part7详解_page_001_p1_c1,newspaper_The Globe and Mail - 2025-1-8@magazinesclubnew_page_027_p27_c1,magazine_TheEconomist.2023.11.18_page_071_p71_c3",1,True,1.0
Did Lesley tell Stephen about the concert?,5,color_textbook_zhonggaokao_小学_KET听说读写逐项突破_KET听说读写逐项突破之轻松搞定KET写作25分 【10讲 褚连一】_第05讲第五课写作Part7详解_第五课写作Part7详解_page_001_p1_c1,"color_textbook_zhonggaokao_小学_KET听说读写逐项突破_KET听说读写逐项突破之轻松搞定KET写作25分 【10讲 褚连一】_第05讲第五课写作Part7详解_第五课写作Part7详解_page_001_p1_c1,newspaper_The Globe and Mail - 2025-1-8@magazinesclubnew_page_027_p27_c1,magazine_TheEconomist.2023.11.18_page_071_p71_c3,newspaper_The Globe and Mail - 2025-1-8@magazinesclubnew_page_027_p27_c0,yanbaor2_a6a80b48db3438977793c75185e980ee4aff22f79083427cb03ea4134f7b241f.pdf_67_p67_c2",1,True,1.0
温水脱毒处理的甘蔗种苗如何影响甘蔗的宿根年限？,1,newspaper_fe2c8b45b2a086cd75984640bb3080e1_1_p1_c0,newspaper_fe2c8b45b2a086cd75984640bb3080e1_1_p1_c0,1,True,1.0
温水脱毒处理的甘蔗种苗如何影响甘蔗的宿根年限？,3,newspaper_fe2c8b45b2a086cd75984640bb3080e1_1_p1_c0,"newspaper_fe2c8b45b2a086cd75984640bb3080e1_1_p1_c0,newspaper_fe2c8b45b2a086cd75984640bb3080e1_1_p1_c1,newspaper_fe2c8b45b2a086cd75984640bb3080e1_1_p1_c7",1,True,1.0
温水脱毒处理的甘蔗种苗如何影响甘蔗的宿根年限？,5,newspaper_fe2c8b45b2a086cd75984640bb3080e1_1_p1_c0,"newspaper_fe2c8b45b2a086cd75984640bb3080e1_1_p1_c0,newspaper_fe2c8b45b2a086cd75984640bb3080e1_1_p1_c1,newspaper_fe2c8b45b2a086cd75984640bb3080e1_1_p1_c7,yanbaor2_7f386f737cb55cffa10c8321a94bd38d7169cd69b3b253b9e2e502c12a68feea.pdf_15_p15_c0,docstructbench_llm-raw-scihub-o.O-j.chroma.2005.05.085.pdf_4_p4_c4",1,True,1.0
海丰种业与上海农科院共同组建了哪些研发中心？,1,newspaper_fe2c8b45b2a086cd75984640bb3080e1_1_p1_c1,newspaper_fe2c8b45b2a086cd75984640bb3080e1_1_p1_c1,1,True,1.0
海丰种业与上海农科院共同组建了哪些研发中心？,3,newspaper_fe2c8b45b2a086cd75984640bb3080e1_1_p1_c1,"newspaper_fe2c8b45b2a086cd75984640bb3080e1_1_p1_c1,newspaper_fe2c8b45b2a086cd75984640bb3080e1_1_p1_c5,newspaper_fe2c8b45b2a086cd75984640bb3080e1_1_p1_c4",1,True,1.0
海丰种业与上海农科院共同组建了哪些研发中心？,5,newspaper_fe2c8b45b2a086cd75984640bb3080e1_1_p1_c1,"newspaper_fe2c8b45b2a086cd75984640bb3080e1_1_p1_c1,newspaper_fe2c8b45b2a086cd75984640bb3080e1_1_p1_c5,newspaper_fe2c8b45b2a086cd75984640bb3080e1_1_p1_c4,newspaper_fe2c8b45b2a086cd75984640bb3080e1_1_p1_c2,newspaper_fe2c8b45b2a086cd75984640bb3080e1_1_p1_c6",1,True,1.0
红莲稻的成功展示了什么规划？,1,newspaper_fe2c8b45b2a086cd75984640bb3080e1_1_p1_c2,newspaper_fe2c8b45b2a086cd75984640bb3080e1_1_p1_c2,1,True,1.0
红莲稻的成功展示了什么规划？,3,newspaper_fe2c8b45b2a086cd75984640bb3080e1_1_p1_c2,"newspaper_fe2c8b45b2a086cd75984640bb3080e1_1_p1_c2,newspaper_fe2c8b45b2a086cd75984640bb3080e1_1_p1_c3,newspaper_fe2c8b45b2a086cd75984640bb3080e1_1_p1_c4",1,True,1.0
红莲稻的成功展示了什么规划？,5,newspaper_fe2c8b45b2a086cd75984640bb3080e1_1_p1_c2,"newspaper_fe2c8b45b2a086cd75984640bb3080e1_1_p1_c2,newspaper_fe2c8b45b2a086cd75984640bb3080e1_1_p1_c3,newspaper_fe2c8b45b2a086cd75984640bb3080e1_1_p1_c4,newspaper_fe2c8b45b2a086cd75984640bb3080e1_1_p1_c7,newspaper_2c69e142b52dbb30cac2cb11d3eb25e5_1_p1_c3",1,True,1.0
朱英国团队成功克隆了哪些基因？,1,newspaper_fe2c8b45b2a086cd75984640bb3080e1_1_p1_c3,newspaper_fe2c8b45b2a086cd75984640bb3080e1_1_p1_c3,1,True,1.0
朱英国团队成功克隆了哪些基因？,3,newspaper_fe2c8b45b2a086cd75984640bb3080e1_1_p1_c3,"newspaper_fe2c8b45b2a086cd75984640bb3080e1_1_p1_c3,newspaper_fe2c8b45b2a086cd75984640bb3080e1_1_p1_c2,newspaper_fe2c8b45b2a086cd75984640bb3080e1_1_p1_c4",1,True,1.0
朱英国团队成功克隆了哪些基因？,5,newspaper_fe2c8b45b2a086cd75984640bb3080e1_1_p1_c3,"newspaper_fe2c8b45b2a086cd75984640bb3080e1_1_p1_c3,newspaper_fe2c8b45b2a086cd75984640bb3080e1_1_p1_c2,newspaper_fe2c8b45b2a086cd75984640bb3080e1_1_p1_c4,scihub_prrv.2001.0150.pdf_0_p0_c1,jiaocaineedrop_jiaocai_needrop_en_887_p887_c0",1,True,1.0
红莲型杂交稻在哪些地区可以种植？,1,newspaper_fe2c8b45b2a086cd75984640bb3080e1_1_p1_c4,newspaper_fe2c8b45b2a086cd75984640bb3080e1_1_p1_c2,0,False,0.0
红莲型杂交稻在哪些地区可以种植？,3,newspaper_fe2c8b45b2a086cd75984640bb3080e1_1_p1_c4,"newspaper_fe2c8b45b2a086cd75984640bb3080e1_1_p1_c2,newspaper_fe2c8b45b2a086cd75984640bb3080e1_1_p1_c4,newspaper_fe2c8b45b2a086cd75984640bb3080e1_1_p1_c3",2,True,1.0
红莲型杂交稻在哪些地区可以种植？,5,newspaper_fe2c8b45b2a086cd75984640bb3080e1_1_p1_c4,"newspaper_fe2c8b45b2a086cd75984640bb3080e1_1_p1_c2,newspaper_fe2c8b45b2a086cd75984640bb3080e1_1_p1_c4,newspaper_fe2c8b45b2a086cd75984640bb3080e1_1_p1_c3,newspaper_fe2c8b45b2a086cd75984640bb3080e1_1_p1_c7,newspaper_eb569707cf5621d4c71d5898216cdb17_1_p1_c8",2,True,1.0
滑丰种业为何重视科研育种？,1,newspaper_fe2c8b45b2a086cd75984640bb3080e1_1_p1_c5,newspaper_fe2c8b45b2a086cd75984640bb3080e1_1_p1_c5,1,True,1.0
滑丰种业为何重视科研育种？,3,newspaper_fe2c8b45b2a086cd75984640bb3080e1_1_p1_c5,"newspaper_fe2c8b45b2a086cd75984640bb3080e1_1_p1_c5,newspaper_fe2c8b45b2a086cd75984640bb3080e1_1_p1_c4,newspaper_fe2c8b45b2a086cd75984640bb3080e1_1_p1_c6",1,True,1.0
滑丰种业为何重视科研育种？,5,newspaper_fe2c8b45b2a086cd75984640bb3080e1_1_p1_c5,"newspaper_fe2c8b45b2a086cd75984640bb3080e1_1_p1_c5,newspaper_fe2c8b45b2a086cd75984640bb3080e1_1_p1_c4,newspaper_fe2c8b45b2a086cd75984640bb3080e1_1_p1_c6,newspaper_fe2c8b45b2a086cd75984640bb3080e1_1_p1_c1,newspaper_fe2c8b45b2a086cd75984640bb3080e1_1_p1_c2",1,True,1.0
滑丰种业如何带动农民增加经济收入？,1,newspaper_fe2c8b45b2a086cd75984640bb3080e1_1_p1_c6,newspaper_fe2c8b45b2a086cd75984640bb3080e1_1_p1_c6,1,True,1.0
滑丰种业如何带动农民增加经济收入？,3,newspaper_fe2c8b45b2a086cd75984640bb3080e1_1_p1_c6,"newspaper_fe2c8b45b2a086cd75984640bb3080e1_1_p1_c6,newspaper_fe2c8b45b2a086cd75984640bb3080e1_1_p1_c5,newspaper_fe2c8b45b2a086cd75984640bb3080e1_1_p1_c4",1,True,1.0
滑丰种业如何带动农民增加经济收入？,5,newspaper_fe2c8b45b2a086cd75984640bb3080e1_1_p1_c6,"newspaper_fe2c8b45b2a086cd75984640bb3080e1_1_p1_c6,newspaper_fe2c8b45b2a086cd75984640bb3080e1_1_p1_c5,newspaper_fe2c8b45b2a086cd75984640bb3080e1_1_p1_c4,newspaper_2c69e142b52dbb30cac2cb11d3eb25e5_1_p1_c4,newspaper_35bdaa11dec104ccbdc9e19ac8527d21_1_p1_c10",1,True,1.0
宁夏提升哪些作物的良种扩繁能力？,1,newspaper_fe2c8b45b2a086cd75984640bb3080e1_1_p1_c7,newspaper_fe2c8b45b2a086cd75984640bb3080e1_1_p1_c7,1,True,1.0
宁夏提升哪些作物的良种扩繁能力？,3,newspaper_fe2c8b45b2a086cd75984640bb3080e1_1_p1_c7,"newspaper_fe2c8b45b2a086cd75984640bb3080e1_1_p1_c7,newspaper_fe2c8b45b2a086cd75984640bb3080e1_1_p1_c6,jiaocaineedrop_jiaocai_needrop_en_2893_p2893_c1",1,True,1.0
宁夏提升哪些作物的良种扩繁能力？,5,newspaper_fe2c8b45b2a086cd75984640bb3080e1_1_p1_c7,"newspaper_fe2c8b45b2a086cd75984640bb3080e1_1_p1_c7,newspaper_fe2c8b45b2a086cd75984640bb3080e1_1_p1_c6,jiaocaineedrop_jiaocai_needrop_en_2893_p2893_c1,newspaper_fe2c8b45b2a086cd75984640bb3080e1_1_p1_c1,yanbaopptmerge_ee19df4a08e3d07ac1190446f5b3dd3f25438c661b87cf4fbb9040ac5fac443b.pdf_1_p1_c0",1,True,1.0
周真能从哪一年开始销售湖北省种子集团有限公司的水稻种子？,1,newspaper_fe2c8b45b2a086cd75984640bb3080e1_1_p1_c8,newspaper_fe2c8b45b2a086cd75984640bb3080e1_1_p1_c8,1,True,1.0
周真能从哪一年开始销售湖北省种子集团有限公司的水稻种子？,3,newspaper_fe2c8b45b2a086cd75984640bb3080e1_1_p1_c8,"newspaper_fe2c8b45b2a086cd75984640bb3080e1_1_p1_c8,newspaper_fe2c8b45b2a086cd75984640bb3080e1_1_p1_c4,newspaper_fe2c8b45b2a086cd75984640bb3080e1_1_p1_c1",1,True,1.0
周真能从哪一年开始销售湖北省种子集团有限公司的水稻种子？,5,newspaper_fe2c8b45b2a086cd75984640bb3080e1_1_p1_c8,"newspaper_fe2c8b45b2a086cd75984640bb3080e1_1_p1_c8,newspaper_fe2c8b45b2a086cd75984640bb3080e1_1_p1_c4,newspaper_fe2c8b45b2a086cd75984640bb3080e1_1_p1_c1,newspaper_0b1bb8d03b4287eb95f67b68c2cf9f92_1_p1_c1,newspaper_fe2c8b45b2a086cd75984640bb3080e1_1_p1_c6",1,True,1.0
正雅齿科的产品特色是什么？,1,yanbaor2_bfe5f11c4ad2e94d966ef6801dc992816f42c9150e2be42b008c95f59713e901.pdf_139_p139_c0,yanbaor2_bfe5f11c4ad2e94d966ef6801dc992816f42c9150e2be42b008c95f59713e901.pdf_139_p139_c0,1,True,1.0
正雅齿科的产品特色是什么？,3,yanbaor2_bfe5f11c4ad2e94d966ef6801dc992816f42c9150e2be42b008c95f59713e901.pdf_139_p139_c0,"yanbaor2_bfe5f11c4ad2e94d966ef6801dc992816f42c9150e2be42b008c95f59713e901.pdf_139_p139_c0,yanbaor2_bfe5f11c4ad2e94d966ef6801dc992816f42c9150e2be42b008c95f59713e901.pdf_137_p137_c0,eastmoney_f671ab94bf8b8274d6736f1a3dc775b3b74fa68686df2946aa5307b6b2a32062.pdf_18_p18_c2",1,True,1.0
正雅齿科的产品特色是什么？,5,yanbaor2_bfe5f11c4ad2e94d966ef6801dc992816f42c9150e2be42b008c95f59713e901.pdf_139_p139_c0,"yanbaor2_bfe5f11c4ad2e94d966ef6801dc992816f42c9150e2be42b008c95f59713e901.pdf_139_p139_c0,yanbaor2_bfe5f11c4ad2e94d966ef6801dc992816f42c9150e2be42b008c95f59713e901.pdf_137_p137_c0,eastmoney_f671ab94bf8b8274d6736f1a3dc775b3b74fa68686df2946aa5307b6b2a32062.pdf_18_p18_c2,exam_paper_2016年安徽省中考英语试题（解析）_page_003_p3_c2,newspaper_35bdaa11dec104ccbdc9e19ac8527d21_1_p1_c2",1,True,1.0
When did Mr Altman return to his old job?,1,magazine_TheEconomist.2023.11.25_page_069_p69_c0,magazine_TheEconomist.2023.11.25_page_069_p69_c0,1,True,1.0
When did Mr Altman return to his old job?,3,magazine_TheEconomist.2023.11.25_page_069_p69_c0,"magazine_TheEconomist.2023.11.25_page_069_p69_c0,magazine_TheEconomist.2023.11.25_page_069_p69_c3,magazine_TheEconomist.2023.11.25_page_069_p69_c1",1,True,1.0
When did Mr Altman return to his old job?,5,magazine_TheEconomist.2023.11.25_page_069_p69_c0,"magazine_TheEconomist.2023.11.25_page_069_p69_c0,magazine_TheEconomist.2023.11.25_page_069_p69_c3,magazine_TheEconomist.2023.11.25_page_069_p69_c1,magazine_TheEconomist.2023.11.25_page_069_p69_c4,magazine_TheEconomist.2023.11.25_page_069_p69_c2",1,True,1.0
Who published an academic article about flaws in OpenAI’s approach to AI safety?,1,magazine_TheEconomist.2023.11.25_page_069_p69_c1,magazine_TheEconomist.2023.11.25_page_069_p69_c1,1,True,1.0
Who published an academic article about flaws in OpenAI’s approach to AI safety?,3,magazine_TheEconomist.2023.11.25_page_069_p69_c1,"magazine_TheEconomist.2023.11.25_page_069_p69_c1,magazine_TheEconomist.2023.11.25_page_069_p69_c0,magazine_TheEconomist.2023.11.25_page_069_p69_c2",1,True,1.0
Who published an academic article about flaws in OpenAI’s approach to AI safety?,5,magazine_TheEconomist.2023.11.25_page_069_p69_c1,"magazine_TheEconomist.2023.11.25_page_069_p69_c1,magazine_TheEconomist.2023.11.25_page_069_p69_c0,magazine_TheEconomist.2023.11.25_page_069_p69_c2,yanbaor2_decf70a006d6f8f66725ead2f27b248a911016d258a236cefcdd26c6aff1d463.pdf_40_p40_c1,magazine_TheEconomist.2024.03.09_page_064_p64_c4",1,True,1.0
Which company offered to hire the rest of OpenAI’s team?,1,magazine_TheEconomist.2023.11.25_page_069_p69_c2,magazine_TheEconomist.2023.11.25_page_069_p69_c2,1,True,1.0
Which company offered to hire the rest of OpenAI’s team?,3,magazine_TheEconomist.2023.11.25_page_069_p69_c2,"magazine_TheEconomist.2023.11.25_page_069_p69_c2,magazine_TheEconomist.2023.11.25_page_069_p69_c0,magazine_TheEconomist.2023.11.25_page_069_p69_c1",1,True,1.0
Which company offered to hire the rest of OpenAI’s team?,5,magazine_TheEconomist.2023.11.25_page_069_p69_c2,"magazine_TheEconomist.2023.11.25_page_069_p69_c2,magazine_TheEconomist.2023.11.25_page_069_p69_c0,magazine_TheEconomist.2023.11.25_page_069_p69_c1,newspaper_The Wall Street Journal - 2025-01-08@magazinesclubnew_page_018_p18_c8,magazine_TheEconomist.2023.11.25_page_069_p69_c3",1,True,1.0
Who are the individuals out after the deal?,1,magazine_TheEconomist.2023.11.25_page_069_p69_c3,magazine_TheEconomist.2023.11.25_page_069_p69_c3,1,True,1.0
Who are the individuals out after the deal?,3,magazine_TheEconomist.2023.11.25_page_069_p69_c3,"magazine_TheEconomist.2023.11.25_page_069_p69_c3,newspaper_The Globe and Mail - 2025-1-8@magazinesclubnew_page_027_p27_c5,magazine_TheEconomist.2023.11.25_page_069_p69_c4",1,True,1.0
Who are the individuals out after the deal?,5,magazine_TheEconomist.2023.11.25_page_069_p69_c3,"magazine_TheEconomist.2023.11.25_page_069_p69_c3,newspaper_The Globe and Mail - 2025-1-8@magazinesclubnew_page_027_p27_c5,magazine_TheEconomist.2023.11.25_page_069_p69_c4,jiaocaineedrop_jiaocai_needrop_en_961_p961_c0,newspaper_The Globe and Mail - 2025-1-8@magazinesclubnew_page_018_p18_c12",1,True,1.0
Who will not be returning for the time being?,1,magazine_TheEconomist.2023.11.25_page_069_p69_c4,magazine_TheEconomist.2023.11.25_page_069_p69_c4,1,True,1.0
Who will not be returning for the time being?,3,magazine_TheEconomist.2023.11.25_page_069_p69_c4,"magazine_TheEconomist.2023.11.25_page_069_p69_c4,yanbaopptmerge_yanbaoPPT_4975_p4975_c0,jiaocaineedrop_jiaocai_needrop_en_2884_p2884_c0",1,True,1.0
Who will not be returning for the time being?,5,magazine_TheEconomist.2023.11.25_page_069_p69_c4,"magazine_TheEconomist.2023.11.25_page_069_p69_c4,yanbaopptmerge_yanbaoPPT_4975_p4975_c0,jiaocaineedrop_jiaocai_needrop_en_2884_p2884_c0,magazine_TheEconomist.2023.11.25_page_069_p69_c3,newspaper_The Globe and Mail - 2025-1-8@magazinesclubnew_page_027_p27_c5",1,True,1.0
What is the quantitation ion for PCB congener number 1?,1,docstructbench_llm-raw-scihub-o.O-j.chroma.2005.03.134.pdf_6_p6_c0,docstructbench_llm-raw-scihub-o.O-j.chroma.2005.03.134.pdf_6_p6_c0,1,True,1.0
What is the quantitation ion for PCB congener number 1?,3,docstructbench_llm-raw-scihub-o.O-j.chroma.2005.03.134.pdf_6_p6_c0,"docstructbench_llm-raw-scihub-o.O-j.chroma.2005.03.134.pdf_6_p6_c0,docstructbench_dianzishu_zhongwenzaixian-o.O-60403612.pdf_179_p179_c2,yanbaopptmerge_e60b3b61281e87ddf42f9321a9e6ef9d.pdf_159_p159_c1",1,True,1.0
What is the quantitation ion for PCB congener number 1?,5,docstructbench_llm-raw-scihub-o.O-j.chroma.2005.03.134.pdf_6_p6_c0,"docstructbench_llm-raw-scihub-o.O-j.chroma.2005.03.134.pdf_6_p6_c0,docstructbench_dianzishu_zhongwenzaixian-o.O-60403612.pdf_179_p179_c2,yanbaopptmerge_e60b3b61281e87ddf42f9321a9e6ef9d.pdf_159_p159_c1,docstructbench_llm-raw-scihub-o.O-j.chroma.2005.03.134.pdf_6_p6_c1,jiaocaineedrop_jiaocai_needrop_en_961_p961_c0",1,True,1.0
What is the m/z value for Pentachlorobiphenyl?,1,docstructbench_llm-raw-scihub-o.O-j.chroma.2005.03.134.pdf_6_p6_c1,docstructbench_llm-raw-scihub-o.O-j.chroma.2005.03.134.pdf_6_p6_c0,0,False,0.0
What is the m/z value for Pentachlorobiphenyl?,3,docstructbench_llm-raw-scihub-o.O-j.chroma.2005.03.134.pdf_6_p6_c1,"docstructbench_llm-raw-scihub-o.O-j.chroma.2005.03.134.pdf_6_p6_c0,docstructbench_llm-raw-scihub-o.O-j.chroma.2005.03.134.pdf_6_p6_c1,exam_paper_en-file-putnam-archive_1998_Solutions_1998s_page_002_p2_c4",2,True,1.0
What is the m/z value for Pentachlorobiphenyl?,5,docstructbench_llm-raw-scihub-o.O-j.chroma.2005.03.134.pdf_6_p6_c1,"docstructbench_llm-raw-scihub-o.O-j.chroma.2005.03.134.pdf_6_p6_c0,docstructbench_llm-raw-scihub-o.O-j.chroma.2005.03.134.pdf_6_p6_c1,exam_paper_en-file-putnam-archive_1998_Solutions_1998s_page_002_p2_c4,docstructbench_llm-raw-scihub-o.O-j.chroma.2005.03.134.pdf_6_p6_c3,yanbaopptmerge_e60b3b61281e87ddf42f9321a9e6ef9d.pdf_159_p159_c1",2,True,1.0
What is the m/z value for Hexachlorobiphenyl?,1,docstructbench_llm-raw-scihub-o.O-j.chroma.2005.03.134.pdf_6_p6_c2,docstructbench_llm-raw-scihub-o.O-j.chroma.2005.03.134.pdf_6_p6_c0,0,False,0.0
What is the m/z value for Hexachlorobiphenyl?,3,docstructbench_llm-raw-scihub-o.O-j.chroma.2005.03.134.pdf_6_p6_c2,"docstructbench_llm-raw-scihub-o.O-j.chroma.2005.03.134.pdf_6_p6_c0,docstructbench_llm-raw-scihub-o.O-j.chroma.2005.03.134.pdf_6_p6_c3,exam_paper_en-file-putnam-archive_1998_Solutions_1998s_page_002_p2_c4",0,False,0.0
What is the m/z value for Hexachlorobiphenyl?,5,docstructbench_llm-raw-scihub-o.O-j.chroma.2005.03.134.pdf_6_p6_c2,"docstructbench_llm-raw-scihub-o.O-j.chroma.2005.03.134.pdf_6_p6_c0,docstructbench_llm-raw-scihub-o.O-j.chroma.2005.03.134.pdf_6_p6_c3,exam_paper_en-file-putnam-archive_1998_Solutions_1998s_page_002_p2_c4,docstructbench_llm-raw-scihub-o.O-j.chroma.2005.03.134.pdf_6_p6_c2,yanbaopptmerge_e60b3b61281e87ddf42f9321a9e6ef9d.pdf_159_p159_c1",4,True,1.0
What is the name of the compound with m/z=428?,1,docstructbench_llm-raw-scihub-o.O-j.chroma.2005.03.134.pdf_6_p6_c3,docstructbench_llm-raw-scihub-o.O-j.chroma.2005.03.134.pdf_6_p6_c0,0,False,0.0
What is the name of the compound with m/z=428?,3,docstructbench_llm-raw-scihub-o.O-j.chroma.2005.03.134.pdf_6_p6_c3,"docstructbench_llm-raw-scihub-o.O-j.chroma.2005.03.134.pdf_6_p6_c0,docstructbench_dianzishu_zhongwenzaixian-o.O-60403612.pdf_179_p179_c2,yanbaopptmerge_e60b3b61281e87ddf42f9321a9e6ef9d.pdf_159_p159_c1",0,False,0.0
What is the name of the compound with m/z=428?,5,docstructbench_llm-raw-scihub-o.O-j.chroma.2005.03.134.pdf_6_p6_c3,"docstructbench_llm-raw-scihub-o.O-j.chroma.2005.03.134.pdf_6_p6_c0,docstructbench_dianzishu_zhongwenzaixian-o.O-60403612.pdf_179_p179_c2,yanbaopptmerge_e60b3b61281e87ddf42f9321a9e6ef9d.pdf_159_p159_c1,docstructbench_dianzishu_zhongwenzaixian-o.O-60403612.pdf_179_p179_c1,exam_paper_2004-2019上海高考英语听力原文和答案_page_017_p17_c3",0,False,0.0
What does the symbol $ (^{*}) $ indicate in the data?,1,docstructbench_llm-raw-scihub-o.O-j.chroma.2005.03.134.pdf_6_p6_c4,docstructbench_llm-raw-scihub-o.O-j.chroma.2005.03.134.pdf_6_p6_c4,1,True,1.0
What does the symbol $ (^{*}) $ indicate in the data?,3,docstructbench_llm-raw-scihub-o.O-j.chroma.2005.03.134.pdf_6_p6_c4,"docstructbench_llm-raw-scihub-o.O-j.chroma.2005.03.134.pdf_6_p6_c4,book_en_国外数学教材-数论-Melvyn B. Nathanson—Elementary Methods in Number Theory_0119_p119_c0,yanbaopptmerge_yanbaoPPT_495_p495_c1",1,True,1.0
What does the symbol $ (^{*}) $ indicate in the data?,5,docstructbench_llm-raw-scihub-o.O-j.chroma.2005.03.134.pdf_6_p6_c4,"docstructbench_llm-raw-scihub-o.O-j.chroma.2005.03.134.pdf_6_p6_c4,book_en_国外数学教材-数论-Melvyn B. Nathanson—Elementary Methods in Number Theory_0119_p119_c0,yanbaopptmerge_yanbaoPPT_495_p495_c1,yanbaor2_e2f6b15971d68a7f081216b0c0d8538cab413124fc8911f4db4fbb3d17f167c4.pdf_14_p14_c1,exam_paper_en-file-putnam-archive_1999_Solutions_1999s_page_002_p2_c2",1,True,1.0
What is the MDL value mentioned in the text?,1,docstructbench_llm-raw-scihub-o.O-j.chroma.2005.03.134.pdf_6_p6_c5,docstructbench_llm-raw-scihub-o.O-j.chroma.2005.03.134.pdf_6_p6_c5,1,True,1.0
What is the MDL value mentioned in the text?,3,docstructbench_llm-raw-scihub-o.O-j.chroma.2005.03.134.pdf_6_p6_c5,"docstructbench_llm-raw-scihub-o.O-j.chroma.2005.03.134.pdf_6_p6_c5,jiaocaineedrop_biz-96816.pdf_48_p48_c1,docstructbench_llm-raw-scihub-o.O-j.chroma.2005.03.134.pdf_6_p6_c0",1,True,1.0
What is the MDL value mentioned in the text?,5,docstructbench_llm-raw-scihub-o.O-j.chroma.2005.03.134.pdf_6_p6_c5,"docstructbench_llm-raw-scihub-o.O-j.chroma.2005.03.134.pdf_6_p6_c5,jiaocaineedrop_biz-96816.pdf_48_p48_c1,docstructbench_llm-raw-scihub-o.O-j.chroma.2005.03.134.pdf_6_p6_c0,book_zh_CNASGL0092018_extracted_page_73_p73_c1,jiaocaineedrop_Chapter9.pdf_46_p46_c0",1,True,1.0
When did Sandra Day O'Connor die?,1,magazine_TheEconomist.2023.12.09_page_082_p82_c0,magazine_TheEconomist.2023.12.09_page_082_p82_c0,1,True,1.0
When did Sandra Day O'Connor die?,3,magazine_TheEconomist.2023.12.09_page_082_p82_c0,"magazine_TheEconomist.2023.12.09_page_082_p82_c0,jiaocaineedrop_unit2t03.pdf_63_p63_c2,color_textbook_zhonggaokao_小学_13.人教新起点英语（4-5年级）_人教新起点五年级英语下册_课本_人教新起点英语5B电子课本_page_034_p34_c0",1,True,1.0
When did Sandra Day O'Connor die?,5,magazine_TheEconomist.2023.12.09_page_082_p82_c0,"magazine_TheEconomist.2023.12.09_page_082_p82_c0,jiaocaineedrop_unit2t03.pdf_63_p63_c2,color_textbook_zhonggaokao_小学_13.人教新起点英语（4-5年级）_人教新起点五年级英语下册_课本_人教新起点英语5B电子课本_page_034_p34_c0,newspaper_The Globe and Mail - 2025-1-8@magazinesclubnew_page_014_p14_c0,jiaocaineedrop_jiaocai_needrop_en_453_p453_c0",1,True,1.0
What did she pack in the chuck-wagon box?,1,magazine_TheEconomist.2023.12.09_page_082_p82_c1,magazine_TheEconomist.2023.12.09_page_082_p82_c1,1,True,1.0
What did she pack in the chuck-wagon box?,3,magazine_TheEconomist.2023.12.09_page_082_p82_c1,"magazine_TheEconomist.2023.12.09_page_082_p82_c1,yanbaopptmerge_yanbaoPPT_4975_p4975_c0,yanbaopptmerge_e60b3b61281e87ddf42f9321a9e6ef9d.pdf_159_p159_c1",1,True,1.0
What did she pack in the chuck-wagon box?,5,magazine_TheEconomist.2023.12.09_page_082_p82_c1,"magazine_TheEconomist.2023.12.09_page_082_p82_c1,yanbaopptmerge_yanbaoPPT_4975_p4975_c0,yanbaopptmerge_e60b3b61281e87ddf42f9321a9e6ef9d.pdf_159_p159_c1,magazine_TheEconomist.2023.12.09_page_082_p82_c9,magazine_TheEconomist.2023.12.09_page_082_p82_c6",1,True,1.0
What did she do after the tyre was changed?,1,magazine_TheEconomist.2023.12.09_page_082_p82_c2,magazine_TheEconomist.2023.12.09_page_082_p82_c2,1,True,1.0
What did she do after the tyre was changed?,3,magazine_TheEconomist.2023.12.09_page_082_p82_c2,"magazine_TheEconomist.2023.12.09_page_082_p82_c2,magazine_TheEconomist.2023.12.09_page_082_p82_c9,exam_paper_2016年安徽省中考英语试题（解析）_page_015_p15_c2",1,True,1.0
What did she do after the tyre was changed?,5,magazine_TheEconomist.2023.12.09_page_082_p82_c2,"magazine_TheEconomist.2023.12.09_page_082_p82_c2,magazine_TheEconomist.2023.12.09_page_082_p82_c9,exam_paper_2016年安徽省中考英语试题（解析）_page_015_p15_c2,magazine_TheEconomist.2023.12.09_page_082_p82_c1,magazine_TheEconomist.2023.12.09_page_082_p82_c6",1,True,1.0
What was the reaction to her appointment?,1,magazine_TheEconomist.2023.12.09_page_082_p82_c3,magazine_TheEconomist.2023.12.09_page_082_p82_c3,1,True,1.0
What was the reaction to her appointment?,3,magazine_TheEconomist.2023.12.09_page_082_p82_c3,"magazine_TheEconomist.2023.12.09_page_082_p82_c3,magazine_TheEconomist.2023.12.09_page_082_p82_c6,magazine_TheEconomist.2023.12.09_page_082_p82_c4",1,True,1.0
What was the reaction to her appointment?,5,magazine_TheEconomist.2023.12.09_page_082_p82_c3,"magazine_TheEconomist.2023.12.09_page_082_p82_c3,magazine_TheEconomist.2023.12.09_page_082_p82_c6,magazine_TheEconomist.2023.12.09_page_082_p82_c4,magazine_TheEconomist.2024.03.02_page_075_p75_c4,magazine_TheEconomist.2023.12.09_page_082_p82_c8",1,True,1.0
What was the prime example of legal rulings being intolerable on the ground?,1,magazine_TheEconomist.2023.12.09_page_082_p82_c5,magazine_TheEconomist.2023.12.09_page_082_p82_c5,1,True,1.0
What was the prime example of legal rulings being intolerable on the ground?,3,magazine_TheEconomist.2023.12.09_page_082_p82_c5,"magazine_TheEconomist.2023.12.09_page_082_p82_c5,magazine_TheEconomist.2023.12.09_page_082_p82_c8,jiaocaineedrop_biz-96816.pdf_48_p48_c1",1,True,1.0
What was the prime example of legal rulings being intolerable on the ground?,5,magazine_TheEconomist.2023.12.09_page_082_p82_c5,"magazine_TheEconomist.2023.12.09_page_082_p82_c5,magazine_TheEconomist.2023.12.09_page_082_p82_c8,jiaocaineedrop_biz-96816.pdf_48_p48_c1,magazine_TheEconomist.2023.12.09_page_082_p82_c2,book_en_国外数学教材-数论-Melvyn B. Nathanson—Elementary Methods in Number Theory_0119_p119_c0",1,True,1.0
How could she cause distress to a young woman who was?,1,magazine_TheEconomist.2023.12.09_page_082_p82_c6,magazine_TheEconomist.2023.12.09_page_082_p82_c6,1,True,1.0
How could she cause distress to a young woman who was?,3,magazine_TheEconomist.2023.12.09_page_082_p82_c6,"magazine_TheEconomist.2023.12.09_page_082_p82_c6,magazine_TheEconomist.2023.12.09_page_082_p82_c8,magazine_TheEconomist.2023.12.09_page_082_p82_c2",1,True,1.0
How could she cause distress to a young woman who was?,5,magazine_TheEconomist.2023.12.09_page_082_p82_c6,"magazine_TheEconomist.2023.12.09_page_082_p82_c6,magazine_TheEconomist.2023.12.09_page_082_p82_c8,magazine_TheEconomist.2023.12.09_page_082_p82_c2,magazine_TheEconomist.2023.12.09_page_082_p82_c9,magazine_TheEconomist.2023.12.09_page_082_p82_c3",1,True,1.0
What event in 2000 influenced her opinion on the Florida recount?,1,magazine_TheEconomist.2023.12.09_page_082_p82_c7,magazine_TheEconomist.2023.12.09_page_082_p82_c7,1,True,1.0
What event in 2000 influenced her opinion on the Florida recount?,3,magazine_TheEconomist.2023.12.09_page_082_p82_c7,"magazine_TheEconomist.2023.12.09_page_082_p82_c7,magazine_TheEconomist.2023.12.09_page_082_p82_c8,magazine_TheEconomist.2023.12.09_page_082_p82_c6",1,True,1.0
What event in 2000 influenced her opinion on the Florida recount?,5,magazine_TheEconomist.2023.12.09_page_082_p82_c7,"magazine_TheEconomist.2023.12.09_page_082_p82_c7,magazine_TheEconomist.2023.12.09_page_082_p82_c8,magazine_TheEconomist.2023.12.09_page_082_p82_c6,jiaocaineedrop_Chapter9.pdf_46_p46_c0,magazine_TheEconomist.2023.12.09_page_082_p82_c5",1,True,1.0
What was the name of the organization that sent her to work in the state mental hospital?,1,magazine_TheEconomist.2023.12.09_page_082_p82_c8,magazine_TheEconomist.2023.12.09_page_082_p82_c8,1,True,1.0
What was the name of the organization that sent her to work in the state mental hospital?,3,magazine_TheEconomist.2023.12.09_page_082_p82_c8,"magazine_TheEconomist.2023.12.09_page_082_p82_c8,magazine_TheEconomist.2023.12.09_page_082_p82_c9,magazine_TheEconomist.2023.12.09_page_082_p82_c4",1,True,1.0
What was the name of the organization that sent her to work in the state mental hospital?,5,magazine_TheEconomist.2023.12.09_page_082_p82_c8,"magazine_TheEconomist.2023.12.09_page_082_p82_c8,magazine_TheEconomist.2023.12.09_page_082_p82_c9,magazine_TheEconomist.2023.12.09_page_082_p82_c4,magazine_TheEconomist.2023.12.09_page_082_p82_c5,jiaocaineedrop_chap15.pdf_3_p3_c0",1,True,1.0
What did she learn to show the men?,1,magazine_TheEconomist.2023.12.09_page_082_p82_c9,magazine_TheEconomist.2023.12.09_page_082_p82_c9,1,True,1.0
What did she learn to show the men?,3,magazine_TheEconomist.2023.12.09_page_082_p82_c9,"magazine_TheEconomist.2023.12.09_page_082_p82_c9,magazine_TheEconomist.2023.12.09_page_082_p82_c2,exam_paper_2016年安徽省中考英语试题（解析）_page_015_p15_c2",1,True,1.0
What did she learn to show the men?,5,magazine_TheEconomist.2023.12.09_page_082_p82_c9,"magazine_TheEconomist.2023.12.09_page_082_p82_c9,magazine_TheEconomist.2023.12.09_page_082_p82_c2,exam_paper_2016年安徽省中考英语试题（解析）_page_015_p15_c2,magazine_TheEconomist.2023.12.09_page_082_p82_c3,magazine_TheEconomist.2023.12.09_page_082_p82_c8",1,True,1.0
分析员陈宋恩是否持有研究报告内所推介股份的任何权益？,1,eastmoney_d2bb183f5254ede5760932ac3118524aa7eddad551935713b435541f1525c1ee.pdf_7_p7_c0,eastmoney_d2bb183f5254ede5760932ac3118524aa7eddad551935713b435541f1525c1ee.pdf_7_p7_c0,1,True,1.0
分析员陈宋恩是否持有研究报告内所推介股份的任何权益？,3,eastmoney_d2bb183f5254ede5760932ac3118524aa7eddad551935713b435541f1525c1ee.pdf_7_p7_c0,"eastmoney_d2bb183f5254ede5760932ac3118524aa7eddad551935713b435541f1525c1ee.pdf_7_p7_c0,eastmoney_dd8f39ced2188b907304224a635ad605689270486020c34636003e57018c01d8.pdf_2_p2_c1,yanbaopptmerge_5473246b8da789b9bfdeef53a70c4d72afd480415d5cbcedb83d105856710328.pdf_8_p8_c0",1,True,1.0
分析员陈宋恩是否持有研究报告内所推介股份的任何权益？,5,eastmoney_d2bb183f5254ede5760932ac3118524aa7eddad551935713b435541f1525c1ee.pdf_7_p7_c0,"eastmoney_d2bb183f5254ede5760932ac3118524aa7eddad551935713b435541f1525c1ee.pdf_7_p7_c0,eastmoney_dd8f39ced2188b907304224a635ad605689270486020c34636003e57018c01d8.pdf_2_p2_c1,yanbaopptmerge_5473246b8da789b9bfdeef53a70c4d72afd480415d5cbcedb83d105856710328.pdf_8_p8_c0,eastmoney_d2bb183f5254ede5760932ac3118524aa7eddad551935713b435541f1525c1ee.pdf_7_p7_c1,yanbaopptmerge_0c79d327060dbf9f1582d03c235dadb039533a19091d2c0d24f2ad95d267f79b.pdf_2_p2_c1",1,True,1.0
股票评级可能与所述框架偏离的原因有哪些？,1,eastmoney_d2bb183f5254ede5760932ac3118524aa7eddad551935713b435541f1525c1ee.pdf_7_p7_c1,eastmoney_d2bb183f5254ede5760932ac3118524aa7eddad551935713b435541f1525c1ee.pdf_7_p7_c1,1,True,1.0
股票评级可能与所述框架偏离的原因有哪些？,3,eastmoney_d2bb183f5254ede5760932ac3118524aa7eddad551935713b435541f1525c1ee.pdf_7_p7_c1,"eastmoney_d2bb183f5254ede5760932ac3118524aa7eddad551935713b435541f1525c1ee.pdf_7_p7_c1,eastmoney_dcf347592d4160dffacffdf00a9c39aa75cf9859205a7543c283d1df8bb14f90.pdf_1_p1_c1,eastmoney_dd8f39ced2188b907304224a635ad605689270486020c34636003e57018c01d8.pdf_2_p2_c0",1,True,1.0
股票评级可能与所述框架偏离的原因有哪些？,5,eastmoney_d2bb183f5254ede5760932ac3118524aa7eddad551935713b435541f1525c1ee.pdf_7_p7_c1,"eastmoney_d2bb183f5254ede5760932ac3118524aa7eddad551935713b435541f1525c1ee.pdf_7_p7_c1,eastmoney_dcf347592d4160dffacffdf00a9c39aa75cf9859205a7543c283d1df8bb14f90.pdf_1_p1_c1,eastmoney_dd8f39ced2188b907304224a635ad605689270486020c34636003e57018c01d8.pdf_2_p2_c0,yanbaopptmerge_5473246b8da789b9bfdeef53a70c4d72afd480415d5cbcedb83d105856710328.pdf_8_p8_c0,eastmoney_e42b6e1cd2d48113ff4db8854e539d828d632bf9b1757e10cb8ddb2cfc7b1393.pdf_12_p12_c2",1,True,1.0
What is the resolution for the 'self-propelled' rule element?,1,jiaocaineedrop_biz-96816.pdf_48_p48_c0,jiaocaineedrop_biz-96816.pdf_48_p48_c0,1,True,1.0
What is the resolution for the 'self-propelled' rule element?,3,jiaocaineedrop_biz-96816.pdf_48_p48_c0,"jiaocaineedrop_biz-96816.pdf_48_p48_c0,book_en_国外数学教材-非数学专业教材-线性代数-Gilbert Strang—Linear Algebra and Its Applications 4e_0242_p242_c0,jiaocaineedrop_jiaocai_needrop_en_1473_p1473_c1",1,True,1.0
What is the resolution for the 'self-propelled' rule element?,5,jiaocaineedrop_biz-96816.pdf_48_p48_c0,"jiaocaineedrop_biz-96816.pdf_48_p48_c0,book_en_国外数学教材-非数学专业教材-线性代数-Gilbert Strang—Linear Algebra and Its Applications 4e_0242_p242_c0,jiaocaineedrop_jiaocai_needrop_en_1473_p1473_c1,jiaocaineedrop_jiaocai_needrop_en_961_p961_c0,scihub_ijcac.2012040101.pdf_5_p5_c1",1,True,1.0
What is an example of a checklist in a torts class?,1,jiaocaineedrop_biz-96816.pdf_48_p48_c1,jiaocaineedrop_biz-96816.pdf_48_p48_c3,0,False,0.0
What is an example of a checklist in a torts class?,3,jiaocaineedrop_biz-96816.pdf_48_p48_c1,"jiaocaineedrop_biz-96816.pdf_48_p48_c3,jiaocaineedrop_biz-96816.pdf_48_p48_c1,jiaocaineedrop_biz-96816.pdf_48_p48_c2",2,True,1.0
What is an example of a checklist in a torts class?,5,jiaocaineedrop_biz-96816.pdf_48_p48_c1,"jiaocaineedrop_biz-96816.pdf_48_p48_c3,jiaocaineedrop_biz-96816.pdf_48_p48_c1,jiaocaineedrop_biz-96816.pdf_48_p48_c2,jiaocaineedrop_biz-96816.pdf_48_p48_c4,yanbaopptmerge_e60b3b61281e87ddf42f9321a9e6ef9d.pdf_159_p159_c4",2,True,1.0
What is an example of a tort listed in the checklist?,1,jiaocaineedrop_biz-96816.pdf_48_p48_c2,jiaocaineedrop_biz-96816.pdf_48_p48_c3,0,False,0.0
What is an example of a tort listed in the checklist?,3,jiaocaineedrop_biz-96816.pdf_48_p48_c2,"jiaocaineedrop_biz-96816.pdf_48_p48_c3,jiaocaineedrop_biz-96816.pdf_48_p48_c1,jiaocaineedrop_biz-96816.pdf_48_p48_c2",3,True,1.0
What is an example of a tort listed in the checklist?,5,jiaocaineedrop_biz-96816.pdf_48_p48_c2,"jiaocaineedrop_biz-96816.pdf_48_p48_c3,jiaocaineedrop_biz-96816.pdf_48_p48_c1,jiaocaineedrop_biz-96816.pdf_48_p48_c2,jiaocaineedrop_biz-96816.pdf_48_p48_c4,yanbaopptmerge_e60b3b61281e87ddf42f9321a9e6ef9d.pdf_159_p159_c1",3,True,1.0
What does the checklist include besides the torts?,1,jiaocaineedrop_biz-96816.pdf_48_p48_c3,jiaocaineedrop_biz-96816.pdf_48_p48_c3,1,True,1.0
What does the checklist include besides the torts?,3,jiaocaineedrop_biz-96816.pdf_48_p48_c3,"jiaocaineedrop_biz-96816.pdf_48_p48_c3,jiaocaineedrop_biz-96816.pdf_48_p48_c1,jiaocaineedrop_biz-96816.pdf_48_p48_c2",1,True,1.0
What does the checklist include besides the torts?,5,jiaocaineedrop_biz-96816.pdf_48_p48_c3,"jiaocaineedrop_biz-96816.pdf_48_p48_c3,jiaocaineedrop_biz-96816.pdf_48_p48_c1,jiaocaineedrop_biz-96816.pdf_48_p48_c2,jiaocaineedrop_biz-96816.pdf_48_p48_c4,jiaocaineedrop_jiaocai_needrop_en_961_p961_c0",1,True,1.0
What is an example of an intentional tort mentioned in the text?,1,jiaocaineedrop_biz-96816.pdf_48_p48_c4,jiaocaineedrop_biz-96816.pdf_48_p48_c3,0,False,0.0
What is an example of an intentional tort mentioned in the text?,3,jiaocaineedrop_biz-96816.pdf_48_p48_c4,"jiaocaineedrop_biz-96816.pdf_48_p48_c3,jiaocaineedrop_biz-96816.pdf_48_p48_c4,jiaocaineedrop_biz-96816.pdf_48_p48_c2",2,True,1.0
What is an example of an intentional tort mentioned in the text?,5,jiaocaineedrop_biz-96816.pdf_48_p48_c4,"jiaocaineedrop_biz-96816.pdf_48_p48_c3,jiaocaineedrop_biz-96816.pdf_48_p48_c4,jiaocaineedrop_biz-96816.pdf_48_p48_c2,jiaocaineedrop_biz-96816.pdf_48_p48_c1,book_en_国外数学教材-数论-Melvyn B. Nathanson—Elementary Methods in Number Theory_0119_p119_c0",2,True,1.0
参选企业如何通过卓越管理CEO实验室达成共识？,1,yanbaor2_f832cad1f46c067198e9df95ae7b150213f16805037c1a5725e72245010d3e97.pdf_3_p3_c0,yanbaor2_f832cad1f46c067198e9df95ae7b150213f16805037c1a5725e72245010d3e97.pdf_3_p3_c0,1,True,1.0
参选企业如何通过卓越管理CEO实验室达成共识？,3,yanbaor2_f832cad1f46c067198e9df95ae7b150213f16805037c1a5725e72245010d3e97.pdf_3_p3_c0,"yanbaor2_f832cad1f46c067198e9df95ae7b150213f16805037c1a5725e72245010d3e97.pdf_3_p3_c0,newspaper_e62730aaeb9b509119e0c3699ac18201_1_p1_c12,yanbaor2_f832cad1f46c067198e9df95ae7b150213f16805037c1a5725e72245010d3e97.pdf_3_p3_c1",1,True,1.0
参选企业如何通过卓越管理CEO实验室达成共识？,5,yanbaor2_f832cad1f46c067198e9df95ae7b150213f16805037c1a5725e72245010d3e97.pdf_3_p3_c0,"yanbaor2_f832cad1f46c067198e9df95ae7b150213f16805037c1a5725e72245010d3e97.pdf_3_p3_c0,newspaper_e62730aaeb9b509119e0c3699ac18201_1_p1_c12,yanbaor2_f832cad1f46c067198e9df95ae7b150213f16805037c1a5725e72245010d3e97.pdf_3_p3_c1,yanbaor2_7f386f737cb55cffa10c8321a94bd38d7169cd69b3b253b9e2e502c12a68feea.pdf_15_p15_c0,magazine_TheEconomist.2023.11.18_page_071_p71_c5",1,True,1.0
What is the purpose of engaging in reciprocal communication with private companies?,1,yanbaor2_f832cad1f46c067198e9df95ae7b150213f16805037c1a5725e72245010d3e97.pdf_3_p3_c1,yanbaor2_f832cad1f46c067198e9df95ae7b150213f16805037c1a5725e72245010d3e97.pdf_3_p3_c1,1,True,1.0
What is the purpose of engaging in reciprocal communication with private companies?,3,yanbaor2_f832cad1f46c067198e9df95ae7b150213f16805037c1a5725e72245010d3e97.pdf_3_p3_c1,"yanbaor2_f832cad1f46c067198e9df95ae7b150213f16805037c1a5725e72245010d3e97.pdf_3_p3_c1,newspaper_The Globe and Mail - 2025-1-8@magazinesclubnew_page_018_p18_c14,yanbaopptmerge_0c79d327060dbf9f1582d03c235dadb039533a19091d2c0d24f2ad95d267f79b.pdf_2_p2_c1",1,True,1.0
What is the purpose of engaging in reciprocal communication with private companies?,5,yanbaor2_f832cad1f46c067198e9df95ae7b150213f16805037c1a5725e72245010d3e97.pdf_3_p3_c1,"yanbaor2_f832cad1f46c067198e9df95ae7b150213f16805037c1a5725e72245010d3e97.pdf_3_p3_c1,newspaper_The Globe and Mail - 2025-1-8@magazinesclubnew_page_018_p18_c14,yanbaopptmerge_0c79d327060dbf9f1582d03c235dadb039533a19091d2c0d24f2ad95d267f79b.pdf_2_p2_c1,newspaper_USAToday-2025-01-08@magazinesclubnew_page_021_p21_c2,newspaper_e62730aaeb9b509119e0c3699ac18201_1_p1_c12",1,True,1.0
Why is det(-K) equal to (-1)^3 det K in the 3 by 3 case?,1,book_en_国外数学教材-非数学专业教材-线性代数-Gilbert Strang—Linear Algebra and Its Applications 4e_0242_p242_c1,book_en_国外数学教材-非数学专业教材-线性代数-Gilbert Strang—Linear Algebra and Its Applications 4e_0242_p242_c1,1,True,1.0
Why is det(-K) equal to (-1)^3 det K in the 3 by 3 case?,3,book_en_国外数学教材-非数学专业教材-线性代数-Gilbert Strang—Linear Algebra and Its Applications 4e_0242_p242_c1,"book_en_国外数学教材-非数学专业教材-线性代数-Gilbert Strang—Linear Algebra and Its Applications 4e_0242_p242_c1,book_en_国外数学教材-非数学专业教材-线性代数-Gilbert Strang—Linear Algebra and Its Applications 4e_0242_p242_c0,exam_paper_en-file-putnam-archive_1999_Solutions_1999s_page_003_p3_c0",1,True,1.0
Why is det(-K) equal to (-1)^3 det K in the 3 by 3 case?,5,book_en_国外数学教材-非数学专业教材-线性代数-Gilbert Strang—Linear Algebra and Its Applications 4e_0242_p242_c1,"book_en_国外数学教材-非数学专业教材-线性代数-Gilbert Strang—Linear Algebra and Its Applications 4e_0242_p242_c1,book_en_国外数学教材-非数学专业教材-线性代数-Gilbert Strang—Linear Algebra and Its Applications 4e_0242_p242_c0,exam_paper_en-file-putnam-archive_1999_Solutions_1999s_page_003_p3_c0,yanbaopptmerge_3aa9b6677e17fd012b0a7a230b9f18db.pdf_1327_p1327_c0,docstructbench_llm-raw-scihub-o.O-j.ab.2007.10.021.pdf_3_p3_c1",1,True,1.0
北京天坛的回音壁应用的声学原理是什么？,1,yanbaopptmerge_yanbaoPPT_985_p985_c0,yanbaopptmerge_yanbaoPPT_985_p985_c0,1,True,1.0
北京天坛的回音壁应用的声学原理是什么？,3,yanbaopptmerge_yanbaoPPT_985_p985_c0,"yanbaopptmerge_yanbaoPPT_985_p985_c0,docstructbench_dianzishu_zhongwenzaixian-o.O-61513005.pdf_179_p179_c0,exam_paper_2016年安徽省中考英语试题（解析）_page_003_p3_c2",1,True,1.0
北京天坛的回音壁应用的声学原理是什么？,5,yanbaopptmerge_yanbaoPPT_985_p985_c0,"yanbaopptmerge_yanbaoPPT_985_p985_c0,docstructbench_dianzishu_zhongwenzaixian-o.O-61513005.pdf_179_p179_c0,exam_paper_2016年安徽省中考英语试题（解析）_page_003_p3_c2,book_zh_JGJ1022003_extracted_page_27_p27_c0,newspaper_2c69e142b52dbb30cac2cb11d3eb25e5_1_p1_c1",1,True,1.0
优你造科技的注册地是哪里？,1,yanbaor2_bfe5f11c4ad2e94d966ef6801dc992816f42c9150e2be42b008c95f59713e901.pdf_137_p137_c0,yanbaor2_bfe5f11c4ad2e94d966ef6801dc992816f42c9150e2be42b008c95f59713e901.pdf_137_p137_c0,1,True,1.0
优你造科技的注册地是哪里？,3,yanbaor2_bfe5f11c4ad2e94d966ef6801dc992816f42c9150e2be42b008c95f59713e901.pdf_137_p137_c0,"yanbaor2_bfe5f11c4ad2e94d966ef6801dc992816f42c9150e2be42b008c95f59713e901.pdf_137_p137_c0,yanbaor2_bfe5f11c4ad2e94d966ef6801dc992816f42c9150e2be42b008c95f59713e901.pdf_139_p139_c0,exam_paper_2016年安徽省中考英语试题（解析）_page_003_p3_c2",1,True,1.0
优你造科技的注册地是哪里？,5,yanbaor2_bfe5f11c4ad2e94d966ef6801dc992816f42c9150e2be42b008c95f59713e901.pdf_137_p137_c0,"yanbaor2_bfe5f11c4ad2e94d966ef6801dc992816f42c9150e2be42b008c95f59713e901.pdf_137_p137_c0,yanbaor2_bfe5f11c4ad2e94d966ef6801dc992816f42c9150e2be42b008c95f59713e901.pdf_139_p139_c0,exam_paper_2016年安徽省中考英语试题（解析）_page_003_p3_c2,newspaper_0b1bb8d03b4287eb95f67b68c2cf9f92_1_p1_c1,newspaper_fe2c8b45b2a086cd75984640bb3080e1_1_p1_c5",1,True,1.0
What effect did Koch et al. measure the frequency spectrum of?,1,docstructbench_llm-raw-scihub-o.O-j.physletb.2004.11.060.pdf_2_p2_c0,docstructbench_llm-raw-scihub-o.O-j.physletb.2004.11.060.pdf_2_p2_c1,0,False,0.0
What effect did Koch et al. measure the frequency spectrum of?,3,docstructbench_llm-raw-scihub-o.O-j.physletb.2004.11.060.pdf_2_p2_c0,"docstructbench_llm-raw-scihub-o.O-j.physletb.2004.11.060.pdf_2_p2_c1,docstructbench_llm-raw-scihub-o.O-j.physletb.2004.11.060.pdf_2_p2_c0,docstructbench_llm-raw-scihub-o.O-j.physletb.2004.11.060.pdf_2_p2_c2",2,True,1.0
What effect did Koch et al. measure the frequency spectrum of?,5,docstructbench_llm-raw-scihub-o.O-j.physletb.2004.11.060.pdf_2_p2_c0,"docstructbench_llm-raw-scihub-o.O-j.physletb.2004.11.060.pdf_2_p2_c1,docstructbench_llm-raw-scihub-o.O-j.physletb.2004.11.060.pdf_2_p2_c0,docstructbench_llm-raw-scihub-o.O-j.physletb.2004.11.060.pdf_2_p2_c2,exam_paper_2016年安徽省中考英语试题（解析）_page_015_p15_c2,docstructbench_llm-raw-scihub-o.O-j.physletb.2004.11.060.pdf_2_p2_c3",2,True,1.0
What is the term for the light that shines directly on the film?,1,yanbaopptmerge_1c5f17c3dfa38c45b86802b9d014da18.pdf_1372_p1372_c0,yanbaopptmerge_1c5f17c3dfa38c45b86802b9d014da18.pdf_1372_p1372_c0,1,True,1.0
What is the term for the light that shines directly on the film?,3,yanbaopptmerge_1c5f17c3dfa38c45b86802b9d014da18.pdf_1372_p1372_c0,"yanbaopptmerge_1c5f17c3dfa38c45b86802b9d014da18.pdf_1372_p1372_c0,yanbaopptmerge_1c5f17c3dfa38c45b86802b9d014da18.pdf_1372_p1372_c1,yanbaopptmerge_1c5f17c3dfa38c45b86802b9d014da18.pdf_1372_p1372_c2",1,True,1.0
What is the term for the light that shines directly on the film?,5,yanbaopptmerge_1c5f17c3dfa38c45b86802b9d014da18.pdf_1372_p1372_c0,"yanbaopptmerge_1c5f17c3dfa38c45b86802b9d014da18.pdf_1372_p1372_c0,yanbaopptmerge_1c5f17c3dfa38c45b86802b9d014da18.pdf_1372_p1372_c1,yanbaopptmerge_1c5f17c3dfa38c45b86802b9d014da18.pdf_1372_p1372_c2,newspaper_USAToday-2025-01-08@magazinesclubnew_page_021_p21_c5,docstructbench_llm-raw-scihub-o.O-j.physletb.2004.11.060.pdf_2_p2_c0",1,True,1.0
What does the film act like in the process of producing a hologram?,1,yanbaopptmerge_1c5f17c3dfa38c45b86802b9d014da18.pdf_1372_p1372_c1,yanbaopptmerge_1c5f17c3dfa38c45b86802b9d014da18.pdf_1372_p1372_c1,1,True,1.0
What does the film act like in the process of producing a hologram?,3,yanbaopptmerge_1c5f17c3dfa38c45b86802b9d014da18.pdf_1372_p1372_c1,"yanbaopptmerge_1c5f17c3dfa38c45b86802b9d014da18.pdf_1372_p1372_c1,yanbaopptmerge_1c5f17c3dfa38c45b86802b9d014da18.pdf_1372_p1372_c0,yanbaopptmerge_1c5f17c3dfa38c45b86802b9d014da18.pdf_1372_p1372_c2",1,True,1.0
What does the film act like in the process of producing a hologram?,5,yanbaopptmerge_1c5f17c3dfa38c45b86802b9d014da18.pdf_1372_p1372_c1,"yanbaopptmerge_1c5f17c3dfa38c45b86802b9d014da18.pdf_1372_p1372_c1,yanbaopptmerge_1c5f17c3dfa38c45b86802b9d014da18.pdf_1372_p1372_c0,yanbaopptmerge_1c5f17c3dfa38c45b86802b9d014da18.pdf_1372_p1372_c2,yanbaopptmerge_1c5f17c3dfa38c45b86802b9d014da18.pdf_1372_p1372_c3,jiaocaineedrop_jiaocai_needrop_en_961_p961_c0",1,True,1.0
What is the name of the person who invented holography?,1,yanbaopptmerge_1c5f17c3dfa38c45b86802b9d014da18.pdf_1372_p1372_c2,yanbaopptmerge_1c5f17c3dfa38c45b86802b9d014da18.pdf_1372_p1372_c2,1,True,1.0
What is the name of the person who invented holography?,3,yanbaopptmerge_1c5f17c3dfa38c45b86802b9d014da18.pdf_1372_p1372_c2,"yanbaopptmerge_1c5f17c3dfa38c45b86802b9d014da18.pdf_1372_p1372_c2,jiaocaineedrop_biz-96816.pdf_48_p48_c3,yanbaopptmerge_1c5f17c3dfa38c45b86802b9d014da18.pdf_1372_p1372_c0",1,True,1.0
What is the name of the person who invented holography?,5,yanbaopptmerge_1c5f17c3dfa38c45b86802b9d014da18.pdf_1372_p1372_c2,"yanbaopptmerge_1c5f17c3dfa38c45b86802b9d014da18.pdf_1372_p1372_c2,jiaocaineedrop_biz-96816.pdf_48_p48_c3,yanbaopptmerge_1c5f17c3dfa38c45b86802b9d014da18.pdf_1372_p1372_c0,exam_paper_2004-2019上海高考英语听力原文和答案_page_017_p17_c3,yanbaopptmerge_1c5f17c3dfa38c45b86802b9d014da18.pdf_1372_p1372_c1",1,True,1.0
What allows complete 3-D holographic displays of objects from a stack or images?,1,yanbaopptmerge_1c5f17c3dfa38c45b86802b9d014da18.pdf_1372_p1372_c3,yanbaopptmerge_1c5f17c3dfa38c45b86802b9d014da18.pdf_1372_p1372_c3,1,True,1.0
What allows complete 3-D holographic displays of objects from a stack or images?,3,yanbaopptmerge_1c5f17c3dfa38c45b86802b9d014da18.pdf_1372_p1372_c3,"yanbaopptmerge_1c5f17c3dfa38c45b86802b9d014da18.pdf_1372_p1372_c3,yanbaopptmerge_1c5f17c3dfa38c45b86802b9d014da18.pdf_1372_p1372_c2,jiaocaineedrop_biz-96816.pdf_48_p48_c3",1,True,1.0
What allows complete 3-D holographic displays of objects from a stack or images?,5,yanbaopptmerge_1c5f17c3dfa38c45b86802b9d014da18.pdf_1372_p1372_c3,"yanbaopptmerge_1c5f17c3dfa38c45b86802b9d014da18.pdf_1372_p1372_c3,yanbaopptmerge_1c5f17c3dfa38c45b86802b9d014da18.pdf_1372_p1372_c2,jiaocaineedrop_biz-96816.pdf_48_p48_c3,yanbaopptmerge_1c5f17c3dfa38c45b86802b9d014da18.pdf_1372_p1372_c1,PPT_BaharMartonosi_page_006_p6_c0",1,True,1.0
What is the main topic of this section?,1,yanbaopptmerge_1c5f17c3dfa38c45b86802b9d014da18.pdf_1372_p1372_c4,docstructbench_dianzishu_zhongwenzaixian-o.O-61523162.pdf_276_p276_c0,0,False,0.0
What is the main topic of this section?,3,yanbaopptmerge_1c5f17c3dfa38c45b86802b9d014da18.pdf_1372_p1372_c4,"docstructbench_dianzishu_zhongwenzaixian-o.O-61523162.pdf_276_p276_c0,jiaocaineedrop_jiaocai_needrop_en_961_p961_c0,newspaper_The Globe and Mail - 2025-1-8@magazinesclubnew_page_014_p14_c0",0,False,0.0
What is the main topic of this section?,5,yanbaopptmerge_1c5f17c3dfa38c45b86802b9d014da18.pdf_1372_p1372_c4,"docstructbench_dianzishu_zhongwenzaixian-o.O-61523162.pdf_276_p276_c0,jiaocaineedrop_jiaocai_needrop_en_961_p961_c0,newspaper_The Globe and Mail - 2025-1-8@magazinesclubnew_page_014_p14_c0,jiaocaineedrop_biz-96816.pdf_48_p48_c1,newspaper_The Globe and Mail - 2025-1-8@magazinesclubnew_page_014_p14_c2",0,False,0.0
What was the volume of the eluent collected after discarding the first 18 ml?,1,docstructbench_llm-raw-scihub-o.O-j.chroma.2005.05.085.pdf_4_p4_c0,docstructbench_llm-raw-scihub-o.O-j.chroma.2005.05.085.pdf_4_p4_c0,1,True,1.0
What was the volume of the eluent collected after discarding the first 18 ml?,3,docstructbench_llm-raw-scihub-o.O-j.chroma.2005.05.085.pdf_4_p4_c0,"docstructbench_llm-raw-scihub-o.O-j.chroma.2005.05.085.pdf_4_p4_c0,docstructbench_llm-raw-scihub-o.O-j.chroma.2005.05.085.pdf_4_p4_c2,yanbaopptmerge_e60b3b61281e87ddf42f9321a9e6ef9d.pdf_159_p159_c1",1,True,1.0
What was the volume of the eluent collected after discarding the first 18 ml?,5,docstructbench_llm-raw-scihub-o.O-j.chroma.2005.05.085.pdf_4_p4_c0,"docstructbench_llm-raw-scihub-o.O-j.chroma.2005.05.085.pdf_4_p4_c0,docstructbench_llm-raw-scihub-o.O-j.chroma.2005.05.085.pdf_4_p4_c2,yanbaopptmerge_e60b3b61281e87ddf42f9321a9e6ef9d.pdf_159_p159_c1,docstructbench_llm-raw-scihub-o.O-j.chroma.2005.05.085.pdf_4_p4_c9,magazine_TheEconomist.2024.03.02_page_075_p75_c1",1,True,1.0
What needs to be removed before GC–EI-MS analysis?,1,docstructbench_llm-raw-scihub-o.O-j.chroma.2005.05.085.pdf_4_p4_c1,docstructbench_llm-raw-scihub-o.O-j.chroma.2005.05.085.pdf_4_p4_c1,1,True,1.0
What needs to be removed before GC–EI-MS analysis?,3,docstructbench_llm-raw-scihub-o.O-j.chroma.2005.05.085.pdf_4_p4_c1,"docstructbench_llm-raw-scihub-o.O-j.chroma.2005.05.085.pdf_4_p4_c1,exam_paper_en-file-putnam-archive_2011_Solutions_2011s_page_002_p2_c1,yanbaopptmerge_e60b3b61281e87ddf42f9321a9e6ef9d.pdf_159_p159_c1",1,True,1.0
What needs to be removed before GC–EI-MS analysis?,5,docstructbench_llm-raw-scihub-o.O-j.chroma.2005.05.085.pdf_4_p4_c1,"docstructbench_llm-raw-scihub-o.O-j.chroma.2005.05.085.pdf_4_p4_c1,exam_paper_en-file-putnam-archive_2011_Solutions_2011s_page_002_p2_c1,yanbaopptmerge_e60b3b61281e87ddf42f9321a9e6ef9d.pdf_159_p159_c1,docstructbench_llm-raw-scihub-o.O-j.chroma.2005.05.085.pdf_4_p4_c0,docstructbench_llm-raw-scihub-o.O-j.chroma.2005.05.085.pdf_4_p4_c5",1,True,1.0
What substances were used to clean the copper bars?,1,docstructbench_llm-raw-scihub-o.O-j.chroma.2005.05.085.pdf_4_p4_c2,docstructbench_llm-raw-scihub-o.O-j.chroma.2005.05.085.pdf_4_p4_c2,1,True,1.0
What substances were used to clean the copper bars?,3,docstructbench_llm-raw-scihub-o.O-j.chroma.2005.05.085.pdf_4_p4_c2,"docstructbench_llm-raw-scihub-o.O-j.chroma.2005.05.085.pdf_4_p4_c2,scihub_s11661-013-1726-7.pdf_2_p2_c2,jiaocaineedrop_jiaocai_needrop_en_2509_p2509_c0",1,True,1.0
What substances were used to clean the copper bars?,5,docstructbench_llm-raw-scihub-o.O-j.chroma.2005.05.085.pdf_4_p4_c2,"docstructbench_llm-raw-scihub-o.O-j.chroma.2005.05.085.pdf_4_p4_c2,scihub_s11661-013-1726-7.pdf_2_p2_c2,jiaocaineedrop_jiaocai_needrop_en_2509_p2509_c0,docstructbench_llm-raw-scihub-o.O-j.apcata.2006.05.010.pdf_2_p2_c4,yanbaopptmerge_e60b3b61281e87ddf42f9321a9e6ef9d.pdf_159_p159_c1",1,True,1.0
What is sewage sludge considered as according to the text?,1,docstructbench_llm-raw-scihub-o.O-j.chroma.2005.05.085.pdf_4_p4_c3,docstructbench_llm-raw-scihub-o.O-j.chroma.2005.05.085.pdf_4_p4_c4,0,False,0.0
What is sewage sludge considered as according to the text?,3,docstructbench_llm-raw-scihub-o.O-j.chroma.2005.05.085.pdf_4_p4_c3,"docstructbench_llm-raw-scihub-o.O-j.chroma.2005.05.085.pdf_4_p4_c4,docstructbench_llm-raw-scihub-o.O-j.chroma.2005.05.085.pdf_4_p4_c2,docstructbench_llm-raw-scihub-o.O-j.chroma.2005.05.085.pdf_4_p4_c3",3,True,1.0
What is sewage sludge considered as according to the text?,5,docstructbench_llm-raw-scihub-o.O-j.chroma.2005.05.085.pdf_4_p4_c3,"docstructbench_llm-raw-scihub-o.O-j.chroma.2005.05.085.pdf_4_p4_c4,docstructbench_llm-raw-scihub-o.O-j.chroma.2005.05.085.pdf_4_p4_c2,docstructbench_llm-raw-scihub-o.O-j.chroma.2005.05.085.pdf_4_p4_c3,docstructbench_llm-raw-scihub-o.O-j.chroma.2005.05.085.pdf_4_p4_c5,docstructbench_llm-raw-scihub-o.O-j.chroma.2005.05.085.pdf_4_p4_c10",3,True,1.0
What is the daily sewage quantity received by Jahra?,1,docstructbench_llm-raw-scihub-o.O-j.chroma.2005.05.085.pdf_4_p4_c4,docstructbench_llm-raw-scihub-o.O-j.chroma.2005.05.085.pdf_4_p4_c4,1,True,1.0
What is the daily sewage quantity received by Jahra?,3,docstructbench_llm-raw-scihub-o.O-j.chroma.2005.05.085.pdf_4_p4_c4,"docstructbench_llm-raw-scihub-o.O-j.chroma.2005.05.085.pdf_4_p4_c4,docstructbench_llm-raw-scihub-o.O-j.chroma.2005.05.085.pdf_4_p4_c3,yanbaopptmerge_d346b889f1d85c61950a71d4b0ac2752.pdf_89_p89_c3",1,True,1.0
What is the daily sewage quantity received by Jahra?,5,docstructbench_llm-raw-scihub-o.O-j.chroma.2005.05.085.pdf_4_p4_c4,"docstructbench_llm-raw-scihub-o.O-j.chroma.2005.05.085.pdf_4_p4_c4,docstructbench_llm-raw-scihub-o.O-j.chroma.2005.05.085.pdf_4_p4_c3,yanbaopptmerge_d346b889f1d85c61950a71d4b0ac2752.pdf_89_p89_c3,docstructbench_llm-raw-scihub-o.O-j.chroma.2005.05.085.pdf_4_p4_c5,jiaocaineedrop_Chapter9.pdf_46_p46_c0",1,True,1.0
What is the recovery percentage for BaA with its RSD using the Soxtec technique?,1,docstructbench_llm-raw-scihub-o.O-j.chroma.2005.05.085.pdf_4_p4_c5,docstructbench_llm-raw-scihub-o.O-j.chroma.2005.05.085.pdf_4_p4_c8,0,False,0.0
What is the recovery percentage for BaA with its RSD using the Soxtec technique?,3,docstructbench_llm-raw-scihub-o.O-j.chroma.2005.05.085.pdf_4_p4_c5,"docstructbench_llm-raw-scihub-o.O-j.chroma.2005.05.085.pdf_4_p4_c8,docstructbench_llm-raw-scihub-o.O-j.chroma.2005.05.085.pdf_4_p4_c5,yanbaopptmerge_e60b3b61281e87ddf42f9321a9e6ef9d.pdf_159_p159_c1",2,True,1.0
What is the recovery percentage for BaA with its RSD using the Soxtec technique?,5,docstructbench_llm-raw-scihub-o.O-j.chroma.2005.05.085.pdf_4_p4_c5,"docstructbench_llm-raw-scihub-o.O-j.chroma.2005.05.085.pdf_4_p4_c8,docstructbench_llm-raw-scihub-o.O-j.chroma.2005.05.085.pdf_4_p4_c5,yanbaopptmerge_e60b3b61281e87ddf42f9321a9e6ef9d.pdf_159_p159_c1,docstructbench_llm-raw-scihub-o.O-j.chroma.2005.05.085.pdf_4_p4_c7,newspaper_The Globe and Mail - 2025-1-8@magazinesclubnew_page_027_p27_c5",2,True,1.0
What is the value for BkF in the second column?,1,docstructbench_llm-raw-scihub-o.O-j.chroma.2005.05.085.pdf_4_p4_c6,newspaper_The Wall Street Journal - 2025-01-08@magazinesclubnew_page_018_p18_c0,0,False,0.0
What is the value for BkF in the second column?,3,docstructbench_llm-raw-scihub-o.O-j.chroma.2005.05.085.pdf_4_p4_c6,"newspaper_The Wall Street Journal - 2025-01-08@magazinesclubnew_page_018_p18_c0,book_en_国外数学教材-非数学专业教材-线性代数-Gilbert Strang—Linear Algebra and Its Applications 4e_0035_p35_c3,newspaper_The Globe and Mail - 2025-1-8@magazinesclubnew_page_014_p14_c2",0,False,0.0
What is the value for BkF in the second column?,5,docstructbench_llm-raw-scihub-o.O-j.chroma.2005.05.085.pdf_4_p4_c6,"newspaper_The Wall Street Journal - 2025-01-08@magazinesclubnew_page_018_p18_c0,book_en_国外数学教材-非数学专业教材-线性代数-Gilbert Strang—Linear Algebra and Its Applications 4e_0035_p35_c3,newspaper_The Globe and Mail - 2025-1-8@magazinesclubnew_page_014_p14_c2,yanbaopptmerge_e60b3b61281e87ddf42f9321a9e6ef9d.pdf_159_p159_c1,book_en_国外数学教材-非数学专业教材-线性代数-Gilbert Strang—Linear Algebra and Its Applications 4e_0035_p35_c1",0,False,0.0
What is the range of extraction recoveries mentioned in the text?,1,docstructbench_llm-raw-scihub-o.O-j.chroma.2005.05.085.pdf_4_p4_c7,docstructbench_llm-raw-scihub-o.O-j.chroma.2005.05.085.pdf_4_p4_c7,1,True,1.0
What is the range of extraction recoveries mentioned in the text?,3,docstructbench_llm-raw-scihub-o.O-j.chroma.2005.05.085.pdf_4_p4_c7,"docstructbench_llm-raw-scihub-o.O-j.chroma.2005.05.085.pdf_4_p4_c7,docstructbench_llm-raw-scihub-o.O-j.chroma.2005.05.085.pdf_4_p4_c9,jiaocaineedrop_biz-96816.pdf_48_p48_c1",1,True,1.0
What is the range of extraction recoveries mentioned in the text?,5,docstructbench_llm-raw-scihub-o.O-j.chroma.2005.05.085.pdf_4_p4_c7,"docstructbench_llm-raw-scihub-o.O-j.chroma.2005.05.085.pdf_4_p4_c7,docstructbench_llm-raw-scihub-o.O-j.chroma.2005.05.085.pdf_4_p4_c9,jiaocaineedrop_biz-96816.pdf_48_p48_c1,docstructbench_llm-raw-scihub-o.O-j.chroma.2005.05.085.pdf_4_p4_c5,yanbaopptmerge_e60b3b61281e87ddf42f9321a9e6ef9d.pdf_159_p159_c1",1,True,1.0
What is the range of relative standard deviations for the recoveries?,1,docstructbench_llm-raw-scihub-o.O-j.chroma.2005.05.085.pdf_4_p4_c8,docstructbench_llm-raw-scihub-o.O-j.chroma.2005.05.085.pdf_4_p4_c7,0,False,0.0
What is the range of relative standard deviations for the recoveries?,3,docstructbench_llm-raw-scihub-o.O-j.chroma.2005.05.085.pdf_4_p4_c8,"docstructbench_llm-raw-scihub-o.O-j.chroma.2005.05.085.pdf_4_p4_c7,docstructbench_llm-raw-scihub-o.O-j.chroma.2005.05.085.pdf_4_p4_c8,docstructbench_llm-raw-scihub-o.O-j.chroma.2005.05.085.pdf_4_p4_c5",2,True,1.0
What is the range of relative standard deviations for the recoveries?,5,docstructbench_llm-raw-scihub-o.O-j.chroma.2005.05.085.pdf_4_p4_c8,"docstructbench_llm-raw-scihub-o.O-j.chroma.2005.05.085.pdf_4_p4_c7,docstructbench_llm-raw-scihub-o.O-j.chroma.2005.05.085.pdf_4_p4_c8,docstructbench_llm-raw-scihub-o.O-j.chroma.2005.05.085.pdf_4_p4_c5,yanbaopptmerge_e60b3b61281e87ddf42f9321a9e6ef9d.pdf_159_p159_c1,docstructbench_llm-raw-scihub-o.O-j.chroma.2005.05.085.pdf_4_p4_c9",2,True,1.0
What was the range of RSDs for PLE recoveries?,1,docstructbench_llm-raw-scihub-o.O-j.chroma.2005.05.085.pdf_4_p4_c9,docstructbench_llm-raw-scihub-o.O-j.chroma.2005.05.085.pdf_4_p4_c9,1,True,1.0
What was the range of RSDs for PLE recoveries?,3,docstructbench_llm-raw-scihub-o.O-j.chroma.2005.05.085.pdf_4_p4_c9,"docstructbench_llm-raw-scihub-o.O-j.chroma.2005.05.085.pdf_4_p4_c9,docstructbench_llm-raw-scihub-o.O-j.chroma.2005.05.085.pdf_4_p4_c7,docstructbench_llm-raw-scihub-o.O-j.chroma.2005.05.085.pdf_4_p4_c5",1,True,1.0
What was the range of RSDs for PLE recoveries?,5,docstructbench_llm-raw-scihub-o.O-j.chroma.2005.05.085.pdf_4_p4_c9,"docstructbench_llm-raw-scihub-o.O-j.chroma.2005.05.085.pdf_4_p4_c9,docstructbench_llm-raw-scihub-o.O-j.chroma.2005.05.085.pdf_4_p4_c7,docstructbench_llm-raw-scihub-o.O-j.chroma.2005.05.085.pdf_4_p4_c5,docstructbench_llm-raw-scihub-o.O-j.chroma.2005.05.085.pdf_4_p4_c8,yanbaopptmerge_e60b3b61281e87ddf42f9321a9e6ef9d.pdf_159_p159_c1",1,True,1.0
What are the examples of compounds extracted using ASE in environmental samples?,1,docstructbench_llm-raw-scihub-o.O-j.chroma.2005.05.085.pdf_4_p4_c10,docstructbench_llm-raw-scihub-o.O-j.chroma.2005.05.085.pdf_4_p4_c10,1,True,1.0
What are the examples of compounds extracted using ASE in environmental samples?,3,docstructbench_llm-raw-scihub-o.O-j.chroma.2005.05.085.pdf_4_p4_c10,"docstructbench_llm-raw-scihub-o.O-j.chroma.2005.05.085.pdf_4_p4_c10,docstructbench_llm-raw-scihub-o.O-j.chroma.2005.05.085.pdf_4_p4_c2,docstructbench_llm-raw-scihub-o.O-j.chroma.2005.05.085.pdf_4_p4_c7",1,True,1.0
What are the examples of compounds extracted using ASE in environmental samples?,5,docstructbench_llm-raw-scihub-o.O-j.chroma.2005.05.085.pdf_4_p4_c10,"docstructbench_llm-raw-scihub-o.O-j.chroma.2005.05.085.pdf_4_p4_c10,docstructbench_llm-raw-scihub-o.O-j.chroma.2005.05.085.pdf_4_p4_c2,docstructbench_llm-raw-scihub-o.O-j.chroma.2005.05.085.pdf_4_p4_c7,docstructbench_llm-raw-scihub-o.O-j.chroma.2005.05.085.pdf_4_p4_c5,jiaocaineedrop_jiaocai_needrop_en_961_p961_c0",1,True,1.0
怎样才能迅速、准确、完善地解答好各类地理问题？,1,notes_1ba14cb325bc448f7201b20502ecf2b5_123_p123_c0,notes_1ba14cb325bc448f7201b20502ecf2b5_123_p123_c0,1,True,1.0
怎样才能迅速、准确、完善地解答好各类地理问题？,3,notes_1ba14cb325bc448f7201b20502ecf2b5_123_p123_c0,"notes_1ba14cb325bc448f7201b20502ecf2b5_123_p123_c0,jiaocaineedrop_jiaocai_needrop_en_2884_p2884_c0,notes_f7f010b78016aeebd76e56d9283eb67f_92_p92_c0",1,True,1.0
怎样才能迅速、准确、完善地解答好各类地理问题？,5,notes_1ba14cb325bc448f7201b20502ecf2b5_123_p123_c0,"notes_1ba14cb325bc448f7201b20502ecf2b5_123_p123_c0,jiaocaineedrop_jiaocai_needrop_en_2884_p2884_c0,notes_f7f010b78016aeebd76e56d9283eb67f_92_p92_c0,notes_1ba14cb325bc448f7201b20502ecf2b5_10_p10_c0,newspaper_eb569707cf5621d4c71d5898216cdb17_1_p1_c10",1,True,1.0
Which states in India are home to most of the country's leading tech companies?,1,magazine_TheEconomist.2024.03.02_page_032_p32_c0,magazine_TheEconomist.2024.03.02_page_032_p32_c0,1,True,1.0
Which states in India are home to most of the country's leading tech companies?,3,magazine_TheEconomist.2024.03.02_page_032_p32_c0,"magazine_TheEconomist.2024.03.02_page_032_p32_c0,magazine_TheEconomist.2024.03.02_page_032_p32_c1,magazine_TheEconomist.2023.11.18_page_030_p30_c0",1,True,1.0
Which states in India are home to most of the country's leading tech companies?,5,magazine_TheEconomist.2024.03.02_page_032_p32_c0,"magazine_TheEconomist.2024.03.02_page_032_p32_c0,magazine_TheEconomist.2024.03.02_page_032_p32_c1,magazine_TheEconomist.2023.11.18_page_030_p30_c0,magazine_TheEconomist.2024.03.02_page_032_p32_c3,magazine_TheEconomist.2024.03.02_page_028_p28_c6",1,True,1.0
Which state has been controlled by Dravidian movement parties since the 1960s?,1,magazine_TheEconomist.2024.03.02_page_032_p32_c1,magazine_TheEconomist.2024.03.02_page_032_p32_c2,0,False,0.0
Which state has been controlled by Dravidian movement parties since the 1960s?,3,magazine_TheEconomist.2024.03.02_page_032_p32_c1,"magazine_TheEconomist.2024.03.02_page_032_p32_c2,magazine_TheEconomist.2024.03.02_page_032_p32_c1,magazine_TheEconomist.2023.12.23_page_012_p12_c3",2,True,1.0
Which state has been controlled by Dravidian movement parties since the 1960s?,5,magazine_TheEconomist.2024.03.02_page_032_p32_c1,"magazine_TheEconomist.2024.03.02_page_032_p32_c2,magazine_TheEconomist.2024.03.02_page_032_p32_c1,magazine_TheEconomist.2023.12.23_page_012_p12_c3,magazine_TheEconomist.2024.03.02_page_032_p32_c5,jiaocaineedrop_Chapter9.pdf_46_p46_c0",2,True,1.0
What did Mr Annamalai say about his identity?,1,magazine_TheEconomist.2024.03.02_page_032_p32_c2,magazine_TheEconomist.2024.03.02_page_032_p32_c2,1,True,1.0
What did Mr Annamalai say about his identity?,3,magazine_TheEconomist.2024.03.02_page_032_p32_c2,"magazine_TheEconomist.2024.03.02_page_032_p32_c2,exam_paper_2016年安徽省中考英语试题（解析）_page_015_p15_c2,magazine_TheEconomist.2023.11.25_page_069_p69_c3",1,True,1.0
What did Mr Annamalai say about his identity?,5,magazine_TheEconomist.2024.03.02_page_032_p32_c2,"magazine_TheEconomist.2024.03.02_page_032_p32_c2,exam_paper_2016年安徽省中考英语试题（解析）_page_015_p15_c2,magazine_TheEconomist.2023.11.25_page_069_p69_c3,magazine_TheEconomist.2024.03.02_page_075_p75_c4,magazine_TheEconomist.2024.03.02_page_032_p32_c5",1,True,1.0
What policy did Mr Modi implement in 2017 that affected tax revenue distribution?,1,magazine_TheEconomist.2024.03.02_page_032_p32_c4,magazine_TheEconomist.2024.03.02_page_032_p32_c4,1,True,1.0
What policy did Mr Modi implement in 2017 that affected tax revenue distribution?,3,magazine_TheEconomist.2024.03.02_page_032_p32_c4,"magazine_TheEconomist.2024.03.02_page_032_p32_c4,magazine_TheEconomist.2023.11.18_page_030_p30_c3,exam_paper_2016年安徽省中考英语试题（解析）_page_015_p15_c2",1,True,1.0
What policy did Mr Modi implement in 2017 that affected tax revenue distribution?,5,magazine_TheEconomist.2024.03.02_page_032_p32_c4,"magazine_TheEconomist.2024.03.02_page_032_p32_c4,magazine_TheEconomist.2023.11.18_page_030_p30_c3,exam_paper_2016年安徽省中考英语试题（解析）_page_015_p15_c2,magazine_TheEconomist.2024.03.02_page_032_p32_c3,yanbaopptmerge_SE14.pdf_1_p1_c0",1,True,1.0
Which state has the BJP already made inroads in?,1,magazine_TheEconomist.2024.03.02_page_032_p32_c5,magazine_TheEconomist.2024.03.02_page_032_p32_c5,1,True,1.0
Which state has the BJP already made inroads in?,3,magazine_TheEconomist.2024.03.02_page_032_p32_c5,"magazine_TheEconomist.2024.03.02_page_032_p32_c5,magazine_TheEconomist.2024.03.02_page_032_p32_c3,magazine_TheEconomist.2024.03.02_page_032_p32_c2",1,True,1.0
Which state has the BJP already made inroads in?,5,magazine_TheEconomist.2024.03.02_page_032_p32_c5,"magazine_TheEconomist.2024.03.02_page_032_p32_c5,magazine_TheEconomist.2024.03.02_page_032_p32_c3,magazine_TheEconomist.2024.03.02_page_032_p32_c2,magazine_TheEconomist.2024.03.02_page_032_p32_c1,color_textbook_zhonggaokao_小学_KET听说读写逐项突破_KET听说读写逐项突破之轻松搞定KET写作25分 【10讲 褚连一】_第05讲第五课写作Part7详解_第五课写作Part7详解_page_001_p1_c1",1,True,1.0
Does federal consumer protection law apply to a local farmstand business?,1,jiaocaineedrop_chap15.pdf_3_p3_c0,jiaocaineedrop_chap15.pdf_3_p3_c0,1,True,1.0
Does federal consumer protection law apply to a local farmstand business?,3,jiaocaineedrop_chap15.pdf_3_p3_c0,"jiaocaineedrop_chap15.pdf_3_p3_c0,newspaper_fe5ed29024932fad071afc53807b16ba_1_p1_c4,newspaper_35bdaa11dec104ccbdc9e19ac8527d21_1_p1_c5",1,True,1.0
Does federal consumer protection law apply to a local farmstand business?,5,jiaocaineedrop_chap15.pdf_3_p3_c0,"jiaocaineedrop_chap15.pdf_3_p3_c0,newspaper_fe5ed29024932fad071afc53807b16ba_1_p1_c4,newspaper_35bdaa11dec104ccbdc9e19ac8527d21_1_p1_c5,yanbaor2_930d8c81854d7450cd35af7b050fed88e4e461b4f0ac0dab07e3232a4e703a06.pdf_14_p14_c0,newspaper_fe5ed29024932fad071afc53807b16ba_1_p1_c1",1,True,1.0
What percentage of complaints in 2002 were related to credit/debit card fraud?,1,jiaocaineedrop_chap15.pdf_3_p3_c1,jiaocaineedrop_chap15.pdf_3_p3_c1,1,True,1.0
What percentage of complaints in 2002 were related to credit/debit card fraud?,3,jiaocaineedrop_chap15.pdf_3_p3_c1,"jiaocaineedrop_chap15.pdf_3_p3_c1,docstructbench_llm-raw-scihub-o.O-hup.908.pdf_5_p5_c0,exam_paper_2004-2019上海高考英语听力原文和答案_page_017_p17_c3",1,True,1.0
What percentage of complaints in 2002 were related to credit/debit card fraud?,5,jiaocaineedrop_chap15.pdf_3_p3_c1,"jiaocaineedrop_chap15.pdf_3_p3_c1,docstructbench_llm-raw-scihub-o.O-hup.908.pdf_5_p5_c0,exam_paper_2004-2019上海高考英语听力原文和答案_page_017_p17_c3,yanbaor2_89c3718f5a45179ef57a5063c6df36fc2c9b7e3ab4275f4905ed89f1c17232ea.pdf_14_p14_c2,yanbaopptmerge_e60b3b61281e87ddf42f9321a9e6ef9d.pdf_159_p159_c1",1,True,1.0
中国在新疆地区投资主要用于哪些建设？,1,yanbaor2_ea86fd46182ff9b675775645ecaf43782b996ffaeeb09c679f56a47aabfbf6b7.pdf_9_p9_c0,yanbaor2_ea86fd46182ff9b675775645ecaf43782b996ffaeeb09c679f56a47aabfbf6b7.pdf_9_p9_c0,1,True,1.0
中国在新疆地区投资主要用于哪些建设？,3,yanbaor2_ea86fd46182ff9b675775645ecaf43782b996ffaeeb09c679f56a47aabfbf6b7.pdf_9_p9_c0,"yanbaor2_ea86fd46182ff9b675775645ecaf43782b996ffaeeb09c679f56a47aabfbf6b7.pdf_9_p9_c0,newspaper_eb569707cf5621d4c71d5898216cdb17_1_p1_c10,newspaper_2c69e142b52dbb30cac2cb11d3eb25e5_1_p1_c3",1,True,1.0
中国在新疆地区投资主要用于哪些建设？,5,yanbaor2_ea86fd46182ff9b675775645ecaf43782b996ffaeeb09c679f56a47aabfbf6b7.pdf_9_p9_c0,"yanbaor2_ea86fd46182ff9b675775645ecaf43782b996ffaeeb09c679f56a47aabfbf6b7.pdf_9_p9_c0,newspaper_eb569707cf5621d4c71d5898216cdb17_1_p1_c10,newspaper_2c69e142b52dbb30cac2cb11d3eb25e5_1_p1_c3,yanbaor2_ea86fd46182ff9b675775645ecaf43782b996ffaeeb09c679f56a47aabfbf6b7.pdf_9_p9_c1,newspaper_2c69e142b52dbb30cac2cb11d3eb25e5_1_p1_c2",1,True,1.0
哪些机构提供了关于新丝绸之路的资料？,1,yanbaor2_ea86fd46182ff9b675775645ecaf43782b996ffaeeb09c679f56a47aabfbf6b7.pdf_9_p9_c1,yanbaor2_ea86fd46182ff9b675775645ecaf43782b996ffaeeb09c679f56a47aabfbf6b7.pdf_9_p9_c1,1,True,1.0
哪些机构提供了关于新丝绸之路的资料？,3,yanbaor2_ea86fd46182ff9b675775645ecaf43782b996ffaeeb09c679f56a47aabfbf6b7.pdf_9_p9_c1,"yanbaor2_ea86fd46182ff9b675775645ecaf43782b996ffaeeb09c679f56a47aabfbf6b7.pdf_9_p9_c1,yanbaor2_ea86fd46182ff9b675775645ecaf43782b996ffaeeb09c679f56a47aabfbf6b7.pdf_9_p9_c0,yanbaopptmerge_0c79d327060dbf9f1582d03c235dadb039533a19091d2c0d24f2ad95d267f79b.pdf_2_p2_c1",1,True,1.0
哪些机构提供了关于新丝绸之路的资料？,5,yanbaor2_ea86fd46182ff9b675775645ecaf43782b996ffaeeb09c679f56a47aabfbf6b7.pdf_9_p9_c1,"yanbaor2_ea86fd46182ff9b675775645ecaf43782b996ffaeeb09c679f56a47aabfbf6b7.pdf_9_p9_c1,yanbaor2_ea86fd46182ff9b675775645ecaf43782b996ffaeeb09c679f56a47aabfbf6b7.pdf_9_p9_c0,yanbaopptmerge_0c79d327060dbf9f1582d03c235dadb039533a19091d2c0d24f2ad95d267f79b.pdf_2_p2_c1,newspaper_b95d1d8eb0d756cc94a5d8b5db3cf69b_1_p1_c0,jiaocaineedrop_jiaocai_needrop_en_887_p887_c0",1,True,1.0
贾探春的才华如何体现？,1,yanbaopptmerge_yanbaoPPT_1090_p1090_c0,yanbaopptmerge_yanbaoPPT_1090_p1090_c0,1,True,1.0
贾探春的才华如何体现？,3,yanbaopptmerge_yanbaoPPT_1090_p1090_c0,"yanbaopptmerge_yanbaoPPT_1090_p1090_c0,newspaper_fe2c8b45b2a086cd75984640bb3080e1_1_p1_c5,exam_paper_2016年安徽省中考英语试题（解析）_page_003_p3_c2",1,True,1.0
贾探春的才华如何体现？,5,yanbaopptmerge_yanbaoPPT_1090_p1090_c0,"yanbaopptmerge_yanbaoPPT_1090_p1090_c0,newspaper_fe2c8b45b2a086cd75984640bb3080e1_1_p1_c5,exam_paper_2016年安徽省中考英语试题（解析）_page_003_p3_c2,newspaper_fe2c8b45b2a086cd75984640bb3080e1_1_p1_c6,yanbaor2_7f386f737cb55cffa10c8321a94bd38d7169cd69b3b253b9e2e502c12a68feea.pdf_15_p15_c0",1,True,1.0
为什么不能很好地听到演讲者讲话？,1,exam_paper_2016年安徽省中考英语试题（解析）_page_003_p3_c0,exam_paper_2016年安徽省中考英语试题（解析）_page_003_p3_c0,1,True,1.0
为什么不能很好地听到演讲者讲话？,3,exam_paper_2016年安徽省中考英语试题（解析）_page_003_p3_c0,"exam_paper_2016年安徽省中考英语试题（解析）_page_003_p3_c0,exam_paper_2016年安徽省中考英语试题（解析）_page_003_p3_c1,jiaocaineedrop_jiaocai_needrop_en_961_p961_c0",1,True,1.0
为什么不能很好地听到演讲者讲话？,5,exam_paper_2016年安徽省中考英语试题（解析）_page_003_p3_c0,"exam_paper_2016年安徽省中考英语试题（解析）_page_003_p3_c0,exam_paper_2016年安徽省中考英语试题（解析）_page_003_p3_c1,jiaocaineedrop_jiaocai_needrop_en_961_p961_c0,notes_1ba14cb325bc448f7201b20502ecf2b5_123_p123_c0,exam_paper_2004-2019上海高考英语听力原文和答案_page_017_p17_c3",1,True,1.0
为什么选择 can't 作为正确答案？,1,exam_paper_2016年安徽省中考英语试题（解析）_page_003_p3_c1,exam_paper_2016年安徽省中考英语试题（解析）_page_003_p3_c1,1,True,1.0
为什么选择 can't 作为正确答案？,3,exam_paper_2016年安徽省中考英语试题（解析）_page_003_p3_c1,"exam_paper_2016年安徽省中考英语试题（解析）_page_003_p3_c1,exam_paper_2016年安徽省中考英语试题（解析）_page_003_p3_c2,color_textbook_教材全解1+1二年级上册英语上海牛津版_page_067_p67_c1",1,True,1.0
为什么选择 can't 作为正确答案？,5,exam_paper_2016年安徽省中考英语试题（解析）_page_003_p3_c1,"exam_paper_2016年安徽省中考英语试题（解析）_page_003_p3_c1,exam_paper_2016年安徽省中考英语试题（解析）_page_003_p3_c2,color_textbook_教材全解1+1二年级上册英语上海牛津版_page_067_p67_c1,exam_paper_2016年安徽省中考英语试题（解析）_page_003_p3_c0,exam_paper_en-file-putnam-archive_2007_Solutions_2007s_page_001_p1_c4",1,True,1.0
石桥是在什么时候被建造的？,1,exam_paper_2016年安徽省中考英语试题（解析）_page_003_p3_c2,exam_paper_2016年安徽省中考英语试题（解析）_page_003_p3_c2,1,True,1.0
石桥是在什么时候被建造的？,3,exam_paper_2016年安徽省中考英语试题（解析）_page_003_p3_c2,"exam_paper_2016年安徽省中考英语试题（解析）_page_003_p3_c2,newspaper_2c69e142b52dbb30cac2cb11d3eb25e5_1_p1_c8,newspaper_2c69e142b52dbb30cac2cb11d3eb25e5_1_p1_c3",1,True,1.0
石桥是在什么时候被建造的？,5,exam_paper_2016年安徽省中考英语试题（解析）_page_003_p3_c2,"exam_paper_2016年安徽省中考英语试题（解析）_page_003_p3_c2,newspaper_2c69e142b52dbb30cac2cb11d3eb25e5_1_p1_c8,newspaper_2c69e142b52dbb30cac2cb11d3eb25e5_1_p1_c3,magazine_TheEconomist.2023.11.18_page_030_p30_c0,newspaper_e62730aaeb9b509119e0c3699ac18201_1_p1_c12",1,True,1.0
为什么应该要有耐心等候？,1,exam_paper_2016年安徽省中考英语试题（解析）_page_003_p3_c3,exam_paper_2016年安徽省中考英语试题（解析）_page_003_p3_c3,1,True,1.0
为什么应该要有耐心等候？,3,exam_paper_2016年安徽省中考英语试题（解析）_page_003_p3_c3,"exam_paper_2016年安徽省中考英语试题（解析）_page_003_p3_c3,magazine_TheEconomist.2023.12.09_page_082_p82_c3,newspaper_2c69e142b52dbb30cac2cb11d3eb25e5_1_p1_c3",1,True,1.0
为什么应该要有耐心等候？,5,exam_paper_2016年安徽省中考英语试题（解析）_page_003_p3_c3,"exam_paper_2016年安徽省中考英语试题（解析）_page_003_p3_c3,magazine_TheEconomist.2023.12.09_page_082_p82_c3,newspaper_2c69e142b52dbb30cac2cb11d3eb25e5_1_p1_c3,exam_paper_2016年安徽省中考英语试题（解析）_page_003_p3_c2,newspaper_2c69e142b52dbb30cac2cb11d3eb25e5_1_p1_c2",1,True,1.0
当把铅锤完全拿出水面以后，水面下降了多少厘米？,1,jiaocaineedrop_jiaocai_needrop_en_2893_p2893_c1,jiaocaineedrop_jiaocai_needrop_en_2893_p2893_c1,1,True,1.0
当把铅锤完全拿出水面以后，水面下降了多少厘米？,3,jiaocaineedrop_jiaocai_needrop_en_2893_p2893_c1,"jiaocaineedrop_jiaocai_needrop_en_2893_p2893_c1,jiaocaineedrop_jiaocai_needrop_en_377_p377_c5,jiaocaineedrop_jiaocai_needrop_en_1473_p1473_c1",1,True,1.0
当把铅锤完全拿出水面以后，水面下降了多少厘米？,5,jiaocaineedrop_jiaocai_needrop_en_2893_p2893_c1,"jiaocaineedrop_jiaocai_needrop_en_2893_p2893_c1,jiaocaineedrop_jiaocai_needrop_en_377_p377_c5,jiaocaineedrop_jiaocai_needrop_en_1473_p1473_c1,newspaper_2c69e142b52dbb30cac2cb11d3eb25e5_1_p1_c2,docstructbench_dianzishu_zhongwenzaixian-o.O-60403612.pdf_179_p179_c1",1,True,1.0
油桶的体积是多少立方分米？,1,jiaocaineedrop_jiaocai_needrop_en_2893_p2893_c2,jiaocaineedrop_jiaocai_needrop_en_2893_p2893_c2,1,True,1.0
油桶的体积是多少立方分米？,3,jiaocaineedrop_jiaocai_needrop_en_2893_p2893_c2,"jiaocaineedrop_jiaocai_needrop_en_2893_p2893_c2,jiaocaineedrop_jiaocai_needrop_en_2893_p2893_c1,jiaocaineedrop_jiaocai_needrop_en_1473_p1473_c1",1,True,1.0
油桶的体积是多少立方分米？,5,jiaocaineedrop_jiaocai_needrop_en_2893_p2893_c2,"jiaocaineedrop_jiaocai_needrop_en_2893_p2893_c2,jiaocaineedrop_jiaocai_needrop_en_2893_p2893_c1,jiaocaineedrop_jiaocai_needrop_en_1473_p1473_c1,newspaper_b95d1d8eb0d756cc94a5d8b5db3cf69b_1_p1_c2,jiaocaineedrop_jiaocai_needrop_en_3937_p3937_c0",1,True,1.0
What is the augmented matrix for Exercise 2.1.5?,1,".2012_page_065_p65_c1,.Birkhauser,.Geza.Schay,book_en_A.Concise.Introduction.to.Linear.Algebra","book_en_A.Concise.Introduction.to.Linear.Algebra,.Geza.Schay,.Birkhauser,.2012_page_065_p65_c1",0,False,0.0
What is the augmented matrix for Exercise 2.1.5?,3,".2012_page_065_p65_c1,.Birkhauser,.Geza.Schay,book_en_A.Concise.Introduction.to.Linear.Algebra","book_en_A.Concise.Introduction.to.Linear.Algebra,.Geza.Schay,.Birkhauser,.2012_page_065_p65_c1,book_en_A.Concise.Introduction.to.Linear.Algebra,.Geza.Schay,.Birkhauser,.2012_page_065_p65_c0,book_en_A.Concise.Introduction.to.Linear.Algebra,.Geza.Schay,.Birkhauser,.2012_page_065_p65_c2",0,False,0.0
What is the augmented matrix for Exercise 2.1.5?,5,".2012_page_065_p65_c1,.Birkhauser,.Geza.Schay,book_en_A.Concise.Introduction.to.Linear.Algebra","book_en_A.Concise.Introduction.to.Linear.Algebra,.Geza.Schay,.Birkhauser,.2012_page_065_p65_c1,book_en_A.Concise.Introduction.to.Linear.Algebra,.Geza.Schay,.Birkhauser,.2012_page_065_p65_c0,book_en_A.Concise.Introduction.to.Linear.Algebra,.Geza.Schay,.Birkhauser,.2012_page_065_p65_c2,yanbaopptmerge_e60b3b61281e87ddf42f9321a9e6ef9d.pdf_159_p159_c1,jiaocaineedrop_jiaocai_needrop_en_237_p237_c1",0,False,0.0
What is the constant term in the third row of Exercise 2.1.13?,1,".2012_page_065_p65_c2,.Birkhauser,.Geza.Schay,book_en_A.Concise.Introduction.to.Linear.Algebra","book_en_A.Concise.Introduction.to.Linear.Algebra,.Geza.Schay,.Birkhauser,.2012_page_065_p65_c2",0,False,0.0
What is the constant term in the third row of Exercise 2.1.13?,3,".2012_page_065_p65_c2,.Birkhauser,.Geza.Schay,book_en_A.Concise.Introduction.to.Linear.Algebra","book_en_A.Concise.Introduction.to.Linear.Algebra,.Geza.Schay,.Birkhauser,.2012_page_065_p65_c2,exam_paper_en-file-putnam-archive_2002_Solutions_2002s_page_001_p1_c3,book_en_A.Concise.Introduction.to.Linear.Algebra,.Geza.Schay,.Birkhauser,.2012_page_065_p65_c0",0,False,0.0
What is the constant term in the third row of Exercise 2.1.13?,5,".2012_page_065_p65_c2,.Birkhauser,.Geza.Schay,book_en_A.Concise.Introduction.to.Linear.Algebra","book_en_A.Concise.Introduction.to.Linear.Algebra,.Geza.Schay,.Birkhauser,.2012_page_065_p65_c2,exam_paper_en-file-putnam-archive_2002_Solutions_2002s_page_001_p1_c3,book_en_A.Concise.Introduction.to.Linear.Algebra,.Geza.Schay,.Birkhauser,.2012_page_065_p65_c0,yanbaopptmerge_e60b3b61281e87ddf42f9321a9e6ef9d.pdf_159_p159_c1,PPT_lay_linalg5_01_05_page_004_p4_c0",0,False,0.0
What is the limit as theta approaches 0 of sin(theta/2) divided by sin(3theta/2)?,1,exam_paper_en-file-putnam-archive_1999_Solutions_1999s_page_003_p3_c0,exam_paper_en-file-putnam-archive_1999_Solutions_1999s_page_003_p3_c0,1,True,1.0
What is the limit as theta approaches 0 of sin(theta/2) divided by sin(3theta/2)?,3,exam_paper_en-file-putnam-archive_1999_Solutions_1999s_page_003_p3_c0,"exam_paper_en-file-putnam-archive_1999_Solutions_1999s_page_003_p3_c0,exam_paper_en-file-putnam-archive_1995_Solutions_1995s_page_002_p2_c1,exam_paper_en-file-putnam-archive_2000_Solutions_2000s_page_001_p1_c3",1,True,1.0
What is the limit as theta approaches 0 of sin(theta/2) divided by sin(3theta/2)?,5,exam_paper_en-file-putnam-archive_1999_Solutions_1999s_page_003_p3_c0,"exam_paper_en-file-putnam-archive_1999_Solutions_1999s_page_003_p3_c0,exam_paper_en-file-putnam-archive_1995_Solutions_1995s_page_002_p2_c1,exam_paper_en-file-putnam-archive_2000_Solutions_2000s_page_001_p1_c3,exam_paper_en-file-putnam-archive_1999_Solutions_1999s_page_002_p2_c1,jiaocaineedrop_96657786.pdf_0_p0_c1",1,True,1.0
What is the value of C in terms of n?,1,exam_paper_en-file-putnam-archive_1999_Solutions_1999s_page_003_p3_c1,exam_paper_en-file-putnam-archive_2007_Solutions_2007s_page_005_p5_c0,0,False,0.0
What is the value of C in terms of n?,3,exam_paper_en-file-putnam-archive_1999_Solutions_1999s_page_003_p3_c1,"exam_paper_en-file-putnam-archive_2007_Solutions_2007s_page_005_p5_c0,jiaocaineedrop_Chapter9.pdf_46_p46_c0,exam_paper_en-file-putnam-archive_2009_Solutions_2009s_page_003_p3_c0",0,False,0.0
What is the value of C in terms of n?,5,exam_paper_en-file-putnam-archive_1999_Solutions_1999s_page_003_p3_c1,"exam_paper_en-file-putnam-archive_2007_Solutions_2007s_page_005_p5_c0,jiaocaineedrop_Chapter9.pdf_46_p46_c0,exam_paper_en-file-putnam-archive_2009_Solutions_2009s_page_003_p3_c0,jiaocaineedrop_jiaocai_needrop_en_453_p453_c4,docstructbench_dianzishu_zhongwenzaixian-o.O-60403612.pdf_179_p179_c0",0,False,0.0
What is the condition for the sum to be nonzero when z has negative real part?,1,exam_paper_en-file-putnam-archive_1999_Solutions_1999s_page_003_p3_c2,exam_paper_en-file-putnam-archive_1999_Solutions_1999s_page_003_p3_c2,1,True,1.0
What is the condition for the sum to be nonzero when z has negative real part?,3,exam_paper_en-file-putnam-archive_1999_Solutions_1999s_page_003_p3_c2,"exam_paper_en-file-putnam-archive_1999_Solutions_1999s_page_003_p3_c2,exam_paper_en-file-putnam-archive_1995_Solutions_1995s_page_002_p2_c4,exam_paper_en-file-putnam-archive_1998_Solutions_1998s_page_002_p2_c2",1,True,1.0
What is the condition for the sum to be nonzero when z has negative real part?,5,exam_paper_en-file-putnam-archive_1999_Solutions_1999s_page_003_p3_c2,"exam_paper_en-file-putnam-archive_1999_Solutions_1999s_page_003_p3_c2,exam_paper_en-file-putnam-archive_1995_Solutions_1995s_page_002_p2_c4,exam_paper_en-file-putnam-archive_1998_Solutions_1998s_page_002_p2_c2,jiaocaineedrop_glossary.pdf_7_p7_c1,exam_paper_en-file-putnam-archive_2009_Solutions_2009s_page_003_p3_c3",1,True,1.0
What is the desired limit according to the document fragment?,1,exam_paper_en-file-putnam-archive_1999_Solutions_1999s_page_003_p3_c3,exam_paper_2004-2019上海高考英语听力原文和答案_page_017_p17_c3,0,False,0.0
What is the desired limit according to the document fragment?,3,exam_paper_en-file-putnam-archive_1999_Solutions_1999s_page_003_p3_c3,"exam_paper_2004-2019上海高考英语听力原文和答案_page_017_p17_c3,exam_paper_en-file-putnam-archive_1995_Solutions_1995s_page_002_p2_c2,jiaocaineedrop_96657786.pdf_0_p0_c1",0,False,0.0
What is the desired limit according to the document fragment?,5,exam_paper_en-file-putnam-archive_1999_Solutions_1999s_page_003_p3_c3,"exam_paper_2004-2019上海高考英语听力原文和答案_page_017_p17_c3,exam_paper_en-file-putnam-archive_1995_Solutions_1995s_page_002_p2_c2,jiaocaineedrop_96657786.pdf_0_p0_c1,yanbaopptmerge_e60b3b61281e87ddf42f9321a9e6ef9d.pdf_159_p159_c1,yanbaopptmerge_5473246b8da789b9bfdeef53a70c4d72afd480415d5cbcedb83d105856710328.pdf_8_p8_c0",0,False,0.0
What inequality is derived from applying the fact to the difference between the sides?,1,exam_paper_en-file-putnam-archive_1999_Solutions_1999s_page_003_p3_c4,exam_paper_en-file-putnam-archive_1999_Solutions_1999s_page_003_p3_c4,1,True,1.0
What inequality is derived from applying the fact to the difference between the sides?,3,exam_paper_en-file-putnam-archive_1999_Solutions_1999s_page_003_p3_c4,"exam_paper_en-file-putnam-archive_1999_Solutions_1999s_page_003_p3_c4,yanbaopptmerge_yanbaoPPT_825_p825_c0,yanbaopptmerge_e60b3b61281e87ddf42f9321a9e6ef9d.pdf_159_p159_c1",1,True,1.0
What inequality is derived from applying the fact to the difference between the sides?,5,exam_paper_en-file-putnam-archive_1999_Solutions_1999s_page_003_p3_c4,"exam_paper_en-file-putnam-archive_1999_Solutions_1999s_page_003_p3_c4,yanbaopptmerge_yanbaoPPT_825_p825_c0,yanbaopptmerge_e60b3b61281e87ddf42f9321a9e6ef9d.pdf_159_p159_c1,exam_paper_en-file-putnam-archive_1995_Solutions_1995s_page_002_p2_c5,jiaocaineedrop_biz-96816.pdf_48_p48_c3",1,True,1.0
What is the result of 12+18?,1,jiaocaineedrop_jiaocai_needrop_en_2518_p2518_c0,exam_paper_en-file-putnam-archive_2007_Solutions_2007s_page_001_p1_c1,0,False,0.0
What is the result of 12+18?,3,jiaocaineedrop_jiaocai_needrop_en_2518_p2518_c0,"exam_paper_en-file-putnam-archive_2007_Solutions_2007s_page_001_p1_c1,yanbaopptmerge_e60b3b61281e87ddf42f9321a9e6ef9d.pdf_159_p159_c1,jiaocaineedrop_jiaocai_needrop_en_2518_p2518_c1",0,False,0.0
What is the result of 12+18?,5,jiaocaineedrop_jiaocai_needrop_en_2518_p2518_c0,"exam_paper_en-file-putnam-archive_2007_Solutions_2007s_page_001_p1_c1,yanbaopptmerge_e60b3b61281e87ddf42f9321a9e6ef9d.pdf_159_p159_c1,jiaocaineedrop_jiaocai_needrop_en_2518_p2518_c1,jiaocaineedrop_jiaocai_needrop_en_961_p961_c0,jiaocaineedrop_jiaocai_needrop_en_2518_p2518_c0",5,True,1.0
What is the result of 4.6 minus 1.7?,1,jiaocaineedrop_jiaocai_needrop_en_2518_p2518_c1,docstructbench_llm-raw-scihub-o.O-j.chroma.2005.05.085.pdf_4_p4_c6,0,False,0.0
What is the result of 4.6 minus 1.7?,3,jiaocaineedrop_jiaocai_needrop_en_2518_p2518_c1,"docstructbench_llm-raw-scihub-o.O-j.chroma.2005.05.085.pdf_4_p4_c6,yanbaopptmerge_e60b3b61281e87ddf42f9321a9e6ef9d.pdf_159_p159_c1,exam_paper_en-file-putnam-archive_2007_Solutions_2007s_page_001_p1_c5",0,False,0.0
What is the result of 4.6 minus 1.7?,5,jiaocaineedrop_jiaocai_needrop_en_2518_p2518_c1,"docstructbench_llm-raw-scihub-o.O-j.chroma.2005.05.085.pdf_4_p4_c6,yanbaopptmerge_e60b3b61281e87ddf42f9321a9e6ef9d.pdf_159_p159_c1,exam_paper_en-file-putnam-archive_2007_Solutions_2007s_page_001_p1_c5,jiaocaineedrop_jiaocai_needrop_en_961_p961_c0,book_zh_JGJ1022003_extracted_page_27_p27_c1",0,False,0.0
成都市何时开始逐步推进蔬菜的溯源？,1,newspaper_35bdaa11dec104ccbdc9e19ac8527d21_1_p1_c0,newspaper_35bdaa11dec104ccbdc9e19ac8527d21_1_p1_c0,1,True,1.0
成都市何时开始逐步推进蔬菜的溯源？,3,newspaper_35bdaa11dec104ccbdc9e19ac8527d21_1_p1_c0,"newspaper_35bdaa11dec104ccbdc9e19ac8527d21_1_p1_c0,newspaper_0b1bb8d03b4287eb95f67b68c2cf9f92_1_p1_c1,exam_paper_2016年安徽省中考英语试题（解析）_page_003_p3_c2",1,True,1.0
成都市何时开始逐步推进蔬菜的溯源？,5,newspaper_35bdaa11dec104ccbdc9e19ac8527d21_1_p1_c0,"newspaper_35bdaa11dec104ccbdc9e19ac8527d21_1_p1_c0,newspaper_0b1bb8d03b4287eb95f67b68c2cf9f92_1_p1_c1,exam_paper_2016年安徽省中考英语试题（解析）_page_003_p3_c2,newspaper_2c69e142b52dbb30cac2cb11d3eb25e5_1_p1_c10,newspaper_2c69e142b52dbb30cac2cb11d3eb25e5_1_p1_c1",1,True,1.0
广西创建了多少项优质名牌产品？,1,newspaper_35bdaa11dec104ccbdc9e19ac8527d21_1_p1_c1,newspaper_35bdaa11dec104ccbdc9e19ac8527d21_1_p1_c1,1,True,1.0
广西创建了多少项优质名牌产品？,3,newspaper_35bdaa11dec104ccbdc9e19ac8527d21_1_p1_c1,"newspaper_35bdaa11dec104ccbdc9e19ac8527d21_1_p1_c1,newspaper_2c69e142b52dbb30cac2cb11d3eb25e5_1_p1_c6,newspaper_35bdaa11dec104ccbdc9e19ac8527d21_1_p1_c2",1,True,1.0
广西创建了多少项优质名牌产品？,5,newspaper_35bdaa11dec104ccbdc9e19ac8527d21_1_p1_c1,"newspaper_35bdaa11dec104ccbdc9e19ac8527d21_1_p1_c1,newspaper_2c69e142b52dbb30cac2cb11d3eb25e5_1_p1_c6,newspaper_35bdaa11dec104ccbdc9e19ac8527d21_1_p1_c2,newspaper_fe2c8b45b2a086cd75984640bb3080e1_1_p1_c6,newspaper_fe2c8b45b2a086cd75984640bb3080e1_1_p1_c7",1,True,1.0
广西珍珠系列产品年产值占全国多少？,1,newspaper_35bdaa11dec104ccbdc9e19ac8527d21_1_p1_c2,newspaper_35bdaa11dec104ccbdc9e19ac8527d21_1_p1_c2,1,True,1.0
广西珍珠系列产品年产值占全国多少？,3,newspaper_35bdaa11dec104ccbdc9e19ac8527d21_1_p1_c2,"newspaper_35bdaa11dec104ccbdc9e19ac8527d21_1_p1_c2,newspaper_35bdaa11dec104ccbdc9e19ac8527d21_1_p1_c1,eastmoney_03e39833d520af7d1abb96dd624dcd15f2b57d061969d196e80922e2f590503f.pdf_22_p22_c1",1,True,1.0
广西珍珠系列产品年产值占全国多少？,5,newspaper_35bdaa11dec104ccbdc9e19ac8527d21_1_p1_c2,"newspaper_35bdaa11dec104ccbdc9e19ac8527d21_1_p1_c2,newspaper_35bdaa11dec104ccbdc9e19ac8527d21_1_p1_c1,eastmoney_03e39833d520af7d1abb96dd624dcd15f2b57d061969d196e80922e2f590503f.pdf_22_p22_c1,jiaocaineedrop_jiaocai_needrop_en_2893_p2893_c1,docstructbench_dianzishu_zhongwenzaixian-o.O-60403612.pdf_179_p179_c2",1,True,1.0
陕西有机苹果认证面积达到多少？,1,newspaper_35bdaa11dec104ccbdc9e19ac8527d21_1_p1_c3,newspaper_35bdaa11dec104ccbdc9e19ac8527d21_1_p1_c3,1,True,1.0
陕西有机苹果认证面积达到多少？,3,newspaper_35bdaa11dec104ccbdc9e19ac8527d21_1_p1_c3,"newspaper_35bdaa11dec104ccbdc9e19ac8527d21_1_p1_c3,newspaper_fe2c8b45b2a086cd75984640bb3080e1_1_p1_c7,jiaocaineedrop_jiaocai_needrop_en_3937_p3937_c0",1,True,1.0
陕西有机苹果认证面积达到多少？,5,newspaper_35bdaa11dec104ccbdc9e19ac8527d21_1_p1_c3,"newspaper_35bdaa11dec104ccbdc9e19ac8527d21_1_p1_c3,newspaper_fe2c8b45b2a086cd75984640bb3080e1_1_p1_c7,jiaocaineedrop_jiaocai_needrop_en_3937_p3937_c0,newspaper_35bdaa11dec104ccbdc9e19ac8527d21_1_p1_c6,newspaper_35bdaa11dec104ccbdc9e19ac8527d21_1_p1_c2",1,True,1.0
漳州市有多少家无公害农产品企业获得认定？,1,newspaper_35bdaa11dec104ccbdc9e19ac8527d21_1_p1_c4,newspaper_35bdaa11dec104ccbdc9e19ac8527d21_1_p1_c4,1,True,1.0
漳州市有多少家无公害农产品企业获得认定？,3,newspaper_35bdaa11dec104ccbdc9e19ac8527d21_1_p1_c4,"newspaper_35bdaa11dec104ccbdc9e19ac8527d21_1_p1_c4,newspaper_35bdaa11dec104ccbdc9e19ac8527d21_1_p1_c1,newspaper_35bdaa11dec104ccbdc9e19ac8527d21_1_p1_c6",1,True,1.0
漳州市有多少家无公害农产品企业获得认定？,5,newspaper_35bdaa11dec104ccbdc9e19ac8527d21_1_p1_c4,"newspaper_35bdaa11dec104ccbdc9e19ac8527d21_1_p1_c4,newspaper_35bdaa11dec104ccbdc9e19ac8527d21_1_p1_c1,newspaper_35bdaa11dec104ccbdc9e19ac8527d21_1_p1_c6,newspaper_fe2c8b45b2a086cd75984640bb3080e1_1_p1_c7,newspaper_35bdaa11dec104ccbdc9e19ac8527d21_1_p1_c2",1,True,1.0
消费者在购买不合格农产品时可以向谁要求赔偿？,1,newspaper_35bdaa11dec104ccbdc9e19ac8527d21_1_p1_c5,newspaper_35bdaa11dec104ccbdc9e19ac8527d21_1_p1_c5,1,True,1.0
消费者在购买不合格农产品时可以向谁要求赔偿？,3,newspaper_35bdaa11dec104ccbdc9e19ac8527d21_1_p1_c5,"newspaper_35bdaa11dec104ccbdc9e19ac8527d21_1_p1_c5,newspaper_35bdaa11dec104ccbdc9e19ac8527d21_1_p1_c6,newspaper_e62730aaeb9b509119e0c3699ac18201_1_p1_c4",1,True,1.0
消费者在购买不合格农产品时可以向谁要求赔偿？,5,newspaper_35bdaa11dec104ccbdc9e19ac8527d21_1_p1_c5,"newspaper_35bdaa11dec104ccbdc9e19ac8527d21_1_p1_c5,newspaper_35bdaa11dec104ccbdc9e19ac8527d21_1_p1_c6,newspaper_e62730aaeb9b509119e0c3699ac18201_1_p1_c4,jiaocaineedrop_chap15.pdf_3_p3_c0,newspaper_fe5ed29024932fad071afc53807b16ba_1_p1_c4",1,True,1.0
该项目总投资多少？,1,newspaper_35bdaa11dec104ccbdc9e19ac8527d21_1_p1_c6,newspaper_2c69e142b52dbb30cac2cb11d3eb25e5_1_p1_c7,0,False,0.0
该项目总投资多少？,3,newspaper_35bdaa11dec104ccbdc9e19ac8527d21_1_p1_c6,"newspaper_2c69e142b52dbb30cac2cb11d3eb25e5_1_p1_c7,eastmoney_d2bb183f5254ede5760932ac3118524aa7eddad551935713b435541f1525c1ee.pdf_7_p7_c1,yanbaopptmerge_51e549c0d1a2669ac976409fcf99ce91908b1e0a07f0fc70d92263abf6d07f18.pdf_1_p1_c0",0,False,0.0
该项目总投资多少？,5,newspaper_35bdaa11dec104ccbdc9e19ac8527d21_1_p1_c6,"newspaper_2c69e142b52dbb30cac2cb11d3eb25e5_1_p1_c7,eastmoney_d2bb183f5254ede5760932ac3118524aa7eddad551935713b435541f1525c1ee.pdf_7_p7_c1,yanbaopptmerge_51e549c0d1a2669ac976409fcf99ce91908b1e0a07f0fc70d92263abf6d07f18.pdf_1_p1_c0,yanbaor2_ea86fd46182ff9b675775645ecaf43782b996ffaeeb09c679f56a47aabfbf6b7.pdf_9_p9_c0,yanbaopptmerge_baa6d02928efcac46ccf7dfd3859de565cfb0bea918ae0ec0eed50944a7c20b4.pdf_11_p11_c3",0,False,0.0
于玲玲和丈夫自创的盆栽草莓如何挂在大棚内？,1,newspaper_35bdaa11dec104ccbdc9e19ac8527d21_1_p1_c8,newspaper_35bdaa11dec104ccbdc9e19ac8527d21_1_p1_c8,1,True,1.0
于玲玲和丈夫自创的盆栽草莓如何挂在大棚内？,3,newspaper_35bdaa11dec104ccbdc9e19ac8527d21_1_p1_c8,"newspaper_35bdaa11dec104ccbdc9e19ac8527d21_1_p1_c8,newspaper_35bdaa11dec104ccbdc9e19ac8527d21_1_p1_c9,jiaocaineedrop_jiaocai_needrop_en_1473_p1473_c1",1,True,1.0
于玲玲和丈夫自创的盆栽草莓如何挂在大棚内？,5,newspaper_35bdaa11dec104ccbdc9e19ac8527d21_1_p1_c8,"newspaper_35bdaa11dec104ccbdc9e19ac8527d21_1_p1_c8,newspaper_35bdaa11dec104ccbdc9e19ac8527d21_1_p1_c9,jiaocaineedrop_jiaocai_needrop_en_1473_p1473_c1,newspaper_b95d1d8eb0d756cc94a5d8b5db3cf69b_1_p1_c5,newspaper_35bdaa11dec104ccbdc9e19ac8527d21_1_p1_c10",1,True,1.0
空中种草莓的售价是多少？,1,newspaper_35bdaa11dec104ccbdc9e19ac8527d21_1_p1_c9,newspaper_35bdaa11dec104ccbdc9e19ac8527d21_1_p1_c9,1,True,1.0
空中种草莓的售价是多少？,3,newspaper_35bdaa11dec104ccbdc9e19ac8527d21_1_p1_c9,"newspaper_35bdaa11dec104ccbdc9e19ac8527d21_1_p1_c9,newspaper_35bdaa11dec104ccbdc9e19ac8527d21_1_p1_c8,newspaper_fe2c8b45b2a086cd75984640bb3080e1_1_p1_c1",1,True,1.0
空中种草莓的售价是多少？,5,newspaper_35bdaa11dec104ccbdc9e19ac8527d21_1_p1_c9,"newspaper_35bdaa11dec104ccbdc9e19ac8527d21_1_p1_c9,newspaper_35bdaa11dec104ccbdc9e19ac8527d21_1_p1_c8,newspaper_fe2c8b45b2a086cd75984640bb3080e1_1_p1_c1,jiaocaineedrop_jiaocai_needrop_en_3937_p3937_c0,jiaocaineedrop_jiaocai_needrop_en_1473_p1473_c1",1,True,1.0
创意农业如何影响农户收入？,1,newspaper_35bdaa11dec104ccbdc9e19ac8527d21_1_p1_c10,newspaper_35bdaa11dec104ccbdc9e19ac8527d21_1_p1_c10,1,True,1.0
创意农业如何影响农户收入？,3,newspaper_35bdaa11dec104ccbdc9e19ac8527d21_1_p1_c10,"newspaper_35bdaa11dec104ccbdc9e19ac8527d21_1_p1_c10,newspaper_35bdaa11dec104ccbdc9e19ac8527d21_1_p1_c9,newspaper_2c69e142b52dbb30cac2cb11d3eb25e5_1_p1_c4",1,True,1.0
创意农业如何影响农户收入？,5,newspaper_35bdaa11dec104ccbdc9e19ac8527d21_1_p1_c10,"newspaper_35bdaa11dec104ccbdc9e19ac8527d21_1_p1_c10,newspaper_35bdaa11dec104ccbdc9e19ac8527d21_1_p1_c9,newspaper_2c69e142b52dbb30cac2cb11d3eb25e5_1_p1_c4,newspaper_35bdaa11dec104ccbdc9e19ac8527d21_1_p1_c8,newspaper_2c69e142b52dbb30cac2cb11d3eb25e5_1_p1_c2",1,True,1.0
当x为5km时地壳的温度是多少？,1,jiaocaineedrop_c2-ma-11-q-11-cl.pdf_2_p2_c0,jiaocaineedrop_c2-ma-11-q-11-cl.pdf_2_p2_c0,1,True,1.0
当x为5km时地壳的温度是多少？,3,jiaocaineedrop_c2-ma-11-q-11-cl.pdf_2_p2_c0,"jiaocaineedrop_c2-ma-11-q-11-cl.pdf_2_p2_c0,docstructbench_dianzishu_zhongwenzaixian-o.O-60403612.pdf_179_p179_c1,jiaocaineedrop_jiaocai_needrop_en_2893_p2893_c1",1,True,1.0
当x为5km时地壳的温度是多少？,5,jiaocaineedrop_c2-ma-11-q-11-cl.pdf_2_p2_c0,"jiaocaineedrop_c2-ma-11-q-11-cl.pdf_2_p2_c0,docstructbench_dianzishu_zhongwenzaixian-o.O-60403612.pdf_179_p179_c1,jiaocaineedrop_jiaocai_needrop_en_2893_p2893_c1,book_zh_CNASGL0092018_extracted_page_73_p73_c1,newspaper_e62730aaeb9b509119e0c3699ac18201_1_p1_c12",1,True,1.0
What is the kernel of this homomorphism?,1,book_en_国外数学教材-数论-Melvyn B. Nathanson—Elementary Methods in Number Theory_0119_p119_c0,book_en_国外数学教材-数论-Melvyn B. Nathanson—Elementary Methods in Number Theory_0119_p119_c0,1,True,1.0
What is the kernel of this homomorphism?,3,book_en_国外数学教材-数论-Melvyn B. Nathanson—Elementary Methods in Number Theory_0119_p119_c0,"book_en_国外数学教材-数论-Melvyn B. Nathanson—Elementary Methods in Number Theory_0119_p119_c0,exam_paper_en-file-putnam-archive_2009_Solutions_2009s_page_003_p3_c5,jiaocaineedrop_jiaocai_needrop_en_961_p961_c0",1,True,1.0
What is the kernel of this homomorphism?,5,book_en_国外数学教材-数论-Melvyn B. Nathanson—Elementary Methods in Number Theory_0119_p119_c0,"book_en_国外数学教材-数论-Melvyn B. Nathanson—Elementary Methods in Number Theory_0119_p119_c0,exam_paper_en-file-putnam-archive_2009_Solutions_2009s_page_003_p3_c5,jiaocaineedrop_jiaocai_needrop_en_961_p961_c0,newspaper_fe2c8b45b2a086cd75984640bb3080e1_1_p1_c3,jiaocaineedrop_biz-96816.pdf_48_p48_c1",1,True,1.0
What is the formula for the Fermat number $ F_n $?,1,book_en_国外数学教材-数论-Melvyn B. Nathanson—Elementary Methods in Number Theory_0119_p119_c1,book_en_国外数学教材-数论-Melvyn B. Nathanson—Elementary Methods in Number Theory_0119_p119_c1,1,True,1.0
What is the formula for the Fermat number $ F_n $?,3,book_en_国外数学教材-数论-Melvyn B. Nathanson—Elementary Methods in Number Theory_0119_p119_c1,"book_en_国外数学教材-数论-Melvyn B. Nathanson—Elementary Methods in Number Theory_0119_p119_c1,exam_paper_en-file-putnam-archive_1996_Solutions_1996s_page_002_p2_c5,exam_paper_en-file-putnam-archive_2006_Solutions_2006s_page_006_p6_c3",1,True,1.0
What is the formula for the Fermat number $ F_n $?,5,book_en_国外数学教材-数论-Melvyn B. Nathanson—Elementary Methods in Number Theory_0119_p119_c1,"book_en_国外数学教材-数论-Melvyn B. Nathanson—Elementary Methods in Number Theory_0119_p119_c1,exam_paper_en-file-putnam-archive_1996_Solutions_1996s_page_002_p2_c5,exam_paper_en-file-putnam-archive_2006_Solutions_2006s_page_006_p6_c3,jiaocaineedrop_Chapter9.pdf_46_p46_c0,book_en_国外数学教材-数论-Melvyn B. Nathanson—Elementary Methods in Number Theory_0451_p451_c1",1,True,1.0
分析师是否因报告内容获得补偿？,1,eastmoney_dcf347592d4160dffacffdf00a9c39aa75cf9859205a7543c283d1df8bb14f90.pdf_1_p1_c0,eastmoney_dcf347592d4160dffacffdf00a9c39aa75cf9859205a7543c283d1df8bb14f90.pdf_1_p1_c0,1,True,1.0
分析师是否因报告内容获得补偿？,3,eastmoney_dcf347592d4160dffacffdf00a9c39aa75cf9859205a7543c283d1df8bb14f90.pdf_1_p1_c0,"eastmoney_dcf347592d4160dffacffdf00a9c39aa75cf9859205a7543c283d1df8bb14f90.pdf_1_p1_c0,yanbaopptmerge_5473246b8da789b9bfdeef53a70c4d72afd480415d5cbcedb83d105856710328.pdf_8_p8_c0,yanbaopptmerge_0c79d327060dbf9f1582d03c235dadb039533a19091d2c0d24f2ad95d267f79b.pdf_2_p2_c1",1,True,1.0
分析师是否因报告内容获得补偿？,5,eastmoney_dcf347592d4160dffacffdf00a9c39aa75cf9859205a7543c283d1df8bb14f90.pdf_1_p1_c0,"eastmoney_dcf347592d4160dffacffdf00a9c39aa75cf9859205a7543c283d1df8bb14f90.pdf_1_p1_c0,yanbaopptmerge_5473246b8da789b9bfdeef53a70c4d72afd480415d5cbcedb83d105856710328.pdf_8_p8_c0,yanbaopptmerge_0c79d327060dbf9f1582d03c235dadb039533a19091d2c0d24f2ad95d267f79b.pdf_2_p2_c1,yanbaopptmerge_0c79d327060dbf9f1582d03c235dadb039533a19091d2c0d24f2ad95d267f79b.pdf_2_p2_c0,eastmoney_d2bb183f5254ede5760932ac3118524aa7eddad551935713b435541f1525c1ee.pdf_7_p7_c0",1,True,1.0
投资者应自行决策，自担投资风险的声明是什么？,1,eastmoney_dcf347592d4160dffacffdf00a9c39aa75cf9859205a7543c283d1df8bb14f90.pdf_1_p1_c1,eastmoney_dcf347592d4160dffacffdf00a9c39aa75cf9859205a7543c283d1df8bb14f90.pdf_1_p1_c1,1,True,1.0
投资者应自行决策，自担投资风险的声明是什么？,3,eastmoney_dcf347592d4160dffacffdf00a9c39aa75cf9859205a7543c283d1df8bb14f90.pdf_1_p1_c1,"eastmoney_dcf347592d4160dffacffdf00a9c39aa75cf9859205a7543c283d1df8bb14f90.pdf_1_p1_c1,yanbaopptmerge_5473246b8da789b9bfdeef53a70c4d72afd480415d5cbcedb83d105856710328.pdf_8_p8_c0,eastmoney_dd8f39ced2188b907304224a635ad605689270486020c34636003e57018c01d8.pdf_2_p2_c1",1,True,1.0
投资者应自行决策，自担投资风险的声明是什么？,5,eastmoney_dcf347592d4160dffacffdf00a9c39aa75cf9859205a7543c283d1df8bb14f90.pdf_1_p1_c1,"eastmoney_dcf347592d4160dffacffdf00a9c39aa75cf9859205a7543c283d1df8bb14f90.pdf_1_p1_c1,yanbaopptmerge_5473246b8da789b9bfdeef53a70c4d72afd480415d5cbcedb83d105856710328.pdf_8_p8_c0,eastmoney_dd8f39ced2188b907304224a635ad605689270486020c34636003e57018c01d8.pdf_2_p2_c1,yanbaopptmerge_0c79d327060dbf9f1582d03c235dadb039533a19091d2c0d24f2ad95d267f79b.pdf_2_p2_c1,eastmoney_dcf347592d4160dffacffdf00a9c39aa75cf9859205a7543c283d1df8bb14f90.pdf_1_p1_c0",1,True,1.0
美股市场常用的基准指数有哪些？,1,eastmoney_dcf347592d4160dffacffdf00a9c39aa75cf9859205a7543c283d1df8bb14f90.pdf_1_p1_c2,eastmoney_dcf347592d4160dffacffdf00a9c39aa75cf9859205a7543c283d1df8bb14f90.pdf_1_p1_c2,1,True,1.0
美股市场常用的基准指数有哪些？,3,eastmoney_dcf347592d4160dffacffdf00a9c39aa75cf9859205a7543c283d1df8bb14f90.pdf_1_p1_c2,"eastmoney_dcf347592d4160dffacffdf00a9c39aa75cf9859205a7543c283d1df8bb14f90.pdf_1_p1_c2,eastmoney_dd8f39ced2188b907304224a635ad605689270486020c34636003e57018c01d8.pdf_2_p2_c0,newspaper_The Wall Street Journal - 2025-01-08@magazinesclubnew_page_018_p18_c0",1,True,1.0
美股市场常用的基准指数有哪些？,5,eastmoney_dcf347592d4160dffacffdf00a9c39aa75cf9859205a7543c283d1df8bb14f90.pdf_1_p1_c2,"eastmoney_dcf347592d4160dffacffdf00a9c39aa75cf9859205a7543c283d1df8bb14f90.pdf_1_p1_c2,eastmoney_dd8f39ced2188b907304224a635ad605689270486020c34636003e57018c01d8.pdf_2_p2_c0,newspaper_The Wall Street Journal - 2025-01-08@magazinesclubnew_page_018_p18_c0,yanbaopptmerge_0c79d327060dbf9f1582d03c235dadb039533a19091d2c0d24f2ad95d267f79b.pdf_2_p2_c0,eastmoney_7c25f92e2ab21d83e1eada0e40a68e3151e7c1c2d673ddb12b0242fa3ab931ab.pdf_13_p13_c0",1,True,1.0
如何确定BA的长度？,1,yanbaopptmerge_yanbaoPPT_1825_p1825_c0,jiaocaineedrop_jiaocai_needrop_en_1141_p1141_c0,0,False,0.0
如何确定BA的长度？,3,yanbaopptmerge_yanbaoPPT_1825_p1825_c0,"jiaocaineedrop_jiaocai_needrop_en_1141_p1141_c0,exam_paper_2016年安徽省中考英语试题（解析）_page_003_p3_c2,jiaocaineedrop_jiaocai_needrop_en_1473_p1473_c1",0,False,0.0
如何确定BA的长度？,5,yanbaopptmerge_yanbaoPPT_1825_p1825_c0,"jiaocaineedrop_jiaocai_needrop_en_1141_p1141_c0,exam_paper_2016年安徽省中考英语试题（解析）_page_003_p3_c2,jiaocaineedrop_jiaocai_needrop_en_1473_p1473_c1,yanbaor2_7f386f737cb55cffa10c8321a94bd38d7169cd69b3b253b9e2e502c12a68feea.pdf_15_p15_c0,jiaocaineedrop_96657786.pdf_0_p0_c2",0,False,0.0
What is the correct answer for question 1 in the thinking expansion section?,1,jiaocaineedrop_jiaocai_needrop_en_2509_p2509_c0,jiaocaineedrop_jiaocai_needrop_en_1836_p1836_c0,0,False,0.0
What is the correct answer for question 1 in the thinking expansion section?,3,jiaocaineedrop_jiaocai_needrop_en_2509_p2509_c0,"jiaocaineedrop_jiaocai_needrop_en_1836_p1836_c0,jiaocaineedrop_Chapter9.pdf_46_p46_c0,jiaocaineedrop_jiaocai_needrop_en_237_p237_c1",0,False,0.0
What is the correct answer for question 1 in the thinking expansion section?,5,jiaocaineedrop_jiaocai_needrop_en_2509_p2509_c0,"jiaocaineedrop_jiaocai_needrop_en_1836_p1836_c0,jiaocaineedrop_Chapter9.pdf_46_p46_c0,jiaocaineedrop_jiaocai_needrop_en_237_p237_c1,exam_paper_2004-2019上海高考英语听力原文和答案_page_017_p17_c3,newspaper_The Globe and Mail - 2025-1-8@magazinesclubnew_page_014_p14_c2",0,False,0.0
北上资金在市场反转时的流入流出幅度变化如何？,1,eastmoney_e42b6e1cd2d48113ff4db8854e539d828d632bf9b1757e10cb8ddb2cfc7b1393.pdf_12_p12_c0,eastmoney_e42b6e1cd2d48113ff4db8854e539d828d632bf9b1757e10cb8ddb2cfc7b1393.pdf_12_p12_c0,1,True,1.0
北上资金在市场反转时的流入流出幅度变化如何？,3,eastmoney_e42b6e1cd2d48113ff4db8854e539d828d632bf9b1757e10cb8ddb2cfc7b1393.pdf_12_p12_c0,"eastmoney_e42b6e1cd2d48113ff4db8854e539d828d632bf9b1757e10cb8ddb2cfc7b1393.pdf_12_p12_c0,eastmoney_e42b6e1cd2d48113ff4db8854e539d828d632bf9b1757e10cb8ddb2cfc7b1393.pdf_12_p12_c2,eastmoney_7c25f92e2ab21d83e1eada0e40a68e3151e7c1c2d673ddb12b0242fa3ab931ab.pdf_13_p13_c0",1,True,1.0
北上资金在市场反转时的流入流出幅度变化如何？,5,eastmoney_e42b6e1cd2d48113ff4db8854e539d828d632bf9b1757e10cb8ddb2cfc7b1393.pdf_12_p12_c0,"eastmoney_e42b6e1cd2d48113ff4db8854e539d828d632bf9b1757e10cb8ddb2cfc7b1393.pdf_12_p12_c0,eastmoney_e42b6e1cd2d48113ff4db8854e539d828d632bf9b1757e10cb8ddb2cfc7b1393.pdf_12_p12_c2,eastmoney_7c25f92e2ab21d83e1eada0e40a68e3151e7c1c2d673ddb12b0242fa3ab931ab.pdf_13_p13_c0,newspaper_2c69e142b52dbb30cac2cb11d3eb25e5_1_p1_c3,newspaper_The Globe and Mail - 2025-1-8@magazinesclubnew_page_018_p18_c5",1,True,1.0
What was the value on 2022-10-31?,1,eastmoney_e42b6e1cd2d48113ff4db8854e539d828d632bf9b1757e10cb8ddb2cfc7b1393.pdf_12_p12_c1,eastmoney_e42b6e1cd2d48113ff4db8854e539d828d632bf9b1757e10cb8ddb2cfc7b1393.pdf_12_p12_c1,1,True,1.0
What was the value on 2022-10-31?,3,eastmoney_e42b6e1cd2d48113ff4db8854e539d828d632bf9b1757e10cb8ddb2cfc7b1393.pdf_12_p12_c1,"eastmoney_e42b6e1cd2d48113ff4db8854e539d828d632bf9b1757e10cb8ddb2cfc7b1393.pdf_12_p12_c1,yanbaopptmerge_e60b3b61281e87ddf42f9321a9e6ef9d.pdf_159_p159_c1,yanbaopptmerge_ee19df4a08e3d07ac1190446f5b3dd3f25438c661b87cf4fbb9040ac5fac443b.pdf_1_p1_c1",1,True,1.0
What was the value on 2022-10-31?,5,eastmoney_e42b6e1cd2d48113ff4db8854e539d828d632bf9b1757e10cb8ddb2cfc7b1393.pdf_12_p12_c1,"eastmoney_e42b6e1cd2d48113ff4db8854e539d828d632bf9b1757e10cb8ddb2cfc7b1393.pdf_12_p12_c1,yanbaopptmerge_e60b3b61281e87ddf42f9321a9e6ef9d.pdf_159_p159_c1,yanbaopptmerge_ee19df4a08e3d07ac1190446f5b3dd3f25438c661b87cf4fbb9040ac5fac443b.pdf_1_p1_c1,jiaocaineedrop_biz-96816.pdf_48_p48_c1,yanbaopptmerge_2f4902871606698497c53ccb18d3fec2f83d05047d883cd65bbce26bfb27bcd2.pdf_1_p1_c1",1,True,1.0
北上资金重仓方向面临什么调整压力？,1,eastmoney_e42b6e1cd2d48113ff4db8854e539d828d632bf9b1757e10cb8ddb2cfc7b1393.pdf_12_p12_c2,eastmoney_e42b6e1cd2d48113ff4db8854e539d828d632bf9b1757e10cb8ddb2cfc7b1393.pdf_12_p12_c2,1,True,1.0
北上资金重仓方向面临什么调整压力？,3,eastmoney_e42b6e1cd2d48113ff4db8854e539d828d632bf9b1757e10cb8ddb2cfc7b1393.pdf_12_p12_c2,"eastmoney_e42b6e1cd2d48113ff4db8854e539d828d632bf9b1757e10cb8ddb2cfc7b1393.pdf_12_p12_c2,eastmoney_e42b6e1cd2d48113ff4db8854e539d828d632bf9b1757e10cb8ddb2cfc7b1393.pdf_12_p12_c0,newspaper_The Globe and Mail - 2025-1-8@magazinesclubnew_page_018_p18_c5",1,True,1.0
北上资金重仓方向面临什么调整压力？,5,eastmoney_e42b6e1cd2d48113ff4db8854e539d828d632bf9b1757e10cb8ddb2cfc7b1393.pdf_12_p12_c2,"eastmoney_e42b6e1cd2d48113ff4db8854e539d828d632bf9b1757e10cb8ddb2cfc7b1393.pdf_12_p12_c2,eastmoney_e42b6e1cd2d48113ff4db8854e539d828d632bf9b1757e10cb8ddb2cfc7b1393.pdf_12_p12_c0,newspaper_The Globe and Mail - 2025-1-8@magazinesclubnew_page_018_p18_c5,newspaper_2c69e142b52dbb30cac2cb11d3eb25e5_1_p1_c3,newspaper_The Wall Street Journal - 2025-01-08@magazinesclubnew_page_018_p18_c3",1,True,1.0
中国铁路运输如何影响商品送达欧洲的时间？,1,yanbaor2_yanbaoPPT_467_p467_c0,yanbaor2_yanbaoPPT_467_p467_c0,1,True,1.0
中国铁路运输如何影响商品送达欧洲的时间？,3,yanbaor2_yanbaoPPT_467_p467_c0,"yanbaor2_yanbaoPPT_467_p467_c0,eastmoney_7c25f92e2ab21d83e1eada0e40a68e3151e7c1c2d673ddb12b0242fa3ab931ab.pdf_13_p13_c1,notes_1ba14cb325bc448f7201b20502ecf2b5_118_p118_c0",1,True,1.0
中国铁路运输如何影响商品送达欧洲的时间？,5,yanbaor2_yanbaoPPT_467_p467_c0,"yanbaor2_yanbaoPPT_467_p467_c0,eastmoney_7c25f92e2ab21d83e1eada0e40a68e3151e7c1c2d673ddb12b0242fa3ab931ab.pdf_13_p13_c1,notes_1ba14cb325bc448f7201b20502ecf2b5_118_p118_c0,yanbaor2_7f386f737cb55cffa10c8321a94bd38d7169cd69b3b253b9e2e502c12a68feea.pdf_15_p15_c0,newspaper_The Wall Street Journal - 2025-01-08@magazinesclubnew_page_018_p18_c2",1,True,1.0
深圳制造业生态系统如何帮助企业降低产品开发成本？,1,yanbaor2_yanbaoPPT_467_p467_c1,yanbaor2_yanbaoPPT_467_p467_c1,1,True,1.0
深圳制造业生态系统如何帮助企业降低产品开发成本？,3,yanbaor2_yanbaoPPT_467_p467_c1,"yanbaor2_yanbaoPPT_467_p467_c1,yanbaor2_yanbaoPPT_6065_p6065_c0,yanbaor2_yanbaoPPT_467_p467_c0",1,True,1.0
深圳制造业生态系统如何帮助企业降低产品开发成本？,5,yanbaor2_yanbaoPPT_467_p467_c1,"yanbaor2_yanbaoPPT_467_p467_c1,yanbaor2_yanbaoPPT_6065_p6065_c0,yanbaor2_yanbaoPPT_467_p467_c0,yanbaor2_7f386f737cb55cffa10c8321a94bd38d7169cd69b3b253b9e2e502c12a68feea.pdf_15_p15_c0,newspaper_35bdaa11dec104ccbdc9e19ac8527d21_1_p1_c2",1,True,1.0
中考英语作文万能格式佳句在哪个页码？,1,notes_f7f010b78016aeebd76e56d9283eb67f_4_p4_c0,notes_f7f010b78016aeebd76e56d9283eb67f_4_p4_c0,1,True,1.0
中考英语作文万能格式佳句在哪个页码？,3,notes_f7f010b78016aeebd76e56d9283eb67f_4_p4_c0,"notes_f7f010b78016aeebd76e56d9283eb67f_4_p4_c0,color_textbook_教材全解1+1二年级上册英语上海牛津版_page_067_p67_c2,yanbaopptmerge_yanbaoPPT_5945_p5945_c0",1,True,1.0
中考英语作文万能格式佳句在哪个页码？,5,notes_f7f010b78016aeebd76e56d9283eb67f_4_p4_c0,"notes_f7f010b78016aeebd76e56d9283eb67f_4_p4_c0,color_textbook_教材全解1+1二年级上册英语上海牛津版_page_067_p67_c2,yanbaopptmerge_yanbaoPPT_5945_p5945_c0,exam_paper_2004-2019上海高考英语听力原文和答案_page_017_p17_c0,notes_f7f010b78016aeebd76e56d9283eb67f_114_p114_c1",1,True,1.0
What information sources were reviewed in evaluating the stressors and threats to the Arizona treefrog?,1,newspaper_2a6b4fa088699701a6fa9ccecfb5c25d_3_p3_c0,newspaper_2a6b4fa088699701a6fa9ccecfb5c25d_3_p3_c0,1,True,1.0
What information sources were reviewed in evaluating the stressors and threats to the Arizona treefrog?,3,newspaper_2a6b4fa088699701a6fa9ccecfb5c25d_3_p3_c0,"newspaper_2a6b4fa088699701a6fa9ccecfb5c25d_3_p3_c0,newspaper_2a6b4fa088699701a6fa9ccecfb5c25d_3_p3_c5,newspaper_2a6b4fa088699701a6fa9ccecfb5c25d_3_p3_c3",1,True,1.0
What information sources were reviewed in evaluating the stressors and threats to the Arizona treefrog?,5,newspaper_2a6b4fa088699701a6fa9ccecfb5c25d_3_p3_c0,"newspaper_2a6b4fa088699701a6fa9ccecfb5c25d_3_p3_c0,newspaper_2a6b4fa088699701a6fa9ccecfb5c25d_3_p3_c5,newspaper_2a6b4fa088699701a6fa9ccecfb5c25d_3_p3_c3,newspaper_2a6b4fa088699701a6fa9ccecfb5c25d_3_p3_c1,newspaper_2a6b4fa088699701a6fa9ccecfb5c25d_3_p3_c2",1,True,1.0
What was the listing priority number assigned to the Huachuca-Canelo population of the Arizona treefrog in 2007?,1,newspaper_2a6b4fa088699701a6fa9ccecfb5c25d_3_p3_c1,newspaper_2a6b4fa088699701a6fa9ccecfb5c25d_3_p3_c1,1,True,1.0
What was the listing priority number assigned to the Huachuca-Canelo population of the Arizona treefrog in 2007?,3,newspaper_2a6b4fa088699701a6fa9ccecfb5c25d_3_p3_c1,"newspaper_2a6b4fa088699701a6fa9ccecfb5c25d_3_p3_c1,newspaper_2a6b4fa088699701a6fa9ccecfb5c25d_3_p3_c3,newspaper_2a6b4fa088699701a6fa9ccecfb5c25d_3_p3_c0",1,True,1.0
What was the listing priority number assigned to the Huachuca-Canelo population of the Arizona treefrog in 2007?,5,newspaper_2a6b4fa088699701a6fa9ccecfb5c25d_3_p3_c1,"newspaper_2a6b4fa088699701a6fa9ccecfb5c25d_3_p3_c1,newspaper_2a6b4fa088699701a6fa9ccecfb5c25d_3_p3_c3,newspaper_2a6b4fa088699701a6fa9ccecfb5c25d_3_p3_c0,newspaper_2a6b4fa088699701a6fa9ccecfb5c25d_3_p3_c5,newspaper_2a6b4fa088699701a6fa9ccecfb5c25d_3_p3_c4",1,True,1.0
Where has the Arizona treefrog been recently found in new locations within Arizona?,1,newspaper_2a6b4fa088699701a6fa9ccecfb5c25d_3_p3_c2,newspaper_2a6b4fa088699701a6fa9ccecfb5c25d_3_p3_c2,1,True,1.0
Where has the Arizona treefrog been recently found in new locations within Arizona?,3,newspaper_2a6b4fa088699701a6fa9ccecfb5c25d_3_p3_c2,"newspaper_2a6b4fa088699701a6fa9ccecfb5c25d_3_p3_c2,newspaper_2a6b4fa088699701a6fa9ccecfb5c25d_3_p3_c1,newspaper_2a6b4fa088699701a6fa9ccecfb5c25d_3_p3_c3",1,True,1.0
Where has the Arizona treefrog been recently found in new locations within Arizona?,5,newspaper_2a6b4fa088699701a6fa9ccecfb5c25d_3_p3_c2,"newspaper_2a6b4fa088699701a6fa9ccecfb5c25d_3_p3_c2,newspaper_2a6b4fa088699701a6fa9ccecfb5c25d_3_p3_c1,newspaper_2a6b4fa088699701a6fa9ccecfb5c25d_3_p3_c3,newspaper_2a6b4fa088699701a6fa9ccecfb5c25d_3_p3_c5,newspaper_2a6b4fa088699701a6fa9ccecfb5c25d_3_p3_c0",1,True,1.0
What policy sets the criteria for determining if a vertebrate population is a DPS?,1,newspaper_2a6b4fa088699701a6fa9ccecfb5c25d_3_p3_c3,newspaper_2a6b4fa088699701a6fa9ccecfb5c25d_3_p3_c3,1,True,1.0
What policy sets the criteria for determining if a vertebrate population is a DPS?,3,newspaper_2a6b4fa088699701a6fa9ccecfb5c25d_3_p3_c3,"newspaper_2a6b4fa088699701a6fa9ccecfb5c25d_3_p3_c3,newspaper_2a6b4fa088699701a6fa9ccecfb5c25d_3_p3_c4,newspaper_2a6b4fa088699701a6fa9ccecfb5c25d_3_p3_c5",1,True,1.0
What policy sets the criteria for determining if a vertebrate population is a DPS?,5,newspaper_2a6b4fa088699701a6fa9ccecfb5c25d_3_p3_c3,"newspaper_2a6b4fa088699701a6fa9ccecfb5c25d_3_p3_c3,newspaper_2a6b4fa088699701a6fa9ccecfb5c25d_3_p3_c4,newspaper_2a6b4fa088699701a6fa9ccecfb5c25d_3_p3_c5,newspaper_2a6b4fa088699701a6fa9ccecfb5c25d_3_p3_c0,yanbaopptmerge_e60b3b61281e87ddf42f9321a9e6ef9d.pdf_159_p159_c1",1,True,1.0
What is the conclusion about the Huachuca-Canelo population of the Arizona treefrog?,1,newspaper_2a6b4fa088699701a6fa9ccecfb5c25d_3_p3_c4,newspaper_2a6b4fa088699701a6fa9ccecfb5c25d_3_p3_c5,0,False,0.0
What is the conclusion about the Huachuca-Canelo population of the Arizona treefrog?,3,newspaper_2a6b4fa088699701a6fa9ccecfb5c25d_3_p3_c4,"newspaper_2a6b4fa088699701a6fa9ccecfb5c25d_3_p3_c5,newspaper_2a6b4fa088699701a6fa9ccecfb5c25d_3_p3_c2,newspaper_2a6b4fa088699701a6fa9ccecfb5c25d_3_p3_c3",0,False,0.0
What is the conclusion about the Huachuca-Canelo population of the Arizona treefrog?,5,newspaper_2a6b4fa088699701a6fa9ccecfb5c25d_3_p3_c4,"newspaper_2a6b4fa088699701a6fa9ccecfb5c25d_3_p3_c5,newspaper_2a6b4fa088699701a6fa9ccecfb5c25d_3_p3_c2,newspaper_2a6b4fa088699701a6fa9ccecfb5c25d_3_p3_c3,newspaper_2a6b4fa088699701a6fa9ccecfb5c25d_3_p3_c4,newspaper_2a6b4fa088699701a6fa9ccecfb5c25d_3_p3_c1",4,True,1.0
What are the three considerations that the DPS Policy sets out for evaluating significance?,1,newspaper_2a6b4fa088699701a6fa9ccecfb5c25d_3_p3_c5,newspaper_2a6b4fa088699701a6fa9ccecfb5c25d_3_p3_c4,0,False,0.0
What are the three considerations that the DPS Policy sets out for evaluating significance?,3,newspaper_2a6b4fa088699701a6fa9ccecfb5c25d_3_p3_c5,"newspaper_2a6b4fa088699701a6fa9ccecfb5c25d_3_p3_c4,newspaper_2a6b4fa088699701a6fa9ccecfb5c25d_3_p3_c5,newspaper_2a6b4fa088699701a6fa9ccecfb5c25d_3_p3_c3",2,True,1.0
What are the three considerations that the DPS Policy sets out for evaluating significance?,5,newspaper_2a6b4fa088699701a6fa9ccecfb5c25d_3_p3_c5,"newspaper_2a6b4fa088699701a6fa9ccecfb5c25d_3_p3_c4,newspaper_2a6b4fa088699701a6fa9ccecfb5c25d_3_p3_c5,newspaper_2a6b4fa088699701a6fa9ccecfb5c25d_3_p3_c3,jiaocaineedrop_jiaocai_needrop_en_377_p377_c2,jiaocaineedrop_biz-96816.pdf_48_p48_c1",2,True,1.0
What are some tactical initiatives mentioned to reduce energy bills?,1,yanbaor2_ey-financial-sustainability-whitepaper.pdf_17_p17_c0,yanbaor2_ey-financial-sustainability-whitepaper.pdf_17_p17_c0,1,True,1.0
What are some tactical initiatives mentioned to reduce energy bills?,3,yanbaor2_ey-financial-sustainability-whitepaper.pdf_17_p17_c0,"yanbaor2_ey-financial-sustainability-whitepaper.pdf_17_p17_c0,yanbaor2_ey-financial-sustainability-whitepaper.pdf_17_p17_c1,yanbaor2_7f386f737cb55cffa10c8321a94bd38d7169cd69b3b253b9e2e502c12a68feea.pdf_15_p15_c0",1,True,1.0
What are some tactical initiatives mentioned to reduce energy bills?,5,yanbaor2_ey-financial-sustainability-whitepaper.pdf_17_p17_c0,"yanbaor2_ey-financial-sustainability-whitepaper.pdf_17_p17_c0,yanbaor2_ey-financial-sustainability-whitepaper.pdf_17_p17_c1,yanbaor2_7f386f737cb55cffa10c8321a94bd38d7169cd69b3b253b9e2e502c12a68feea.pdf_15_p15_c0,jiaocaineedrop_jiaocai_needrop_en_961_p961_c0,newspaper_The Wall Street Journal - 2025-01-08@magazinesclubnew_page_018_p18_c7",1,True,1.0
What are some approaches to reducing payroll mentioned in the text?,1,yanbaor2_ey-financial-sustainability-whitepaper.pdf_17_p17_c1,yanbaor2_ey-financial-sustainability-whitepaper.pdf_17_p17_c1,1,True,1.0
What are some approaches to reducing payroll mentioned in the text?,3,yanbaor2_ey-financial-sustainability-whitepaper.pdf_17_p17_c1,"yanbaor2_ey-financial-sustainability-whitepaper.pdf_17_p17_c1,yanbaor2_ey-financial-sustainability-whitepaper.pdf_17_p17_c0,yanbaor2_ey-financial-sustainability-whitepaper.pdf_17_p17_c2",1,True,1.0
What are some approaches to reducing payroll mentioned in the text?,5,yanbaor2_ey-financial-sustainability-whitepaper.pdf_17_p17_c1,"yanbaor2_ey-financial-sustainability-whitepaper.pdf_17_p17_c1,yanbaor2_ey-financial-sustainability-whitepaper.pdf_17_p17_c0,yanbaor2_ey-financial-sustainability-whitepaper.pdf_17_p17_c2,jiaocaineedrop_biz-96816.pdf_48_p48_c1,jiaocaineedrop_jiaocai_needrop_en_961_p961_c0",1,True,1.0
What is the concern about reducing headcount according to the document fragment?,1,yanbaor2_ey-financial-sustainability-whitepaper.pdf_17_p17_c2,yanbaor2_ey-financial-sustainability-whitepaper.pdf_17_p17_c2,1,True,1.0
What is the concern about reducing headcount according to the document fragment?,3,yanbaor2_ey-financial-sustainability-whitepaper.pdf_17_p17_c2,"yanbaor2_ey-financial-sustainability-whitepaper.pdf_17_p17_c2,yanbaor2_ey-financial-sustainability-whitepaper.pdf_17_p17_c1,magazine_TheEconomist.2024.03.02_page_032_p32_c4",1,True,1.0
What is the concern about reducing headcount according to the document fragment?,5,yanbaor2_ey-financial-sustainability-whitepaper.pdf_17_p17_c2,"yanbaor2_ey-financial-sustainability-whitepaper.pdf_17_p17_c2,yanbaor2_ey-financial-sustainability-whitepaper.pdf_17_p17_c1,magazine_TheEconomist.2024.03.02_page_032_p32_c4,jiaocaineedrop_jiaocai_needrop_en_961_p961_c0,magazine_TheEconomist.2023.12.23_page_024_p24_c3",1,True,1.0
等高线地形图中如何判断地形类型？,1,notes_1ba14cb325bc448f7201b20502ecf2b5_10_p10_c0,notes_1ba14cb325bc448f7201b20502ecf2b5_10_p10_c0,1,True,1.0
等高线地形图中如何判断地形类型？,3,notes_1ba14cb325bc448f7201b20502ecf2b5_10_p10_c0,"notes_1ba14cb325bc448f7201b20502ecf2b5_10_p10_c0,notes_1ba14cb325bc448f7201b20502ecf2b5_123_p123_c0,newspaper_e62730aaeb9b509119e0c3699ac18201_1_p1_c12",1,True,1.0
等高线地形图中如何判断地形类型？,5,notes_1ba14cb325bc448f7201b20502ecf2b5_10_p10_c0,"notes_1ba14cb325bc448f7201b20502ecf2b5_10_p10_c0,notes_1ba14cb325bc448f7201b20502ecf2b5_123_p123_c0,newspaper_e62730aaeb9b509119e0c3699ac18201_1_p1_c12,jiaocaineedrop_jiaocai_needrop_en_1564_p1564_c1,yanbaor2_7f386f737cb55cffa10c8321a94bd38d7169cd69b3b253b9e2e502c12a68feea.pdf_15_p15_c0",1,True,1.0
What was the clearance between the scraper and the filter in the study by Tiller and Cheng?,1,docstructbench_llm-raw-scihub-o.O-bf00151572.pdf_3_p3_c0,docstructbench_llm-raw-scihub-o.O-bf00151572.pdf_3_p3_c0,1,True,1.0
What was the clearance between the scraper and the filter in the study by Tiller and Cheng?,3,docstructbench_llm-raw-scihub-o.O-bf00151572.pdf_3_p3_c0,"docstructbench_llm-raw-scihub-o.O-bf00151572.pdf_3_p3_c0,docstructbench_llm-raw-scihub-o.O-bf00151572.pdf_3_p3_c1,scihub_s00586-010-1656-7.pdf_3_p3_c3",1,True,1.0
What was the clearance between the scraper and the filter in the study by Tiller and Cheng?,5,docstructbench_llm-raw-scihub-o.O-bf00151572.pdf_3_p3_c0,"docstructbench_llm-raw-scihub-o.O-bf00151572.pdf_3_p3_c0,docstructbench_llm-raw-scihub-o.O-bf00151572.pdf_3_p3_c1,scihub_s00586-010-1656-7.pdf_3_p3_c3,docstructbench_llm-raw-scihub-o.O-j.chroma.2005.05.085.pdf_4_p4_c5,exam_paper_2004-2019上海高考英语听力原文和答案_page_017_p17_c3",1,True,1.0
What was the cell concentration in the reactor?,1,docstructbench_llm-raw-scihub-o.O-bf00151572.pdf_3_p3_c1,docstructbench_llm-raw-scihub-o.O-bf00151572.pdf_3_p3_c1,1,True,1.0
What was the cell concentration in the reactor?,3,docstructbench_llm-raw-scihub-o.O-bf00151572.pdf_3_p3_c1,"docstructbench_llm-raw-scihub-o.O-bf00151572.pdf_3_p3_c1,docstructbench_llm-raw-scihub-o.O-ijc.22999.pdf_3_p3_c0,yanbaopptmerge_e60b3b61281e87ddf42f9321a9e6ef9d.pdf_159_p159_c1",1,True,1.0
What was the cell concentration in the reactor?,5,docstructbench_llm-raw-scihub-o.O-bf00151572.pdf_3_p3_c1,"docstructbench_llm-raw-scihub-o.O-bf00151572.pdf_3_p3_c1,docstructbench_llm-raw-scihub-o.O-ijc.22999.pdf_3_p3_c0,yanbaopptmerge_e60b3b61281e87ddf42f9321a9e6ef9d.pdf_159_p159_c1,docstructbench_llm-raw-scihub-o.O-ijc.22999.pdf_3_p3_c2,magazine_TheEconomist.2024.03.02_page_075_p75_c4",1,True,1.0
What is the result of applying the Weak maximum principle to the operator M?,1,jiaocaineedrop_Evans_PDE_Solution_Chapter_6_Second-Order_Elliptic_Equations.pdf_5_p5_c1,exam_paper_en-file-putnam-archive_2011_Solutions_2011s_page_002_p2_c3,0,False,0.0
What is the result of applying the Weak maximum principle to the operator M?,3,jiaocaineedrop_Evans_PDE_Solution_Chapter_6_Second-Order_Elliptic_Equations.pdf_5_p5_c1,"exam_paper_en-file-putnam-archive_2011_Solutions_2011s_page_002_p2_c3,jiaocaineedrop_Evans_PDE_Solution_Chapter_6_Second-Order_Elliptic_Equations.pdf_5_p5_c1,yanbaopptmerge_e60b3b61281e87ddf42f9321a9e6ef9d.pdf_159_p159_c1",2,True,1.0
What is the result of applying the Weak maximum principle to the operator M?,5,jiaocaineedrop_Evans_PDE_Solution_Chapter_6_Second-Order_Elliptic_Equations.pdf_5_p5_c1,"exam_paper_en-file-putnam-archive_2011_Solutions_2011s_page_002_p2_c3,jiaocaineedrop_Evans_PDE_Solution_Chapter_6_Second-Order_Elliptic_Equations.pdf_5_p5_c1,yanbaopptmerge_e60b3b61281e87ddf42f9321a9e6ef9d.pdf_159_p159_c1,jiaocaineedrop_Evans_PDE_Solution_Chapter_6_Second-Order_Elliptic_Equations.pdf_5_p5_c0,exam_paper_2004-2019上海高考英语听力原文和答案_page_017_p17_c3",2,True,1.0
"What is the expression for H(x,y) in terms of F and G^{-1}?",1,exam_paper_en-file-putnam-archive_2011_Solutions_2011s_page_002_p2_c0,exam_paper_en-file-putnam-archive_2011_Solutions_2011s_page_002_p2_c0,1,True,1.0
"What is the expression for H(x,y) in terms of F and G^{-1}?",3,exam_paper_en-file-putnam-archive_2011_Solutions_2011s_page_002_p2_c0,"exam_paper_en-file-putnam-archive_2011_Solutions_2011s_page_002_p2_c0,exam_paper_en-file-putnam-archive_2011_Solutions_2011s_page_002_p2_c1,exam_paper_en-file-putnam-archive_2016_Solutions_2016s_page_002_p2_c3",1,True,1.0
"What is the expression for H(x,y) in terms of F and G^{-1}?",5,exam_paper_en-file-putnam-archive_2011_Solutions_2011s_page_002_p2_c0,"exam_paper_en-file-putnam-archive_2011_Solutions_2011s_page_002_p2_c0,exam_paper_en-file-putnam-archive_2011_Solutions_2011s_page_002_p2_c1,exam_paper_en-file-putnam-archive_2016_Solutions_2016s_page_002_p2_c3,exam_paper_en-file-putnam-archive_1999_Solutions_1999s_page_003_p3_c3,exam_paper_en-file-putnam-archive_2016_Solutions_2016s_page_002_p2_c2",1,True,1.0
What is the value of $ b $ when $ \chi $ is a nontrivial character and $ \lambda_\chi $ has maximum absolute value?,1,exam_paper_en-file-putnam-archive_2011_Solutions_2011s_page_002_p2_c2,exam_paper_en-file-putnam-archive_2011_Solutions_2011s_page_002_p2_c2,1,True,1.0
What is the value of $ b $ when $ \chi $ is a nontrivial character and $ \lambda_\chi $ has maximum absolute value?,3,exam_paper_en-file-putnam-archive_2011_Solutions_2011s_page_002_p2_c2,"exam_paper_en-file-putnam-archive_2011_Solutions_2011s_page_002_p2_c2,exam_paper_en-file-putnam-archive_2011_Solutions_2011s_page_002_p2_c3,exam_paper_en-file-putnam-archive_2009_Solutions_2009s_page_003_p3_c4",1,True,1.0
What is the value of $ b $ when $ \chi $ is a nontrivial character and $ \lambda_\chi $ has maximum absolute value?,5,exam_paper_en-file-putnam-archive_2011_Solutions_2011s_page_002_p2_c2,"exam_paper_en-file-putnam-archive_2011_Solutions_2011s_page_002_p2_c2,exam_paper_en-file-putnam-archive_2011_Solutions_2011s_page_002_p2_c3,exam_paper_en-file-putnam-archive_2009_Solutions_2009s_page_003_p3_c4,exam_paper_en-file-putnam-archive_1995_Solutions_1995s_page_002_p2_c3,exam_paper_en-file-putnam-archive_2009_Solutions_2009s_page_003_p3_c5",1,True,1.0
"What is the condition for the set $\{g_{1},\ldots,g_{k}\}$?",1,exam_paper_en-file-putnam-archive_2011_Solutions_2011s_page_002_p2_c4,exam_paper_en-file-putnam-archive_2011_Solutions_2011s_page_002_p2_c2,0,False,0.0
"What is the condition for the set $\{g_{1},\ldots,g_{k}\}$?",3,exam_paper_en-file-putnam-archive_2011_Solutions_2011s_page_002_p2_c4,"exam_paper_en-file-putnam-archive_2011_Solutions_2011s_page_002_p2_c2,exam_paper_en-file-putnam-archive_2011_Solutions_2011s_page_002_p2_c4,exam_paper_en-file-putnam-archive_2011_Solutions_2011s_page_002_p2_c1",2,True,1.0
"What is the condition for the set $\{g_{1},\ldots,g_{k}\}$?",5,exam_paper_en-file-putnam-archive_2011_Solutions_2011s_page_002_p2_c4,"exam_paper_en-file-putnam-archive_2011_Solutions_2011s_page_002_p2_c2,exam_paper_en-file-putnam-archive_2011_Solutions_2011s_page_002_p2_c4,exam_paper_en-file-putnam-archive_2011_Solutions_2011s_page_002_p2_c1,exam_paper_en-file-putnam-archive_2009_Solutions_2009s_page_003_p3_c2,exam_paper_en-file-putnam-archive_2016_Solutions_2016s_page_002_p2_c2",2,True,1.0
What is the condition for the limit to exist in the given context?,1,exam_paper_en-file-putnam-archive_2011_Solutions_2011s_page_002_p2_c5,exam_paper_en-file-putnam-archive_2011_Solutions_2011s_page_002_p2_c5,1,True,1.0
What is the condition for the limit to exist in the given context?,3,exam_paper_en-file-putnam-archive_2011_Solutions_2011s_page_002_p2_c5,"exam_paper_en-file-putnam-archive_2011_Solutions_2011s_page_002_p2_c5,jiaocaineedrop_Evans_PDE_Solution_Chapter_6_Second-Order_Elliptic_Equations.pdf_5_p5_c0,yanbaopptmerge_e60b3b61281e87ddf42f9321a9e6ef9d.pdf_159_p159_c1",1,True,1.0
What is the condition for the limit to exist in the given context?,5,exam_paper_en-file-putnam-archive_2011_Solutions_2011s_page_002_p2_c5,"exam_paper_en-file-putnam-archive_2011_Solutions_2011s_page_002_p2_c5,jiaocaineedrop_Evans_PDE_Solution_Chapter_6_Second-Order_Elliptic_Equations.pdf_5_p5_c0,yanbaopptmerge_e60b3b61281e87ddf42f9321a9e6ef9d.pdf_159_p159_c1,jiaocaineedrop_Evans_PDE_Solution_Chapter_6_Second-Order_Elliptic_Equations.pdf_5_p5_c1,exam_paper_en-file-putnam-archive_1996_Solutions_1996s_page_002_p2_c4",1,True,1.0
What is the EBITDA value for 2024E?,1,yanbaopptmerge_51e549c0d1a2669ac976409fcf99ce91908b1e0a07f0fc70d92263abf6d07f18.pdf_1_p1_c0,yanbaopptmerge_51e549c0d1a2669ac976409fcf99ce91908b1e0a07f0fc70d92263abf6d07f18.pdf_1_p1_c0,1,True,1.0
What is the EBITDA value for 2024E?,3,yanbaopptmerge_51e549c0d1a2669ac976409fcf99ce91908b1e0a07f0fc70d92263abf6d07f18.pdf_1_p1_c0,"yanbaopptmerge_51e549c0d1a2669ac976409fcf99ce91908b1e0a07f0fc70d92263abf6d07f18.pdf_1_p1_c0,yanbaopptmerge_e60b3b61281e87ddf42f9321a9e6ef9d.pdf_159_p159_c1,yanbaopptmerge_ee19df4a08e3d07ac1190446f5b3dd3f25438c661b87cf4fbb9040ac5fac443b.pdf_1_p1_c1",1,True,1.0
What is the EBITDA value for 2024E?,5,yanbaopptmerge_51e549c0d1a2669ac976409fcf99ce91908b1e0a07f0fc70d92263abf6d07f18.pdf_1_p1_c0,"yanbaopptmerge_51e549c0d1a2669ac976409fcf99ce91908b1e0a07f0fc70d92263abf6d07f18.pdf_1_p1_c0,yanbaopptmerge_e60b3b61281e87ddf42f9321a9e6ef9d.pdf_159_p159_c1,yanbaopptmerge_ee19df4a08e3d07ac1190446f5b3dd3f25438c661b87cf4fbb9040ac5fac443b.pdf_1_p1_c1,jiaocaineedrop_jiaocai_needrop_en_961_p961_c0,yanbaopptmerge_51e549c0d1a2669ac976409fcf99ce91908b1e0a07f0fc70d92263abf6d07f18.pdf_1_p1_c1",1,True,1.0
Which company is listed under the letter B in the INDEX TO BUSINESSES section?,1,newspaper_The Wall Street Journal - 2025-01-08@magazinesclubnew_page_018_p18_c0,newspaper_The Wall Street Journal - 2025-01-08@magazinesclubnew_page_018_p18_c0,1,True,1.0
Which company is listed under the letter B in the INDEX TO BUSINESSES section?,3,newspaper_The Wall Street Journal - 2025-01-08@magazinesclubnew_page_018_p18_c0,"newspaper_The Wall Street Journal - 2025-01-08@magazinesclubnew_page_018_p18_c0,jiaocaineedrop_Chapter9.pdf_46_p46_c0,newspaper_The Globe and Mail - 2025-1-8@magazinesclubnew_page_014_p14_c0",1,True,1.0
Which company is listed under the letter B in the INDEX TO BUSINESSES section?,5,newspaper_The Wall Street Journal - 2025-01-08@magazinesclubnew_page_018_p18_c0,"newspaper_The Wall Street Journal - 2025-01-08@magazinesclubnew_page_018_p18_c0,jiaocaineedrop_Chapter9.pdf_46_p46_c0,newspaper_The Globe and Mail - 2025-1-8@magazinesclubnew_page_014_p14_c0,yanbaopptmerge_yanbaoPPT_5945_p5945_c0,newspaper_The Globe and Mail - 2025-1-8@magazinesclubnew_page_018_p18_c0",1,True,1.0
What is the cost per truck entry into Manhattan south of 60th Street between 5 a.m. and 9 p.m. on weekdays?,1,newspaper_The Wall Street Journal - 2025-01-08@magazinesclubnew_page_018_p18_c1,newspaper_The Wall Street Journal - 2025-01-08@magazinesclubnew_page_018_p18_c1,1,True,1.0
What is the cost per truck entry into Manhattan south of 60th Street between 5 a.m. and 9 p.m. on weekdays?,3,newspaper_The Wall Street Journal - 2025-01-08@magazinesclubnew_page_018_p18_c1,"newspaper_The Wall Street Journal - 2025-01-08@magazinesclubnew_page_018_p18_c1,newspaper_The Wall Street Journal - 2025-01-08@magazinesclubnew_page_018_p18_c2,book_en_国外数学教材-非数学专业教材-线性代数-Gilbert Strang—Linear Algebra and Its Applications 4e_0035_p35_c0",1,True,1.0
What is the cost per truck entry into Manhattan south of 60th Street between 5 a.m. and 9 p.m. on weekdays?,5,newspaper_The Wall Street Journal - 2025-01-08@magazinesclubnew_page_018_p18_c1,"newspaper_The Wall Street Journal - 2025-01-08@magazinesclubnew_page_018_p18_c1,newspaper_The Wall Street Journal - 2025-01-08@magazinesclubnew_page_018_p18_c2,book_en_国外数学教材-非数学专业教材-线性代数-Gilbert Strang—Linear Algebra and Its Applications 4e_0035_p35_c0,newspaper_The Globe and Mail - 2025-1-8@magazinesclubnew_page_014_p14_c0,exam_paper_en-file-putnam-archive_2009_Solutions_2009s_page_003_p3_c0",1,True,1.0
What is the congestion toll for heavy-duty trucks during off-peak hours?,1,newspaper_The Wall Street Journal - 2025-01-08@magazinesclubnew_page_018_p18_c2,newspaper_The Wall Street Journal - 2025-01-08@magazinesclubnew_page_018_p18_c2,1,True,1.0
What is the congestion toll for heavy-duty trucks during off-peak hours?,3,newspaper_The Wall Street Journal - 2025-01-08@magazinesclubnew_page_018_p18_c2,"newspaper_The Wall Street Journal - 2025-01-08@magazinesclubnew_page_018_p18_c2,newspaper_The Wall Street Journal - 2025-01-08@magazinesclubnew_page_018_p18_c1,yanbaopptmerge_e60b3b61281e87ddf42f9321a9e6ef9d.pdf_159_p159_c1",1,True,1.0
What is the congestion toll for heavy-duty trucks during off-peak hours?,5,newspaper_The Wall Street Journal - 2025-01-08@magazinesclubnew_page_018_p18_c2,"newspaper_The Wall Street Journal - 2025-01-08@magazinesclubnew_page_018_p18_c2,newspaper_The Wall Street Journal - 2025-01-08@magazinesclubnew_page_018_p18_c1,yanbaopptmerge_e60b3b61281e87ddf42f9321a9e6ef9d.pdf_159_p159_c1,newspaper_The Globe and Mail - 2025-1-8@magazinesclubnew_page_014_p14_c0,scihub_s11661-013-1726-7.pdf_2_p2_c3",1,True,1.0
What did Lorie Almon say about Seyfarth Shaw's new task force?,1,newspaper_The Wall Street Journal - 2025-01-08@magazinesclubnew_page_018_p18_c3,newspaper_The Wall Street Journal - 2025-01-08@magazinesclubnew_page_018_p18_c3,1,True,1.0
What did Lorie Almon say about Seyfarth Shaw's new task force?,3,newspaper_The Wall Street Journal - 2025-01-08@magazinesclubnew_page_018_p18_c3,"newspaper_The Wall Street Journal - 2025-01-08@magazinesclubnew_page_018_p18_c3,newspaper_The Wall Street Journal - 2025-01-08@magazinesclubnew_page_018_p18_c4,jiaocaineedrop_jiaocai_needrop_en_961_p961_c0",1,True,1.0
What did Lorie Almon say about Seyfarth Shaw's new task force?,5,newspaper_The Wall Street Journal - 2025-01-08@magazinesclubnew_page_018_p18_c3,"newspaper_The Wall Street Journal - 2025-01-08@magazinesclubnew_page_018_p18_c3,newspaper_The Wall Street Journal - 2025-01-08@magazinesclubnew_page_018_p18_c4,jiaocaineedrop_jiaocai_needrop_en_961_p961_c0,magazine_TheEconomist.2023.11.25_page_069_p69_c2,exam_paper_2016年安徽省中考英语试题（解析）_page_015_p15_c2",1,True,1.0
What did Coinbase CEO Brian Armstrong say about working with Biden-era officials?,1,newspaper_The Wall Street Journal - 2025-01-08@magazinesclubnew_page_018_p18_c4,newspaper_The Wall Street Journal - 2025-01-08@magazinesclubnew_page_018_p18_c4,1,True,1.0
What did Coinbase CEO Brian Armstrong say about working with Biden-era officials?,3,newspaper_The Wall Street Journal - 2025-01-08@magazinesclubnew_page_018_p18_c4,"newspaper_The Wall Street Journal - 2025-01-08@magazinesclubnew_page_018_p18_c4,newspaper_The Wall Street Journal - 2025-01-08@magazinesclubnew_page_018_p18_c2,newspaper_The Wall Street Journal - 2025-01-08@magazinesclubnew_page_018_p18_c5",1,True,1.0
What did Coinbase CEO Brian Armstrong say about working with Biden-era officials?,5,newspaper_The Wall Street Journal - 2025-01-08@magazinesclubnew_page_018_p18_c4,"newspaper_The Wall Street Journal - 2025-01-08@magazinesclubnew_page_018_p18_c4,newspaper_The Wall Street Journal - 2025-01-08@magazinesclubnew_page_018_p18_c2,newspaper_The Wall Street Journal - 2025-01-08@magazinesclubnew_page_018_p18_c5,newspaper_The Wall Street Journal - 2025-01-08@magazinesclubnew_page_018_p18_c7,newspaper_The Wall Street Journal - 2025-01-08@magazinesclubnew_page_018_p18_c3",1,True,1.0
Which law firm was specifically mentioned for hiring the Securities and Exchange Commission’s recent enforcement director?,1,newspaper_The Wall Street Journal - 2025-01-08@magazinesclubnew_page_018_p18_c5,newspaper_The Wall Street Journal - 2025-01-08@magazinesclubnew_page_018_p18_c5,1,True,1.0
Which law firm was specifically mentioned for hiring the Securities and Exchange Commission’s recent enforcement director?,3,newspaper_The Wall Street Journal - 2025-01-08@magazinesclubnew_page_018_p18_c5,"newspaper_The Wall Street Journal - 2025-01-08@magazinesclubnew_page_018_p18_c5,newspaper_The Wall Street Journal - 2025-01-08@magazinesclubnew_page_018_p18_c3,newspaper_The Wall Street Journal - 2025-01-08@magazinesclubnew_page_018_p18_c0",1,True,1.0
Which law firm was specifically mentioned for hiring the Securities and Exchange Commission’s recent enforcement director?,5,newspaper_The Wall Street Journal - 2025-01-08@magazinesclubnew_page_018_p18_c5,"newspaper_The Wall Street Journal - 2025-01-08@magazinesclubnew_page_018_p18_c5,newspaper_The Wall Street Journal - 2025-01-08@magazinesclubnew_page_018_p18_c3,newspaper_The Wall Street Journal - 2025-01-08@magazinesclubnew_page_018_p18_c0,jiaocaineedrop_chap15.pdf_3_p3_c0,eastmoney_8b3e01e3cd92a034f45945887a5170602774a8480effda5bd791451578a93b7d.pdf_5_p5_c0",1,True,1.0
What is the frequency of the policy publication?,1,newspaper_The Wall Street Journal - 2025-01-08@magazinesclubnew_page_018_p18_c6,newspaper_The Wall Street Journal - 2025-01-08@magazinesclubnew_page_018_p18_c6,1,True,1.0
What is the frequency of the policy publication?,3,newspaper_The Wall Street Journal - 2025-01-08@magazinesclubnew_page_018_p18_c6,"newspaper_The Wall Street Journal - 2025-01-08@magazinesclubnew_page_018_p18_c6,yanbaopptmerge_5473246b8da789b9bfdeef53a70c4d72afd480415d5cbcedb83d105856710328.pdf_8_p8_c0,yanbaopptmerge_e60b3b61281e87ddf42f9321a9e6ef9d.pdf_159_p159_c1",1,True,1.0
What is the frequency of the policy publication?,5,newspaper_The Wall Street Journal - 2025-01-08@magazinesclubnew_page_018_p18_c6,"newspaper_The Wall Street Journal - 2025-01-08@magazinesclubnew_page_018_p18_c6,yanbaopptmerge_5473246b8da789b9bfdeef53a70c4d72afd480415d5cbcedb83d105856710328.pdf_8_p8_c0,yanbaopptmerge_e60b3b61281e87ddf42f9321a9e6ef9d.pdf_159_p159_c1,jiaocaineedrop_jiaocai_needrop_en_377_p377_c2,jiaocaineedrop_jiaocai_needrop_en_961_p961_c0",1,True,1.0
Who is Abid Qureshi according to the text?,1,newspaper_The Wall Street Journal - 2025-01-08@magazinesclubnew_page_018_p18_c7,newspaper_The Wall Street Journal - 2025-01-08@magazinesclubnew_page_018_p18_c7,1,True,1.0
Who is Abid Qureshi according to the text?,3,newspaper_The Wall Street Journal - 2025-01-08@magazinesclubnew_page_018_p18_c7,"newspaper_The Wall Street Journal - 2025-01-08@magazinesclubnew_page_018_p18_c7,newspaper_USAToday-2025-01-08@magazinesclubnew_page_021_p21_c4,yanbaopptmerge_e60b3b61281e87ddf42f9321a9e6ef9d.pdf_159_p159_c4",1,True,1.0
Who is Abid Qureshi according to the text?,5,newspaper_The Wall Street Journal - 2025-01-08@magazinesclubnew_page_018_p18_c7,"newspaper_The Wall Street Journal - 2025-01-08@magazinesclubnew_page_018_p18_c7,newspaper_USAToday-2025-01-08@magazinesclubnew_page_021_p21_c4,yanbaopptmerge_e60b3b61281e87ddf42f9321a9e6ef9d.pdf_159_p159_c4,eastmoney_d2bb183f5254ede5760932ac3118524aa7eddad551935713b435541f1525c1ee.pdf_7_p7_c0,jiaocaineedrop_96657786.pdf_0_p0_c2",1,True,1.0
What was the total investment by Amazon.com in Anthropic since 2023?,1,newspaper_The Wall Street Journal - 2025-01-08@magazinesclubnew_page_018_p18_c8,newspaper_The Wall Street Journal - 2025-01-08@magazinesclubnew_page_018_p18_c8,1,True,1.0
What was the total investment by Amazon.com in Anthropic since 2023?,3,newspaper_The Wall Street Journal - 2025-01-08@magazinesclubnew_page_018_p18_c8,"newspaper_The Wall Street Journal - 2025-01-08@magazinesclubnew_page_018_p18_c8,magazine_TheEconomist.2023.12.23_page_012_p12_c0,magazine_TheEconomist.2023.12.23_page_012_p12_c7",1,True,1.0
What was the total investment by Amazon.com in Anthropic since 2023?,5,newspaper_The Wall Street Journal - 2025-01-08@magazinesclubnew_page_018_p18_c8,"newspaper_The Wall Street Journal - 2025-01-08@magazinesclubnew_page_018_p18_c8,magazine_TheEconomist.2023.12.23_page_012_p12_c0,magazine_TheEconomist.2023.12.23_page_012_p12_c7,newspaper_The Globe and Mail - 2025-1-8@magazinesclubnew_page_018_p18_c11,magazine_TheEconomist.2023.12.23_page_012_p12_c5",1,True,1.0
What percentage equity interest will Apollo's affiliates hold in the business?,1,newspaper_The Wall Street Journal - 2025-01-08@magazinesclubnew_page_018_p18_c9,newspaper_The Wall Street Journal - 2025-01-08@magazinesclubnew_page_018_p18_c9,1,True,1.0
What percentage equity interest will Apollo's affiliates hold in the business?,3,newspaper_The Wall Street Journal - 2025-01-08@magazinesclubnew_page_018_p18_c9,"newspaper_The Wall Street Journal - 2025-01-08@magazinesclubnew_page_018_p18_c9,newspaper_The Wall Street Journal - 2025-01-08@magazinesclubnew_page_018_p18_c8,newspaper_The Wall Street Journal - 2025-01-08@magazinesclubnew_page_018_p18_c0",1,True,1.0
What percentage equity interest will Apollo's affiliates hold in the business?,5,newspaper_The Wall Street Journal - 2025-01-08@magazinesclubnew_page_018_p18_c9,"newspaper_The Wall Street Journal - 2025-01-08@magazinesclubnew_page_018_p18_c9,newspaper_The Wall Street Journal - 2025-01-08@magazinesclubnew_page_018_p18_c8,newspaper_The Wall Street Journal - 2025-01-08@magazinesclubnew_page_018_p18_c0,jiaocaineedrop_jiaocai_needrop_en_453_p453_c4,yanbaopptmerge_baa6d02928efcac46ccf7dfd3859de565cfb0bea918ae0ec0eed50944a7c20b4.pdf_11_p11_c0",1,True,1.0
What percentage of UniFirst common shares are held by investors who also own Cintas’s stock?,1,newspaper_The Wall Street Journal - 2025-01-08@magazinesclubnew_page_018_p18_c10,newspaper_The Wall Street Journal - 2025-01-08@magazinesclubnew_page_018_p18_c10,1,True,1.0
What percentage of UniFirst common shares are held by investors who also own Cintas’s stock?,3,newspaper_The Wall Street Journal - 2025-01-08@magazinesclubnew_page_018_p18_c10,"newspaper_The Wall Street Journal - 2025-01-08@magazinesclubnew_page_018_p18_c10,newspaper_The Wall Street Journal - 2025-01-08@magazinesclubnew_page_018_p18_c9,jiaocaineedrop_unit2t03.pdf_63_p63_c2",1,True,1.0
What percentage of UniFirst common shares are held by investors who also own Cintas’s stock?,5,newspaper_The Wall Street Journal - 2025-01-08@magazinesclubnew_page_018_p18_c10,"newspaper_The Wall Street Journal - 2025-01-08@magazinesclubnew_page_018_p18_c10,newspaper_The Wall Street Journal - 2025-01-08@magazinesclubnew_page_018_p18_c9,jiaocaineedrop_unit2t03.pdf_63_p63_c2,yanbaopptmerge_baa6d02928efcac46ccf7dfd3859de565cfb0bea918ae0ec0eed50944a7c20b4.pdf_11_p11_c1,eastmoney_dcf347592d4160dffacffdf00a9c39aa75cf9859205a7543c283d1df8bb14f90.pdf_1_p1_c1",1,True,1.0
歌曲《“六一”歌》的情绪如何表现？,1,yanbaopptmerge_yanbaoPPT_4615_p4615_c0,yanbaopptmerge_yanbaoPPT_4615_p4615_c0,1,True,1.0
歌曲《“六一”歌》的情绪如何表现？,3,yanbaopptmerge_yanbaoPPT_4615_p4615_c0,"yanbaopptmerge_yanbaoPPT_4615_p4615_c0,newspaper_b95d1d8eb0d756cc94a5d8b5db3cf69b_1_p1_c4,yanbaopptmerge_yanbaoPPT_4900_p4900_c0",1,True,1.0
歌曲《“六一”歌》的情绪如何表现？,5,yanbaopptmerge_yanbaoPPT_4615_p4615_c0,"yanbaopptmerge_yanbaoPPT_4615_p4615_c0,newspaper_b95d1d8eb0d756cc94a5d8b5db3cf69b_1_p1_c4,yanbaopptmerge_yanbaoPPT_4900_p4900_c0,jiaocaineedrop_jiaocai_needrop_en_2193_p2193_c0,newspaper_e62730aaeb9b509119e0c3699ac18201_1_p1_c4",1,True,1.0
谁在2010年1至3季度国家土地出让金收益中担任副主任？,1,newspaper_2c69e142b52dbb30cac2cb11d3eb25e5_1_p1_c0,newspaper_2c69e142b52dbb30cac2cb11d3eb25e5_1_p1_c0,1,True,1.0
谁在2010年1至3季度国家土地出让金收益中担任副主任？,3,newspaper_2c69e142b52dbb30cac2cb11d3eb25e5_1_p1_c0,"newspaper_2c69e142b52dbb30cac2cb11d3eb25e5_1_p1_c0,yanbaopptmerge_baa6d02928efcac46ccf7dfd3859de565cfb0bea918ae0ec0eed50944a7c20b4.pdf_11_p11_c2,newspaper_2c69e142b52dbb30cac2cb11d3eb25e5_1_p1_c2",1,True,1.0
谁在2010年1至3季度国家土地出让金收益中担任副主任？,5,newspaper_2c69e142b52dbb30cac2cb11d3eb25e5_1_p1_c0,"newspaper_2c69e142b52dbb30cac2cb11d3eb25e5_1_p1_c0,yanbaopptmerge_baa6d02928efcac46ccf7dfd3859de565cfb0bea918ae0ec0eed50944a7c20b4.pdf_11_p11_c2,newspaper_2c69e142b52dbb30cac2cb11d3eb25e5_1_p1_c2,newspaper_fe2c8b45b2a086cd75984640bb3080e1_1_p1_c8,newspaper_2c69e142b52dbb30cac2cb11d3eb25e5_1_p1_c5",1,True,1.0
政府卖地收入占财政预算收入的比例是多少？,1,newspaper_2c69e142b52dbb30cac2cb11d3eb25e5_1_p1_c1,newspaper_2c69e142b52dbb30cac2cb11d3eb25e5_1_p1_c1,1,True,1.0
政府卖地收入占财政预算收入的比例是多少？,3,newspaper_2c69e142b52dbb30cac2cb11d3eb25e5_1_p1_c1,"newspaper_2c69e142b52dbb30cac2cb11d3eb25e5_1_p1_c1,newspaper_2c69e142b52dbb30cac2cb11d3eb25e5_1_p1_c2,newspaper_2c69e142b52dbb30cac2cb11d3eb25e5_1_p1_c0",1,True,1.0
政府卖地收入占财政预算收入的比例是多少？,5,newspaper_2c69e142b52dbb30cac2cb11d3eb25e5_1_p1_c1,"newspaper_2c69e142b52dbb30cac2cb11d3eb25e5_1_p1_c1,newspaper_2c69e142b52dbb30cac2cb11d3eb25e5_1_p1_c2,newspaper_2c69e142b52dbb30cac2cb11d3eb25e5_1_p1_c0,newspaper_2c69e142b52dbb30cac2cb11d3eb25e5_1_p1_c4,newspaper_2c69e142b52dbb30cac2cb11d3eb25e5_1_p1_c3",1,True,1.0
卖地的钱主要用于什么方面？,1,newspaper_2c69e142b52dbb30cac2cb11d3eb25e5_1_p1_c2,newspaper_2c69e142b52dbb30cac2cb11d3eb25e5_1_p1_c2,1,True,1.0
卖地的钱主要用于什么方面？,3,newspaper_2c69e142b52dbb30cac2cb11d3eb25e5_1_p1_c2,"newspaper_2c69e142b52dbb30cac2cb11d3eb25e5_1_p1_c2,newspaper_2c69e142b52dbb30cac2cb11d3eb25e5_1_p1_c1,newspaper_2c69e142b52dbb30cac2cb11d3eb25e5_1_p1_c3",1,True,1.0
卖地的钱主要用于什么方面？,5,newspaper_2c69e142b52dbb30cac2cb11d3eb25e5_1_p1_c2,"newspaper_2c69e142b52dbb30cac2cb11d3eb25e5_1_p1_c2,newspaper_2c69e142b52dbb30cac2cb11d3eb25e5_1_p1_c1,newspaper_2c69e142b52dbb30cac2cb11d3eb25e5_1_p1_c3,newspaper_2c69e142b52dbb30cac2cb11d3eb25e5_1_p1_c0,exam_paper_2016年安徽省中考英语试题（解析）_page_003_p3_c2",1,True,1.0
为什么说农村土地是沉睡的资本？,1,newspaper_2c69e142b52dbb30cac2cb11d3eb25e5_1_p1_c3,newspaper_2c69e142b52dbb30cac2cb11d3eb25e5_1_p1_c3,1,True,1.0
为什么说农村土地是沉睡的资本？,3,newspaper_2c69e142b52dbb30cac2cb11d3eb25e5_1_p1_c3,"newspaper_2c69e142b52dbb30cac2cb11d3eb25e5_1_p1_c3,newspaper_2c69e142b52dbb30cac2cb11d3eb25e5_1_p1_c2,jiaocaineedrop_jiaocai_needrop_en_887_p887_c0",1,True,1.0
为什么说农村土地是沉睡的资本？,5,newspaper_2c69e142b52dbb30cac2cb11d3eb25e5_1_p1_c3,"newspaper_2c69e142b52dbb30cac2cb11d3eb25e5_1_p1_c3,newspaper_2c69e142b52dbb30cac2cb11d3eb25e5_1_p1_c2,jiaocaineedrop_jiaocai_needrop_en_887_p887_c0,newspaper_2c69e142b52dbb30cac2cb11d3eb25e5_1_p1_c1,newspaper_fe2c8b45b2a086cd75984640bb3080e1_1_p1_c5",1,True,1.0
秸秆资源浪费严重的主要表现是什么？,1,newspaper_2c69e142b52dbb30cac2cb11d3eb25e5_1_p1_c4,newspaper_2c69e142b52dbb30cac2cb11d3eb25e5_1_p1_c4,1,True,1.0
秸秆资源浪费严重的主要表现是什么？,3,newspaper_2c69e142b52dbb30cac2cb11d3eb25e5_1_p1_c4,"newspaper_2c69e142b52dbb30cac2cb11d3eb25e5_1_p1_c4,newspaper_2c69e142b52dbb30cac2cb11d3eb25e5_1_p1_c3,newspaper_eb569707cf5621d4c71d5898216cdb17_1_p1_c10",1,True,1.0
秸秆资源浪费严重的主要表现是什么？,5,newspaper_2c69e142b52dbb30cac2cb11d3eb25e5_1_p1_c4,"newspaper_2c69e142b52dbb30cac2cb11d3eb25e5_1_p1_c4,newspaper_2c69e142b52dbb30cac2cb11d3eb25e5_1_p1_c3,newspaper_eb569707cf5621d4c71d5898216cdb17_1_p1_c10,newspaper_2c69e142b52dbb30cac2cb11d3eb25e5_1_p1_c10,newspaper_2c69e142b52dbb30cac2cb11d3eb25e5_1_p1_c5",1,True,1.0
哪些种粮大户没有农业生产经验？,1,newspaper_2c69e142b52dbb30cac2cb11d3eb25e5_1_p1_c5,newspaper_2c69e142b52dbb30cac2cb11d3eb25e5_1_p1_c5,1,True,1.0
哪些种粮大户没有农业生产经验？,3,newspaper_2c69e142b52dbb30cac2cb11d3eb25e5_1_p1_c5,"newspaper_2c69e142b52dbb30cac2cb11d3eb25e5_1_p1_c5,newspaper_0b1bb8d03b4287eb95f67b68c2cf9f92_1_p1_c1,newspaper_2c69e142b52dbb30cac2cb11d3eb25e5_1_p1_c4",1,True,1.0
哪些种粮大户没有农业生产经验？,5,newspaper_2c69e142b52dbb30cac2cb11d3eb25e5_1_p1_c5,"newspaper_2c69e142b52dbb30cac2cb11d3eb25e5_1_p1_c5,newspaper_0b1bb8d03b4287eb95f67b68c2cf9f92_1_p1_c1,newspaper_2c69e142b52dbb30cac2cb11d3eb25e5_1_p1_c4,newspaper_eb569707cf5621d4c71d5898216cdb17_1_p1_c4,newspaper_eb569707cf5621d4c71d5898216cdb17_1_p1_c2",1,True,1.0
优质红皮小麦生产基地面积是多少万亩？,1,newspaper_2c69e142b52dbb30cac2cb11d3eb25e5_1_p1_c6,newspaper_2c69e142b52dbb30cac2cb11d3eb25e5_1_p1_c6,1,True,1.0
优质红皮小麦生产基地面积是多少万亩？,3,newspaper_2c69e142b52dbb30cac2cb11d3eb25e5_1_p1_c6,"newspaper_2c69e142b52dbb30cac2cb11d3eb25e5_1_p1_c6,newspaper_fe2c8b45b2a086cd75984640bb3080e1_1_p1_c6,newspaper_fe2c8b45b2a086cd75984640bb3080e1_1_p1_c1",1,True,1.0
优质红皮小麦生产基地面积是多少万亩？,5,newspaper_2c69e142b52dbb30cac2cb11d3eb25e5_1_p1_c6,"newspaper_2c69e142b52dbb30cac2cb11d3eb25e5_1_p1_c6,newspaper_fe2c8b45b2a086cd75984640bb3080e1_1_p1_c6,newspaper_fe2c8b45b2a086cd75984640bb3080e1_1_p1_c1,newspaper_eb569707cf5621d4c71d5898216cdb17_1_p1_c8,newspaper_fe2c8b45b2a086cd75984640bb3080e1_1_p1_c7",1,True,1.0
新增大型拖拉机、插秧机、收割机等农机具有多少台（套）？,1,newspaper_2c69e142b52dbb30cac2cb11d3eb25e5_1_p1_c7,newspaper_2c69e142b52dbb30cac2cb11d3eb25e5_1_p1_c7,1,True,1.0
新增大型拖拉机、插秧机、收割机等农机具有多少台（套）？,3,newspaper_2c69e142b52dbb30cac2cb11d3eb25e5_1_p1_c7,"newspaper_2c69e142b52dbb30cac2cb11d3eb25e5_1_p1_c7,newspaper_0b1bb8d03b4287eb95f67b68c2cf9f92_1_p1_c1,jiaocaineedrop_jiaocai_needrop_en_2893_p2893_c1",1,True,1.0
新增大型拖拉机、插秧机、收割机等农机具有多少台（套）？,5,newspaper_2c69e142b52dbb30cac2cb11d3eb25e5_1_p1_c7,"newspaper_2c69e142b52dbb30cac2cb11d3eb25e5_1_p1_c7,newspaper_0b1bb8d03b4287eb95f67b68c2cf9f92_1_p1_c1,jiaocaineedrop_jiaocai_needrop_en_2893_p2893_c1,newspaper_e62730aaeb9b509119e0c3699ac18201_1_p1_c8,yanbaor2_7f386f737cb55cffa10c8321a94bd38d7169cd69b3b253b9e2e502c12a68feea.pdf_15_p15_c0",1,True,1.0
特色农业贷款最高权限如何调整？,1,newspaper_2c69e142b52dbb30cac2cb11d3eb25e5_1_p1_c11,newspaper_2c69e142b52dbb30cac2cb11d3eb25e5_1_p1_c11,1,True,1.0
特色农业贷款最高权限如何调整？,3,newspaper_2c69e142b52dbb30cac2cb11d3eb25e5_1_p1_c11,"newspaper_2c69e142b52dbb30cac2cb11d3eb25e5_1_p1_c11,newspaper_2c69e142b52dbb30cac2cb11d3eb25e5_1_p1_c10,newspaper_eb569707cf5621d4c71d5898216cdb17_1_p1_c8",1,True,1.0
特色农业贷款最高权限如何调整？,5,newspaper_2c69e142b52dbb30cac2cb11d3eb25e5_1_p1_c11,"newspaper_2c69e142b52dbb30cac2cb11d3eb25e5_1_p1_c11,newspaper_2c69e142b52dbb30cac2cb11d3eb25e5_1_p1_c10,newspaper_eb569707cf5621d4c71d5898216cdb17_1_p1_c8,newspaper_fe2c8b45b2a086cd75984640bb3080e1_1_p1_c6,exam_paper_2016年安徽省中考英语试题（解析）_page_003_p3_c2",1,True,1.0
What was the previous journey time to reach Dibrugarh before the bridge was built?,1,magazine_TheEconomist.2023.11.18_page_030_p30_c0,magazine_TheEconomist.2023.11.18_page_030_p30_c0,1,True,1.0
What was the previous journey time to reach Dibrugarh before the bridge was built?,3,magazine_TheEconomist.2023.11.18_page_030_p30_c0,"magazine_TheEconomist.2023.11.18_page_030_p30_c0,exam_paper_2016年安徽省中考英语试题（解析）_page_003_p3_c2,exam_paper_2016年安徽省中考英语试题（解析）_page_003_p3_c1",1,True,1.0
What was the previous journey time to reach Dibrugarh before the bridge was built?,5,magazine_TheEconomist.2023.11.18_page_030_p30_c0,"magazine_TheEconomist.2023.11.18_page_030_p30_c0,exam_paper_2016年安徽省中考英语试题（解析）_page_003_p3_c2,exam_paper_2016年安徽省中考英语试题（解析）_page_003_p3_c1,magazine_TheEconomist.2023.11.18_page_030_p30_c1,magazine_TheEconomist.2024.03.02_page_075_p75_c4",1,True,1.0
Which state experienced ethnic conflict in May?,1,magazine_TheEconomist.2023.11.18_page_030_p30_c1,magazine_TheEconomist.2023.11.18_page_030_p30_c1,1,True,1.0
Which state experienced ethnic conflict in May?,3,magazine_TheEconomist.2023.11.18_page_030_p30_c1,"magazine_TheEconomist.2023.11.18_page_030_p30_c1,magazine_TheEconomist.2023.11.18_page_030_p30_c2,magazine_TheEconomist.2024.03.02_page_032_p32_c4",1,True,1.0
Which state experienced ethnic conflict in May?,5,magazine_TheEconomist.2023.11.18_page_030_p30_c1,"magazine_TheEconomist.2023.11.18_page_030_p30_c1,magazine_TheEconomist.2023.11.18_page_030_p30_c2,magazine_TheEconomist.2024.03.02_page_032_p32_c4,newspaper_USAToday-2025-01-08@magazinesclubnew_page_021_p21_c1,magazine_TheEconomist.2024.03.02_page_032_p32_c2",1,True,1.0
Which city was targeted in 1966 by India’s then prime minister to quell a secessionist uprising?,1,magazine_TheEconomist.2023.11.18_page_030_p30_c2,magazine_TheEconomist.2023.11.18_page_030_p30_c2,1,True,1.0
Which city was targeted in 1966 by India’s then prime minister to quell a secessionist uprising?,3,magazine_TheEconomist.2023.11.18_page_030_p30_c2,"magazine_TheEconomist.2023.11.18_page_030_p30_c2,magazine_TheEconomist.2023.11.18_page_030_p30_c0,magazine_TheEconomist.2024.03.02_page_032_p32_c5",1,True,1.0
Which city was targeted in 1966 by India’s then prime minister to quell a secessionist uprising?,5,magazine_TheEconomist.2023.11.18_page_030_p30_c2,"magazine_TheEconomist.2023.11.18_page_030_p30_c2,magazine_TheEconomist.2023.11.18_page_030_p30_c0,magazine_TheEconomist.2024.03.02_page_032_p32_c5,magazine_TheEconomist.2024.03.02_page_032_p32_c3,newspaper_The Globe and Mail - 2025-1-8@magazinesclubnew_page_027_p27_c5",1,True,1.0
How much money is allocated for development in the north-east in the current union budget?,1,magazine_TheEconomist.2023.11.18_page_030_p30_c3,magazine_TheEconomist.2023.11.18_page_030_p30_c3,1,True,1.0
How much money is allocated for development in the north-east in the current union budget?,3,magazine_TheEconomist.2023.11.18_page_030_p30_c3,"magazine_TheEconomist.2023.11.18_page_030_p30_c3,magazine_TheEconomist.2023.11.18_page_030_p30_c0,magazine_TheEconomist.2024.03.02_page_032_p32_c4",1,True,1.0
How much money is allocated for development in the north-east in the current union budget?,5,magazine_TheEconomist.2023.11.18_page_030_p30_c3,"magazine_TheEconomist.2023.11.18_page_030_p30_c3,magazine_TheEconomist.2023.11.18_page_030_p30_c0,magazine_TheEconomist.2024.03.02_page_032_p32_c4,magazine_TheEconomist.2024.03.02_page_032_p32_c3,yanbaor2_ey-financial-sustainability-whitepaper.pdf_17_p17_c2",1,True,1.0
What are the mechanisms of peripheral nerve injury listed in the document?,1,docstructbench_enbook-zlib-o.O-17761417.pdf_894_p894_c0,docstructbench_enbook-zlib-o.O-17761417.pdf_894_p894_c0,1,True,1.0
What are the mechanisms of peripheral nerve injury listed in the document?,3,docstructbench_enbook-zlib-o.O-17761417.pdf_894_p894_c0,"docstructbench_enbook-zlib-o.O-17761417.pdf_894_p894_c0,docstructbench_enbook-zlib-o.O-17761417.pdf_894_p894_c1,docstructbench_llm-raw-scihub-o.O-j.ergon.2004.09.009.pdf_13_p13_c7",1,True,1.0
What are the mechanisms of peripheral nerve injury listed in the document?,5,docstructbench_enbook-zlib-o.O-17761417.pdf_894_p894_c0,"docstructbench_enbook-zlib-o.O-17761417.pdf_894_p894_c0,docstructbench_enbook-zlib-o.O-17761417.pdf_894_p894_c1,docstructbench_llm-raw-scihub-o.O-j.ergon.2004.09.009.pdf_13_p13_c7,jiaocaineedrop_jiaocai_needrop_en_961_p961_c0,docstructbench_llm-raw-scihub-o.O-j.ergon.2004.09.009.pdf_13_p13_c1",1,True,1.0
What are the possible causes of Neurapraxia?,1,docstructbench_enbook-zlib-o.O-17761417.pdf_894_p894_c1,docstructbench_enbook-zlib-o.O-17761417.pdf_894_p894_c1,1,True,1.0
What are the possible causes of Neurapraxia?,3,docstructbench_enbook-zlib-o.O-17761417.pdf_894_p894_c1,"docstructbench_enbook-zlib-o.O-17761417.pdf_894_p894_c1,jiaocaineedrop_jiaocai_needrop_en_961_p961_c0,docstructbench_enbook-zlib-o.O-17761417.pdf_894_p894_c0",1,True,1.0
What are the possible causes of Neurapraxia?,5,docstructbench_enbook-zlib-o.O-17761417.pdf_894_p894_c1,"docstructbench_enbook-zlib-o.O-17761417.pdf_894_p894_c1,jiaocaineedrop_jiaocai_needrop_en_961_p961_c0,docstructbench_enbook-zlib-o.O-17761417.pdf_894_p894_c0,yanbaopptmerge_e60b3b61281e87ddf42f9321a9e6ef9d.pdf_159_p159_c1,scihub_prrv.2001.0150.pdf_0_p0_c1",1,True,1.0
为什么做阅读简答题目时普遍觉得不难但得高分的不多？,1,notes_f7f010b78016aeebd76e56d9283eb67f_92_p92_c0,notes_f7f010b78016aeebd76e56d9283eb67f_92_p92_c0,1,True,1.0
为什么做阅读简答题目时普遍觉得不难但得高分的不多？,3,notes_f7f010b78016aeebd76e56d9283eb67f_92_p92_c0,"notes_f7f010b78016aeebd76e56d9283eb67f_92_p92_c0,exam_paper_2004-2019上海高考英语听力原文和答案_page_017_p17_c0,newspaper_2c69e142b52dbb30cac2cb11d3eb25e5_1_p1_c2",1,True,1.0
为什么做阅读简答题目时普遍觉得不难但得高分的不多？,5,notes_f7f010b78016aeebd76e56d9283eb67f_92_p92_c0,"notes_f7f010b78016aeebd76e56d9283eb67f_92_p92_c0,exam_paper_2004-2019上海高考英语听力原文和答案_page_017_p17_c0,newspaper_2c69e142b52dbb30cac2cb11d3eb25e5_1_p1_c2,jiaocaineedrop_jiaocai_needrop_en_1836_p1836_c0,jiaocaineedrop_jiaocai_needrop_en_887_p887_c0",1,True,1.0
gold 和 golden 的区别是什么？,1,notes_f7f010b78016aeebd76e56d9283eb67f_27_p27_c0,notes_f7f010b78016aeebd76e56d9283eb67f_27_p27_c0,1,True,1.0
gold 和 golden 的区别是什么？,3,notes_f7f010b78016aeebd76e56d9283eb67f_27_p27_c0,"notes_f7f010b78016aeebd76e56d9283eb67f_27_p27_c0,jiaocaineedrop_jiaocai_needrop_en_1141_p1141_c0,exam_paper_2016年安徽省中考英语试题（解析）_page_003_p3_c2",1,True,1.0
gold 和 golden 的区别是什么？,5,notes_f7f010b78016aeebd76e56d9283eb67f_27_p27_c0,"notes_f7f010b78016aeebd76e56d9283eb67f_27_p27_c0,jiaocaineedrop_jiaocai_needrop_en_1141_p1141_c0,exam_paper_2016年安徽省中考英语试题（解析）_page_003_p3_c2,color_textbook_zhonggaokao_小学_KET听说读写逐项突破_KET听说读写逐项突破之轻松搞定KET写作25分 【10讲 褚连一】_第10讲第十课写作Part9小作文练习_第十课写作Part9小作文练习_page_010_p10_c1,color_textbook_教材全解1+1二年级上册英语上海牛津版_page_067_p67_c1",1,True,1.0
What activity is labeled as B in the document?,1,color_textbook_zhonggaokao_小学_13.人教新起点英语（4-5年级）_人教新起点五年级英语上册_课本_人教新起点英语5A电子课本_page_055_p55_c0,exam_paper_2016年安徽省中考英语试题（解析）_page_015_p15_c3,0,False,0.0
What activity is labeled as B in the document?,3,color_textbook_zhonggaokao_小学_13.人教新起点英语（4-5年级）_人教新起点五年级英语上册_课本_人教新起点英语5A电子课本_page_055_p55_c0,"exam_paper_2016年安徽省中考英语试题（解析）_page_015_p15_c3,exam_paper_2016年安徽省中考英语试题（解析）_page_015_p15_c2,jiaocaineedrop_jiaocai_needrop_en_237_p237_c1",0,False,0.0
What activity is labeled as B in the document?,5,color_textbook_zhonggaokao_小学_13.人教新起点英语（4-5年级）_人教新起点五年级英语上册_课本_人教新起点英语5A电子课本_page_055_p55_c0,"exam_paper_2016年安徽省中考英语试题（解析）_page_015_p15_c3,exam_paper_2016年安徽省中考英语试题（解析）_page_015_p15_c2,jiaocaineedrop_jiaocai_needrop_en_237_p237_c1,jiaocaineedrop_jiaocai_needrop_en_961_p961_c0,exam_paper_en-file-putnam-archive_2012_Solutions_2012s_page_001_p1_c3",0,False,0.0
What is the equation for $ x_{1} $ in terms of $ x_{3} $?,1,PPT_lay_linalg5_01_05_page_009_p9_c0,PPT_lay_linalg5_01_05_page_009_p9_c0,1,True,1.0
What is the equation for $ x_{1} $ in terms of $ x_{3} $?,3,PPT_lay_linalg5_01_05_page_009_p9_c0,"PPT_lay_linalg5_01_05_page_009_p9_c0,exam_paper_en-file-putnam-archive_2009_Solutions_2009s_page_003_p3_c5,book_en_国外数学教材-非数学专业教材-线性代数-Gilbert Strang—Linear Algebra and Its Applications 4e_0119_p119_c2",1,True,1.0
What is the equation for $ x_{1} $ in terms of $ x_{3} $?,5,PPT_lay_linalg5_01_05_page_009_p9_c0,"PPT_lay_linalg5_01_05_page_009_p9_c0,exam_paper_en-file-putnam-archive_2009_Solutions_2009s_page_003_p3_c5,book_en_国外数学教材-非数学专业教材-线性代数-Gilbert Strang—Linear Algebra and Its Applications 4e_0119_p119_c2,exam_paper_en-file-putnam-archive_2007_Solutions_2007s_page_001_p1_c0,jiaocaineedrop_jiaocai_needrop_en_1564_p1564_c1",1,True,1.0
What is the value of the neutron's Compton wavelength?,1,docstructbench_dianzishu_zhongwenzaixian-o.O-60403612.pdf_179_p179_c0,docstructbench_dianzishu_zhongwenzaixian-o.O-60403612.pdf_179_p179_c0,1,True,1.0
What is the value of the neutron's Compton wavelength?,3,docstructbench_dianzishu_zhongwenzaixian-o.O-60403612.pdf_179_p179_c0,"docstructbench_dianzishu_zhongwenzaixian-o.O-60403612.pdf_179_p179_c0,jiaocaineedrop_jiaocai_needrop_en_961_p961_c0,docstructbench_llm-raw-scihub-o.O-j.physletb.2004.11.060.pdf_2_p2_c2",1,True,1.0
What is the value of the neutron's Compton wavelength?,5,docstructbench_dianzishu_zhongwenzaixian-o.O-60403612.pdf_179_p179_c0,"docstructbench_dianzishu_zhongwenzaixian-o.O-60403612.pdf_179_p179_c0,jiaocaineedrop_jiaocai_needrop_en_961_p961_c0,docstructbench_llm-raw-scihub-o.O-j.physletb.2004.11.060.pdf_2_p2_c2,jiaocaineedrop_jiaocai_needrop_en_453_p453_c4,docstructbench_llm-raw-scihub-o.O-j.physletb.2004.11.060.pdf_2_p2_c0",1,True,1.0
What is the boiling point of potassium in Celsius?,1,docstructbench_dianzishu_zhongwenzaixian-o.O-60403612.pdf_179_p179_c1,docstructbench_dianzishu_zhongwenzaixian-o.O-60403612.pdf_179_p179_c1,1,True,1.0
What is the boiling point of potassium in Celsius?,3,docstructbench_dianzishu_zhongwenzaixian-o.O-60403612.pdf_179_p179_c1,"docstructbench_dianzishu_zhongwenzaixian-o.O-60403612.pdf_179_p179_c1,yanbaopptmerge_e60b3b61281e87ddf42f9321a9e6ef9d.pdf_159_p159_c1,docstructbench_dianzishu_zhongwenzaixian-o.O-60403612.pdf_179_p179_c2",1,True,1.0
What is the boiling point of potassium in Celsius?,5,docstructbench_dianzishu_zhongwenzaixian-o.O-60403612.pdf_179_p179_c1,"docstructbench_dianzishu_zhongwenzaixian-o.O-60403612.pdf_179_p179_c1,yanbaopptmerge_e60b3b61281e87ddf42f9321a9e6ef9d.pdf_159_p159_c1,docstructbench_dianzishu_zhongwenzaixian-o.O-60403612.pdf_179_p179_c2,jiaocaineedrop_jiaocai_needrop_en_961_p961_c0,jiaocaineedrop_c2-ma-11-q-11-cl.pdf_2_p2_c0",1,True,1.0
What is the melting point of tungsten according to the table?,1,docstructbench_dianzishu_zhongwenzaixian-o.O-60403612.pdf_179_p179_c2,docstructbench_dianzishu_zhongwenzaixian-o.O-60403612.pdf_179_p179_c1,0,False,0.0
What is the melting point of tungsten according to the table?,3,docstructbench_dianzishu_zhongwenzaixian-o.O-60403612.pdf_179_p179_c2,"docstructbench_dianzishu_zhongwenzaixian-o.O-60403612.pdf_179_p179_c1,yanbaopptmerge_e60b3b61281e87ddf42f9321a9e6ef9d.pdf_159_p159_c1,book_zh_CNASGL0092018_extracted_page_73_p73_c1",0,False,0.0
What is the melting point of tungsten according to the table?,5,docstructbench_dianzishu_zhongwenzaixian-o.O-60403612.pdf_179_p179_c2,"docstructbench_dianzishu_zhongwenzaixian-o.O-60403612.pdf_179_p179_c1,yanbaopptmerge_e60b3b61281e87ddf42f9321a9e6ef9d.pdf_159_p159_c1,book_zh_CNASGL0092018_extracted_page_73_p73_c1,jiaocaineedrop_jiaocai_needrop_en_961_p961_c0,newspaper_The Globe and Mail - 2025-1-8@magazinesclubnew_page_014_p14_c0",0,False,0.0
What percentage of patients discontinued all recommended medications for BPD without informing their physicians?,1,docstructbench_llm-raw-scihub-o.O-hup.908.pdf_5_p5_c0,docstructbench_llm-raw-scihub-o.O-hup.908.pdf_5_p5_c0,1,True,1.0
What percentage of patients discontinued all recommended medications for BPD without informing their physicians?,3,docstructbench_llm-raw-scihub-o.O-hup.908.pdf_5_p5_c0,"docstructbench_llm-raw-scihub-o.O-hup.908.pdf_5_p5_c0,docstructbench_llm-raw-scihub-o.O-hup.908.pdf_5_p5_c1,docstructbench_llm-raw-scihub-o.O-hup.908.pdf_5_p5_c5",1,True,1.0
What percentage of patients discontinued all recommended medications for BPD without informing their physicians?,5,docstructbench_llm-raw-scihub-o.O-hup.908.pdf_5_p5_c0,"docstructbench_llm-raw-scihub-o.O-hup.908.pdf_5_p5_c0,docstructbench_llm-raw-scihub-o.O-hup.908.pdf_5_p5_c1,docstructbench_llm-raw-scihub-o.O-hup.908.pdf_5_p5_c5,docstructbench_llm-raw-scihub-o.O-hup.908.pdf_5_p5_c6,scihub_ijcac.2012040101.pdf_5_p5_c3",1,True,1.0
What was the most commonly cited major burden by patients with BPD?,1,docstructbench_llm-raw-scihub-o.O-hup.908.pdf_5_p5_c1,docstructbench_llm-raw-scihub-o.O-hup.908.pdf_5_p5_c1,1,True,1.0
What was the most commonly cited major burden by patients with BPD?,3,docstructbench_llm-raw-scihub-o.O-hup.908.pdf_5_p5_c1,"docstructbench_llm-raw-scihub-o.O-hup.908.pdf_5_p5_c1,docstructbench_llm-raw-scihub-o.O-hup.908.pdf_5_p5_c3,docstructbench_llm-raw-scihub-o.O-hup.908.pdf_5_p5_c0",1,True,1.0
What was the most commonly cited major burden by patients with BPD?,5,docstructbench_llm-raw-scihub-o.O-hup.908.pdf_5_p5_c1,"docstructbench_llm-raw-scihub-o.O-hup.908.pdf_5_p5_c1,docstructbench_llm-raw-scihub-o.O-hup.908.pdf_5_p5_c3,docstructbench_llm-raw-scihub-o.O-hup.908.pdf_5_p5_c0,docstructbench_llm-raw-scihub-o.O-hup.908.pdf_5_p5_c5,docstructbench_llm-raw-scihub-o.O-hup.908.pdf_5_p5_c6",1,True,1.0
What was the most commonly reported adverse effect by patients with self-reported nonadherence?,1,docstructbench_llm-raw-scihub-o.O-hup.908.pdf_5_p5_c2,docstructbench_llm-raw-scihub-o.O-hup.908.pdf_5_p5_c2,1,True,1.0
What was the most commonly reported adverse effect by patients with self-reported nonadherence?,3,docstructbench_llm-raw-scihub-o.O-hup.908.pdf_5_p5_c2,"docstructbench_llm-raw-scihub-o.O-hup.908.pdf_5_p5_c2,docstructbench_llm-raw-scihub-o.O-hup.908.pdf_5_p5_c0,docstructbench_llm-raw-scihub-o.O-hup.908.pdf_5_p5_c1",1,True,1.0
What was the most commonly reported adverse effect by patients with self-reported nonadherence?,5,docstructbench_llm-raw-scihub-o.O-hup.908.pdf_5_p5_c2,"docstructbench_llm-raw-scihub-o.O-hup.908.pdf_5_p5_c2,docstructbench_llm-raw-scihub-o.O-hup.908.pdf_5_p5_c0,docstructbench_llm-raw-scihub-o.O-hup.908.pdf_5_p5_c1,docstructbench_llm-raw-scihub-o.O-hup.908.pdf_5_p5_c6,docstructbench_llm-raw-scihub-o.O-hup.908.pdf_5_p5_c5",1,True,1.0
What was the most common response from psychiatrists regarding treatment improvements for BPD patients?,1,docstructbench_llm-raw-scihub-o.O-hup.908.pdf_5_p5_c3,docstructbench_llm-raw-scihub-o.O-hup.908.pdf_5_p5_c3,1,True,1.0
What was the most common response from psychiatrists regarding treatment improvements for BPD patients?,3,docstructbench_llm-raw-scihub-o.O-hup.908.pdf_5_p5_c3,"docstructbench_llm-raw-scihub-o.O-hup.908.pdf_5_p5_c3,docstructbench_llm-raw-scihub-o.O-hup.908.pdf_5_p5_c1,docstructbench_llm-raw-scihub-o.O-hup.908.pdf_5_p5_c0",1,True,1.0
What was the most common response from psychiatrists regarding treatment improvements for BPD patients?,5,docstructbench_llm-raw-scihub-o.O-hup.908.pdf_5_p5_c3,"docstructbench_llm-raw-scihub-o.O-hup.908.pdf_5_p5_c3,docstructbench_llm-raw-scihub-o.O-hup.908.pdf_5_p5_c1,docstructbench_llm-raw-scihub-o.O-hup.908.pdf_5_p5_c0,docstructbench_llm-raw-scihub-o.O-hup.908.pdf_5_p5_c6,docstructbench_llm-raw-scihub-o.O-hup.908.pdf_5_p5_c5",1,True,1.0
What percentage of patients identified freedom from weight-gain as important for treatment-acceptance?,1,docstructbench_llm-raw-scihub-o.O-hup.908.pdf_5_p5_c4,docstructbench_llm-raw-scihub-o.O-hup.908.pdf_5_p5_c4,1,True,1.0
What percentage of patients identified freedom from weight-gain as important for treatment-acceptance?,3,docstructbench_llm-raw-scihub-o.O-hup.908.pdf_5_p5_c4,"docstructbench_llm-raw-scihub-o.O-hup.908.pdf_5_p5_c4,docstructbench_llm-raw-scihub-o.O-hup.908.pdf_5_p5_c6,docstructbench_llm-raw-scihub-o.O-hup.908.pdf_5_p5_c2",1,True,1.0
What percentage of patients identified freedom from weight-gain as important for treatment-acceptance?,5,docstructbench_llm-raw-scihub-o.O-hup.908.pdf_5_p5_c4,"docstructbench_llm-raw-scihub-o.O-hup.908.pdf_5_p5_c4,docstructbench_llm-raw-scihub-o.O-hup.908.pdf_5_p5_c6,docstructbench_llm-raw-scihub-o.O-hup.908.pdf_5_p5_c2,docstructbench_llm-raw-scihub-o.O-hup.908.pdf_5_p5_c1,docstructbench_llm-raw-scihub-o.O-hup.908.pdf_5_p5_c3",1,True,1.0
What percentage of patients had adverse effects considered severe by their physicians?,1,docstructbench_llm-raw-scihub-o.O-hup.908.pdf_5_p5_c5,docstructbench_llm-raw-scihub-o.O-hup.908.pdf_5_p5_c5,1,True,1.0
What percentage of patients had adverse effects considered severe by their physicians?,3,docstructbench_llm-raw-scihub-o.O-hup.908.pdf_5_p5_c5,"docstructbench_llm-raw-scihub-o.O-hup.908.pdf_5_p5_c5,docstructbench_llm-raw-scihub-o.O-hup.908.pdf_5_p5_c2,docstructbench_llm-raw-scihub-o.O-hup.908.pdf_5_p5_c1",1,True,1.0
What percentage of patients had adverse effects considered severe by their physicians?,5,docstructbench_llm-raw-scihub-o.O-hup.908.pdf_5_p5_c5,"docstructbench_llm-raw-scihub-o.O-hup.908.pdf_5_p5_c5,docstructbench_llm-raw-scihub-o.O-hup.908.pdf_5_p5_c2,docstructbench_llm-raw-scihub-o.O-hup.908.pdf_5_p5_c1,docstructbench_llm-raw-scihub-o.O-hup.908.pdf_5_p5_c0,docstructbench_llm-raw-scihub-o.O-hup.908.pdf_5_p5_c4",1,True,1.0
What percentage of BPD patients experienced weight-gain associated with current treatment?,1,docstructbench_llm-raw-scihub-o.O-hup.908.pdf_5_p5_c6,docstructbench_llm-raw-scihub-o.O-hup.908.pdf_5_p5_c6,1,True,1.0
What percentage of BPD patients experienced weight-gain associated with current treatment?,3,docstructbench_llm-raw-scihub-o.O-hup.908.pdf_5_p5_c6,"docstructbench_llm-raw-scihub-o.O-hup.908.pdf_5_p5_c6,docstructbench_llm-raw-scihub-o.O-hup.908.pdf_5_p5_c5,docstructbench_llm-raw-scihub-o.O-hup.908.pdf_5_p5_c4",1,True,1.0
What percentage of BPD patients experienced weight-gain associated with current treatment?,5,docstructbench_llm-raw-scihub-o.O-hup.908.pdf_5_p5_c6,"docstructbench_llm-raw-scihub-o.O-hup.908.pdf_5_p5_c6,docstructbench_llm-raw-scihub-o.O-hup.908.pdf_5_p5_c5,docstructbench_llm-raw-scihub-o.O-hup.908.pdf_5_p5_c4,docstructbench_llm-raw-scihub-o.O-hup.908.pdf_5_p5_c1,docstructbench_llm-raw-scihub-o.O-hup.908.pdf_5_p5_c2",1,True,1.0
What is the copyright holder of the document?,1,docstructbench_llm-raw-scihub-o.O-hup.908.pdf_5_p5_c7,docstructbench_llm-raw-scihub-o.O-hup.908.pdf_5_p5_c7,1,True,1.0
What is the copyright holder of the document?,3,docstructbench_llm-raw-scihub-o.O-hup.908.pdf_5_p5_c7,"docstructbench_llm-raw-scihub-o.O-hup.908.pdf_5_p5_c7,yanbaopptmerge_e60b3b61281e87ddf42f9321a9e6ef9d.pdf_159_p159_c1,eastmoney_dd8f39ced2188b907304224a635ad605689270486020c34636003e57018c01d8.pdf_2_p2_c1",1,True,1.0
What is the copyright holder of the document?,5,docstructbench_llm-raw-scihub-o.O-hup.908.pdf_5_p5_c7,"docstructbench_llm-raw-scihub-o.O-hup.908.pdf_5_p5_c7,yanbaopptmerge_e60b3b61281e87ddf42f9321a9e6ef9d.pdf_159_p159_c1,eastmoney_dd8f39ced2188b907304224a635ad605689270486020c34636003e57018c01d8.pdf_2_p2_c1,jiaocaineedrop_jiaocai_needrop_en_961_p961_c0,yanbaopptmerge_0c79d327060dbf9f1582d03c235dadb039533a19091d2c0d24f2ad95d267f79b.pdf_2_p2_c1",1,True,1.0
哪些领域成为跨法域金融监管新热点？,1,yanbaor2_89c3718f5a45179ef57a5063c6df36fc2c9b7e3ab4275f4905ed89f1c17232ea.pdf_14_p14_c0,yanbaor2_89c3718f5a45179ef57a5063c6df36fc2c9b7e3ab4275f4905ed89f1c17232ea.pdf_14_p14_c0,1,True,1.0
哪些领域成为跨法域金融监管新热点？,3,yanbaor2_89c3718f5a45179ef57a5063c6df36fc2c9b7e3ab4275f4905ed89f1c17232ea.pdf_14_p14_c0,"yanbaor2_89c3718f5a45179ef57a5063c6df36fc2c9b7e3ab4275f4905ed89f1c17232ea.pdf_14_p14_c0,yanbaor2_89c3718f5a45179ef57a5063c6df36fc2c9b7e3ab4275f4905ed89f1c17232ea.pdf_14_p14_c2,eastmoney_f671ab94bf8b8274d6736f1a3dc775b3b74fa68686df2946aa5307b6b2a32062.pdf_18_p18_c1",1,True,1.0
哪些领域成为跨法域金融监管新热点？,5,yanbaor2_89c3718f5a45179ef57a5063c6df36fc2c9b7e3ab4275f4905ed89f1c17232ea.pdf_14_p14_c0,"yanbaor2_89c3718f5a45179ef57a5063c6df36fc2c9b7e3ab4275f4905ed89f1c17232ea.pdf_14_p14_c0,yanbaor2_89c3718f5a45179ef57a5063c6df36fc2c9b7e3ab4275f4905ed89f1c17232ea.pdf_14_p14_c2,eastmoney_f671ab94bf8b8274d6736f1a3dc775b3b74fa68686df2946aa5307b6b2a32062.pdf_18_p18_c1,newspaper_The Wall Street Journal - 2025-01-08@magazinesclubnew_page_018_p18_c3,newspaper_eb569707cf5621d4c71d5898216cdb17_1_p1_c12",1,True,1.0
哪些司法管辖区的数据隐私法规包含强制性数据泄露通知？,1,yanbaor2_89c3718f5a45179ef57a5063c6df36fc2c9b7e3ab4275f4905ed89f1c17232ea.pdf_14_p14_c1,yanbaor2_89c3718f5a45179ef57a5063c6df36fc2c9b7e3ab4275f4905ed89f1c17232ea.pdf_14_p14_c1,1,True,1.0
哪些司法管辖区的数据隐私法规包含强制性数据泄露通知？,3,yanbaor2_89c3718f5a45179ef57a5063c6df36fc2c9b7e3ab4275f4905ed89f1c17232ea.pdf_14_p14_c1,"yanbaor2_89c3718f5a45179ef57a5063c6df36fc2c9b7e3ab4275f4905ed89f1c17232ea.pdf_14_p14_c1,yanbaor2_89c3718f5a45179ef57a5063c6df36fc2c9b7e3ab4275f4905ed89f1c17232ea.pdf_14_p14_c2,yanbaor2_89c3718f5a45179ef57a5063c6df36fc2c9b7e3ab4275f4905ed89f1c17232ea.pdf_14_p14_c0",1,True,1.0
哪些司法管辖区的数据隐私法规包含强制性数据泄露通知？,5,yanbaor2_89c3718f5a45179ef57a5063c6df36fc2c9b7e3ab4275f4905ed89f1c17232ea.pdf_14_p14_c1,"yanbaor2_89c3718f5a45179ef57a5063c6df36fc2c9b7e3ab4275f4905ed89f1c17232ea.pdf_14_p14_c1,yanbaor2_89c3718f5a45179ef57a5063c6df36fc2c9b7e3ab4275f4905ed89f1c17232ea.pdf_14_p14_c2,yanbaor2_89c3718f5a45179ef57a5063c6df36fc2c9b7e3ab4275f4905ed89f1c17232ea.pdf_14_p14_c0,newspaper_The Globe and Mail - 2025-1-8@magazinesclubnew_page_014_p14_c0,yanbaor2_decf70a006d6f8f66725ead2f27b248a911016d258a236cefcdd26c6aff1d463.pdf_40_p40_c1",1,True,1.0
数据隐私保护如何影响开放银行发展？,1,yanbaor2_89c3718f5a45179ef57a5063c6df36fc2c9b7e3ab4275f4905ed89f1c17232ea.pdf_14_p14_c2,yanbaor2_89c3718f5a45179ef57a5063c6df36fc2c9b7e3ab4275f4905ed89f1c17232ea.pdf_14_p14_c2,1,True,1.0
数据隐私保护如何影响开放银行发展？,3,yanbaor2_89c3718f5a45179ef57a5063c6df36fc2c9b7e3ab4275f4905ed89f1c17232ea.pdf_14_p14_c2,"yanbaor2_89c3718f5a45179ef57a5063c6df36fc2c9b7e3ab4275f4905ed89f1c17232ea.pdf_14_p14_c2,yanbaor2_89c3718f5a45179ef57a5063c6df36fc2c9b7e3ab4275f4905ed89f1c17232ea.pdf_14_p14_c1,yanbaor2_89c3718f5a45179ef57a5063c6df36fc2c9b7e3ab4275f4905ed89f1c17232ea.pdf_14_p14_c0",1,True,1.0
数据隐私保护如何影响开放银行发展？,5,yanbaor2_89c3718f5a45179ef57a5063c6df36fc2c9b7e3ab4275f4905ed89f1c17232ea.pdf_14_p14_c2,"yanbaor2_89c3718f5a45179ef57a5063c6df36fc2c9b7e3ab4275f4905ed89f1c17232ea.pdf_14_p14_c2,yanbaor2_89c3718f5a45179ef57a5063c6df36fc2c9b7e3ab4275f4905ed89f1c17232ea.pdf_14_p14_c1,yanbaor2_89c3718f5a45179ef57a5063c6df36fc2c9b7e3ab4275f4905ed89f1c17232ea.pdf_14_p14_c0,yanbaopptmerge_0c79d327060dbf9f1582d03c235dadb039533a19091d2c0d24f2ad95d267f79b.pdf_2_p2_c1,newspaper_e62730aaeb9b509119e0c3699ac18201_1_p1_c13",1,True,1.0
What percentage of the total intensity do the peaks corresponding to the complexes with bPrP in the cases of peptides [140–160] and [145–165] represent?,1,docstructbench_llm-raw-scihub-o.O-j.ab.2007.11.016.pdf_5_p5_c0,docstructbench_llm-raw-scihub-o.O-j.ab.2007.11.016.pdf_5_p5_c0,1,True,1.0
What percentage of the total intensity do the peaks corresponding to the complexes with bPrP in the cases of peptides [140–160] and [145–165] represent?,3,docstructbench_llm-raw-scihub-o.O-j.ab.2007.11.016.pdf_5_p5_c0,"docstructbench_llm-raw-scihub-o.O-j.ab.2007.11.016.pdf_5_p5_c0,docstructbench_llm-raw-scihub-o.O-j.ab.2007.11.016.pdf_5_p5_c2,docstructbench_llm-raw-scihub-o.O-hup.908.pdf_5_p5_c5",1,True,1.0
What percentage of the total intensity do the peaks corresponding to the complexes with bPrP in the cases of peptides [140–160] and [145–165] represent?,5,docstructbench_llm-raw-scihub-o.O-j.ab.2007.11.016.pdf_5_p5_c0,"docstructbench_llm-raw-scihub-o.O-j.ab.2007.11.016.pdf_5_p5_c0,docstructbench_llm-raw-scihub-o.O-j.ab.2007.11.016.pdf_5_p5_c2,docstructbench_llm-raw-scihub-o.O-hup.908.pdf_5_p5_c5,docstructbench_llm-raw-scihub-o.O-j.physletb.2004.11.060.pdf_2_p2_c0,docstructbench_llm-raw-scihub-o.O-hup.908.pdf_5_p5_c6",1,True,1.0
What was immobilized on the surface during the binding experiment?,1,docstructbench_llm-raw-scihub-o.O-j.ab.2007.11.016.pdf_5_p5_c1,docstructbench_llm-raw-scihub-o.O-j.ab.2007.11.016.pdf_5_p5_c1,1,True,1.0
What was immobilized on the surface during the binding experiment?,3,docstructbench_llm-raw-scihub-o.O-j.ab.2007.11.016.pdf_5_p5_c1,"docstructbench_llm-raw-scihub-o.O-j.ab.2007.11.016.pdf_5_p5_c1,docstructbench_llm-raw-scihub-o.O-j.ab.2007.11.016.pdf_5_p5_c2,docstructbench_llm-raw-scihub-o.O-j.ab.2007.11.016.pdf_5_p5_c0",1,True,1.0
What was immobilized on the surface during the binding experiment?,5,docstructbench_llm-raw-scihub-o.O-j.ab.2007.11.016.pdf_5_p5_c1,"docstructbench_llm-raw-scihub-o.O-j.ab.2007.11.016.pdf_5_p5_c1,docstructbench_llm-raw-scihub-o.O-j.ab.2007.11.016.pdf_5_p5_c2,docstructbench_llm-raw-scihub-o.O-j.ab.2007.11.016.pdf_5_p5_c0,docstructbench_llm-raw-scihub-o.O-ijc.22999.pdf_3_p3_c3,docstructbench_llm-raw-scihub-o.O-bf00151572.pdf_3_p3_c1",1,True,1.0
What are the RU final values for 1E5 alone and the mixture of 1E5 with the noncompeting peptide?,1,docstructbench_llm-raw-scihub-o.O-j.ab.2007.11.016.pdf_5_p5_c2,docstructbench_llm-raw-scihub-o.O-j.ab.2007.11.016.pdf_5_p5_c2,1,True,1.0
What are the RU final values for 1E5 alone and the mixture of 1E5 with the noncompeting peptide?,3,docstructbench_llm-raw-scihub-o.O-j.ab.2007.11.016.pdf_5_p5_c2,"docstructbench_llm-raw-scihub-o.O-j.ab.2007.11.016.pdf_5_p5_c2,docstructbench_llm-raw-scihub-o.O-j.ab.2007.11.016.pdf_5_p5_c0,docstructbench_llm-raw-scihub-o.O-j.ab.2007.11.016.pdf_5_p5_c1",1,True,1.0
What are the RU final values for 1E5 alone and the mixture of 1E5 with the noncompeting peptide?,5,docstructbench_llm-raw-scihub-o.O-j.ab.2007.11.016.pdf_5_p5_c2,"docstructbench_llm-raw-scihub-o.O-j.ab.2007.11.016.pdf_5_p5_c2,docstructbench_llm-raw-scihub-o.O-j.ab.2007.11.016.pdf_5_p5_c0,docstructbench_llm-raw-scihub-o.O-j.ab.2007.11.016.pdf_5_p5_c1,docstructbench_llm-raw-scihub-o.O-j.chroma.2005.03.134.pdf_6_p6_c2,yanbaopptmerge_e60b3b61281e87ddf42f9321a9e6ef9d.pdf_159_p159_c1",1,True,1.0
王老师买了多少套书？,1,yanbaopptmerge_yanbaoPPT_5675_p5675_c0,yanbaopptmerge_yanbaoPPT_5675_p5675_c0,1,True,1.0
王老师买了多少套书？,3,yanbaopptmerge_yanbaoPPT_5675_p5675_c0,"yanbaopptmerge_yanbaoPPT_5675_p5675_c0,jiaocaineedrop_jiaocai_needrop_en_3937_p3937_c0,jiaocaineedrop_jiaocai_needrop_en_453_p453_c5",1,True,1.0
王老师买了多少套书？,5,yanbaopptmerge_yanbaoPPT_5675_p5675_c0,"yanbaopptmerge_yanbaoPPT_5675_p5675_c0,jiaocaineedrop_jiaocai_needrop_en_3937_p3937_c0,jiaocaineedrop_jiaocai_needrop_en_453_p453_c5,jiaocaineedrop_jiaocai_needrop_en_2893_p2893_c1,magazine_TheEconomist.2024.03.02_page_075_p75_c5",1,True,1.0
What is the notation used to indicate that d divides a?,1,book_en_国外数学教材-数论-Melvyn B. Nathanson—Elementary Methods in Number Theory_0017_p17_c0,book_en_国外数学教材-数论-Melvyn B. Nathanson—Elementary Methods in Number Theory_0017_p17_c0,1,True,1.0
What is the notation used to indicate that d divides a?,3,book_en_国外数学教材-数论-Melvyn B. Nathanson—Elementary Methods in Number Theory_0017_p17_c0,"book_en_国外数学教材-数论-Melvyn B. Nathanson—Elementary Methods in Number Theory_0017_p17_c0,exam_paper_en-file-putnam-archive_1999_Solutions_1999s_page_003_p3_c0,docstructbench_llm-raw-scihub-o.O-j.chroma.2005.03.134.pdf_6_p6_c5",1,True,1.0
What is the notation used to indicate that d divides a?,5,book_en_国外数学教材-数论-Melvyn B. Nathanson—Elementary Methods in Number Theory_0017_p17_c0,"book_en_国外数学教材-数论-Melvyn B. Nathanson—Elementary Methods in Number Theory_0017_p17_c0,exam_paper_en-file-putnam-archive_1999_Solutions_1999s_page_003_p3_c0,docstructbench_llm-raw-scihub-o.O-j.chroma.2005.03.134.pdf_6_p6_c5,exam_paper_2016年安徽省中考英语试题（解析）_page_015_p15_c3,jiaocaineedrop_biz-96816.pdf_48_p48_c1",1,True,1.0
What is the condition for a nonempty set of nonnegative integers to contain a smallest element?,1,book_en_国外数学教材-数论-Melvyn B. Nathanson—Elementary Methods in Number Theory_0017_p17_c1,book_en_国外数学教材-数论-Melvyn B. Nathanson—Elementary Methods in Number Theory_0017_p17_c1,1,True,1.0
What is the condition for a nonempty set of nonnegative integers to contain a smallest element?,3,book_en_国外数学教材-数论-Melvyn B. Nathanson—Elementary Methods in Number Theory_0017_p17_c1,"book_en_国外数学教材-数论-Melvyn B. Nathanson—Elementary Methods in Number Theory_0017_p17_c1,exam_paper_en-file-putnam-archive_2012_Solutions_2012s_page_001_p1_c2,exam_paper_en-file-putnam-archive_2009_Solutions_2009s_page_003_p3_c2",1,True,1.0
What is the condition for a nonempty set of nonnegative integers to contain a smallest element?,5,book_en_国外数学教材-数论-Melvyn B. Nathanson—Elementary Methods in Number Theory_0017_p17_c1,"book_en_国外数学教材-数论-Melvyn B. Nathanson—Elementary Methods in Number Theory_0017_p17_c1,exam_paper_en-file-putnam-archive_2012_Solutions_2012s_page_001_p1_c2,exam_paper_en-file-putnam-archive_2009_Solutions_2009s_page_003_p3_c2,exam_paper_en-file-putnam-archive_1995_Solutions_1995s_page_002_p2_c4,exam_paper_en-file-putnam-archive_2006_Solutions_2006s_page_006_p6_c1",1,True,1.0
哪些县（农场）被评为全国粮食生产先进县（农场）标兵？,1,newspaper_0b1bb8d03b4287eb95f67b68c2cf9f92_1_p1_c0,newspaper_0b1bb8d03b4287eb95f67b68c2cf9f92_1_p1_c0,1,True,1.0
哪些县（农场）被评为全国粮食生产先进县（农场）标兵？,3,newspaper_0b1bb8d03b4287eb95f67b68c2cf9f92_1_p1_c0,"newspaper_0b1bb8d03b4287eb95f67b68c2cf9f92_1_p1_c0,newspaper_2c69e142b52dbb30cac2cb11d3eb25e5_1_p1_c6,newspaper_fe2c8b45b2a086cd75984640bb3080e1_1_p1_c7",1,True,1.0
哪些县（农场）被评为全国粮食生产先进县（农场）标兵？,5,newspaper_0b1bb8d03b4287eb95f67b68c2cf9f92_1_p1_c0,"newspaper_0b1bb8d03b4287eb95f67b68c2cf9f92_1_p1_c0,newspaper_2c69e142b52dbb30cac2cb11d3eb25e5_1_p1_c6,newspaper_fe2c8b45b2a086cd75984640bb3080e1_1_p1_c7,newspaper_fe2c8b45b2a086cd75984640bb3080e1_1_p1_c6,newspaper_0b1bb8d03b4287eb95f67b68c2cf9f92_1_p1_c1",1,True,1.0
哪些县市属于湖北省？,1,newspaper_0b1bb8d03b4287eb95f67b68c2cf9f92_1_p1_c1,newspaper_0b1bb8d03b4287eb95f67b68c2cf9f92_1_p1_c1,1,True,1.0
哪些县市属于湖北省？,3,newspaper_0b1bb8d03b4287eb95f67b68c2cf9f92_1_p1_c1,"newspaper_0b1bb8d03b4287eb95f67b68c2cf9f92_1_p1_c1,newspaper_fe2c8b45b2a086cd75984640bb3080e1_1_p1_c8,newspaper_0b1bb8d03b4287eb95f67b68c2cf9f92_1_p1_c0",1,True,1.0
哪些县市属于湖北省？,5,newspaper_0b1bb8d03b4287eb95f67b68c2cf9f92_1_p1_c1,"newspaper_0b1bb8d03b4287eb95f67b68c2cf9f92_1_p1_c1,newspaper_fe2c8b45b2a086cd75984640bb3080e1_1_p1_c8,newspaper_0b1bb8d03b4287eb95f67b68c2cf9f92_1_p1_c0,yanbaopptmerge_yanbaoPPT_725_p725_c0,yanbaor2_yanbaoPPT_916_p916_c0",1,True,1.0
Who is Tim Cook according to the text?,1,magazine_TheEconomist.2024.03.09_page_064_p64_c0,magazine_TheEconomist.2024.03.09_page_064_p64_c0,1,True,1.0
Who is Tim Cook according to the text?,3,magazine_TheEconomist.2024.03.09_page_064_p64_c0,"magazine_TheEconomist.2024.03.09_page_064_p64_c0,magazine_TheEconomist.2024.03.09_page_064_p64_c2,newspaper_The Globe and Mail - 2025-1-8@magazinesclubnew_page_014_p14_c0",1,True,1.0
Who is Tim Cook according to the text?,5,magazine_TheEconomist.2024.03.09_page_064_p64_c0,"magazine_TheEconomist.2024.03.09_page_064_p64_c0,magazine_TheEconomist.2024.03.09_page_064_p64_c2,newspaper_The Globe and Mail - 2025-1-8@magazinesclubnew_page_014_p14_c0,yanbaopptmerge_e60b3b61281e87ddf42f9321a9e6ef9d.pdf_159_p159_c4,newspaper_The Globe and Mail - 2025-1-8@magazinesclubnew_page_018_p18_c10",1,True,1.0
"What did Apple's new voice assistant, Siri, do incorrectly?",1,magazine_TheEconomist.2024.03.09_page_064_p64_c1,magazine_TheEconomist.2024.03.09_page_064_p64_c1,1,True,1.0
"What did Apple's new voice assistant, Siri, do incorrectly?",3,magazine_TheEconomist.2024.03.09_page_064_p64_c1,"magazine_TheEconomist.2024.03.09_page_064_p64_c1,magazine_TheEconomist.2024.03.09_page_064_p64_c3,magazine_TheEconomist.2024.03.09_page_064_p64_c4",1,True,1.0
"What did Apple's new voice assistant, Siri, do incorrectly?",5,magazine_TheEconomist.2024.03.09_page_064_p64_c1,"magazine_TheEconomist.2024.03.09_page_064_p64_c1,magazine_TheEconomist.2024.03.09_page_064_p64_c3,magazine_TheEconomist.2024.03.09_page_064_p64_c4,jiaocaineedrop_jiaocai_needrop_en_453_p453_c4,jiaocaineedrop_jiaocai_needrop_en_961_p961_c0",1,True,1.0
What was the fine imposed on Apple by EU competition watchdogs?,1,magazine_TheEconomist.2024.03.09_page_064_p64_c2,magazine_TheEconomist.2024.03.09_page_064_p64_c2,1,True,1.0
What was the fine imposed on Apple by EU competition watchdogs?,3,magazine_TheEconomist.2024.03.09_page_064_p64_c2,"magazine_TheEconomist.2024.03.09_page_064_p64_c2,magazine_TheEconomist.2024.03.09_page_064_p64_c3,magazine_TheEconomist.2024.03.09_page_064_p64_c5",1,True,1.0
What was the fine imposed on Apple by EU competition watchdogs?,5,magazine_TheEconomist.2024.03.09_page_064_p64_c2,"magazine_TheEconomist.2024.03.09_page_064_p64_c2,magazine_TheEconomist.2024.03.09_page_064_p64_c3,magazine_TheEconomist.2024.03.09_page_064_p64_c5,magazine_TheEconomist.2024.03.09_page_064_p64_c1,magazine_TheEconomist.2024.03.09_page_064_p64_c6",1,True,1.0
What was the name of the product that became a smash hit for Apple in 2014?,1,magazine_TheEconomist.2024.03.09_page_064_p64_c3,magazine_TheEconomist.2024.03.09_page_064_p64_c3,1,True,1.0
What was the name of the product that became a smash hit for Apple in 2014?,3,magazine_TheEconomist.2024.03.09_page_064_p64_c3,"magazine_TheEconomist.2024.03.09_page_064_p64_c3,magazine_TheEconomist.2024.03.09_page_064_p64_c2,magazine_TheEconomist.2024.03.09_page_064_p64_c1",1,True,1.0
What was the name of the product that became a smash hit for Apple in 2014?,5,magazine_TheEconomist.2024.03.09_page_064_p64_c3,"magazine_TheEconomist.2024.03.09_page_064_p64_c3,magazine_TheEconomist.2024.03.09_page_064_p64_c2,magazine_TheEconomist.2024.03.09_page_064_p64_c1,exam_paper_2004-2019上海高考英语听力原文和答案_page_017_p17_c3,magazine_TheEconomist.2024.03.09_page_064_p64_c4",1,True,1.0
What is the name of the product that might be the main gateway to gen AI according to the text?,1,magazine_TheEconomist.2024.03.09_page_064_p64_c4,magazine_TheEconomist.2024.03.09_page_064_p64_c4,1,True,1.0
What is the name of the product that might be the main gateway to gen AI according to the text?,3,magazine_TheEconomist.2024.03.09_page_064_p64_c4,"magazine_TheEconomist.2024.03.09_page_064_p64_c4,magazine_TheEconomist.2024.03.09_page_064_p64_c3,magazine_TheEconomist.2023.11.25_page_069_p69_c0",1,True,1.0
What is the name of the product that might be the main gateway to gen AI according to the text?,5,magazine_TheEconomist.2024.03.09_page_064_p64_c4,"magazine_TheEconomist.2024.03.09_page_064_p64_c4,magazine_TheEconomist.2024.03.09_page_064_p64_c3,magazine_TheEconomist.2023.11.25_page_069_p69_c0,jiaocaineedrop_biz-96816.pdf_48_p48_c3,yanbaor2_decf70a006d6f8f66725ead2f27b248a911016d258a236cefcdd26c6aff1d463.pdf_40_p40_c0",1,True,1.0
Which regulation could crimp Apple's biggest growth engine?,1,magazine_TheEconomist.2024.03.09_page_064_p64_c5,magazine_TheEconomist.2024.03.09_page_064_p64_c5,1,True,1.0
Which regulation could crimp Apple's biggest growth engine?,3,magazine_TheEconomist.2024.03.09_page_064_p64_c5,"magazine_TheEconomist.2024.03.09_page_064_p64_c5,magazine_TheEconomist.2024.03.09_page_064_p64_c2,magazine_TheEconomist.2024.03.09_page_064_p64_c6",1,True,1.0
Which regulation could crimp Apple's biggest growth engine?,5,magazine_TheEconomist.2024.03.09_page_064_p64_c5,"magazine_TheEconomist.2024.03.09_page_064_p64_c5,magazine_TheEconomist.2024.03.09_page_064_p64_c2,magazine_TheEconomist.2024.03.09_page_064_p64_c6,jiaocaineedrop_biz-96816.pdf_48_p48_c0,magazine_TheEconomist.2024.03.09_page_064_p64_c0",1,True,1.0
What does Apple plan to do with gen-AI products?,1,magazine_TheEconomist.2024.03.09_page_064_p64_c6,magazine_TheEconomist.2024.03.09_page_064_p64_c4,0,False,0.0
What does Apple plan to do with gen-AI products?,3,magazine_TheEconomist.2024.03.09_page_064_p64_c6,"magazine_TheEconomist.2024.03.09_page_064_p64_c4,magazine_TheEconomist.2024.03.09_page_064_p64_c3,magazine_TheEconomist.2024.03.09_page_064_p64_c6",3,True,1.0
What does Apple plan to do with gen-AI products?,5,magazine_TheEconomist.2024.03.09_page_064_p64_c6,"magazine_TheEconomist.2024.03.09_page_064_p64_c4,magazine_TheEconomist.2024.03.09_page_064_p64_c3,magazine_TheEconomist.2024.03.09_page_064_p64_c6,magazine_TheEconomist.2024.03.09_page_064_p64_c2,magazine_TheEconomist.2024.03.09_page_064_p64_c0",3,True,1.0
谁认为生命没有败笔？,1,yanbaopptmerge_yanbaoPPT_5620_p5620_c0,yanbaopptmerge_yanbaoPPT_5620_p5620_c0,1,True,1.0
谁认为生命没有败笔？,3,yanbaopptmerge_yanbaoPPT_5620_p5620_c0,"yanbaopptmerge_yanbaoPPT_5620_p5620_c0,yanbaopptmerge_yanbaoPPT_4975_p4975_c0,newspaper_e62730aaeb9b509119e0c3699ac18201_1_p1_c6",1,True,1.0
谁认为生命没有败笔？,5,yanbaopptmerge_yanbaoPPT_5620_p5620_c0,"yanbaopptmerge_yanbaoPPT_5620_p5620_c0,yanbaopptmerge_yanbaoPPT_4975_p4975_c0,newspaper_e62730aaeb9b509119e0c3699ac18201_1_p1_c6,newspaper_2c69e142b52dbb30cac2cb11d3eb25e5_1_p1_c2,newspaper_eb569707cf5621d4c71d5898216cdb17_1_p1_c13",1,True,1.0
东南亚人喜食米饭的主要原因是什么？,1,notes_1ba14cb325bc448f7201b20502ecf2b5_33_p33_c0,notes_1ba14cb325bc448f7201b20502ecf2b5_33_p33_c0,1,True,1.0
东南亚人喜食米饭的主要原因是什么？,3,notes_1ba14cb325bc448f7201b20502ecf2b5_33_p33_c0,"notes_1ba14cb325bc448f7201b20502ecf2b5_33_p33_c0,exam_paper_2016年安徽省中考英语试题（解析）_page_015_p15_c0,newspaper_2c69e142b52dbb30cac2cb11d3eb25e5_1_p1_c3",1,True,1.0
东南亚人喜食米饭的主要原因是什么？,5,notes_1ba14cb325bc448f7201b20502ecf2b5_33_p33_c0,"notes_1ba14cb325bc448f7201b20502ecf2b5_33_p33_c0,exam_paper_2016年安徽省中考英语试题（解析）_page_015_p15_c0,newspaper_2c69e142b52dbb30cac2cb11d3eb25e5_1_p1_c3,newspaper_e62730aaeb9b509119e0c3699ac18201_1_p1_c12,notes_1ba14cb325bc448f7201b20502ecf2b5_123_p123_c0",1,True,1.0
What was the ODI score for local bone graft?,1,scihub_s00586-010-1656-7.pdf_3_p3_c0,scihub_s00586-010-1656-7.pdf_3_p3_c1,0,False,0.0
What was the ODI score for local bone graft?,3,scihub_s00586-010-1656-7.pdf_3_p3_c0,"scihub_s00586-010-1656-7.pdf_3_p3_c1,scihub_s00586-010-1656-7.pdf_3_p3_c4,scihub_s00586-010-1656-7.pdf_3_p3_c2",0,False,0.0
What was the ODI score for local bone graft?,5,scihub_s00586-010-1656-7.pdf_3_p3_c0,"scihub_s00586-010-1656-7.pdf_3_p3_c1,scihub_s00586-010-1656-7.pdf_3_p3_c4,scihub_s00586-010-1656-7.pdf_3_p3_c2,scihub_s00586-010-1656-7.pdf_3_p3_c3,scihub_s00586-010-1656-7.pdf_3_p3_c0",5,True,1.0
What was the VAS score for the local bone graft group?,1,scihub_s00586-010-1656-7.pdf_3_p3_c1,scihub_s00586-010-1656-7.pdf_3_p3_c1,1,True,1.0
What was the VAS score for the local bone graft group?,3,scihub_s00586-010-1656-7.pdf_3_p3_c1,"scihub_s00586-010-1656-7.pdf_3_p3_c1,scihub_s00586-010-1656-7.pdf_3_p3_c4,scihub_s00586-010-1656-7.pdf_3_p3_c3",1,True,1.0
What was the VAS score for the local bone graft group?,5,scihub_s00586-010-1656-7.pdf_3_p3_c1,"scihub_s00586-010-1656-7.pdf_3_p3_c1,scihub_s00586-010-1656-7.pdf_3_p3_c4,scihub_s00586-010-1656-7.pdf_3_p3_c3,scihub_s00586-010-1656-7.pdf_3_p3_c2,scihub_s00586-010-1656-7.pdf_3_p3_c0",1,True,1.0
What complications were observed in the ICBG group after surgery?,1,scihub_s00586-010-1656-7.pdf_3_p3_c2,scihub_s00586-010-1656-7.pdf_3_p3_c2,1,True,1.0
What complications were observed in the ICBG group after surgery?,3,scihub_s00586-010-1656-7.pdf_3_p3_c2,"scihub_s00586-010-1656-7.pdf_3_p3_c2,scihub_s00586-010-1656-7.pdf_3_p3_c1,scihub_s00586-010-1656-7.pdf_3_p3_c3",1,True,1.0
What complications were observed in the ICBG group after surgery?,5,scihub_s00586-010-1656-7.pdf_3_p3_c2,"scihub_s00586-010-1656-7.pdf_3_p3_c2,scihub_s00586-010-1656-7.pdf_3_p3_c1,scihub_s00586-010-1656-7.pdf_3_p3_c3,scihub_s00586-010-1656-7.pdf_3_p3_c0,book_en_国外数学教材-数论-Melvyn B. Nathanson—Elementary Methods in Number Theory_0119_p119_c0",1,True,1.0
What was the fusion rate in the ICBG group according to the retrospective comparative study?,1,scihub_s00586-010-1656-7.pdf_3_p3_c3,scihub_s00586-010-1656-7.pdf_3_p3_c3,1,True,1.0
What was the fusion rate in the ICBG group according to the retrospective comparative study?,3,scihub_s00586-010-1656-7.pdf_3_p3_c3,"scihub_s00586-010-1656-7.pdf_3_p3_c3,scihub_s00586-010-1656-7.pdf_3_p3_c2,scihub_s00586-010-1656-7.pdf_3_p3_c1",1,True,1.0
What was the fusion rate in the ICBG group according to the retrospective comparative study?,5,scihub_s00586-010-1656-7.pdf_3_p3_c3,"scihub_s00586-010-1656-7.pdf_3_p3_c3,scihub_s00586-010-1656-7.pdf_3_p3_c2,scihub_s00586-010-1656-7.pdf_3_p3_c1,book_en_国外数学教材-数论-Melvyn B. Nathanson—Elementary Methods in Number Theory_0119_p119_c0,docstructbench_llm-raw-scihub-o.O-ijc.22999.pdf_3_p3_c2",1,True,1.0
What was less for the local graft bone group compared with others?,1,scihub_s00586-010-1656-7.pdf_3_p3_c4,scihub_s00586-010-1656-7.pdf_3_p3_c4,1,True,1.0
What was less for the local graft bone group compared with others?,3,scihub_s00586-010-1656-7.pdf_3_p3_c4,"scihub_s00586-010-1656-7.pdf_3_p3_c4,scihub_s00586-010-1656-7.pdf_3_p3_c3,scihub_s00586-010-1656-7.pdf_3_p3_c2",1,True,1.0
What was less for the local graft bone group compared with others?,5,scihub_s00586-010-1656-7.pdf_3_p3_c4,"scihub_s00586-010-1656-7.pdf_3_p3_c4,scihub_s00586-010-1656-7.pdf_3_p3_c3,scihub_s00586-010-1656-7.pdf_3_p3_c2,scihub_s00586-010-1656-7.pdf_3_p3_c1,scihub_s00586-010-1656-7.pdf_3_p3_c0",1,True,1.0
What is the minimum number of tiles required to cover a (2m-1)x(2n-1) rectangle?,1,exam_paper_en-file-putnam-archive_2016_Solutions_2016s_page_002_p2_c0,exam_paper_en-file-putnam-archive_2016_Solutions_2016s_page_002_p2_c0,1,True,1.0
What is the minimum number of tiles required to cover a (2m-1)x(2n-1) rectangle?,3,exam_paper_en-file-putnam-archive_2016_Solutions_2016s_page_002_p2_c0,"exam_paper_en-file-putnam-archive_2016_Solutions_2016s_page_002_p2_c0,exam_paper_en-file-putnam-archive_2016_Solutions_2016s_page_002_p2_c1,exam_paper_en-file-putnam-archive_1996_Solutions_1996s_page_002_p2_c5",1,True,1.0
What is the minimum number of tiles required to cover a (2m-1)x(2n-1) rectangle?,5,exam_paper_en-file-putnam-archive_2016_Solutions_2016s_page_002_p2_c0,"exam_paper_en-file-putnam-archive_2016_Solutions_2016s_page_002_p2_c0,exam_paper_en-file-putnam-archive_2016_Solutions_2016s_page_002_p2_c1,exam_paper_en-file-putnam-archive_1996_Solutions_1996s_page_002_p2_c5,exam_paper_en-file-putnam-archive_1998_Solutions_1998s_page_002_p2_c0,PPT_fundamental_theorem_of_calculus___page_002_p2_c0",1,True,1.0
What is the condition for a representation of length r for an element s in G?,1,exam_paper_en-file-putnam-archive_2016_Solutions_2016s_page_002_p2_c1,exam_paper_en-file-putnam-archive_2016_Solutions_2016s_page_002_p2_c2,0,False,0.0
What is the condition for a representation of length r for an element s in G?,3,exam_paper_en-file-putnam-archive_2016_Solutions_2016s_page_002_p2_c1,"exam_paper_en-file-putnam-archive_2016_Solutions_2016s_page_002_p2_c2,exam_paper_en-file-putnam-archive_2016_Solutions_2016s_page_002_p2_c4,exam_paper_en-file-putnam-archive_2016_Solutions_2016s_page_002_p2_c1",3,True,1.0
What is the condition for a representation of length r for an element s in G?,5,exam_paper_en-file-putnam-archive_2016_Solutions_2016s_page_002_p2_c1,"exam_paper_en-file-putnam-archive_2016_Solutions_2016s_page_002_p2_c2,exam_paper_en-file-putnam-archive_2016_Solutions_2016s_page_002_p2_c4,exam_paper_en-file-putnam-archive_2016_Solutions_2016s_page_002_p2_c1,exam_paper_en-file-putnam-archive_2011_Solutions_2011s_page_002_p2_c0,book_en_国外数学教材-数论-Melvyn B. Nathanson—Elementary Methods in Number Theory_0017_p17_c1",3,True,1.0
What is the representation of s with the smallest possible length?,1,exam_paper_en-file-putnam-archive_2016_Solutions_2016s_page_002_p2_c2,exam_paper_en-file-putnam-archive_2016_Solutions_2016s_page_002_p2_c2,1,True,1.0
What is the representation of s with the smallest possible length?,3,exam_paper_en-file-putnam-archive_2016_Solutions_2016s_page_002_p2_c2,"exam_paper_en-file-putnam-archive_2016_Solutions_2016s_page_002_p2_c2,exam_paper_en-file-putnam-archive_2016_Solutions_2016s_page_002_p2_c4,exam_paper_en-file-putnam-archive_2016_Solutions_2016s_page_002_p2_c1",1,True,1.0
What is the representation of s with the smallest possible length?,5,exam_paper_en-file-putnam-archive_2016_Solutions_2016s_page_002_p2_c2,"exam_paper_en-file-putnam-archive_2016_Solutions_2016s_page_002_p2_c2,exam_paper_en-file-putnam-archive_2016_Solutions_2016s_page_002_p2_c4,exam_paper_en-file-putnam-archive_2016_Solutions_2016s_page_002_p2_c1,exam_paper_en-file-putnam-archive_2012_Solutions_2012s_page_001_p1_c1,exam_paper_en-file-putnam-archive_2012_Solutions_2012s_page_001_p1_c2",1,True,1.0
What elements generate gh(g^{-1}h)^{-1}?,1,exam_paper_en-file-putnam-archive_2016_Solutions_2016s_page_002_p2_c3,exam_paper_en-file-putnam-archive_2016_Solutions_2016s_page_002_p2_c3,1,True,1.0
What elements generate gh(g^{-1}h)^{-1}?,3,exam_paper_en-file-putnam-archive_2016_Solutions_2016s_page_002_p2_c3,"exam_paper_en-file-putnam-archive_2016_Solutions_2016s_page_002_p2_c3,exam_paper_en-file-putnam-archive_2016_Solutions_2016s_page_002_p2_c2,exam_paper_en-file-putnam-archive_2011_Solutions_2011s_page_002_p2_c0",1,True,1.0
What elements generate gh(g^{-1}h)^{-1}?,5,exam_paper_en-file-putnam-archive_2016_Solutions_2016s_page_002_p2_c3,"exam_paper_en-file-putnam-archive_2016_Solutions_2016s_page_002_p2_c3,exam_paper_en-file-putnam-archive_2016_Solutions_2016s_page_002_p2_c2,exam_paper_en-file-putnam-archive_2011_Solutions_2011s_page_002_p2_c0,yanbaopptmerge_3aa9b6677e17fd012b0a7a230b9f18db.pdf_1327_p1327_c0,exam_paper_en-file-putnam-archive_2016_Solutions_2016s_page_002_p2_c4",1,True,1.0
What is the first quartile value for FTES?,1,yanbaopptmerge_e60b3b61281e87ddf42f9321a9e6ef9d.pdf_159_p159_c0,yanbaopptmerge_e60b3b61281e87ddf42f9321a9e6ef9d.pdf_159_p159_c0,1,True,1.0
What is the first quartile value for FTES?,3,yanbaopptmerge_e60b3b61281e87ddf42f9321a9e6ef9d.pdf_159_p159_c0,"yanbaopptmerge_e60b3b61281e87ddf42f9321a9e6ef9d.pdf_159_p159_c0,yanbaopptmerge_e60b3b61281e87ddf42f9321a9e6ef9d.pdf_159_p159_c1,book_zh_CNASGL0092018_extracted_page_73_p73_c1",1,True,1.0
What is the first quartile value for FTES?,5,yanbaopptmerge_e60b3b61281e87ddf42f9321a9e6ef9d.pdf_159_p159_c0,"yanbaopptmerge_e60b3b61281e87ddf42f9321a9e6ef9d.pdf_159_p159_c0,yanbaopptmerge_e60b3b61281e87ddf42f9321a9e6ef9d.pdf_159_p159_c1,book_zh_CNASGL0092018_extracted_page_73_p73_c1,jiaocaineedrop_jiaocai_needrop_en_961_p961_c0,jiaocaineedrop_jiaocai_needrop_en_2884_p2884_c1",1,True,1.0
What is the IQR for the FTES data?,1,yanbaopptmerge_e60b3b61281e87ddf42f9321a9e6ef9d.pdf_159_p159_c1,yanbaopptmerge_e60b3b61281e87ddf42f9321a9e6ef9d.pdf_159_p159_c1,1,True,1.0
What is the IQR for the FTES data?,3,yanbaopptmerge_e60b3b61281e87ddf42f9321a9e6ef9d.pdf_159_p159_c1,"yanbaopptmerge_e60b3b61281e87ddf42f9321a9e6ef9d.pdf_159_p159_c1,yanbaopptmerge_e60b3b61281e87ddf42f9321a9e6ef9d.pdf_159_p159_c0,book_zh_CNASGL0092018_extracted_page_73_p73_c1",1,True,1.0
What is the IQR for the FTES data?,5,yanbaopptmerge_e60b3b61281e87ddf42f9321a9e6ef9d.pdf_159_p159_c1,"yanbaopptmerge_e60b3b61281e87ddf42f9321a9e6ef9d.pdf_159_p159_c1,yanbaopptmerge_e60b3b61281e87ddf42f9321a9e6ef9d.pdf_159_p159_c0,book_zh_CNASGL0092018_extracted_page_73_p73_c1,yanbaopptmerge_SE14.pdf_1_p1_c0,docstructbench_llm-raw-scihub-o.O-j.chroma.2005.05.085.pdf_4_p4_c6",1,True,1.0
What is the standard deviation for the cost of a guitar?,1,yanbaopptmerge_e60b3b61281e87ddf42f9321a9e6ef9d.pdf_159_p159_c2,yanbaopptmerge_e60b3b61281e87ddf42f9321a9e6ef9d.pdf_159_p159_c2,1,True,1.0
What is the standard deviation for the cost of a guitar?,3,yanbaopptmerge_e60b3b61281e87ddf42f9321a9e6ef9d.pdf_159_p159_c2,"yanbaopptmerge_e60b3b61281e87ddf42f9321a9e6ef9d.pdf_159_p159_c2,docstructbench_dianzishu_zhongwenzaixian-o.O-60403612.pdf_179_p179_c2,yanbaopptmerge_e60b3b61281e87ddf42f9321a9e6ef9d.pdf_159_p159_c1",1,True,1.0
What is the standard deviation for the cost of a guitar?,5,yanbaopptmerge_e60b3b61281e87ddf42f9321a9e6ef9d.pdf_159_p159_c2,"yanbaopptmerge_e60b3b61281e87ddf42f9321a9e6ef9d.pdf_159_p159_c2,docstructbench_dianzishu_zhongwenzaixian-o.O-60403612.pdf_179_p179_c2,yanbaopptmerge_e60b3b61281e87ddf42f9321a9e6ef9d.pdf_159_p159_c1,jiaocaineedrop_jiaocai_needrop_en_1473_p1473_c1,yanbaopptmerge_e60b3b61281e87ddf42f9321a9e6ef9d.pdf_159_p159_c0",1,True,1.0
How long did Nedda take to run one mile?,1,yanbaopptmerge_e60b3b61281e87ddf42f9321a9e6ef9d.pdf_159_p159_c3,yanbaopptmerge_e60b3b61281e87ddf42f9321a9e6ef9d.pdf_159_p159_c3,1,True,1.0
How long did Nedda take to run one mile?,3,yanbaopptmerge_e60b3b61281e87ddf42f9321a9e6ef9d.pdf_159_p159_c3,"yanbaopptmerge_e60b3b61281e87ddf42f9321a9e6ef9d.pdf_159_p159_c3,yanbaopptmerge_e60b3b61281e87ddf42f9321a9e6ef9d.pdf_159_p159_c4,yanbaopptmerge_e60b3b61281e87ddf42f9321a9e6ef9d.pdf_159_p159_c2",1,True,1.0
How long did Nedda take to run one mile?,5,yanbaopptmerge_e60b3b61281e87ddf42f9321a9e6ef9d.pdf_159_p159_c3,"yanbaopptmerge_e60b3b61281e87ddf42f9321a9e6ef9d.pdf_159_p159_c3,yanbaopptmerge_e60b3b61281e87ddf42f9321a9e6ef9d.pdf_159_p159_c4,yanbaopptmerge_e60b3b61281e87ddf42f9321a9e6ef9d.pdf_159_p159_c2,magazine_TheEconomist.2023.12.09_page_082_p82_c6,newspaper_Daily Mirror 2025-1-8@magazinesclubnew_page_058_p58_c0",1,True,1.0
"Why is Kenji considered a better runner than Nedda, even though Nedda ran faster than he?",1,yanbaopptmerge_e60b3b61281e87ddf42f9321a9e6ef9d.pdf_159_p159_c4,yanbaopptmerge_e60b3b61281e87ddf42f9321a9e6ef9d.pdf_159_p159_c4,1,True,1.0
"Why is Kenji considered a better runner than Nedda, even though Nedda ran faster than he?",3,yanbaopptmerge_e60b3b61281e87ddf42f9321a9e6ef9d.pdf_159_p159_c4,"yanbaopptmerge_e60b3b61281e87ddf42f9321a9e6ef9d.pdf_159_p159_c4,yanbaopptmerge_e60b3b61281e87ddf42f9321a9e6ef9d.pdf_159_p159_c3,magazine_TheEconomist.2023.11.18_page_071_p71_c6",1,True,1.0
"Why is Kenji considered a better runner than Nedda, even though Nedda ran faster than he?",5,yanbaopptmerge_e60b3b61281e87ddf42f9321a9e6ef9d.pdf_159_p159_c4,"yanbaopptmerge_e60b3b61281e87ddf42f9321a9e6ef9d.pdf_159_p159_c4,yanbaopptmerge_e60b3b61281e87ddf42f9321a9e6ef9d.pdf_159_p159_c3,magazine_TheEconomist.2023.11.18_page_071_p71_c6,newspaper_USAToday-2025-01-08@magazinesclubnew_page_021_p21_c5,newspaper_Daily Mirror 2025-1-8@magazinesclubnew_page_058_p58_c2",1,True,1.0
What is the purpose of the background section in the project talk outline?,1,PPT_BaharMartonosi_page_006_p6_c0,jiaocaineedrop_biz-96816.pdf_48_p48_c1,0,False,0.0
What is the purpose of the background section in the project talk outline?,3,PPT_BaharMartonosi_page_006_p6_c0,"jiaocaineedrop_biz-96816.pdf_48_p48_c1,jiaocaineedrop_biz-96816.pdf_48_p48_c0,PPT_BaharMartonosi_page_006_p6_c0",3,True,1.0
What is the purpose of the background section in the project talk outline?,5,PPT_BaharMartonosi_page_006_p6_c0,"jiaocaineedrop_biz-96816.pdf_48_p48_c1,jiaocaineedrop_biz-96816.pdf_48_p48_c0,PPT_BaharMartonosi_page_006_p6_c0,exam_paper_2004-2019上海高考英语听力原文和答案_page_017_p17_c3,docstructbench_dianzishu_zhongwenzaixian-o.O-61523162.pdf_276_p276_c0",3,True,1.0
新侧楼的南边采用了什么材料作为门面？,1,docstructbench_dianzishu_zhongwenzaixian-o.O-61513005.pdf_179_p179_c0,docstructbench_dianzishu_zhongwenzaixian-o.O-61513005.pdf_179_p179_c0,1,True,1.0
新侧楼的南边采用了什么材料作为门面？,3,docstructbench_dianzishu_zhongwenzaixian-o.O-61513005.pdf_179_p179_c0,"docstructbench_dianzishu_zhongwenzaixian-o.O-61513005.pdf_179_p179_c0,eastmoney_8b3e01e3cd92a034f45945887a5170602774a8480effda5bd791451578a93b7d.pdf_5_p5_c0,newspaper_2c69e142b52dbb30cac2cb11d3eb25e5_1_p1_c1",1,True,1.0
新侧楼的南边采用了什么材料作为门面？,5,docstructbench_dianzishu_zhongwenzaixian-o.O-61513005.pdf_179_p179_c0,"docstructbench_dianzishu_zhongwenzaixian-o.O-61513005.pdf_179_p179_c0,eastmoney_8b3e01e3cd92a034f45945887a5170602774a8480effda5bd791451578a93b7d.pdf_5_p5_c0,newspaper_2c69e142b52dbb30cac2cb11d3eb25e5_1_p1_c1,yanbaopptmerge_baa6d02928efcac46ccf7dfd3859de565cfb0bea918ae0ec0eed50944a7c20b4.pdf_11_p11_c2,exam_paper_2016年安徽省中考英语试题（解析）_page_003_p3_c2",1,True,1.0
What is the activation energy expressed as?,1,yanbaopptmerge_3aa9b6677e17fd012b0a7a230b9f18db.pdf_1327_p1327_c0,yanbaopptmerge_3aa9b6677e17fd012b0a7a230b9f18db.pdf_1327_p1327_c0,1,True,1.0
What is the activation energy expressed as?,3,yanbaopptmerge_3aa9b6677e17fd012b0a7a230b9f18db.pdf_1327_p1327_c0,"yanbaopptmerge_3aa9b6677e17fd012b0a7a230b9f18db.pdf_1327_p1327_c0,docstructbench_llm-raw-scihub-o.O-bf00151572.pdf_3_p3_c1,jiaocaineedrop_biz-96816.pdf_48_p48_c1",1,True,1.0
What is the activation energy expressed as?,5,yanbaopptmerge_3aa9b6677e17fd012b0a7a230b9f18db.pdf_1327_p1327_c0,"yanbaopptmerge_3aa9b6677e17fd012b0a7a230b9f18db.pdf_1327_p1327_c0,docstructbench_llm-raw-scihub-o.O-bf00151572.pdf_3_p3_c1,jiaocaineedrop_biz-96816.pdf_48_p48_c1,yanbaopptmerge_3aa9b6677e17fd012b0a7a230b9f18db.pdf_1327_p1327_c1,docstructbench_llm-raw-scihub-o.O-j.physletb.2004.11.060.pdf_2_p2_c1",1,True,1.0
What is the value of the activation energy?,1,yanbaopptmerge_3aa9b6677e17fd012b0a7a230b9f18db.pdf_1327_p1327_c1,yanbaopptmerge_3aa9b6677e17fd012b0a7a230b9f18db.pdf_1327_p1327_c0,0,False,0.0
What is the value of the activation energy?,3,yanbaopptmerge_3aa9b6677e17fd012b0a7a230b9f18db.pdf_1327_p1327_c1,"yanbaopptmerge_3aa9b6677e17fd012b0a7a230b9f18db.pdf_1327_p1327_c0,docstructbench_llm-raw-scihub-o.O-bf00151572.pdf_3_p3_c1,yanbaopptmerge_e60b3b61281e87ddf42f9321a9e6ef9d.pdf_159_p159_c1",0,False,0.0
What is the value of the activation energy?,5,yanbaopptmerge_3aa9b6677e17fd012b0a7a230b9f18db.pdf_1327_p1327_c1,"yanbaopptmerge_3aa9b6677e17fd012b0a7a230b9f18db.pdf_1327_p1327_c0,docstructbench_llm-raw-scihub-o.O-bf00151572.pdf_3_p3_c1,yanbaopptmerge_e60b3b61281e87ddf42f9321a9e6ef9d.pdf_159_p159_c1,yanbaopptmerge_3aa9b6677e17fd012b0a7a230b9f18db.pdf_1327_p1327_c1,jiaocaineedrop_jiaocai_needrop_en_961_p961_c0",4,True,1.0
What number is associated with the question about alternative asset classes?,1,yanbaor2_ey-better-pension-outcomes-reimagined-20180926.pdf_1_p1_c0,yanbaor2_930d8c81854d7450cd35af7b050fed88e4e461b4f0ac0dab07e3232a4e703a06.pdf_14_p14_c2,0,False,0.0
What number is associated with the question about alternative asset classes?,3,yanbaor2_ey-better-pension-outcomes-reimagined-20180926.pdf_1_p1_c0,"yanbaor2_930d8c81854d7450cd35af7b050fed88e4e461b4f0ac0dab07e3232a4e703a06.pdf_14_p14_c2,yanbaor2_ey-better-pension-outcomes-reimagined-20180926.pdf_1_p1_c0,newspaper_The Wall Street Journal - 2025-01-08@magazinesclubnew_page_018_p18_c0",2,True,1.0
What number is associated with the question about alternative asset classes?,5,yanbaor2_ey-better-pension-outcomes-reimagined-20180926.pdf_1_p1_c0,"yanbaor2_930d8c81854d7450cd35af7b050fed88e4e461b4f0ac0dab07e3232a4e703a06.pdf_14_p14_c2,yanbaor2_ey-better-pension-outcomes-reimagined-20180926.pdf_1_p1_c0,newspaper_The Wall Street Journal - 2025-01-08@magazinesclubnew_page_018_p18_c0,exam_paper_2004-2019上海高考英语听力原文和答案_page_017_p17_c3,yanbaopptmerge_yanbaoPPT_4125_p4125_c0",2,True,1.0
函数 $ f(x)=\ln(x-\frac{1}{x}) $ 的图象是哪一个选项？,1,jiaocaineedrop_jiaocai_needrop_en_1564_p1564_c0,jiaocaineedrop_96657786.pdf_0_p0_c1,0,False,0.0
函数 $ f(x)=\ln(x-\frac{1}{x}) $ 的图象是哪一个选项？,3,jiaocaineedrop_jiaocai_needrop_en_1564_p1564_c0,"jiaocaineedrop_96657786.pdf_0_p0_c1,jiaocaineedrop_jiaocai_needrop_en_1473_p1473_c2,exam_paper_en-file-putnam-archive_1996_Solutions_1996s_page_002_p2_c5",0,False,0.0
函数 $ f(x)=\ln(x-\frac{1}{x}) $ 的图象是哪一个选项？,5,jiaocaineedrop_jiaocai_needrop_en_1564_p1564_c0,"jiaocaineedrop_96657786.pdf_0_p0_c1,jiaocaineedrop_jiaocai_needrop_en_1473_p1473_c2,exam_paper_en-file-putnam-archive_1996_Solutions_1996s_page_002_p2_c5,exam_paper_en-file-putnam-archive_2002_Solutions_2002s_page_001_p1_c0,jiaocaineedrop_96657786.pdf_0_p0_c2",0,False,0.0
"若 |f(x)-m|≤3 对任意 x∈[-5π/6, π/6] 恒成立，则实数 m 的取值范围为",1,jiaocaineedrop_jiaocai_needrop_en_1564_p1564_c1,jiaocaineedrop_jiaocai_needrop_en_1473_p1473_c2,0,False,0.0
"若 |f(x)-m|≤3 对任意 x∈[-5π/6, π/6] 恒成立，则实数 m 的取值范围为",3,jiaocaineedrop_jiaocai_needrop_en_1564_p1564_c1,"jiaocaineedrop_jiaocai_needrop_en_1473_p1473_c2,jiaocaineedrop_96657786.pdf_0_p0_c1,jiaocaineedrop_jiaocai_needrop_en_1564_p1564_c1",3,True,1.0
"若 |f(x)-m|≤3 对任意 x∈[-5π/6, π/6] 恒成立，则实数 m 的取值范围为",5,jiaocaineedrop_jiaocai_needrop_en_1564_p1564_c1,"jiaocaineedrop_jiaocai_needrop_en_1473_p1473_c2,jiaocaineedrop_96657786.pdf_0_p0_c1,jiaocaineedrop_jiaocai_needrop_en_1564_p1564_c1,exam_paper_en-file-putnam-archive_1996_Solutions_1996s_page_002_p2_c2,jiaocaineedrop_96657786.pdf_0_p0_c2",3,True,1.0
回归直线 y = bx + a 必经过哪个点？,1,jiaocaineedrop_jiaocai_needrop_en_1564_p1564_c2,jiaocaineedrop_jiaocai_needrop_en_1473_p1473_c3,0,False,0.0
回归直线 y = bx + a 必经过哪个点？,3,jiaocaineedrop_jiaocai_needrop_en_1564_p1564_c2,"jiaocaineedrop_jiaocai_needrop_en_1473_p1473_c3,jiaocaineedrop_jiaocai_needrop_en_1564_p1564_c2,exam_paper_en-file-putnam-archive_2007_Solutions_2007s_page_001_p1_c1",2,True,1.0
回归直线 y = bx + a 必经过哪个点？,5,jiaocaineedrop_jiaocai_needrop_en_1564_p1564_c2,"jiaocaineedrop_jiaocai_needrop_en_1473_p1473_c3,jiaocaineedrop_jiaocai_needrop_en_1564_p1564_c2,exam_paper_en-file-putnam-archive_2007_Solutions_2007s_page_001_p1_c1,jiaocaineedrop_c2-ma-11-q-11-cl.pdf_2_p2_c0,jiaocaineedrop_jiaocai_needrop_en_1473_p1473_c0",2,True,1.0
Who was asked about their grandmother's status on the Golden Globes red carpet?,1,newspaper_USAToday-2025-01-08@magazinesclubnew_page_021_p21_c0,newspaper_USAToday-2025-01-08@magazinesclubnew_page_021_p21_c0,1,True,1.0
Who was asked about their grandmother's status on the Golden Globes red carpet?,3,newspaper_USAToday-2025-01-08@magazinesclubnew_page_021_p21_c0,"newspaper_USAToday-2025-01-08@magazinesclubnew_page_021_p21_c0,newspaper_USAToday-2025-01-08@magazinesclubnew_page_021_p21_c5,newspaper_The Globe and Mail - 2025-1-8@magazinesclubnew_page_027_p27_c0",1,True,1.0
Who was asked about their grandmother's status on the Golden Globes red carpet?,5,newspaper_USAToday-2025-01-08@magazinesclubnew_page_021_p21_c0,"newspaper_USAToday-2025-01-08@magazinesclubnew_page_021_p21_c0,newspaper_USAToday-2025-01-08@magazinesclubnew_page_021_p21_c5,newspaper_The Globe and Mail - 2025-1-8@magazinesclubnew_page_027_p27_c0,exam_paper_2004-2019上海高考英语听力原文和答案_page_017_p17_c3,jiaocaineedrop_jiaocai_needrop_en_961_p961_c0",1,True,1.0
What advice is given to Libra regarding conversations as Mercury enters Capricorn?,1,newspaper_USAToday-2025-01-08@magazinesclubnew_page_021_p21_c1,newspaper_USAToday-2025-01-08@magazinesclubnew_page_021_p21_c1,1,True,1.0
What advice is given to Libra regarding conversations as Mercury enters Capricorn?,3,newspaper_USAToday-2025-01-08@magazinesclubnew_page_021_p21_c1,"newspaper_USAToday-2025-01-08@magazinesclubnew_page_021_p21_c1,newspaper_USAToday-2025-01-08@magazinesclubnew_page_021_p21_c3,newspaper_USAToday-2025-01-08@magazinesclubnew_page_021_p21_c2",1,True,1.0
What advice is given to Libra regarding conversations as Mercury enters Capricorn?,5,newspaper_USAToday-2025-01-08@magazinesclubnew_page_021_p21_c1,"newspaper_USAToday-2025-01-08@magazinesclubnew_page_021_p21_c1,newspaper_USAToday-2025-01-08@magazinesclubnew_page_021_p21_c3,newspaper_USAToday-2025-01-08@magazinesclubnew_page_021_p21_c2,newspaper_USAToday-2025-01-08@magazinesclubnew_page_021_p21_c4,jiaocaineedrop_jiaocai_needrop_en_961_p961_c0",1,True,1.0
What zodiac sign is associated with the period from December 22 to January 19?,1,newspaper_USAToday-2025-01-08@magazinesclubnew_page_021_p21_c2,newspaper_USAToday-2025-01-08@magazinesclubnew_page_021_p21_c1,0,False,0.0
What zodiac sign is associated with the period from December 22 to January 19?,3,newspaper_USAToday-2025-01-08@magazinesclubnew_page_021_p21_c2,"newspaper_USAToday-2025-01-08@magazinesclubnew_page_021_p21_c1,newspaper_USAToday-2025-01-08@magazinesclubnew_page_021_p21_c2,yanbaopptmerge_e60b3b61281e87ddf42f9321a9e6ef9d.pdf_159_p159_c1",2,True,1.0
What zodiac sign is associated with the period from December 22 to January 19?,5,newspaper_USAToday-2025-01-08@magazinesclubnew_page_021_p21_c2,"newspaper_USAToday-2025-01-08@magazinesclubnew_page_021_p21_c1,newspaper_USAToday-2025-01-08@magazinesclubnew_page_021_p21_c2,yanbaopptmerge_e60b3b61281e87ddf42f9321a9e6ef9d.pdf_159_p159_c1,newspaper_The Globe and Mail - 2025-1-8@magazinesclubnew_page_014_p14_c0,newspaper_2a6b4fa088699701a6fa9ccecfb5c25d_3_p3_c1",2,True,1.0
What is the main theme of the fragment?,1,newspaper_USAToday-2025-01-08@magazinesclubnew_page_021_p21_c3,exam_paper_2004-2019上海高考英语听力原文和答案_page_017_p17_c3,0,False,0.0
What is the main theme of the fragment?,3,newspaper_USAToday-2025-01-08@magazinesclubnew_page_021_p21_c3,"exam_paper_2004-2019上海高考英语听力原文和答案_page_017_p17_c3,yanbaopptmerge_e60b3b61281e87ddf42f9321a9e6ef9d.pdf_159_p159_c1,yanbaopptmerge_yanbaoPPT_5620_p5620_c0",0,False,0.0
What is the main theme of the fragment?,5,newspaper_USAToday-2025-01-08@magazinesclubnew_page_021_p21_c3,"exam_paper_2004-2019上海高考英语听力原文和答案_page_017_p17_c3,yanbaopptmerge_e60b3b61281e87ddf42f9321a9e6ef9d.pdf_159_p159_c1,yanbaopptmerge_yanbaoPPT_5620_p5620_c0,jiaocaineedrop_jiaocai_needrop_en_961_p961_c0,newspaper_The Globe and Mail - 2025-1-8@magazinesclubnew_page_014_p14_c2",0,False,0.0
What event did Adrien Brody's mother flee during as a girl?,1,newspaper_USAToday-2025-01-08@magazinesclubnew_page_021_p21_c4,newspaper_USAToday-2025-01-08@magazinesclubnew_page_021_p21_c4,1,True,1.0
What event did Adrien Brody's mother flee during as a girl?,3,newspaper_USAToday-2025-01-08@magazinesclubnew_page_021_p21_c4,"newspaper_USAToday-2025-01-08@magazinesclubnew_page_021_p21_c4,newspaper_USAToday-2025-01-08@magazinesclubnew_page_021_p21_c6,exam_paper_2016年安徽省中考英语试题（解析）_page_015_p15_c2",1,True,1.0
What event did Adrien Brody's mother flee during as a girl?,5,newspaper_USAToday-2025-01-08@magazinesclubnew_page_021_p21_c4,"newspaper_USAToday-2025-01-08@magazinesclubnew_page_021_p21_c4,newspaper_USAToday-2025-01-08@magazinesclubnew_page_021_p21_c6,exam_paper_2016年安徽省中考英语试题（解析）_page_015_p15_c2,newspaper_USAToday-2025-01-08@magazinesclubnew_page_021_p21_c7,newspaper_USAToday-2025-01-08@magazinesclubnew_page_021_p21_c5",1,True,1.0
What did Brody's mother send him images of?,1,newspaper_USAToday-2025-01-08@magazinesclubnew_page_021_p21_c5,jiaocaineedrop_jiaocai_needrop_en_453_p453_c4,0,False,0.0
What did Brody's mother send him images of?,3,newspaper_USAToday-2025-01-08@magazinesclubnew_page_021_p21_c5,"jiaocaineedrop_jiaocai_needrop_en_453_p453_c4,newspaper_USAToday-2025-01-08@magazinesclubnew_page_021_p21_c6,newspaper_USAToday-2025-01-08@magazinesclubnew_page_021_p21_c4",0,False,0.0
What did Brody's mother send him images of?,5,newspaper_USAToday-2025-01-08@magazinesclubnew_page_021_p21_c5,"jiaocaineedrop_jiaocai_needrop_en_453_p453_c4,newspaper_USAToday-2025-01-08@magazinesclubnew_page_021_p21_c6,newspaper_USAToday-2025-01-08@magazinesclubnew_page_021_p21_c4,newspaper_USAToday-2025-01-08@magazinesclubnew_page_021_p21_c5,exam_paper_2016年安徽省中考英语试题（解析）_page_015_p15_c2",4,True,1.0
What did the director say about Brody's emotional availability?,1,newspaper_USAToday-2025-01-08@magazinesclubnew_page_021_p21_c7,newspaper_USAToday-2025-01-08@magazinesclubnew_page_021_p21_c7,1,True,1.0
What did the director say about Brody's emotional availability?,3,newspaper_USAToday-2025-01-08@magazinesclubnew_page_021_p21_c7,"newspaper_USAToday-2025-01-08@magazinesclubnew_page_021_p21_c7,newspaper_USAToday-2025-01-08@magazinesclubnew_page_021_p21_c6,newspaper_USAToday-2025-01-08@magazinesclubnew_page_021_p21_c5",1,True,1.0
What did the director say about Brody's emotional availability?,5,newspaper_USAToday-2025-01-08@magazinesclubnew_page_021_p21_c7,"newspaper_USAToday-2025-01-08@magazinesclubnew_page_021_p21_c7,newspaper_USAToday-2025-01-08@magazinesclubnew_page_021_p21_c6,newspaper_USAToday-2025-01-08@magazinesclubnew_page_021_p21_c5,jiaocaineedrop_jiaocai_needrop_en_961_p961_c0,exam_paper_2016年安徽省中考英语试题（解析）_page_015_p15_c2",1,True,1.0
What is the name of the sitcom created by Mike Scully and Julie Thacker-Scully?,1,newspaper_USAToday-2025-01-08@magazinesclubnew_page_021_p21_c8,newspaper_USAToday-2025-01-08@magazinesclubnew_page_021_p21_c8,1,True,1.0
What is the name of the sitcom created by Mike Scully and Julie Thacker-Scully?,3,newspaper_USAToday-2025-01-08@magazinesclubnew_page_021_p21_c8,"newspaper_USAToday-2025-01-08@magazinesclubnew_page_021_p21_c8,newspaper_USAToday-2025-01-08@magazinesclubnew_page_021_p21_c7,yanbaopptmerge_e60b3b61281e87ddf42f9321a9e6ef9d.pdf_159_p159_c1",1,True,1.0
What is the name of the sitcom created by Mike Scully and Julie Thacker-Scully?,5,newspaper_USAToday-2025-01-08@magazinesclubnew_page_021_p21_c8,"newspaper_USAToday-2025-01-08@magazinesclubnew_page_021_p21_c8,newspaper_USAToday-2025-01-08@magazinesclubnew_page_021_p21_c7,yanbaopptmerge_e60b3b61281e87ddf42f9321a9e6ef9d.pdf_159_p159_c1,newspaper_USAToday-2025-01-08@magazinesclubnew_page_021_p21_c5,exam_paper_2004-2019上海高考英语听力原文和答案_page_017_p17_c3",1,True,1.0
What is the method used to estimate the mean $ G(r) $?,1,docstructbench_llm-raw-scihub-o.O-j.1365-2818.2003.01210.x.pdf_7_p7_c0,docstructbench_llm-raw-scihub-o.O-j.1365-2818.2003.01210.x.pdf_7_p7_c0,1,True,1.0
What is the method used to estimate the mean $ G(r) $?,3,docstructbench_llm-raw-scihub-o.O-j.1365-2818.2003.01210.x.pdf_7_p7_c0,"docstructbench_llm-raw-scihub-o.O-j.1365-2818.2003.01210.x.pdf_7_p7_c0,exam_paper_en-file-putnam-archive_2016_Solutions_2016s_page_002_p2_c4,exam_paper_en-file-putnam-archive_2011_Solutions_2011s_page_002_p2_c0",1,True,1.0
What is the method used to estimate the mean $ G(r) $?,5,docstructbench_llm-raw-scihub-o.O-j.1365-2818.2003.01210.x.pdf_7_p7_c0,"docstructbench_llm-raw-scihub-o.O-j.1365-2818.2003.01210.x.pdf_7_p7_c0,exam_paper_en-file-putnam-archive_2016_Solutions_2016s_page_002_p2_c4,exam_paper_en-file-putnam-archive_2011_Solutions_2011s_page_002_p2_c0,exam_paper_en-file-putnam-archive_2011_Solutions_2011s_page_002_p2_c1,exam_paper_en-file-putnam-archive_2016_Solutions_2016s_page_002_p2_c1",1,True,1.0
When did the comment period for the rule end?,1,newspaper_fe5ed29024932fad071afc53807b16ba_1_p1_c0,newspaper_fe5ed29024932fad071afc53807b16ba_1_p1_c0,1,True,1.0
When did the comment period for the rule end?,3,newspaper_fe5ed29024932fad071afc53807b16ba_1_p1_c0,"newspaper_fe5ed29024932fad071afc53807b16ba_1_p1_c0,newspaper_fe5ed29024932fad071afc53807b16ba_1_p1_c1,jiaocaineedrop_jiaocai_needrop_en_453_p453_c0",1,True,1.0
When did the comment period for the rule end?,5,newspaper_fe5ed29024932fad071afc53807b16ba_1_p1_c0,"newspaper_fe5ed29024932fad071afc53807b16ba_1_p1_c0,newspaper_fe5ed29024932fad071afc53807b16ba_1_p1_c1,jiaocaineedrop_jiaocai_needrop_en_453_p453_c0,newspaper_fe5ed29024932fad071afc53807b16ba_1_p1_c2,book_en_国外数学教材-非数学专业教材-线性代数-Gilbert Strang—Linear Algebra and Its Applications 4e_0242_p242_c0",1,True,1.0
What is the title of the final rule adopted without change?,1,newspaper_fe5ed29024932fad071afc53807b16ba_1_p1_c1,newspaper_fe5ed29024932fad071afc53807b16ba_1_p1_c1,1,True,1.0
What is the title of the final rule adopted without change?,3,newspaper_fe5ed29024932fad071afc53807b16ba_1_p1_c1,"newspaper_fe5ed29024932fad071afc53807b16ba_1_p1_c1,newspaper_fe5ed29024932fad071afc53807b16ba_1_p1_c2,newspaper_fe5ed29024932fad071afc53807b16ba_1_p1_c4",1,True,1.0
What is the title of the final rule adopted without change?,5,newspaper_fe5ed29024932fad071afc53807b16ba_1_p1_c1,"newspaper_fe5ed29024932fad071afc53807b16ba_1_p1_c1,newspaper_fe5ed29024932fad071afc53807b16ba_1_p1_c2,newspaper_fe5ed29024932fad071afc53807b16ba_1_p1_c4,newspaper_fe5ed29024932fad071afc53807b16ba_1_p1_c0,newspaper_fe5ed29024932fad071afc53807b16ba_1_p1_c3",1,True,1.0
What is the effective date of the volume regulation percentages for the 2003–04 crop NS raisins?,1,newspaper_fe5ed29024932fad071afc53807b16ba_1_p1_c2,newspaper_fe5ed29024932fad071afc53807b16ba_1_p1_c2,1,True,1.0
What is the effective date of the volume regulation percentages for the 2003–04 crop NS raisins?,3,newspaper_fe5ed29024932fad071afc53807b16ba_1_p1_c2,"newspaper_fe5ed29024932fad071afc53807b16ba_1_p1_c2,newspaper_fe5ed29024932fad071afc53807b16ba_1_p1_c3,newspaper_fe5ed29024932fad071afc53807b16ba_1_p1_c4",1,True,1.0
What is the effective date of the volume regulation percentages for the 2003–04 crop NS raisins?,5,newspaper_fe5ed29024932fad071afc53807b16ba_1_p1_c2,"newspaper_fe5ed29024932fad071afc53807b16ba_1_p1_c2,newspaper_fe5ed29024932fad071afc53807b16ba_1_p1_c3,newspaper_fe5ed29024932fad071afc53807b16ba_1_p1_c4,newspaper_fe5ed29024932fad071afc53807b16ba_1_p1_c1,newspaper_fe5ed29024932fad071afc53807b16ba_1_p1_c5",1,True,1.0
What is the name of the person to contact for information on complying with the regulation?,1,newspaper_fe5ed29024932fad071afc53807b16ba_1_p1_c3,newspaper_fe5ed29024932fad071afc53807b16ba_1_p1_c3,1,True,1.0
What is the name of the person to contact for information on complying with the regulation?,3,newspaper_fe5ed29024932fad071afc53807b16ba_1_p1_c3,"newspaper_fe5ed29024932fad071afc53807b16ba_1_p1_c3,jiaocaineedrop_biz-96816.pdf_48_p48_c3,newspaper_fe5ed29024932fad071afc53807b16ba_1_p1_c4",1,True,1.0
What is the name of the person to contact for information on complying with the regulation?,5,newspaper_fe5ed29024932fad071afc53807b16ba_1_p1_c3,"newspaper_fe5ed29024932fad071afc53807b16ba_1_p1_c3,jiaocaineedrop_biz-96816.pdf_48_p48_c3,newspaper_fe5ed29024932fad071afc53807b16ba_1_p1_c4,jiaocaineedrop_chap15.pdf_3_p3_c0,yanbaopptmerge_e60b3b61281e87ddf42f9321a9e6ef9d.pdf_159_p159_c1",1,True,1.0
What are the volume regulation percentages for the 2003–04 crop NS raisins?,1,newspaper_fe5ed29024932fad071afc53807b16ba_1_p1_c4,newspaper_fe5ed29024932fad071afc53807b16ba_1_p1_c2,0,False,0.0
What are the volume regulation percentages for the 2003–04 crop NS raisins?,3,newspaper_fe5ed29024932fad071afc53807b16ba_1_p1_c4,"newspaper_fe5ed29024932fad071afc53807b16ba_1_p1_c2,newspaper_fe5ed29024932fad071afc53807b16ba_1_p1_c3,newspaper_fe5ed29024932fad071afc53807b16ba_1_p1_c4",3,True,1.0
What are the volume regulation percentages for the 2003–04 crop NS raisins?,5,newspaper_fe5ed29024932fad071afc53807b16ba_1_p1_c4,"newspaper_fe5ed29024932fad071afc53807b16ba_1_p1_c2,newspaper_fe5ed29024932fad071afc53807b16ba_1_p1_c3,newspaper_fe5ed29024932fad071afc53807b16ba_1_p1_c4,newspaper_fe5ed29024932fad071afc53807b16ba_1_p1_c1,newspaper_fe5ed29024932fad071afc53807b16ba_1_p1_c5",3,True,1.0
What are reserve raisins used for according to the document?,1,newspaper_fe5ed29024932fad071afc53807b16ba_1_p1_c5,newspaper_fe5ed29024932fad071afc53807b16ba_1_p1_c5,1,True,1.0
What are reserve raisins used for according to the document?,3,newspaper_fe5ed29024932fad071afc53807b16ba_1_p1_c5,"newspaper_fe5ed29024932fad071afc53807b16ba_1_p1_c5,newspaper_fe5ed29024932fad071afc53807b16ba_1_p1_c2,newspaper_fe5ed29024932fad071afc53807b16ba_1_p1_c3",1,True,1.0
What are reserve raisins used for according to the document?,5,newspaper_fe5ed29024932fad071afc53807b16ba_1_p1_c5,"newspaper_fe5ed29024932fad071afc53807b16ba_1_p1_c5,newspaper_fe5ed29024932fad071afc53807b16ba_1_p1_c2,newspaper_fe5ed29024932fad071afc53807b16ba_1_p1_c3,newspaper_fe5ed29024932fad071afc53807b16ba_1_p1_c1,yanbaopptmerge_e60b3b61281e87ddf42f9321a9e6ef9d.pdf_159_p159_c1",1,True,1.0
What was the title of the meeting held in December 2012?,1,PPT_13 fallacies LALT2012_page_001_p1_c0,PPT_13 fallacies LALT2012_page_001_p1_c0,1,True,1.0
What was the title of the meeting held in December 2012?,3,PPT_13 fallacies LALT2012_page_001_p1_c0,"PPT_13 fallacies LALT2012_page_001_p1_c0,newspaper_The Wall Street Journal - 2025-01-08@magazinesclubnew_page_018_p18_c10,PPT_PresentationSpecification_page_007_p7_c0",1,True,1.0
What was the title of the meeting held in December 2012?,5,PPT_13 fallacies LALT2012_page_001_p1_c0,"PPT_13 fallacies LALT2012_page_001_p1_c0,newspaper_The Wall Street Journal - 2025-01-08@magazinesclubnew_page_018_p18_c10,PPT_PresentationSpecification_page_007_p7_c0,yanbaopptmerge_e60b3b61281e87ddf42f9321a9e6ef9d.pdf_159_p159_c1,newspaper_fe5ed29024932fad071afc53807b16ba_1_p1_c0",1,True,1.0
What is the value of DC in the given solution?,1,jiaocaineedrop_AMC8_V5.pdf_64_p64_c0,jiaocaineedrop_AMC8_V5.pdf_64_p64_c0,1,True,1.0
What is the value of DC in the given solution?,3,jiaocaineedrop_AMC8_V5.pdf_64_p64_c0,"jiaocaineedrop_AMC8_V5.pdf_64_p64_c0,yanbaopptmerge_e60b3b61281e87ddf42f9321a9e6ef9d.pdf_159_p159_c1,yanbaopptmerge_3aa9b6677e17fd012b0a7a230b9f18db.pdf_1327_p1327_c1",1,True,1.0
What is the value of DC in the given solution?,5,jiaocaineedrop_AMC8_V5.pdf_64_p64_c0,"jiaocaineedrop_AMC8_V5.pdf_64_p64_c0,yanbaopptmerge_e60b3b61281e87ddf42f9321a9e6ef9d.pdf_159_p159_c1,yanbaopptmerge_3aa9b6677e17fd012b0a7a230b9f18db.pdf_1327_p1327_c1,exam_paper_en-file-putnam-archive_1999_Solutions_1999s_page_002_p2_c3,docstructbench_llm-raw-scihub-o.O-j.physletb.2004.11.060.pdf_2_p2_c3",1,True,1.0
What is the value of AB plus DE according to the calculation?,1,jiaocaineedrop_AMC8_V5.pdf_64_p64_c1,jiaocaineedrop_AMC8_V5.pdf_64_p64_c0,0,False,0.0
What is the value of AB plus DE according to the calculation?,3,jiaocaineedrop_AMC8_V5.pdf_64_p64_c1,"jiaocaineedrop_AMC8_V5.pdf_64_p64_c0,notes_9e951846094758afac08c620144e3a76_17_p17_c0,exam_paper_en-file-putnam-archive_1998_Solutions_1998s_page_002_p2_c0",0,False,0.0
What is the value of AB plus DE according to the calculation?,5,jiaocaineedrop_AMC8_V5.pdf_64_p64_c1,"jiaocaineedrop_AMC8_V5.pdf_64_p64_c0,notes_9e951846094758afac08c620144e3a76_17_p17_c0,exam_paper_en-file-putnam-archive_1998_Solutions_1998s_page_002_p2_c0,jiaocaineedrop_AMC8_V5.pdf_64_p64_c1,yanbaopptmerge_e60b3b61281e87ddf42f9321a9e6ef9d.pdf_159_p159_c1",4,True,1.0
太阳在所有恒星中离地球最近吗？,1,notes_f7f010b78016aeebd76e56d9283eb67f_52_p52_c0,notes_f7f010b78016aeebd76e56d9283eb67f_52_p52_c0,1,True,1.0
太阳在所有恒星中离地球最近吗？,3,notes_f7f010b78016aeebd76e56d9283eb67f_52_p52_c0,"notes_f7f010b78016aeebd76e56d9283eb67f_52_p52_c0,newspaper_The Globe and Mail - 2025-1-8@magazinesclubnew_page_014_p14_c0,jiaocaineedrop_jiaocai_needrop_en_377_p377_c5",1,True,1.0
太阳在所有恒星中离地球最近吗？,5,notes_f7f010b78016aeebd76e56d9283eb67f_52_p52_c0,"notes_f7f010b78016aeebd76e56d9283eb67f_52_p52_c0,newspaper_The Globe and Mail - 2025-1-8@magazinesclubnew_page_014_p14_c0,jiaocaineedrop_jiaocai_needrop_en_377_p377_c5,exam_paper_2016年安徽省中考英语试题（解析）_page_003_p3_c2,jiaocaineedrop_jiaocai_needrop_en_1473_p1473_c1",1,True,1.0
在什么情况下用在姓氏之前表示一家人？,1,notes_f7f010b78016aeebd76e56d9283eb67f_52_p52_c1,notes_f7f010b78016aeebd76e56d9283eb67f_52_p52_c1,1,True,1.0
在什么情况下用在姓氏之前表示一家人？,3,notes_f7f010b78016aeebd76e56d9283eb67f_52_p52_c1,"notes_f7f010b78016aeebd76e56d9283eb67f_52_p52_c1,notes_f7f010b78016aeebd76e56d9283eb67f_52_p52_c0,exam_paper_2016年安徽省中考英语试题（解析）_page_003_p3_c2",1,True,1.0
在什么情况下用在姓氏之前表示一家人？,5,notes_f7f010b78016aeebd76e56d9283eb67f_52_p52_c1,"notes_f7f010b78016aeebd76e56d9283eb67f_52_p52_c1,notes_f7f010b78016aeebd76e56d9283eb67f_52_p52_c0,exam_paper_2016年安徽省中考英语试题（解析）_page_003_p3_c2,color_textbook_zhonggaokao_小学_KET听说读写逐项突破_KET听说读写逐项突破之轻松搞定KET写作25分 【10讲 褚连一】_第10讲第十课写作Part9小作文练习_第十课写作Part9小作文练习_page_010_p10_c1,eastmoney_dd8f39ced2188b907304224a635ad605689270486020c34636003e57018c01d8.pdf_2_p2_c1",1,True,1.0
What did Kawamura et al. find about larger bubbles in a flat plate test?,1,docstructbench_llm-raw-scihub-o.O-s00348-006-0169-y.pdf_2_p2_c0,docstructbench_llm-raw-scihub-o.O-s00348-006-0169-y.pdf_2_p2_c0,1,True,1.0
What did Kawamura et al. find about larger bubbles in a flat plate test?,3,docstructbench_llm-raw-scihub-o.O-s00348-006-0169-y.pdf_2_p2_c0,"docstructbench_llm-raw-scihub-o.O-s00348-006-0169-y.pdf_2_p2_c0,docstructbench_llm-raw-scihub-o.O-s00348-006-0169-y.pdf_2_p2_c2,docstructbench_llm-raw-scihub-o.O-s00348-006-0169-y.pdf_2_p2_c4",1,True,1.0
What did Kawamura et al. find about larger bubbles in a flat plate test?,5,docstructbench_llm-raw-scihub-o.O-s00348-006-0169-y.pdf_2_p2_c0,"docstructbench_llm-raw-scihub-o.O-s00348-006-0169-y.pdf_2_p2_c0,docstructbench_llm-raw-scihub-o.O-s00348-006-0169-y.pdf_2_p2_c2,docstructbench_llm-raw-scihub-o.O-s00348-006-0169-y.pdf_2_p2_c4,docstructbench_llm-raw-scihub-o.O-s00348-006-0169-y.pdf_2_p2_c5,docstructbench_llm-raw-scihub-o.O-j.physletb.2004.11.060.pdf_2_p2_c1",1,True,1.0
What is the definition of $y^+$ in TBL flows?,1,docstructbench_llm-raw-scihub-o.O-s00348-006-0169-y.pdf_2_p2_c1,docstructbench_llm-raw-scihub-o.O-s00348-006-0169-y.pdf_2_p2_c1,1,True,1.0
What is the definition of $y^+$ in TBL flows?,3,docstructbench_llm-raw-scihub-o.O-s00348-006-0169-y.pdf_2_p2_c1,"docstructbench_llm-raw-scihub-o.O-s00348-006-0169-y.pdf_2_p2_c1,docstructbench_llm-raw-scihub-o.O-s00348-006-0169-y.pdf_2_p2_c3,exam_paper_en-file-putnam-archive_1999_Solutions_1999s_page_003_p3_c3",1,True,1.0
What is the definition of $y^+$ in TBL flows?,5,docstructbench_llm-raw-scihub-o.O-s00348-006-0169-y.pdf_2_p2_c1,"docstructbench_llm-raw-scihub-o.O-s00348-006-0169-y.pdf_2_p2_c1,docstructbench_llm-raw-scihub-o.O-s00348-006-0169-y.pdf_2_p2_c3,exam_paper_en-file-putnam-archive_1999_Solutions_1999s_page_003_p3_c3,docstructbench_llm-raw-scihub-o.O-s00348-006-0169-y.pdf_2_p2_c0,exam_paper_en-file-putnam-archive_2007_Solutions_2007s_page_001_p1_c2",1,True,1.0
Which study found the bubble size is typically two orders of magnitude larger than the wall unit?,1,docstructbench_llm-raw-scihub-o.O-s00348-006-0169-y.pdf_2_p2_c2,docstructbench_llm-raw-scihub-o.O-s00348-006-0169-y.pdf_2_p2_c2,1,True,1.0
Which study found the bubble size is typically two orders of magnitude larger than the wall unit?,3,docstructbench_llm-raw-scihub-o.O-s00348-006-0169-y.pdf_2_p2_c2,"docstructbench_llm-raw-scihub-o.O-s00348-006-0169-y.pdf_2_p2_c2,docstructbench_llm-raw-scihub-o.O-s00348-006-0169-y.pdf_2_p2_c4,docstructbench_llm-raw-scihub-o.O-s00348-006-0169-y.pdf_2_p2_c6",1,True,1.0
Which study found the bubble size is typically two orders of magnitude larger than the wall unit?,5,docstructbench_llm-raw-scihub-o.O-s00348-006-0169-y.pdf_2_p2_c2,"docstructbench_llm-raw-scihub-o.O-s00348-006-0169-y.pdf_2_p2_c2,docstructbench_llm-raw-scihub-o.O-s00348-006-0169-y.pdf_2_p2_c4,docstructbench_llm-raw-scihub-o.O-s00348-006-0169-y.pdf_2_p2_c6,docstructbench_llm-raw-scihub-o.O-s00348-006-0169-y.pdf_2_p2_c0,docstructbench_llm-raw-scihub-o.O-s00348-006-0169-y.pdf_2_p2_c1",1,True,1.0
What is the range of void fraction where appreciable drag reduction is observed?,1,docstructbench_llm-raw-scihub-o.O-s00348-006-0169-y.pdf_2_p2_c3,docstructbench_llm-raw-scihub-o.O-s00348-006-0169-y.pdf_2_p2_c3,1,True,1.0
What is the range of void fraction where appreciable drag reduction is observed?,3,docstructbench_llm-raw-scihub-o.O-s00348-006-0169-y.pdf_2_p2_c3,"docstructbench_llm-raw-scihub-o.O-s00348-006-0169-y.pdf_2_p2_c3,docstructbench_llm-raw-scihub-o.O-s00348-006-0169-y.pdf_2_p2_c1,docstructbench_llm-raw-scihub-o.O-s00348-006-0169-y.pdf_2_p2_c5",1,True,1.0
What is the range of void fraction where appreciable drag reduction is observed?,5,docstructbench_llm-raw-scihub-o.O-s00348-006-0169-y.pdf_2_p2_c3,"docstructbench_llm-raw-scihub-o.O-s00348-006-0169-y.pdf_2_p2_c3,docstructbench_llm-raw-scihub-o.O-s00348-006-0169-y.pdf_2_p2_c1,docstructbench_llm-raw-scihub-o.O-s00348-006-0169-y.pdf_2_p2_c5,docstructbench_llm-raw-scihub-o.O-j.physletb.2004.11.060.pdf_2_p2_c0,docstructbench_llm-raw-scihub-o.O-s00348-006-0169-y.pdf_2_p2_c0",1,True,1.0
What is the typical diameter of injected bubbles in these experiments?,1,docstructbench_llm-raw-scihub-o.O-s00348-006-0169-y.pdf_2_p2_c4,docstructbench_llm-raw-scihub-o.O-s00348-006-0169-y.pdf_2_p2_c4,1,True,1.0
What is the typical diameter of injected bubbles in these experiments?,3,docstructbench_llm-raw-scihub-o.O-s00348-006-0169-y.pdf_2_p2_c4,"docstructbench_llm-raw-scihub-o.O-s00348-006-0169-y.pdf_2_p2_c4,docstructbench_llm-raw-scihub-o.O-s00348-006-0169-y.pdf_2_p2_c1,docstructbench_llm-raw-scihub-o.O-s00348-006-0169-y.pdf_2_p2_c5",1,True,1.0
What is the typical diameter of injected bubbles in these experiments?,5,docstructbench_llm-raw-scihub-o.O-s00348-006-0169-y.pdf_2_p2_c4,"docstructbench_llm-raw-scihub-o.O-s00348-006-0169-y.pdf_2_p2_c4,docstructbench_llm-raw-scihub-o.O-s00348-006-0169-y.pdf_2_p2_c1,docstructbench_llm-raw-scihub-o.O-s00348-006-0169-y.pdf_2_p2_c5,docstructbench_llm-raw-scihub-o.O-s00348-006-0169-y.pdf_2_p2_c6,docstructbench_llm-raw-scihub-o.O-s00348-006-0169-y.pdf_2_p2_c0",1,True,1.0
What is the factor by which the average bubble size was reduced in the surfactant solution?,1,docstructbench_llm-raw-scihub-o.O-s00348-006-0169-y.pdf_2_p2_c5,docstructbench_llm-raw-scihub-o.O-s00348-006-0169-y.pdf_2_p2_c5,1,True,1.0
What is the factor by which the average bubble size was reduced in the surfactant solution?,3,docstructbench_llm-raw-scihub-o.O-s00348-006-0169-y.pdf_2_p2_c5,"docstructbench_llm-raw-scihub-o.O-s00348-006-0169-y.pdf_2_p2_c5,docstructbench_llm-raw-scihub-o.O-s00348-006-0169-y.pdf_2_p2_c4,docstructbench_llm-raw-scihub-o.O-s00348-006-0169-y.pdf_2_p2_c1",1,True,1.0
What is the factor by which the average bubble size was reduced in the surfactant solution?,5,docstructbench_llm-raw-scihub-o.O-s00348-006-0169-y.pdf_2_p2_c5,"docstructbench_llm-raw-scihub-o.O-s00348-006-0169-y.pdf_2_p2_c5,docstructbench_llm-raw-scihub-o.O-s00348-006-0169-y.pdf_2_p2_c4,docstructbench_llm-raw-scihub-o.O-s00348-006-0169-y.pdf_2_p2_c1,docstructbench_llm-raw-scihub-o.O-s00348-006-0169-y.pdf_2_p2_c0,docstructbench_llm-raw-scihub-o.O-s00348-006-0169-y.pdf_2_p2_c3",1,True,1.0
What was the range of $ d^{+} $ values used in the study?,1,docstructbench_llm-raw-scihub-o.O-s00348-006-0169-y.pdf_2_p2_c6,exam_paper_en-file-putnam-archive_2012_Solutions_2012s_page_001_p1_c0,0,False,0.0
What was the range of $ d^{+} $ values used in the study?,3,docstructbench_llm-raw-scihub-o.O-s00348-006-0169-y.pdf_2_p2_c6,"exam_paper_en-file-putnam-archive_2012_Solutions_2012s_page_001_p1_c0,exam_paper_en-file-putnam-archive_2000_Solutions_2000s_page_001_p1_c0,scihub_bloodadvances.2019030924.pdf_3_p3_c9",0,False,0.0
What was the range of $ d^{+} $ values used in the study?,5,docstructbench_llm-raw-scihub-o.O-s00348-006-0169-y.pdf_2_p2_c6,"exam_paper_en-file-putnam-archive_2012_Solutions_2012s_page_001_p1_c0,exam_paper_en-file-putnam-archive_2000_Solutions_2000s_page_001_p1_c0,scihub_bloodadvances.2019030924.pdf_3_p3_c9,docstructbench_llm-raw-scihub-o.O-s00348-006-0169-y.pdf_2_p2_c6,scihub_bloodadvances.2019030924.pdf_3_p3_c1",4,True,1.0
查读时如何处理不能直接找到答案的问题？,1,notes_f7f010b78016aeebd76e56d9283eb67f_89_p89_c0,notes_f7f010b78016aeebd76e56d9283eb67f_89_p89_c0,1,True,1.0
查读时如何处理不能直接找到答案的问题？,3,notes_f7f010b78016aeebd76e56d9283eb67f_89_p89_c0,"notes_f7f010b78016aeebd76e56d9283eb67f_89_p89_c0,notes_f7f010b78016aeebd76e56d9283eb67f_92_p92_c0,jiaocaineedrop_96657786.pdf_0_p0_c0",1,True,1.0
查读时如何处理不能直接找到答案的问题？,5,notes_f7f010b78016aeebd76e56d9283eb67f_89_p89_c0,"notes_f7f010b78016aeebd76e56d9283eb67f_89_p89_c0,notes_f7f010b78016aeebd76e56d9283eb67f_92_p92_c0,jiaocaineedrop_96657786.pdf_0_p0_c0,notes_1ba14cb325bc448f7201b20502ecf2b5_123_p123_c0,jiaocaineedrop_biz-96816.pdf_48_p48_c1",1,True,1.0
Why did the children say they didn't think Mrs Wilson saved money?,1,notes_f7f010b78016aeebd76e56d9283eb67f_89_p89_c1,notes_f7f010b78016aeebd76e56d9283eb67f_89_p89_c1,1,True,1.0
Why did the children say they didn't think Mrs Wilson saved money?,3,notes_f7f010b78016aeebd76e56d9283eb67f_89_p89_c1,"notes_f7f010b78016aeebd76e56d9283eb67f_89_p89_c1,newspaper_USAToday-2025-01-08@magazinesclubnew_page_021_p21_c8,exam_paper_2016年安徽省中考英语试题（解析）_page_015_p15_c2",1,True,1.0
Why did the children say they didn't think Mrs Wilson saved money?,5,notes_f7f010b78016aeebd76e56d9283eb67f_89_p89_c1,"notes_f7f010b78016aeebd76e56d9283eb67f_89_p89_c1,newspaper_USAToday-2025-01-08@magazinesclubnew_page_021_p21_c8,exam_paper_2016年安徽省中考英语试题（解析）_page_015_p15_c2,magazine_TheEconomist.2023.12.09_page_082_p82_c6,jiaocaineedrop_jiaocai_needrop_en_453_p453_c0",1,True,1.0
What can you see in the image?,1,color_textbook_教材全解1+1二年级上册英语上海牛津版_page_067_p67_c1,color_textbook_教材全解1+1二年级上册英语上海牛津版_page_067_p67_c1,1,True,1.0
What can you see in the image?,3,color_textbook_教材全解1+1二年级上册英语上海牛津版_page_067_p67_c1,"color_textbook_教材全解1+1二年级上册英语上海牛津版_page_067_p67_c1,newspaper_The Globe and Mail - 2025-1-8@magazinesclubnew_page_014_p14_c0,jiaocaineedrop_jiaocai_needrop_en_961_p961_c0",1,True,1.0
What can you see in the image?,5,color_textbook_教材全解1+1二年级上册英语上海牛津版_page_067_p67_c1,"color_textbook_教材全解1+1二年级上册英语上海牛津版_page_067_p67_c1,newspaper_The Globe and Mail - 2025-1-8@magazinesclubnew_page_014_p14_c0,jiaocaineedrop_jiaocai_needrop_en_961_p961_c0,color_textbook_zhonggaokao_小学_13.人教新起点英语（4-5年级）_人教新起点五年级英语上册_课本_人教新起点英语5A电子课本_page_055_p55_c0,jiaocaineedrop_biz-96816.pdf_48_p48_c3",1,True,1.0
外采第三方技术支持平台会如何影响增值税计税方式？,1,yanbaor2_7f386f737cb55cffa10c8321a94bd38d7169cd69b3b253b9e2e502c12a68feea.pdf_15_p15_c0,yanbaor2_7f386f737cb55cffa10c8321a94bd38d7169cd69b3b253b9e2e502c12a68feea.pdf_15_p15_c0,1,True,1.0
外采第三方技术支持平台会如何影响增值税计税方式？,3,yanbaor2_7f386f737cb55cffa10c8321a94bd38d7169cd69b3b253b9e2e502c12a68feea.pdf_15_p15_c0,"yanbaor2_7f386f737cb55cffa10c8321a94bd38d7169cd69b3b253b9e2e502c12a68feea.pdf_15_p15_c0,newspaper_The Globe and Mail - 2025-1-8@magazinesclubnew_page_018_p18_c5,newspaper_e62730aaeb9b509119e0c3699ac18201_1_p1_c12",1,True,1.0
外采第三方技术支持平台会如何影响增值税计税方式？,5,yanbaor2_7f386f737cb55cffa10c8321a94bd38d7169cd69b3b253b9e2e502c12a68feea.pdf_15_p15_c0,"yanbaor2_7f386f737cb55cffa10c8321a94bd38d7169cd69b3b253b9e2e502c12a68feea.pdf_15_p15_c0,newspaper_The Globe and Mail - 2025-1-8@magazinesclubnew_page_018_p18_c5,newspaper_e62730aaeb9b509119e0c3699ac18201_1_p1_c12,book_zh_CNASGL0092018_extracted_page_73_p73_c1,newspaper_35bdaa11dec104ccbdc9e19ac8527d21_1_p1_c2",1,True,1.0
李乐乐在第一周中安排了几种不同的体育运动？,1,jiaocaineedrop_jiaocai_needrop_en_1836_p1836_c0,jiaocaineedrop_jiaocai_needrop_en_1836_p1836_c0,1,True,1.0
李乐乐在第一周中安排了几种不同的体育运动？,3,jiaocaineedrop_jiaocai_needrop_en_1836_p1836_c0,"jiaocaineedrop_jiaocai_needrop_en_1836_p1836_c0,jiaocaineedrop_jiaocai_needrop_en_237_p237_c0,jiaocaineedrop_jiaocai_needrop_en_3274_p3274_c0",1,True,1.0
李乐乐在第一周中安排了几种不同的体育运动？,5,jiaocaineedrop_jiaocai_needrop_en_1836_p1836_c0,"jiaocaineedrop_jiaocai_needrop_en_1836_p1836_c0,jiaocaineedrop_jiaocai_needrop_en_237_p237_c0,jiaocaineedrop_jiaocai_needrop_en_3274_p3274_c0,jiaocaineedrop_jiaocai_needrop_en_887_p887_c0,newspaper_e62730aaeb9b509119e0c3699ac18201_1_p1_c12",1,True,1.0
根据解析，第一幅图中男孩在做什么动作？,1,jiaocaineedrop_jiaocai_needrop_en_1836_p1836_c1,jiaocaineedrop_jiaocai_needrop_en_1836_p1836_c1,1,True,1.0
根据解析，第一幅图中男孩在做什么动作？,3,jiaocaineedrop_jiaocai_needrop_en_1836_p1836_c1,"jiaocaineedrop_jiaocai_needrop_en_1836_p1836_c1,jiaocaineedrop_jiaocai_needrop_en_3274_p3274_c0,exam_paper_2016年安徽省中考英语试题（解析）_page_003_p3_c2",1,True,1.0
根据解析，第一幅图中男孩在做什么动作？,5,jiaocaineedrop_jiaocai_needrop_en_1836_p1836_c1,"jiaocaineedrop_jiaocai_needrop_en_1836_p1836_c1,jiaocaineedrop_jiaocai_needrop_en_3274_p3274_c0,exam_paper_2016年安徽省中考英语试题（解析）_page_003_p3_c2,jiaocaineedrop_jiaocai_needrop_en_2893_p2893_c0,jiaocaineedrop_jiaocai_needrop_en_3738_p3738_c0",1,True,1.0
哪些企业正在采取措施应对AI带来的网络欺诈？,1,yanbaor2_decf70a006d6f8f66725ead2f27b248a911016d258a236cefcdd26c6aff1d463.pdf_40_p40_c0,yanbaor2_decf70a006d6f8f66725ead2f27b248a911016d258a236cefcdd26c6aff1d463.pdf_40_p40_c0,1,True,1.0
哪些企业正在采取措施应对AI带来的网络欺诈？,3,yanbaor2_decf70a006d6f8f66725ead2f27b248a911016d258a236cefcdd26c6aff1d463.pdf_40_p40_c0,"yanbaor2_decf70a006d6f8f66725ead2f27b248a911016d258a236cefcdd26c6aff1d463.pdf_40_p40_c0,yanbaor2_decf70a006d6f8f66725ead2f27b248a911016d258a236cefcdd26c6aff1d463.pdf_40_p40_c1,newspaper_The Wall Street Journal - 2025-01-08@magazinesclubnew_page_018_p18_c4",1,True,1.0
哪些企业正在采取措施应对AI带来的网络欺诈？,5,yanbaor2_decf70a006d6f8f66725ead2f27b248a911016d258a236cefcdd26c6aff1d463.pdf_40_p40_c0,"yanbaor2_decf70a006d6f8f66725ead2f27b248a911016d258a236cefcdd26c6aff1d463.pdf_40_p40_c0,yanbaor2_decf70a006d6f8f66725ead2f27b248a911016d258a236cefcdd26c6aff1d463.pdf_40_p40_c1,newspaper_The Wall Street Journal - 2025-01-08@magazinesclubnew_page_018_p18_c4,yanbaor2_7f386f737cb55cffa10c8321a94bd38d7169cd69b3b253b9e2e502c12a68feea.pdf_15_p15_c0,magazine_TheEconomist.2024.03.09_page_064_p64_c6",1,True,1.0
有多少人表示他们不确定能否区分AI生成的内容和人类生成的内容？,1,yanbaor2_decf70a006d6f8f66725ead2f27b248a911016d258a236cefcdd26c6aff1d463.pdf_40_p40_c1,yanbaor2_decf70a006d6f8f66725ead2f27b248a911016d258a236cefcdd26c6aff1d463.pdf_40_p40_c2,0,False,0.0
有多少人表示他们不确定能否区分AI生成的内容和人类生成的内容？,3,yanbaor2_decf70a006d6f8f66725ead2f27b248a911016d258a236cefcdd26c6aff1d463.pdf_40_p40_c1,"yanbaor2_decf70a006d6f8f66725ead2f27b248a911016d258a236cefcdd26c6aff1d463.pdf_40_p40_c2,yanbaor2_decf70a006d6f8f66725ead2f27b248a911016d258a236cefcdd26c6aff1d463.pdf_40_p40_c1,magazine_TheEconomist.2024.03.09_page_064_p64_c6",2,True,1.0
有多少人表示他们不确定能否区分AI生成的内容和人类生成的内容？,5,yanbaor2_decf70a006d6f8f66725ead2f27b248a911016d258a236cefcdd26c6aff1d463.pdf_40_p40_c1,"yanbaor2_decf70a006d6f8f66725ead2f27b248a911016d258a236cefcdd26c6aff1d463.pdf_40_p40_c2,yanbaor2_decf70a006d6f8f66725ead2f27b248a911016d258a236cefcdd26c6aff1d463.pdf_40_p40_c1,magazine_TheEconomist.2024.03.09_page_064_p64_c6,jiaocaineedrop_jiaocai_needrop_en_377_p377_c3,yanbaor2_decf70a006d6f8f66725ead2f27b248a911016d258a236cefcdd26c6aff1d463.pdf_40_p40_c0",2,True,1.0
What is the purpose of the robots produced in China according to the document fragment?,1,magazine_TheEconomist.2023.12.23_page_024_p24_c1,magazine_TheEconomist.2023.12.23_page_024_p24_c1,1,True,1.0
What is the purpose of the robots produced in China according to the document fragment?,3,magazine_TheEconomist.2023.12.23_page_024_p24_c1,"magazine_TheEconomist.2023.12.23_page_024_p24_c1,magazine_TheEconomist.2023.12.23_page_024_p24_c2,magazine_TheEconomist.2023.12.23_page_024_p24_c0",1,True,1.0
What is the purpose of the robots produced in China according to the document fragment?,5,magazine_TheEconomist.2023.12.23_page_024_p24_c1,"magazine_TheEconomist.2023.12.23_page_024_p24_c1,magazine_TheEconomist.2023.12.23_page_024_p24_c2,magazine_TheEconomist.2023.12.23_page_024_p24_c0,magazine_TheEconomist.2023.12.23_page_024_p24_c3,yanbaopptmerge_e60b3b61281e87ddf42f9321a9e6ef9d.pdf_159_p159_c1",1,True,1.0
What does China use as a gauge of economic advancement today?,1,magazine_TheEconomist.2023.12.23_page_024_p24_c2,magazine_TheEconomist.2023.12.23_page_024_p24_c2,1,True,1.0
What does China use as a gauge of economic advancement today?,3,magazine_TheEconomist.2023.12.23_page_024_p24_c2,"magazine_TheEconomist.2023.12.23_page_024_p24_c2,magazine_TheEconomist.2023.12.23_page_024_p24_c3,jiaocaineedrop_jiaocai_needrop_en_961_p961_c0",1,True,1.0
What does China use as a gauge of economic advancement today?,5,magazine_TheEconomist.2023.12.23_page_024_p24_c2,"magazine_TheEconomist.2023.12.23_page_024_p24_c2,magazine_TheEconomist.2023.12.23_page_024_p24_c3,jiaocaineedrop_jiaocai_needrop_en_961_p961_c0,magazine_TheEconomist.2023.12.23_page_024_p24_c1,jiaocaineedrop_biz-96816.pdf_48_p48_c1",1,True,1.0
How many occupations were listed as having a shortage of labour?,1,magazine_TheEconomist.2023.12.23_page_024_p24_c3,magazine_TheEconomist.2023.12.23_page_024_p24_c3,1,True,1.0
How many occupations were listed as having a shortage of labour?,3,magazine_TheEconomist.2023.12.23_page_024_p24_c3,"magazine_TheEconomist.2023.12.23_page_024_p24_c3,yanbaopptmerge_d346b889f1d85c61950a71d4b0ac2752.pdf_89_p89_c1,yanbaopptmerge_e60b3b61281e87ddf42f9321a9e6ef9d.pdf_159_p159_c0",1,True,1.0
How many occupations were listed as having a shortage of labour?,5,magazine_TheEconomist.2023.12.23_page_024_p24_c3,"magazine_TheEconomist.2023.12.23_page_024_p24_c3,yanbaopptmerge_d346b889f1d85c61950a71d4b0ac2752.pdf_89_p89_c1,yanbaopptmerge_e60b3b61281e87ddf42f9321a9e6ef9d.pdf_159_p159_c0,docstructbench_llm-raw-scihub-o.O-j.ergon.2004.09.009.pdf_13_p13_c3,yanbaopptmerge_d346b889f1d85c61950a71d4b0ac2752.pdf_89_p89_c0",1,True,1.0
What are the preferred metal phases for catalysts in hydrocracking of F–T waxes?,1,docstructbench_llm-raw-scihub-o.O-j.apcata.2006.05.010.pdf_2_p2_c0,docstructbench_llm-raw-scihub-o.O-j.apcata.2006.05.010.pdf_2_p2_c0,1,True,1.0
What are the preferred metal phases for catalysts in hydrocracking of F–T waxes?,3,docstructbench_llm-raw-scihub-o.O-j.apcata.2006.05.010.pdf_2_p2_c0,"docstructbench_llm-raw-scihub-o.O-j.apcata.2006.05.010.pdf_2_p2_c0,docstructbench_llm-raw-scihub-o.O-j.apcata.2006.05.010.pdf_2_p2_c1,docstructbench_llm-raw-scihub-o.O-j.apcata.2006.05.010.pdf_2_p2_c2",1,True,1.0
What are the preferred metal phases for catalysts in hydrocracking of F–T waxes?,5,docstructbench_llm-raw-scihub-o.O-j.apcata.2006.05.010.pdf_2_p2_c0,"docstructbench_llm-raw-scihub-o.O-j.apcata.2006.05.010.pdf_2_p2_c0,docstructbench_llm-raw-scihub-o.O-j.apcata.2006.05.010.pdf_2_p2_c1,docstructbench_llm-raw-scihub-o.O-j.apcata.2006.05.010.pdf_2_p2_c2,docstructbench_llm-raw-scihub-o.O-j.apcata.2006.05.010.pdf_2_p2_c3,yanbaopptmerge_e60b3b61281e87ddf42f9321a9e6ef9d.pdf_159_p159_c1",1,True,1.0
What is the effect of reducing zeolite acidity on catalyst activity?,1,docstructbench_llm-raw-scihub-o.O-j.apcata.2006.05.010.pdf_2_p2_c1,docstructbench_llm-raw-scihub-o.O-j.apcata.2006.05.010.pdf_2_p2_c1,1,True,1.0
What is the effect of reducing zeolite acidity on catalyst activity?,3,docstructbench_llm-raw-scihub-o.O-j.apcata.2006.05.010.pdf_2_p2_c1,"docstructbench_llm-raw-scihub-o.O-j.apcata.2006.05.010.pdf_2_p2_c1,docstructbench_llm-raw-scihub-o.O-j.apcata.2006.05.010.pdf_2_p2_c2,docstructbench_llm-raw-scihub-o.O-j.apcata.2006.05.010.pdf_2_p2_c3",1,True,1.0
What is the effect of reducing zeolite acidity on catalyst activity?,5,docstructbench_llm-raw-scihub-o.O-j.apcata.2006.05.010.pdf_2_p2_c1,"docstructbench_llm-raw-scihub-o.O-j.apcata.2006.05.010.pdf_2_p2_c1,docstructbench_llm-raw-scihub-o.O-j.apcata.2006.05.010.pdf_2_p2_c2,docstructbench_llm-raw-scihub-o.O-j.apcata.2006.05.010.pdf_2_p2_c3,docstructbench_llm-raw-scihub-o.O-j.apcata.2006.05.010.pdf_2_p2_c4,exam_paper_2016年安徽省中考英语试题（解析）_page_015_p15_c2",1,True,1.0
What temperature range is typically used for calcining the Pt/WOₓ–ZrO₂ catalyst?,1,docstructbench_llm-raw-scihub-o.O-j.apcata.2006.05.010.pdf_2_p2_c2,docstructbench_llm-raw-scihub-o.O-j.apcata.2006.05.010.pdf_2_p2_c2,1,True,1.0
What temperature range is typically used for calcining the Pt/WOₓ–ZrO₂ catalyst?,3,docstructbench_llm-raw-scihub-o.O-j.apcata.2006.05.010.pdf_2_p2_c2,"docstructbench_llm-raw-scihub-o.O-j.apcata.2006.05.010.pdf_2_p2_c2,docstructbench_llm-raw-scihub-o.O-j.apcata.2006.05.010.pdf_2_p2_c4,docstructbench_llm-raw-scihub-o.O-j.apcata.2006.05.010.pdf_2_p2_c0",1,True,1.0
What temperature range is typically used for calcining the Pt/WOₓ–ZrO₂ catalyst?,5,docstructbench_llm-raw-scihub-o.O-j.apcata.2006.05.010.pdf_2_p2_c2,"docstructbench_llm-raw-scihub-o.O-j.apcata.2006.05.010.pdf_2_p2_c2,docstructbench_llm-raw-scihub-o.O-j.apcata.2006.05.010.pdf_2_p2_c4,docstructbench_llm-raw-scihub-o.O-j.apcata.2006.05.010.pdf_2_p2_c0,docstructbench_llm-raw-scihub-o.O-j.apcata.2006.05.010.pdf_2_p2_c3,docstructbench_dianzishu_zhongwenzaixian-o.O-60403612.pdf_179_p179_c1",1,True,1.0
What method was used to prepare the WOₓ-ZrO₂ samples in this work?,1,docstructbench_llm-raw-scihub-o.O-j.apcata.2006.05.010.pdf_2_p2_c3,docstructbench_llm-raw-scihub-o.O-j.apcata.2006.05.010.pdf_2_p2_c4,0,False,0.0
What method was used to prepare the WOₓ-ZrO₂ samples in this work?,3,docstructbench_llm-raw-scihub-o.O-j.apcata.2006.05.010.pdf_2_p2_c3,"docstructbench_llm-raw-scihub-o.O-j.apcata.2006.05.010.pdf_2_p2_c4,docstructbench_llm-raw-scihub-o.O-j.apcata.2006.05.010.pdf_2_p2_c3,docstructbench_llm-raw-scihub-o.O-j.apcata.2006.05.010.pdf_2_p2_c2",2,True,1.0
What method was used to prepare the WOₓ-ZrO₂ samples in this work?,5,docstructbench_llm-raw-scihub-o.O-j.apcata.2006.05.010.pdf_2_p2_c3,"docstructbench_llm-raw-scihub-o.O-j.apcata.2006.05.010.pdf_2_p2_c4,docstructbench_llm-raw-scihub-o.O-j.apcata.2006.05.010.pdf_2_p2_c3,docstructbench_llm-raw-scihub-o.O-j.apcata.2006.05.010.pdf_2_p2_c2,book_zh_CNASGL0092018_extracted_page_73_p73_c0,yanbaopptmerge_e60b3b61281e87ddf42f9321a9e6ef9d.pdf_159_p159_c1",2,True,1.0
What was the concentration of the zirconyl chloride solution used?,1,docstructbench_llm-raw-scihub-o.O-j.apcata.2006.05.010.pdf_2_p2_c4,docstructbench_llm-raw-scihub-o.O-j.apcata.2006.05.010.pdf_2_p2_c4,1,True,1.0
What was the concentration of the zirconyl chloride solution used?,3,docstructbench_llm-raw-scihub-o.O-j.apcata.2006.05.010.pdf_2_p2_c4,"docstructbench_llm-raw-scihub-o.O-j.apcata.2006.05.010.pdf_2_p2_c4,docstructbench_llm-raw-scihub-o.O-j.chroma.2005.05.085.pdf_4_p4_c0,yanbaopptmerge_e60b3b61281e87ddf42f9321a9e6ef9d.pdf_159_p159_c1",1,True,1.0
What was the concentration of the zirconyl chloride solution used?,5,docstructbench_llm-raw-scihub-o.O-j.apcata.2006.05.010.pdf_2_p2_c4,"docstructbench_llm-raw-scihub-o.O-j.apcata.2006.05.010.pdf_2_p2_c4,docstructbench_llm-raw-scihub-o.O-j.chroma.2005.05.085.pdf_4_p4_c0,yanbaopptmerge_e60b3b61281e87ddf42f9321a9e6ef9d.pdf_159_p159_c1,docstructbench_llm-raw-scihub-o.O-j.apcata.2006.05.010.pdf_2_p2_c3,magazine_TheEconomist.2024.03.02_page_075_p75_c4",1,True,1.0
天风证券的股票投资评级中，买入对应的预期股价相对收益是多少？,1,yanbaopptmerge_5473246b8da789b9bfdeef53a70c4d72afd480415d5cbcedb83d105856710328.pdf_8_p8_c0,yanbaopptmerge_5473246b8da789b9bfdeef53a70c4d72afd480415d5cbcedb83d105856710328.pdf_8_p8_c0,1,True,1.0
天风证券的股票投资评级中，买入对应的预期股价相对收益是多少？,3,yanbaopptmerge_5473246b8da789b9bfdeef53a70c4d72afd480415d5cbcedb83d105856710328.pdf_8_p8_c0,"yanbaopptmerge_5473246b8da789b9bfdeef53a70c4d72afd480415d5cbcedb83d105856710328.pdf_8_p8_c0,eastmoney_d2bb183f5254ede5760932ac3118524aa7eddad551935713b435541f1525c1ee.pdf_7_p7_c1,eastmoney_dd8f39ced2188b907304224a635ad605689270486020c34636003e57018c01d8.pdf_2_p2_c0",1,True,1.0
天风证券的股票投资评级中，买入对应的预期股价相对收益是多少？,5,yanbaopptmerge_5473246b8da789b9bfdeef53a70c4d72afd480415d5cbcedb83d105856710328.pdf_8_p8_c0,"yanbaopptmerge_5473246b8da789b9bfdeef53a70c4d72afd480415d5cbcedb83d105856710328.pdf_8_p8_c0,eastmoney_d2bb183f5254ede5760932ac3118524aa7eddad551935713b435541f1525c1ee.pdf_7_p7_c1,eastmoney_dd8f39ced2188b907304224a635ad605689270486020c34636003e57018c01d8.pdf_2_p2_c0,yanbaopptmerge_ee19df4a08e3d07ac1190446f5b3dd3f25438c661b87cf4fbb9040ac5fac443b.pdf_1_p1_c1,yanbaopptmerge_2f4902871606698497c53ccb18d3fec2f83d05047d883cd65bbce26bfb27bcd2.pdf_1_p1_c0",1,True,1.0
What is the email address listed in the document fragment?,1,yanbaopptmerge_5473246b8da789b9bfdeef53a70c4d72afd480415d5cbcedb83d105856710328.pdf_8_p8_c1,newspaper_The Globe and Mail - 2025-1-8@magazinesclubnew_page_014_p14_c0,0,False,0.0
What is the email address listed in the document fragment?,3,yanbaopptmerge_5473246b8da789b9bfdeef53a70c4d72afd480415d5cbcedb83d105856710328.pdf_8_p8_c1,"newspaper_The Globe and Mail - 2025-1-8@magazinesclubnew_page_014_p14_c0,yanbaopptmerge_e60b3b61281e87ddf42f9321a9e6ef9d.pdf_159_p159_c1,eastmoney_e42b6e1cd2d48113ff4db8854e539d828d632bf9b1757e10cb8ddb2cfc7b1393.pdf_12_p12_c3",0,False,0.0
What is the email address listed in the document fragment?,5,yanbaopptmerge_5473246b8da789b9bfdeef53a70c4d72afd480415d5cbcedb83d105856710328.pdf_8_p8_c1,"newspaper_The Globe and Mail - 2025-1-8@magazinesclubnew_page_014_p14_c0,yanbaopptmerge_e60b3b61281e87ddf42f9321a9e6ef9d.pdf_159_p159_c1,eastmoney_e42b6e1cd2d48113ff4db8854e539d828d632bf9b1757e10cb8ddb2cfc7b1393.pdf_12_p12_c3,jiaocaineedrop_jiaocai_needrop_en_961_p961_c0,yanbaopptmerge_5473246b8da789b9bfdeef53a70c4d72afd480415d5cbcedb83d105856710328.pdf_8_p8_c1",5,True,1.0
What is the title of the figure showing microstructures of alloy B in as-cast and SHTed conditions?,1,scihub_s11661-013-1726-7.pdf_2_p2_c0,scihub_s11661-013-1726-7.pdf_2_p2_c0,1,True,1.0
What is the title of the figure showing microstructures of alloy B in as-cast and SHTed conditions?,3,scihub_s11661-013-1726-7.pdf_2_p2_c0,"scihub_s11661-013-1726-7.pdf_2_p2_c0,scihub_s11661-013-1726-7.pdf_2_p2_c2,scihub_s11661-013-1726-7.pdf_2_p2_c5",1,True,1.0
What is the title of the figure showing microstructures of alloy B in as-cast and SHTed conditions?,5,scihub_s11661-013-1726-7.pdf_2_p2_c0,"scihub_s11661-013-1726-7.pdf_2_p2_c0,scihub_s11661-013-1726-7.pdf_2_p2_c2,scihub_s11661-013-1726-7.pdf_2_p2_c5,yanbaopptmerge_e60b3b61281e87ddf42f9321a9e6ef9d.pdf_159_p159_c1,scihub_s11661-013-1726-7.pdf_2_p2_c3",1,True,1.0
What is the weight percentage of Al in the As-cast condition for $ \alpha $-Fe?,1,scihub_s11661-013-1726-7.pdf_2_p2_c1,scihub_s11661-013-1726-7.pdf_2_p2_c1,1,True,1.0
What is the weight percentage of Al in the As-cast condition for $ \alpha $-Fe?,3,scihub_s11661-013-1726-7.pdf_2_p2_c1,"scihub_s11661-013-1726-7.pdf_2_p2_c1,scihub_s11661-013-1726-7.pdf_2_p2_c3,scihub_s11661-013-1726-7.pdf_2_p2_c2",1,True,1.0
What is the weight percentage of Al in the As-cast condition for $ \alpha $-Fe?,5,scihub_s11661-013-1726-7.pdf_2_p2_c1,"scihub_s11661-013-1726-7.pdf_2_p2_c1,scihub_s11661-013-1726-7.pdf_2_p2_c3,scihub_s11661-013-1726-7.pdf_2_p2_c2,scihub_s11661-013-1726-7.pdf_2_p2_c0,scihub_s11661-013-1726-7.pdf_2_p2_c5",1,True,1.0
What is the value of the third column for the STed β-Fe phase?,1,scihub_s11661-013-1726-7.pdf_2_p2_c2,scihub_s11661-013-1726-7.pdf_2_p2_c5,0,False,0.0
What is the value of the third column for the STed β-Fe phase?,3,scihub_s11661-013-1726-7.pdf_2_p2_c2,"scihub_s11661-013-1726-7.pdf_2_p2_c5,scihub_s11661-013-1726-7.pdf_2_p2_c3,scihub_s11661-013-1726-7.pdf_2_p2_c6",0,False,0.0
What is the value of the third column for the STed β-Fe phase?,5,scihub_s11661-013-1726-7.pdf_2_p2_c2,"scihub_s11661-013-1726-7.pdf_2_p2_c5,scihub_s11661-013-1726-7.pdf_2_p2_c3,scihub_s11661-013-1726-7.pdf_2_p2_c6,scihub_s11661-013-1726-7.pdf_2_p2_c4,scihub_s11661-013-1726-7.pdf_2_p2_c0",0,False,0.0
What is the effect of SHT on the iron content in α-Fe?,1,scihub_s11661-013-1726-7.pdf_2_p2_c3,scihub_s11661-013-1726-7.pdf_2_p2_c3,1,True,1.0
What is the effect of SHT on the iron content in α-Fe?,3,scihub_s11661-013-1726-7.pdf_2_p2_c3,"scihub_s11661-013-1726-7.pdf_2_p2_c3,scihub_s11661-013-1726-7.pdf_2_p2_c5,scihub_s11661-013-1726-7.pdf_2_p2_c2",1,True,1.0
What is the effect of SHT on the iron content in α-Fe?,5,scihub_s11661-013-1726-7.pdf_2_p2_c3,"scihub_s11661-013-1726-7.pdf_2_p2_c3,scihub_s11661-013-1726-7.pdf_2_p2_c5,scihub_s11661-013-1726-7.pdf_2_p2_c2,scihub_s11661-013-1726-7.pdf_2_p2_c4,scihub_s11661-013-1726-7.pdf_2_p2_c0",1,True,1.0
What is the mean angular deviation of the EBSD results?,1,scihub_s11661-013-1726-7.pdf_2_p2_c4,scihub_s11661-013-1726-7.pdf_2_p2_c4,1,True,1.0
What is the mean angular deviation of the EBSD results?,3,scihub_s11661-013-1726-7.pdf_2_p2_c4,"scihub_s11661-013-1726-7.pdf_2_p2_c4,docstructbench_llm-raw-scihub-o.O-j.chroma.2005.05.085.pdf_4_p4_c5,yanbaopptmerge_e60b3b61281e87ddf42f9321a9e6ef9d.pdf_159_p159_c1",1,True,1.0
What is the mean angular deviation of the EBSD results?,5,scihub_s11661-013-1726-7.pdf_2_p2_c4,"scihub_s11661-013-1726-7.pdf_2_p2_c4,docstructbench_llm-raw-scihub-o.O-j.chroma.2005.05.085.pdf_4_p4_c5,yanbaopptmerge_e60b3b61281e87ddf42f9321a9e6ef9d.pdf_159_p159_c1,docstructbench_dianzishu_zhongwenzaixian-o.O-60403612.pdf_179_p179_c0,yanbaopptmerge_e60b3b61281e87ddf42f9321a9e6ef9d.pdf_159_p159_c2",1,True,1.0
What is the MAD value measured for the STed β-Fe?,1,scihub_s11661-013-1726-7.pdf_2_p2_c5,scihub_s11661-013-1726-7.pdf_2_p2_c5,1,True,1.0
What is the MAD value measured for the STed β-Fe?,3,scihub_s11661-013-1726-7.pdf_2_p2_c5,"scihub_s11661-013-1726-7.pdf_2_p2_c5,scihub_s11661-013-1726-7.pdf_2_p2_c6,scihub_s11661-013-1726-7.pdf_2_p2_c2",1,True,1.0
What is the MAD value measured for the STed β-Fe?,5,scihub_s11661-013-1726-7.pdf_2_p2_c5,"scihub_s11661-013-1726-7.pdf_2_p2_c5,scihub_s11661-013-1726-7.pdf_2_p2_c6,scihub_s11661-013-1726-7.pdf_2_p2_c2,scihub_s11661-013-1726-7.pdf_2_p2_c0,scihub_s11661-013-1726-7.pdf_2_p2_c4",1,True,1.0
What is the wavelength mentioned in the document fragment?,1,scihub_s11661-013-1726-7.pdf_2_p2_c6,newspaper_The Globe and Mail - 2025-1-8@magazinesclubnew_page_014_p14_c0,0,False,0.0
What is the wavelength mentioned in the document fragment?,3,scihub_s11661-013-1726-7.pdf_2_p2_c6,"newspaper_The Globe and Mail - 2025-1-8@magazinesclubnew_page_014_p14_c0,jiaocaineedrop_biz-96816.pdf_48_p48_c1,docstructbench_llm-raw-scihub-o.O-j.physletb.2004.11.060.pdf_2_p2_c2",0,False,0.0
What is the wavelength mentioned in the document fragment?,5,scihub_s11661-013-1726-7.pdf_2_p2_c6,"newspaper_The Globe and Mail - 2025-1-8@magazinesclubnew_page_014_p14_c0,jiaocaineedrop_biz-96816.pdf_48_p48_c1,docstructbench_llm-raw-scihub-o.O-j.physletb.2004.11.060.pdf_2_p2_c2,yanbaopptmerge_e60b3b61281e87ddf42f9321a9e6ef9d.pdf_159_p159_c1,docstructbench_dianzishu_zhongwenzaixian-o.O-60403612.pdf_179_p179_c0",0,False,0.0
What are the purposes of reading in English for an individual according to the text?,1,PPT_1001115_eng_page_005_p5_c0,PPT_1001115_eng_page_005_p5_c0,1,True,1.0
What are the purposes of reading in English for an individual according to the text?,3,PPT_1001115_eng_page_005_p5_c0,"PPT_1001115_eng_page_005_p5_c0,yanbaopptmerge_e60b3b61281e87ddf42f9321a9e6ef9d.pdf_159_p159_c1,notes_f7f010b78016aeebd76e56d9283eb67f_89_p89_c0",1,True,1.0
What are the purposes of reading in English for an individual according to the text?,5,PPT_1001115_eng_page_005_p5_c0,"PPT_1001115_eng_page_005_p5_c0,yanbaopptmerge_e60b3b61281e87ddf42f9321a9e6ef9d.pdf_159_p159_c1,notes_f7f010b78016aeebd76e56d9283eb67f_89_p89_c0,jiaocaineedrop_biz-96816.pdf_48_p48_c3,jiaocaineedrop_jiaocai_needrop_en_1836_p1836_c0",1,True,1.0
主语加be加序数词加最高级加名词单数加表示范围的短语的例子是什么？,1,yanbaopptmerge_yanbaoPPT_5945_p5945_c0,yanbaopptmerge_yanbaoPPT_5945_p5945_c0,1,True,1.0
主语加be加序数词加最高级加名词单数加表示范围的短语的例子是什么？,3,yanbaopptmerge_yanbaoPPT_5945_p5945_c0,"yanbaopptmerge_yanbaoPPT_5945_p5945_c0,notes_f7f010b78016aeebd76e56d9283eb67f_52_p52_c0,notes_f7f010b78016aeebd76e56d9283eb67f_27_p27_c0",1,True,1.0
主语加be加序数词加最高级加名词单数加表示范围的短语的例子是什么？,5,yanbaopptmerge_yanbaoPPT_5945_p5945_c0,"yanbaopptmerge_yanbaoPPT_5945_p5945_c0,notes_f7f010b78016aeebd76e56d9283eb67f_52_p52_c0,notes_f7f010b78016aeebd76e56d9283eb67f_27_p27_c0,color_textbook_zhonggaokao_小学_KET听说读写逐项突破_KET听说读写逐项突破之轻松搞定KET写作25分 【10讲 褚连一】_第10讲第十课写作Part9小作文练习_第十课写作Part9小作文练习_page_010_p10_c1,exam_paper_2016年安徽省中考英语试题（解析）_page_003_p3_c2",1,True,1.0
What is one solution mentioned for making the living place better and cleaner?,1,jiaocaineedrop_jiaocai_needrop_en_2884_p2884_c0,jiaocaineedrop_jiaocai_needrop_en_2884_p2884_c0,1,True,1.0
What is one solution mentioned for making the living place better and cleaner?,3,jiaocaineedrop_jiaocai_needrop_en_2884_p2884_c0,"jiaocaineedrop_jiaocai_needrop_en_2884_p2884_c0,newspaper_2c69e142b52dbb30cac2cb11d3eb25e5_1_p1_c4,jiaocaineedrop_biz-96816.pdf_48_p48_c1",1,True,1.0
What is one solution mentioned for making the living place better and cleaner?,5,jiaocaineedrop_jiaocai_needrop_en_2884_p2884_c0,"jiaocaineedrop_jiaocai_needrop_en_2884_p2884_c0,newspaper_2c69e142b52dbb30cac2cb11d3eb25e5_1_p1_c4,jiaocaineedrop_biz-96816.pdf_48_p48_c1,jiaocaineedrop_jiaocai_needrop_en_2509_p2509_c0,jiaocaineedrop_jiaocai_needrop_en_453_p453_c4",1,True,1.0
第Ⅱ卷需要使用什么笔直接答在试卷上？,1,jiaocaineedrop_jiaocai_needrop_en_2884_p2884_c1,jiaocaineedrop_jiaocai_needrop_en_2884_p2884_c1,1,True,1.0
第Ⅱ卷需要使用什么笔直接答在试卷上？,3,jiaocaineedrop_jiaocai_needrop_en_2884_p2884_c1,"jiaocaineedrop_jiaocai_needrop_en_2884_p2884_c1,jiaocaineedrop_jiaocai_needrop_en_1564_p1564_c0,jiaocaineedrop_96657786.pdf_0_p0_c0",1,True,1.0
第Ⅱ卷需要使用什么笔直接答在试卷上？,5,jiaocaineedrop_jiaocai_needrop_en_2884_p2884_c1,"jiaocaineedrop_jiaocai_needrop_en_2884_p2884_c1,jiaocaineedrop_jiaocai_needrop_en_1564_p1564_c0,jiaocaineedrop_96657786.pdf_0_p0_c0,newspaper_2c69e142b52dbb30cac2cb11d3eb25e5_1_p1_c3,color_textbook_教材全解1+1二年级上册英语上海牛津版_page_067_p67_c1",1,True,1.0
客服热线的联系电话是什么？,1,jiaocaineedrop_jiaocai_needrop_en_2884_p2884_c2,yanbaopptmerge_5473246b8da789b9bfdeef53a70c4d72afd480415d5cbcedb83d105856710328.pdf_8_p8_c1,0,False,0.0
客服热线的联系电话是什么？,3,jiaocaineedrop_jiaocai_needrop_en_2884_p2884_c2,"yanbaopptmerge_5473246b8da789b9bfdeef53a70c4d72afd480415d5cbcedb83d105856710328.pdf_8_p8_c1,exam_paper_2016年安徽省中考英语试题（解析）_page_003_p3_c2,jiaocaineedrop_jiaocai_needrop_en_2884_p2884_c2",3,True,1.0
客服热线的联系电话是什么？,5,jiaocaineedrop_jiaocai_needrop_en_2884_p2884_c2,"yanbaopptmerge_5473246b8da789b9bfdeef53a70c4d72afd480415d5cbcedb83d105856710328.pdf_8_p8_c1,exam_paper_2016年安徽省中考英语试题（解析）_page_003_p3_c2,jiaocaineedrop_jiaocai_needrop_en_2884_p2884_c2,jiaocaineedrop_c2-ma-11-q-11-cl.pdf_2_p2_c0,jiaocaineedrop_jiaocai_needrop_en_453_p453_c5",3,True,1.0
What proverb is mentioned in the text?,1,notes_f7f010b78016aeebd76e56d9283eb67f_114_p114_c0,notes_f7f010b78016aeebd76e56d9283eb67f_114_p114_c0,1,True,1.0
What proverb is mentioned in the text?,3,notes_f7f010b78016aeebd76e56d9283eb67f_114_p114_c0,"notes_f7f010b78016aeebd76e56d9283eb67f_114_p114_c0,yanbaopptmerge_yanbaoPPT_5620_p5620_c0,jiaocaineedrop_biz-96816.pdf_48_p48_c1",1,True,1.0
What proverb is mentioned in the text?,5,notes_f7f010b78016aeebd76e56d9283eb67f_114_p114_c0,"notes_f7f010b78016aeebd76e56d9283eb67f_114_p114_c0,yanbaopptmerge_yanbaoPPT_5620_p5620_c0,jiaocaineedrop_biz-96816.pdf_48_p48_c1,newspaper_eb569707cf5621d4c71d5898216cdb17_1_p1_c13,yanbaopptmerge_e60b3b61281e87ddf42f9321a9e6ef9d.pdf_159_p159_c1",1,True,1.0
如何描述问题的现状？,1,notes_f7f010b78016aeebd76e56d9283eb67f_114_p114_c1,notes_f7f010b78016aeebd76e56d9283eb67f_114_p114_c1,1,True,1.0
如何描述问题的现状？,3,notes_f7f010b78016aeebd76e56d9283eb67f_114_p114_c1,"notes_f7f010b78016aeebd76e56d9283eb67f_114_p114_c1,notes_1ba14cb325bc448f7201b20502ecf2b5_123_p123_c0,jiaocaineedrop_jiaocai_needrop_en_961_p961_c0",1,True,1.0
如何描述问题的现状？,5,notes_f7f010b78016aeebd76e56d9283eb67f_114_p114_c1,"notes_f7f010b78016aeebd76e56d9283eb67f_114_p114_c1,notes_1ba14cb325bc448f7201b20502ecf2b5_123_p123_c0,jiaocaineedrop_jiaocai_needrop_en_961_p961_c0,jiaocaineedrop_jiaocai_needrop_en_2884_p2884_c0,exam_paper_2016年安徽省中考英语试题（解析）_page_003_p3_c2",1,True,1.0
What is an example of a word originating in America according to the text?,1,PPT_EnglishtoAmericanTransition_page_017_p17_c0,PPT_EnglishtoAmericanTransition_page_017_p17_c0,1,True,1.0
What is an example of a word originating in America according to the text?,3,PPT_EnglishtoAmericanTransition_page_017_p17_c0,"PPT_EnglishtoAmericanTransition_page_017_p17_c0,jiaocaineedrop_biz-96816.pdf_48_p48_c3,exam_paper_2016年安徽省中考英语试题（解析）_page_015_p15_c0",1,True,1.0
What is an example of a word originating in America according to the text?,5,PPT_EnglishtoAmericanTransition_page_017_p17_c0,"PPT_EnglishtoAmericanTransition_page_017_p17_c0,jiaocaineedrop_biz-96816.pdf_48_p48_c3,exam_paper_2016年安徽省中考英语试题（解析）_page_015_p15_c0,book_en_国外数学教材-非数学专业教材-线性代数-Gilbert Strang—Linear Algebra and Its Applications 4e_0119_p119_c0,newspaper_The Globe and Mail - 2025-1-8@magazinesclubnew_page_014_p14_c2",1,True,1.0
哪些是常用的正弦波振荡电路？,1,docstructbench_dianzishu_zhongwenzaixian-o.O-61465568.pdf_186_p186_c0,docstructbench_dianzishu_zhongwenzaixian-o.O-61465568.pdf_186_p186_c0,1,True,1.0
哪些是常用的正弦波振荡电路？,3,docstructbench_dianzishu_zhongwenzaixian-o.O-61465568.pdf_186_p186_c0,"docstructbench_dianzishu_zhongwenzaixian-o.O-61465568.pdf_186_p186_c0,docstructbench_dianzishu_zhongwenzaixian-o.O-61465568.pdf_186_p186_c1,yanbaopptmerge_yanbaoPPT_5945_p5945_c0",1,True,1.0
哪些是常用的正弦波振荡电路？,5,docstructbench_dianzishu_zhongwenzaixian-o.O-61465568.pdf_186_p186_c0,"docstructbench_dianzishu_zhongwenzaixian-o.O-61465568.pdf_186_p186_c0,docstructbench_dianzishu_zhongwenzaixian-o.O-61465568.pdf_186_p186_c1,yanbaopptmerge_yanbaoPPT_5945_p5945_c0,docstructbench_dianzishu_zhongwenzaixian-o.O-60403612.pdf_179_p179_c0,jiaocaineedrop_jiaocai_needrop_en_2893_p2893_c1",1,True,1.0
What did the company fail to do according to the statement?,1,magazine_TheEconomist.2023.11.18_page_071_p71_c0,magazine_TheEconomist.2023.11.18_page_071_p71_c0,1,True,1.0
What did the company fail to do according to the statement?,3,magazine_TheEconomist.2023.11.18_page_071_p71_c0,"magazine_TheEconomist.2023.11.18_page_071_p71_c0,exam_paper_2016年安徽省中考英语试题（解析）_page_015_p15_c2,notes_f7f010b78016aeebd76e56d9283eb67f_72_p72_c3",1,True,1.0
What did the company fail to do according to the statement?,5,magazine_TheEconomist.2023.11.18_page_071_p71_c0,"magazine_TheEconomist.2023.11.18_page_071_p71_c0,exam_paper_2016年安徽省中考英语试题（解析）_page_015_p15_c2,notes_f7f010b78016aeebd76e56d9283eb67f_72_p72_c3,jiaocaineedrop_jiaocai_needrop_en_453_p453_c4,yanbaopptmerge_0c79d327060dbf9f1582d03c235dadb039533a19091d2c0d24f2ad95d267f79b.pdf_2_p2_c1",1,True,1.0
What was the main risk in WeWork's model?,1,magazine_TheEconomist.2023.11.18_page_071_p71_c1,magazine_TheEconomist.2023.11.18_page_071_p71_c1,1,True,1.0
What was the main risk in WeWork's model?,3,magazine_TheEconomist.2023.11.18_page_071_p71_c1,"magazine_TheEconomist.2023.11.18_page_071_p71_c1,magazine_TheEconomist.2023.11.18_page_071_p71_c2,jiaocaineedrop_jiaocai_needrop_en_961_p961_c0",1,True,1.0
What was the main risk in WeWork's model?,5,magazine_TheEconomist.2023.11.18_page_071_p71_c1,"magazine_TheEconomist.2023.11.18_page_071_p71_c1,magazine_TheEconomist.2023.11.18_page_071_p71_c2,jiaocaineedrop_jiaocai_needrop_en_961_p961_c0,magazine_TheEconomist.2024.03.09_page_064_p64_c6,jiaocaineedrop_jiaocai_needrop_en_453_p453_c4",1,True,1.0
Which company's new boss believes bankruptcy will last less than seven months?,1,magazine_TheEconomist.2023.11.18_page_071_p71_c2,magazine_TheEconomist.2023.11.18_page_071_p71_c2,1,True,1.0
Which company's new boss believes bankruptcy will last less than seven months?,3,magazine_TheEconomist.2023.11.18_page_071_p71_c2,"magazine_TheEconomist.2023.11.18_page_071_p71_c2,magazine_TheEconomist.2023.11.25_page_069_p69_c0,newspaper_The Wall Street Journal - 2025-01-08@magazinesclubnew_page_018_p18_c0",1,True,1.0
Which company's new boss believes bankruptcy will last less than seven months?,5,magazine_TheEconomist.2023.11.18_page_071_p71_c2,"magazine_TheEconomist.2023.11.18_page_071_p71_c2,magazine_TheEconomist.2023.11.25_page_069_p69_c0,newspaper_The Wall Street Journal - 2025-01-08@magazinesclubnew_page_018_p18_c0,newspaper_The Wall Street Journal - 2025-01-08@magazinesclubnew_page_018_p18_c9,jiaocaineedrop_Chapter9.pdf_46_p46_c0",1,True,1.0
Why do firms still focus on individuals despite teamwork being important?,1,magazine_TheEconomist.2023.11.18_page_071_p71_c3,magazine_TheEconomist.2023.11.18_page_071_p71_c3,1,True,1.0
Why do firms still focus on individuals despite teamwork being important?,3,magazine_TheEconomist.2023.11.18_page_071_p71_c3,"magazine_TheEconomist.2023.11.18_page_071_p71_c3,magazine_TheEconomist.2023.11.18_page_071_p71_c5,magazine_TheEconomist.2023.11.18_page_071_p71_c6",1,True,1.0
Why do firms still focus on individuals despite teamwork being important?,5,magazine_TheEconomist.2023.11.18_page_071_p71_c3,"magazine_TheEconomist.2023.11.18_page_071_p71_c3,magazine_TheEconomist.2023.11.18_page_071_p71_c5,magazine_TheEconomist.2023.11.18_page_071_p71_c6,PPT_BaharMartonosi_page_006_p6_c0,newspaper_e62730aaeb9b509119e0c3699ac18201_1_p1_c12",1,True,1.0
What did Project Aristotle identify as the most important ingredient for team success?,1,magazine_TheEconomist.2023.11.18_page_071_p71_c4,magazine_TheEconomist.2023.11.18_page_071_p71_c4,1,True,1.0
What did Project Aristotle identify as the most important ingredient for team success?,3,magazine_TheEconomist.2023.11.18_page_071_p71_c4,"magazine_TheEconomist.2023.11.18_page_071_p71_c4,magazine_TheEconomist.2023.11.18_page_071_p71_c5,magazine_TheEconomist.2023.11.18_page_071_p71_c7",1,True,1.0
What did Project Aristotle identify as the most important ingredient for team success?,5,magazine_TheEconomist.2023.11.18_page_071_p71_c4,"magazine_TheEconomist.2023.11.18_page_071_p71_c4,magazine_TheEconomist.2023.11.18_page_071_p71_c5,magazine_TheEconomist.2023.11.18_page_071_p71_c7,jiaocaineedrop_jiaocai_needrop_en_453_p453_c4,magazine_TheEconomist.2023.11.18_page_071_p71_c3",1,True,1.0
What percentage of managers could not recall what their team members did?,1,magazine_TheEconomist.2023.11.18_page_071_p71_c5,magazine_TheEconomist.2023.11.18_page_071_p71_c5,1,True,1.0
What percentage of managers could not recall what their team members did?,3,magazine_TheEconomist.2023.11.18_page_071_p71_c5,"magazine_TheEconomist.2023.11.18_page_071_p71_c5,magazine_TheEconomist.2023.11.18_page_071_p71_c6,yanbaor2_ey-financial-sustainability-whitepaper.pdf_17_p17_c2",1,True,1.0
What percentage of managers could not recall what their team members did?,5,magazine_TheEconomist.2023.11.18_page_071_p71_c5,"magazine_TheEconomist.2023.11.18_page_071_p71_c5,magazine_TheEconomist.2023.11.18_page_071_p71_c6,yanbaor2_ey-financial-sustainability-whitepaper.pdf_17_p17_c2,magazine_TheEconomist.2023.11.18_page_071_p71_c7,docstructbench_llm-raw-scihub-o.O-hup.908.pdf_5_p5_c1",1,True,1.0
What is a challenge in quantifying team contributions?,1,magazine_TheEconomist.2023.11.18_page_071_p71_c6,magazine_TheEconomist.2023.11.18_page_071_p71_c6,1,True,1.0
What is a challenge in quantifying team contributions?,3,magazine_TheEconomist.2023.11.18_page_071_p71_c6,"magazine_TheEconomist.2023.11.18_page_071_p71_c6,magazine_TheEconomist.2023.11.18_page_071_p71_c3,PPT_BaharMartonosi_page_006_p6_c0",1,True,1.0
What is a challenge in quantifying team contributions?,5,magazine_TheEconomist.2023.11.18_page_071_p71_c6,"magazine_TheEconomist.2023.11.18_page_071_p71_c6,magazine_TheEconomist.2023.11.18_page_071_p71_c3,PPT_BaharMartonosi_page_006_p6_c0,magazine_TheEconomist.2023.11.18_page_071_p71_c5,jiaocaineedrop_jiaocai_needrop_en_961_p961_c0",1,True,1.0
What did the study find about the impact of group-based incentives on performance?,1,magazine_TheEconomist.2023.11.18_page_071_p71_c7,magazine_TheEconomist.2023.11.18_page_071_p71_c7,1,True,1.0
What did the study find about the impact of group-based incentives on performance?,3,magazine_TheEconomist.2023.11.18_page_071_p71_c7,"magazine_TheEconomist.2023.11.18_page_071_p71_c7,magazine_TheEconomist.2023.11.18_page_071_p71_c5,magazine_TheEconomist.2023.11.18_page_071_p71_c6",1,True,1.0
What did the study find about the impact of group-based incentives on performance?,5,magazine_TheEconomist.2023.11.18_page_071_p71_c7,"magazine_TheEconomist.2023.11.18_page_071_p71_c7,magazine_TheEconomist.2023.11.18_page_071_p71_c5,magazine_TheEconomist.2023.11.18_page_071_p71_c6,scihub_s00586-010-1656-7.pdf_3_p3_c3,scihub_s00586-010-1656-7.pdf_3_p3_c2",1,True,1.0
What is the simplified equation derived from substituting $\alpha = 1/(2x + 1)$ into the second equation?,1,exam_paper_en-file-putnam-archive_2007_Solutions_2007s_page_001_p1_c0,exam_paper_en-file-putnam-archive_2007_Solutions_2007s_page_001_p1_c1,0,False,0.0
What is the simplified equation derived from substituting $\alpha = 1/(2x + 1)$ into the second equation?,3,exam_paper_en-file-putnam-archive_2007_Solutions_2007s_page_001_p1_c0,"exam_paper_en-file-putnam-archive_2007_Solutions_2007s_page_001_p1_c1,exam_paper_en-file-putnam-archive_2007_Solutions_2007s_page_001_p1_c0,book_en_A.Concise.Introduction.to.Linear.Algebra,.Geza.Schay,.Birkhauser,.2012_page_065_p65_c0",2,True,1.0
What is the simplified equation derived from substituting $\alpha = 1/(2x + 1)$ into the second equation?,5,exam_paper_en-file-putnam-archive_2007_Solutions_2007s_page_001_p1_c0,"exam_paper_en-file-putnam-archive_2007_Solutions_2007s_page_001_p1_c1,exam_paper_en-file-putnam-archive_2007_Solutions_2007s_page_001_p1_c0,book_en_A.Concise.Introduction.to.Linear.Algebra,.Geza.Schay,.Birkhauser,.2012_page_065_p65_c0,exam_paper_en-file-putnam-archive_1999_Solutions_1999s_page_003_p3_c4,exam_paper_en-file-putnam-archive_2007_Solutions_2007s_page_001_p1_c2",2,True,1.0
What is the value of x derived from the equations?,1,exam_paper_en-file-putnam-archive_2007_Solutions_2007s_page_001_p1_c1,exam_paper_en-file-putnam-archive_2007_Solutions_2007s_page_001_p1_c1,1,True,1.0
What is the value of x derived from the equations?,3,exam_paper_en-file-putnam-archive_2007_Solutions_2007s_page_001_p1_c1,"exam_paper_en-file-putnam-archive_2007_Solutions_2007s_page_001_p1_c1,exam_paper_en-file-putnam-archive_1995_Solutions_1995s_page_002_p2_c3,exam_paper_en-file-putnam-archive_2000_Solutions_2000s_page_001_p1_c0",1,True,1.0
What is the value of x derived from the equations?,5,exam_paper_en-file-putnam-archive_2007_Solutions_2007s_page_001_p1_c1,"exam_paper_en-file-putnam-archive_2007_Solutions_2007s_page_001_p1_c1,exam_paper_en-file-putnam-archive_1995_Solutions_1995s_page_002_p2_c3,exam_paper_en-file-putnam-archive_2000_Solutions_2000s_page_001_p1_c0,yanbaopptmerge_e60b3b61281e87ddf42f9321a9e6ef9d.pdf_159_p159_c1,jiaocaineedrop_96657786.pdf_0_p0_c1",1,True,1.0
What is the equation obtained by subtracting the two equations to determine the y-coordinates of the intersection points?,1,exam_paper_en-file-putnam-archive_2007_Solutions_2007s_page_001_p1_c2,exam_paper_en-file-putnam-archive_2007_Solutions_2007s_page_001_p1_c2,1,True,1.0
What is the equation obtained by subtracting the two equations to determine the y-coordinates of the intersection points?,3,exam_paper_en-file-putnam-archive_2007_Solutions_2007s_page_001_p1_c2,"exam_paper_en-file-putnam-archive_2007_Solutions_2007s_page_001_p1_c2,exam_paper_en-file-putnam-archive_2007_Solutions_2007s_page_001_p1_c3,jiaocaineedrop_jiaocai_needrop_en_1473_p1473_c3",1,True,1.0
What is the equation obtained by subtracting the two equations to determine the y-coordinates of the intersection points?,5,exam_paper_en-file-putnam-archive_2007_Solutions_2007s_page_001_p1_c2,"exam_paper_en-file-putnam-archive_2007_Solutions_2007s_page_001_p1_c2,exam_paper_en-file-putnam-archive_2007_Solutions_2007s_page_001_p1_c3,jiaocaineedrop_jiaocai_needrop_en_1473_p1473_c3,jiaocaineedrop_biz-96816.pdf_48_p48_c1,jiaocaineedrop_jiaocai_needrop_en_1564_p1564_c2",1,True,1.0
What is the parameter value that leads to two rational and two nonrational roots?,1,exam_paper_en-file-putnam-archive_2007_Solutions_2007s_page_001_p1_c4,exam_paper_en-file-putnam-archive_2007_Solutions_2007s_page_001_p1_c4,1,True,1.0
What is the parameter value that leads to two rational and two nonrational roots?,3,exam_paper_en-file-putnam-archive_2007_Solutions_2007s_page_001_p1_c4,"exam_paper_en-file-putnam-archive_2007_Solutions_2007s_page_001_p1_c4,exam_paper_en-file-putnam-archive_1995_Solutions_1995s_page_002_p2_c3,exam_paper_en-file-putnam-archive_1999_Solutions_1999s_page_003_p3_c1",1,True,1.0
What is the parameter value that leads to two rational and two nonrational roots?,5,exam_paper_en-file-putnam-archive_2007_Solutions_2007s_page_001_p1_c4,"exam_paper_en-file-putnam-archive_2007_Solutions_2007s_page_001_p1_c4,exam_paper_en-file-putnam-archive_1995_Solutions_1995s_page_002_p2_c3,exam_paper_en-file-putnam-archive_1999_Solutions_1999s_page_003_p3_c1,book_en_[搬书匠#893][Pyomo—Optimization Modeling in Python].2012.英文版_page_188_p188_c1,exam_paper_en-file-putnam-archive_1995_Solutions_1995s_page_002_p2_c2",1,True,1.0
"What is the minimum value achieved by the square with vertices (±1,±1)?",1,exam_paper_en-file-putnam-archive_2007_Solutions_2007s_page_001_p1_c5,exam_paper_en-file-putnam-archive_2007_Solutions_2007s_page_001_p1_c5,1,True,1.0
"What is the minimum value achieved by the square with vertices (±1,±1)?",3,exam_paper_en-file-putnam-archive_2007_Solutions_2007s_page_001_p1_c5,"exam_paper_en-file-putnam-archive_2007_Solutions_2007s_page_001_p1_c5,exam_paper_en-file-putnam-archive_1998_Solutions_1998s_page_002_p2_c0,exam_paper_en-file-putnam-archive_1999_Solutions_1999s_page_002_p2_c3",1,True,1.0
"What is the minimum value achieved by the square with vertices (±1,±1)?",5,exam_paper_en-file-putnam-archive_2007_Solutions_2007s_page_001_p1_c5,"exam_paper_en-file-putnam-archive_2007_Solutions_2007s_page_001_p1_c5,exam_paper_en-file-putnam-archive_1998_Solutions_1998s_page_002_p2_c0,exam_paper_en-file-putnam-archive_1999_Solutions_1999s_page_002_p2_c3,book_en_国外数学教材-数论-Melvyn B. Nathanson—Elementary Methods in Number Theory_0017_p17_c1,exam_paper_en-file-putnam-archive_2016_Solutions_2016s_page_002_p2_c0",1,True,1.0
What does MySQL store for each value in an ENUM column?,1,book_en_[搬书匠#375][High Performance MySQL 3rd Edition].2012.英文版_page_153_p153_c0,book_en_[搬书匠#375][High Performance MySQL 3rd Edition].2012.英文版_page_153_p153_c0,1,True,1.0
What does MySQL store for each value in an ENUM column?,3,book_en_[搬书匠#375][High Performance MySQL 3rd Edition].2012.英文版_page_153_p153_c0,"book_en_[搬书匠#375][High Performance MySQL 3rd Edition].2012.英文版_page_153_p153_c0,book_en_[搬书匠#375][High Performance MySQL 3rd Edition].2012.英文版_page_153_p153_c2,jiaocaineedrop_jiaocai_needrop_en_961_p961_c0",1,True,1.0
What does MySQL store for each value in an ENUM column?,5,book_en_[搬书匠#375][High Performance MySQL 3rd Edition].2012.英文版_page_153_p153_c0,"book_en_[搬书匠#375][High Performance MySQL 3rd Edition].2012.英文版_page_153_p153_c0,book_en_[搬书匠#375][High Performance MySQL 3rd Edition].2012.英文版_page_153_p153_c2,jiaocaineedrop_jiaocai_needrop_en_961_p961_c0,book_en_[搬书匠#375][High Performance MySQL 3rd Edition].2012.英文版_page_153_p153_c1,yanbaopptmerge_e60b3b61281e87ddf42f9321a9e6ef9d.pdf_159_p159_c1",1,True,1.0
What is the example given for specifying numbers for ENUM constants?,1,book_en_[搬书匠#375][High Performance MySQL 3rd Edition].2012.英文版_page_153_p153_c1,book_en_[搬书匠#375][High Performance MySQL 3rd Edition].2012.英文版_page_153_p153_c1,1,True,1.0
What is the example given for specifying numbers for ENUM constants?,3,book_en_[搬书匠#375][High Performance MySQL 3rd Edition].2012.英文版_page_153_p153_c1,"book_en_[搬书匠#375][High Performance MySQL 3rd Edition].2012.英文版_page_153_p153_c1,book_en_[搬书匠#375][High Performance MySQL 3rd Edition].2012.英文版_page_153_p153_c0,yanbaopptmerge_e60b3b61281e87ddf42f9321a9e6ef9d.pdf_159_p159_c1",1,True,1.0
What is the example given for specifying numbers for ENUM constants?,5,book_en_[搬书匠#375][High Performance MySQL 3rd Edition].2012.英文版_page_153_p153_c1,"book_en_[搬书匠#375][High Performance MySQL 3rd Edition].2012.英文版_page_153_p153_c1,book_en_[搬书匠#375][High Performance MySQL 3rd Edition].2012.英文版_page_153_p153_c0,yanbaopptmerge_e60b3b61281e87ddf42f9321a9e6ef9d.pdf_159_p159_c1,yanbaor2_930d8c81854d7450cd35af7b050fed88e4e461b4f0ac0dab07e3232a4e703a06.pdf_14_p14_c2,book_en_[搬书匠#375][High Performance MySQL 3rd Edition].2012.英文版_page_153_p153_c2",1,True,1.0
What is the value of the number in the document fragment?,1,book_en_[搬书匠#375][High Performance MySQL 3rd Edition].2012.英文版_page_153_p153_c2,jiaocaineedrop_Chapter9.pdf_46_p46_c0,0,False,0.0
What is the value of the number in the document fragment?,3,book_en_[搬书匠#375][High Performance MySQL 3rd Edition].2012.英文版_page_153_p153_c2,"jiaocaineedrop_Chapter9.pdf_46_p46_c0,jiaocaineedrop_jiaocai_needrop_en_961_p961_c0,exam_paper_2004-2019上海高考英语听力原文和答案_page_017_p17_c3",0,False,0.0
What is the value of the number in the document fragment?,5,book_en_[搬书匠#375][High Performance MySQL 3rd Edition].2012.英文版_page_153_p153_c2,"jiaocaineedrop_Chapter9.pdf_46_p46_c0,jiaocaineedrop_jiaocai_needrop_en_961_p961_c0,exam_paper_2004-2019上海高考英语听力原文和答案_page_017_p17_c3,yanbaopptmerge_e60b3b61281e87ddf42f9321a9e6ef9d.pdf_159_p159_c1,eastmoney_e42b6e1cd2d48113ff4db8854e539d828d632bf9b1757e10cb8ddb2cfc7b1393.pdf_12_p12_c3",0,False,0.0
What is the upper bound expression for f(n) given in the document?,1,exam_paper_en-file-putnam-archive_2007_Solutions_2007s_page_005_p5_c0,exam_paper_en-file-putnam-archive_2007_Solutions_2007s_page_005_p5_c0,1,True,1.0
What is the upper bound expression for f(n) given in the document?,3,exam_paper_en-file-putnam-archive_2007_Solutions_2007s_page_005_p5_c0,"exam_paper_en-file-putnam-archive_2007_Solutions_2007s_page_005_p5_c0,exam_paper_en-file-putnam-archive_1996_Solutions_1996s_page_002_p2_c4,exam_paper_en-file-putnam-archive_2006_Solutions_2006s_page_006_p6_c3",1,True,1.0
What is the upper bound expression for f(n) given in the document?,5,exam_paper_en-file-putnam-archive_2007_Solutions_2007s_page_005_p5_c0,"exam_paper_en-file-putnam-archive_2007_Solutions_2007s_page_005_p5_c0,exam_paper_en-file-putnam-archive_1996_Solutions_1996s_page_002_p2_c4,exam_paper_en-file-putnam-archive_2006_Solutions_2006s_page_006_p6_c3,exam_paper_en-file-putnam-archive_1996_Solutions_1996s_page_002_p2_c5,exam_paper_en-file-putnam-archive_1999_Solutions_1999s_page_003_p3_c3",1,True,1.0
胶缝厚度不应小于多少毫米？,1,book_zh_JGJ1022003_extracted_page_27_p27_c0,book_zh_JGJ1022003_extracted_page_27_p27_c0,1,True,1.0
胶缝厚度不应小于多少毫米？,3,book_zh_JGJ1022003_extracted_page_27_p27_c0,"book_zh_JGJ1022003_extracted_page_27_p27_c0,jiaocaineedrop_jiaocai_needrop_en_1473_p1473_c1,jiaocaineedrop_jiaocai_needrop_en_2893_p2893_c1",1,True,1.0
胶缝厚度不应小于多少毫米？,5,book_zh_JGJ1022003_extracted_page_27_p27_c0,"book_zh_JGJ1022003_extracted_page_27_p27_c0,jiaocaineedrop_jiaocai_needrop_en_1473_p1473_c1,jiaocaineedrop_jiaocai_needrop_en_2893_p2893_c1,book_zh_CNASGL0092018_extracted_page_73_p73_c0,jiaocaineedrop_jiaocai_needrop_en_3937_p3937_c0",1,True,1.0
What is the rule for multiplying matrices A and B?,1,book_en_国外数学教材-非数学专业教材-线性代数-Gilbert Strang—Linear Algebra and Its Applications 4e_0035_p35_c0,book_en_国外数学教材-非数学专业教材-线性代数-Gilbert Strang—Linear Algebra and Its Applications 4e_0035_p35_c0,1,True,1.0
What is the rule for multiplying matrices A and B?,3,book_en_国外数学教材-非数学专业教材-线性代数-Gilbert Strang—Linear Algebra and Its Applications 4e_0035_p35_c0,"book_en_国外数学教材-非数学专业教材-线性代数-Gilbert Strang—Linear Algebra and Its Applications 4e_0035_p35_c0,book_en_国外数学教材-非数学专业教材-线性代数-Gilbert Strang—Linear Algebra and Its Applications 4e_0035_p35_c3,jiaocaineedrop_jiaocai_needrop_en_961_p961_c0",1,True,1.0
What is the rule for multiplying matrices A and B?,5,book_en_国外数学教材-非数学专业教材-线性代数-Gilbert Strang—Linear Algebra and Its Applications 4e_0035_p35_c0,"book_en_国外数学教材-非数学专业教材-线性代数-Gilbert Strang—Linear Algebra and Its Applications 4e_0035_p35_c0,book_en_国外数学教材-非数学专业教材-线性代数-Gilbert Strang—Linear Algebra and Its Applications 4e_0035_p35_c3,jiaocaineedrop_jiaocai_needrop_en_961_p961_c0,book_en_国外数学教材-非数学专业教材-线性代数-Gilbert Strang—Linear Algebra and Its Applications 4e_0035_p35_c1,jiaocaineedrop_jiaocai_needrop_en_453_p453_c4",1,True,1.0
"What is the formula for the 3, 2 entry of AB?",1,book_en_国外数学教材-非数学专业教材-线性代数-Gilbert Strang—Linear Algebra and Its Applications 4e_0035_p35_c1,book_en_国外数学教材-非数学专业教材-线性代数-Gilbert Strang—Linear Algebra and Its Applications 4e_0035_p35_c1,1,True,1.0
"What is the formula for the 3, 2 entry of AB?",3,book_en_国外数学教材-非数学专业教材-线性代数-Gilbert Strang—Linear Algebra and Its Applications 4e_0035_p35_c1,"book_en_国外数学教材-非数学专业教材-线性代数-Gilbert Strang—Linear Algebra and Its Applications 4e_0035_p35_c1,book_en_国外数学教材-非数学专业教材-线性代数-Gilbert Strang—Linear Algebra and Its Applications 4e_0035_p35_c0,exam_paper_en-file-putnam-archive_2006_Solutions_2006s_page_006_p6_c3",1,True,1.0
"What is the formula for the 3, 2 entry of AB?",5,book_en_国外数学教材-非数学专业教材-线性代数-Gilbert Strang—Linear Algebra and Its Applications 4e_0035_p35_c1,"book_en_国外数学教材-非数学专业教材-线性代数-Gilbert Strang—Linear Algebra and Its Applications 4e_0035_p35_c1,book_en_国外数学教材-非数学专业教材-线性代数-Gilbert Strang—Linear Algebra and Its Applications 4e_0035_p35_c0,exam_paper_en-file-putnam-archive_2006_Solutions_2006s_page_006_p6_c3,book_en_国外数学教材-非数学专业教材-线性代数-Gilbert Strang—Linear Algebra and Its Applications 4e_0035_p35_c3,jiaocaineedrop_96657786.pdf_0_p0_c2",1,True,1.0
What notation is used when matrices have nothing special to do with elimination?,1,book_en_国外数学教材-非数学专业教材-线性代数-Gilbert Strang—Linear Algebra and Its Applications 4e_0035_p35_c2,book_en_国外数学教材-非数学专业教材-线性代数-Gilbert Strang—Linear Algebra and Its Applications 4e_0035_p35_c2,1,True,1.0
What notation is used when matrices have nothing special to do with elimination?,3,book_en_国外数学教材-非数学专业教材-线性代数-Gilbert Strang—Linear Algebra and Its Applications 4e_0035_p35_c2,"book_en_国外数学教材-非数学专业教材-线性代数-Gilbert Strang—Linear Algebra and Its Applications 4e_0035_p35_c2,book_en_国外数学教材-非数学专业教材-线性代数-Gilbert Strang—Linear Algebra and Its Applications 4e_0085_p85_c0,jiaocaineedrop_jiaocai_needrop_en_453_p453_c4",1,True,1.0
What notation is used when matrices have nothing special to do with elimination?,5,book_en_国外数学教材-非数学专业教材-线性代数-Gilbert Strang—Linear Algebra and Its Applications 4e_0035_p35_c2,"book_en_国外数学教材-非数学专业教材-线性代数-Gilbert Strang—Linear Algebra and Its Applications 4e_0035_p35_c2,book_en_国外数学教材-非数学专业教材-线性代数-Gilbert Strang—Linear Algebra and Its Applications 4e_0085_p85_c0,jiaocaineedrop_jiaocai_needrop_en_453_p453_c4,book_en_国外数学教材-非数学专业教材-线性代数-Gilbert Strang—Linear Algebra and Its Applications 4e_0035_p35_c0,yanbaopptmerge_e60b3b61281e87ddf42f9321a9e6ef9d.pdf_159_p159_c1",1,True,1.0
What is the result of multiplying the first row of A with the first column of B?,1,book_en_国外数学教材-非数学专业教材-线性代数-Gilbert Strang—Linear Algebra and Its Applications 4e_0035_p35_c3,book_en_国外数学教材-非数学专业教材-线性代数-Gilbert Strang—Linear Algebra and Its Applications 4e_0035_p35_c0,0,False,0.0
What is the result of multiplying the first row of A with the first column of B?,3,book_en_国外数学教材-非数学专业教材-线性代数-Gilbert Strang—Linear Algebra and Its Applications 4e_0035_p35_c3,"book_en_国外数学教材-非数学专业教材-线性代数-Gilbert Strang—Linear Algebra and Its Applications 4e_0035_p35_c0,book_en_国外数学教材-非数学专业教材-线性代数-Gilbert Strang—Linear Algebra and Its Applications 4e_0035_p35_c3,exam_paper_en-file-putnam-archive_1995_Solutions_1995s_page_002_p2_c1",2,True,1.0
What is the result of multiplying the first row of A with the first column of B?,5,book_en_国外数学教材-非数学专业教材-线性代数-Gilbert Strang—Linear Algebra and Its Applications 4e_0035_p35_c3,"book_en_国外数学教材-非数学专业教材-线性代数-Gilbert Strang—Linear Algebra and Its Applications 4e_0035_p35_c0,book_en_国外数学教材-非数学专业教材-线性代数-Gilbert Strang—Linear Algebra and Its Applications 4e_0035_p35_c3,exam_paper_en-file-putnam-archive_1995_Solutions_1995s_page_002_p2_c1,exam_paper_en-file-putnam-archive_2002_Solutions_2002s_page_001_p1_c3,book_en_国外数学教材-非数学专业教材-线性代数-Gilbert Strang—Linear Algebra and Its Applications 4e_0035_p35_c1",2,True,1.0
本报告是否构成对客户的投资建议？,1,yanbaopptmerge_0c79d327060dbf9f1582d03c235dadb039533a19091d2c0d24f2ad95d267f79b.pdf_2_p2_c1,yanbaopptmerge_0c79d327060dbf9f1582d03c235dadb039533a19091d2c0d24f2ad95d267f79b.pdf_2_p2_c1,1,True,1.0
本报告是否构成对客户的投资建议？,3,yanbaopptmerge_0c79d327060dbf9f1582d03c235dadb039533a19091d2c0d24f2ad95d267f79b.pdf_2_p2_c1,"yanbaopptmerge_0c79d327060dbf9f1582d03c235dadb039533a19091d2c0d24f2ad95d267f79b.pdf_2_p2_c1,yanbaopptmerge_5473246b8da789b9bfdeef53a70c4d72afd480415d5cbcedb83d105856710328.pdf_8_p8_c0,eastmoney_dcf347592d4160dffacffdf00a9c39aa75cf9859205a7543c283d1df8bb14f90.pdf_1_p1_c1",1,True,1.0
本报告是否构成对客户的投资建议？,5,yanbaopptmerge_0c79d327060dbf9f1582d03c235dadb039533a19091d2c0d24f2ad95d267f79b.pdf_2_p2_c1,"yanbaopptmerge_0c79d327060dbf9f1582d03c235dadb039533a19091d2c0d24f2ad95d267f79b.pdf_2_p2_c1,yanbaopptmerge_5473246b8da789b9bfdeef53a70c4d72afd480415d5cbcedb83d105856710328.pdf_8_p8_c0,eastmoney_dcf347592d4160dffacffdf00a9c39aa75cf9859205a7543c283d1df8bb14f90.pdf_1_p1_c1,eastmoney_dcf347592d4160dffacffdf00a9c39aa75cf9859205a7543c283d1df8bb14f90.pdf_1_p1_c0,eastmoney_dd8f39ced2188b907304224a635ad605689270486020c34636003e57018c01d8.pdf_2_p2_c0",1,True,1.0
民生证券研究院的深圳地址是什么？,1,yanbaopptmerge_0c79d327060dbf9f1582d03c235dadb039533a19091d2c0d24f2ad95d267f79b.pdf_2_p2_c2,yanbaopptmerge_0c79d327060dbf9f1582d03c235dadb039533a19091d2c0d24f2ad95d267f79b.pdf_2_p2_c2,1,True,1.0
民生证券研究院的深圳地址是什么？,3,yanbaopptmerge_0c79d327060dbf9f1582d03c235dadb039533a19091d2c0d24f2ad95d267f79b.pdf_2_p2_c2,"yanbaopptmerge_0c79d327060dbf9f1582d03c235dadb039533a19091d2c0d24f2ad95d267f79b.pdf_2_p2_c2,eastmoney_8b3e01e3cd92a034f45945887a5170602774a8480effda5bd791451578a93b7d.pdf_5_p5_c0,newspaper_2c69e142b52dbb30cac2cb11d3eb25e5_1_p1_c1",1,True,1.0
民生证券研究院的深圳地址是什么？,5,yanbaopptmerge_0c79d327060dbf9f1582d03c235dadb039533a19091d2c0d24f2ad95d267f79b.pdf_2_p2_c2,"yanbaopptmerge_0c79d327060dbf9f1582d03c235dadb039533a19091d2c0d24f2ad95d267f79b.pdf_2_p2_c2,eastmoney_8b3e01e3cd92a034f45945887a5170602774a8480effda5bd791451578a93b7d.pdf_5_p5_c0,newspaper_2c69e142b52dbb30cac2cb11d3eb25e5_1_p1_c1,yanbaopptmerge_0c79d327060dbf9f1582d03c235dadb039533a19091d2c0d24f2ad95d267f79b.pdf_2_p2_c0,yanbaor2_yanbaoPPT_467_p467_c1",1,True,1.0
学校如何制定和落实岗位安全责任书？,1,docstructbench_dianzishu_zhongwenzaixian-o.O-61571259.pdf_239_p239_c0,docstructbench_dianzishu_zhongwenzaixian-o.O-61571259.pdf_239_p239_c0,1,True,1.0
学校如何制定和落实岗位安全责任书？,3,docstructbench_dianzishu_zhongwenzaixian-o.O-61571259.pdf_239_p239_c0,"docstructbench_dianzishu_zhongwenzaixian-o.O-61571259.pdf_239_p239_c0,exam_paper_2004-2019上海高考英语听力原文和答案_page_017_p17_c2,newspaper_35bdaa11dec104ccbdc9e19ac8527d21_1_p1_c6",1,True,1.0
学校如何制定和落实岗位安全责任书？,5,docstructbench_dianzishu_zhongwenzaixian-o.O-61571259.pdf_239_p239_c0,"docstructbench_dianzishu_zhongwenzaixian-o.O-61571259.pdf_239_p239_c0,exam_paper_2004-2019上海高考英语听力原文和答案_page_017_p17_c2,newspaper_35bdaa11dec104ccbdc9e19ac8527d21_1_p1_c6,jiaocaineedrop_jiaocai_needrop_en_237_p237_c0,yanbaor2_7f386f737cb55cffa10c8321a94bd38d7169cd69b3b253b9e2e502c12a68feea.pdf_15_p15_c0",1,True,1.0
临沧在‘十三五’时期的主要目标是什么？,1,docstructbench_dianzishu_zhongwenzaixian-o.O-63678132.pdf_161_p161_c0,docstructbench_dianzishu_zhongwenzaixian-o.O-63678132.pdf_161_p161_c0,1,True,1.0
临沧在‘十三五’时期的主要目标是什么？,3,docstructbench_dianzishu_zhongwenzaixian-o.O-63678132.pdf_161_p161_c0,"docstructbench_dianzishu_zhongwenzaixian-o.O-63678132.pdf_161_p161_c0,newspaper_eb569707cf5621d4c71d5898216cdb17_1_p1_c12,docstructbench_dianzishu_zhongwenzaixian-o.O-63678132.pdf_161_p161_c1",1,True,1.0
临沧在‘十三五’时期的主要目标是什么？,5,docstructbench_dianzishu_zhongwenzaixian-o.O-63678132.pdf_161_p161_c0,"docstructbench_dianzishu_zhongwenzaixian-o.O-63678132.pdf_161_p161_c0,newspaper_eb569707cf5621d4c71d5898216cdb17_1_p1_c12,docstructbench_dianzishu_zhongwenzaixian-o.O-63678132.pdf_161_p161_c1,newspaper_2c69e142b52dbb30cac2cb11d3eb25e5_1_p1_c3,newspaper_0b1bb8d03b4287eb95f67b68c2cf9f92_1_p1_c1",1,True,1.0
临沧人民与党的关系如何？,1,docstructbench_dianzishu_zhongwenzaixian-o.O-63678132.pdf_161_p161_c1,docstructbench_dianzishu_zhongwenzaixian-o.O-63678132.pdf_161_p161_c1,1,True,1.0
临沧人民与党的关系如何？,3,docstructbench_dianzishu_zhongwenzaixian-o.O-63678132.pdf_161_p161_c1,"docstructbench_dianzishu_zhongwenzaixian-o.O-63678132.pdf_161_p161_c1,docstructbench_dianzishu_zhongwenzaixian-o.O-63678132.pdf_161_p161_c0,magazine_TheEconomist.2024.03.02_page_032_p32_c2",1,True,1.0
临沧人民与党的关系如何？,5,docstructbench_dianzishu_zhongwenzaixian-o.O-63678132.pdf_161_p161_c1,"docstructbench_dianzishu_zhongwenzaixian-o.O-63678132.pdf_161_p161_c1,docstructbench_dianzishu_zhongwenzaixian-o.O-63678132.pdf_161_p161_c0,magazine_TheEconomist.2024.03.02_page_032_p32_c2,jiaocaineedrop_jiaocai_needrop_en_377_p377_c0,magazine_TheEconomist.2023.11.18_page_030_p30_c1",1,True,1.0
数字化解决方案如何帮助客户改善开发流程？,1,yanbaor2_yanbaoPPT_6065_p6065_c0,yanbaor2_yanbaoPPT_6065_p6065_c0,1,True,1.0
数字化解决方案如何帮助客户改善开发流程？,3,yanbaor2_yanbaoPPT_6065_p6065_c0,"yanbaor2_yanbaoPPT_6065_p6065_c0,yanbaor2_7f386f737cb55cffa10c8321a94bd38d7169cd69b3b253b9e2e502c12a68feea.pdf_15_p15_c0,newspaper_2c69e142b52dbb30cac2cb11d3eb25e5_1_p1_c3",1,True,1.0
数字化解决方案如何帮助客户改善开发流程？,5,yanbaor2_yanbaoPPT_6065_p6065_c0,"yanbaor2_yanbaoPPT_6065_p6065_c0,yanbaor2_7f386f737cb55cffa10c8321a94bd38d7169cd69b3b253b9e2e502c12a68feea.pdf_15_p15_c0,newspaper_2c69e142b52dbb30cac2cb11d3eb25e5_1_p1_c3,yanbaor2_a6a80b48db3438977793c75185e980ee4aff22f79083427cb03ea4134f7b241f.pdf_67_p67_c2,book_en_[搬书匠#893][Pyomo—Optimization Modeling in Python].2012.英文版_page_188_p188_c0",1,True,1.0
新疆南部和黄河流域主要种植什么作物？,1,notes_1ba14cb325bc448f7201b20502ecf2b5_74_p74_c0,notes_1ba14cb325bc448f7201b20502ecf2b5_74_p74_c0,1,True,1.0
新疆南部和黄河流域主要种植什么作物？,3,notes_1ba14cb325bc448f7201b20502ecf2b5_74_p74_c0,"notes_1ba14cb325bc448f7201b20502ecf2b5_74_p74_c0,newspaper_eb569707cf5621d4c71d5898216cdb17_1_p1_c8,newspaper_0b1bb8d03b4287eb95f67b68c2cf9f92_1_p1_c1",1,True,1.0
新疆南部和黄河流域主要种植什么作物？,5,notes_1ba14cb325bc448f7201b20502ecf2b5_74_p74_c0,"notes_1ba14cb325bc448f7201b20502ecf2b5_74_p74_c0,newspaper_eb569707cf5621d4c71d5898216cdb17_1_p1_c8,newspaper_0b1bb8d03b4287eb95f67b68c2cf9f92_1_p1_c1,newspaper_fe2c8b45b2a086cd75984640bb3080e1_1_p1_c4,notes_1ba14cb325bc448f7201b20502ecf2b5_33_p33_c0",1,True,1.0
哪家公司股东质押了6.58亿股公司股份？,1,yanbaopptmerge_baa6d02928efcac46ccf7dfd3859de565cfb0bea918ae0ec0eed50944a7c20b4.pdf_11_p11_c0,yanbaopptmerge_baa6d02928efcac46ccf7dfd3859de565cfb0bea918ae0ec0eed50944a7c20b4.pdf_11_p11_c1,0,False,0.0
哪家公司股东质押了6.58亿股公司股份？,3,yanbaopptmerge_baa6d02928efcac46ccf7dfd3859de565cfb0bea918ae0ec0eed50944a7c20b4.pdf_11_p11_c0,"yanbaopptmerge_baa6d02928efcac46ccf7dfd3859de565cfb0bea918ae0ec0eed50944a7c20b4.pdf_11_p11_c1,yanbaopptmerge_baa6d02928efcac46ccf7dfd3859de565cfb0bea918ae0ec0eed50944a7c20b4.pdf_11_p11_c0,eastmoney_dd8f39ced2188b907304224a635ad605689270486020c34636003e57018c01d8.pdf_2_p2_c1",2,True,1.0
哪家公司股东质押了6.58亿股公司股份？,5,yanbaopptmerge_baa6d02928efcac46ccf7dfd3859de565cfb0bea918ae0ec0eed50944a7c20b4.pdf_11_p11_c0,"yanbaopptmerge_baa6d02928efcac46ccf7dfd3859de565cfb0bea918ae0ec0eed50944a7c20b4.pdf_11_p11_c1,yanbaopptmerge_baa6d02928efcac46ccf7dfd3859de565cfb0bea918ae0ec0eed50944a7c20b4.pdf_11_p11_c0,eastmoney_dd8f39ced2188b907304224a635ad605689270486020c34636003e57018c01d8.pdf_2_p2_c1,yanbaopptmerge_baa6d02928efcac46ccf7dfd3859de565cfb0bea918ae0ec0eed50944a7c20b4.pdf_11_p11_c3,newspaper_2c69e142b52dbb30cac2cb11d3eb25e5_1_p1_c1",2,True,1.0
谁质押了荣盛发展股份？,1,yanbaopptmerge_baa6d02928efcac46ccf7dfd3859de565cfb0bea918ae0ec0eed50944a7c20b4.pdf_11_p11_c1,yanbaopptmerge_baa6d02928efcac46ccf7dfd3859de565cfb0bea918ae0ec0eed50944a7c20b4.pdf_11_p11_c1,1,True,1.0
谁质押了荣盛发展股份？,3,yanbaopptmerge_baa6d02928efcac46ccf7dfd3859de565cfb0bea918ae0ec0eed50944a7c20b4.pdf_11_p11_c1,"yanbaopptmerge_baa6d02928efcac46ccf7dfd3859de565cfb0bea918ae0ec0eed50944a7c20b4.pdf_11_p11_c1,yanbaopptmerge_baa6d02928efcac46ccf7dfd3859de565cfb0bea918ae0ec0eed50944a7c20b4.pdf_11_p11_c0,yanbaopptmerge_baa6d02928efcac46ccf7dfd3859de565cfb0bea918ae0ec0eed50944a7c20b4.pdf_11_p11_c2",1,True,1.0
谁质押了荣盛发展股份？,5,yanbaopptmerge_baa6d02928efcac46ccf7dfd3859de565cfb0bea918ae0ec0eed50944a7c20b4.pdf_11_p11_c1,"yanbaopptmerge_baa6d02928efcac46ccf7dfd3859de565cfb0bea918ae0ec0eed50944a7c20b4.pdf_11_p11_c1,yanbaopptmerge_baa6d02928efcac46ccf7dfd3859de565cfb0bea918ae0ec0eed50944a7c20b4.pdf_11_p11_c0,yanbaopptmerge_baa6d02928efcac46ccf7dfd3859de565cfb0bea918ae0ec0eed50944a7c20b4.pdf_11_p11_c2,newspaper_2c69e142b52dbb30cac2cb11d3eb25e5_1_p1_c2,newspaper_The Globe and Mail - 2025-1-8@magazinesclubnew_page_018_p18_c12",1,True,1.0
哪家公司收到深交所关注函要求说明终止员工持股计划后又筹划新的原因及合理性？,1,yanbaopptmerge_baa6d02928efcac46ccf7dfd3859de565cfb0bea918ae0ec0eed50944a7c20b4.pdf_11_p11_c2,yanbaopptmerge_baa6d02928efcac46ccf7dfd3859de565cfb0bea918ae0ec0eed50944a7c20b4.pdf_11_p11_c2,1,True,1.0
哪家公司收到深交所关注函要求说明终止员工持股计划后又筹划新的原因及合理性？,3,yanbaopptmerge_baa6d02928efcac46ccf7dfd3859de565cfb0bea918ae0ec0eed50944a7c20b4.pdf_11_p11_c2,"yanbaopptmerge_baa6d02928efcac46ccf7dfd3859de565cfb0bea918ae0ec0eed50944a7c20b4.pdf_11_p11_c2,yanbaopptmerge_0c79d327060dbf9f1582d03c235dadb039533a19091d2c0d24f2ad95d267f79b.pdf_2_p2_c1,yanbaopptmerge_5473246b8da789b9bfdeef53a70c4d72afd480415d5cbcedb83d105856710328.pdf_8_p8_c0",1,True,1.0
哪家公司收到深交所关注函要求说明终止员工持股计划后又筹划新的原因及合理性？,5,yanbaopptmerge_baa6d02928efcac46ccf7dfd3859de565cfb0bea918ae0ec0eed50944a7c20b4.pdf_11_p11_c2,"yanbaopptmerge_baa6d02928efcac46ccf7dfd3859de565cfb0bea918ae0ec0eed50944a7c20b4.pdf_11_p11_c2,yanbaopptmerge_0c79d327060dbf9f1582d03c235dadb039533a19091d2c0d24f2ad95d267f79b.pdf_2_p2_c1,yanbaopptmerge_5473246b8da789b9bfdeef53a70c4d72afd480415d5cbcedb83d105856710328.pdf_8_p8_c0,yanbaopptmerge_0c79d327060dbf9f1582d03c235dadb039533a19091d2c0d24f2ad95d267f79b.pdf_2_p2_c0,newspaper_e62730aaeb9b509119e0c3699ac18201_1_p1_c12",1,True,1.0
募集资金总额是多少？,1,yanbaopptmerge_baa6d02928efcac46ccf7dfd3859de565cfb0bea918ae0ec0eed50944a7c20b4.pdf_11_p11_c3,yanbaopptmerge_baa6d02928efcac46ccf7dfd3859de565cfb0bea918ae0ec0eed50944a7c20b4.pdf_11_p11_c3,1,True,1.0
募集资金总额是多少？,3,yanbaopptmerge_baa6d02928efcac46ccf7dfd3859de565cfb0bea918ae0ec0eed50944a7c20b4.pdf_11_p11_c3,"yanbaopptmerge_baa6d02928efcac46ccf7dfd3859de565cfb0bea918ae0ec0eed50944a7c20b4.pdf_11_p11_c3,jiaocaineedrop_jiaocai_needrop_en_2893_p2893_c1,newspaper_The Wall Street Journal - 2025-01-08@magazinesclubnew_page_018_p18_c8",1,True,1.0
募集资金总额是多少？,5,yanbaopptmerge_baa6d02928efcac46ccf7dfd3859de565cfb0bea918ae0ec0eed50944a7c20b4.pdf_11_p11_c3,"yanbaopptmerge_baa6d02928efcac46ccf7dfd3859de565cfb0bea918ae0ec0eed50944a7c20b4.pdf_11_p11_c3,jiaocaineedrop_jiaocai_needrop_en_2893_p2893_c1,newspaper_The Wall Street Journal - 2025-01-08@magazinesclubnew_page_018_p18_c8,newspaper_2c69e142b52dbb30cac2cb11d3eb25e5_1_p1_c7,jiaocaineedrop_jiaocai_needrop_en_3937_p3937_c0",1,True,1.0
Who are the authors of the 2000 study?,1,docstructbench_llm-raw-scihub-o.O-j.ergon.2004.09.009.pdf_13_p13_c0,scihub_bloodadvances.2019030924.pdf_3_p3_c9,0,False,0.0
Who are the authors of the 2000 study?,3,docstructbench_llm-raw-scihub-o.O-j.ergon.2004.09.009.pdf_13_p13_c0,"scihub_bloodadvances.2019030924.pdf_3_p3_c9,scihub_s00586-010-1656-7.pdf_3_p3_c3,docstructbench_llm-raw-scihub-o.O-j.ergon.2004.09.009.pdf_13_p13_c2",0,False,0.0
Who are the authors of the 2000 study?,5,docstructbench_llm-raw-scihub-o.O-j.ergon.2004.09.009.pdf_13_p13_c0,"scihub_bloodadvances.2019030924.pdf_3_p3_c9,scihub_s00586-010-1656-7.pdf_3_p3_c3,docstructbench_llm-raw-scihub-o.O-j.ergon.2004.09.009.pdf_13_p13_c2,jiaocaineedrop_jiaocai_needrop_en_961_p961_c0,docstructbench_llm-raw-scihub-o.O-j.ergon.2004.09.009.pdf_13_p13_c7",0,False,0.0
What is the title of the study on occupational disorders in women with repetitive industrial work?,1,docstructbench_llm-raw-scihub-o.O-j.ergon.2004.09.009.pdf_13_p13_c1,docstructbench_llm-raw-scihub-o.O-j.ergon.2004.09.009.pdf_13_p13_c1,1,True,1.0
What is the title of the study on occupational disorders in women with repetitive industrial work?,3,docstructbench_llm-raw-scihub-o.O-j.ergon.2004.09.009.pdf_13_p13_c1,"docstructbench_llm-raw-scihub-o.O-j.ergon.2004.09.009.pdf_13_p13_c1,docstructbench_llm-raw-scihub-o.O-j.ergon.2004.09.009.pdf_13_p13_c2,docstructbench_llm-raw-scihub-o.O-j.ergon.2004.09.009.pdf_13_p13_c3",1,True,1.0
What is the title of the study on occupational disorders in women with repetitive industrial work?,5,docstructbench_llm-raw-scihub-o.O-j.ergon.2004.09.009.pdf_13_p13_c1,"docstructbench_llm-raw-scihub-o.O-j.ergon.2004.09.009.pdf_13_p13_c1,docstructbench_llm-raw-scihub-o.O-j.ergon.2004.09.009.pdf_13_p13_c2,docstructbench_llm-raw-scihub-o.O-j.ergon.2004.09.009.pdf_13_p13_c3,docstructbench_llm-raw-scihub-o.O-j.ergon.2004.09.009.pdf_13_p13_c6,docstructbench_llm-raw-scihub-o.O-j.ergon.2004.09.009.pdf_13_p13_c5",1,True,1.0
Which year did the study on repetitive industrial work and neck and upper limb disorders in females get published?,1,docstructbench_llm-raw-scihub-o.O-j.ergon.2004.09.009.pdf_13_p13_c2,docstructbench_llm-raw-scihub-o.O-j.ergon.2004.09.009.pdf_13_p13_c2,1,True,1.0
Which year did the study on repetitive industrial work and neck and upper limb disorders in females get published?,3,docstructbench_llm-raw-scihub-o.O-j.ergon.2004.09.009.pdf_13_p13_c2,"docstructbench_llm-raw-scihub-o.O-j.ergon.2004.09.009.pdf_13_p13_c2,docstructbench_llm-raw-scihub-o.O-j.ergon.2004.09.009.pdf_13_p13_c1,docstructbench_llm-raw-scihub-o.O-j.ergon.2004.09.009.pdf_13_p13_c7",1,True,1.0
Which year did the study on repetitive industrial work and neck and upper limb disorders in females get published?,5,docstructbench_llm-raw-scihub-o.O-j.ergon.2004.09.009.pdf_13_p13_c2,"docstructbench_llm-raw-scihub-o.O-j.ergon.2004.09.009.pdf_13_p13_c2,docstructbench_llm-raw-scihub-o.O-j.ergon.2004.09.009.pdf_13_p13_c1,docstructbench_llm-raw-scihub-o.O-j.ergon.2004.09.009.pdf_13_p13_c7,docstructbench_llm-raw-scihub-o.O-j.ergon.2004.09.009.pdf_13_p13_c6,docstructbench_llm-raw-scihub-o.O-j.ergon.2004.09.009.pdf_13_p13_c5",1,True,1.0
What is the title of the study mentioned in the fragment?,1,docstructbench_llm-raw-scihub-o.O-j.ergon.2004.09.009.pdf_13_p13_c3,docstructbench_llm-raw-scihub-o.O-hup.908.pdf_5_p5_c7,0,False,0.0
What is the title of the study mentioned in the fragment?,3,docstructbench_llm-raw-scihub-o.O-j.ergon.2004.09.009.pdf_13_p13_c3,"docstructbench_llm-raw-scihub-o.O-hup.908.pdf_5_p5_c7,jiaocaineedrop_biz-96816.pdf_48_p48_c1,docstructbench_llm-raw-scihub-o.O-j.ab.2007.10.021.pdf_3_p3_c3",0,False,0.0
What is the title of the study mentioned in the fragment?,5,docstructbench_llm-raw-scihub-o.O-j.ergon.2004.09.009.pdf_13_p13_c3,"docstructbench_llm-raw-scihub-o.O-hup.908.pdf_5_p5_c7,jiaocaineedrop_biz-96816.pdf_48_p48_c1,docstructbench_llm-raw-scihub-o.O-j.ab.2007.10.021.pdf_3_p3_c3,yanbaopptmerge_e60b3b61281e87ddf42f9321a9e6ef9d.pdf_159_p159_c1,docstructbench_llm-raw-scihub-o.O-j.ergon.2004.09.009.pdf_13_p13_c7",0,False,0.0
What is the title of the study mentioned in the document fragment?,1,docstructbench_llm-raw-scihub-o.O-j.ergon.2004.09.009.pdf_13_p13_c4,docstructbench_llm-raw-scihub-o.O-hup.908.pdf_5_p5_c7,0,False,0.0
What is the title of the study mentioned in the document fragment?,3,docstructbench_llm-raw-scihub-o.O-j.ergon.2004.09.009.pdf_13_p13_c4,"docstructbench_llm-raw-scihub-o.O-hup.908.pdf_5_p5_c7,jiaocaineedrop_biz-96816.pdf_48_p48_c1,docstructbench_llm-raw-scihub-o.O-j.ab.2007.10.021.pdf_3_p3_c3",0,False,0.0
What is the title of the study mentioned in the document fragment?,5,docstructbench_llm-raw-scihub-o.O-j.ergon.2004.09.009.pdf_13_p13_c4,"docstructbench_llm-raw-scihub-o.O-hup.908.pdf_5_p5_c7,jiaocaineedrop_biz-96816.pdf_48_p48_c1,docstructbench_llm-raw-scihub-o.O-j.ab.2007.10.021.pdf_3_p3_c3,yanbaopptmerge_e60b3b61281e87ddf42f9321a9e6ef9d.pdf_159_p159_c1,docstructbench_llm-raw-scihub-o.O-j.ergon.2004.09.009.pdf_13_p13_c7",0,False,0.0
Who are the authors of the 2001 study?,1,docstructbench_llm-raw-scihub-o.O-j.ergon.2004.09.009.pdf_13_p13_c5,docstructbench_llm-raw-scihub-o.O-j.ergon.2004.09.009.pdf_13_p13_c5,1,True,1.0
Who are the authors of the 2001 study?,3,docstructbench_llm-raw-scihub-o.O-j.ergon.2004.09.009.pdf_13_p13_c5,"docstructbench_llm-raw-scihub-o.O-j.ergon.2004.09.009.pdf_13_p13_c5,scihub_s00586-010-1656-7.pdf_3_p3_c3,scihub_bloodadvances.2019030924.pdf_3_p3_c9",1,True,1.0
Who are the authors of the 2001 study?,5,docstructbench_llm-raw-scihub-o.O-j.ergon.2004.09.009.pdf_13_p13_c5,"docstructbench_llm-raw-scihub-o.O-j.ergon.2004.09.009.pdf_13_p13_c5,scihub_s00586-010-1656-7.pdf_3_p3_c3,scihub_bloodadvances.2019030924.pdf_3_p3_c9,jiaocaineedrop_jiaocai_needrop_en_961_p961_c0,docstructbench_llm-raw-scihub-o.O-j.ergon.2004.09.009.pdf_13_p13_c2",1,True,1.0
What year was the study by Toomingas published?,1,docstructbench_llm-raw-scihub-o.O-j.ergon.2004.09.009.pdf_13_p13_c6,newspaper_2a6b4fa088699701a6fa9ccecfb5c25d_3_p3_c0,0,False,0.0
What year was the study by Toomingas published?,3,docstructbench_llm-raw-scihub-o.O-j.ergon.2004.09.009.pdf_13_p13_c6,"newspaper_2a6b4fa088699701a6fa9ccecfb5c25d_3_p3_c0,magazine_TheEconomist.2024.03.02_page_075_p75_c4,docstructbench_llm-raw-scihub-o.O-j.ergon.2004.09.009.pdf_13_p13_c2",0,False,0.0
What year was the study by Toomingas published?,5,docstructbench_llm-raw-scihub-o.O-j.ergon.2004.09.009.pdf_13_p13_c6,"newspaper_2a6b4fa088699701a6fa9ccecfb5c25d_3_p3_c0,magazine_TheEconomist.2024.03.02_page_075_p75_c4,docstructbench_llm-raw-scihub-o.O-j.ergon.2004.09.009.pdf_13_p13_c2,magazine_TheEconomist.2023.12.23_page_024_p24_c1,scihub_ijcac.2012040101.pdf_5_p5_c0",0,False,0.0
Which journal published the 1996 article about occupational musculoskeletal load?,1,docstructbench_llm-raw-scihub-o.O-j.ergon.2004.09.009.pdf_13_p13_c7,docstructbench_llm-raw-scihub-o.O-j.ergon.2004.09.009.pdf_13_p13_c7,1,True,1.0
Which journal published the 1996 article about occupational musculoskeletal load?,3,docstructbench_llm-raw-scihub-o.O-j.ergon.2004.09.009.pdf_13_p13_c7,"docstructbench_llm-raw-scihub-o.O-j.ergon.2004.09.009.pdf_13_p13_c7,docstructbench_llm-raw-scihub-o.O-j.ergon.2004.09.009.pdf_13_p13_c6,docstructbench_llm-raw-scihub-o.O-j.ergon.2004.09.009.pdf_13_p13_c1",1,True,1.0
Which journal published the 1996 article about occupational musculoskeletal load?,5,docstructbench_llm-raw-scihub-o.O-j.ergon.2004.09.009.pdf_13_p13_c7,"docstructbench_llm-raw-scihub-o.O-j.ergon.2004.09.009.pdf_13_p13_c7,docstructbench_llm-raw-scihub-o.O-j.ergon.2004.09.009.pdf_13_p13_c6,docstructbench_llm-raw-scihub-o.O-j.ergon.2004.09.009.pdf_13_p13_c1,magazine_TheEconomist.2023.11.25_page_069_p69_c1,docstructbench_llm-raw-scihub-o.O-j.ergon.2004.09.009.pdf_13_p13_c2",1,True,1.0
What is the title of the document fragment?,1,scihub_prrv.2001.0150.pdf_0_p0_c0,exam_paper_2004-2019上海高考英语听力原文和答案_page_017_p17_c3,0,False,0.0
What is the title of the document fragment?,3,scihub_prrv.2001.0150.pdf_0_p0_c0,"exam_paper_2004-2019上海高考英语听力原文和答案_page_017_p17_c3,docstructbench_llm-raw-scihub-o.O-hup.908.pdf_5_p5_c7,yanbaopptmerge_e60b3b61281e87ddf42f9321a9e6ef9d.pdf_159_p159_c1",0,False,0.0
What is the title of the document fragment?,5,scihub_prrv.2001.0150.pdf_0_p0_c0,"exam_paper_2004-2019上海高考英语听力原文和答案_page_017_p17_c3,docstructbench_llm-raw-scihub-o.O-hup.908.pdf_5_p5_c7,yanbaopptmerge_e60b3b61281e87ddf42f9321a9e6ef9d.pdf_159_p159_c1,eastmoney_e42b6e1cd2d48113ff4db8854e539d828d632bf9b1757e10cb8ddb2cfc7b1393.pdf_12_p12_c3,jiaocaineedrop_jiaocai_needrop_en_961_p961_c0",0,False,0.0
Which disease is mentioned as having a known genetic abnormality where gene therapy is a realistic prospect?,1,scihub_prrv.2001.0150.pdf_0_p0_c1,scihub_prrv.2001.0150.pdf_0_p0_c1,1,True,1.0
Which disease is mentioned as having a known genetic abnormality where gene therapy is a realistic prospect?,3,scihub_prrv.2001.0150.pdf_0_p0_c1,"scihub_prrv.2001.0150.pdf_0_p0_c1,scihub_prrv.2001.0150.pdf_0_p0_c2,scihub_prrv.2001.0150.pdf_0_p0_c3",1,True,1.0
Which disease is mentioned as having a known genetic abnormality where gene therapy is a realistic prospect?,5,scihub_prrv.2001.0150.pdf_0_p0_c1,"scihub_prrv.2001.0150.pdf_0_p0_c1,scihub_prrv.2001.0150.pdf_0_p0_c2,scihub_prrv.2001.0150.pdf_0_p0_c3,scihub_prrv.2001.0150.pdf_0_p0_c0,jiaocaineedrop_biz-96816.pdf_48_p48_c1",1,True,1.0
What is the main focus of the article?,1,scihub_prrv.2001.0150.pdf_0_p0_c2,newspaper_The Globe and Mail - 2025-1-8@magazinesclubnew_page_014_p14_c0,0,False,0.0
What is the main focus of the article?,3,scihub_prrv.2001.0150.pdf_0_p0_c2,"newspaper_The Globe and Mail - 2025-1-8@magazinesclubnew_page_014_p14_c0,yanbaopptmerge_e60b3b61281e87ddf42f9321a9e6ef9d.pdf_159_p159_c1,yanbaopptmerge_5473246b8da789b9bfdeef53a70c4d72afd480415d5cbcedb83d105856710328.pdf_8_p8_c0",0,False,0.0
What is the main focus of the article?,5,scihub_prrv.2001.0150.pdf_0_p0_c2,"newspaper_The Globe and Mail - 2025-1-8@magazinesclubnew_page_014_p14_c0,yanbaopptmerge_e60b3b61281e87ddf42f9321a9e6ef9d.pdf_159_p159_c1,yanbaopptmerge_5473246b8da789b9bfdeef53a70c4d72afd480415d5cbcedb83d105856710328.pdf_8_p8_c0,jiaocaineedrop_jiaocai_needrop_en_961_p961_c0,newspaper_The Wall Street Journal - 2025-01-08@magazinesclubnew_page_018_p18_c0",0,False,0.0
Which disease is used as a model for gene therapy in respiratory disease?,1,scihub_prrv.2001.0150.pdf_0_p0_c3,scihub_prrv.2001.0150.pdf_0_p0_c1,0,False,0.0
Which disease is used as a model for gene therapy in respiratory disease?,3,scihub_prrv.2001.0150.pdf_0_p0_c3,"scihub_prrv.2001.0150.pdf_0_p0_c1,scihub_prrv.2001.0150.pdf_0_p0_c3,scihub_prrv.2001.0150.pdf_0_p0_c2",2,True,1.0
Which disease is used as a model for gene therapy in respiratory disease?,5,scihub_prrv.2001.0150.pdf_0_p0_c3,"scihub_prrv.2001.0150.pdf_0_p0_c1,scihub_prrv.2001.0150.pdf_0_p0_c3,scihub_prrv.2001.0150.pdf_0_p0_c2,book_en_[搬书匠#893][Pyomo—Optimization Modeling in Python].2012.英文版_page_188_p188_c1,scihub_prrv.2001.0150.pdf_0_p0_c0",2,True,1.0
对比论证的作用是什么？,1,yanbaopptmerge_yanbaoPPT_825_p825_c0,yanbaopptmerge_yanbaoPPT_825_p825_c0,1,True,1.0
对比论证的作用是什么？,3,yanbaopptmerge_yanbaoPPT_825_p825_c0,"yanbaopptmerge_yanbaoPPT_825_p825_c0,jiaocaineedrop_jiaocai_needrop_en_2193_p2193_c0,jiaocaineedrop_jiaocai_needrop_en_377_p377_c0",1,True,1.0
对比论证的作用是什么？,5,yanbaopptmerge_yanbaoPPT_825_p825_c0,"yanbaopptmerge_yanbaoPPT_825_p825_c0,jiaocaineedrop_jiaocai_needrop_en_2193_p2193_c0,jiaocaineedrop_jiaocai_needrop_en_377_p377_c0,yanbaopptmerge_yanbaoPPT_6170_p6170_c0,exam_paper_2016年安徽省中考英语试题（解析）_page_003_p3_c2",1,True,1.0
What year did Poulin play her first Olympic hockey game?,1,newspaper_The Globe and Mail - 2025-1-8@magazinesclubnew_page_027_p27_c0,newspaper_The Globe and Mail - 2025-1-8@magazinesclubnew_page_027_p27_c0,1,True,1.0
What year did Poulin play her first Olympic hockey game?,3,newspaper_The Globe and Mail - 2025-1-8@magazinesclubnew_page_027_p27_c0,"newspaper_The Globe and Mail - 2025-1-8@magazinesclubnew_page_027_p27_c0,newspaper_The Globe and Mail - 2025-1-8@magazinesclubnew_page_027_p27_c1,scihub_bloodadvances.2019030924.pdf_3_p3_c1",1,True,1.0
What year did Poulin play her first Olympic hockey game?,5,newspaper_The Globe and Mail - 2025-1-8@magazinesclubnew_page_027_p27_c0,"newspaper_The Globe and Mail - 2025-1-8@magazinesclubnew_page_027_p27_c0,newspaper_The Globe and Mail - 2025-1-8@magazinesclubnew_page_027_p27_c1,scihub_bloodadvances.2019030924.pdf_3_p3_c1,exam_paper_2016年安徽省中考英语试题（解析）_page_015_p15_c2,newspaper_The Globe and Mail - 2025-1-8@magazinesclubnew_page_018_p18_c12",1,True,1.0
What did Marie-Philip Poulin say about fans wearing different jerseys with the team names?,1,newspaper_The Globe and Mail - 2025-1-8@magazinesclubnew_page_027_p27_c1,newspaper_The Globe and Mail - 2025-1-8@magazinesclubnew_page_027_p27_c1,1,True,1.0
What did Marie-Philip Poulin say about fans wearing different jerseys with the team names?,3,newspaper_The Globe and Mail - 2025-1-8@magazinesclubnew_page_027_p27_c1,"newspaper_The Globe and Mail - 2025-1-8@magazinesclubnew_page_027_p27_c1,newspaper_The Globe and Mail - 2025-1-8@magazinesclubnew_page_027_p27_c0,newspaper_Daily Mirror 2025-1-8@magazinesclubnew_page_058_p58_c0",1,True,1.0
What did Marie-Philip Poulin say about fans wearing different jerseys with the team names?,5,newspaper_The Globe and Mail - 2025-1-8@magazinesclubnew_page_027_p27_c1,"newspaper_The Globe and Mail - 2025-1-8@magazinesclubnew_page_027_p27_c1,newspaper_The Globe and Mail - 2025-1-8@magazinesclubnew_page_027_p27_c0,newspaper_Daily Mirror 2025-1-8@magazinesclubnew_page_058_p58_c0,yanbaopptmerge_e60b3b61281e87ddf42f9321a9e6ef9d.pdf_159_p159_c1,newspaper_The Globe and Mail - 2025-1-8@magazinesclubnew_page_014_p14_c0",1,True,1.0
What is the name of the league mentioned in the document fragment?,1,newspaper_The Globe and Mail - 2025-1-8@magazinesclubnew_page_027_p27_c2,newspaper_The Globe and Mail - 2025-1-8@magazinesclubnew_page_027_p27_c2,1,True,1.0
What is the name of the league mentioned in the document fragment?,3,newspaper_The Globe and Mail - 2025-1-8@magazinesclubnew_page_027_p27_c2,"newspaper_The Globe and Mail - 2025-1-8@magazinesclubnew_page_027_p27_c2,newspaper_Daily Mirror 2025-1-8@magazinesclubnew_page_058_p58_c0,jiaocaineedrop_biz-96816.pdf_48_p48_c1",1,True,1.0
What is the name of the league mentioned in the document fragment?,5,newspaper_The Globe and Mail - 2025-1-8@magazinesclubnew_page_027_p27_c2,"newspaper_The Globe and Mail - 2025-1-8@magazinesclubnew_page_027_p27_c2,newspaper_Daily Mirror 2025-1-8@magazinesclubnew_page_058_p58_c0,jiaocaineedrop_biz-96816.pdf_48_p48_c1,docstructbench_llm-raw-scihub-o.O-hup.908.pdf_5_p5_c7,exam_paper_2004-2019上海高考英语听力原文和答案_page_017_p17_c3",1,True,1.0
What does Adam Scott think about the PGA Tour's progress with the Saudi-backed LIV Golf?,1,newspaper_The Globe and Mail - 2025-1-8@magazinesclubnew_page_027_p27_c3,newspaper_The Globe and Mail - 2025-1-8@magazinesclubnew_page_027_p27_c3,1,True,1.0
What does Adam Scott think about the PGA Tour's progress with the Saudi-backed LIV Golf?,3,newspaper_The Globe and Mail - 2025-1-8@magazinesclubnew_page_027_p27_c3,"newspaper_The Globe and Mail - 2025-1-8@magazinesclubnew_page_027_p27_c3,newspaper_The Globe and Mail - 2025-1-8@magazinesclubnew_page_027_p27_c5,newspaper_The Globe and Mail - 2025-1-8@magazinesclubnew_page_027_p27_c2",1,True,1.0
What does Adam Scott think about the PGA Tour's progress with the Saudi-backed LIV Golf?,5,newspaper_The Globe and Mail - 2025-1-8@magazinesclubnew_page_027_p27_c3,"newspaper_The Globe and Mail - 2025-1-8@magazinesclubnew_page_027_p27_c3,newspaper_The Globe and Mail - 2025-1-8@magazinesclubnew_page_027_p27_c5,newspaper_The Globe and Mail - 2025-1-8@magazinesclubnew_page_027_p27_c2,newspaper_The Globe and Mail - 2025-1-8@magazinesclubnew_page_027_p27_c4,magazine_TheEconomist.2023.11.25_page_069_p69_c4",1,True,1.0
What does the great divide in golf mean if the PGA Tour strikes a deal with PIF?,1,newspaper_The Globe and Mail - 2025-1-8@magazinesclubnew_page_027_p27_c4,newspaper_The Globe and Mail - 2025-1-8@magazinesclubnew_page_027_p27_c4,1,True,1.0
What does the great divide in golf mean if the PGA Tour strikes a deal with PIF?,3,newspaper_The Globe and Mail - 2025-1-8@magazinesclubnew_page_027_p27_c4,"newspaper_The Globe and Mail - 2025-1-8@magazinesclubnew_page_027_p27_c4,newspaper_The Globe and Mail - 2025-1-8@magazinesclubnew_page_027_p27_c3,newspaper_The Globe and Mail - 2025-1-8@magazinesclubnew_page_027_p27_c5",1,True,1.0
What does the great divide in golf mean if the PGA Tour strikes a deal with PIF?,5,newspaper_The Globe and Mail - 2025-1-8@magazinesclubnew_page_027_p27_c4,"newspaper_The Globe and Mail - 2025-1-8@magazinesclubnew_page_027_p27_c4,newspaper_The Globe and Mail - 2025-1-8@magazinesclubnew_page_027_p27_c3,newspaper_The Globe and Mail - 2025-1-8@magazinesclubnew_page_027_p27_c5,newspaper_The Globe and Mail - 2025-1-8@magazinesclubnew_page_027_p27_c2,yanbaopptmerge_e60b3b61281e87ddf42f9321a9e6ef9d.pdf_159_p159_c1",1,True,1.0
股票评级为增持时的预期涨幅范围是什么？,1,eastmoney_dd8f39ced2188b907304224a635ad605689270486020c34636003e57018c01d8.pdf_2_p2_c0,eastmoney_dd8f39ced2188b907304224a635ad605689270486020c34636003e57018c01d8.pdf_2_p2_c0,1,True,1.0
股票评级为增持时的预期涨幅范围是什么？,3,eastmoney_dd8f39ced2188b907304224a635ad605689270486020c34636003e57018c01d8.pdf_2_p2_c0,"eastmoney_dd8f39ced2188b907304224a635ad605689270486020c34636003e57018c01d8.pdf_2_p2_c0,eastmoney_d2bb183f5254ede5760932ac3118524aa7eddad551935713b435541f1525c1ee.pdf_7_p7_c1,yanbaopptmerge_5473246b8da789b9bfdeef53a70c4d72afd480415d5cbcedb83d105856710328.pdf_8_p8_c0",1,True,1.0
股票评级为增持时的预期涨幅范围是什么？,5,eastmoney_dd8f39ced2188b907304224a635ad605689270486020c34636003e57018c01d8.pdf_2_p2_c0,"eastmoney_dd8f39ced2188b907304224a635ad605689270486020c34636003e57018c01d8.pdf_2_p2_c0,eastmoney_d2bb183f5254ede5760932ac3118524aa7eddad551935713b435541f1525c1ee.pdf_7_p7_c1,yanbaopptmerge_5473246b8da789b9bfdeef53a70c4d72afd480415d5cbcedb83d105856710328.pdf_8_p8_c0,eastmoney_7c25f92e2ab21d83e1eada0e40a68e3151e7c1c2d673ddb12b0242fa3ab931ab.pdf_13_p13_c0,yanbaopptmerge_0c79d327060dbf9f1582d03c235dadb039533a19091d2c0d24f2ad95d267f79b.pdf_2_p2_c0",1,True,1.0
哪些机构可能持有报告涉及公司所发行的证券？,1,eastmoney_dd8f39ced2188b907304224a635ad605689270486020c34636003e57018c01d8.pdf_2_p2_c1,eastmoney_dd8f39ced2188b907304224a635ad605689270486020c34636003e57018c01d8.pdf_2_p2_c1,1,True,1.0
哪些机构可能持有报告涉及公司所发行的证券？,3,eastmoney_dd8f39ced2188b907304224a635ad605689270486020c34636003e57018c01d8.pdf_2_p2_c1,"eastmoney_dd8f39ced2188b907304224a635ad605689270486020c34636003e57018c01d8.pdf_2_p2_c1,yanbaopptmerge_0c79d327060dbf9f1582d03c235dadb039533a19091d2c0d24f2ad95d267f79b.pdf_2_p2_c1,eastmoney_dcf347592d4160dffacffdf00a9c39aa75cf9859205a7543c283d1df8bb14f90.pdf_1_p1_c1",1,True,1.0
哪些机构可能持有报告涉及公司所发行的证券？,5,eastmoney_dd8f39ced2188b907304224a635ad605689270486020c34636003e57018c01d8.pdf_2_p2_c1,"eastmoney_dd8f39ced2188b907304224a635ad605689270486020c34636003e57018c01d8.pdf_2_p2_c1,yanbaopptmerge_0c79d327060dbf9f1582d03c235dadb039533a19091d2c0d24f2ad95d267f79b.pdf_2_p2_c1,eastmoney_dcf347592d4160dffacffdf00a9c39aa75cf9859205a7543c283d1df8bb14f90.pdf_1_p1_c1,eastmoney_d2bb183f5254ede5760932ac3118524aa7eddad551935713b435541f1525c1ee.pdf_7_p7_c0,yanbaopptmerge_5473246b8da789b9bfdeef53a70c4d72afd480415d5cbcedb83d105856710328.pdf_8_p8_c0",1,True,1.0
西南证券上海机构销售团队的总经理助理和销售总监是谁？,1,eastmoney_8b3e01e3cd92a034f45945887a5170602774a8480effda5bd791451578a93b7d.pdf_5_p5_c0,eastmoney_8b3e01e3cd92a034f45945887a5170602774a8480effda5bd791451578a93b7d.pdf_5_p5_c0,1,True,1.0
西南证券上海机构销售团队的总经理助理和销售总监是谁？,3,eastmoney_8b3e01e3cd92a034f45945887a5170602774a8480effda5bd791451578a93b7d.pdf_5_p5_c0,"eastmoney_8b3e01e3cd92a034f45945887a5170602774a8480effda5bd791451578a93b7d.pdf_5_p5_c0,eastmoney_8b3e01e3cd92a034f45945887a5170602774a8480effda5bd791451578a93b7d.pdf_5_p5_c1,yanbaopptmerge_5473246b8da789b9bfdeef53a70c4d72afd480415d5cbcedb83d105856710328.pdf_8_p8_c0",1,True,1.0
西南证券上海机构销售团队的总经理助理和销售总监是谁？,5,eastmoney_8b3e01e3cd92a034f45945887a5170602774a8480effda5bd791451578a93b7d.pdf_5_p5_c0,"eastmoney_8b3e01e3cd92a034f45945887a5170602774a8480effda5bd791451578a93b7d.pdf_5_p5_c0,eastmoney_8b3e01e3cd92a034f45945887a5170602774a8480effda5bd791451578a93b7d.pdf_5_p5_c1,yanbaopptmerge_5473246b8da789b9bfdeef53a70c4d72afd480415d5cbcedb83d105856710328.pdf_8_p8_c0,eastmoney_d2bb183f5254ede5760932ac3118524aa7eddad551935713b435541f1525c1ee.pdf_7_p7_c1,eastmoney_8b3e01e3cd92a034f45945887a5170602774a8480effda5bd791451578a93b7d.pdf_5_p5_c2",1,True,1.0
Who is the sales director in Beijing?,1,eastmoney_8b3e01e3cd92a034f45945887a5170602774a8480effda5bd791451578a93b7d.pdf_5_p5_c1,eastmoney_8b3e01e3cd92a034f45945887a5170602774a8480effda5bd791451578a93b7d.pdf_5_p5_c1,1,True,1.0
Who is the sales director in Beijing?,3,eastmoney_8b3e01e3cd92a034f45945887a5170602774a8480effda5bd791451578a93b7d.pdf_5_p5_c1,"eastmoney_8b3e01e3cd92a034f45945887a5170602774a8480effda5bd791451578a93b7d.pdf_5_p5_c1,yanbaopptmerge_yanbaoPPT_5945_p5945_c0,eastmoney_8b3e01e3cd92a034f45945887a5170602774a8480effda5bd791451578a93b7d.pdf_5_p5_c2",1,True,1.0
Who is the sales director in Beijing?,5,eastmoney_8b3e01e3cd92a034f45945887a5170602774a8480effda5bd791451578a93b7d.pdf_5_p5_c1,"eastmoney_8b3e01e3cd92a034f45945887a5170602774a8480effda5bd791451578a93b7d.pdf_5_p5_c1,yanbaopptmerge_yanbaoPPT_5945_p5945_c0,eastmoney_8b3e01e3cd92a034f45945887a5170602774a8480effda5bd791451578a93b7d.pdf_5_p5_c2,yanbaopptmerge_e60b3b61281e87ddf42f9321a9e6ef9d.pdf_159_p159_c4,eastmoney_8b3e01e3cd92a034f45945887a5170602774a8480effda5bd791451578a93b7d.pdf_5_p5_c0",1,True,1.0
Who is the contact person for the sales manager with the email yxy@swsc.com.cn?,1,eastmoney_8b3e01e3cd92a034f45945887a5170602774a8480effda5bd791451578a93b7d.pdf_5_p5_c2,eastmoney_8b3e01e3cd92a034f45945887a5170602774a8480effda5bd791451578a93b7d.pdf_5_p5_c0,0,False,0.0
Who is the contact person for the sales manager with the email yxy@swsc.com.cn?,3,eastmoney_8b3e01e3cd92a034f45945887a5170602774a8480effda5bd791451578a93b7d.pdf_5_p5_c2,"eastmoney_8b3e01e3cd92a034f45945887a5170602774a8480effda5bd791451578a93b7d.pdf_5_p5_c0,eastmoney_8b3e01e3cd92a034f45945887a5170602774a8480effda5bd791451578a93b7d.pdf_5_p5_c2,eastmoney_8b3e01e3cd92a034f45945887a5170602774a8480effda5bd791451578a93b7d.pdf_5_p5_c1",2,True,1.0
Who is the contact person for the sales manager with the email yxy@swsc.com.cn?,5,eastmoney_8b3e01e3cd92a034f45945887a5170602774a8480effda5bd791451578a93b7d.pdf_5_p5_c2,"eastmoney_8b3e01e3cd92a034f45945887a5170602774a8480effda5bd791451578a93b7d.pdf_5_p5_c0,eastmoney_8b3e01e3cd92a034f45945887a5170602774a8480effda5bd791451578a93b7d.pdf_5_p5_c2,eastmoney_8b3e01e3cd92a034f45945887a5170602774a8480effda5bd791451578a93b7d.pdf_5_p5_c1,jiaocaineedrop_jiaocai_needrop_en_453_p453_c0,newspaper_The Globe and Mail - 2025-1-8@magazinesclubnew_page_027_p27_c5",2,True,1.0
体育的目的是促进全面发育、什么与全面教育水平、什么与提高运动能力？,1,jiaocaineedrop_jiaocai_needrop_en_237_p237_c0,jiaocaineedrop_jiaocai_needrop_en_237_p237_c0,1,True,1.0
体育的目的是促进全面发育、什么与全面教育水平、什么与提高运动能力？,3,jiaocaineedrop_jiaocai_needrop_en_237_p237_c0,"jiaocaineedrop_jiaocai_needrop_en_237_p237_c0,jiaocaineedrop_jiaocai_needrop_en_237_p237_c1,newspaper_eb569707cf5621d4c71d5898216cdb17_1_p1_c11",1,True,1.0
体育的目的是促进全面发育、什么与全面教育水平、什么与提高运动能力？,5,jiaocaineedrop_jiaocai_needrop_en_237_p237_c0,"jiaocaineedrop_jiaocai_needrop_en_237_p237_c0,jiaocaineedrop_jiaocai_needrop_en_237_p237_c1,newspaper_eb569707cf5621d4c71d5898216cdb17_1_p1_c11,jiaocaineedrop_jiaocai_needrop_en_237_p237_c2,newspaper_2c69e142b52dbb30cac2cb11d3eb25e5_1_p1_c3",1,True,1.0
语段中加点字的正确注音是哪一项？,1,jiaocaineedrop_jiaocai_needrop_en_237_p237_c1,jiaocaineedrop_jiaocai_needrop_en_237_p237_c1,1,True,1.0
语段中加点字的正确注音是哪一项？,3,jiaocaineedrop_jiaocai_needrop_en_237_p237_c1,"jiaocaineedrop_jiaocai_needrop_en_237_p237_c1,exam_paper_2004-2019上海高考英语听力原文和答案_page_017_p17_c0,jiaocaineedrop_jiaocai_needrop_en_2893_p2893_c1",1,True,1.0
语段中加点字的正确注音是哪一项？,5,jiaocaineedrop_jiaocai_needrop_en_237_p237_c1,"jiaocaineedrop_jiaocai_needrop_en_237_p237_c1,exam_paper_2004-2019上海高考英语听力原文和答案_page_017_p17_c0,jiaocaineedrop_jiaocai_needrop_en_2893_p2893_c1,notes_f7f010b78016aeebd76e56d9283eb67f_72_p72_c2,newspaper_e62730aaeb9b509119e0c3699ac18201_1_p1_c3",1,True,1.0
请补全上联‘雏燕展翅竞飞跃’的下联内容？,1,jiaocaineedrop_jiaocai_needrop_en_237_p237_c2,jiaocaineedrop_jiaocai_needrop_en_237_p237_c2,1,True,1.0
请补全上联‘雏燕展翅竞飞跃’的下联内容？,3,jiaocaineedrop_jiaocai_needrop_en_237_p237_c2,"jiaocaineedrop_jiaocai_needrop_en_237_p237_c2,jiaocaineedrop_jiaocai_needrop_en_237_p237_c1,newspaper_eb569707cf5621d4c71d5898216cdb17_1_p1_c12",1,True,1.0
请补全上联‘雏燕展翅竞飞跃’的下联内容？,5,jiaocaineedrop_jiaocai_needrop_en_237_p237_c2,"jiaocaineedrop_jiaocai_needrop_en_237_p237_c2,jiaocaineedrop_jiaocai_needrop_en_237_p237_c1,newspaper_eb569707cf5621d4c71d5898216cdb17_1_p1_c12,yanbaopptmerge_yanbaoPPT_1090_p1090_c0,jiaocaineedrop_jiaocai_needrop_en_237_p237_c0",1,True,1.0
What was the percentage decrease in deforestation in the Amazon?,1,magazine_TheEconomist.2023.12.23_page_012_p12_c0,magazine_TheEconomist.2023.12.23_page_012_p12_c0,1,True,1.0
What was the percentage decrease in deforestation in the Amazon?,3,magazine_TheEconomist.2023.12.23_page_012_p12_c0,"magazine_TheEconomist.2023.12.23_page_012_p12_c0,yanbaopptmerge_e60b3b61281e87ddf42f9321a9e6ef9d.pdf_159_p159_c1,eastmoney_e42b6e1cd2d48113ff4db8854e539d828d632bf9b1757e10cb8ddb2cfc7b1393.pdf_12_p12_c1",1,True,1.0
What was the percentage decrease in deforestation in the Amazon?,5,magazine_TheEconomist.2023.12.23_page_012_p12_c0,"magazine_TheEconomist.2023.12.23_page_012_p12_c0,yanbaopptmerge_e60b3b61281e87ddf42f9321a9e6ef9d.pdf_159_p159_c1,eastmoney_e42b6e1cd2d48113ff4db8854e539d828d632bf9b1757e10cb8ddb2cfc7b1393.pdf_12_p12_c1,jiaocaineedrop_jiaocai_needrop_en_453_p453_c4,exam_paper_2016年安徽省中考英语试题（解析）_page_015_p15_c0",1,True,1.0
Who did Lula cozy up to according to the text?,1,magazine_TheEconomist.2023.12.23_page_012_p12_c1,magazine_TheEconomist.2024.03.02_page_028_p28_c2,0,False,0.0
Who did Lula cozy up to according to the text?,3,magazine_TheEconomist.2023.12.23_page_012_p12_c1,"magazine_TheEconomist.2024.03.02_page_028_p28_c2,magazine_TheEconomist.2023.12.23_page_012_p12_c1,jiaocaineedrop_jiaocai_needrop_en_453_p453_c0",2,True,1.0
Who did Lula cozy up to according to the text?,5,magazine_TheEconomist.2023.12.23_page_012_p12_c1,"magazine_TheEconomist.2024.03.02_page_028_p28_c2,magazine_TheEconomist.2023.12.23_page_012_p12_c1,jiaocaineedrop_jiaocai_needrop_en_453_p453_c0,jiaocaineedrop_jiaocai_needrop_en_961_p961_c0,magazine_TheEconomist.2024.03.02_page_028_p28_c0",2,True,1.0
What did Poland do to deter Russia in 2023?,1,magazine_TheEconomist.2023.12.23_page_012_p12_c2,magazine_TheEconomist.2023.12.23_page_012_p12_c2,1,True,1.0
What did Poland do to deter Russia in 2023?,3,magazine_TheEconomist.2023.12.23_page_012_p12_c2,"magazine_TheEconomist.2023.12.23_page_012_p12_c2,magazine_TheEconomist.2023.12.23_page_024_p24_c0,exam_paper_2016年安徽省中考英语试题（解析）_page_015_p15_c2",1,True,1.0
What did Poland do to deter Russia in 2023?,5,magazine_TheEconomist.2023.12.23_page_012_p12_c2,"magazine_TheEconomist.2023.12.23_page_012_p12_c2,magazine_TheEconomist.2023.12.23_page_024_p24_c0,exam_paper_2016年安徽省中考英语试题（解析）_page_015_p15_c2,magazine_TheEconomist.2023.12.23_page_012_p12_c4,jiaocaineedrop_jiaocai_needrop_en_453_p453_c4",1,True,1.0
Which party was ousted in the October election?,1,magazine_TheEconomist.2023.12.23_page_012_p12_c3,magazine_TheEconomist.2023.12.23_page_012_p12_c3,1,True,1.0
Which party was ousted in the October election?,3,magazine_TheEconomist.2023.12.23_page_012_p12_c3,"magazine_TheEconomist.2023.12.23_page_012_p12_c3,magazine_TheEconomist.2024.03.02_page_032_p32_c5,magazine_TheEconomist.2023.12.23_page_012_p12_c4",1,True,1.0
Which party was ousted in the October election?,5,magazine_TheEconomist.2023.12.23_page_012_p12_c3,"magazine_TheEconomist.2023.12.23_page_012_p12_c3,magazine_TheEconomist.2024.03.02_page_032_p32_c5,magazine_TheEconomist.2023.12.23_page_012_p12_c4,color_textbook_zhonggaokao_小学_KET听说读写逐项突破_KET听说读写逐项突破之轻松搞定KET写作25分 【10讲 褚连一】_第05讲第五课写作Part7详解_第五课写作Part7详解_page_001_p1_c1,magazine_TheEconomist.2023.11.25_page_069_p69_c0",1,True,1.0
What did Greece sell to a Chinese firm?,1,magazine_TheEconomist.2023.12.23_page_012_p12_c4,magazine_TheEconomist.2023.12.23_page_012_p12_c4,1,True,1.0
What did Greece sell to a Chinese firm?,3,magazine_TheEconomist.2023.12.23_page_012_p12_c4,"magazine_TheEconomist.2023.12.23_page_012_p12_c4,magazine_TheEconomist.2023.12.23_page_024_p24_c0,exam_paper_2016年安徽省中考英语试题（解析）_page_015_p15_c2",1,True,1.0
What did Greece sell to a Chinese firm?,5,magazine_TheEconomist.2023.12.23_page_012_p12_c4,"magazine_TheEconomist.2023.12.23_page_012_p12_c4,magazine_TheEconomist.2023.12.23_page_024_p24_c0,exam_paper_2016年安徽省中考英语试题（解析）_page_015_p15_c2,magazine_TheEconomist.2023.12.23_page_024_p24_c1,magazine_TheEconomist.2023.12.23_page_012_p12_c3",1,True,1.0
What method is being used to replace the stork in global deliveries?,1,magazine_TheEconomist.2023.12.23_page_012_p12_c5,magazine_TheEconomist.2023.12.23_page_012_p12_c5,1,True,1.0
What method is being used to replace the stork in global deliveries?,3,magazine_TheEconomist.2023.12.23_page_012_p12_c5,"magazine_TheEconomist.2023.12.23_page_012_p12_c5,magazine_TheEconomist.2023.12.23_page_012_p12_c6,book_en_[搬书匠#893][Pyomo—Optimization Modeling in Python].2012.英文版_page_188_p188_c1",1,True,1.0
What method is being used to replace the stork in global deliveries?,5,magazine_TheEconomist.2023.12.23_page_012_p12_c5,"magazine_TheEconomist.2023.12.23_page_012_p12_c5,magazine_TheEconomist.2023.12.23_page_012_p12_c6,book_en_[搬书匠#893][Pyomo—Optimization Modeling in Python].2012.英文版_page_188_p188_c1,newspaper_The Globe and Mail - 2025-1-8@magazinesclubnew_page_018_p18_c6,jiaocaineedrop_jiaocai_needrop_en_2884_p2884_c0",1,True,1.0
"Which company printed 150,000 spare parts at its depots around the world?",1,magazine_TheEconomist.2023.12.23_page_012_p12_c6,magazine_TheEconomist.2023.12.23_page_012_p12_c6,1,True,1.0
"Which company printed 150,000 spare parts at its depots around the world?",3,magazine_TheEconomist.2023.12.23_page_012_p12_c6,"magazine_TheEconomist.2023.12.23_page_012_p12_c6,yanbaor2_930d8c81854d7450cd35af7b050fed88e4e461b4f0ac0dab07e3232a4e703a06.pdf_14_p14_c2,magazine_TheEconomist.2024.03.09_page_064_p64_c2",1,True,1.0
"Which company printed 150,000 spare parts at its depots around the world?",5,magazine_TheEconomist.2023.12.23_page_012_p12_c6,"magazine_TheEconomist.2023.12.23_page_012_p12_c6,yanbaor2_930d8c81854d7450cd35af7b050fed88e4e461b4f0ac0dab07e3232a4e703a06.pdf_14_p14_c2,magazine_TheEconomist.2024.03.09_page_064_p64_c2,yanbaor2_bfe5f11c4ad2e94d966ef6801dc992816f42c9150e2be42b008c95f59713e901.pdf_137_p137_c0,yanbaopptmerge_e60b3b61281e87ddf42f9321a9e6ef9d.pdf_159_p159_c2",1,True,1.0
What is the name of the open-source architecture used for microchips?,1,magazine_TheEconomist.2023.12.23_page_012_p12_c7,magazine_TheEconomist.2023.12.23_page_012_p12_c7,1,True,1.0
What is the name of the open-source architecture used for microchips?,3,magazine_TheEconomist.2023.12.23_page_012_p12_c7,"magazine_TheEconomist.2023.12.23_page_012_p12_c7,magazine_TheEconomist.2023.11.25_page_069_p69_c0,yanbaopptmerge_e60b3b61281e87ddf42f9321a9e6ef9d.pdf_159_p159_c1",1,True,1.0
What is the name of the open-source architecture used for microchips?,5,magazine_TheEconomist.2023.12.23_page_012_p12_c7,"magazine_TheEconomist.2023.12.23_page_012_p12_c7,magazine_TheEconomist.2023.11.25_page_069_p69_c0,yanbaopptmerge_e60b3b61281e87ddf42f9321a9e6ef9d.pdf_159_p159_c1,yanbaor2_yanbaoPPT_467_p467_c1,exam_paper_2004-2019上海高考英语听力原文和答案_page_017_p17_c3",1,True,1.0
What is making landings treacherous?,1,magazine_TheEconomist.2023.12.23_page_012_p12_c8,magazine_TheEconomist.2023.12.23_page_012_p12_c8,1,True,1.0
What is making landings treacherous?,3,magazine_TheEconomist.2023.12.23_page_012_p12_c8,"magazine_TheEconomist.2023.12.23_page_012_p12_c8,magazine_TheEconomist.2023.12.09_page_082_p82_c2,jiaocaineedrop_biz-96816.pdf_48_p48_c1",1,True,1.0
What is making landings treacherous?,5,magazine_TheEconomist.2023.12.23_page_012_p12_c8,"magazine_TheEconomist.2023.12.23_page_012_p12_c8,magazine_TheEconomist.2023.12.09_page_082_p82_c2,jiaocaineedrop_biz-96816.pdf_48_p48_c1,jiaocaineedrop_jiaocai_needrop_en_377_p377_c5,PPT_BaharMartonosi_page_006_p6_c0",1,True,1.0
该工程计划用多长时间建成数字图书馆？,1,newspaper_b95d1d8eb0d756cc94a5d8b5db3cf69b_1_p1_c0,yanbaor2_yanbaoPPT_6065_p6065_c0,0,False,0.0
该工程计划用多长时间建成数字图书馆？,3,newspaper_b95d1d8eb0d756cc94a5d8b5db3cf69b_1_p1_c0,"yanbaor2_yanbaoPPT_6065_p6065_c0,newspaper_b95d1d8eb0d756cc94a5d8b5db3cf69b_1_p1_c0,yanbaor2_ey-financial-sustainability-whitepaper.pdf_17_p17_c2",2,True,1.0
该工程计划用多长时间建成数字图书馆？,5,newspaper_b95d1d8eb0d756cc94a5d8b5db3cf69b_1_p1_c0,"yanbaor2_yanbaoPPT_6065_p6065_c0,newspaper_b95d1d8eb0d756cc94a5d8b5db3cf69b_1_p1_c0,yanbaor2_ey-financial-sustainability-whitepaper.pdf_17_p17_c2,newspaper_eb569707cf5621d4c71d5898216cdb17_1_p1_c10,yanbaopptmerge_yanbaoPPT_5675_p5675_c0",2,True,1.0
江西去年有多少干部亲属被取消低保资格？,1,newspaper_b95d1d8eb0d756cc94a5d8b5db3cf69b_1_p1_c1,newspaper_b95d1d8eb0d756cc94a5d8b5db3cf69b_1_p1_c1,1,True,1.0
江西去年有多少干部亲属被取消低保资格？,3,newspaper_b95d1d8eb0d756cc94a5d8b5db3cf69b_1_p1_c1,"newspaper_b95d1d8eb0d756cc94a5d8b5db3cf69b_1_p1_c1,newspaper_0b1bb8d03b4287eb95f67b68c2cf9f92_1_p1_c1,jiaocaineedrop_jiaocai_needrop_en_3937_p3937_c0",1,True,1.0
江西去年有多少干部亲属被取消低保资格？,5,newspaper_b95d1d8eb0d756cc94a5d8b5db3cf69b_1_p1_c1,"newspaper_b95d1d8eb0d756cc94a5d8b5db3cf69b_1_p1_c1,newspaper_0b1bb8d03b4287eb95f67b68c2cf9f92_1_p1_c1,jiaocaineedrop_jiaocai_needrop_en_3937_p3937_c0,newspaper_e62730aaeb9b509119e0c3699ac18201_1_p1_c8,jiaocaineedrop_jiaocai_needrop_en_2893_p2893_c1",1,True,1.0
中俄原油管道每年向中国输油多少万吨？,1,newspaper_b95d1d8eb0d756cc94a5d8b5db3cf69b_1_p1_c2,newspaper_b95d1d8eb0d756cc94a5d8b5db3cf69b_1_p1_c2,1,True,1.0
中俄原油管道每年向中国输油多少万吨？,3,newspaper_b95d1d8eb0d756cc94a5d8b5db3cf69b_1_p1_c2,"newspaper_b95d1d8eb0d756cc94a5d8b5db3cf69b_1_p1_c2,yanbaor2_ea86fd46182ff9b675775645ecaf43782b996ffaeeb09c679f56a47aabfbf6b7.pdf_9_p9_c1,jiaocaineedrop_jiaocai_needrop_en_2893_p2893_c1",1,True,1.0
中俄原油管道每年向中国输油多少万吨？,5,newspaper_b95d1d8eb0d756cc94a5d8b5db3cf69b_1_p1_c2,"newspaper_b95d1d8eb0d756cc94a5d8b5db3cf69b_1_p1_c2,yanbaor2_ea86fd46182ff9b675775645ecaf43782b996ffaeeb09c679f56a47aabfbf6b7.pdf_9_p9_c1,jiaocaineedrop_jiaocai_needrop_en_2893_p2893_c1,yanbaor2_ea86fd46182ff9b675775645ecaf43782b996ffaeeb09c679f56a47aabfbf6b7.pdf_9_p9_c0,jiaocaineedrop_jiaocai_needrop_en_3937_p3937_c0",1,True,1.0
贵州凝冻天气导致多少车辆滞留？,1,newspaper_b95d1d8eb0d756cc94a5d8b5db3cf69b_1_p1_c3,newspaper_b95d1d8eb0d756cc94a5d8b5db3cf69b_1_p1_c3,1,True,1.0
贵州凝冻天气导致多少车辆滞留？,3,newspaper_b95d1d8eb0d756cc94a5d8b5db3cf69b_1_p1_c3,"newspaper_b95d1d8eb0d756cc94a5d8b5db3cf69b_1_p1_c3,newspaper_eb569707cf5621d4c71d5898216cdb17_1_p1_c5,jiaocaineedrop_jiaocai_needrop_en_2893_p2893_c1",1,True,1.0
贵州凝冻天气导致多少车辆滞留？,5,newspaper_b95d1d8eb0d756cc94a5d8b5db3cf69b_1_p1_c3,"newspaper_b95d1d8eb0d756cc94a5d8b5db3cf69b_1_p1_c3,newspaper_eb569707cf5621d4c71d5898216cdb17_1_p1_c5,jiaocaineedrop_jiaocai_needrop_en_2893_p2893_c1,docstructbench_llm-raw-scihub-o.O-j.chroma.2005.05.085.pdf_4_p4_c4,jiaocaineedrop_jiaocai_needrop_en_3937_p3937_c0",1,True,1.0
迪尔玛在就职典礼后检阅了哪些军种仪仗队？,1,newspaper_b95d1d8eb0d756cc94a5d8b5db3cf69b_1_p1_c5,newspaper_b95d1d8eb0d756cc94a5d8b5db3cf69b_1_p1_c5,1,True,1.0
迪尔玛在就职典礼后检阅了哪些军种仪仗队？,3,newspaper_b95d1d8eb0d756cc94a5d8b5db3cf69b_1_p1_c5,"newspaper_b95d1d8eb0d756cc94a5d8b5db3cf69b_1_p1_c5,newspaper_The Globe and Mail - 2025-1-8@magazinesclubnew_page_027_p27_c1,jiaocaineedrop_jiaocai_needrop_en_2893_p2893_c1",1,True,1.0
迪尔玛在就职典礼后检阅了哪些军种仪仗队？,5,newspaper_b95d1d8eb0d756cc94a5d8b5db3cf69b_1_p1_c5,"newspaper_b95d1d8eb0d756cc94a5d8b5db3cf69b_1_p1_c5,newspaper_The Globe and Mail - 2025-1-8@magazinesclubnew_page_027_p27_c1,jiaocaineedrop_jiaocai_needrop_en_2893_p2893_c1,newspaper_Daily Mirror 2025-1-8@magazinesclubnew_page_058_p58_c0,newspaper_e62730aaeb9b509119e0c3699ac18201_1_p1_c3",1,True,1.0
该公司生产的设备主要用于哪些场景？,1,newspaper_b95d1d8eb0d756cc94a5d8b5db3cf69b_1_p1_c6,yanbaor2_bfe5f11c4ad2e94d966ef6801dc992816f42c9150e2be42b008c95f59713e901.pdf_137_p137_c0,0,False,0.0
该公司生产的设备主要用于哪些场景？,3,newspaper_b95d1d8eb0d756cc94a5d8b5db3cf69b_1_p1_c6,"yanbaor2_bfe5f11c4ad2e94d966ef6801dc992816f42c9150e2be42b008c95f59713e901.pdf_137_p137_c0,magazine_TheEconomist.2023.12.23_page_012_p12_c6,newspaper_2c69e142b52dbb30cac2cb11d3eb25e5_1_p1_c3",0,False,0.0
该公司生产的设备主要用于哪些场景？,5,newspaper_b95d1d8eb0d756cc94a5d8b5db3cf69b_1_p1_c6,"yanbaor2_bfe5f11c4ad2e94d966ef6801dc992816f42c9150e2be42b008c95f59713e901.pdf_137_p137_c0,magazine_TheEconomist.2023.12.23_page_012_p12_c6,newspaper_2c69e142b52dbb30cac2cb11d3eb25e5_1_p1_c3,yanbaor2_930d8c81854d7450cd35af7b050fed88e4e461b4f0ac0dab07e3232a4e703a06.pdf_14_p14_c2,newspaper_35bdaa11dec104ccbdc9e19ac8527d21_1_p1_c6",0,False,0.0
What was the Cronbach's alpha value for the BI construct?,1,scihub_ijcac.2012040101.pdf_5_p5_c0,scihub_ijcac.2012040101.pdf_5_p5_c0,1,True,1.0
What was the Cronbach's alpha value for the BI construct?,3,scihub_ijcac.2012040101.pdf_5_p5_c0,"scihub_ijcac.2012040101.pdf_5_p5_c0,scihub_ijcac.2012040101.pdf_5_p5_c1,yanbaopptmerge_e60b3b61281e87ddf42f9321a9e6ef9d.pdf_159_p159_c1",1,True,1.0
What was the Cronbach's alpha value for the BI construct?,5,scihub_ijcac.2012040101.pdf_5_p5_c0,"scihub_ijcac.2012040101.pdf_5_p5_c0,scihub_ijcac.2012040101.pdf_5_p5_c1,yanbaopptmerge_e60b3b61281e87ddf42f9321a9e6ef9d.pdf_159_p159_c1,docstructbench_llm-raw-scihub-o.O-j.chroma.2005.05.085.pdf_4_p4_c6,jiaocaineedrop_jiaocai_needrop_en_453_p453_c4",1,True,1.0
Which table shows the correlation matrix for the factor analysis?,1,scihub_ijcac.2012040101.pdf_5_p5_c1,scihub_ijcac.2012040101.pdf_5_p5_c1,1,True,1.0
Which table shows the correlation matrix for the factor analysis?,3,scihub_ijcac.2012040101.pdf_5_p5_c1,"scihub_ijcac.2012040101.pdf_5_p5_c1,newspaper_The Wall Street Journal - 2025-01-08@magazinesclubnew_page_018_p18_c0,jiaocaineedrop_Chapter9.pdf_46_p46_c0",1,True,1.0
Which table shows the correlation matrix for the factor analysis?,5,scihub_ijcac.2012040101.pdf_5_p5_c1,"scihub_ijcac.2012040101.pdf_5_p5_c1,newspaper_The Wall Street Journal - 2025-01-08@magazinesclubnew_page_018_p18_c0,jiaocaineedrop_Chapter9.pdf_46_p46_c0,docstructbench_llm-raw-scihub-o.O-j.chroma.2005.03.134.pdf_6_p6_c5,yanbaopptmerge_e60b3b61281e87ddf42f9321a9e6ef9d.pdf_159_p159_c1",1,True,1.0
What percentage of respondents were male?,1,scihub_ijcac.2012040101.pdf_5_p5_c2,scihub_ijcac.2012040101.pdf_5_p5_c2,1,True,1.0
What percentage of respondents were male?,3,scihub_ijcac.2012040101.pdf_5_p5_c2,"scihub_ijcac.2012040101.pdf_5_p5_c2,docstructbench_llm-raw-scihub-o.O-hup.908.pdf_5_p5_c4,yanbaopptmerge_e60b3b61281e87ddf42f9321a9e6ef9d.pdf_159_p159_c0",1,True,1.0
What percentage of respondents were male?,5,scihub_ijcac.2012040101.pdf_5_p5_c2,"scihub_ijcac.2012040101.pdf_5_p5_c2,docstructbench_llm-raw-scihub-o.O-hup.908.pdf_5_p5_c4,yanbaopptmerge_e60b3b61281e87ddf42f9321a9e6ef9d.pdf_159_p159_c0,scihub_bloodadvances.2019030924.pdf_3_p3_c5,yanbaopptmerge_e60b3b61281e87ddf42f9321a9e6ef9d.pdf_159_p159_c1",1,True,1.0
What percentage of variance was explained by the model?,1,scihub_ijcac.2012040101.pdf_5_p5_c3,scihub_ijcac.2012040101.pdf_5_p5_c3,1,True,1.0
What percentage of variance was explained by the model?,3,scihub_ijcac.2012040101.pdf_5_p5_c3,"scihub_ijcac.2012040101.pdf_5_p5_c3,docstructbench_llm-raw-scihub-o.O-j.chroma.2005.05.085.pdf_4_p4_c8,magazine_TheEconomist.2024.03.02_page_075_p75_c4",1,True,1.0
What percentage of variance was explained by the model?,5,scihub_ijcac.2012040101.pdf_5_p5_c3,"scihub_ijcac.2012040101.pdf_5_p5_c3,docstructbench_llm-raw-scihub-o.O-j.chroma.2005.05.085.pdf_4_p4_c8,magazine_TheEconomist.2024.03.02_page_075_p75_c4,scihub_ijcac.2012040101.pdf_5_p5_c1,jiaocaineedrop_jiaocai_needrop_en_453_p453_c4",1,True,1.0
What is the phone number for the news hotline?,1,newspaper_eb569707cf5621d4c71d5898216cdb17_1_p1_c0,newspaper_eb569707cf5621d4c71d5898216cdb17_1_p1_c0,1,True,1.0
What is the phone number for the news hotline?,3,newspaper_eb569707cf5621d4c71d5898216cdb17_1_p1_c0,"newspaper_eb569707cf5621d4c71d5898216cdb17_1_p1_c0,yanbaopptmerge_e60b3b61281e87ddf42f9321a9e6ef9d.pdf_159_p159_c1,yanbaopptmerge_5473246b8da789b9bfdeef53a70c4d72afd480415d5cbcedb83d105856710328.pdf_8_p8_c1",1,True,1.0
What is the phone number for the news hotline?,5,newspaper_eb569707cf5621d4c71d5898216cdb17_1_p1_c0,"newspaper_eb569707cf5621d4c71d5898216cdb17_1_p1_c0,yanbaopptmerge_e60b3b61281e87ddf42f9321a9e6ef9d.pdf_159_p159_c1,yanbaopptmerge_5473246b8da789b9bfdeef53a70c4d72afd480415d5cbcedb83d105856710328.pdf_8_p8_c1,jiaocaineedrop_jiaocai_needrop_en_961_p961_c0,newspaper_The Globe and Mail - 2025-1-8@magazinesclubnew_page_014_p14_c0",1,True,1.0
刘云山强调文化服务应坚持什么方向？,1,newspaper_eb569707cf5621d4c71d5898216cdb17_1_p1_c1,newspaper_eb569707cf5621d4c71d5898216cdb17_1_p1_c1,1,True,1.0
刘云山强调文化服务应坚持什么方向？,3,newspaper_eb569707cf5621d4c71d5898216cdb17_1_p1_c1,"newspaper_eb569707cf5621d4c71d5898216cdb17_1_p1_c1,newspaper_eb569707cf5621d4c71d5898216cdb17_1_p1_c12,newspaper_2c69e142b52dbb30cac2cb11d3eb25e5_1_p1_c3",1,True,1.0
刘云山强调文化服务应坚持什么方向？,5,newspaper_eb569707cf5621d4c71d5898216cdb17_1_p1_c1,"newspaper_eb569707cf5621d4c71d5898216cdb17_1_p1_c1,newspaper_eb569707cf5621d4c71d5898216cdb17_1_p1_c12,newspaper_2c69e142b52dbb30cac2cb11d3eb25e5_1_p1_c3,magazine_TheEconomist.2024.03.02_page_032_p32_c3,docstructbench_dianzishu_zhongwenzaixian-o.O-63678132.pdf_161_p161_c0",1,True,1.0
黑龙江省粮食总产量是多少亿斤？,1,newspaper_eb569707cf5621d4c71d5898216cdb17_1_p1_c2,newspaper_eb569707cf5621d4c71d5898216cdb17_1_p1_c3,0,False,0.0
黑龙江省粮食总产量是多少亿斤？,3,newspaper_eb569707cf5621d4c71d5898216cdb17_1_p1_c2,"newspaper_eb569707cf5621d4c71d5898216cdb17_1_p1_c3,newspaper_eb569707cf5621d4c71d5898216cdb17_1_p1_c2,newspaper_0b1bb8d03b4287eb95f67b68c2cf9f92_1_p1_c0",2,True,1.0
黑龙江省粮食总产量是多少亿斤？,5,newspaper_eb569707cf5621d4c71d5898216cdb17_1_p1_c2,"newspaper_eb569707cf5621d4c71d5898216cdb17_1_p1_c3,newspaper_eb569707cf5621d4c71d5898216cdb17_1_p1_c2,newspaper_0b1bb8d03b4287eb95f67b68c2cf9f92_1_p1_c0,jiaocaineedrop_jiaocai_needrop_en_2893_p2893_c1,newspaper_eb569707cf5621d4c71d5898216cdb17_1_p1_c5",2,True,1.0
黑龙江如何实现粮食增产和农民增收有机统一？,1,newspaper_eb569707cf5621d4c71d5898216cdb17_1_p1_c3,newspaper_eb569707cf5621d4c71d5898216cdb17_1_p1_c3,1,True,1.0
黑龙江如何实现粮食增产和农民增收有机统一？,3,newspaper_eb569707cf5621d4c71d5898216cdb17_1_p1_c3,"newspaper_eb569707cf5621d4c71d5898216cdb17_1_p1_c3,newspaper_fe2c8b45b2a086cd75984640bb3080e1_1_p1_c6,newspaper_eb569707cf5621d4c71d5898216cdb17_1_p1_c2",1,True,1.0
黑龙江如何实现粮食增产和农民增收有机统一？,5,newspaper_eb569707cf5621d4c71d5898216cdb17_1_p1_c3,"newspaper_eb569707cf5621d4c71d5898216cdb17_1_p1_c3,newspaper_fe2c8b45b2a086cd75984640bb3080e1_1_p1_c6,newspaper_eb569707cf5621d4c71d5898216cdb17_1_p1_c2,newspaper_2c69e142b52dbb30cac2cb11d3eb25e5_1_p1_c6,newspaper_0b1bb8d03b4287eb95f67b68c2cf9f92_1_p1_c1",1,True,1.0
刘志国为何愁容满面？,1,newspaper_eb569707cf5621d4c71d5898216cdb17_1_p1_c4,newspaper_eb569707cf5621d4c71d5898216cdb17_1_p1_c4,1,True,1.0
刘志国为何愁容满面？,3,newspaper_eb569707cf5621d4c71d5898216cdb17_1_p1_c4,"newspaper_eb569707cf5621d4c71d5898216cdb17_1_p1_c4,newspaper_eb569707cf5621d4c71d5898216cdb17_1_p1_c5,jiaocaineedrop_jiaocai_needrop_en_2893_p2893_c1",1,True,1.0
刘志国为何愁容满面？,5,newspaper_eb569707cf5621d4c71d5898216cdb17_1_p1_c4,"newspaper_eb569707cf5621d4c71d5898216cdb17_1_p1_c4,newspaper_eb569707cf5621d4c71d5898216cdb17_1_p1_c5,jiaocaineedrop_jiaocai_needrop_en_2893_p2893_c1,newspaper_e62730aaeb9b509119e0c3699ac18201_1_p1_c13,yanbaopptmerge_yanbaoPPT_4975_p4975_c0",1,True,1.0
省委省政府在春播期间采取了哪些具体措施？,1,newspaper_eb569707cf5621d4c71d5898216cdb17_1_p1_c5,newspaper_eb569707cf5621d4c71d5898216cdb17_1_p1_c5,1,True,1.0
省委省政府在春播期间采取了哪些具体措施？,3,newspaper_eb569707cf5621d4c71d5898216cdb17_1_p1_c5,"newspaper_eb569707cf5621d4c71d5898216cdb17_1_p1_c5,newspaper_eb569707cf5621d4c71d5898216cdb17_1_p1_c7,newspaper_eb569707cf5621d4c71d5898216cdb17_1_p1_c11",1,True,1.0
省委省政府在春播期间采取了哪些具体措施？,5,newspaper_eb569707cf5621d4c71d5898216cdb17_1_p1_c5,"newspaper_eb569707cf5621d4c71d5898216cdb17_1_p1_c5,newspaper_eb569707cf5621d4c71d5898216cdb17_1_p1_c7,newspaper_eb569707cf5621d4c71d5898216cdb17_1_p1_c11,newspaper_35bdaa11dec104ccbdc9e19ac8527d21_1_p1_c6,docstructbench_dianzishu_zhongwenzaixian-o.O-63678132.pdf_161_p161_c0",1,True,1.0
邮储银行在农村地区发放的贷款金额占全部小额贷款累计发放金额的比例是多少？,1,newspaper_eb569707cf5621d4c71d5898216cdb17_1_p1_c6,newspaper_eb569707cf5621d4c71d5898216cdb17_1_p1_c6,1,True,1.0
邮储银行在农村地区发放的贷款金额占全部小额贷款累计发放金额的比例是多少？,3,newspaper_eb569707cf5621d4c71d5898216cdb17_1_p1_c6,"newspaper_eb569707cf5621d4c71d5898216cdb17_1_p1_c6,yanbaopptmerge_51e549c0d1a2669ac976409fcf99ce91908b1e0a07f0fc70d92263abf6d07f18.pdf_1_p1_c1,jiaocaineedrop_jiaocai_needrop_en_2893_p2893_c1",1,True,1.0
邮储银行在农村地区发放的贷款金额占全部小额贷款累计发放金额的比例是多少？,5,newspaper_eb569707cf5621d4c71d5898216cdb17_1_p1_c6,"newspaper_eb569707cf5621d4c71d5898216cdb17_1_p1_c6,yanbaopptmerge_51e549c0d1a2669ac976409fcf99ce91908b1e0a07f0fc70d92263abf6d07f18.pdf_1_p1_c1,jiaocaineedrop_jiaocai_needrop_en_2893_p2893_c1,newspaper_2c69e142b52dbb30cac2cb11d3eb25e5_1_p1_c0,newspaper_e62730aaeb9b509119e0c3699ac18201_1_p1_c8",1,True,1.0
贵阳市采取了哪些措施保障‘两节’期间农副产品供应？,1,newspaper_eb569707cf5621d4c71d5898216cdb17_1_p1_c7,newspaper_eb569707cf5621d4c71d5898216cdb17_1_p1_c7,1,True,1.0
贵阳市采取了哪些措施保障‘两节’期间农副产品供应？,3,newspaper_eb569707cf5621d4c71d5898216cdb17_1_p1_c7,"newspaper_eb569707cf5621d4c71d5898216cdb17_1_p1_c7,newspaper_35bdaa11dec104ccbdc9e19ac8527d21_1_p1_c6,newspaper_2c69e142b52dbb30cac2cb11d3eb25e5_1_p1_c6",1,True,1.0
贵阳市采取了哪些措施保障‘两节’期间农副产品供应？,5,newspaper_eb569707cf5621d4c71d5898216cdb17_1_p1_c7,"newspaper_eb569707cf5621d4c71d5898216cdb17_1_p1_c7,newspaper_35bdaa11dec104ccbdc9e19ac8527d21_1_p1_c6,newspaper_2c69e142b52dbb30cac2cb11d3eb25e5_1_p1_c6,newspaper_fe2c8b45b2a086cd75984640bb3080e1_1_p1_c1,newspaper_0b1bb8d03b4287eb95f67b68c2cf9f92_1_p1_c1",1,True,1.0
青海马铃薯种植面积在2009年达到多少？,1,newspaper_eb569707cf5621d4c71d5898216cdb17_1_p1_c9,newspaper_eb569707cf5621d4c71d5898216cdb17_1_p1_c9,1,True,1.0
青海马铃薯种植面积在2009年达到多少？,3,newspaper_eb569707cf5621d4c71d5898216cdb17_1_p1_c9,"newspaper_eb569707cf5621d4c71d5898216cdb17_1_p1_c9,newspaper_eb569707cf5621d4c71d5898216cdb17_1_p1_c8,newspaper_eb569707cf5621d4c71d5898216cdb17_1_p1_c10",1,True,1.0
青海马铃薯种植面积在2009年达到多少？,5,newspaper_eb569707cf5621d4c71d5898216cdb17_1_p1_c9,"newspaper_eb569707cf5621d4c71d5898216cdb17_1_p1_c9,newspaper_eb569707cf5621d4c71d5898216cdb17_1_p1_c8,newspaper_eb569707cf5621d4c71d5898216cdb17_1_p1_c10,newspaper_fe2c8b45b2a086cd75984640bb3080e1_1_p1_c4,newspaper_fe2c8b45b2a086cd75984640bb3080e1_1_p1_c7",1,True,1.0
青海蔬菜种植面积达到多少万亩？,1,newspaper_eb569707cf5621d4c71d5898216cdb17_1_p1_c10,newspaper_eb569707cf5621d4c71d5898216cdb17_1_p1_c9,0,False,0.0
青海蔬菜种植面积达到多少万亩？,3,newspaper_eb569707cf5621d4c71d5898216cdb17_1_p1_c10,"newspaper_eb569707cf5621d4c71d5898216cdb17_1_p1_c9,newspaper_eb569707cf5621d4c71d5898216cdb17_1_p1_c8,newspaper_eb569707cf5621d4c71d5898216cdb17_1_p1_c10",3,True,1.0
青海蔬菜种植面积达到多少万亩？,5,newspaper_eb569707cf5621d4c71d5898216cdb17_1_p1_c10,"newspaper_eb569707cf5621d4c71d5898216cdb17_1_p1_c9,newspaper_eb569707cf5621d4c71d5898216cdb17_1_p1_c8,newspaper_eb569707cf5621d4c71d5898216cdb17_1_p1_c10,newspaper_35bdaa11dec104ccbdc9e19ac8527d21_1_p1_c4,newspaper_2c69e142b52dbb30cac2cb11d3eb25e5_1_p1_c6",3,True,1.0
国家发改委在‘十二五’期间如何加大农村沼气投资力度？,1,newspaper_eb569707cf5621d4c71d5898216cdb17_1_p1_c11,newspaper_eb569707cf5621d4c71d5898216cdb17_1_p1_c11,1,True,1.0
国家发改委在‘十二五’期间如何加大农村沼气投资力度？,3,newspaper_eb569707cf5621d4c71d5898216cdb17_1_p1_c11,"newspaper_eb569707cf5621d4c71d5898216cdb17_1_p1_c11,newspaper_eb569707cf5621d4c71d5898216cdb17_1_p1_c10,newspaper_eb569707cf5621d4c71d5898216cdb17_1_p1_c12",1,True,1.0
国家发改委在‘十二五’期间如何加大农村沼气投资力度？,5,newspaper_eb569707cf5621d4c71d5898216cdb17_1_p1_c11,"newspaper_eb569707cf5621d4c71d5898216cdb17_1_p1_c11,newspaper_eb569707cf5621d4c71d5898216cdb17_1_p1_c10,newspaper_eb569707cf5621d4c71d5898216cdb17_1_p1_c12,newspaper_2c69e142b52dbb30cac2cb11d3eb25e5_1_p1_c10,newspaper_e62730aaeb9b509119e0c3699ac18201_1_p1_c8",1,True,1.0
四川省如何推进现代农业产业基地建设提升发展？,1,newspaper_eb569707cf5621d4c71d5898216cdb17_1_p1_c12,newspaper_eb569707cf5621d4c71d5898216cdb17_1_p1_c12,1,True,1.0
四川省如何推进现代农业产业基地建设提升发展？,3,newspaper_eb569707cf5621d4c71d5898216cdb17_1_p1_c12,"newspaper_eb569707cf5621d4c71d5898216cdb17_1_p1_c12,newspaper_eb569707cf5621d4c71d5898216cdb17_1_p1_c11,newspaper_2c69e142b52dbb30cac2cb11d3eb25e5_1_p1_c10",1,True,1.0
四川省如何推进现代农业产业基地建设提升发展？,5,newspaper_eb569707cf5621d4c71d5898216cdb17_1_p1_c12,"newspaper_eb569707cf5621d4c71d5898216cdb17_1_p1_c12,newspaper_eb569707cf5621d4c71d5898216cdb17_1_p1_c11,newspaper_2c69e142b52dbb30cac2cb11d3eb25e5_1_p1_c10,newspaper_2c69e142b52dbb30cac2cb11d3eb25e5_1_p1_c3,newspaper_0b1bb8d03b4287eb95f67b68c2cf9f92_1_p1_c1",1,True,1.0
全面模型总表的表格标题是什么？,1,docstructbench_dianzishu_zhongwenzaixian-o.O-61523162.pdf_276_p276_c0,docstructbench_dianzishu_zhongwenzaixian-o.O-61523162.pdf_276_p276_c0,1,True,1.0
全面模型总表的表格标题是什么？,3,docstructbench_dianzishu_zhongwenzaixian-o.O-61523162.pdf_276_p276_c0,"docstructbench_dianzishu_zhongwenzaixian-o.O-61523162.pdf_276_p276_c0,exam_paper_2016年安徽省中考英语试题（解析）_page_003_p3_c2,yanbaopptmerge_2f4902871606698497c53ccb18d3fec2f83d05047d883cd65bbce26bfb27bcd2.pdf_1_p1_c0",1,True,1.0
全面模型总表的表格标题是什么？,5,docstructbench_dianzishu_zhongwenzaixian-o.O-61523162.pdf_276_p276_c0,"docstructbench_dianzishu_zhongwenzaixian-o.O-61523162.pdf_276_p276_c0,exam_paper_2016年安徽省中考英语试题（解析）_page_003_p3_c2,yanbaopptmerge_2f4902871606698497c53ccb18d3fec2f83d05047d883cd65bbce26bfb27bcd2.pdf_1_p1_c0,newspaper_The Wall Street Journal - 2025-01-08@magazinesclubnew_page_018_p18_c0,newspaper_eb569707cf5621d4c71d5898216cdb17_1_p1_c11",1,True,1.0
What is the value of $ F_i $ for $ i = 1 $?,1,exam_paper_en-file-putnam-archive_2012_Solutions_2012s_page_001_p1_c0,exam_paper_en-file-putnam-archive_2011_Solutions_2011s_page_002_p2_c1,0,False,0.0
What is the value of $ F_i $ for $ i = 1 $?,3,exam_paper_en-file-putnam-archive_2012_Solutions_2012s_page_001_p1_c0,"exam_paper_en-file-putnam-archive_2011_Solutions_2011s_page_002_p2_c1,exam_paper_en-file-putnam-archive_2012_Solutions_2012s_page_001_p1_c0,exam_paper_en-file-putnam-archive_2009_Solutions_2009s_page_003_p3_c5",2,True,1.0
What is the value of $ F_i $ for $ i = 1 $?,5,exam_paper_en-file-putnam-archive_2012_Solutions_2012s_page_001_p1_c0,"exam_paper_en-file-putnam-archive_2011_Solutions_2011s_page_002_p2_c1,exam_paper_en-file-putnam-archive_2012_Solutions_2012s_page_001_p1_c0,exam_paper_en-file-putnam-archive_2009_Solutions_2009s_page_003_p3_c5,scihub_ijcac.2012040101.pdf_5_p5_c3,exam_paper_en-file-putnam-archive_2009_Solutions_2009s_page_003_p3_c0",2,True,1.0
"What is the function f(x) defined for all x in [-1, 1]?",1,exam_paper_en-file-putnam-archive_2012_Solutions_2012s_page_001_p1_c1,exam_paper_en-file-putnam-archive_1996_Solutions_1996s_page_002_p2_c4,0,False,0.0
"What is the function f(x) defined for all x in [-1, 1]?",3,exam_paper_en-file-putnam-archive_2012_Solutions_2012s_page_001_p1_c1,"exam_paper_en-file-putnam-archive_1996_Solutions_1996s_page_002_p2_c4,exam_paper_en-file-putnam-archive_2012_Solutions_2012s_page_001_p1_c1,exam_paper_en-file-putnam-archive_1996_Solutions_1996s_page_002_p2_c2",2,True,1.0
"What is the function f(x) defined for all x in [-1, 1]?",5,exam_paper_en-file-putnam-archive_2012_Solutions_2012s_page_001_p1_c1,"exam_paper_en-file-putnam-archive_1996_Solutions_1996s_page_002_p2_c4,exam_paper_en-file-putnam-archive_2012_Solutions_2012s_page_001_p1_c1,exam_paper_en-file-putnam-archive_1996_Solutions_1996s_page_002_p2_c2,exam_paper_en-file-putnam-archive_1999_Solutions_1999s_page_002_p2_c2,exam_paper_en-file-putnam-archive_1999_Solutions_1999s_page_003_p3_c3",2,True,1.0
What is the condition that is stated as unnecessary by Noam Elkies?,1,exam_paper_en-file-putnam-archive_2012_Solutions_2012s_page_001_p1_c2,notes_f7f010b78016aeebd76e56d9283eb67f_72_p72_c3,0,False,0.0
What is the condition that is stated as unnecessary by Noam Elkies?,3,exam_paper_en-file-putnam-archive_2012_Solutions_2012s_page_001_p1_c2,"notes_f7f010b78016aeebd76e56d9283eb67f_72_p72_c3,exam_paper_en-file-putnam-archive_2012_Solutions_2012s_page_001_p1_c2,jiaocaineedrop_Evans_PDE_Solution_Chapter_6_Second-Order_Elliptic_Equations.pdf_5_p5_c0",2,True,1.0
What is the condition that is stated as unnecessary by Noam Elkies?,5,exam_paper_en-file-putnam-archive_2012_Solutions_2012s_page_001_p1_c2,"notes_f7f010b78016aeebd76e56d9283eb67f_72_p72_c3,exam_paper_en-file-putnam-archive_2012_Solutions_2012s_page_001_p1_c2,jiaocaineedrop_Evans_PDE_Solution_Chapter_6_Second-Order_Elliptic_Equations.pdf_5_p5_c0,exam_paper_en-file-putnam-archive_2007_Solutions_2007s_page_001_p1_c4,exam_paper_en-file-putnam-archive_1995_Solutions_1995s_page_002_p2_c4",2,True,1.0
What is the formula for $ a_{4} $?,1,exam_paper_en-file-putnam-archive_2012_Solutions_2012s_page_001_p1_c3,docstructbench_llm-raw-scihub-o.O-j.physletb.2004.11.060.pdf_2_p2_c3,0,False,0.0
What is the formula for $ a_{4} $?,3,exam_paper_en-file-putnam-archive_2012_Solutions_2012s_page_001_p1_c3,"docstructbench_llm-raw-scihub-o.O-j.physletb.2004.11.060.pdf_2_p2_c3,yanbaopptmerge_3aa9b6677e17fd012b0a7a230b9f18db.pdf_1327_p1327_c1,book_zh_JGJ1022003_extracted_page_27_p27_c1",0,False,0.0
What is the formula for $ a_{4} $?,5,exam_paper_en-file-putnam-archive_2012_Solutions_2012s_page_001_p1_c3,"docstructbench_llm-raw-scihub-o.O-j.physletb.2004.11.060.pdf_2_p2_c3,yanbaopptmerge_3aa9b6677e17fd012b0a7a230b9f18db.pdf_1327_p1327_c1,book_zh_JGJ1022003_extracted_page_27_p27_c1,jiaocaineedrop_Chapter9.pdf_46_p46_c0,PPT_lay_linalg5_01_05_page_009_p9_c0",0,False,0.0
What is the value of q in the example?,1,exam_paper_en-file-putnam-archive_2012_Solutions_2012s_page_001_p1_c4,exam_paper_en-file-putnam-archive_2012_Solutions_2012s_page_001_p1_c4,1,True,1.0
What is the value of q in the example?,3,exam_paper_en-file-putnam-archive_2012_Solutions_2012s_page_001_p1_c4,"exam_paper_en-file-putnam-archive_2012_Solutions_2012s_page_001_p1_c4,jiaocaineedrop_biz-96816.pdf_48_p48_c3,book_en_国外数学教材-数论-Melvyn B. Nathanson—Elementary Methods in Number Theory_0035_p35_c0",1,True,1.0
What is the value of q in the example?,5,exam_paper_en-file-putnam-archive_2012_Solutions_2012s_page_001_p1_c4,"exam_paper_en-file-putnam-archive_2012_Solutions_2012s_page_001_p1_c4,jiaocaineedrop_biz-96816.pdf_48_p48_c3,book_en_国外数学教材-数论-Melvyn B. Nathanson—Elementary Methods in Number Theory_0035_p35_c0,jiaocaineedrop_biz-96816.pdf_48_p48_c1,exam_paper_en-file-putnam-archive_2007_Solutions_2007s_page_001_p1_c1",1,True,1.0
What is the limit $L$ of the sequence $\{x_n\}$ when $x > r_2$?,1,exam_paper_en-file-putnam-archive_1996_Solutions_1996s_page_002_p2_c2,exam_paper_en-file-putnam-archive_1996_Solutions_1996s_page_002_p2_c2,1,True,1.0
What is the limit $L$ of the sequence $\{x_n\}$ when $x > r_2$?,3,exam_paper_en-file-putnam-archive_1996_Solutions_1996s_page_002_p2_c2,"exam_paper_en-file-putnam-archive_1996_Solutions_1996s_page_002_p2_c2,exam_paper_en-file-putnam-archive_1995_Solutions_1995s_page_002_p2_c2,exam_paper_en-file-putnam-archive_1996_Solutions_1996s_page_002_p2_c4",1,True,1.0
What is the limit $L$ of the sequence $\{x_n\}$ when $x > r_2$?,5,exam_paper_en-file-putnam-archive_1996_Solutions_1996s_page_002_p2_c2,"exam_paper_en-file-putnam-archive_1996_Solutions_1996s_page_002_p2_c2,exam_paper_en-file-putnam-archive_1995_Solutions_1995s_page_002_p2_c2,exam_paper_en-file-putnam-archive_1996_Solutions_1996s_page_002_p2_c4,exam_paper_en-file-putnam-archive_1999_Solutions_1999s_page_002_p2_c1,exam_paper_en-file-putnam-archive_2006_Solutions_2006s_page_006_p6_c4",1,True,1.0
What is the set denoted by [n]?,1,exam_paper_en-file-putnam-archive_1996_Solutions_1996s_page_002_p2_c4,exam_paper_en-file-putnam-archive_1996_Solutions_1996s_page_002_p2_c4,1,True,1.0
What is the set denoted by [n]?,3,exam_paper_en-file-putnam-archive_1996_Solutions_1996s_page_002_p2_c4,"exam_paper_en-file-putnam-archive_1996_Solutions_1996s_page_002_p2_c4,exam_paper_en-file-putnam-archive_1996_Solutions_1996s_page_002_p2_c5,yanbaopptmerge_SE14.pdf_1_p1_c0",1,True,1.0
What is the set denoted by [n]?,5,exam_paper_en-file-putnam-archive_1996_Solutions_1996s_page_002_p2_c4,"exam_paper_en-file-putnam-archive_1996_Solutions_1996s_page_002_p2_c4,exam_paper_en-file-putnam-archive_1996_Solutions_1996s_page_002_p2_c5,yanbaopptmerge_SE14.pdf_1_p1_c0,exam_paper_en-file-putnam-archive_1995_Solutions_1995s_page_002_p2_c4,docstructbench_llm-raw-scihub-o.O-j.apcata.2006.05.010.pdf_2_p2_c2",1,True,1.0
What is the value of f_1 and f_2 according to the document fragment?,1,exam_paper_en-file-putnam-archive_1996_Solutions_1996s_page_002_p2_c5,exam_paper_en-file-putnam-archive_1996_Solutions_1996s_page_002_p2_c5,1,True,1.0
What is the value of f_1 and f_2 according to the document fragment?,3,exam_paper_en-file-putnam-archive_1996_Solutions_1996s_page_002_p2_c5,"exam_paper_en-file-putnam-archive_1996_Solutions_1996s_page_002_p2_c5,exam_paper_2004-2019上海高考英语听力原文和答案_page_017_p17_c3,exam_paper_en-file-putnam-archive_1996_Solutions_1996s_page_002_p2_c4",1,True,1.0
What is the value of f_1 and f_2 according to the document fragment?,5,exam_paper_en-file-putnam-archive_1996_Solutions_1996s_page_002_p2_c5,"exam_paper_en-file-putnam-archive_1996_Solutions_1996s_page_002_p2_c5,exam_paper_2004-2019上海高考英语听力原文和答案_page_017_p17_c3,exam_paper_en-file-putnam-archive_1996_Solutions_1996s_page_002_p2_c4,exam_paper_en-file-putnam-archive_2009_Solutions_2009s_page_003_p3_c5,jiaocaineedrop_96657786.pdf_0_p0_c1",1,True,1.0
What is the equation for the Euclidean algorithm when applied to $ r_{1} $ and $ r_{2} $?,1,book_en_国外数学教材-数论-Melvyn B. Nathanson—Elementary Methods in Number Theory_0035_p35_c0,book_en_国外数学教材-数论-Melvyn B. Nathanson—Elementary Methods in Number Theory_0035_p35_c0,1,True,1.0
What is the equation for the Euclidean algorithm when applied to $ r_{1} $ and $ r_{2} $?,3,book_en_国外数学教材-数论-Melvyn B. Nathanson—Elementary Methods in Number Theory_0035_p35_c0,"book_en_国外数学教材-数论-Melvyn B. Nathanson—Elementary Methods in Number Theory_0035_p35_c0,book_en_国外数学教材-数论-Melvyn B. Nathanson—Elementary Methods in Number Theory_0035_p35_c2,exam_paper_en-file-putnam-archive_2016_Solutions_2016s_page_002_p2_c4",1,True,1.0
What is the equation for the Euclidean algorithm when applied to $ r_{1} $ and $ r_{2} $?,5,book_en_国外数学教材-数论-Melvyn B. Nathanson—Elementary Methods in Number Theory_0035_p35_c0,"book_en_国外数学教材-数论-Melvyn B. Nathanson—Elementary Methods in Number Theory_0035_p35_c0,book_en_国外数学教材-数论-Melvyn B. Nathanson—Elementary Methods in Number Theory_0035_p35_c2,exam_paper_en-file-putnam-archive_2016_Solutions_2016s_page_002_p2_c4,exam_paper_en-file-putnam-archive_1998_Solutions_1998s_page_002_p2_c4,exam_paper_en-file-putnam-archive_1996_Solutions_1996s_page_002_p2_c2",1,True,1.0
What is the title of the section containing the exercises?,1,book_en_国外数学教材-数论-Melvyn B. Nathanson—Elementary Methods in Number Theory_0035_p35_c1,jiaocaineedrop_jiaocai_needrop_en_237_p237_c0,0,False,0.0
What is the title of the section containing the exercises?,3,book_en_国外数学教材-数论-Melvyn B. Nathanson—Elementary Methods in Number Theory_0035_p35_c1,"jiaocaineedrop_jiaocai_needrop_en_237_p237_c0,color_textbook_zhonggaokao_小学_13.人教新起点英语（4-5年级）_人教新起点五年级英语下册_课本_人教新起点英语5B电子课本_page_011_p11_c0,newspaper_The Globe and Mail - 2025-1-8@magazinesclubnew_page_014_p14_c2",0,False,0.0
What is the title of the section containing the exercises?,5,book_en_国外数学教材-数论-Melvyn B. Nathanson—Elementary Methods in Number Theory_0035_p35_c1,"jiaocaineedrop_jiaocai_needrop_en_237_p237_c0,color_textbook_zhonggaokao_小学_13.人教新起点英语（4-5年级）_人教新起点五年级英语下册_课本_人教新起点英语5B电子课本_page_011_p11_c0,newspaper_The Globe and Mail - 2025-1-8@magazinesclubnew_page_014_p14_c2,yanbaopptmerge_e60b3b61281e87ddf42f9321a9e6ef9d.pdf_159_p159_c1,jiaocaineedrop_Chapter9.pdf_46_p46_c0",0,False,0.0
What is the greatest common divisor of 4534 and 1876?,1,book_en_国外数学教材-数论-Melvyn B. Nathanson—Elementary Methods in Number Theory_0035_p35_c2,book_en_国外数学教材-数论-Melvyn B. Nathanson—Elementary Methods in Number Theory_0035_p35_c2,1,True,1.0
What is the greatest common divisor of 4534 and 1876?,3,book_en_国外数学教材-数论-Melvyn B. Nathanson—Elementary Methods in Number Theory_0035_p35_c2,"book_en_国外数学教材-数论-Melvyn B. Nathanson—Elementary Methods in Number Theory_0035_p35_c2,jiaocaineedrop_AMC8_V5.pdf_64_p64_c1,book_en_国外数学教材-数论-Melvyn B. Nathanson—Elementary Methods in Number Theory_0035_p35_c1",1,True,1.0
What is the greatest common divisor of 4534 and 1876?,5,book_en_国外数学教材-数论-Melvyn B. Nathanson—Elementary Methods in Number Theory_0035_p35_c2,"book_en_国外数学教材-数论-Melvyn B. Nathanson—Elementary Methods in Number Theory_0035_p35_c2,jiaocaineedrop_AMC8_V5.pdf_64_p64_c1,book_en_国外数学教材-数论-Melvyn B. Nathanson—Elementary Methods in Number Theory_0035_p35_c1,eastmoney_e42b6e1cd2d48113ff4db8854e539d828d632bf9b1757e10cb8ddb2cfc7b1393.pdf_12_p12_c1,exam_paper_en-file-putnam-archive_1998_Solutions_1998s_page_002_p2_c4",1,True,1.0
制度史研究中‘见人不见物’的问题主要体现在什么方面？,1,jiaocaineedrop_jiaocai_needrop_en_377_p377_c0,jiaocaineedrop_jiaocai_needrop_en_377_p377_c1,0,False,0.0
制度史研究中‘见人不见物’的问题主要体现在什么方面？,3,jiaocaineedrop_jiaocai_needrop_en_377_p377_c0,"jiaocaineedrop_jiaocai_needrop_en_377_p377_c1,jiaocaineedrop_jiaocai_needrop_en_377_p377_c0,jiaocaineedrop_jiaocai_needrop_en_377_p377_c2",2,True,1.0
制度史研究中‘见人不见物’的问题主要体现在什么方面？,5,jiaocaineedrop_jiaocai_needrop_en_377_p377_c0,"jiaocaineedrop_jiaocai_needrop_en_377_p377_c1,jiaocaineedrop_jiaocai_needrop_en_377_p377_c0,jiaocaineedrop_jiaocai_needrop_en_377_p377_c2,jiaocaineedrop_jiaocai_needrop_en_155_p155_c2,jiaocaineedrop_jiaocai_needrop_en_155_p155_c0",2,True,1.0
制度史研究需要考虑哪些因素？,1,jiaocaineedrop_jiaocai_needrop_en_377_p377_c1,jiaocaineedrop_jiaocai_needrop_en_377_p377_c1,1,True,1.0
制度史研究需要考虑哪些因素？,3,jiaocaineedrop_jiaocai_needrop_en_377_p377_c1,"jiaocaineedrop_jiaocai_needrop_en_377_p377_c1,jiaocaineedrop_jiaocai_needrop_en_377_p377_c0,jiaocaineedrop_jiaocai_needrop_en_377_p377_c2",1,True,1.0
制度史研究需要考虑哪些因素？,5,jiaocaineedrop_jiaocai_needrop_en_377_p377_c1,"jiaocaineedrop_jiaocai_needrop_en_377_p377_c1,jiaocaineedrop_jiaocai_needrop_en_377_p377_c0,jiaocaineedrop_jiaocai_needrop_en_377_p377_c2,jiaocaineedrop_jiaocai_needrop_en_155_p155_c0,yanbaor2_ea86fd46182ff9b675775645ecaf43782b996ffaeeb09c679f56a47aabfbf6b7.pdf_9_p9_c0",1,True,1.0
材料二中提到的中国在太空探索领域的重要成就具体指什么？,1,jiaocaineedrop_jiaocai_needrop_en_377_p377_c2,jiaocaineedrop_jiaocai_needrop_en_377_p377_c2,1,True,1.0
材料二中提到的中国在太空探索领域的重要成就具体指什么？,3,jiaocaineedrop_jiaocai_needrop_en_377_p377_c2,"jiaocaineedrop_jiaocai_needrop_en_377_p377_c2,jiaocaineedrop_jiaocai_needrop_en_377_p377_c5,jiaocaineedrop_jiaocai_needrop_en_377_p377_c3",1,True,1.0
材料二中提到的中国在太空探索领域的重要成就具体指什么？,5,jiaocaineedrop_jiaocai_needrop_en_377_p377_c2,"jiaocaineedrop_jiaocai_needrop_en_377_p377_c2,jiaocaineedrop_jiaocai_needrop_en_377_p377_c5,jiaocaineedrop_jiaocai_needrop_en_377_p377_c3,jiaocaineedrop_jiaocai_needrop_en_377_p377_c4,yanbaor2_bfe5f11c4ad2e94d966ef6801dc992816f42c9150e2be42b008c95f59713e901.pdf_139_p139_c0",1,True,1.0
中国空间站代表着什么？,1,jiaocaineedrop_jiaocai_needrop_en_377_p377_c3,jiaocaineedrop_jiaocai_needrop_en_377_p377_c3,1,True,1.0
中国空间站代表着什么？,3,jiaocaineedrop_jiaocai_needrop_en_377_p377_c3,"jiaocaineedrop_jiaocai_needrop_en_377_p377_c3,jiaocaineedrop_jiaocai_needrop_en_377_p377_c4,jiaocaineedrop_jiaocai_needrop_en_377_p377_c2",1,True,1.0
中国空间站代表着什么？,5,jiaocaineedrop_jiaocai_needrop_en_377_p377_c3,"jiaocaineedrop_jiaocai_needrop_en_377_p377_c3,jiaocaineedrop_jiaocai_needrop_en_377_p377_c4,jiaocaineedrop_jiaocai_needrop_en_377_p377_c2,jiaocaineedrop_jiaocai_needrop_en_377_p377_c5,exam_paper_2016年安徽省中考英语试题（解析）_page_003_p3_c2",1,True,1.0
冯帆在水中抬头望去，看到了什么？,1,jiaocaineedrop_jiaocai_needrop_en_377_p377_c5,jiaocaineedrop_jiaocai_needrop_en_377_p377_c6,0,False,0.0
冯帆在水中抬头望去，看到了什么？,3,jiaocaineedrop_jiaocai_needrop_en_377_p377_c5,"jiaocaineedrop_jiaocai_needrop_en_377_p377_c6,jiaocaineedrop_jiaocai_needrop_en_377_p377_c5,jiaocaineedrop_jiaocai_needrop_en_1118_p1118_c1",2,True,1.0
冯帆在水中抬头望去，看到了什么？,5,jiaocaineedrop_jiaocai_needrop_en_377_p377_c5,"jiaocaineedrop_jiaocai_needrop_en_377_p377_c6,jiaocaineedrop_jiaocai_needrop_en_377_p377_c5,jiaocaineedrop_jiaocai_needrop_en_1118_p1118_c1,newspaper_2c69e142b52dbb30cac2cb11d3eb25e5_1_p1_c3,jiaocaineedrop_jiaocai_needrop_en_1836_p1836_c1",2,True,1.0
冯帆是如何到达峰顶的？,1,jiaocaineedrop_jiaocai_needrop_en_377_p377_c6,jiaocaineedrop_jiaocai_needrop_en_377_p377_c6,1,True,1.0
冯帆是如何到达峰顶的？,3,jiaocaineedrop_jiaocai_needrop_en_377_p377_c6,"jiaocaineedrop_jiaocai_needrop_en_377_p377_c6,jiaocaineedrop_jiaocai_needrop_en_377_p377_c5,yanbaopptmerge_yanbaoPPT_4975_p4975_c0",1,True,1.0
冯帆是如何到达峰顶的？,5,jiaocaineedrop_jiaocai_needrop_en_377_p377_c6,"jiaocaineedrop_jiaocai_needrop_en_377_p377_c6,jiaocaineedrop_jiaocai_needrop_en_377_p377_c5,yanbaopptmerge_yanbaoPPT_4975_p4975_c0,exam_paper_2016年安徽省中考英语试题（解析）_page_003_p3_c2,jiaocaineedrop_jiaocai_needrop_en_1836_p1836_c1",1,True,1.0
Which president issued Executive Order No.13166?,1,PPT_LEP power point presentation-English-FINAL-10-31-07_page_004_p4_c0,PPT_LEP power point presentation-English-FINAL-10-31-07_page_004_p4_c0,1,True,1.0
Which president issued Executive Order No.13166?,3,PPT_LEP power point presentation-English-FINAL-10-31-07_page_004_p4_c0,"PPT_LEP power point presentation-English-FINAL-10-31-07_page_004_p4_c0,yanbaor2_e2f6b15971d68a7f081216b0c0d8538cab413124fc8911f4db4fbb3d17f167c4.pdf_14_p14_c1,newspaper_fe5ed29024932fad071afc53807b16ba_1_p1_c3",1,True,1.0
Which president issued Executive Order No.13166?,5,PPT_LEP power point presentation-English-FINAL-10-31-07_page_004_p4_c0,"PPT_LEP power point presentation-English-FINAL-10-31-07_page_004_p4_c0,yanbaor2_e2f6b15971d68a7f081216b0c0d8538cab413124fc8911f4db4fbb3d17f167c4.pdf_14_p14_c1,newspaper_fe5ed29024932fad071afc53807b16ba_1_p1_c3,docstructbench_dianzishu_zhongwenzaixian-o.O-61323717.pdf_203_p203_c2,PPT_LEP power point presentation-English-FINAL-10-31-07_page_004_p4_c1",1,True,1.0
Which department was charged with providing LEP guidance to federal agencies?,1,PPT_LEP power point presentation-English-FINAL-10-31-07_page_004_p4_c1,PPT_LEP power point presentation-English-FINAL-10-31-07_page_004_p4_c1,1,True,1.0
Which department was charged with providing LEP guidance to federal agencies?,3,PPT_LEP power point presentation-English-FINAL-10-31-07_page_004_p4_c1,"PPT_LEP power point presentation-English-FINAL-10-31-07_page_004_p4_c1,PPT_LEP power point presentation-English-FINAL-10-31-07_page_004_p4_c0,jiaocaineedrop_chap15.pdf_3_p3_c0",1,True,1.0
Which department was charged with providing LEP guidance to federal agencies?,5,PPT_LEP power point presentation-English-FINAL-10-31-07_page_004_p4_c1,"PPT_LEP power point presentation-English-FINAL-10-31-07_page_004_p4_c1,PPT_LEP power point presentation-English-FINAL-10-31-07_page_004_p4_c0,jiaocaineedrop_chap15.pdf_3_p3_c0,newspaper_35bdaa11dec104ccbdc9e19ac8527d21_1_p1_c7,newspaper_e62730aaeb9b509119e0c3699ac18201_1_p1_c7",1,True,1.0
文章的第四部分主要描写什么内容？,1,yanbaopptmerge_yanbaoPPT_4900_p4900_c0,yanbaopptmerge_yanbaoPPT_4900_p4900_c0,1,True,1.0
文章的第四部分主要描写什么内容？,3,yanbaopptmerge_yanbaoPPT_4900_p4900_c0,"yanbaopptmerge_yanbaoPPT_4900_p4900_c0,jiaocaineedrop_jiaocai_needrop_en_377_p377_c0,notes_1ba14cb325bc448f7201b20502ecf2b5_123_p123_c0",1,True,1.0
文章的第四部分主要描写什么内容？,5,yanbaopptmerge_yanbaoPPT_4900_p4900_c0,"yanbaopptmerge_yanbaoPPT_4900_p4900_c0,jiaocaineedrop_jiaocai_needrop_en_377_p377_c0,notes_1ba14cb325bc448f7201b20502ecf2b5_123_p123_c0,jiaocaineedrop_jiaocai_needrop_en_2893_p2893_c0,notes_f7f010b78016aeebd76e56d9283eb67f_89_p89_c0",1,True,1.0
2022 Q1公司新签大额订单合同额为多少？,1,yanbaopptmerge_ee19df4a08e3d07ac1190446f5b3dd3f25438c661b87cf4fbb9040ac5fac443b.pdf_1_p1_c0,yanbaopptmerge_ee19df4a08e3d07ac1190446f5b3dd3f25438c661b87cf4fbb9040ac5fac443b.pdf_1_p1_c0,1,True,1.0
2022 Q1公司新签大额订单合同额为多少？,3,yanbaopptmerge_ee19df4a08e3d07ac1190446f5b3dd3f25438c661b87cf4fbb9040ac5fac443b.pdf_1_p1_c0,"yanbaopptmerge_ee19df4a08e3d07ac1190446f5b3dd3f25438c661b87cf4fbb9040ac5fac443b.pdf_1_p1_c0,yanbaopptmerge_ee19df4a08e3d07ac1190446f5b3dd3f25438c661b87cf4fbb9040ac5fac443b.pdf_1_p1_c1,jiaocaineedrop_jiaocai_needrop_en_2893_p2893_c1",1,True,1.0
2022 Q1公司新签大额订单合同额为多少？,5,yanbaopptmerge_ee19df4a08e3d07ac1190446f5b3dd3f25438c661b87cf4fbb9040ac5fac443b.pdf_1_p1_c0,"yanbaopptmerge_ee19df4a08e3d07ac1190446f5b3dd3f25438c661b87cf4fbb9040ac5fac443b.pdf_1_p1_c0,yanbaopptmerge_ee19df4a08e3d07ac1190446f5b3dd3f25438c661b87cf4fbb9040ac5fac443b.pdf_1_p1_c1,jiaocaineedrop_jiaocai_needrop_en_2893_p2893_c1,eastmoney_03e39833d520af7d1abb96dd624dcd15f2b57d061969d196e80922e2f590503f.pdf_22_p22_c2,jiaocaineedrop_jiaocai_needrop_en_3937_p3937_c0",1,True,1.0
What is the range of possible values for the sum of squares of the sequence?,1,exam_paper_en-file-putnam-archive_2000_Solutions_2000s_page_001_p1_c0,exam_paper_en-file-putnam-archive_2000_Solutions_2000s_page_001_p1_c0,1,True,1.0
What is the range of possible values for the sum of squares of the sequence?,3,exam_paper_en-file-putnam-archive_2000_Solutions_2000s_page_001_p1_c0,"exam_paper_en-file-putnam-archive_2000_Solutions_2000s_page_001_p1_c0,book_en_国外数学教材-数论-Melvyn B. Nathanson—Elementary Methods in Number Theory_0451_p451_c0,jiaocaineedrop_glossary.pdf_7_p7_c1",1,True,1.0
What is the range of possible values for the sum of squares of the sequence?,5,exam_paper_en-file-putnam-archive_2000_Solutions_2000s_page_001_p1_c0,"exam_paper_en-file-putnam-archive_2000_Solutions_2000s_page_001_p1_c0,book_en_国外数学教材-数论-Melvyn B. Nathanson—Elementary Methods in Number Theory_0451_p451_c0,jiaocaineedrop_glossary.pdf_7_p7_c1,jiaocaineedrop_jiaocai_needrop_en_1564_p1564_c1,yanbaopptmerge_e60b3b61281e87ddf42f9321a9e6ef9d.pdf_159_p159_c1",1,True,1.0
What is the expression for n in the fourth solution?,1,exam_paper_en-file-putnam-archive_2000_Solutions_2000s_page_001_p1_c1,exam_paper_en-file-putnam-archive_2007_Solutions_2007s_page_005_p5_c0,0,False,0.0
What is the expression for n in the fourth solution?,3,exam_paper_en-file-putnam-archive_2000_Solutions_2000s_page_001_p1_c1,"exam_paper_en-file-putnam-archive_2007_Solutions_2007s_page_005_p5_c0,newspaper_The Globe and Mail - 2025-1-8@magazinesclubnew_page_027_p27_c5,PPT_lay_linalg5_01_05_page_009_p9_c0",0,False,0.0
What is the expression for n in the fourth solution?,5,exam_paper_en-file-putnam-archive_2000_Solutions_2000s_page_001_p1_c1,"exam_paper_en-file-putnam-archive_2007_Solutions_2007s_page_005_p5_c0,newspaper_The Globe and Mail - 2025-1-8@magazinesclubnew_page_027_p27_c5,PPT_lay_linalg5_01_05_page_009_p9_c0,yanbaopptmerge_e60b3b61281e87ddf42f9321a9e6ef9d.pdf_159_p159_c1,exam_paper_en-file-putnam-archive_2006_Solutions_2006s_page_006_p6_c3",0,False,0.0
What is the maximum area of the octagon?,1,exam_paper_en-file-putnam-archive_2000_Solutions_2000s_page_001_p1_c2,exam_paper_en-file-putnam-archive_2000_Solutions_2000s_page_001_p1_c2,1,True,1.0
What is the maximum area of the octagon?,3,exam_paper_en-file-putnam-archive_2000_Solutions_2000s_page_001_p1_c2,"exam_paper_en-file-putnam-archive_2000_Solutions_2000s_page_001_p1_c2,jiaocaineedrop_jiaocai_needrop_en_1473_p1473_c1,yanbaopptmerge_e60b3b61281e87ddf42f9321a9e6ef9d.pdf_159_p159_c1",1,True,1.0
What is the maximum area of the octagon?,5,exam_paper_en-file-putnam-archive_2000_Solutions_2000s_page_001_p1_c2,"exam_paper_en-file-putnam-archive_2000_Solutions_2000s_page_001_p1_c2,jiaocaineedrop_jiaocai_needrop_en_1473_p1473_c1,yanbaopptmerge_e60b3b61281e87ddf42f9321a9e6ef9d.pdf_159_p159_c1,exam_paper_en-file-putnam-archive_1998_Solutions_1998s_page_002_p2_c0,jiaocaineedrop_jiaocai_needrop_en_961_p961_c0",1,True,1.0
近视对孩子的心理健康有哪些具体影响？,1,yanbaopptmerge_yanbaoPPT_495_p495_c0,yanbaopptmerge_yanbaoPPT_495_p495_c0,1,True,1.0
近视对孩子的心理健康有哪些具体影响？,3,yanbaopptmerge_yanbaoPPT_495_p495_c0,"yanbaopptmerge_yanbaoPPT_495_p495_c0,docstructbench_llm-raw-scihub-o.O-hup.908.pdf_5_p5_c3,newspaper_e62730aaeb9b509119e0c3699ac18201_1_p1_c13",1,True,1.0
近视对孩子的心理健康有哪些具体影响？,5,yanbaopptmerge_yanbaoPPT_495_p495_c0,"yanbaopptmerge_yanbaoPPT_495_p495_c0,docstructbench_llm-raw-scihub-o.O-hup.908.pdf_5_p5_c3,newspaper_e62730aaeb9b509119e0c3699ac18201_1_p1_c13,docstructbench_llm-raw-scihub-o.O-hup.908.pdf_5_p5_c1,jiaocaineedrop_jiaocai_needrop_en_377_p377_c0",1,True,1.0
What is the ending for the 2nd person singular in Spanish?,1,PPT_8076_MEYER_Chapter_2_-_Language_Change_page_014_p14_c0,PPT_8076_MEYER_Chapter_2_-_Language_Change_page_014_p14_c0,1,True,1.0
What is the ending for the 2nd person singular in Spanish?,3,PPT_8076_MEYER_Chapter_2_-_Language_Change_page_014_p14_c0,"PPT_8076_MEYER_Chapter_2_-_Language_Change_page_014_p14_c0,jiaocaineedrop_biz-96816.pdf_48_p48_c3,notes_f7f010b78016aeebd76e56d9283eb67f_52_p52_c0",1,True,1.0
What is the ending for the 2nd person singular in Spanish?,5,PPT_8076_MEYER_Chapter_2_-_Language_Change_page_014_p14_c0,"PPT_8076_MEYER_Chapter_2_-_Language_Change_page_014_p14_c0,jiaocaineedrop_biz-96816.pdf_48_p48_c3,notes_f7f010b78016aeebd76e56d9283eb67f_52_p52_c0,newspaper_The Globe and Mail - 2025-1-8@magazinesclubnew_page_027_p27_c5,yanbaopptmerge_yanbaoPPT_5945_p5945_c0",1,True,1.0
What is an example of a four-dimensional subspace?,1,book_en_国外数学教材-非数学专业教材-线性代数-Gilbert Strang—Linear Algebra and Its Applications 4e_0119_p119_c0,book_en_国外数学教材-非数学专业教材-线性代数-Gilbert Strang—Linear Algebra and Its Applications 4e_0119_p119_c0,1,True,1.0
What is an example of a four-dimensional subspace?,3,book_en_国外数学教材-非数学专业教材-线性代数-Gilbert Strang—Linear Algebra and Its Applications 4e_0119_p119_c0,"book_en_国外数学教材-非数学专业教材-线性代数-Gilbert Strang—Linear Algebra and Its Applications 4e_0119_p119_c0,exam_paper_en-file-putnam-archive_2006_Solutions_2006s_page_006_p6_c0,jiaocaineedrop_jiaocai_needrop_en_2893_p2893_c0",1,True,1.0
What is an example of a four-dimensional subspace?,5,book_en_国外数学教材-非数学专业教材-线性代数-Gilbert Strang—Linear Algebra and Its Applications 4e_0119_p119_c0,"book_en_国外数学教材-非数学专业教材-线性代数-Gilbert Strang—Linear Algebra and Its Applications 4e_0119_p119_c0,exam_paper_en-file-putnam-archive_2006_Solutions_2006s_page_006_p6_c0,jiaocaineedrop_jiaocai_needrop_en_2893_p2893_c0,jiaocaineedrop_biz-96816.pdf_48_p48_c3,exam_paper_en-file-putnam-archive_2006_Solutions_2006s_page_006_p6_c2",1,True,1.0
What is the dimension of the column space that equals the rank of the matrix?,1,book_en_国外数学教材-非数学专业教材-线性代数-Gilbert Strang—Linear Algebra and Its Applications 4e_0119_p119_c1,book_en_国外数学教材-非数学专业教材-线性代数-Gilbert Strang—Linear Algebra and Its Applications 4e_0119_p119_c1,1,True,1.0
What is the dimension of the column space that equals the rank of the matrix?,3,book_en_国外数学教材-非数学专业教材-线性代数-Gilbert Strang—Linear Algebra and Its Applications 4e_0119_p119_c1,"book_en_国外数学教材-非数学专业教材-线性代数-Gilbert Strang—Linear Algebra and Its Applications 4e_0119_p119_c1,book_en_国外数学教材-非数学专业教材-线性代数-Gilbert Strang—Linear Algebra and Its Applications 4e_0119_p119_c0,exam_paper_en-file-putnam-archive_2006_Solutions_2006s_page_006_p6_c2",1,True,1.0
What is the dimension of the column space that equals the rank of the matrix?,5,book_en_国外数学教材-非数学专业教材-线性代数-Gilbert Strang—Linear Algebra and Its Applications 4e_0119_p119_c1,"book_en_国外数学教材-非数学专业教材-线性代数-Gilbert Strang—Linear Algebra and Its Applications 4e_0119_p119_c1,book_en_国外数学教材-非数学专业教材-线性代数-Gilbert Strang—Linear Algebra and Its Applications 4e_0119_p119_c0,exam_paper_en-file-putnam-archive_2006_Solutions_2006s_page_006_p6_c2,exam_paper_en-file-putnam-archive_2009_Solutions_2009s_page_003_p3_c5,book_en_国外数学教材-非数学专业教材-线性代数-Gilbert Strang—Linear Algebra and Its Applications 4e_0242_p242_c0",1,True,1.0
What is the condition for U to have independent columns?,1,book_en_国外数学教材-非数学专业教材-线性代数-Gilbert Strang—Linear Algebra and Its Applications 4e_0119_p119_c2,book_en_国外数学教材-非数学专业教材-线性代数-Gilbert Strang—Linear Algebra and Its Applications 4e_0119_p119_c1,0,False,0.0
What is the condition for U to have independent columns?,3,book_en_国外数学教材-非数学专业教材-线性代数-Gilbert Strang—Linear Algebra and Its Applications 4e_0119_p119_c2,"book_en_国外数学教材-非数学专业教材-线性代数-Gilbert Strang—Linear Algebra and Its Applications 4e_0119_p119_c1,book_en_国外数学教材-非数学专业教材-线性代数-Gilbert Strang—Linear Algebra and Its Applications 4e_0119_p119_c2,book_en_国外数学教材-非数学专业教材-线性代数-Gilbert Strang—Linear Algebra and Its Applications 4e_0035_p35_c0",2,True,1.0
What is the condition for U to have independent columns?,5,book_en_国外数学教材-非数学专业教材-线性代数-Gilbert Strang—Linear Algebra and Its Applications 4e_0119_p119_c2,"book_en_国外数学教材-非数学专业教材-线性代数-Gilbert Strang—Linear Algebra and Its Applications 4e_0119_p119_c1,book_en_国外数学教材-非数学专业教材-线性代数-Gilbert Strang—Linear Algebra and Its Applications 4e_0119_p119_c2,book_en_国外数学教材-非数学专业教材-线性代数-Gilbert Strang—Linear Algebra and Its Applications 4e_0035_p35_c0,book_en_国外数学教材-非数学专业教材-线性代数-Gilbert Strang—Linear Algebra and Its Applications 4e_0085_p85_c0,yanbaopptmerge_e60b3b61281e87ddf42f9321a9e6ef9d.pdf_159_p159_c1",2,True,1.0
What is the current number of SberBank Online users?,1,yanbaor2_a6a80b48db3438977793c75185e980ee4aff22f79083427cb03ea4134f7b241f.pdf_67_p67_c0,yanbaor2_a6a80b48db3438977793c75185e980ee4aff22f79083427cb03ea4134f7b241f.pdf_67_p67_c0,1,True,1.0
What is the current number of SberBank Online users?,3,yanbaor2_a6a80b48db3438977793c75185e980ee4aff22f79083427cb03ea4134f7b241f.pdf_67_p67_c0,"yanbaor2_a6a80b48db3438977793c75185e980ee4aff22f79083427cb03ea4134f7b241f.pdf_67_p67_c0,yanbaor2_a6a80b48db3438977793c75185e980ee4aff22f79083427cb03ea4134f7b241f.pdf_67_p67_c2,jiaocaineedrop_jiaocai_needrop_en_961_p961_c0",1,True,1.0
What is the current number of SberBank Online users?,5,yanbaor2_a6a80b48db3438977793c75185e980ee4aff22f79083427cb03ea4134f7b241f.pdf_67_p67_c0,"yanbaor2_a6a80b48db3438977793c75185e980ee4aff22f79083427cb03ea4134f7b241f.pdf_67_p67_c0,yanbaor2_a6a80b48db3438977793c75185e980ee4aff22f79083427cb03ea4134f7b241f.pdf_67_p67_c2,jiaocaineedrop_jiaocai_needrop_en_961_p961_c0,yanbaor2_a6a80b48db3438977793c75185e980ee4aff22f79083427cb03ea4134f7b241f.pdf_67_p67_c3,book_en_国外数学教材-数论-Melvyn B. Nathanson—Elementary Methods in Number Theory_0119_p119_c0",1,True,1.0
What contributes to the brand awareness among clients?,1,yanbaor2_a6a80b48db3438977793c75185e980ee4aff22f79083427cb03ea4134f7b241f.pdf_67_p67_c1,yanbaor2_a6a80b48db3438977793c75185e980ee4aff22f79083427cb03ea4134f7b241f.pdf_67_p67_c1,1,True,1.0
What contributes to the brand awareness among clients?,3,yanbaor2_a6a80b48db3438977793c75185e980ee4aff22f79083427cb03ea4134f7b241f.pdf_67_p67_c1,"yanbaor2_a6a80b48db3438977793c75185e980ee4aff22f79083427cb03ea4134f7b241f.pdf_67_p67_c1,yanbaor2_a6a80b48db3438977793c75185e980ee4aff22f79083427cb03ea4134f7b241f.pdf_67_p67_c2,newspaper_The Globe and Mail - 2025-1-8@magazinesclubnew_page_027_p27_c5",1,True,1.0
What contributes to the brand awareness among clients?,5,yanbaor2_a6a80b48db3438977793c75185e980ee4aff22f79083427cb03ea4134f7b241f.pdf_67_p67_c1,"yanbaor2_a6a80b48db3438977793c75185e980ee4aff22f79083427cb03ea4134f7b241f.pdf_67_p67_c1,yanbaor2_a6a80b48db3438977793c75185e980ee4aff22f79083427cb03ea4134f7b241f.pdf_67_p67_c2,newspaper_The Globe and Mail - 2025-1-8@magazinesclubnew_page_027_p27_c5,newspaper_The Wall Street Journal - 2025-01-08@magazinesclubnew_page_018_p18_c6,yanbaor2_f832cad1f46c067198e9df95ae7b150213f16805037c1a5725e72245010d3e97.pdf_3_p3_c1",1,True,1.0
What is the name of the company that has over 14 million clients?,1,yanbaor2_a6a80b48db3438977793c75185e980ee4aff22f79083427cb03ea4134f7b241f.pdf_67_p67_c2,yanbaor2_a6a80b48db3438977793c75185e980ee4aff22f79083427cb03ea4134f7b241f.pdf_67_p67_c2,1,True,1.0
What is the name of the company that has over 14 million clients?,3,yanbaor2_a6a80b48db3438977793c75185e980ee4aff22f79083427cb03ea4134f7b241f.pdf_67_p67_c2,"yanbaor2_a6a80b48db3438977793c75185e980ee4aff22f79083427cb03ea4134f7b241f.pdf_67_p67_c2,yanbaor2_a6a80b48db3438977793c75185e980ee4aff22f79083427cb03ea4134f7b241f.pdf_67_p67_c3,yanbaor2_a6a80b48db3438977793c75185e980ee4aff22f79083427cb03ea4134f7b241f.pdf_67_p67_c0",1,True,1.0
What is the name of the company that has over 14 million clients?,5,yanbaor2_a6a80b48db3438977793c75185e980ee4aff22f79083427cb03ea4134f7b241f.pdf_67_p67_c2,"yanbaor2_a6a80b48db3438977793c75185e980ee4aff22f79083427cb03ea4134f7b241f.pdf_67_p67_c2,yanbaor2_a6a80b48db3438977793c75185e980ee4aff22f79083427cb03ea4134f7b241f.pdf_67_p67_c3,yanbaor2_a6a80b48db3438977793c75185e980ee4aff22f79083427cb03ea4134f7b241f.pdf_67_p67_c0,yanbaor2_bfe5f11c4ad2e94d966ef6801dc992816f42c9150e2be42b008c95f59713e901.pdf_139_p139_c0,magazine_TheEconomist.2024.03.09_page_064_p64_c2",1,True,1.0
How many transactions did Delivery Club carry out in December?,1,yanbaor2_a6a80b48db3438977793c75185e980ee4aff22f79083427cb03ea4134f7b241f.pdf_67_p67_c3,yanbaor2_a6a80b48db3438977793c75185e980ee4aff22f79083427cb03ea4134f7b241f.pdf_67_p67_c3,1,True,1.0
How many transactions did Delivery Club carry out in December?,3,yanbaor2_a6a80b48db3438977793c75185e980ee4aff22f79083427cb03ea4134f7b241f.pdf_67_p67_c3,"yanbaor2_a6a80b48db3438977793c75185e980ee4aff22f79083427cb03ea4134f7b241f.pdf_67_p67_c3,newspaper_The Wall Street Journal - 2025-01-08@magazinesclubnew_page_018_p18_c8,magazine_TheEconomist.2023.12.09_page_082_p82_c6",1,True,1.0
How many transactions did Delivery Club carry out in December?,5,yanbaor2_a6a80b48db3438977793c75185e980ee4aff22f79083427cb03ea4134f7b241f.pdf_67_p67_c3,"yanbaor2_a6a80b48db3438977793c75185e980ee4aff22f79083427cb03ea4134f7b241f.pdf_67_p67_c3,newspaper_The Wall Street Journal - 2025-01-08@magazinesclubnew_page_018_p18_c8,magazine_TheEconomist.2023.12.09_page_082_p82_c6,magazine_TheEconomist.2023.12.23_page_012_p12_c5,color_textbook_zhonggaokao_小学_KET听说读写逐项突破_KET听说读写逐项突破之轻松搞定KET写作25分 【10讲 褚连一】_第05讲第五课写作Part7详解_第五课写作Part7详解_page_001_p1_c1",1,True,1.0
What is the name of the smart media speaker launched by Sber?,1,yanbaor2_a6a80b48db3438977793c75185e980ee4aff22f79083427cb03ea4134f7b241f.pdf_67_p67_c4,yanbaor2_a6a80b48db3438977793c75185e980ee4aff22f79083427cb03ea4134f7b241f.pdf_67_p67_c4,1,True,1.0
What is the name of the smart media speaker launched by Sber?,3,yanbaor2_a6a80b48db3438977793c75185e980ee4aff22f79083427cb03ea4134f7b241f.pdf_67_p67_c4,"yanbaor2_a6a80b48db3438977793c75185e980ee4aff22f79083427cb03ea4134f7b241f.pdf_67_p67_c4,yanbaor2_a6a80b48db3438977793c75185e980ee4aff22f79083427cb03ea4134f7b241f.pdf_67_p67_c0,yanbaor2_a6a80b48db3438977793c75185e980ee4aff22f79083427cb03ea4134f7b241f.pdf_67_p67_c2",1,True,1.0
What is the name of the smart media speaker launched by Sber?,5,yanbaor2_a6a80b48db3438977793c75185e980ee4aff22f79083427cb03ea4134f7b241f.pdf_67_p67_c4,"yanbaor2_a6a80b48db3438977793c75185e980ee4aff22f79083427cb03ea4134f7b241f.pdf_67_p67_c4,yanbaor2_a6a80b48db3438977793c75185e980ee4aff22f79083427cb03ea4134f7b241f.pdf_67_p67_c0,yanbaor2_a6a80b48db3438977793c75185e980ee4aff22f79083427cb03ea4134f7b241f.pdf_67_p67_c2,newspaper_The Globe and Mail - 2025-1-8@magazinesclubnew_page_027_p27_c5,yanbaor2_a6a80b48db3438977793c75185e980ee4aff22f79083427cb03ea4134f7b241f.pdf_67_p67_c1",1,True,1.0
What is the title of the figure mentioned in the document fragment?,1,book_en_[搬书匠#893][Pyomo—Optimization Modeling in Python].2012.英文版_page_188_p188_c0,docstructbench_llm-raw-scihub-o.O-hup.908.pdf_5_p5_c7,0,False,0.0
What is the title of the figure mentioned in the document fragment?,3,book_en_[搬书匠#893][Pyomo—Optimization Modeling in Python].2012.英文版_page_188_p188_c0,"docstructbench_llm-raw-scihub-o.O-hup.908.pdf_5_p5_c7,jiaocaineedrop_biz-96816.pdf_48_p48_c1,eastmoney_e42b6e1cd2d48113ff4db8854e539d828d632bf9b1757e10cb8ddb2cfc7b1393.pdf_12_p12_c3",0,False,0.0
What is the title of the figure mentioned in the document fragment?,5,book_en_[搬书匠#893][Pyomo—Optimization Modeling in Python].2012.英文版_page_188_p188_c0,"docstructbench_llm-raw-scihub-o.O-hup.908.pdf_5_p5_c7,jiaocaineedrop_biz-96816.pdf_48_p48_c1,eastmoney_e42b6e1cd2d48113ff4db8854e539d828d632bf9b1757e10cb8ddb2cfc7b1393.pdf_12_p12_c3,yanbaopptmerge_e60b3b61281e87ddf42f9321a9e6ef9d.pdf_159_p159_c1,yanbaopptmerge_yanbaoPPT_495_p495_c1",0,False,0.0
What function is used to construct the optimization model in this application?,1,book_en_[搬书匠#893][Pyomo—Optimization Modeling in Python].2012.英文版_page_188_p188_c1,book_en_[搬书匠#893][Pyomo—Optimization Modeling in Python].2012.英文版_page_188_p188_c1,1,True,1.0
What function is used to construct the optimization model in this application?,3,book_en_[搬书匠#893][Pyomo—Optimization Modeling in Python].2012.英文版_page_188_p188_c1,"book_en_[搬书匠#893][Pyomo—Optimization Modeling in Python].2012.英文版_page_188_p188_c1,docstructbench_dianzishu_zhongwenzaixian-o.O-61523162.pdf_276_p276_c0,yanbaopptmerge_e60b3b61281e87ddf42f9321a9e6ef9d.pdf_159_p159_c1",1,True,1.0
What function is used to construct the optimization model in this application?,5,book_en_[搬书匠#893][Pyomo—Optimization Modeling in Python].2012.英文版_page_188_p188_c1,"book_en_[搬书匠#893][Pyomo—Optimization Modeling in Python].2012.英文版_page_188_p188_c1,docstructbench_dianzishu_zhongwenzaixian-o.O-61523162.pdf_276_p276_c0,yanbaopptmerge_e60b3b61281e87ddf42f9321a9e6ef9d.pdf_159_p159_c1,book_en_[搬书匠#893][Pyomo—Optimization Modeling in Python].2012.英文版_page_188_p188_c0,jiaocaineedrop_jiaocai_needrop_en_961_p961_c0",1,True,1.0
What are pts_LS and pts_LI attributes considered as according to the text?,1,book_en_[搬书匠#893][Pyomo—Optimization Modeling in Python].2012.英文版_page_188_p188_c2,book_en_[搬书匠#893][Pyomo—Optimization Modeling in Python].2012.英文版_page_188_p188_c2,1,True,1.0
What are pts_LS and pts_LI attributes considered as according to the text?,3,book_en_[搬书匠#893][Pyomo—Optimization Modeling in Python].2012.英文版_page_188_p188_c2,"book_en_[搬书匠#893][Pyomo—Optimization Modeling in Python].2012.英文版_page_188_p188_c2,scihub_bloodadvances.2019030924.pdf_3_p3_c9,docstructbench_enbook-zlib-o.O-19221575.pdf_1173_p1173_c2",1,True,1.0
What are pts_LS and pts_LI attributes considered as according to the text?,5,book_en_[搬书匠#893][Pyomo—Optimization Modeling in Python].2012.英文版_page_188_p188_c2,"book_en_[搬书匠#893][Pyomo—Optimization Modeling in Python].2012.英文版_page_188_p188_c2,scihub_bloodadvances.2019030924.pdf_3_p3_c9,docstructbench_enbook-zlib-o.O-19221575.pdf_1173_p1173_c2,scihub_bloodadvances.2019030924.pdf_3_p3_c1,jiaocaineedrop_jiaocai_needrop_en_961_p961_c0",1,True,1.0
What is the value of the infinite series sum from n=1 to infinity of n over 3 to the power n?,1,exam_paper_en-file-putnam-archive_1999_Solutions_1999s_page_002_p2_c0,exam_paper_en-file-putnam-archive_1998_Solutions_1998s_page_002_p2_c5,0,False,0.0
What is the value of the infinite series sum from n=1 to infinity of n over 3 to the power n?,3,exam_paper_en-file-putnam-archive_1999_Solutions_1999s_page_002_p2_c0,"exam_paper_en-file-putnam-archive_1998_Solutions_1998s_page_002_p2_c5,exam_paper_en-file-putnam-archive_1999_Solutions_1999s_page_002_p2_c0,exam_paper_en-file-putnam-archive_1995_Solutions_1995s_page_002_p2_c2",2,True,1.0
What is the value of the infinite series sum from n=1 to infinity of n over 3 to the power n?,5,exam_paper_en-file-putnam-archive_1999_Solutions_1999s_page_002_p2_c0,"exam_paper_en-file-putnam-archive_1998_Solutions_1998s_page_002_p2_c5,exam_paper_en-file-putnam-archive_1999_Solutions_1999s_page_002_p2_c0,exam_paper_en-file-putnam-archive_1995_Solutions_1995s_page_002_p2_c2,exam_paper_en-file-putnam-archive_1995_Solutions_1995s_page_002_p2_c5,exam_paper_en-file-putnam-archive_1995_Solutions_1995s_page_002_p2_c4",2,True,1.0
What is the value of S according to the document fragment?,1,exam_paper_en-file-putnam-archive_1999_Solutions_1999s_page_002_p2_c1,jiaocaineedrop_Chapter9.pdf_46_p46_c0,0,False,0.0
What is the value of S according to the document fragment?,3,exam_paper_en-file-putnam-archive_1999_Solutions_1999s_page_002_p2_c1,"jiaocaineedrop_Chapter9.pdf_46_p46_c0,exam_paper_en-file-putnam-archive_2012_Solutions_2012s_page_001_p1_c3,yanbaopptmerge_e60b3b61281e87ddf42f9321a9e6ef9d.pdf_159_p159_c1",0,False,0.0
What is the value of S according to the document fragment?,5,exam_paper_en-file-putnam-archive_1999_Solutions_1999s_page_002_p2_c1,"jiaocaineedrop_Chapter9.pdf_46_p46_c0,exam_paper_en-file-putnam-archive_2012_Solutions_2012s_page_001_p1_c3,yanbaopptmerge_e60b3b61281e87ddf42f9321a9e6ef9d.pdf_159_p159_c1,jiaocaineedrop_jiaocai_needrop_en_961_p961_c0,exam_paper_en-file-putnam-archive_1999_Solutions_1999s_page_002_p2_c1",5,True,1.0
"What is the form of the polynomial P(x) after assuming all its roots are in [0, 1]?",1,exam_paper_en-file-putnam-archive_1999_Solutions_1999s_page_002_p2_c2,exam_paper_en-file-putnam-archive_1999_Solutions_1999s_page_002_p2_c2,1,True,1.0
"What is the form of the polynomial P(x) after assuming all its roots are in [0, 1]?",3,exam_paper_en-file-putnam-archive_1999_Solutions_1999s_page_002_p2_c2,"exam_paper_en-file-putnam-archive_1999_Solutions_1999s_page_002_p2_c2,exam_paper_en-file-putnam-archive_1999_Solutions_1999s_page_003_p3_c1,exam_paper_en-file-putnam-archive_1999_Solutions_1999s_page_002_p2_c3",1,True,1.0
"What is the form of the polynomial P(x) after assuming all its roots are in [0, 1]?",5,exam_paper_en-file-putnam-archive_1999_Solutions_1999s_page_002_p2_c2,"exam_paper_en-file-putnam-archive_1999_Solutions_1999s_page_002_p2_c2,exam_paper_en-file-putnam-archive_1999_Solutions_1999s_page_003_p3_c1,exam_paper_en-file-putnam-archive_1999_Solutions_1999s_page_002_p2_c3,exam_paper_en-file-putnam-archive_2009_Solutions_2009s_page_003_p3_c3,exam_paper_en-file-putnam-archive_1999_Solutions_1999s_page_003_p3_c2",1,True,1.0
What is the minimum value achieved by the integral of the product of absolute values of x minus each root?,1,exam_paper_en-file-putnam-archive_1999_Solutions_1999s_page_002_p2_c3,exam_paper_en-file-putnam-archive_1999_Solutions_1999s_page_002_p2_c3,1,True,1.0
What is the minimum value achieved by the integral of the product of absolute values of x minus each root?,3,exam_paper_en-file-putnam-archive_1999_Solutions_1999s_page_002_p2_c3,"exam_paper_en-file-putnam-archive_1999_Solutions_1999s_page_002_p2_c3,exam_paper_en-file-putnam-archive_1998_Solutions_1998s_page_002_p2_c0,book_en_国外数学教材-数论-Melvyn B. Nathanson—Elementary Methods in Number Theory_0017_p17_c1",1,True,1.0
What is the minimum value achieved by the integral of the product of absolute values of x minus each root?,5,exam_paper_en-file-putnam-archive_1999_Solutions_1999s_page_002_p2_c3,"exam_paper_en-file-putnam-archive_1999_Solutions_1999s_page_002_p2_c3,exam_paper_en-file-putnam-archive_1998_Solutions_1998s_page_002_p2_c0,book_en_国外数学教材-数论-Melvyn B. Nathanson—Elementary Methods in Number Theory_0017_p17_c1,exam_paper_en-file-putnam-archive_1999_Solutions_1999s_page_002_p2_c2,exam_paper_en-file-putnam-archive_1995_Solutions_1995s_page_002_p2_c3",1,True,1.0
What is the optimal constant mentioned in the text?,1,exam_paper_en-file-putnam-archive_1999_Solutions_1999s_page_002_p2_c4,exam_paper_en-file-putnam-archive_1999_Solutions_1999s_page_002_p2_c4,1,True,1.0
What is the optimal constant mentioned in the text?,3,exam_paper_en-file-putnam-archive_1999_Solutions_1999s_page_002_p2_c4,"exam_paper_en-file-putnam-archive_1999_Solutions_1999s_page_002_p2_c4,docstructbench_llm-raw-scihub-o.O-j.physletb.2004.11.060.pdf_2_p2_c2,jiaocaineedrop_biz-96816.pdf_48_p48_c1",1,True,1.0
What is the optimal constant mentioned in the text?,5,exam_paper_en-file-putnam-archive_1999_Solutions_1999s_page_002_p2_c4,"exam_paper_en-file-putnam-archive_1999_Solutions_1999s_page_002_p2_c4,docstructbench_llm-raw-scihub-o.O-j.physletb.2004.11.060.pdf_2_p2_c2,jiaocaineedrop_biz-96816.pdf_48_p48_c1,docstructbench_dianzishu_zhongwenzaixian-o.O-60403612.pdf_179_p179_c0,yanbaopptmerge_e60b3b61281e87ddf42f9321a9e6ef9d.pdf_159_p159_c1",1,True,1.0
What type of exam will be given?,1,PPT_all655920_page_001_p1_c0,PPT_all655920_page_001_p1_c0,1,True,1.0
What type of exam will be given?,3,PPT_all655920_page_001_p1_c0,"PPT_all655920_page_001_p1_c0,exam_paper_2004-2019上海高考英语听力原文和答案_page_017_p17_c3,jiaocaineedrop_96657786.pdf_0_p0_c0",1,True,1.0
What type of exam will be given?,5,PPT_all655920_page_001_p1_c0,"PPT_all655920_page_001_p1_c0,exam_paper_2004-2019上海高考英语听力原文和答案_page_017_p17_c3,jiaocaineedrop_96657786.pdf_0_p0_c0,jiaocaineedrop_biz-96816.pdf_48_p48_c1,jiaocaineedrop_jiaocai_needrop_en_1564_p1564_c0",1,True,1.0
最喜欢篮球的人数占班级总人数的（ ）%？,1,jiaocaineedrop_jiaocai_needrop_en_3274_p3274_c0,jiaocaineedrop_jiaocai_needrop_en_3937_p3937_c0,0,False,0.0
最喜欢篮球的人数占班级总人数的（ ）%？,3,jiaocaineedrop_jiaocai_needrop_en_3274_p3274_c0,"jiaocaineedrop_jiaocai_needrop_en_3937_p3937_c0,jiaocaineedrop_jiaocai_needrop_en_3274_p3274_c0,yanbaopptmerge_e60b3b61281e87ddf42f9321a9e6ef9d.pdf_159_p159_c3",2,True,1.0
最喜欢篮球的人数占班级总人数的（ ）%？,5,jiaocaineedrop_jiaocai_needrop_en_3274_p3274_c0,"jiaocaineedrop_jiaocai_needrop_en_3937_p3937_c0,jiaocaineedrop_jiaocai_needrop_en_3274_p3274_c0,yanbaopptmerge_e60b3b61281e87ddf42f9321a9e6ef9d.pdf_159_p159_c3,yanbaopptmerge_yanbaoPPT_5945_p5945_c0,jiaocaineedrop_jiaocai_needrop_en_237_p237_c0",2,True,1.0
What is the SIR for stomach second primary malignancy in FL NHL survivors?,1,scihub_bloodadvances.2019030924.pdf_3_p3_c0,scihub_bloodadvances.2019030924.pdf_3_p3_c0,1,True,1.0
What is the SIR for stomach second primary malignancy in FL NHL survivors?,3,scihub_bloodadvances.2019030924.pdf_3_p3_c0,"scihub_bloodadvances.2019030924.pdf_3_p3_c0,scihub_bloodadvances.2019030924.pdf_3_p3_c4,scihub_bloodadvances.2019030924.pdf_3_p3_c9",1,True,1.0
What is the SIR for stomach second primary malignancy in FL NHL survivors?,5,scihub_bloodadvances.2019030924.pdf_3_p3_c0,"scihub_bloodadvances.2019030924.pdf_3_p3_c0,scihub_bloodadvances.2019030924.pdf_3_p3_c4,scihub_bloodadvances.2019030924.pdf_3_p3_c9,scihub_bloodadvances.2019030924.pdf_3_p3_c7,scihub_bloodadvances.2019030924.pdf_3_p3_c8",1,True,1.0
What is the P value for the cervix uteri category?,1,scihub_bloodadvances.2019030924.pdf_3_p3_c1,scihub_bloodadvances.2019030924.pdf_3_p3_c1,1,True,1.0
What is the P value for the cervix uteri category?,3,scihub_bloodadvances.2019030924.pdf_3_p3_c1,"scihub_bloodadvances.2019030924.pdf_3_p3_c1,yanbaopptmerge_e60b3b61281e87ddf42f9321a9e6ef9d.pdf_159_p159_c1,docstructbench_llm-raw-scihub-o.O-ijc.22999.pdf_3_p3_c2",1,True,1.0
What is the P value for the cervix uteri category?,5,scihub_bloodadvances.2019030924.pdf_3_p3_c1,"scihub_bloodadvances.2019030924.pdf_3_p3_c1,yanbaopptmerge_e60b3b61281e87ddf42f9321a9e6ef9d.pdf_159_p159_c1,docstructbench_llm-raw-scihub-o.O-ijc.22999.pdf_3_p3_c2,jiaocaineedrop_jiaocai_needrop_en_961_p961_c0,docstructbench_dianzishu_zhongwenzaixian-o.O-60403612.pdf_179_p179_c0",1,True,1.0
What was the SIR for stomach cancer after gastric DLBCL?,1,scihub_bloodadvances.2019030924.pdf_3_p3_c3,scihub_bloodadvances.2019030924.pdf_3_p3_c3,1,True,1.0
What was the SIR for stomach cancer after gastric DLBCL?,3,scihub_bloodadvances.2019030924.pdf_3_p3_c3,"scihub_bloodadvances.2019030924.pdf_3_p3_c3,scihub_bloodadvances.2019030924.pdf_3_p3_c4,scihub_bloodadvances.2019030924.pdf_3_p3_c5",1,True,1.0
What was the SIR for stomach cancer after gastric DLBCL?,5,scihub_bloodadvances.2019030924.pdf_3_p3_c3,"scihub_bloodadvances.2019030924.pdf_3_p3_c3,scihub_bloodadvances.2019030924.pdf_3_p3_c4,scihub_bloodadvances.2019030924.pdf_3_p3_c5,scihub_bloodadvances.2019030924.pdf_3_p3_c9,scihub_bloodadvances.2019030924.pdf_3_p3_c7",1,True,1.0
What was the SIR for stomach cancer among early-stage MZL survivors?,1,scihub_bloodadvances.2019030924.pdf_3_p3_c4,scihub_bloodadvances.2019030924.pdf_3_p3_c3,0,False,0.0
What was the SIR for stomach cancer among early-stage MZL survivors?,3,scihub_bloodadvances.2019030924.pdf_3_p3_c4,"scihub_bloodadvances.2019030924.pdf_3_p3_c3,scihub_bloodadvances.2019030924.pdf_3_p3_c4,scihub_bloodadvances.2019030924.pdf_3_p3_c2",2,True,1.0
What was the SIR for stomach cancer among early-stage MZL survivors?,5,scihub_bloodadvances.2019030924.pdf_3_p3_c4,"scihub_bloodadvances.2019030924.pdf_3_p3_c3,scihub_bloodadvances.2019030924.pdf_3_p3_c4,scihub_bloodadvances.2019030924.pdf_3_p3_c2,scihub_bloodadvances.2019030924.pdf_3_p3_c9,scihub_bloodadvances.2019030924.pdf_3_p3_c7",2,True,1.0
What was the p-value for heterogeneity mentioned in the text?,1,scihub_bloodadvances.2019030924.pdf_3_p3_c5,scihub_bloodadvances.2019030924.pdf_3_p3_c8,0,False,0.0
What was the p-value for heterogeneity mentioned in the text?,3,scihub_bloodadvances.2019030924.pdf_3_p3_c5,"scihub_bloodadvances.2019030924.pdf_3_p3_c8,scihub_bloodadvances.2019030924.pdf_3_p3_c3,scihub_bloodadvances.2019030924.pdf_3_p3_c6",0,False,0.0
What was the p-value for heterogeneity mentioned in the text?,5,scihub_bloodadvances.2019030924.pdf_3_p3_c5,"scihub_bloodadvances.2019030924.pdf_3_p3_c8,scihub_bloodadvances.2019030924.pdf_3_p3_c3,scihub_bloodadvances.2019030924.pdf_3_p3_c6,scihub_bloodadvances.2019030924.pdf_3_p3_c4,exam_paper_en-file-putnam-archive_2009_Solutions_2009s_page_003_p3_c3",0,False,0.0
What was the SIR for FL survivors who received initial chemotherapy and radiotherapy?,1,scihub_bloodadvances.2019030924.pdf_3_p3_c7,scihub_bloodadvances.2019030924.pdf_3_p3_c7,1,True,1.0
What was the SIR for FL survivors who received initial chemotherapy and radiotherapy?,3,scihub_bloodadvances.2019030924.pdf_3_p3_c7,"scihub_bloodadvances.2019030924.pdf_3_p3_c7,scihub_bloodadvances.2019030924.pdf_3_p3_c4,scihub_bloodadvances.2019030924.pdf_3_p3_c3",1,True,1.0
What was the SIR for FL survivors who received initial chemotherapy and radiotherapy?,5,scihub_bloodadvances.2019030924.pdf_3_p3_c7,"scihub_bloodadvances.2019030924.pdf_3_p3_c7,scihub_bloodadvances.2019030924.pdf_3_p3_c4,scihub_bloodadvances.2019030924.pdf_3_p3_c3,scihub_bloodadvances.2019030924.pdf_3_p3_c0,scihub_bloodadvances.2019030924.pdf_3_p3_c9",1,True,1.0
What was the heterogeneity probability for the study?,1,scihub_bloodadvances.2019030924.pdf_3_p3_c8,scihub_bloodadvances.2019030924.pdf_3_p3_c8,1,True,1.0
What was the heterogeneity probability for the study?,3,scihub_bloodadvances.2019030924.pdf_3_p3_c8,"scihub_bloodadvances.2019030924.pdf_3_p3_c8,yanbaopptmerge_e60b3b61281e87ddf42f9321a9e6ef9d.pdf_159_p159_c1,scihub_bloodadvances.2019030924.pdf_3_p3_c6",1,True,1.0
What was the heterogeneity probability for the study?,5,scihub_bloodadvances.2019030924.pdf_3_p3_c8,"scihub_bloodadvances.2019030924.pdf_3_p3_c8,yanbaopptmerge_e60b3b61281e87ddf42f9321a9e6ef9d.pdf_159_p159_c1,scihub_bloodadvances.2019030924.pdf_3_p3_c6,scihub_s00586-010-1656-7.pdf_3_p3_c3,scihub_bloodadvances.2019030924.pdf_3_p3_c1",1,True,1.0
What software was used to create the figure?,1,scihub_bloodadvances.2019030924.pdf_3_p3_c9,yanbaopptmerge_yanbaoPPT_495_p495_c1,0,False,0.0
What software was used to create the figure?,3,scihub_bloodadvances.2019030924.pdf_3_p3_c9,"yanbaopptmerge_yanbaoPPT_495_p495_c1,yanbaopptmerge_e60b3b61281e87ddf42f9321a9e6ef9d.pdf_159_p159_c1,yanbaor2_decf70a006d6f8f66725ead2f27b248a911016d258a236cefcdd26c6aff1d463.pdf_40_p40_c1",0,False,0.0
What software was used to create the figure?,5,scihub_bloodadvances.2019030924.pdf_3_p3_c9,"yanbaopptmerge_yanbaoPPT_495_p495_c1,yanbaopptmerge_e60b3b61281e87ddf42f9321a9e6ef9d.pdf_159_p159_c1,yanbaor2_decf70a006d6f8f66725ead2f27b248a911016d258a236cefcdd26c6aff1d463.pdf_40_p40_c1,jiaocaineedrop_biz-96816.pdf_48_p48_c1,magazine_TheEconomist.2023.12.23_page_012_p12_c7",0,False,0.0
What is the maximum number of points in Z that can be contained in a k-dimensional plane in R^n?,1,exam_paper_en-file-putnam-archive_2006_Solutions_2006s_page_006_p6_c0,exam_paper_en-file-putnam-archive_2006_Solutions_2006s_page_006_p6_c0,1,True,1.0
What is the maximum number of points in Z that can be contained in a k-dimensional plane in R^n?,3,exam_paper_en-file-putnam-archive_2006_Solutions_2006s_page_006_p6_c0,"exam_paper_en-file-putnam-archive_2006_Solutions_2006s_page_006_p6_c0,exam_paper_en-file-putnam-archive_2006_Solutions_2006s_page_006_p6_c2,exam_paper_en-file-putnam-archive_2002_Solutions_2002s_page_001_p1_c0",1,True,1.0
What is the maximum number of points in Z that can be contained in a k-dimensional plane in R^n?,5,exam_paper_en-file-putnam-archive_2006_Solutions_2006s_page_006_p6_c0,"exam_paper_en-file-putnam-archive_2006_Solutions_2006s_page_006_p6_c0,exam_paper_en-file-putnam-archive_2006_Solutions_2006s_page_006_p6_c2,exam_paper_en-file-putnam-archive_2002_Solutions_2002s_page_001_p1_c0,exam_paper_en-file-putnam-archive_2006_Solutions_2006s_page_006_p6_c1,docstructbench_dianzishu_zhongwenzaixian-o.O-60403612.pdf_179_p179_c0",1,True,1.0
What is the cardinality of the subspace containing $\bar{S}$?,1,exam_paper_en-file-putnam-archive_2006_Solutions_2006s_page_006_p6_c1,exam_paper_en-file-putnam-archive_2006_Solutions_2006s_page_006_p6_c1,1,True,1.0
What is the cardinality of the subspace containing $\bar{S}$?,3,exam_paper_en-file-putnam-archive_2006_Solutions_2006s_page_006_p6_c1,"exam_paper_en-file-putnam-archive_2006_Solutions_2006s_page_006_p6_c1,docstructbench_dianzishu_zhongwenzaixian-o.O-60403612.pdf_179_p179_c0,exam_paper_en-file-putnam-archive_2009_Solutions_2009s_page_003_p3_c2",1,True,1.0
What is the cardinality of the subspace containing $\bar{S}$?,5,exam_paper_en-file-putnam-archive_2006_Solutions_2006s_page_006_p6_c1,"exam_paper_en-file-putnam-archive_2006_Solutions_2006s_page_006_p6_c1,docstructbench_dianzishu_zhongwenzaixian-o.O-60403612.pdf_179_p179_c0,exam_paper_en-file-putnam-archive_2009_Solutions_2009s_page_003_p3_c2,notes_9e951846094758afac08c620144e3a76_17_p17_c0,exam_paper_en-file-putnam-archive_2009_Solutions_2009s_page_003_p3_c1",1,True,1.0
What is the maximum number of elements in V intersect Z according to the solution?,1,exam_paper_en-file-putnam-archive_2006_Solutions_2006s_page_006_p6_c2,exam_paper_en-file-putnam-archive_2006_Solutions_2006s_page_006_p6_c0,0,False,0.0
What is the maximum number of elements in V intersect Z according to the solution?,3,exam_paper_en-file-putnam-archive_2006_Solutions_2006s_page_006_p6_c2,"exam_paper_en-file-putnam-archive_2006_Solutions_2006s_page_006_p6_c0,exam_paper_en-file-putnam-archive_2006_Solutions_2006s_page_006_p6_c2,exam_paper_en-file-putnam-archive_2007_Solutions_2007s_page_001_p1_c2",2,True,1.0
What is the maximum number of elements in V intersect Z according to the solution?,5,exam_paper_en-file-putnam-archive_2006_Solutions_2006s_page_006_p6_c2,"exam_paper_en-file-putnam-archive_2006_Solutions_2006s_page_006_p6_c0,exam_paper_en-file-putnam-archive_2006_Solutions_2006s_page_006_p6_c2,exam_paper_en-file-putnam-archive_2007_Solutions_2007s_page_001_p1_c2,book_en_国外数学教材-数论-Melvyn B. Nathanson—Elementary Methods in Number Theory_0119_p119_c0,jiaocaineedrop_jiaocai_needrop_en_1564_p1564_c1",2,True,1.0
What is the answer to B–5?,1,exam_paper_en-file-putnam-archive_2006_Solutions_2006s_page_006_p6_c3,notes_1ba14cb325bc448f7201b20502ecf2b5_10_p10_c1,0,False,0.0
What is the answer to B–5?,3,exam_paper_en-file-putnam-archive_2006_Solutions_2006s_page_006_p6_c3,"notes_1ba14cb325bc448f7201b20502ecf2b5_10_p10_c1,jiaocaineedrop_Chapter9.pdf_46_p46_c0,docstructbench_llm-raw-scihub-o.O-j.ab.2007.11.016.pdf_5_p5_c2",0,False,0.0
What is the answer to B–5?,5,exam_paper_en-file-putnam-archive_2006_Solutions_2006s_page_006_p6_c3,"notes_1ba14cb325bc448f7201b20502ecf2b5_10_p10_c1,jiaocaineedrop_Chapter9.pdf_46_p46_c0,docstructbench_llm-raw-scihub-o.O-j.ab.2007.11.016.pdf_5_p5_c2,yanbaopptmerge_e60b3b61281e87ddf42f9321a9e6ef9d.pdf_159_p159_c1,exam_paper_en-file-putnam-archive_2006_Solutions_2006s_page_006_p6_c3",5,True,1.0
线段 c 是 a 和 b 的比例中项，则 c 等于多少？,1,jiaocaineedrop_jiaocai_needrop_en_1141_p1141_c0,jiaocaineedrop_jiaocai_needrop_en_1141_p1141_c0,1,True,1.0
线段 c 是 a 和 b 的比例中项，则 c 等于多少？,3,jiaocaineedrop_jiaocai_needrop_en_1141_p1141_c0,"jiaocaineedrop_jiaocai_needrop_en_1141_p1141_c0,jiaocaineedrop_96657786.pdf_0_p0_c1,jiaocaineedrop_jiaocai_needrop_en_1564_p1564_c2",1,True,1.0
线段 c 是 a 和 b 的比例中项，则 c 等于多少？,5,jiaocaineedrop_jiaocai_needrop_en_1141_p1141_c0,"jiaocaineedrop_jiaocai_needrop_en_1141_p1141_c0,jiaocaineedrop_96657786.pdf_0_p0_c1,jiaocaineedrop_jiaocai_needrop_en_1564_p1564_c2,jiaocaineedrop_jiaocai_needrop_en_1473_p1473_c3,jiaocaineedrop_jiaocai_needrop_en_2893_p2893_c1",1,True,1.0
相似多边形的定义是什么？,1,jiaocaineedrop_jiaocai_needrop_en_1141_p1141_c1,jiaocaineedrop_jiaocai_needrop_en_1141_p1141_c1,1,True,1.0
相似多边形的定义是什么？,3,jiaocaineedrop_jiaocai_needrop_en_1141_p1141_c1,"jiaocaineedrop_jiaocai_needrop_en_1141_p1141_c1,jiaocaineedrop_jiaocai_needrop_en_1564_p1564_c1,exam_paper_2016年安徽省中考英语试题（解析）_page_003_p3_c2",1,True,1.0
相似多边形的定义是什么？,5,jiaocaineedrop_jiaocai_needrop_en_1141_p1141_c1,"jiaocaineedrop_jiaocai_needrop_en_1141_p1141_c1,jiaocaineedrop_jiaocai_needrop_en_1564_p1564_c1,exam_paper_2016年安徽省中考英语试题（解析）_page_003_p3_c2,book_en_国外数学教材-数论-Melvyn B. Nathanson—Elementary Methods in Number Theory_0451_p451_c0,newspaper_2c69e142b52dbb30cac2cb11d3eb25e5_1_p1_c1",1,True,1.0
