question,k,gold_chunk_ids,retrieved_chunk_ids,first_hit_rank,hit,hit_rate
What is the source of the information mentioned in the footnote?,1,yanbaor2_e2f6b15971d68a7f081216b0c0d8538cab413124fc8911f4db4fbb3d17f167c4.pdf_14_p14_c0,yanbaopptmerge_baa6d02928efcac46ccf7dfd3859de565cfb0bea918ae0ec0eed50944a7c20b4.pdf_11_p11_c3,0,False,0.0
What is the source of the information mentioned in the footnote?,3,yanbaor2_e2f6b15971d68a7f081216b0c0d8538cab413124fc8911f4db4fbb3d17f167c4.pdf_14_p14_c0,"yanbaopptmerge_baa6d02928efcac46ccf7dfd3859de565cfb0bea918ae0ec0eed50944a7c20b4.pdf_11_p11_c3,jiaocaineedrop_jiaocai_needrop_en_1118_p1118_c0,yanbaopptmerge_0c79d327060dbf9f1582d03c235dadb039533a19091d2c0d24f2ad95d267f79b.pdf_2_p2_c2",0,False,0.0
What is the source of the information mentioned in the footnote?,5,yanbaor2_e2f6b15971d68a7f081216b0c0d8538cab413124fc8911f4db4fbb3d17f167c4.pdf_14_p14_c0,"yanbaopptmerge_baa6d02928efcac46ccf7dfd3859de565cfb0bea918ae0ec0eed50944a7c20b4.pdf_11_p11_c3,jiaocaineedrop_jiaocai_needrop_en_1118_p1118_c0,yanbaopptmerge_0c79d327060dbf9f1582d03c235dadb039533a19091d2c0d24f2ad95d267f79b.pdf_2_p2_c2,yanbaopptmerge_5473246b8da789b9bfdeef53a70c4d72afd480415d5cbcedb83d105856710328.pdf_8_p8_c0,newspaper_The Globe and Mail - 2025-1-8@magazinesclubnew_page_014_p14_c13",0,False,0.0
What channels can foreign managers consider for financial literacy education besides digital platforms?,1,yanbaor2_e2f6b15971d68a7f081216b0c0d8538cab413124fc8911f4db4fbb3d17f167c4.pdf_14_p14_c1,yanbaor2_e2f6b15971d68a7f081216b0c0d8538cab413124fc8911f4db4fbb3d17f167c4.pdf_14_p14_c1,1,True,1.0
What channels can foreign managers consider for financial literacy education besides digital platforms?,3,yanbaor2_e2f6b15971d68a7f081216b0c0d8538cab413124fc8911f4db4fbb3d17f167c4.pdf_14_p14_c1,"yanbaor2_e2f6b15971d68a7f081216b0c0d8538cab413124fc8911f4db4fbb3d17f167c4.pdf_14_p14_c1,yanbaor2_e2f6b15971d68a7f081216b0c0d8538cab413124fc8911f4db4fbb3d17f167c4.pdf_14_p14_c0,yanbaor2_e2f6b15971d68a7f081216b0c0d8538cab413124fc8911f4db4fbb3d17f167c4.pdf_14_p14_c2",1,True,1.0
What channels can foreign managers consider for financial literacy education besides digital platforms?,5,yanbaor2_e2f6b15971d68a7f081216b0c0d8538cab413124fc8911f4db4fbb3d17f167c4.pdf_14_p14_c1,"yanbaor2_e2f6b15971d68a7f081216b0c0d8538cab413124fc8911f4db4fbb3d17f167c4.pdf_14_p14_c1,yanbaor2_e2f6b15971d68a7f081216b0c0d8538cab413124fc8911f4db4fbb3d17f167c4.pdf_14_p14_c0,yanbaor2_e2f6b15971d68a7f081216b0c0d8538cab413124fc8911f4db4fbb3d17f167c4.pdf_14_p14_c2,newspaper_The Wall Street Journal - 2025-01-08@magazinesclubnew_page_018_p18_c1,yanbaor2_7f386f737cb55cffa10c8321a94bd38d7169cd69b3b253b9e2e502c12a68feea.pdf_15_p15_c0",1,True,1.0
What do foreign managers have access to?,1,yanbaor2_e2f6b15971d68a7f081216b0c0d8538cab413124fc8911f4db4fbb3d17f167c4.pdf_14_p14_c2,yanbaor2_e2f6b15971d68a7f081216b0c0d8538cab413124fc8911f4db4fbb3d17f167c4.pdf_14_p14_c1,0,False,0.0
What do foreign managers have access to?,3,yanbaor2_e2f6b15971d68a7f081216b0c0d8538cab413124fc8911f4db4fbb3d17f167c4.pdf_14_p14_c2,"yanbaor2_e2f6b15971d68a7f081216b0c0d8538cab413124fc8911f4db4fbb3d17f167c4.pdf_14_p14_c1,yanbaor2_e2f6b15971d68a7f081216b0c0d8538cab413124fc8911f4db4fbb3d17f167c4.pdf_14_p14_c2,yanbaor2_e2f6b15971d68a7f081216b0c0d8538cab413124fc8911f4db4fbb3d17f167c4.pdf_14_p14_c0",2,True,1.0
What do foreign managers have access to?,5,yanbaor2_e2f6b15971d68a7f081216b0c0d8538cab413124fc8911f4db4fbb3d17f167c4.pdf_14_p14_c2,"yanbaor2_e2f6b15971d68a7f081216b0c0d8538cab413124fc8911f4db4fbb3d17f167c4.pdf_14_p14_c1,yanbaor2_e2f6b15971d68a7f081216b0c0d8538cab413124fc8911f4db4fbb3d17f167c4.pdf_14_p14_c2,yanbaor2_e2f6b15971d68a7f081216b0c0d8538cab413124fc8911f4db4fbb3d17f167c4.pdf_14_p14_c0,yanbaor2_89c3718f5a45179ef57a5063c6df36fc2c9b7e3ab4275f4905ed89f1c17232ea.pdf_14_p14_c0,yanbaor2_f832cad1f46c067198e9df95ae7b150213f16805037c1a5725e72245010d3e97.pdf_3_p3_c2",2,True,1.0
盐池县女子小学最初设立的地点在哪里？,1,docstructbench_dianzishu_zhongwenzaixian-o.O-61323717.pdf_203_p203_c0,docstructbench_dianzishu_zhongwenzaixian-o.O-61323717.pdf_203_p203_c0,1,True,1.0
盐池县女子小学最初设立的地点在哪里？,3,docstructbench_dianzishu_zhongwenzaixian-o.O-61323717.pdf_203_p203_c0,"docstructbench_dianzishu_zhongwenzaixian-o.O-61323717.pdf_203_p203_c0,docstructbench_dianzishu_zhongwenzaixian-o.O-61323717.pdf_203_p203_c3,newspaper_0b1bb8d03b4287eb95f67b68c2cf9f92_1_p1_c27",1,True,1.0
盐池县女子小学最初设立的地点在哪里？,5,docstructbench_dianzishu_zhongwenzaixian-o.O-61323717.pdf_203_p203_c0,"docstructbench_dianzishu_zhongwenzaixian-o.O-61323717.pdf_203_p203_c0,docstructbench_dianzishu_zhongwenzaixian-o.O-61323717.pdf_203_p203_c3,newspaper_0b1bb8d03b4287eb95f67b68c2cf9f92_1_p1_c27,newspaper_0b1bb8d03b4287eb95f67b68c2cf9f92_1_p1_c4,newspaper_0b1bb8d03b4287eb95f67b68c2cf9f92_1_p1_c3",1,True,1.0
What is the total number of students in the last row?,1,docstructbench_dianzishu_zhongwenzaixian-o.O-61323717.pdf_203_p203_c1,docstructbench_dianzishu_zhongwenzaixian-o.O-61323717.pdf_203_p203_c1,1,True,1.0
What is the total number of students in the last row?,3,docstructbench_dianzishu_zhongwenzaixian-o.O-61323717.pdf_203_p203_c1,"docstructbench_dianzishu_zhongwenzaixian-o.O-61323717.pdf_203_p203_c1,docstructbench_dianzishu_zhongwenzaixian-o.O-61323717.pdf_203_p203_c2,PPT_PresentationSpecification_page_007_p7_c0",1,True,1.0
What is the total number of students in the last row?,5,docstructbench_dianzishu_zhongwenzaixian-o.O-61323717.pdf_203_p203_c1,"docstructbench_dianzishu_zhongwenzaixian-o.O-61323717.pdf_203_p203_c1,docstructbench_dianzishu_zhongwenzaixian-o.O-61323717.pdf_203_p203_c2,PPT_PresentationSpecification_page_007_p7_c0,newspaper_The Globe and Mail - 2025-1-8@magazinesclubnew_page_014_p14_c14,exam_paper_en-file-putnam-archive_1995_Solutions_1995s_page_002_p2_c3",1,True,1.0
What is the total number of entries in the last row of the table?,1,docstructbench_dianzishu_zhongwenzaixian-o.O-61323717.pdf_203_p203_c2,docstructbench_dianzishu_zhongwenzaixian-o.O-61323717.pdf_203_p203_c2,1,True,1.0
What is the total number of entries in the last row of the table?,3,docstructbench_dianzishu_zhongwenzaixian-o.O-61323717.pdf_203_p203_c2,"docstructbench_dianzishu_zhongwenzaixian-o.O-61323717.pdf_203_p203_c2,newspaper_The Globe and Mail - 2025-1-8@magazinesclubnew_page_014_p14_c14,book_en_[搬书匠#893][Pyomo—Optimization Modeling in Python].2012.英文版_page_188_p188_c0",1,True,1.0
What is the total number of entries in the last row of the table?,5,docstructbench_dianzishu_zhongwenzaixian-o.O-61323717.pdf_203_p203_c2,"docstructbench_dianzishu_zhongwenzaixian-o.O-61323717.pdf_203_p203_c2,newspaper_The Globe and Mail - 2025-1-8@magazinesclubnew_page_014_p14_c14,book_en_[搬书匠#893][Pyomo—Optimization Modeling in Python].2012.英文版_page_188_p188_c0,newspaper_The Globe and Mail - 2025-1-8@magazinesclubnew_page_014_p14_c12,exam_paper_en-file-putnam-archive_1995_Solutions_1995s_page_002_p2_c3",1,True,1.0
What is the deadline for submitting the Group Presentation Topic and Description?,1,PPT_PresentationSpecification_page_007_p7_c0,PPT_PresentationSpecification_page_007_p7_c0,1,True,1.0
What is the deadline for submitting the Group Presentation Topic and Description?,3,PPT_PresentationSpecification_page_007_p7_c0,"PPT_PresentationSpecification_page_007_p7_c0,newspaper_fe5ed29024932fad071afc53807b16ba_1_p1_c1,newspaper_The Globe and Mail - 2025-1-8@magazinesclubnew_page_014_p14_c0",1,True,1.0
What is the deadline for submitting the Group Presentation Topic and Description?,5,PPT_PresentationSpecification_page_007_p7_c0,"PPT_PresentationSpecification_page_007_p7_c0,newspaper_fe5ed29024932fad071afc53807b16ba_1_p1_c1,newspaper_The Globe and Mail - 2025-1-8@magazinesclubnew_page_014_p14_c0,newspaper_fe5ed29024932fad071afc53807b16ba_1_p1_c0,newspaper_2a6b4fa088699701a6fa9ccecfb5c25d_3_p3_c0",1,True,1.0
What is a prisoner point according to the text?,1,jiaocaineedrop_glossary.pdf_7_p7_c0,jiaocaineedrop_glossary.pdf_7_p7_c0,1,True,1.0
What is a prisoner point according to the text?,3,jiaocaineedrop_glossary.pdf_7_p7_c0,"jiaocaineedrop_glossary.pdf_7_p7_c0,newspaper_The Globe and Mail - 2025-1-8@magazinesclubnew_page_014_p14_c13,newspaper_The Globe and Mail - 2025-1-8@magazinesclubnew_page_014_p14_c15",1,True,1.0
What is a prisoner point according to the text?,5,jiaocaineedrop_glossary.pdf_7_p7_c0,"jiaocaineedrop_glossary.pdf_7_p7_c0,newspaper_The Globe and Mail - 2025-1-8@magazinesclubnew_page_014_p14_c13,newspaper_The Globe and Mail - 2025-1-8@magazinesclubnew_page_014_p14_c15,magazine_TheEconomist.2024.03.02_page_075_p75_c3,jiaocaineedrop_biz-96816.pdf_48_p48_c4",1,True,1.0
What is a quadrantal angle according to the definition provided?,1,jiaocaineedrop_glossary.pdf_7_p7_c1,jiaocaineedrop_glossary.pdf_7_p7_c1,1,True,1.0
What is a quadrantal angle according to the definition provided?,3,jiaocaineedrop_glossary.pdf_7_p7_c1,"jiaocaineedrop_glossary.pdf_7_p7_c1,jiaocaineedrop_glossary.pdf_7_p7_c4,jiaocaineedrop_96657786.pdf_0_p0_c4",1,True,1.0
What is a quadrantal angle according to the definition provided?,5,jiaocaineedrop_glossary.pdf_7_p7_c1,"jiaocaineedrop_glossary.pdf_7_p7_c1,jiaocaineedrop_glossary.pdf_7_p7_c4,jiaocaineedrop_96657786.pdf_0_p0_c4,yanbaopptmerge_yanbaoPPT_4125_p4125_c0,jiaocaineedrop_jiaocai_needrop_en_1141_p1141_c0",1,True,1.0
What is the definition of a radical equation?,1,jiaocaineedrop_glossary.pdf_7_p7_c2,jiaocaineedrop_glossary.pdf_7_p7_c2,1,True,1.0
What is the definition of a radical equation?,3,jiaocaineedrop_glossary.pdf_7_p7_c2,"jiaocaineedrop_glossary.pdf_7_p7_c2,jiaocaineedrop_glossary.pdf_7_p7_c1,exam_paper_en-file-putnam-archive_2007_Solutions_2007s_page_001_p1_c8",1,True,1.0
What is the definition of a radical equation?,5,jiaocaineedrop_glossary.pdf_7_p7_c2,"jiaocaineedrop_glossary.pdf_7_p7_c2,jiaocaineedrop_glossary.pdf_7_p7_c1,exam_paper_en-file-putnam-archive_2007_Solutions_2007s_page_001_p1_c8,exam_paper_en-file-putnam-archive_2007_Solutions_2007s_page_001_p1_c7,jiaocaineedrop_glossary.pdf_7_p7_c3",1,True,1.0
What is the general equation of a rectangular hyperbola?,1,jiaocaineedrop_glossary.pdf_7_p7_c3,jiaocaineedrop_glossary.pdf_7_p7_c4,0,False,0.0
What is the general equation of a rectangular hyperbola?,3,jiaocaineedrop_glossary.pdf_7_p7_c3,"jiaocaineedrop_glossary.pdf_7_p7_c4,jiaocaineedrop_glossary.pdf_7_p7_c3,docstructbench_llm-raw-scihub-o.O-j.chroma.2005.05.085.pdf_4_p4_c6",2,True,1.0
What is the general equation of a rectangular hyperbola?,5,jiaocaineedrop_glossary.pdf_7_p7_c3,"jiaocaineedrop_glossary.pdf_7_p7_c4,jiaocaineedrop_glossary.pdf_7_p7_c3,docstructbench_llm-raw-scihub-o.O-j.chroma.2005.05.085.pdf_4_p4_c6,jiaocaineedrop_jiaocai_needrop_en_1564_p1564_c1,eastmoney_e42b6e1cd2d48113ff4db8854e539d828d632bf9b1757e10cb8ddb2cfc7b1393.pdf_12_p12_c1",2,True,1.0
What is the general equation of a rectangular hyperbola?,1,jiaocaineedrop_glossary.pdf_7_p7_c4,jiaocaineedrop_glossary.pdf_7_p7_c4,1,True,1.0
What is the general equation of a rectangular hyperbola?,3,jiaocaineedrop_glossary.pdf_7_p7_c4,"jiaocaineedrop_glossary.pdf_7_p7_c4,jiaocaineedrop_glossary.pdf_7_p7_c3,docstructbench_llm-raw-scihub-o.O-j.chroma.2005.05.085.pdf_4_p4_c6",1,True,1.0
What is the general equation of a rectangular hyperbola?,5,jiaocaineedrop_glossary.pdf_7_p7_c4,"jiaocaineedrop_glossary.pdf_7_p7_c4,jiaocaineedrop_glossary.pdf_7_p7_c3,docstructbench_llm-raw-scihub-o.O-j.chroma.2005.05.085.pdf_4_p4_c6,jiaocaineedrop_jiaocai_needrop_en_1564_p1564_c1,eastmoney_e42b6e1cd2d48113ff4db8854e539d828d632bf9b1757e10cb8ddb2cfc7b1393.pdf_12_p12_c1",1,True,1.0
What is the definition of a relative extremum according to the text?,1,jiaocaineedrop_glossary.pdf_7_p7_c5,jiaocaineedrop_glossary.pdf_7_p7_c5,1,True,1.0
What is the definition of a relative extremum according to the text?,3,jiaocaineedrop_glossary.pdf_7_p7_c5,"jiaocaineedrop_glossary.pdf_7_p7_c5,eastmoney_e42b6e1cd2d48113ff4db8854e539d828d632bf9b1757e10cb8ddb2cfc7b1393.pdf_12_p12_c1,docstructbench_llm-raw-scihub-o.O-j.chroma.2005.05.085.pdf_4_p4_c6",1,True,1.0
What is the definition of a relative extremum according to the text?,5,jiaocaineedrop_glossary.pdf_7_p7_c5,"jiaocaineedrop_glossary.pdf_7_p7_c5,eastmoney_e42b6e1cd2d48113ff4db8854e539d828d632bf9b1757e10cb8ddb2cfc7b1393.pdf_12_p12_c1,docstructbench_llm-raw-scihub-o.O-j.chroma.2005.05.085.pdf_4_p4_c6,jiaocaineedrop_jiaocai_needrop_en_1473_p1473_c4,color_textbook_zhonggaokao_小学_KET听说读写逐项突破_KET听说读写逐项突破之轻松搞定KET写作25分 【10讲 褚连一】_第10讲第十课写作Part9小作文练习_第十课写作Part9小作文练习_page_010_p10_c3",1,True,1.0
What is the definition of rose in this context?,1,jiaocaineedrop_glossary.pdf_7_p7_c6,jiaocaineedrop_glossary.pdf_7_p7_c5,0,False,0.0
What is the definition of rose in this context?,3,jiaocaineedrop_glossary.pdf_7_p7_c6,"jiaocaineedrop_glossary.pdf_7_p7_c5,jiaocaineedrop_glossary.pdf_7_p7_c6,PPT_8076_MEYER_Chapter_2_-_Language_Change_page_014_p14_c0",2,True,1.0
What is the definition of rose in this context?,5,jiaocaineedrop_glossary.pdf_7_p7_c6,"jiaocaineedrop_glossary.pdf_7_p7_c5,jiaocaineedrop_glossary.pdf_7_p7_c6,PPT_8076_MEYER_Chapter_2_-_Language_Change_page_014_p14_c0,newspaper_The Globe and Mail - 2025-1-8@magazinesclubnew_page_014_p14_c3,newspaper_The Globe and Mail - 2025-1-8@magazinesclubnew_page_014_p14_c16",2,True,1.0
What is the value of n in terms of k?,1,exam_paper_en-file-putnam-archive_2009_Solutions_2009s_page_003_p3_c1,jiaocaineedrop_jiaocai_needrop_en_1564_p1564_c3,0,False,0.0
What is the value of n in terms of k?,3,exam_paper_en-file-putnam-archive_2009_Solutions_2009s_page_003_p3_c1,"jiaocaineedrop_jiaocai_needrop_en_1564_p1564_c3,docstructbench_dianzishu_zhongwenzaixian-o.O-60403612.pdf_179_p179_c0,exam_paper_en-file-putnam-archive_2006_Solutions_2006s_page_006_p6_c6",0,False,0.0
What is the value of n in terms of k?,5,exam_paper_en-file-putnam-archive_2009_Solutions_2009s_page_003_p3_c1,"jiaocaineedrop_jiaocai_needrop_en_1564_p1564_c3,docstructbench_dianzishu_zhongwenzaixian-o.O-60403612.pdf_179_p179_c0,exam_paper_en-file-putnam-archive_2006_Solutions_2006s_page_006_p6_c6,exam_paper_en-file-putnam-archive_2006_Solutions_2006s_page_006_p6_c7,exam_paper_en-file-putnam-archive_2006_Solutions_2006s_page_006_p6_c8",0,False,0.0
What is the term used for mediocre subsets containing both 1 and n+2?,1,exam_paper_en-file-putnam-archive_2009_Solutions_2009s_page_003_p3_c2,exam_paper_en-file-putnam-archive_2009_Solutions_2009s_page_003_p3_c2,1,True,1.0
What is the term used for mediocre subsets containing both 1 and n+2?,3,exam_paper_en-file-putnam-archive_2009_Solutions_2009s_page_003_p3_c2,"exam_paper_en-file-putnam-archive_2009_Solutions_2009s_page_003_p3_c2,exam_paper_en-file-putnam-archive_2009_Solutions_2009s_page_003_p3_c3,exam_paper_en-file-putnam-archive_2009_Solutions_2009s_page_003_p3_c5",1,True,1.0
What is the term used for mediocre subsets containing both 1 and n+2?,5,exam_paper_en-file-putnam-archive_2009_Solutions_2009s_page_003_p3_c2,"exam_paper_en-file-putnam-archive_2009_Solutions_2009s_page_003_p3_c2,exam_paper_en-file-putnam-archive_2009_Solutions_2009s_page_003_p3_c3,exam_paper_en-file-putnam-archive_2009_Solutions_2009s_page_003_p3_c5,exam_paper_en-file-putnam-archive_2009_Solutions_2009s_page_003_p3_c4,exam_paper_en-file-putnam-archive_2009_Solutions_2009s_page_003_p3_c6",1,True,1.0
What is the average of $1 + m_1 b$ and $1 + m_2 b$?,1,exam_paper_en-file-putnam-archive_2009_Solutions_2009s_page_003_p3_c4,exam_paper_en-file-putnam-archive_2009_Solutions_2009s_page_003_p3_c3,0,False,0.0
What is the average of $1 + m_1 b$ and $1 + m_2 b$?,3,exam_paper_en-file-putnam-archive_2009_Solutions_2009s_page_003_p3_c4,"exam_paper_en-file-putnam-archive_2009_Solutions_2009s_page_003_p3_c3,exam_paper_en-file-putnam-archive_2009_Solutions_2009s_page_003_p3_c4,docstructbench_dianzishu_zhongwenzaixian-o.O-60403612.pdf_179_p179_c0",2,True,1.0
What is the average of $1 + m_1 b$ and $1 + m_2 b$?,5,exam_paper_en-file-putnam-archive_2009_Solutions_2009s_page_003_p3_c4,"exam_paper_en-file-putnam-archive_2009_Solutions_2009s_page_003_p3_c3,exam_paper_en-file-putnam-archive_2009_Solutions_2009s_page_003_p3_c4,docstructbench_dianzishu_zhongwenzaixian-o.O-60403612.pdf_179_p179_c0,jiaocaineedrop_jiaocai_needrop_en_1564_p1564_c3,exam_paper_en-file-putnam-archive_2011_Solutions_2011s_page_002_p2_c9",2,True,1.0
What is the result of the induction step in the proof?,1,exam_paper_en-file-putnam-archive_2009_Solutions_2009s_page_003_p3_c5,exam_paper_en-file-putnam-archive_2012_Solutions_2012s_page_001_p1_c1,0,False,0.0
What is the result of the induction step in the proof?,3,exam_paper_en-file-putnam-archive_2009_Solutions_2009s_page_003_p3_c5,"exam_paper_en-file-putnam-archive_2012_Solutions_2012s_page_001_p1_c1,book_en_国外数学教材-数论-Melvyn B. Nathanson—Elementary Methods in Number Theory_0035_p35_c1,exam_paper_en-file-putnam-archive_2009_Solutions_2009s_page_003_p3_c5",3,True,1.0
What is the result of the induction step in the proof?,5,exam_paper_en-file-putnam-archive_2009_Solutions_2009s_page_003_p3_c5,"exam_paper_en-file-putnam-archive_2012_Solutions_2012s_page_001_p1_c1,book_en_国外数学教材-数论-Melvyn B. Nathanson—Elementary Methods in Number Theory_0035_p35_c1,exam_paper_en-file-putnam-archive_2009_Solutions_2009s_page_003_p3_c5,exam_paper_en-file-putnam-archive_2009_Solutions_2009s_page_003_p3_c4,jiaocaineedrop_Evans_PDE_Solution_Chapter_6_Second-Order_Elliptic_Equations.pdf_5_p5_c1",3,True,1.0
What is the condition for P to be balanced?,1,exam_paper_en-file-putnam-archive_2009_Solutions_2009s_page_003_p3_c7,exam_paper_en-file-putnam-archive_2009_Solutions_2009s_page_003_p3_c7,1,True,1.0
What is the condition for P to be balanced?,3,exam_paper_en-file-putnam-archive_2009_Solutions_2009s_page_003_p3_c7,"exam_paper_en-file-putnam-archive_2009_Solutions_2009s_page_003_p3_c7,exam_paper_en-file-putnam-archive_1996_Solutions_1996s_page_002_p2_c3,exam_paper_en-file-putnam-archive_1999_Solutions_1999s_page_003_p3_c5",1,True,1.0
What is the condition for P to be balanced?,5,exam_paper_en-file-putnam-archive_2009_Solutions_2009s_page_003_p3_c7,"exam_paper_en-file-putnam-archive_2009_Solutions_2009s_page_003_p3_c7,exam_paper_en-file-putnam-archive_1996_Solutions_1996s_page_002_p2_c3,exam_paper_en-file-putnam-archive_1999_Solutions_1999s_page_003_p3_c5,exam_paper_en-file-putnam-archive_1999_Solutions_1999s_page_003_p3_c3,exam_paper_en-file-putnam-archive_1998_Solutions_1998s_page_002_p2_c6",1,True,1.0
What is the dimension of V according to the formula provided?,1,exam_paper_en-file-putnam-archive_2009_Solutions_2009s_page_003_p3_c8,exam_paper_en-file-putnam-archive_2009_Solutions_2009s_page_003_p3_c8,1,True,1.0
What is the dimension of V according to the formula provided?,3,exam_paper_en-file-putnam-archive_2009_Solutions_2009s_page_003_p3_c8,"exam_paper_en-file-putnam-archive_2009_Solutions_2009s_page_003_p3_c8,exam_paper_en-file-putnam-archive_2006_Solutions_2006s_page_006_p6_c1,exam_paper_en-file-putnam-archive_2006_Solutions_2006s_page_006_p6_c0",1,True,1.0
What is the dimension of V according to the formula provided?,5,exam_paper_en-file-putnam-archive_2009_Solutions_2009s_page_003_p3_c8,"exam_paper_en-file-putnam-archive_2009_Solutions_2009s_page_003_p3_c8,exam_paper_en-file-putnam-archive_2006_Solutions_2006s_page_006_p6_c1,exam_paper_en-file-putnam-archive_2006_Solutions_2006s_page_006_p6_c0,book_en_国外数学教材-非数学专业教材-线性代数-Gilbert Strang—Linear Algebra and Its Applications 4e_0119_p119_c1,docstructbench_dianzishu_zhongwenzaixian-o.O-60403612.pdf_179_p179_c1",1,True,1.0
What is the definition of $ c_0 $?,1,exam_paper_en-file-putnam-archive_2009_Solutions_2009s_page_003_p3_c9,exam_paper_en-file-putnam-archive_2009_Solutions_2009s_page_003_p3_c9,1,True,1.0
What is the definition of $ c_0 $?,3,exam_paper_en-file-putnam-archive_2009_Solutions_2009s_page_003_p3_c9,"exam_paper_en-file-putnam-archive_2009_Solutions_2009s_page_003_p3_c9,exam_paper_en-file-putnam-archive_1996_Solutions_1996s_page_002_p2_c6,exam_paper_en-file-putnam-archive_2009_Solutions_2009s_page_003_p3_c0",1,True,1.0
What is the definition of $ c_0 $?,5,exam_paper_en-file-putnam-archive_2009_Solutions_2009s_page_003_p3_c9,"exam_paper_en-file-putnam-archive_2009_Solutions_2009s_page_003_p3_c9,exam_paper_en-file-putnam-archive_1996_Solutions_1996s_page_002_p2_c6,exam_paper_en-file-putnam-archive_2009_Solutions_2009s_page_003_p3_c0,exam_paper_en-file-putnam-archive_2009_Solutions_2009s_page_003_p3_c7,jiaocaineedrop_Evans_PDE_Solution_Chapter_6_Second-Order_Elliptic_Equations.pdf_5_p5_c2",1,True,1.0
What is the condition for equality in the given integrals?,1,exam_paper_en-file-putnam-archive_1995_Solutions_1995s_page_002_p2_c2,exam_paper_en-file-putnam-archive_1995_Solutions_1995s_page_002_p2_c2,1,True,1.0
What is the condition for equality in the given integrals?,3,exam_paper_en-file-putnam-archive_1995_Solutions_1995s_page_002_p2_c2,"exam_paper_en-file-putnam-archive_1995_Solutions_1995s_page_002_p2_c2,exam_paper_en-file-putnam-archive_1999_Solutions_1999s_page_002_p2_c5,exam_paper_en-file-putnam-archive_1995_Solutions_1995s_page_002_p2_c3",1,True,1.0
What is the condition for equality in the given integrals?,5,exam_paper_en-file-putnam-archive_1995_Solutions_1995s_page_002_p2_c2,"exam_paper_en-file-putnam-archive_1995_Solutions_1995s_page_002_p2_c2,exam_paper_en-file-putnam-archive_1999_Solutions_1999s_page_002_p2_c5,exam_paper_en-file-putnam-archive_1995_Solutions_1995s_page_002_p2_c3,exam_paper_en-file-putnam-archive_2006_Solutions_2006s_page_006_p6_c5,exam_paper_en-file-putnam-archive_1995_Solutions_1995s_page_002_p2_c1",1,True,1.0
What is the quadratic equation satisfied by the positive square roots of the quadratic $ x^2 - bx + 1 $?,1,exam_paper_en-file-putnam-archive_1995_Solutions_1995s_page_002_p2_c4,exam_paper_en-file-putnam-archive_1995_Solutions_1995s_page_002_p2_c5,0,False,0.0
What is the quadratic equation satisfied by the positive square roots of the quadratic $ x^2 - bx + 1 $?,3,exam_paper_en-file-putnam-archive_1995_Solutions_1995s_page_002_p2_c4,"exam_paper_en-file-putnam-archive_1995_Solutions_1995s_page_002_p2_c5,exam_paper_en-file-putnam-archive_1995_Solutions_1995s_page_002_p2_c4,exam_paper_en-file-putnam-archive_2000_Solutions_2000s_page_001_p1_c1",2,True,1.0
What is the quadratic equation satisfied by the positive square roots of the quadratic $ x^2 - bx + 1 $?,5,exam_paper_en-file-putnam-archive_1995_Solutions_1995s_page_002_p2_c4,"exam_paper_en-file-putnam-archive_1995_Solutions_1995s_page_002_p2_c5,exam_paper_en-file-putnam-archive_1995_Solutions_1995s_page_002_p2_c4,exam_paper_en-file-putnam-archive_2000_Solutions_2000s_page_001_p1_c1,exam_paper_en-file-putnam-archive_2012_Solutions_2012s_page_001_p1_c2,exam_paper_en-file-putnam-archive_2007_Solutions_2007s_page_001_p1_c7",2,True,1.0
What is the value of $ L^{1/8} $?,1,exam_paper_en-file-putnam-archive_1995_Solutions_1995s_page_002_p2_c5,exam_paper_en-file-putnam-archive_1995_Solutions_1995s_page_002_p2_c5,1,True,1.0
What is the value of $ L^{1/8} $?,3,exam_paper_en-file-putnam-archive_1995_Solutions_1995s_page_002_p2_c5,"exam_paper_en-file-putnam-archive_1995_Solutions_1995s_page_002_p2_c5,exam_paper_en-file-putnam-archive_1995_Solutions_1995s_page_002_p2_c4,eastmoney_e42b6e1cd2d48113ff4db8854e539d828d632bf9b1757e10cb8ddb2cfc7b1393.pdf_12_p12_c1",1,True,1.0
What is the value of $ L^{1/8} $?,5,exam_paper_en-file-putnam-archive_1995_Solutions_1995s_page_002_p2_c5,"exam_paper_en-file-putnam-archive_1995_Solutions_1995s_page_002_p2_c5,exam_paper_en-file-putnam-archive_1995_Solutions_1995s_page_002_p2_c4,eastmoney_e42b6e1cd2d48113ff4db8854e539d828d632bf9b1757e10cb8ddb2cfc7b1393.pdf_12_p12_c1,docstructbench_dianzishu_zhongwenzaixian-o.O-60403612.pdf_179_p179_c3,docstructbench_llm-raw-scihub-o.O-j.chroma.2005.05.085.pdf_4_p4_c6",1,True,1.0
"What is the nim-value of the starting position with piles of 3, 4, 5, and 6?",1,exam_paper_en-file-putnam-archive_1995_Solutions_1995s_page_002_p2_c6,exam_paper_en-file-putnam-archive_1995_Solutions_1995s_page_002_p2_c6,1,True,1.0
"What is the nim-value of the starting position with piles of 3, 4, 5, and 6?",3,exam_paper_en-file-putnam-archive_1995_Solutions_1995s_page_002_p2_c6,"exam_paper_en-file-putnam-archive_1995_Solutions_1995s_page_002_p2_c6,exam_paper_en-file-putnam-archive_1995_Solutions_1995s_page_002_p2_c7,newspaper_The Globe and Mail - 2025-1-8@magazinesclubnew_page_014_p14_c7",1,True,1.0
"What is the nim-value of the starting position with piles of 3, 4, 5, and 6?",5,exam_paper_en-file-putnam-archive_1995_Solutions_1995s_page_002_p2_c6,"exam_paper_en-file-putnam-archive_1995_Solutions_1995s_page_002_p2_c6,exam_paper_en-file-putnam-archive_1995_Solutions_1995s_page_002_p2_c7,newspaper_The Globe and Mail - 2025-1-8@magazinesclubnew_page_014_p14_c7,book_en_A.Concise.Introduction.to.Linear.Algebra,.Geza.Schay,.Birkhauser,.2012_page_065_p65_c2,newspaper_The Globe and Mail - 2025-1-8@magazinesclubnew_page_014_p14_c6",1,True,1.0
"What is the nim-value of the starting position with piles of 3, 4, 5, 6?",1,exam_paper_en-file-putnam-archive_1995_Solutions_1995s_page_002_p2_c7,exam_paper_en-file-putnam-archive_1995_Solutions_1995s_page_002_p2_c6,0,False,0.0
"What is the nim-value of the starting position with piles of 3, 4, 5, 6?",3,exam_paper_en-file-putnam-archive_1995_Solutions_1995s_page_002_p2_c7,"exam_paper_en-file-putnam-archive_1995_Solutions_1995s_page_002_p2_c6,exam_paper_en-file-putnam-archive_1995_Solutions_1995s_page_002_p2_c7,newspaper_The Globe and Mail - 2025-1-8@magazinesclubnew_page_014_p14_c6",2,True,1.0
"What is the nim-value of the starting position with piles of 3, 4, 5, 6?",5,exam_paper_en-file-putnam-archive_1995_Solutions_1995s_page_002_p2_c7,"exam_paper_en-file-putnam-archive_1995_Solutions_1995s_page_002_p2_c6,exam_paper_en-file-putnam-archive_1995_Solutions_1995s_page_002_p2_c7,newspaper_The Globe and Mail - 2025-1-8@magazinesclubnew_page_014_p14_c6,newspaper_The Globe and Mail - 2025-1-8@magazinesclubnew_page_014_p14_c7,book_en_A.Concise.Introduction.to.Linear.Algebra,.Geza.Schay,.Birkhauser,.2012_page_065_p65_c2",2,True,1.0
What equation is derived by dividing through by n and taking the limit as n approaches infinity?,1,exam_paper_en-file-putnam-archive_1995_Solutions_1995s_page_002_p2_c8,exam_paper_en-file-putnam-archive_1995_Solutions_1995s_page_002_p2_c9,0,False,0.0
What equation is derived by dividing through by n and taking the limit as n approaches infinity?,3,exam_paper_en-file-putnam-archive_1995_Solutions_1995s_page_002_p2_c8,"exam_paper_en-file-putnam-archive_1995_Solutions_1995s_page_002_p2_c9,exam_paper_en-file-putnam-archive_1995_Solutions_1995s_page_002_p2_c3,exam_paper_en-file-putnam-archive_2012_Solutions_2012s_page_001_p1_c3",0,False,0.0
What equation is derived by dividing through by n and taking the limit as n approaches infinity?,5,exam_paper_en-file-putnam-archive_1995_Solutions_1995s_page_002_p2_c8,"exam_paper_en-file-putnam-archive_1995_Solutions_1995s_page_002_p2_c9,exam_paper_en-file-putnam-archive_1995_Solutions_1995s_page_002_p2_c3,exam_paper_en-file-putnam-archive_2012_Solutions_2012s_page_001_p1_c3,exam_paper_en-file-putnam-archive_2006_Solutions_2006s_page_006_p6_c8,exam_paper_en-file-putnam-archive_2006_Solutions_2006s_page_006_p6_c6",0,False,0.0
What are the available tablet strengths for immediate-release tablets?,1,docstructbench_enbook-zlib-o.O-19221575.pdf_1173_p1173_c0,docstructbench_enbook-zlib-o.O-19221575.pdf_1173_p1173_c0,1,True,1.0
What are the available tablet strengths for immediate-release tablets?,3,docstructbench_enbook-zlib-o.O-19221575.pdf_1173_p1173_c0,"docstructbench_enbook-zlib-o.O-19221575.pdf_1173_p1173_c0,docstructbench_enbook-zlib-o.O-19221575.pdf_1173_p1173_c2,docstructbench_enbook-zlib-o.O-19221575.pdf_1173_p1173_c4",1,True,1.0
What are the available tablet strengths for immediate-release tablets?,5,docstructbench_enbook-zlib-o.O-19221575.pdf_1173_p1173_c0,"docstructbench_enbook-zlib-o.O-19221575.pdf_1173_p1173_c0,docstructbench_enbook-zlib-o.O-19221575.pdf_1173_p1173_c2,docstructbench_enbook-zlib-o.O-19221575.pdf_1173_p1173_c4,docstructbench_enbook-zlib-o.O-19221575.pdf_1173_p1173_c5,docstructbench_enbook-zlib-o.O-19221575.pdf_1173_p1173_c1",1,True,1.0
What is the initial dose for adults and elderly patients starting QUEtiapine?,1,docstructbench_enbook-zlib-o.O-19221575.pdf_1173_p1173_c1,docstructbench_enbook-zlib-o.O-19221575.pdf_1173_p1173_c1,1,True,1.0
What is the initial dose for adults and elderly patients starting QUEtiapine?,3,docstructbench_enbook-zlib-o.O-19221575.pdf_1173_p1173_c1,"docstructbench_enbook-zlib-o.O-19221575.pdf_1173_p1173_c1,docstructbench_enbook-zlib-o.O-19221575.pdf_1173_p1173_c2,docstructbench_enbook-zlib-o.O-19221575.pdf_1173_p1173_c5",1,True,1.0
What is the initial dose for adults and elderly patients starting QUEtiapine?,5,docstructbench_enbook-zlib-o.O-19221575.pdf_1173_p1173_c1,"docstructbench_enbook-zlib-o.O-19221575.pdf_1173_p1173_c1,docstructbench_enbook-zlib-o.O-19221575.pdf_1173_p1173_c2,docstructbench_enbook-zlib-o.O-19221575.pdf_1173_p1173_c5,docstructbench_enbook-zlib-o.O-19221575.pdf_1173_p1173_c3,docstructbench_enbook-zlib-o.O-19221575.pdf_1173_p1173_c4",1,True,1.0
What is the maximum dose for children 13 years and older?,1,docstructbench_enbook-zlib-o.O-19221575.pdf_1173_p1173_c2,docstructbench_enbook-zlib-o.O-19221575.pdf_1173_p1173_c2,1,True,1.0
What is the maximum dose for children 13 years and older?,3,docstructbench_enbook-zlib-o.O-19221575.pdf_1173_p1173_c2,"docstructbench_enbook-zlib-o.O-19221575.pdf_1173_p1173_c2,docstructbench_llm-raw-scihub-o.O-j.chroma.2005.03.134.pdf_6_p6_c4,docstructbench_llm-raw-scihub-o.O-j.chroma.2005.03.134.pdf_6_p6_c3",1,True,1.0
What is the maximum dose for children 13 years and older?,5,docstructbench_enbook-zlib-o.O-19221575.pdf_1173_p1173_c2,"docstructbench_enbook-zlib-o.O-19221575.pdf_1173_p1173_c2,docstructbench_llm-raw-scihub-o.O-j.chroma.2005.03.134.pdf_6_p6_c4,docstructbench_llm-raw-scihub-o.O-j.chroma.2005.03.134.pdf_6_p6_c3,docstructbench_enbook-zlib-o.O-19221575.pdf_1173_p1173_c4,docstructbench_llm-raw-scihub-o.O-j.chroma.2005.03.134.pdf_6_p6_c5",1,True,1.0
What is the initial dose for adults and elderly for the extended-release form on day 1?,1,docstructbench_enbook-zlib-o.O-19221575.pdf_1173_p1173_c3,docstructbench_enbook-zlib-o.O-19221575.pdf_1173_p1173_c2,0,False,0.0
What is the initial dose for adults and elderly for the extended-release form on day 1?,3,docstructbench_enbook-zlib-o.O-19221575.pdf_1173_p1173_c3,"docstructbench_enbook-zlib-o.O-19221575.pdf_1173_p1173_c2,docstructbench_enbook-zlib-o.O-19221575.pdf_1173_p1173_c4,docstructbench_enbook-zlib-o.O-19221575.pdf_1173_p1173_c5",0,False,0.0
What is the initial dose for adults and elderly for the extended-release form on day 1?,5,docstructbench_enbook-zlib-o.O-19221575.pdf_1173_p1173_c3,"docstructbench_enbook-zlib-o.O-19221575.pdf_1173_p1173_c2,docstructbench_enbook-zlib-o.O-19221575.pdf_1173_p1173_c4,docstructbench_enbook-zlib-o.O-19221575.pdf_1173_p1173_c5,docstructbench_enbook-zlib-o.O-19221575.pdf_1173_p1173_c3,docstructbench_enbook-zlib-o.O-19221575.pdf_1173_p1173_c1",4,True,1.0
What is the initial dose for adults and elderly on day 1 for immediate-release?,1,docstructbench_enbook-zlib-o.O-19221575.pdf_1173_p1173_c4,docstructbench_enbook-zlib-o.O-19221575.pdf_1173_p1173_c2,0,False,0.0
What is the initial dose for adults and elderly on day 1 for immediate-release?,3,docstructbench_enbook-zlib-o.O-19221575.pdf_1173_p1173_c4,"docstructbench_enbook-zlib-o.O-19221575.pdf_1173_p1173_c2,docstructbench_enbook-zlib-o.O-19221575.pdf_1173_p1173_c5,docstructbench_enbook-zlib-o.O-19221575.pdf_1173_p1173_c4",3,True,1.0
What is the initial dose for adults and elderly on day 1 for immediate-release?,5,docstructbench_enbook-zlib-o.O-19221575.pdf_1173_p1173_c4,"docstructbench_enbook-zlib-o.O-19221575.pdf_1173_p1173_c2,docstructbench_enbook-zlib-o.O-19221575.pdf_1173_p1173_c5,docstructbench_enbook-zlib-o.O-19221575.pdf_1173_p1173_c4,docstructbench_enbook-zlib-o.O-19221575.pdf_1173_p1173_c3,docstructbench_enbook-zlib-o.O-19221575.pdf_1173_p1173_c1",3,True,1.0
What is the initial dose for extended-release medication on day 1 for adults and elderly in adjunctive therapy for MDD?,1,docstructbench_enbook-zlib-o.O-19221575.pdf_1173_p1173_c5,docstructbench_enbook-zlib-o.O-19221575.pdf_1173_p1173_c5,1,True,1.0
What is the initial dose for extended-release medication on day 1 for adults and elderly in adjunctive therapy for MDD?,3,docstructbench_enbook-zlib-o.O-19221575.pdf_1173_p1173_c5,"docstructbench_enbook-zlib-o.O-19221575.pdf_1173_p1173_c5,docstructbench_enbook-zlib-o.O-19221575.pdf_1173_p1173_c2,docstructbench_enbook-zlib-o.O-19221575.pdf_1173_p1173_c4",1,True,1.0
What is the initial dose for extended-release medication on day 1 for adults and elderly in adjunctive therapy for MDD?,5,docstructbench_enbook-zlib-o.O-19221575.pdf_1173_p1173_c5,"docstructbench_enbook-zlib-o.O-19221575.pdf_1173_p1173_c5,docstructbench_enbook-zlib-o.O-19221575.pdf_1173_p1173_c2,docstructbench_enbook-zlib-o.O-19221575.pdf_1173_p1173_c4,docstructbench_enbook-zlib-o.O-19221575.pdf_1173_p1173_c3,docstructbench_enbook-zlib-o.O-19221575.pdf_1173_p1173_c1",1,True,1.0
What is the title of the document?,1,color_textbook_zhonggaokao_小学_KET听说读写逐项突破_KET听说读写逐项突破之轻松搞定KET写作25分 【10讲 褚连一】_第10讲第十课写作Part9小作文练习_第十课写作Part9小作文练习_page_010_p10_c0,yanbaor2_yanbaoPPT_1517_p1517_c0,0,False,0.0
What is the title of the document?,3,color_textbook_zhonggaokao_小学_KET听说读写逐项突破_KET听说读写逐项突破之轻松搞定KET写作25分 【10讲 褚连一】_第10讲第十课写作Part9小作文练习_第十课写作Part9小作文练习_page_010_p10_c0,"yanbaor2_yanbaoPPT_1517_p1517_c0,yanbaopptmerge_0c79d327060dbf9f1582d03c235dadb039533a19091d2c0d24f2ad95d267f79b.pdf_2_p2_c2,yanbaopptmerge_5473246b8da789b9bfdeef53a70c4d72afd480415d5cbcedb83d105856710328.pdf_8_p8_c0",0,False,0.0
What is the title of the document?,5,color_textbook_zhonggaokao_小学_KET听说读写逐项突破_KET听说读写逐项突破之轻松搞定KET写作25分 【10讲 褚连一】_第10讲第十课写作Part9小作文练习_第十课写作Part9小作文练习_page_010_p10_c0,"yanbaor2_yanbaoPPT_1517_p1517_c0,yanbaopptmerge_0c79d327060dbf9f1582d03c235dadb039533a19091d2c0d24f2ad95d267f79b.pdf_2_p2_c2,yanbaopptmerge_5473246b8da789b9bfdeef53a70c4d72afd480415d5cbcedb83d105856710328.pdf_8_p8_c0,yanbaopptmerge_0c79d327060dbf9f1582d03c235dadb039533a19091d2c0d24f2ad95d267f79b.pdf_2_p2_c0,newspaper_The Globe and Mail - 2025-1-8@magazinesclubnew_page_014_p14_c0",0,False,0.0
What is the meaning of 'any' in English?,1,color_textbook_zhonggaokao_小学_KET听说读写逐项突破_KET听说读写逐项突破之轻松搞定KET写作25分 【10讲 褚连一】_第10讲第十课写作Part9小作文练习_第十课写作Part9小作文练习_page_010_p10_c2,color_textbook_zhonggaokao_小学_KET听说读写逐项突破_KET听说读写逐项突破之轻松搞定KET写作25分 【10讲 褚连一】_第10讲第十课写作Part9小作文练习_第十课写作Part9小作文练习_page_010_p10_c2,1,True,1.0
What is the meaning of 'any' in English?,3,color_textbook_zhonggaokao_小学_KET听说读写逐项突破_KET听说读写逐项突破之轻松搞定KET写作25分 【10讲 褚连一】_第10讲第十课写作Part9小作文练习_第十课写作Part9小作文练习_page_010_p10_c2,"color_textbook_zhonggaokao_小学_KET听说读写逐项突破_KET听说读写逐项突破之轻松搞定KET写作25分 【10讲 褚连一】_第10讲第十课写作Part9小作文练习_第十课写作Part9小作文练习_page_010_p10_c2,newspaper_The Globe and Mail - 2025-1-8@magazinesclubnew_page_014_p14_c16,exam_paper_2004-2019上海高考英语听力原文和答案_page_017_p17_c0",1,True,1.0
What is the meaning of 'any' in English?,5,color_textbook_zhonggaokao_小学_KET听说读写逐项突破_KET听说读写逐项突破之轻松搞定KET写作25分 【10讲 褚连一】_第10讲第十课写作Part9小作文练习_第十课写作Part9小作文练习_page_010_p10_c2,"color_textbook_zhonggaokao_小学_KET听说读写逐项突破_KET听说读写逐项突破之轻松搞定KET写作25分 【10讲 褚连一】_第10讲第十课写作Part9小作文练习_第十课写作Part9小作文练习_page_010_p10_c2,newspaper_The Globe and Mail - 2025-1-8@magazinesclubnew_page_014_p14_c16,exam_paper_2004-2019上海高考英语听力原文和答案_page_017_p17_c0,notes_f7f010b78016aeebd76e56d9283eb67f_52_p52_c1,notes_f7f010b78016aeebd76e56d9283eb67f_52_p52_c0",1,True,1.0
在文档中，'bank' 的中文意思是什么？,1,color_textbook_zhonggaokao_小学_KET听说读写逐项突破_KET听说读写逐项突破之轻松搞定KET写作25分 【10讲 褚连一】_第10讲第十课写作Part9小作文练习_第十课写作Part9小作文练习_page_010_p10_c3,color_textbook_zhonggaokao_小学_KET听说读写逐项突破_KET听说读写逐项突破之轻松搞定KET写作25分 【10讲 褚连一】_第10讲第十课写作Part9小作文练习_第十课写作Part9小作文练习_page_010_p10_c3,1,True,1.0
在文档中，'bank' 的中文意思是什么？,3,color_textbook_zhonggaokao_小学_KET听说读写逐项突破_KET听说读写逐项突破之轻松搞定KET写作25分 【10讲 褚连一】_第10讲第十课写作Part9小作文练习_第十课写作Part9小作文练习_page_010_p10_c3,"color_textbook_zhonggaokao_小学_KET听说读写逐项突破_KET听说读写逐项突破之轻松搞定KET写作25分 【10讲 褚连一】_第10讲第十课写作Part9小作文练习_第十课写作Part9小作文练习_page_010_p10_c3,docstructbench_dianzishu_zhongwenzaixian-o.O-63678132.pdf_161_p161_c0,exam_paper_2004-2019上海高考英语听力原文和答案_page_017_p17_c0",1,True,1.0
在文档中，'bank' 的中文意思是什么？,5,color_textbook_zhonggaokao_小学_KET听说读写逐项突破_KET听说读写逐项突破之轻松搞定KET写作25分 【10讲 褚连一】_第10讲第十课写作Part9小作文练习_第十课写作Part9小作文练习_page_010_p10_c3,"color_textbook_zhonggaokao_小学_KET听说读写逐项突破_KET听说读写逐项突破之轻松搞定KET写作25分 【10讲 褚连一】_第10讲第十课写作Part9小作文练习_第十课写作Part9小作文练习_page_010_p10_c3,docstructbench_dianzishu_zhongwenzaixian-o.O-63678132.pdf_161_p161_c0,exam_paper_2004-2019上海高考英语听力原文和答案_page_017_p17_c0,color_textbook_zhonggaokao_小学_KET听说读写逐项突破_KET听说读写逐项突破之轻松搞定KET写作25分 【10讲 褚连一】_第10讲第十课写作Part9小作文练习_第十课写作Part9小作文练习_page_010_p10_c4,yanbaor2_89c3718f5a45179ef57a5063c6df36fc2c9b7e3ab4275f4905ed89f1c17232ea.pdf_14_p14_c2",1,True,1.0
What is the meaning of 'bill' in the given text?,1,color_textbook_zhonggaokao_小学_KET听说读写逐项突破_KET听说读写逐项突破之轻松搞定KET写作25分 【10讲 褚连一】_第10讲第十课写作Part9小作文练习_第十课写作Part9小作文练习_page_010_p10_c4,color_textbook_zhonggaokao_小学_KET听说读写逐项突破_KET听说读写逐项突破之轻松搞定KET写作25分 【10讲 褚连一】_第10讲第十课写作Part9小作文练习_第十课写作Part9小作文练习_page_010_p10_c4,1,True,1.0
What is the meaning of 'bill' in the given text?,3,color_textbook_zhonggaokao_小学_KET听说读写逐项突破_KET听说读写逐项突破之轻松搞定KET写作25分 【10讲 褚连一】_第10讲第十课写作Part9小作文练习_第十课写作Part9小作文练习_page_010_p10_c4,"color_textbook_zhonggaokao_小学_KET听说读写逐项突破_KET听说读写逐项突破之轻松搞定KET写作25分 【10讲 褚连一】_第10讲第十课写作Part9小作文练习_第十课写作Part9小作文练习_page_010_p10_c4,jiaocaineedrop_Chapter9.pdf_46_p46_c2,jiaocaineedrop_Chapter9.pdf_46_p46_c1",1,True,1.0
What is the meaning of 'bill' in the given text?,5,color_textbook_zhonggaokao_小学_KET听说读写逐项突破_KET听说读写逐项突破之轻松搞定KET写作25分 【10讲 褚连一】_第10讲第十课写作Part9小作文练习_第十课写作Part9小作文练习_page_010_p10_c4,"color_textbook_zhonggaokao_小学_KET听说读写逐项突破_KET听说读写逐项突破之轻松搞定KET写作25分 【10讲 褚连一】_第10讲第十课写作Part9小作文练习_第十课写作Part9小作文练习_page_010_p10_c4,jiaocaineedrop_Chapter9.pdf_46_p46_c2,jiaocaineedrop_Chapter9.pdf_46_p46_c1,newspaper_The Globe and Mail - 2025-1-8@magazinesclubnew_page_014_p14_c0,jiaocaineedrop_jiaocai_needrop_en_453_p453_c0",1,True,1.0
What does the OMG Unified Modeling Language Specification define a component as?,1,yanbaopptmerge_SE14.pdf_1_p1_c0,yanbaopptmerge_SE14.pdf_1_p1_c0,1,True,1.0
What does the OMG Unified Modeling Language Specification define a component as?,3,yanbaopptmerge_SE14.pdf_1_p1_c0,"yanbaopptmerge_SE14.pdf_1_p1_c0,book_en_[搬书匠#893][Pyomo—Optimization Modeling in Python].2012.英文版_page_188_p188_c3,book_en_[搬书匠#893][Pyomo—Optimization Modeling in Python].2012.英文版_page_188_p188_c4",1,True,1.0
What does the OMG Unified Modeling Language Specification define a component as?,5,yanbaopptmerge_SE14.pdf_1_p1_c0,"yanbaopptmerge_SE14.pdf_1_p1_c0,book_en_[搬书匠#893][Pyomo—Optimization Modeling in Python].2012.英文版_page_188_p188_c3,book_en_[搬书匠#893][Pyomo—Optimization Modeling in Python].2012.英文版_page_188_p188_c4,exam_paper_en-file-putnam-archive_2011_Solutions_2011s_page_002_p2_c3,docstructbench_dianzishu_zhongwenzaixian-o.O-61523162.pdf_276_p276_c1",1,True,1.0
什么是编发线的发车能力计算公式？,1,book_zh_TB100782001_extracted_page_21_p21_c1,book_zh_TB100782001_extracted_page_21_p21_c1,1,True,1.0
什么是编发线的发车能力计算公式？,3,book_zh_TB100782001_extracted_page_21_p21_c1,"book_zh_TB100782001_extracted_page_21_p21_c1,book_zh_TB100782001_extracted_page_21_p21_c0,book_zh_TB100782001_extracted_page_21_p21_c2",1,True,1.0
什么是编发线的发车能力计算公式？,5,book_zh_TB100782001_extracted_page_21_p21_c1,"book_zh_TB100782001_extracted_page_21_p21_c1,book_zh_TB100782001_extracted_page_21_p21_c0,book_zh_TB100782001_extracted_page_21_p21_c2,book_zh_TB100782001_extracted_page_21_p21_c3,jiaocaineedrop_jiaocai_needrop_en_1473_p1473_c2",1,True,1.0
交接线通过能力的计算公式中，N交接的单位是什么？,1,book_zh_TB100782001_extracted_page_21_p21_c2,book_zh_TB100782001_extracted_page_21_p21_c2,1,True,1.0
交接线通过能力的计算公式中，N交接的单位是什么？,3,book_zh_TB100782001_extracted_page_21_p21_c2,"book_zh_TB100782001_extracted_page_21_p21_c2,book_zh_TB100782001_extracted_page_21_p21_c1,book_zh_TB100782001_extracted_page_21_p21_c3",1,True,1.0
交接线通过能力的计算公式中，N交接的单位是什么？,5,book_zh_TB100782001_extracted_page_21_p21_c2,"book_zh_TB100782001_extracted_page_21_p21_c2,book_zh_TB100782001_extracted_page_21_p21_c1,book_zh_TB100782001_extracted_page_21_p21_c3,book_zh_TB100782001_extracted_page_21_p21_c0,jiaocaineedrop_jiaocai_needrop_en_1473_p1473_c0",1,True,1.0
交接线的空费系数取值范围是什么？,1,book_zh_TB100782001_extracted_page_21_p21_c3,book_zh_TB100782001_extracted_page_21_p21_c3,1,True,1.0
交接线的空费系数取值范围是什么？,3,book_zh_TB100782001_extracted_page_21_p21_c3,"book_zh_TB100782001_extracted_page_21_p21_c3,book_zh_TB100782001_extracted_page_21_p21_c2,book_zh_TB100782001_extracted_page_21_p21_c1",1,True,1.0
交接线的空费系数取值范围是什么？,5,book_zh_TB100782001_extracted_page_21_p21_c3,"book_zh_TB100782001_extracted_page_21_p21_c3,book_zh_TB100782001_extracted_page_21_p21_c2,book_zh_TB100782001_extracted_page_21_p21_c1,jiaocaineedrop_jiaocai_needrop_en_1473_p1473_c0,book_zh_TB100782001_extracted_page_21_p21_c0",1,True,1.0
哪套高考题考察了句式变换？,1,yanbaopptmerge_yanbaoPPT_5205_p5205_c0,yanbaopptmerge_yanbaoPPT_5205_p5205_c0,1,True,1.0
哪套高考题考察了句式变换？,3,yanbaopptmerge_yanbaoPPT_5205_p5205_c0,"yanbaopptmerge_yanbaoPPT_5205_p5205_c0,jiaocaineedrop_jiaocai_needrop_en_1564_p1564_c2,jiaocaineedrop_jiaocai_needrop_en_1836_p1836_c2",1,True,1.0
哪套高考题考察了句式变换？,5,yanbaopptmerge_yanbaoPPT_5205_p5205_c0,"yanbaopptmerge_yanbaoPPT_5205_p5205_c0,jiaocaineedrop_jiaocai_needrop_en_1564_p1564_c2,jiaocaineedrop_jiaocai_needrop_en_1836_p1836_c2,jiaocaineedrop_jiaocai_needrop_en_377_p377_c3,jiaocaineedrop_jiaocai_needrop_en_1836_p1836_c1",1,True,1.0
What is the weather condition for Berlin on Friday?,1,newspaper_The Globe and Mail - 2025-1-8@magazinesclubnew_page_014_p14_c0,newspaper_The Globe and Mail - 2025-1-8@magazinesclubnew_page_014_p14_c0,1,True,1.0
What is the weather condition for Berlin on Friday?,3,newspaper_The Globe and Mail - 2025-1-8@magazinesclubnew_page_014_p14_c0,"newspaper_The Globe and Mail - 2025-1-8@magazinesclubnew_page_014_p14_c0,newspaper_The Globe and Mail - 2025-1-8@magazinesclubnew_page_014_p14_c5,newspaper_The Globe and Mail - 2025-1-8@magazinesclubnew_page_014_p14_c1",1,True,1.0
What is the weather condition for Berlin on Friday?,5,newspaper_The Globe and Mail - 2025-1-8@magazinesclubnew_page_014_p14_c0,"newspaper_The Globe and Mail - 2025-1-8@magazinesclubnew_page_014_p14_c0,newspaper_The Globe and Mail - 2025-1-8@magazinesclubnew_page_014_p14_c5,newspaper_The Globe and Mail - 2025-1-8@magazinesclubnew_page_014_p14_c1,newspaper_The Globe and Mail - 2025-1-8@magazinesclubnew_page_014_p14_c3,newspaper_The Globe and Mail - 2025-1-8@magazinesclubnew_page_014_p14_c4",1,True,1.0
What is the value for FRANKFURT in the fifth column?,1,newspaper_The Globe and Mail - 2025-1-8@magazinesclubnew_page_014_p14_c1,newspaper_The Globe and Mail - 2025-1-8@magazinesclubnew_page_014_p14_c1,1,True,1.0
What is the value for FRANKFURT in the fifth column?,3,newspaper_The Globe and Mail - 2025-1-8@magazinesclubnew_page_014_p14_c1,"newspaper_The Globe and Mail - 2025-1-8@magazinesclubnew_page_014_p14_c1,newspaper_The Globe and Mail - 2025-1-8@magazinesclubnew_page_014_p14_c3,newspaper_The Globe and Mail - 2025-1-8@magazinesclubnew_page_014_p14_c5",1,True,1.0
What is the value for FRANKFURT in the fifth column?,5,newspaper_The Globe and Mail - 2025-1-8@magazinesclubnew_page_014_p14_c1,"newspaper_The Globe and Mail - 2025-1-8@magazinesclubnew_page_014_p14_c1,newspaper_The Globe and Mail - 2025-1-8@magazinesclubnew_page_014_p14_c3,newspaper_The Globe and Mail - 2025-1-8@magazinesclubnew_page_014_p14_c5,newspaper_The Globe and Mail - 2025-1-8@magazinesclubnew_page_014_p14_c0,newspaper_The Globe and Mail - 2025-1-8@magazinesclubnew_page_014_p14_c11",1,True,1.0
What is the value for MADRID in the third column?,1,newspaper_The Globe and Mail - 2025-1-8@magazinesclubnew_page_014_p14_c2,newspaper_The Globe and Mail - 2025-1-8@magazinesclubnew_page_014_p14_c2,1,True,1.0
What is the value for MADRID in the third column?,3,newspaper_The Globe and Mail - 2025-1-8@magazinesclubnew_page_014_p14_c2,"newspaper_The Globe and Mail - 2025-1-8@magazinesclubnew_page_014_p14_c2,newspaper_The Globe and Mail - 2025-1-8@magazinesclubnew_page_014_p14_c8,newspaper_The Globe and Mail - 2025-1-8@magazinesclubnew_page_014_p14_c1",1,True,1.0
What is the value for MADRID in the third column?,5,newspaper_The Globe and Mail - 2025-1-8@magazinesclubnew_page_014_p14_c2,"newspaper_The Globe and Mail - 2025-1-8@magazinesclubnew_page_014_p14_c2,newspaper_The Globe and Mail - 2025-1-8@magazinesclubnew_page_014_p14_c8,newspaper_The Globe and Mail - 2025-1-8@magazinesclubnew_page_014_p14_c1,newspaper_The Globe and Mail - 2025-1-8@magazinesclubnew_page_014_p14_c3,newspaper_The Globe and Mail - 2025-1-8@magazinesclubnew_page_014_p14_c0",1,True,1.0
What is the value for SINGAPORE in the first column?,1,newspaper_The Globe and Mail - 2025-1-8@magazinesclubnew_page_014_p14_c3,newspaper_The Globe and Mail - 2025-1-8@magazinesclubnew_page_014_p14_c4,0,False,0.0
What is the value for SINGAPORE in the first column?,3,newspaper_The Globe and Mail - 2025-1-8@magazinesclubnew_page_014_p14_c3,"newspaper_The Globe and Mail - 2025-1-8@magazinesclubnew_page_014_p14_c4,newspaper_The Globe and Mail - 2025-1-8@magazinesclubnew_page_014_p14_c8,newspaper_The Globe and Mail - 2025-1-8@magazinesclubnew_page_014_p14_c1",0,False,0.0
What is the value for SINGAPORE in the first column?,5,newspaper_The Globe and Mail - 2025-1-8@magazinesclubnew_page_014_p14_c3,"newspaper_The Globe and Mail - 2025-1-8@magazinesclubnew_page_014_p14_c4,newspaper_The Globe and Mail - 2025-1-8@magazinesclubnew_page_014_p14_c8,newspaper_The Globe and Mail - 2025-1-8@magazinesclubnew_page_014_p14_c1,newspaper_The Globe and Mail - 2025-1-8@magazinesclubnew_page_014_p14_c2,newspaper_The Globe and Mail - 2025-1-8@magazinesclubnew_page_014_p14_c9",0,False,0.0
What is the weather condition for SINGAPORE on the third column?,1,newspaper_The Globe and Mail - 2025-1-8@magazinesclubnew_page_014_p14_c4,newspaper_The Globe and Mail - 2025-1-8@magazinesclubnew_page_014_p14_c4,1,True,1.0
What is the weather condition for SINGAPORE on the third column?,3,newspaper_The Globe and Mail - 2025-1-8@magazinesclubnew_page_014_p14_c4,"newspaper_The Globe and Mail - 2025-1-8@magazinesclubnew_page_014_p14_c4,newspaper_The Globe and Mail - 2025-1-8@magazinesclubnew_page_014_p14_c5,newspaper_The Globe and Mail - 2025-1-8@magazinesclubnew_page_014_p14_c3",1,True,1.0
What is the weather condition for SINGAPORE on the third column?,5,newspaper_The Globe and Mail - 2025-1-8@magazinesclubnew_page_014_p14_c4,"newspaper_The Globe and Mail - 2025-1-8@magazinesclubnew_page_014_p14_c4,newspaper_The Globe and Mail - 2025-1-8@magazinesclubnew_page_014_p14_c5,newspaper_The Globe and Mail - 2025-1-8@magazinesclubnew_page_014_p14_c3,newspaper_The Globe and Mail - 2025-1-8@magazinesclubnew_page_014_p14_c2,newspaper_The Globe and Mail - 2025-1-8@magazinesclubnew_page_014_p14_c8",1,True,1.0
What is the weather condition in Calgary for today?,1,newspaper_The Globe and Mail - 2025-1-8@magazinesclubnew_page_014_p14_c5,newspaper_The Globe and Mail - 2025-1-8@magazinesclubnew_page_014_p14_c5,1,True,1.0
What is the weather condition in Calgary for today?,3,newspaper_The Globe and Mail - 2025-1-8@magazinesclubnew_page_014_p14_c5,"newspaper_The Globe and Mail - 2025-1-8@magazinesclubnew_page_014_p14_c5,newspaper_The Globe and Mail - 2025-1-8@magazinesclubnew_page_014_p14_c4,newspaper_The Globe and Mail - 2025-1-8@magazinesclubnew_page_014_p14_c6",1,True,1.0
What is the weather condition in Calgary for today?,5,newspaper_The Globe and Mail - 2025-1-8@magazinesclubnew_page_014_p14_c5,"newspaper_The Globe and Mail - 2025-1-8@magazinesclubnew_page_014_p14_c5,newspaper_The Globe and Mail - 2025-1-8@magazinesclubnew_page_014_p14_c4,newspaper_The Globe and Mail - 2025-1-8@magazinesclubnew_page_014_p14_c6,newspaper_The Globe and Mail - 2025-1-8@magazinesclubnew_page_014_p14_c3,newspaper_The Globe and Mail - 2025-1-8@magazinesclubnew_page_014_p14_c8",1,True,1.0
What is the status for Hamilton?,1,newspaper_The Globe and Mail - 2025-1-8@magazinesclubnew_page_014_p14_c6,newspaper_The Globe and Mail - 2025-1-8@magazinesclubnew_page_014_p14_c7,0,False,0.0
What is the status for Hamilton?,3,newspaper_The Globe and Mail - 2025-1-8@magazinesclubnew_page_014_p14_c6,"newspaper_The Globe and Mail - 2025-1-8@magazinesclubnew_page_014_p14_c7,newspaper_The Globe and Mail - 2025-1-8@magazinesclubnew_page_014_p14_c11,newspaper_The Globe and Mail - 2025-1-8@magazinesclubnew_page_014_p14_c6",3,True,1.0
What is the status for Hamilton?,5,newspaper_The Globe and Mail - 2025-1-8@magazinesclubnew_page_014_p14_c6,"newspaper_The Globe and Mail - 2025-1-8@magazinesclubnew_page_014_p14_c7,newspaper_The Globe and Mail - 2025-1-8@magazinesclubnew_page_014_p14_c11,newspaper_The Globe and Mail - 2025-1-8@magazinesclubnew_page_014_p14_c6,newspaper_The Globe and Mail - 2025-1-8@magazinesclubnew_page_027_p27_c0,magazine_TheEconomist.2023.11.18_page_071_p71_c2",3,True,1.0
What is the value for the third column in the row for HAMILTON?,1,newspaper_The Globe and Mail - 2025-1-8@magazinesclubnew_page_014_p14_c7,newspaper_The Globe and Mail - 2025-1-8@magazinesclubnew_page_014_p14_c7,1,True,1.0
What is the value for the third column in the row for HAMILTON?,3,newspaper_The Globe and Mail - 2025-1-8@magazinesclubnew_page_014_p14_c7,"newspaper_The Globe and Mail - 2025-1-8@magazinesclubnew_page_014_p14_c7,book_en_国外数学教材-非数学专业教材-线性代数-Gilbert Strang—Linear Algebra and Its Applications 4e_0035_p35_c3,newspaper_The Globe and Mail - 2025-1-8@magazinesclubnew_page_014_p14_c14",1,True,1.0
What is the value for the third column in the row for HAMILTON?,5,newspaper_The Globe and Mail - 2025-1-8@magazinesclubnew_page_014_p14_c7,"newspaper_The Globe and Mail - 2025-1-8@magazinesclubnew_page_014_p14_c7,book_en_国外数学教材-非数学专业教材-线性代数-Gilbert Strang—Linear Algebra and Its Applications 4e_0035_p35_c3,newspaper_The Globe and Mail - 2025-1-8@magazinesclubnew_page_014_p14_c14,newspaper_The Globe and Mail - 2025-1-8@magazinesclubnew_page_014_p14_c11,exam_paper_en-file-putnam-archive_1995_Solutions_1995s_page_002_p2_c3",1,True,1.0
What is the value for OTTAWA in the third column?,1,newspaper_The Globe and Mail - 2025-1-8@magazinesclubnew_page_014_p14_c8,newspaper_The Globe and Mail - 2025-1-8@magazinesclubnew_page_014_p14_c8,1,True,1.0
What is the value for OTTAWA in the third column?,3,newspaper_The Globe and Mail - 2025-1-8@magazinesclubnew_page_014_p14_c8,"newspaper_The Globe and Mail - 2025-1-8@magazinesclubnew_page_014_p14_c8,newspaper_The Globe and Mail - 2025-1-8@magazinesclubnew_page_014_p14_c9,newspaper_The Globe and Mail - 2025-1-8@magazinesclubnew_page_014_p14_c11",1,True,1.0
What is the value for OTTAWA in the third column?,5,newspaper_The Globe and Mail - 2025-1-8@magazinesclubnew_page_014_p14_c8,"newspaper_The Globe and Mail - 2025-1-8@magazinesclubnew_page_014_p14_c8,newspaper_The Globe and Mail - 2025-1-8@magazinesclubnew_page_014_p14_c9,newspaper_The Globe and Mail - 2025-1-8@magazinesclubnew_page_014_p14_c11,newspaper_The Globe and Mail - 2025-1-8@magazinesclubnew_page_014_p14_c6,newspaper_The Globe and Mail - 2025-1-8@magazinesclubnew_page_014_p14_c7",1,True,1.0
What is the temperature range for Sault Ste Marie?,1,newspaper_The Globe and Mail - 2025-1-8@magazinesclubnew_page_014_p14_c9,newspaper_The Globe and Mail - 2025-1-8@magazinesclubnew_page_014_p14_c10,0,False,0.0
What is the temperature range for Sault Ste Marie?,3,newspaper_The Globe and Mail - 2025-1-8@magazinesclubnew_page_014_p14_c9,"newspaper_The Globe and Mail - 2025-1-8@magazinesclubnew_page_014_p14_c10,newspaper_The Globe and Mail - 2025-1-8@magazinesclubnew_page_014_p14_c9,newspaper_The Globe and Mail - 2025-1-8@magazinesclubnew_page_014_p14_c8",2,True,1.0
What is the temperature range for Sault Ste Marie?,5,newspaper_The Globe and Mail - 2025-1-8@magazinesclubnew_page_014_p14_c9,"newspaper_The Globe and Mail - 2025-1-8@magazinesclubnew_page_014_p14_c10,newspaper_The Globe and Mail - 2025-1-8@magazinesclubnew_page_014_p14_c9,newspaper_The Globe and Mail - 2025-1-8@magazinesclubnew_page_014_p14_c8,newspaper_The Globe and Mail - 2025-1-8@magazinesclubnew_page_014_p14_c6,newspaper_The Globe and Mail - 2025-1-8@magazinesclubnew_page_014_p14_c3",2,True,1.0
What is the temperature range for Thompson?,1,newspaper_The Globe and Mail - 2025-1-8@magazinesclubnew_page_014_p14_c10,newspaper_The Globe and Mail - 2025-1-8@magazinesclubnew_page_014_p14_c11,0,False,0.0
What is the temperature range for Thompson?,3,newspaper_The Globe and Mail - 2025-1-8@magazinesclubnew_page_014_p14_c10,"newspaper_The Globe and Mail - 2025-1-8@magazinesclubnew_page_014_p14_c11,newspaper_The Globe and Mail - 2025-1-8@magazinesclubnew_page_014_p14_c10,newspaper_The Globe and Mail - 2025-1-8@magazinesclubnew_page_014_p14_c7",2,True,1.0
What is the temperature range for Thompson?,5,newspaper_The Globe and Mail - 2025-1-8@magazinesclubnew_page_014_p14_c10,"newspaper_The Globe and Mail - 2025-1-8@magazinesclubnew_page_014_p14_c11,newspaper_The Globe and Mail - 2025-1-8@magazinesclubnew_page_014_p14_c10,newspaper_The Globe and Mail - 2025-1-8@magazinesclubnew_page_014_p14_c7,newspaper_The Globe and Mail - 2025-1-8@magazinesclubnew_page_014_p14_c8,newspaper_The Globe and Mail - 2025-1-8@magazinesclubnew_page_014_p14_c5",2,True,1.0
What is the status for VANCOUVER on the third column?,1,newspaper_The Globe and Mail - 2025-1-8@magazinesclubnew_page_014_p14_c11,newspaper_The Globe and Mail - 2025-1-8@magazinesclubnew_page_014_p14_c11,1,True,1.0
What is the status for VANCOUVER on the third column?,3,newspaper_The Globe and Mail - 2025-1-8@magazinesclubnew_page_014_p14_c11,"newspaper_The Globe and Mail - 2025-1-8@magazinesclubnew_page_014_p14_c11,newspaper_The Globe and Mail - 2025-1-8@magazinesclubnew_page_014_p14_c8,newspaper_The Globe and Mail - 2025-1-8@magazinesclubnew_page_014_p14_c2",1,True,1.0
What is the status for VANCOUVER on the third column?,5,newspaper_The Globe and Mail - 2025-1-8@magazinesclubnew_page_014_p14_c11,"newspaper_The Globe and Mail - 2025-1-8@magazinesclubnew_page_014_p14_c11,newspaper_The Globe and Mail - 2025-1-8@magazinesclubnew_page_014_p14_c8,newspaper_The Globe and Mail - 2025-1-8@magazinesclubnew_page_014_p14_c2,newspaper_The Globe and Mail - 2025-1-8@magazinesclubnew_page_014_p14_c5,newspaper_The Globe and Mail - 2025-1-8@magazinesclubnew_page_014_p14_c0",1,True,1.0
What is the temperature in Yellowknife for the fifth column?,1,newspaper_The Globe and Mail - 2025-1-8@magazinesclubnew_page_014_p14_c12,newspaper_The Globe and Mail - 2025-1-8@magazinesclubnew_page_014_p14_c12,1,True,1.0
What is the temperature in Yellowknife for the fifth column?,3,newspaper_The Globe and Mail - 2025-1-8@magazinesclubnew_page_014_p14_c12,"newspaper_The Globe and Mail - 2025-1-8@magazinesclubnew_page_014_p14_c12,newspaper_The Globe and Mail - 2025-1-8@magazinesclubnew_page_014_p14_c3,docstructbench_llm-raw-scihub-o.O-j.chroma.2005.05.085.pdf_4_p4_c6",1,True,1.0
What is the temperature in Yellowknife for the fifth column?,5,newspaper_The Globe and Mail - 2025-1-8@magazinesclubnew_page_014_p14_c12,"newspaper_The Globe and Mail - 2025-1-8@magazinesclubnew_page_014_p14_c12,newspaper_The Globe and Mail - 2025-1-8@magazinesclubnew_page_014_p14_c3,docstructbench_llm-raw-scihub-o.O-j.chroma.2005.05.085.pdf_4_p4_c6,newspaper_The Globe and Mail - 2025-1-8@magazinesclubnew_page_014_p14_c5,newspaper_The Globe and Mail - 2025-1-8@magazinesclubnew_page_014_p14_c9",1,True,1.0
What is the clue for the 13th Across answer?,1,newspaper_The Globe and Mail - 2025-1-8@magazinesclubnew_page_014_p14_c13,newspaper_The Globe and Mail - 2025-1-8@magazinesclubnew_page_014_p14_c15,0,False,0.0
What is the clue for the 13th Across answer?,3,newspaper_The Globe and Mail - 2025-1-8@magazinesclubnew_page_014_p14_c13,"newspaper_The Globe and Mail - 2025-1-8@magazinesclubnew_page_014_p14_c15,newspaper_The Globe and Mail - 2025-1-8@magazinesclubnew_page_014_p14_c2,newspaper_The Globe and Mail - 2025-1-8@magazinesclubnew_page_014_p14_c13",3,True,1.0
What is the clue for the 13th Across answer?,5,newspaper_The Globe and Mail - 2025-1-8@magazinesclubnew_page_014_p14_c13,"newspaper_The Globe and Mail - 2025-1-8@magazinesclubnew_page_014_p14_c15,newspaper_The Globe and Mail - 2025-1-8@magazinesclubnew_page_014_p14_c2,newspaper_The Globe and Mail - 2025-1-8@magazinesclubnew_page_014_p14_c13,newspaper_The Globe and Mail - 2025-1-8@magazinesclubnew_page_014_p14_c16,jiaocaineedrop_jiaocai_needrop_en_1473_p1473_c0",3,True,1.0
What is the rule for filling in single-box cages?,1,newspaper_The Globe and Mail - 2025-1-8@magazinesclubnew_page_014_p14_c14,newspaper_The Globe and Mail - 2025-1-8@magazinesclubnew_page_014_p14_c15,0,False,0.0
What is the rule for filling in single-box cages?,3,newspaper_The Globe and Mail - 2025-1-8@magazinesclubnew_page_014_p14_c14,"newspaper_The Globe and Mail - 2025-1-8@magazinesclubnew_page_014_p14_c15,newspaper_The Globe and Mail - 2025-1-8@magazinesclubnew_page_014_p14_c14,book_zh_CNASGL0092018_extracted_page_69_p69_c1",2,True,1.0
What is the rule for filling in single-box cages?,5,newspaper_The Globe and Mail - 2025-1-8@magazinesclubnew_page_014_p14_c14,"newspaper_The Globe and Mail - 2025-1-8@magazinesclubnew_page_014_p14_c15,newspaper_The Globe and Mail - 2025-1-8@magazinesclubnew_page_014_p14_c14,book_zh_CNASGL0092018_extracted_page_69_p69_c1,jiaocaineedrop_96657786.pdf_0_p0_c0,book_zh_CNASGL0092018_extracted_page_69_p69_c0",2,True,1.0
What is the answer for the clue 'Tempted' in the crossword?,1,newspaper_The Globe and Mail - 2025-1-8@magazinesclubnew_page_014_p14_c15,newspaper_The Globe and Mail - 2025-1-8@magazinesclubnew_page_014_p14_c15,1,True,1.0
What is the answer for the clue 'Tempted' in the crossword?,3,newspaper_The Globe and Mail - 2025-1-8@magazinesclubnew_page_014_p14_c15,"newspaper_The Globe and Mail - 2025-1-8@magazinesclubnew_page_014_p14_c15,exam_paper_2004-2019上海高考英语听力原文和答案_page_017_p17_c0,notes_f7f010b78016aeebd76e56d9283eb67f_72_p72_c0",1,True,1.0
What is the answer for the clue 'Tempted' in the crossword?,5,newspaper_The Globe and Mail - 2025-1-8@magazinesclubnew_page_014_p14_c15,"newspaper_The Globe and Mail - 2025-1-8@magazinesclubnew_page_014_p14_c15,exam_paper_2004-2019上海高考英语听力原文和答案_page_017_p17_c0,notes_f7f010b78016aeebd76e56d9283eb67f_72_p72_c0,newspaper_The Globe and Mail - 2025-1-8@magazinesclubnew_page_014_p14_c16,jiaocaineedrop_jiaocai_needrop_en_453_p453_c0",1,True,1.0
What is the definition of 10 Practice of seeking to gain superiority over others?,1,newspaper_The Globe and Mail - 2025-1-8@magazinesclubnew_page_014_p14_c16,jiaocaineedrop_jiaocai_needrop_en_155_p155_c1,0,False,0.0
What is the definition of 10 Practice of seeking to gain superiority over others?,3,newspaper_The Globe and Mail - 2025-1-8@magazinesclubnew_page_014_p14_c16,"jiaocaineedrop_jiaocai_needrop_en_155_p155_c1,jiaocaineedrop_jiaocai_needrop_en_155_p155_c0,jiaocaineedrop_jiaocai_needrop_en_237_p237_c0",0,False,0.0
What is the definition of 10 Practice of seeking to gain superiority over others?,5,newspaper_The Globe and Mail - 2025-1-8@magazinesclubnew_page_014_p14_c16,"jiaocaineedrop_jiaocai_needrop_en_155_p155_c1,jiaocaineedrop_jiaocai_needrop_en_155_p155_c0,jiaocaineedrop_jiaocai_needrop_en_237_p237_c0,newspaper_e62730aaeb9b509119e0c3699ac18201_1_p1_c13,jiaocaineedrop_jiaocai_needrop_en_2193_p2193_c1",0,False,0.0
What is the main risk of relying on instinct rather than conventions in bridge?,1,newspaper_The Globe and Mail - 2025-1-8@magazinesclubnew_page_014_p14_c17,newspaper_The Globe and Mail - 2025-1-8@magazinesclubnew_page_014_p14_c17,1,True,1.0
What is the main risk of relying on instinct rather than conventions in bridge?,3,newspaper_The Globe and Mail - 2025-1-8@magazinesclubnew_page_014_p14_c17,"newspaper_The Globe and Mail - 2025-1-8@magazinesclubnew_page_014_p14_c17,newspaper_The Globe and Mail - 2025-1-8@magazinesclubnew_page_014_p14_c18,newspaper_The Globe and Mail - 2025-1-8@magazinesclubnew_page_014_p14_c19",1,True,1.0
What is the main risk of relying on instinct rather than conventions in bridge?,5,newspaper_The Globe and Mail - 2025-1-8@magazinesclubnew_page_014_p14_c17,"newspaper_The Globe and Mail - 2025-1-8@magazinesclubnew_page_014_p14_c17,newspaper_The Globe and Mail - 2025-1-8@magazinesclubnew_page_014_p14_c18,newspaper_The Globe and Mail - 2025-1-8@magazinesclubnew_page_014_p14_c19,newspaper_e62730aaeb9b509119e0c3699ac18201_1_p1_c12,jiaocaineedrop_jiaocai_needrop_en_1836_p1836_c2",1,True,1.0
What does East's return of the three indicate about his preference for the next lead?,1,newspaper_The Globe and Mail - 2025-1-8@magazinesclubnew_page_014_p14_c18,newspaper_The Globe and Mail - 2025-1-8@magazinesclubnew_page_014_p14_c18,1,True,1.0
What does East's return of the three indicate about his preference for the next lead?,3,newspaper_The Globe and Mail - 2025-1-8@magazinesclubnew_page_014_p14_c18,"newspaper_The Globe and Mail - 2025-1-8@magazinesclubnew_page_014_p14_c18,newspaper_The Globe and Mail - 2025-1-8@magazinesclubnew_page_014_p14_c19,newspaper_The Globe and Mail - 2025-1-8@magazinesclubnew_page_014_p14_c20",1,True,1.0
What does East's return of the three indicate about his preference for the next lead?,5,newspaper_The Globe and Mail - 2025-1-8@magazinesclubnew_page_014_p14_c18,"newspaper_The Globe and Mail - 2025-1-8@magazinesclubnew_page_014_p14_c18,newspaper_The Globe and Mail - 2025-1-8@magazinesclubnew_page_014_p14_c19,newspaper_The Globe and Mail - 2025-1-8@magazinesclubnew_page_014_p14_c20,newspaper_Daily Mirror 2025-1-8@magazinesclubnew_page_058_p58_c0,newspaper_Daily Mirror 2025-1-8@magazinesclubnew_page_058_p58_c1",1,True,1.0
What does West's ruff with the two of spades indicate?,1,newspaper_The Globe and Mail - 2025-1-8@magazinesclubnew_page_014_p14_c19,newspaper_The Globe and Mail - 2025-1-8@magazinesclubnew_page_014_p14_c20,0,False,0.0
What does West's ruff with the two of spades indicate?,3,newspaper_The Globe and Mail - 2025-1-8@magazinesclubnew_page_014_p14_c19,"newspaper_The Globe and Mail - 2025-1-8@magazinesclubnew_page_014_p14_c20,newspaper_The Globe and Mail - 2025-1-8@magazinesclubnew_page_014_p14_c19,newspaper_The Globe and Mail - 2025-1-8@magazinesclubnew_page_014_p14_c18",2,True,1.0
What does West's ruff with the two of spades indicate?,5,newspaper_The Globe and Mail - 2025-1-8@magazinesclubnew_page_014_p14_c19,"newspaper_The Globe and Mail - 2025-1-8@magazinesclubnew_page_014_p14_c20,newspaper_The Globe and Mail - 2025-1-8@magazinesclubnew_page_014_p14_c19,newspaper_The Globe and Mail - 2025-1-8@magazinesclubnew_page_014_p14_c18,newspaper_The Globe and Mail - 2025-1-8@magazinesclubnew_page_014_p14_c17,magazine_TheEconomist.2024.03.02_page_075_p75_c6",2,True,1.0
What card does East return at trick five?,1,newspaper_The Globe and Mail - 2025-1-8@magazinesclubnew_page_014_p14_c20,newspaper_The Globe and Mail - 2025-1-8@magazinesclubnew_page_014_p14_c20,1,True,1.0
What card does East return at trick five?,3,newspaper_The Globe and Mail - 2025-1-8@magazinesclubnew_page_014_p14_c20,"newspaper_The Globe and Mail - 2025-1-8@magazinesclubnew_page_014_p14_c20,newspaper_The Globe and Mail - 2025-1-8@magazinesclubnew_page_014_p14_c18,newspaper_The Globe and Mail - 2025-1-8@magazinesclubnew_page_014_p14_c19",1,True,1.0
What card does East return at trick five?,5,newspaper_The Globe and Mail - 2025-1-8@magazinesclubnew_page_014_p14_c20,"newspaper_The Globe and Mail - 2025-1-8@magazinesclubnew_page_014_p14_c20,newspaper_The Globe and Mail - 2025-1-8@magazinesclubnew_page_014_p14_c18,newspaper_The Globe and Mail - 2025-1-8@magazinesclubnew_page_014_p14_c19,newspaper_The Globe and Mail - 2025-1-8@magazinesclubnew_page_014_p14_c17,newspaper_The Globe and Mail - 2025-1-8@magazinesclubnew_page_014_p14_c15",1,True,1.0
What are the topics of the scientific articles?,1,PPT_all655920_page_002_p2_c0,PPT_all655920_page_002_p2_c0,1,True,1.0
What are the topics of the scientific articles?,3,PPT_all655920_page_002_p2_c0,"PPT_all655920_page_002_p2_c0,PPT_all655920_page_001_p1_c0,yanbaopptmerge_5473246b8da789b9bfdeef53a70c4d72afd480415d5cbcedb83d105856710328.pdf_8_p8_c0",1,True,1.0
What are the topics of the scientific articles?,5,PPT_all655920_page_002_p2_c0,"PPT_all655920_page_002_p2_c0,PPT_all655920_page_001_p1_c0,yanbaopptmerge_5473246b8da789b9bfdeef53a70c4d72afd480415d5cbcedb83d105856710328.pdf_8_p8_c0,newspaper_The Wall Street Journal - 2025-01-08@magazinesclubnew_page_018_p18_c3,magazine_TheEconomist.2023.11.18_page_071_p71_c5",1,True,1.0
What is the framework of ESL programs in secondary school?,1,PPT_The Right Moves_page_016_p16_c0,PPT_The Right Moves_page_016_p16_c0,1,True,1.0
What is the framework of ESL programs in secondary school?,3,PPT_The Right Moves_page_016_p16_c0,"PPT_The Right Moves_page_016_p16_c0,notes_f7f010b78016aeebd76e56d9283eb67f_4_p4_c0,PPT_13 fallacies LALT2012_page_001_p1_c0",1,True,1.0
What is the framework of ESL programs in secondary school?,5,PPT_The Right Moves_page_016_p16_c0,"PPT_The Right Moves_page_016_p16_c0,notes_f7f010b78016aeebd76e56d9283eb67f_4_p4_c0,PPT_13 fallacies LALT2012_page_001_p1_c0,notes_f7f010b78016aeebd76e56d9283eb67f_92_p92_c1,exam_paper_2004-2019上海高考英语听力原文和答案_page_017_p17_c1",1,True,1.0
What is the number associated with this activity?,1,color_textbook_zhonggaokao_小学_13.人教新起点英语（4-5年级）_人教新起点五年级英语下册_课本_人教新起点英语5B电子课本_page_034_p34_c0,jiaocaineedrop_biz-96816.pdf_48_p48_c5,0,False,0.0
What is the number associated with this activity?,3,color_textbook_zhonggaokao_小学_13.人教新起点英语（4-5年级）_人教新起点五年级英语下册_课本_人教新起点英语5B电子课本_page_034_p34_c0,"jiaocaineedrop_biz-96816.pdf_48_p48_c5,newspaper_The Globe and Mail - 2025-1-8@magazinesclubnew_page_014_p14_c15,exam_paper_2004-2019上海高考英语听力原文和答案_page_017_p17_c0",0,False,0.0
What is the number associated with this activity?,5,color_textbook_zhonggaokao_小学_13.人教新起点英语（4-5年级）_人教新起点五年级英语下册_课本_人教新起点英语5B电子课本_page_034_p34_c0,"jiaocaineedrop_biz-96816.pdf_48_p48_c5,newspaper_The Globe and Mail - 2025-1-8@magazinesclubnew_page_014_p14_c15,exam_paper_2004-2019上海高考英语听力原文和答案_page_017_p17_c0,jiaocaineedrop_jiaocai_needrop_en_237_p237_c1,newspaper_The Globe and Mail - 2025-1-8@magazinesclubnew_page_014_p14_c1",0,False,0.0
What is the main activity mentioned in question 79?,1,exam_paper_2004-2019上海高考英语听力原文和答案_page_017_p17_c0,exam_paper_2004-2019上海高考英语听力原文和答案_page_017_p17_c0,1,True,1.0
What is the main activity mentioned in question 79?,3,exam_paper_2004-2019上海高考英语听力原文和答案_page_017_p17_c0,"exam_paper_2004-2019上海高考英语听力原文和答案_page_017_p17_c0,jiaocaineedrop_jiaocai_needrop_en_1836_p1836_c1,notes_1ba14cb325bc448f7201b20502ecf2b5_74_p74_c1",1,True,1.0
What is the main activity mentioned in question 79?,5,exam_paper_2004-2019上海高考英语听力原文和答案_page_017_p17_c0,"exam_paper_2004-2019上海高考英语听力原文和答案_page_017_p17_c0,jiaocaineedrop_jiaocai_needrop_en_1836_p1836_c1,notes_1ba14cb325bc448f7201b20502ecf2b5_74_p74_c1,jiaocaineedrop_jiaocai_needrop_en_237_p237_c1,jiaocaineedrop_jiaocai_needrop_en_237_p237_c0",1,True,1.0
What is the total score for the translation section?,1,exam_paper_2004-2019上海高考英语听力原文和答案_page_017_p17_c1,exam_paper_2004-2019上海高考英语听力原文和答案_page_017_p17_c1,1,True,1.0
What is the total score for the translation section?,3,exam_paper_2004-2019上海高考英语听力原文和答案_page_017_p17_c1,"exam_paper_2004-2019上海高考英语听力原文和答案_page_017_p17_c1,exam_paper_2004-2019上海高考英语听力原文和答案_page_017_p17_c0,docstructbench_dianzishu_zhongwenzaixian-o.O-61323717.pdf_203_p203_c2",1,True,1.0
What is the total score for the translation section?,5,exam_paper_2004-2019上海高考英语听力原文和答案_page_017_p17_c1,"exam_paper_2004-2019上海高考英语听力原文和答案_page_017_p17_c1,exam_paper_2004-2019上海高考英语听力原文和答案_page_017_p17_c0,docstructbench_dianzishu_zhongwenzaixian-o.O-61323717.pdf_203_p203_c2,docstructbench_llm-raw-scihub-o.O-j.chroma.2005.05.085.pdf_4_p4_c6,jiaocaineedrop_jiaocai_needrop_en_2884_p2884_c2",1,True,1.0
What is the man's reservation name?,1,exam_paper_2004-2019上海高考英语听力原文和答案_page_017_p17_c2,exam_paper_2004-2019上海高考英语听力原文和答案_page_017_p17_c3,0,False,0.0
What is the man's reservation name?,3,exam_paper_2004-2019上海高考英语听力原文和答案_page_017_p17_c2,"exam_paper_2004-2019上海高考英语听力原文和答案_page_017_p17_c3,magazine_TheEconomist.2024.03.02_page_075_p75_c5,magazine_TheEconomist.2024.03.02_page_075_p75_c4",0,False,0.0
What is the man's reservation name?,5,exam_paper_2004-2019上海高考英语听力原文和答案_page_017_p17_c2,"exam_paper_2004-2019上海高考英语听力原文和答案_page_017_p17_c3,magazine_TheEconomist.2024.03.02_page_075_p75_c5,magazine_TheEconomist.2024.03.02_page_075_p75_c4,newspaper_e62730aaeb9b509119e0c3699ac18201_1_p1_c0,newspaper_The Wall Street Journal - 2025-01-08@magazinesclubnew_page_018_p18_c2",0,False,0.0
What is the man's reservation name?,1,exam_paper_2004-2019上海高考英语听力原文和答案_page_017_p17_c3,exam_paper_2004-2019上海高考英语听力原文和答案_page_017_p17_c3,1,True,1.0
What is the man's reservation name?,3,exam_paper_2004-2019上海高考英语听力原文和答案_page_017_p17_c3,"exam_paper_2004-2019上海高考英语听力原文和答案_page_017_p17_c3,magazine_TheEconomist.2024.03.02_page_075_p75_c5,magazine_TheEconomist.2024.03.02_page_075_p75_c4",1,True,1.0
What is the man's reservation name?,5,exam_paper_2004-2019上海高考英语听力原文和答案_page_017_p17_c3,"exam_paper_2004-2019上海高考英语听力原文和答案_page_017_p17_c3,magazine_TheEconomist.2024.03.02_page_075_p75_c5,magazine_TheEconomist.2024.03.02_page_075_p75_c4,newspaper_e62730aaeb9b509119e0c3699ac18201_1_p1_c0,newspaper_The Wall Street Journal - 2025-01-08@magazinesclubnew_page_018_p18_c2",1,True,1.0
What is the expression for the nth derivative of 1/(x^k - 1)?,1,exam_paper_en-file-putnam-archive_2002_Solutions_2002s_page_001_p1_c0,exam_paper_en-file-putnam-archive_2002_Solutions_2002s_page_001_p1_c0,1,True,1.0
What is the expression for the nth derivative of 1/(x^k - 1)?,3,exam_paper_en-file-putnam-archive_2002_Solutions_2002s_page_001_p1_c0,"exam_paper_en-file-putnam-archive_2002_Solutions_2002s_page_001_p1_c0,exam_paper_en-file-putnam-archive_1999_Solutions_1999s_page_003_p3_c2,exam_paper_en-file-putnam-archive_2006_Solutions_2006s_page_006_p6_c5",1,True,1.0
What is the expression for the nth derivative of 1/(x^k - 1)?,5,exam_paper_en-file-putnam-archive_2002_Solutions_2002s_page_001_p1_c0,"exam_paper_en-file-putnam-archive_2002_Solutions_2002s_page_001_p1_c0,exam_paper_en-file-putnam-archive_1999_Solutions_1999s_page_003_p3_c2,exam_paper_en-file-putnam-archive_2006_Solutions_2006s_page_006_p6_c5,exam_paper_en-file-putnam-archive_2002_Solutions_2002s_page_001_p1_c1,exam_paper_en-file-putnam-archive_2006_Solutions_2006s_page_006_p6_c6",1,True,1.0
What is the formula for the nth derivative of 1 over x^k minus 1?,1,exam_paper_en-file-putnam-archive_2002_Solutions_2002s_page_001_p1_c1,exam_paper_en-file-putnam-archive_2002_Solutions_2002s_page_001_p1_c0,0,False,0.0
What is the formula for the nth derivative of 1 over x^k minus 1?,3,exam_paper_en-file-putnam-archive_2002_Solutions_2002s_page_001_p1_c1,"exam_paper_en-file-putnam-archive_2002_Solutions_2002s_page_001_p1_c0,exam_paper_en-file-putnam-archive_2002_Solutions_2002s_page_001_p1_c1,exam_paper_en-file-putnam-archive_2006_Solutions_2006s_page_006_p6_c7",2,True,1.0
What is the formula for the nth derivative of 1 over x^k minus 1?,5,exam_paper_en-file-putnam-archive_2002_Solutions_2002s_page_001_p1_c1,"exam_paper_en-file-putnam-archive_2002_Solutions_2002s_page_001_p1_c0,exam_paper_en-file-putnam-archive_2002_Solutions_2002s_page_001_p1_c1,exam_paper_en-file-putnam-archive_2006_Solutions_2006s_page_006_p6_c7,exam_paper_en-file-putnam-archive_1996_Solutions_1996s_page_002_p2_c1,exam_paper_en-file-putnam-archive_2009_Solutions_2009s_page_003_p3_c9",2,True,1.0
What is the minimum number of points needed on an n-dimensional sphere to ensure that some n+2 of them lie on a closed hemisphere?,1,exam_paper_en-file-putnam-archive_2002_Solutions_2002s_page_001_p1_c2,exam_paper_en-file-putnam-archive_2002_Solutions_2002s_page_001_p1_c1,0,False,0.0
What is the minimum number of points needed on an n-dimensional sphere to ensure that some n+2 of them lie on a closed hemisphere?,3,exam_paper_en-file-putnam-archive_2002_Solutions_2002s_page_001_p1_c2,"exam_paper_en-file-putnam-archive_2002_Solutions_2002s_page_001_p1_c1,exam_paper_en-file-putnam-archive_2002_Solutions_2002s_page_001_p1_c2,exam_paper_en-file-putnam-archive_2007_Solutions_2007s_page_001_p1_c8",2,True,1.0
What is the minimum number of points needed on an n-dimensional sphere to ensure that some n+2 of them lie on a closed hemisphere?,5,exam_paper_en-file-putnam-archive_2002_Solutions_2002s_page_001_p1_c2,"exam_paper_en-file-putnam-archive_2002_Solutions_2002s_page_001_p1_c1,exam_paper_en-file-putnam-archive_2002_Solutions_2002s_page_001_p1_c2,exam_paper_en-file-putnam-archive_2007_Solutions_2007s_page_001_p1_c8,jiaocaineedrop_96657786.pdf_0_p0_c3,jiaocaineedrop_96657786.pdf_0_p0_c1",2,True,1.0
What is the position that Player 0 plays after Player 1's first move?,1,exam_paper_en-file-putnam-archive_2002_Solutions_2002s_page_001_p1_c3,exam_paper_en-file-putnam-archive_2002_Solutions_2002s_page_001_p1_c4,0,False,0.0
What is the position that Player 0 plays after Player 1's first move?,3,exam_paper_en-file-putnam-archive_2002_Solutions_2002s_page_001_p1_c3,"exam_paper_en-file-putnam-archive_2002_Solutions_2002s_page_001_p1_c4,exam_paper_en-file-putnam-archive_2002_Solutions_2002s_page_001_p1_c3,exam_paper_en-file-putnam-archive_2002_Solutions_2002s_page_001_p1_c7",2,True,1.0
What is the position that Player 0 plays after Player 1's first move?,5,exam_paper_en-file-putnam-archive_2002_Solutions_2002s_page_001_p1_c3,"exam_paper_en-file-putnam-archive_2002_Solutions_2002s_page_001_p1_c4,exam_paper_en-file-putnam-archive_2002_Solutions_2002s_page_001_p1_c3,exam_paper_en-file-putnam-archive_2002_Solutions_2002s_page_001_p1_c7,exam_paper_en-file-putnam-archive_2002_Solutions_2002s_page_001_p1_c5,newspaper_The Globe and Mail - 2025-1-8@magazinesclubnew_page_014_p14_c6",2,True,1.0
What is the name of the grid used in the reduction of Determinant Tic-Tac-Toe?,1,exam_paper_en-file-putnam-archive_2002_Solutions_2002s_page_001_p1_c6,exam_paper_en-file-putnam-archive_2002_Solutions_2002s_page_001_p1_c6,1,True,1.0
What is the name of the grid used in the reduction of Determinant Tic-Tac-Toe?,3,exam_paper_en-file-putnam-archive_2002_Solutions_2002s_page_001_p1_c6,"exam_paper_en-file-putnam-archive_2002_Solutions_2002s_page_001_p1_c6,exam_paper_en-file-putnam-archive_2002_Solutions_2002s_page_001_p1_c7,newspaper_The Globe and Mail - 2025-1-8@magazinesclubnew_page_014_p14_c12",1,True,1.0
What is the name of the grid used in the reduction of Determinant Tic-Tac-Toe?,5,exam_paper_en-file-putnam-archive_2002_Solutions_2002s_page_001_p1_c6,"exam_paper_en-file-putnam-archive_2002_Solutions_2002s_page_001_p1_c6,exam_paper_en-file-putnam-archive_2002_Solutions_2002s_page_001_p1_c7,newspaper_The Globe and Mail - 2025-1-8@magazinesclubnew_page_014_p14_c12,book_en_国外数学教材-非数学专业教材-线性代数-Gilbert Strang—Linear Algebra and Its Applications 4e_0242_p242_c0,exam_paper_en-file-putnam-archive_2002_Solutions_2002s_page_001_p1_c3",1,True,1.0
What is the first move of Player 0 in the top row?,1,exam_paper_en-file-putnam-archive_2002_Solutions_2002s_page_001_p1_c7,exam_paper_en-file-putnam-archive_2002_Solutions_2002s_page_001_p1_c4,0,False,0.0
What is the first move of Player 0 in the top row?,3,exam_paper_en-file-putnam-archive_2002_Solutions_2002s_page_001_p1_c7,"exam_paper_en-file-putnam-archive_2002_Solutions_2002s_page_001_p1_c4,exam_paper_en-file-putnam-archive_2002_Solutions_2002s_page_001_p1_c3,exam_paper_en-file-putnam-archive_2002_Solutions_2002s_page_001_p1_c7",3,True,1.0
What is the first move of Player 0 in the top row?,5,exam_paper_en-file-putnam-archive_2002_Solutions_2002s_page_001_p1_c7,"exam_paper_en-file-putnam-archive_2002_Solutions_2002s_page_001_p1_c4,exam_paper_en-file-putnam-archive_2002_Solutions_2002s_page_001_p1_c3,exam_paper_en-file-putnam-archive_2002_Solutions_2002s_page_001_p1_c7,exam_paper_en-file-putnam-archive_2002_Solutions_2002s_page_001_p1_c5,exam_paper_en-file-putnam-archive_1995_Solutions_1995s_page_002_p2_c7",3,True,1.0
哪个词表示将离去的性质？,1,notes_f7f010b78016aeebd76e56d9283eb67f_72_p72_c0,notes_f7f010b78016aeebd76e56d9283eb67f_72_p72_c0,1,True,1.0
哪个词表示将离去的性质？,3,notes_f7f010b78016aeebd76e56d9283eb67f_72_p72_c0,"notes_f7f010b78016aeebd76e56d9283eb67f_72_p72_c0,color_textbook_zhonggaokao_小学_KET听说读写逐项突破_KET听说读写逐项突破之轻松搞定KET写作25分 【10讲 褚连一】_第10讲第十课写作Part9小作文练习_第十课写作Part9小作文练习_page_010_p10_c3,notes_f7f010b78016aeebd76e56d9283eb67f_27_p27_c1",1,True,1.0
哪个词表示将离去的性质？,5,notes_f7f010b78016aeebd76e56d9283eb67f_72_p72_c0,"notes_f7f010b78016aeebd76e56d9283eb67f_72_p72_c0,color_textbook_zhonggaokao_小学_KET听说读写逐项突破_KET听说读写逐项突破之轻松搞定KET写作25分 【10讲 褚连一】_第10讲第十课写作Part9小作文练习_第十课写作Part9小作文练习_page_010_p10_c3,notes_f7f010b78016aeebd76e56d9283eb67f_27_p27_c1,jiaocaineedrop_jiaocai_needrop_en_1836_p1836_c2,notes_f7f010b78016aeebd76e56d9283eb67f_27_p27_c0",1,True,1.0
哪个词是'证明'的英文单词？,1,notes_f7f010b78016aeebd76e56d9283eb67f_72_p72_c1,notes_f7f010b78016aeebd76e56d9283eb67f_72_p72_c0,0,False,0.0
哪个词是'证明'的英文单词？,3,notes_f7f010b78016aeebd76e56d9283eb67f_72_p72_c1,"notes_f7f010b78016aeebd76e56d9283eb67f_72_p72_c0,notes_f7f010b78016aeebd76e56d9283eb67f_72_p72_c1,notes_f7f010b78016aeebd76e56d9283eb67f_27_p27_c0",2,True,1.0
哪个词是'证明'的英文单词？,5,notes_f7f010b78016aeebd76e56d9283eb67f_72_p72_c1,"notes_f7f010b78016aeebd76e56d9283eb67f_72_p72_c0,notes_f7f010b78016aeebd76e56d9283eb67f_72_p72_c1,notes_f7f010b78016aeebd76e56d9283eb67f_27_p27_c0,yanbaopptmerge_yanbaoPPT_825_p825_c0,jiaocaineedrop_jiaocai_needrop_en_1836_p1836_c2",2,True,1.0
如何体现思辨性中的多重关系？,1,yanbaopptmerge_yanbaoPPT_6170_p6170_c0,yanbaopptmerge_yanbaoPPT_6170_p6170_c0,1,True,1.0
如何体现思辨性中的多重关系？,3,yanbaopptmerge_yanbaoPPT_6170_p6170_c0,"yanbaopptmerge_yanbaoPPT_6170_p6170_c0,jiaocaineedrop_jiaocai_needrop_en_2193_p2193_c1,yanbaopptmerge_yanbaoPPT_4125_p4125_c0",1,True,1.0
如何体现思辨性中的多重关系？,5,yanbaopptmerge_yanbaoPPT_6170_p6170_c0,"yanbaopptmerge_yanbaoPPT_6170_p6170_c0,jiaocaineedrop_jiaocai_needrop_en_2193_p2193_c1,yanbaopptmerge_yanbaoPPT_4125_p4125_c0,yanbaopptmerge_yanbaoPPT_825_p825_c0,jiaocaineedrop_jiaocai_needrop_en_377_p377_c1",1,True,1.0
What is the derivative of uv according to the formula provided?,1,PPT_StewartCalcET7e_03_02_page_007_p7_c0,PPT_StewartCalcET7e_03_02_page_007_p7_c0,1,True,1.0
What is the derivative of uv according to the formula provided?,3,PPT_StewartCalcET7e_03_02_page_007_p7_c0,"PPT_StewartCalcET7e_03_02_page_007_p7_c0,docstructbench_llm-raw-scihub-o.O-j.physletb.2004.11.060.pdf_2_p2_c5,jiaocaineedrop_Evans_PDE_Solution_Chapter_6_Second-Order_Elliptic_Equations.pdf_5_p5_c3",1,True,1.0
What is the derivative of uv according to the formula provided?,5,PPT_StewartCalcET7e_03_02_page_007_p7_c0,"PPT_StewartCalcET7e_03_02_page_007_p7_c0,docstructbench_llm-raw-scihub-o.O-j.physletb.2004.11.060.pdf_2_p2_c5,jiaocaineedrop_Evans_PDE_Solution_Chapter_6_Second-Order_Elliptic_Equations.pdf_5_p5_c3,jiaocaineedrop_Evans_PDE_Solution_Chapter_6_Second-Order_Elliptic_Equations.pdf_5_p5_c2,jiaocaineedrop_Evans_PDE_Solution_Chapter_6_Second-Order_Elliptic_Equations.pdf_5_p5_c1",1,True,1.0
What is the result of the limit as Δx approaches 0 of Δu divided by Δx?,1,PPT_StewartCalcET7e_03_02_page_007_p7_c1,PPT_StewartCalcET7e_03_02_page_007_p7_c0,0,False,0.0
What is the result of the limit as Δx approaches 0 of Δu divided by Δx?,3,PPT_StewartCalcET7e_03_02_page_007_p7_c1,"PPT_StewartCalcET7e_03_02_page_007_p7_c0,PPT_StewartCalcET7e_03_02_page_007_p7_c1,jiaocaineedrop_Evans_PDE_Solution_Chapter_6_Second-Order_Elliptic_Equations.pdf_5_p5_c1",2,True,1.0
What is the result of the limit as Δx approaches 0 of Δu divided by Δx?,5,PPT_StewartCalcET7e_03_02_page_007_p7_c1,"PPT_StewartCalcET7e_03_02_page_007_p7_c0,PPT_StewartCalcET7e_03_02_page_007_p7_c1,jiaocaineedrop_Evans_PDE_Solution_Chapter_6_Second-Order_Elliptic_Equations.pdf_5_p5_c1,exam_paper_en-file-putnam-archive_1999_Solutions_1999s_page_002_p2_c2,exam_paper_en-file-putnam-archive_1999_Solutions_1999s_page_002_p2_c3",2,True,1.0
Fe3O4的相对分子质量是多少？,1,yanbaopptmerge_yanbaoPPT_1465_p1465_c0,yanbaopptmerge_yanbaoPPT_1465_p1465_c0,1,True,1.0
Fe3O4的相对分子质量是多少？,3,yanbaopptmerge_yanbaoPPT_1465_p1465_c0,"yanbaopptmerge_yanbaoPPT_1465_p1465_c0,docstructbench_dianzishu_zhongwenzaixian-o.O-60403612.pdf_179_p179_c2,book_zh_CNASGL0092018_extracted_page_69_p69_c1",1,True,1.0
Fe3O4的相对分子质量是多少？,5,yanbaopptmerge_yanbaoPPT_1465_p1465_c0,"yanbaopptmerge_yanbaoPPT_1465_p1465_c0,docstructbench_dianzishu_zhongwenzaixian-o.O-60403612.pdf_179_p179_c2,book_zh_CNASGL0092018_extracted_page_69_p69_c1,docstructbench_dianzishu_zhongwenzaixian-o.O-60403612.pdf_179_p179_c3,book_zh_CNASGL0092018_extracted_page_69_p69_c0",1,True,1.0
新能源商品汽车铁路运输依据哪些法律法规？,1,eastmoney_7c25f92e2ab21d83e1eada0e40a68e3151e7c1c2d673ddb12b0242fa3ab931ab.pdf_13_p13_c1,eastmoney_7c25f92e2ab21d83e1eada0e40a68e3151e7c1c2d673ddb12b0242fa3ab931ab.pdf_13_p13_c1,1,True,1.0
新能源商品汽车铁路运输依据哪些法律法规？,3,eastmoney_7c25f92e2ab21d83e1eada0e40a68e3151e7c1c2d673ddb12b0242fa3ab931ab.pdf_13_p13_c1,"eastmoney_7c25f92e2ab21d83e1eada0e40a68e3151e7c1c2d673ddb12b0242fa3ab931ab.pdf_13_p13_c1,eastmoney_7c25f92e2ab21d83e1eada0e40a68e3151e7c1c2d673ddb12b0242fa3ab931ab.pdf_13_p13_c2,newspaper_2c69e142b52dbb30cac2cb11d3eb25e5_1_p1_c9",1,True,1.0
新能源商品汽车铁路运输依据哪些法律法规？,5,eastmoney_7c25f92e2ab21d83e1eada0e40a68e3151e7c1c2d673ddb12b0242fa3ab931ab.pdf_13_p13_c1,"eastmoney_7c25f92e2ab21d83e1eada0e40a68e3151e7c1c2d673ddb12b0242fa3ab931ab.pdf_13_p13_c1,eastmoney_7c25f92e2ab21d83e1eada0e40a68e3151e7c1c2d673ddb12b0242fa3ab931ab.pdf_13_p13_c2,newspaper_2c69e142b52dbb30cac2cb11d3eb25e5_1_p1_c9,newspaper_2c69e142b52dbb30cac2cb11d3eb25e5_1_p1_c11,newspaper_2c69e142b52dbb30cac2cb11d3eb25e5_1_p1_c10",1,True,1.0
新能源汽车全面电动化试点工作的原则是什么？,1,eastmoney_7c25f92e2ab21d83e1eada0e40a68e3151e7c1c2d673ddb12b0242fa3ab931ab.pdf_13_p13_c2,eastmoney_7c25f92e2ab21d83e1eada0e40a68e3151e7c1c2d673ddb12b0242fa3ab931ab.pdf_13_p13_c2,1,True,1.0
新能源汽车全面电动化试点工作的原则是什么？,3,eastmoney_7c25f92e2ab21d83e1eada0e40a68e3151e7c1c2d673ddb12b0242fa3ab931ab.pdf_13_p13_c2,"eastmoney_7c25f92e2ab21d83e1eada0e40a68e3151e7c1c2d673ddb12b0242fa3ab931ab.pdf_13_p13_c2,eastmoney_7c25f92e2ab21d83e1eada0e40a68e3151e7c1c2d673ddb12b0242fa3ab931ab.pdf_13_p13_c1,docstructbench_dianzishu_zhongwenzaixian-o.O-61523162.pdf_276_p276_c0",1,True,1.0
新能源汽车全面电动化试点工作的原则是什么？,5,eastmoney_7c25f92e2ab21d83e1eada0e40a68e3151e7c1c2d673ddb12b0242fa3ab931ab.pdf_13_p13_c2,"eastmoney_7c25f92e2ab21d83e1eada0e40a68e3151e7c1c2d673ddb12b0242fa3ab931ab.pdf_13_p13_c2,eastmoney_7c25f92e2ab21d83e1eada0e40a68e3151e7c1c2d673ddb12b0242fa3ab931ab.pdf_13_p13_c1,docstructbench_dianzishu_zhongwenzaixian-o.O-61523162.pdf_276_p276_c0,newspaper_eb569707cf5621d4c71d5898216cdb17_1_p1_c9,newspaper_eb569707cf5621d4c71d5898216cdb17_1_p1_c10",1,True,1.0
资料来源的网址是什么？,1,eastmoney_7c25f92e2ab21d83e1eada0e40a68e3151e7c1c2d673ddb12b0242fa3ab931ab.pdf_13_p13_c3,yanbaopptmerge_baa6d02928efcac46ccf7dfd3859de565cfb0bea918ae0ec0eed50944a7c20b4.pdf_11_p11_c3,0,False,0.0
资料来源的网址是什么？,3,eastmoney_7c25f92e2ab21d83e1eada0e40a68e3151e7c1c2d673ddb12b0242fa3ab931ab.pdf_13_p13_c3,"yanbaopptmerge_baa6d02928efcac46ccf7dfd3859de565cfb0bea918ae0ec0eed50944a7c20b4.pdf_11_p11_c3,yanbaopptmerge_5473246b8da789b9bfdeef53a70c4d72afd480415d5cbcedb83d105856710328.pdf_8_p8_c3,jiaocaineedrop_c2-ma-11-q-11-cl.pdf_2_p2_c0",0,False,0.0
资料来源的网址是什么？,5,eastmoney_7c25f92e2ab21d83e1eada0e40a68e3151e7c1c2d673ddb12b0242fa3ab931ab.pdf_13_p13_c3,"yanbaopptmerge_baa6d02928efcac46ccf7dfd3859de565cfb0bea918ae0ec0eed50944a7c20b4.pdf_11_p11_c3,yanbaopptmerge_5473246b8da789b9bfdeef53a70c4d72afd480415d5cbcedb83d105856710328.pdf_8_p8_c3,jiaocaineedrop_c2-ma-11-q-11-cl.pdf_2_p2_c0,jiaocaineedrop_jiaocai_needrop_en_453_p453_c0,yanbaopptmerge_5473246b8da789b9bfdeef53a70c4d72afd480415d5cbcedb83d105856710328.pdf_8_p8_c0",0,False,0.0
Who are the authors of this article?,1,yanbaor2_yanbaoPPT_1517_p1517_c0,yanbaor2_yanbaoPPT_1517_p1517_c0,1,True,1.0
Who are the authors of this article?,3,yanbaor2_yanbaoPPT_1517_p1517_c0,"yanbaor2_yanbaoPPT_1517_p1517_c0,newspaper_0b1bb8d03b4287eb95f67b68c2cf9f92_1_p1_c0,newspaper_The Wall Street Journal - 2025-01-08@magazinesclubnew_page_018_p18_c3",1,True,1.0
Who are the authors of this article?,5,yanbaor2_yanbaoPPT_1517_p1517_c0,"yanbaor2_yanbaoPPT_1517_p1517_c0,newspaper_0b1bb8d03b4287eb95f67b68c2cf9f92_1_p1_c0,newspaper_The Wall Street Journal - 2025-01-08@magazinesclubnew_page_018_p18_c3,newspaper_b95d1d8eb0d756cc94a5d8b5db3cf69b_1_p1_c0,newspaper_The Wall Street Journal - 2025-01-08@magazinesclubnew_page_018_p18_c2",1,True,1.0
Who scored one and had a hand in the other goal for Newcastle United?,1,newspaper_Daily Mirror 2025-1-8@magazinesclubnew_page_058_p58_c0,newspaper_Daily Mirror 2025-1-8@magazinesclubnew_page_058_p58_c0,1,True,1.0
Who scored one and had a hand in the other goal for Newcastle United?,3,newspaper_Daily Mirror 2025-1-8@magazinesclubnew_page_058_p58_c0,"newspaper_Daily Mirror 2025-1-8@magazinesclubnew_page_058_p58_c0,newspaper_Daily Mirror 2025-1-8@magazinesclubnew_page_058_p58_c1,newspaper_Daily Mirror 2025-1-8@magazinesclubnew_page_058_p58_c4",1,True,1.0
Who scored one and had a hand in the other goal for Newcastle United?,5,newspaper_Daily Mirror 2025-1-8@magazinesclubnew_page_058_p58_c0,"newspaper_Daily Mirror 2025-1-8@magazinesclubnew_page_058_p58_c0,newspaper_Daily Mirror 2025-1-8@magazinesclubnew_page_058_p58_c1,newspaper_Daily Mirror 2025-1-8@magazinesclubnew_page_058_p58_c4,newspaper_Daily Mirror 2025-1-8@magazinesclubnew_page_058_p58_c2,newspaper_Daily Mirror 2025-1-8@magazinesclubnew_page_058_p58_c3",1,True,1.0
What did the Gunners boss say about the Puma match ball?,1,newspaper_Daily Mirror 2025-1-8@magazinesclubnew_page_058_p58_c1,newspaper_Daily Mirror 2025-1-8@magazinesclubnew_page_058_p58_c1,1,True,1.0
What did the Gunners boss say about the Puma match ball?,3,newspaper_Daily Mirror 2025-1-8@magazinesclubnew_page_058_p58_c1,"newspaper_Daily Mirror 2025-1-8@magazinesclubnew_page_058_p58_c1,newspaper_Daily Mirror 2025-1-8@magazinesclubnew_page_058_p58_c0,newspaper_Daily Mirror 2025-1-8@magazinesclubnew_page_058_p58_c2",1,True,1.0
What did the Gunners boss say about the Puma match ball?,5,newspaper_Daily Mirror 2025-1-8@magazinesclubnew_page_058_p58_c1,"newspaper_Daily Mirror 2025-1-8@magazinesclubnew_page_058_p58_c1,newspaper_Daily Mirror 2025-1-8@magazinesclubnew_page_058_p58_c0,newspaper_Daily Mirror 2025-1-8@magazinesclubnew_page_058_p58_c2,newspaper_Daily Mirror 2025-1-8@magazinesclubnew_page_058_p58_c3,newspaper_The Globe and Mail - 2025-1-8@magazinesclubnew_page_027_p27_c3",1,True,1.0
What did Eddie Howe say about Alex's performance in the first half?,1,newspaper_Daily Mirror 2025-1-8@magazinesclubnew_page_058_p58_c2,newspaper_Daily Mirror 2025-1-8@magazinesclubnew_page_058_p58_c2,1,True,1.0
What did Eddie Howe say about Alex's performance in the first half?,3,newspaper_Daily Mirror 2025-1-8@magazinesclubnew_page_058_p58_c2,"newspaper_Daily Mirror 2025-1-8@magazinesclubnew_page_058_p58_c2,newspaper_Daily Mirror 2025-1-8@magazinesclubnew_page_058_p58_c3,newspaper_Daily Mirror 2025-1-8@magazinesclubnew_page_058_p58_c1",1,True,1.0
What did Eddie Howe say about Alex's performance in the first half?,5,newspaper_Daily Mirror 2025-1-8@magazinesclubnew_page_058_p58_c2,"newspaper_Daily Mirror 2025-1-8@magazinesclubnew_page_058_p58_c2,newspaper_Daily Mirror 2025-1-8@magazinesclubnew_page_058_p58_c3,newspaper_Daily Mirror 2025-1-8@magazinesclubnew_page_058_p58_c1,newspaper_Daily Mirror 2025-1-8@magazinesclubnew_page_058_p58_c4,newspaper_The Globe and Mail - 2025-1-8@magazinesclubnew_page_014_p14_c11",1,True,1.0
What did the coach say about Alex's performance when he was in that mood?,1,newspaper_Daily Mirror 2025-1-8@magazinesclubnew_page_058_p58_c3,newspaper_Daily Mirror 2025-1-8@magazinesclubnew_page_058_p58_c2,0,False,0.0
What did the coach say about Alex's performance when he was in that mood?,3,newspaper_Daily Mirror 2025-1-8@magazinesclubnew_page_058_p58_c3,"newspaper_Daily Mirror 2025-1-8@magazinesclubnew_page_058_p58_c2,newspaper_Daily Mirror 2025-1-8@magazinesclubnew_page_058_p58_c3,newspaper_Daily Mirror 2025-1-8@magazinesclubnew_page_058_p58_c1",2,True,1.0
What did the coach say about Alex's performance when he was in that mood?,5,newspaper_Daily Mirror 2025-1-8@magazinesclubnew_page_058_p58_c3,"newspaper_Daily Mirror 2025-1-8@magazinesclubnew_page_058_p58_c2,newspaper_Daily Mirror 2025-1-8@magazinesclubnew_page_058_p58_c3,newspaper_Daily Mirror 2025-1-8@magazinesclubnew_page_058_p58_c1,newspaper_Daily Mirror 2025-1-8@magazinesclubnew_page_058_p58_c4,newspaper_Daily Mirror 2025-1-8@magazinesclubnew_page_058_p58_c0",2,True,1.0
What goal did Isak contribute to in the match?,1,newspaper_Daily Mirror 2025-1-8@magazinesclubnew_page_058_p58_c4,newspaper_Daily Mirror 2025-1-8@magazinesclubnew_page_058_p58_c4,1,True,1.0
What goal did Isak contribute to in the match?,3,newspaper_Daily Mirror 2025-1-8@magazinesclubnew_page_058_p58_c4,"newspaper_Daily Mirror 2025-1-8@magazinesclubnew_page_058_p58_c4,newspaper_Daily Mirror 2025-1-8@magazinesclubnew_page_058_p58_c1,newspaper_Daily Mirror 2025-1-8@magazinesclubnew_page_058_p58_c0",1,True,1.0
What goal did Isak contribute to in the match?,5,newspaper_Daily Mirror 2025-1-8@magazinesclubnew_page_058_p58_c4,"newspaper_Daily Mirror 2025-1-8@magazinesclubnew_page_058_p58_c4,newspaper_Daily Mirror 2025-1-8@magazinesclubnew_page_058_p58_c1,newspaper_Daily Mirror 2025-1-8@magazinesclubnew_page_058_p58_c0,newspaper_Daily Mirror 2025-1-8@magazinesclubnew_page_058_p58_c2,newspaper_Daily Mirror 2025-1-8@magazinesclubnew_page_058_p58_c3",1,True,1.0
What did the article say about Arsenal's striker's performance?,1,newspaper_Daily Mirror 2025-1-8@magazinesclubnew_page_058_p58_c5,newspaper_Daily Mirror 2025-1-8@magazinesclubnew_page_058_p58_c3,0,False,0.0
What did the article say about Arsenal's striker's performance?,3,newspaper_Daily Mirror 2025-1-8@magazinesclubnew_page_058_p58_c5,"newspaper_Daily Mirror 2025-1-8@magazinesclubnew_page_058_p58_c3,newspaper_Daily Mirror 2025-1-8@magazinesclubnew_page_058_p58_c5,newspaper_Daily Mirror 2025-1-8@magazinesclubnew_page_058_p58_c6",2,True,1.0
What did the article say about Arsenal's striker's performance?,5,newspaper_Daily Mirror 2025-1-8@magazinesclubnew_page_058_p58_c5,"newspaper_Daily Mirror 2025-1-8@magazinesclubnew_page_058_p58_c3,newspaper_Daily Mirror 2025-1-8@magazinesclubnew_page_058_p58_c5,newspaper_Daily Mirror 2025-1-8@magazinesclubnew_page_058_p58_c6,newspaper_Daily Mirror 2025-1-8@magazinesclubnew_page_058_p58_c4,newspaper_Daily Mirror 2025-1-8@magazinesclubnew_page_058_p58_c0",2,True,1.0
What specific action did the Arsenal striker take during the second-half?,1,newspaper_Daily Mirror 2025-1-8@magazinesclubnew_page_058_p58_c6,newspaper_Daily Mirror 2025-1-8@magazinesclubnew_page_058_p58_c5,0,False,0.0
What specific action did the Arsenal striker take during the second-half?,3,newspaper_Daily Mirror 2025-1-8@magazinesclubnew_page_058_p58_c6,"newspaper_Daily Mirror 2025-1-8@magazinesclubnew_page_058_p58_c5,newspaper_Daily Mirror 2025-1-8@magazinesclubnew_page_058_p58_c6,newspaper_Daily Mirror 2025-1-8@magazinesclubnew_page_058_p58_c3",2,True,1.0
What specific action did the Arsenal striker take during the second-half?,5,newspaper_Daily Mirror 2025-1-8@magazinesclubnew_page_058_p58_c6,"newspaper_Daily Mirror 2025-1-8@magazinesclubnew_page_058_p58_c5,newspaper_Daily Mirror 2025-1-8@magazinesclubnew_page_058_p58_c6,newspaper_Daily Mirror 2025-1-8@magazinesclubnew_page_058_p58_c3,newspaper_Daily Mirror 2025-1-8@magazinesclubnew_page_058_p58_c4,newspaper_Daily Mirror 2025-1-8@magazinesclubnew_page_058_p58_c0",2,True,1.0
How much money did Zach raise for kids in need?,1,exam_paper_2016年安徽省中考英语试题（解析）_page_015_p15_c0,exam_paper_2016年安徽省中考英语试题（解析）_page_015_p15_c1,0,False,0.0
How much money did Zach raise for kids in need?,3,exam_paper_2016年安徽省中考英语试题（解析）_page_015_p15_c0,"exam_paper_2016年安徽省中考英语试题（解析）_page_015_p15_c1,exam_paper_2016年安徽省中考英语试题（解析）_page_015_p15_c0,exam_paper_2016年安徽省中考英语试题（解析）_page_015_p15_c2",2,True,1.0
How much money did Zach raise for kids in need?,5,exam_paper_2016年安徽省中考英语试题（解析）_page_015_p15_c0,"exam_paper_2016年安徽省中考英语试题（解析）_page_015_p15_c1,exam_paper_2016年安徽省中考英语试题（解析）_page_015_p15_c0,exam_paper_2016年安徽省中考英语试题（解析）_page_015_p15_c2,newspaper_The Globe and Mail - 2025-1-8@magazinesclubnew_page_018_p18_c11,jiaocaineedrop_Chapter9.pdf_46_p46_c2",2,True,1.0
"What year did Zach trek from Atlanta to Washington, D.C.?",1,exam_paper_2016年安徽省中考英语试题（解析）_page_015_p15_c1,exam_paper_2016年安徽省中考英语试题（解析）_page_015_p15_c1,1,True,1.0
"What year did Zach trek from Atlanta to Washington, D.C.?",3,exam_paper_2016年安徽省中考英语试题（解析）_page_015_p15_c1,"exam_paper_2016年安徽省中考英语试题（解析）_page_015_p15_c1,exam_paper_2016年安徽省中考英语试题（解析）_page_015_p15_c2,exam_paper_2016年安徽省中考英语试题（解析）_page_015_p15_c0",1,True,1.0
"What year did Zach trek from Atlanta to Washington, D.C.?",5,exam_paper_2016年安徽省中考英语试题（解析）_page_015_p15_c1,"exam_paper_2016年安徽省中考英语试题（解析）_page_015_p15_c1,exam_paper_2016年安徽省中考英语试题（解析）_page_015_p15_c2,exam_paper_2016年安徽省中考英语试题（解析）_page_015_p15_c0,newspaper_The Globe and Mail - 2025-1-8@magazinesclubnew_page_014_p14_c8,newspaper_The Globe and Mail - 2025-1-8@magazinesclubnew_page_014_p14_c3",1,True,1.0
What did Zach do for his education?,1,exam_paper_2016年安徽省中考英语试题（解析）_page_015_p15_c3,exam_paper_2016年安徽省中考英语试题（解析）_page_015_p15_c2,0,False,0.0
What did Zach do for his education?,3,exam_paper_2016年安徽省中考英语试题（解析）_page_015_p15_c3,"exam_paper_2016年安徽省中考英语试题（解析）_page_015_p15_c2,exam_paper_2016年安徽省中考英语试题（解析）_page_015_p15_c1,exam_paper_2016年安徽省中考英语试题（解析）_page_015_p15_c3",3,True,1.0
What did Zach do for his education?,5,exam_paper_2016年安徽省中考英语试题（解析）_page_015_p15_c3,"exam_paper_2016年安徽省中考英语试题（解析）_page_015_p15_c2,exam_paper_2016年安徽省中考英语试题（解析）_page_015_p15_c1,exam_paper_2016年安徽省中考英语试题（解析）_page_015_p15_c3,exam_paper_2016年安徽省中考英语试题（解析）_page_015_p15_c0,magazine_TheEconomist.2023.12.09_page_082_p82_c2",3,True,1.0
张天佑为农民工维权的总行程超过多少公里？,1,newspaper_e62730aaeb9b509119e0c3699ac18201_1_p1_c0,newspaper_e62730aaeb9b509119e0c3699ac18201_1_p1_c0,1,True,1.0
张天佑为农民工维权的总行程超过多少公里？,3,newspaper_e62730aaeb9b509119e0c3699ac18201_1_p1_c0,"newspaper_e62730aaeb9b509119e0c3699ac18201_1_p1_c0,newspaper_e62730aaeb9b509119e0c3699ac18201_1_p1_c4,newspaper_e62730aaeb9b509119e0c3699ac18201_1_p1_c2",1,True,1.0
张天佑为农民工维权的总行程超过多少公里？,5,newspaper_e62730aaeb9b509119e0c3699ac18201_1_p1_c0,"newspaper_e62730aaeb9b509119e0c3699ac18201_1_p1_c0,newspaper_e62730aaeb9b509119e0c3699ac18201_1_p1_c4,newspaper_e62730aaeb9b509119e0c3699ac18201_1_p1_c2,newspaper_e62730aaeb9b509119e0c3699ac18201_1_p1_c1,newspaper_e62730aaeb9b509119e0c3699ac18201_1_p1_c3",1,True,1.0
张天佑在维权过程中如何与用人单位交涉？,1,newspaper_e62730aaeb9b509119e0c3699ac18201_1_p1_c2,newspaper_e62730aaeb9b509119e0c3699ac18201_1_p1_c2,1,True,1.0
张天佑在维权过程中如何与用人单位交涉？,3,newspaper_e62730aaeb9b509119e0c3699ac18201_1_p1_c2,"newspaper_e62730aaeb9b509119e0c3699ac18201_1_p1_c2,newspaper_e62730aaeb9b509119e0c3699ac18201_1_p1_c3,newspaper_e62730aaeb9b509119e0c3699ac18201_1_p1_c4",1,True,1.0
张天佑在维权过程中如何与用人单位交涉？,5,newspaper_e62730aaeb9b509119e0c3699ac18201_1_p1_c2,"newspaper_e62730aaeb9b509119e0c3699ac18201_1_p1_c2,newspaper_e62730aaeb9b509119e0c3699ac18201_1_p1_c3,newspaper_e62730aaeb9b509119e0c3699ac18201_1_p1_c4,newspaper_e62730aaeb9b509119e0c3699ac18201_1_p1_c1,newspaper_e62730aaeb9b509119e0c3699ac18201_1_p1_c0",1,True,1.0
张天佑在谈判期间遇到什么困难？,1,newspaper_e62730aaeb9b509119e0c3699ac18201_1_p1_c3,newspaper_e62730aaeb9b509119e0c3699ac18201_1_p1_c3,1,True,1.0
张天佑在谈判期间遇到什么困难？,3,newspaper_e62730aaeb9b509119e0c3699ac18201_1_p1_c3,"newspaper_e62730aaeb9b509119e0c3699ac18201_1_p1_c3,newspaper_e62730aaeb9b509119e0c3699ac18201_1_p1_c4,newspaper_e62730aaeb9b509119e0c3699ac18201_1_p1_c2",1,True,1.0
张天佑在谈判期间遇到什么困难？,5,newspaper_e62730aaeb9b509119e0c3699ac18201_1_p1_c3,"newspaper_e62730aaeb9b509119e0c3699ac18201_1_p1_c3,newspaper_e62730aaeb9b509119e0c3699ac18201_1_p1_c4,newspaper_e62730aaeb9b509119e0c3699ac18201_1_p1_c2,newspaper_e62730aaeb9b509119e0c3699ac18201_1_p1_c1,newspaper_e62730aaeb9b509119e0c3699ac18201_1_p1_c0",1,True,1.0
张天佑为何要陪同家属将死者送至殡仪馆火化？,1,newspaper_e62730aaeb9b509119e0c3699ac18201_1_p1_c4,newspaper_e62730aaeb9b509119e0c3699ac18201_1_p1_c4,1,True,1.0
张天佑为何要陪同家属将死者送至殡仪馆火化？,3,newspaper_e62730aaeb9b509119e0c3699ac18201_1_p1_c4,"newspaper_e62730aaeb9b509119e0c3699ac18201_1_p1_c4,newspaper_e62730aaeb9b509119e0c3699ac18201_1_p1_c5,newspaper_e62730aaeb9b509119e0c3699ac18201_1_p1_c3",1,True,1.0
张天佑为何要陪同家属将死者送至殡仪馆火化？,5,newspaper_e62730aaeb9b509119e0c3699ac18201_1_p1_c4,"newspaper_e62730aaeb9b509119e0c3699ac18201_1_p1_c4,newspaper_e62730aaeb9b509119e0c3699ac18201_1_p1_c5,newspaper_e62730aaeb9b509119e0c3699ac18201_1_p1_c3,newspaper_e62730aaeb9b509119e0c3699ac18201_1_p1_c2,newspaper_e62730aaeb9b509119e0c3699ac18201_1_p1_c0",1,True,1.0
黄治东为什么说打工是一所大学校？,1,newspaper_e62730aaeb9b509119e0c3699ac18201_1_p1_c5,newspaper_e62730aaeb9b509119e0c3699ac18201_1_p1_c9,0,False,0.0
黄治东为什么说打工是一所大学校？,3,newspaper_e62730aaeb9b509119e0c3699ac18201_1_p1_c5,"newspaper_e62730aaeb9b509119e0c3699ac18201_1_p1_c9,newspaper_e62730aaeb9b509119e0c3699ac18201_1_p1_c5,newspaper_e62730aaeb9b509119e0c3699ac18201_1_p1_c6",2,True,1.0
黄治东为什么说打工是一所大学校？,5,newspaper_e62730aaeb9b509119e0c3699ac18201_1_p1_c5,"newspaper_e62730aaeb9b509119e0c3699ac18201_1_p1_c9,newspaper_e62730aaeb9b509119e0c3699ac18201_1_p1_c5,newspaper_e62730aaeb9b509119e0c3699ac18201_1_p1_c6,newspaper_e62730aaeb9b509119e0c3699ac18201_1_p1_c8,newspaper_e62730aaeb9b509119e0c3699ac18201_1_p1_c10",2,True,1.0
黄治东在1990年做了什么工作？,1,newspaper_e62730aaeb9b509119e0c3699ac18201_1_p1_c6,newspaper_e62730aaeb9b509119e0c3699ac18201_1_p1_c8,0,False,0.0
黄治东在1990年做了什么工作？,3,newspaper_e62730aaeb9b509119e0c3699ac18201_1_p1_c6,"newspaper_e62730aaeb9b509119e0c3699ac18201_1_p1_c8,newspaper_e62730aaeb9b509119e0c3699ac18201_1_p1_c6,newspaper_e62730aaeb9b509119e0c3699ac18201_1_p1_c5",2,True,1.0
黄治东在1990年做了什么工作？,5,newspaper_e62730aaeb9b509119e0c3699ac18201_1_p1_c6,"newspaper_e62730aaeb9b509119e0c3699ac18201_1_p1_c8,newspaper_e62730aaeb9b509119e0c3699ac18201_1_p1_c6,newspaper_e62730aaeb9b509119e0c3699ac18201_1_p1_c5,newspaper_e62730aaeb9b509119e0c3699ac18201_1_p1_c9,newspaper_e62730aaeb9b509119e0c3699ac18201_1_p1_c10",2,True,1.0
叙永县有多少家矿山企业为农民工办理了养老保险？,1,newspaper_e62730aaeb9b509119e0c3699ac18201_1_p1_c7,newspaper_e62730aaeb9b509119e0c3699ac18201_1_p1_c7,1,True,1.0
叙永县有多少家矿山企业为农民工办理了养老保险？,3,newspaper_e62730aaeb9b509119e0c3699ac18201_1_p1_c7,"newspaper_e62730aaeb9b509119e0c3699ac18201_1_p1_c7,newspaper_e62730aaeb9b509119e0c3699ac18201_1_p1_c8,newspaper_e62730aaeb9b509119e0c3699ac18201_1_p1_c2",1,True,1.0
叙永县有多少家矿山企业为农民工办理了养老保险？,5,newspaper_e62730aaeb9b509119e0c3699ac18201_1_p1_c7,"newspaper_e62730aaeb9b509119e0c3699ac18201_1_p1_c7,newspaper_e62730aaeb9b509119e0c3699ac18201_1_p1_c8,newspaper_e62730aaeb9b509119e0c3699ac18201_1_p1_c2,newspaper_e62730aaeb9b509119e0c3699ac18201_1_p1_c3,newspaper_e62730aaeb9b509119e0c3699ac18201_1_p1_c5",1,True,1.0
黄治东在鸡场工作期间如何应对种鸡新城疫的危机？,1,newspaper_e62730aaeb9b509119e0c3699ac18201_1_p1_c8,newspaper_e62730aaeb9b509119e0c3699ac18201_1_p1_c8,1,True,1.0
黄治东在鸡场工作期间如何应对种鸡新城疫的危机？,3,newspaper_e62730aaeb9b509119e0c3699ac18201_1_p1_c8,"newspaper_e62730aaeb9b509119e0c3699ac18201_1_p1_c8,newspaper_e62730aaeb9b509119e0c3699ac18201_1_p1_c9,newspaper_e62730aaeb9b509119e0c3699ac18201_1_p1_c10",1,True,1.0
黄治东在鸡场工作期间如何应对种鸡新城疫的危机？,5,newspaper_e62730aaeb9b509119e0c3699ac18201_1_p1_c8,"newspaper_e62730aaeb9b509119e0c3699ac18201_1_p1_c8,newspaper_e62730aaeb9b509119e0c3699ac18201_1_p1_c9,newspaper_e62730aaeb9b509119e0c3699ac18201_1_p1_c10,newspaper_e62730aaeb9b509119e0c3699ac18201_1_p1_c6,newspaper_e62730aaeb9b509119e0c3699ac18201_1_p1_c5",1,True,1.0
黄治东在非典期间净赔了多少万元？,1,newspaper_e62730aaeb9b509119e0c3699ac18201_1_p1_c9,newspaper_e62730aaeb9b509119e0c3699ac18201_1_p1_c9,1,True,1.0
黄治东在非典期间净赔了多少万元？,3,newspaper_e62730aaeb9b509119e0c3699ac18201_1_p1_c9,"newspaper_e62730aaeb9b509119e0c3699ac18201_1_p1_c9,newspaper_e62730aaeb9b509119e0c3699ac18201_1_p1_c8,newspaper_e62730aaeb9b509119e0c3699ac18201_1_p1_c5",1,True,1.0
黄治东在非典期间净赔了多少万元？,5,newspaper_e62730aaeb9b509119e0c3699ac18201_1_p1_c9,"newspaper_e62730aaeb9b509119e0c3699ac18201_1_p1_c9,newspaper_e62730aaeb9b509119e0c3699ac18201_1_p1_c8,newspaper_e62730aaeb9b509119e0c3699ac18201_1_p1_c5,newspaper_e62730aaeb9b509119e0c3699ac18201_1_p1_c6,newspaper_e62730aaeb9b509119e0c3699ac18201_1_p1_c10",1,True,1.0
黄治东如何提高育雏期鸡苗的成活率？,1,newspaper_e62730aaeb9b509119e0c3699ac18201_1_p1_c10,newspaper_e62730aaeb9b509119e0c3699ac18201_1_p1_c9,0,False,0.0
黄治东如何提高育雏期鸡苗的成活率？,3,newspaper_e62730aaeb9b509119e0c3699ac18201_1_p1_c10,"newspaper_e62730aaeb9b509119e0c3699ac18201_1_p1_c9,newspaper_e62730aaeb9b509119e0c3699ac18201_1_p1_c8,newspaper_e62730aaeb9b509119e0c3699ac18201_1_p1_c10",3,True,1.0
黄治东如何提高育雏期鸡苗的成活率？,5,newspaper_e62730aaeb9b509119e0c3699ac18201_1_p1_c10,"newspaper_e62730aaeb9b509119e0c3699ac18201_1_p1_c9,newspaper_e62730aaeb9b509119e0c3699ac18201_1_p1_c8,newspaper_e62730aaeb9b509119e0c3699ac18201_1_p1_c10,newspaper_e62730aaeb9b509119e0c3699ac18201_1_p1_c5,newspaper_e62730aaeb9b509119e0c3699ac18201_1_p1_c7",3,True,1.0
大学生志愿者为农民工拍照的目的是什么？,1,newspaper_e62730aaeb9b509119e0c3699ac18201_1_p1_c11,newspaper_e62730aaeb9b509119e0c3699ac18201_1_p1_c10,0,False,0.0
大学生志愿者为农民工拍照的目的是什么？,3,newspaper_e62730aaeb9b509119e0c3699ac18201_1_p1_c11,"newspaper_e62730aaeb9b509119e0c3699ac18201_1_p1_c10,newspaper_e62730aaeb9b509119e0c3699ac18201_1_p1_c11,newspaper_e62730aaeb9b509119e0c3699ac18201_1_p1_c5",2,True,1.0
大学生志愿者为农民工拍照的目的是什么？,5,newspaper_e62730aaeb9b509119e0c3699ac18201_1_p1_c11,"newspaper_e62730aaeb9b509119e0c3699ac18201_1_p1_c10,newspaper_e62730aaeb9b509119e0c3699ac18201_1_p1_c11,newspaper_e62730aaeb9b509119e0c3699ac18201_1_p1_c5,jiaocaineedrop_jiaocai_needrop_en_1836_p1836_c2,newspaper_e62730aaeb9b509119e0c3699ac18201_1_p1_c0",2,True,1.0
为什么人们更信任能力差一些却足够敬业的人？,1,newspaper_e62730aaeb9b509119e0c3699ac18201_1_p1_c12,newspaper_e62730aaeb9b509119e0c3699ac18201_1_p1_c12,1,True,1.0
为什么人们更信任能力差一些却足够敬业的人？,3,newspaper_e62730aaeb9b509119e0c3699ac18201_1_p1_c12,"newspaper_e62730aaeb9b509119e0c3699ac18201_1_p1_c12,newspaper_e62730aaeb9b509119e0c3699ac18201_1_p1_c14,newspaper_e62730aaeb9b509119e0c3699ac18201_1_p1_c13",1,True,1.0
为什么人们更信任能力差一些却足够敬业的人？,5,newspaper_e62730aaeb9b509119e0c3699ac18201_1_p1_c12,"newspaper_e62730aaeb9b509119e0c3699ac18201_1_p1_c12,newspaper_e62730aaeb9b509119e0c3699ac18201_1_p1_c14,newspaper_e62730aaeb9b509119e0c3699ac18201_1_p1_c13,newspaper_e62730aaeb9b509119e0c3699ac18201_1_p1_c11,newspaper_e62730aaeb9b509119e0c3699ac18201_1_p1_c15",1,True,1.0
黎某为什么想抢劫银行？,1,newspaper_e62730aaeb9b509119e0c3699ac18201_1_p1_c13,newspaper_e62730aaeb9b509119e0c3699ac18201_1_p1_c13,1,True,1.0
黎某为什么想抢劫银行？,3,newspaper_e62730aaeb9b509119e0c3699ac18201_1_p1_c13,"newspaper_e62730aaeb9b509119e0c3699ac18201_1_p1_c13,newspaper_e62730aaeb9b509119e0c3699ac18201_1_p1_c14,color_textbook_zhonggaokao_小学_KET听说读写逐项突破_KET听说读写逐项突破之轻松搞定KET写作25分 【10讲 褚连一】_第10讲第十课写作Part9小作文练习_第十课写作Part9小作文练习_page_010_p10_c1",1,True,1.0
黎某为什么想抢劫银行？,5,newspaper_e62730aaeb9b509119e0c3699ac18201_1_p1_c13,"newspaper_e62730aaeb9b509119e0c3699ac18201_1_p1_c13,newspaper_e62730aaeb9b509119e0c3699ac18201_1_p1_c14,color_textbook_zhonggaokao_小学_KET听说读写逐项突破_KET听说读写逐项突破之轻松搞定KET写作25分 【10讲 褚连一】_第10讲第十课写作Part9小作文练习_第十课写作Part9小作文练习_page_010_p10_c1,jiaocaineedrop_jiaocai_needrop_en_1836_p1836_c1,yanbaopptmerge_yanbaoPPT_4975_p4975_c0",1,True,1.0
What is the English translation of 'in the center of'?,1,jiaocaineedrop_jiaocai_needrop_en_1118_p1118_c0,jiaocaineedrop_jiaocai_needrop_en_1118_p1118_c0,1,True,1.0
What is the English translation of 'in the center of'?,3,jiaocaineedrop_jiaocai_needrop_en_1118_p1118_c0,"jiaocaineedrop_jiaocai_needrop_en_1118_p1118_c0,color_textbook_zhonggaokao_小学_KET听说读写逐项突破_KET听说读写逐项突破之轻松搞定KET写作25分 【10讲 褚连一】_第10讲第十课写作Part9小作文练习_第十课写作Part9小作文练习_page_010_p10_c4,color_textbook_zhonggaokao_小学_KET听说读写逐项突破_KET听说读写逐项突破之轻松搞定KET写作25分 【10讲 褚连一】_第10讲第十课写作Part9小作文练习_第十课写作Part9小作文练习_page_010_p10_c3",1,True,1.0
What is the English translation of 'in the center of'?,5,jiaocaineedrop_jiaocai_needrop_en_1118_p1118_c0,"jiaocaineedrop_jiaocai_needrop_en_1118_p1118_c0,color_textbook_zhonggaokao_小学_KET听说读写逐项突破_KET听说读写逐项突破之轻松搞定KET写作25分 【10讲 褚连一】_第10讲第十课写作Part9小作文练习_第十课写作Part9小作文练习_page_010_p10_c4,color_textbook_zhonggaokao_小学_KET听说读写逐项突破_KET听说读写逐项突破之轻松搞定KET写作25分 【10讲 褚连一】_第10讲第十课写作Part9小作文练习_第十课写作Part9小作文练习_page_010_p10_c3,jiaocaineedrop_jiaocai_needrop_en_453_p453_c2,newspaper_The Globe and Mail - 2025-1-8@magazinesclubnew_page_014_p14_c16",1,True,1.0
点亮；露出喜色是什么意思？,1,jiaocaineedrop_jiaocai_needrop_en_1118_p1118_c1,jiaocaineedrop_jiaocai_needrop_en_1118_p1118_c0,0,False,0.0
点亮；露出喜色是什么意思？,3,jiaocaineedrop_jiaocai_needrop_en_1118_p1118_c1,"jiaocaineedrop_jiaocai_needrop_en_1118_p1118_c0,jiaocaineedrop_jiaocai_needrop_en_1118_p1118_c1,newspaper_e62730aaeb9b509119e0c3699ac18201_1_p1_c15",2,True,1.0
点亮；露出喜色是什么意思？,5,jiaocaineedrop_jiaocai_needrop_en_1118_p1118_c1,"jiaocaineedrop_jiaocai_needrop_en_1118_p1118_c0,jiaocaineedrop_jiaocai_needrop_en_1118_p1118_c1,newspaper_e62730aaeb9b509119e0c3699ac18201_1_p1_c15,notes_f7f010b78016aeebd76e56d9283eb67f_27_p27_c1,exam_paper_2016年安徽省中考英语试题（解析）_page_003_p3_c1",2,True,1.0
What is the Modern English equivalent of the Old English fót?,1,PPT_8076_MEYER_Chapter_2_-_Language_Change_page_012_p12_c0,PPT_8076_MEYER_Chapter_2_-_Language_Change_page_012_p12_c0,1,True,1.0
What is the Modern English equivalent of the Old English fót?,3,PPT_8076_MEYER_Chapter_2_-_Language_Change_page_012_p12_c0,"PPT_8076_MEYER_Chapter_2_-_Language_Change_page_012_p12_c0,PPT_8076_MEYER_Chapter_2_-_Language_Change_page_014_p14_c1,color_textbook_教材全解1+1二年级上册英语上海牛津版_page_067_p67_c4",1,True,1.0
What is the Modern English equivalent of the Old English fót?,5,PPT_8076_MEYER_Chapter_2_-_Language_Change_page_012_p12_c0,"PPT_8076_MEYER_Chapter_2_-_Language_Change_page_012_p12_c0,PPT_8076_MEYER_Chapter_2_-_Language_Change_page_014_p14_c1,color_textbook_教材全解1+1二年级上册英语上海牛津版_page_067_p67_c4,scihub_ijcac.2012040101.pdf_5_p5_c6,newspaper_The Globe and Mail - 2025-1-8@magazinesclubnew_page_014_p14_c4",1,True,1.0
What is the range of plasmid DNA concentrations used in the experiment?,1,docstructbench_llm-raw-scihub-o.O-j.ab.2007.10.021.pdf_3_p3_c0,docstructbench_llm-raw-scihub-o.O-j.ab.2007.10.021.pdf_3_p3_c0,1,True,1.0
What is the range of plasmid DNA concentrations used in the experiment?,3,docstructbench_llm-raw-scihub-o.O-j.ab.2007.10.021.pdf_3_p3_c0,"docstructbench_llm-raw-scihub-o.O-j.ab.2007.10.021.pdf_3_p3_c0,scihub_bloodadvances.2019030924.pdf_3_p3_c1,docstructbench_llm-raw-scihub-o.O-j.chroma.2005.05.085.pdf_4_p4_c5",1,True,1.0
What is the range of plasmid DNA concentrations used in the experiment?,5,docstructbench_llm-raw-scihub-o.O-j.ab.2007.10.021.pdf_3_p3_c0,"docstructbench_llm-raw-scihub-o.O-j.ab.2007.10.021.pdf_3_p3_c0,scihub_bloodadvances.2019030924.pdf_3_p3_c1,docstructbench_llm-raw-scihub-o.O-j.chroma.2005.05.085.pdf_4_p4_c5,docstructbench_enbook-zlib-o.O-19221575.pdf_1173_p1173_c2,docstructbench_llm-raw-scihub-o.O-s00348-006-0169-y.pdf_2_p2_c6",1,True,1.0
What is the procedure used when assembling more than three DNA segments of a gene in tandem?,1,docstructbench_llm-raw-scihub-o.O-j.ab.2007.10.021.pdf_3_p3_c1,docstructbench_llm-raw-scihub-o.O-j.ab.2007.10.021.pdf_3_p3_c1,1,True,1.0
What is the procedure used when assembling more than three DNA segments of a gene in tandem?,3,docstructbench_llm-raw-scihub-o.O-j.ab.2007.10.021.pdf_3_p3_c1,"docstructbench_llm-raw-scihub-o.O-j.ab.2007.10.021.pdf_3_p3_c1,docstructbench_llm-raw-scihub-o.O-j.ab.2007.10.021.pdf_3_p3_c0,docstructbench_llm-raw-scihub-o.O-j.ab.2007.10.021.pdf_3_p3_c2",1,True,1.0
What is the procedure used when assembling more than three DNA segments of a gene in tandem?,5,docstructbench_llm-raw-scihub-o.O-j.ab.2007.10.021.pdf_3_p3_c1,"docstructbench_llm-raw-scihub-o.O-j.ab.2007.10.021.pdf_3_p3_c1,docstructbench_llm-raw-scihub-o.O-j.ab.2007.10.021.pdf_3_p3_c0,docstructbench_llm-raw-scihub-o.O-j.ab.2007.10.021.pdf_3_p3_c2,docstructbench_llm-raw-scihub-o.O-j.chroma.2005.05.085.pdf_4_p4_c5,docstructbench_llm-raw-scihub-o.O-j.ab.2007.10.021.pdf_3_p3_c3",1,True,1.0
Which author is associated with the method of artificial DNA splicing by directed ligation?,1,docstructbench_llm-raw-scihub-o.O-j.ab.2007.10.021.pdf_3_p3_c2,docstructbench_llm-raw-scihub-o.O-j.ab.2007.10.021.pdf_3_p3_c2,1,True,1.0
Which author is associated with the method of artificial DNA splicing by directed ligation?,3,docstructbench_llm-raw-scihub-o.O-j.ab.2007.10.021.pdf_3_p3_c2,"docstructbench_llm-raw-scihub-o.O-j.ab.2007.10.021.pdf_3_p3_c2,newspaper_The Wall Street Journal - 2025-01-08@magazinesclubnew_page_018_p18_c3,docstructbench_llm-raw-scihub-o.O-j.ab.2007.10.021.pdf_3_p3_c1",1,True,1.0
Which author is associated with the method of artificial DNA splicing by directed ligation?,5,docstructbench_llm-raw-scihub-o.O-j.ab.2007.10.021.pdf_3_p3_c2,"docstructbench_llm-raw-scihub-o.O-j.ab.2007.10.021.pdf_3_p3_c2,newspaper_The Wall Street Journal - 2025-01-08@magazinesclubnew_page_018_p18_c3,docstructbench_llm-raw-scihub-o.O-j.ab.2007.10.021.pdf_3_p3_c1,newspaper_The Wall Street Journal - 2025-01-08@magazinesclubnew_page_018_p18_c2,docstructbench_llm-raw-scihub-o.O-j.ab.2007.10.021.pdf_3_p3_c3",1,True,1.0
Which reference discusses the megaprimer method of site-directed mutagenesis?,1,docstructbench_llm-raw-scihub-o.O-j.ab.2007.10.021.pdf_3_p3_c3,docstructbench_llm-raw-scihub-o.O-j.ab.2007.10.021.pdf_3_p3_c3,1,True,1.0
Which reference discusses the megaprimer method of site-directed mutagenesis?,3,docstructbench_llm-raw-scihub-o.O-j.ab.2007.10.021.pdf_3_p3_c3,"docstructbench_llm-raw-scihub-o.O-j.ab.2007.10.021.pdf_3_p3_c3,docstructbench_llm-raw-scihub-o.O-j.ab.2007.10.021.pdf_3_p3_c2,docstructbench_llm-raw-scihub-o.O-j.ab.2007.10.021.pdf_3_p3_c0",1,True,1.0
Which reference discusses the megaprimer method of site-directed mutagenesis?,5,docstructbench_llm-raw-scihub-o.O-j.ab.2007.10.021.pdf_3_p3_c3,"docstructbench_llm-raw-scihub-o.O-j.ab.2007.10.021.pdf_3_p3_c3,docstructbench_llm-raw-scihub-o.O-j.ab.2007.10.021.pdf_3_p3_c2,docstructbench_llm-raw-scihub-o.O-j.ab.2007.10.021.pdf_3_p3_c0,docstructbench_llm-raw-scihub-o.O-j.ab.2007.10.021.pdf_3_p3_c1,newspaper_The Wall Street Journal - 2025-01-08@magazinesclubnew_page_018_p18_c3",1,True,1.0
Which author is mentioned in reference 9?,1,docstructbench_llm-raw-scihub-o.O-j.ab.2007.10.021.pdf_3_p3_c4,newspaper_The Wall Street Journal - 2025-01-08@magazinesclubnew_page_018_p18_c3,0,False,0.0
Which author is mentioned in reference 9?,3,docstructbench_llm-raw-scihub-o.O-j.ab.2007.10.021.pdf_3_p3_c4,"newspaper_The Wall Street Journal - 2025-01-08@magazinesclubnew_page_018_p18_c3,jiaocaineedrop_jiaocai_needrop_en_887_p887_c0,newspaper_The Wall Street Journal - 2025-01-08@magazinesclubnew_page_018_p18_c2",0,False,0.0
Which author is mentioned in reference 9?,5,docstructbench_llm-raw-scihub-o.O-j.ab.2007.10.021.pdf_3_p3_c4,"newspaper_The Wall Street Journal - 2025-01-08@magazinesclubnew_page_018_p18_c3,jiaocaineedrop_jiaocai_needrop_en_887_p887_c0,newspaper_The Wall Street Journal - 2025-01-08@magazinesclubnew_page_018_p18_c2,docstructbench_llm-raw-scihub-o.O-j.ergon.2004.09.009.pdf_13_p13_c5,book_en_[搬书匠#893][Pyomo—Optimization Modeling in Python].2012.英文版_page_188_p188_c0",0,False,0.0
What was the percentage increase in Canada's merchandise trade exports in November?,1,newspaper_The Globe and Mail - 2025-1-8@magazinesclubnew_page_018_p18_c0,newspaper_The Globe and Mail - 2025-1-8@magazinesclubnew_page_018_p18_c0,1,True,1.0
What was the percentage increase in Canada's merchandise trade exports in November?,3,newspaper_The Globe and Mail - 2025-1-8@magazinesclubnew_page_018_p18_c0,"newspaper_The Globe and Mail - 2025-1-8@magazinesclubnew_page_018_p18_c0,newspaper_The Globe and Mail - 2025-1-8@magazinesclubnew_page_018_p18_c5,newspaper_The Globe and Mail - 2025-1-8@magazinesclubnew_page_018_p18_c4",1,True,1.0
What was the percentage increase in Canada's merchandise trade exports in November?,5,newspaper_The Globe and Mail - 2025-1-8@magazinesclubnew_page_018_p18_c0,"newspaper_The Globe and Mail - 2025-1-8@magazinesclubnew_page_018_p18_c0,newspaper_The Globe and Mail - 2025-1-8@magazinesclubnew_page_018_p18_c5,newspaper_The Globe and Mail - 2025-1-8@magazinesclubnew_page_018_p18_c4,newspaper_The Globe and Mail - 2025-1-8@magazinesclubnew_page_018_p18_c7,newspaper_The Globe and Mail - 2025-1-8@magazinesclubnew_page_018_p18_c6",1,True,1.0
What was the trade deficit with the rest of the world after the imports increased?,1,newspaper_The Globe and Mail - 2025-1-8@magazinesclubnew_page_018_p18_c1,newspaper_The Globe and Mail - 2025-1-8@magazinesclubnew_page_018_p18_c1,1,True,1.0
What was the trade deficit with the rest of the world after the imports increased?,3,newspaper_The Globe and Mail - 2025-1-8@magazinesclubnew_page_018_p18_c1,"newspaper_The Globe and Mail - 2025-1-8@magazinesclubnew_page_018_p18_c1,newspaper_The Globe and Mail - 2025-1-8@magazinesclubnew_page_018_p18_c0,newspaper_The Globe and Mail - 2025-1-8@magazinesclubnew_page_018_p18_c7",1,True,1.0
What was the trade deficit with the rest of the world after the imports increased?,5,newspaper_The Globe and Mail - 2025-1-8@magazinesclubnew_page_018_p18_c1,"newspaper_The Globe and Mail - 2025-1-8@magazinesclubnew_page_018_p18_c1,newspaper_The Globe and Mail - 2025-1-8@magazinesclubnew_page_018_p18_c0,newspaper_The Globe and Mail - 2025-1-8@magazinesclubnew_page_018_p18_c7,newspaper_The Globe and Mail - 2025-1-8@magazinesclubnew_page_018_p18_c2,newspaper_The Globe and Mail - 2025-1-8@magazinesclubnew_page_018_p18_c8",1,True,1.0
What did Mr. Trump say about trade deficits with Canada?,1,newspaper_The Globe and Mail - 2025-1-8@magazinesclubnew_page_018_p18_c2,newspaper_The Globe and Mail - 2025-1-8@magazinesclubnew_page_018_p18_c3,0,False,0.0
What did Mr. Trump say about trade deficits with Canada?,3,newspaper_The Globe and Mail - 2025-1-8@magazinesclubnew_page_018_p18_c2,"newspaper_The Globe and Mail - 2025-1-8@magazinesclubnew_page_018_p18_c3,newspaper_The Globe and Mail - 2025-1-8@magazinesclubnew_page_018_p18_c2,newspaper_The Globe and Mail - 2025-1-8@magazinesclubnew_page_018_p18_c0",2,True,1.0
What did Mr. Trump say about trade deficits with Canada?,5,newspaper_The Globe and Mail - 2025-1-8@magazinesclubnew_page_018_p18_c2,"newspaper_The Globe and Mail - 2025-1-8@magazinesclubnew_page_018_p18_c3,newspaper_The Globe and Mail - 2025-1-8@magazinesclubnew_page_018_p18_c2,newspaper_The Globe and Mail - 2025-1-8@magazinesclubnew_page_018_p18_c0,newspaper_The Globe and Mail - 2025-1-8@magazinesclubnew_page_018_p18_c1,newspaper_The Globe and Mail - 2025-1-8@magazinesclubnew_page_018_p18_c4",2,True,1.0
What percentage of Canadian exports go to the U.S. market?,1,newspaper_The Globe and Mail - 2025-1-8@magazinesclubnew_page_018_p18_c3,newspaper_The Globe and Mail - 2025-1-8@magazinesclubnew_page_018_p18_c3,1,True,1.0
What percentage of Canadian exports go to the U.S. market?,3,newspaper_The Globe and Mail - 2025-1-8@magazinesclubnew_page_018_p18_c3,"newspaper_The Globe and Mail - 2025-1-8@magazinesclubnew_page_018_p18_c3,newspaper_The Globe and Mail - 2025-1-8@magazinesclubnew_page_018_p18_c1,newspaper_The Globe and Mail - 2025-1-8@magazinesclubnew_page_018_p18_c0",1,True,1.0
What percentage of Canadian exports go to the U.S. market?,5,newspaper_The Globe and Mail - 2025-1-8@magazinesclubnew_page_018_p18_c3,"newspaper_The Globe and Mail - 2025-1-8@magazinesclubnew_page_018_p18_c3,newspaper_The Globe and Mail - 2025-1-8@magazinesclubnew_page_018_p18_c1,newspaper_The Globe and Mail - 2025-1-8@magazinesclubnew_page_018_p18_c0,newspaper_The Globe and Mail - 2025-1-8@magazinesclubnew_page_018_p18_c5,newspaper_The Globe and Mail - 2025-1-8@magazinesclubnew_page_018_p18_c6",1,True,1.0
What was the value of Canada's vehicle and auto parts exports in 2023?,1,newspaper_The Globe and Mail - 2025-1-8@magazinesclubnew_page_018_p18_c4,newspaper_The Globe and Mail - 2025-1-8@magazinesclubnew_page_018_p18_c3,0,False,0.0
What was the value of Canada's vehicle and auto parts exports in 2023?,3,newspaper_The Globe and Mail - 2025-1-8@magazinesclubnew_page_018_p18_c4,"newspaper_The Globe and Mail - 2025-1-8@magazinesclubnew_page_018_p18_c3,newspaper_The Globe and Mail - 2025-1-8@magazinesclubnew_page_018_p18_c4,eastmoney_7c25f92e2ab21d83e1eada0e40a68e3151e7c1c2d673ddb12b0242fa3ab931ab.pdf_13_p13_c0",2,True,1.0
What was the value of Canada's vehicle and auto parts exports in 2023?,5,newspaper_The Globe and Mail - 2025-1-8@magazinesclubnew_page_018_p18_c4,"newspaper_The Globe and Mail - 2025-1-8@magazinesclubnew_page_018_p18_c3,newspaper_The Globe and Mail - 2025-1-8@magazinesclubnew_page_018_p18_c4,eastmoney_7c25f92e2ab21d83e1eada0e40a68e3151e7c1c2d673ddb12b0242fa3ab931ab.pdf_13_p13_c0,newspaper_The Globe and Mail - 2025-1-8@magazinesclubnew_page_018_p18_c5,newspaper_The Globe and Mail - 2025-1-8@magazinesclubnew_page_018_p18_c1",2,True,1.0
What was the percentage increase in aircraft and transportation equipment exports in November?,1,newspaper_The Globe and Mail - 2025-1-8@magazinesclubnew_page_018_p18_c5,newspaper_The Globe and Mail - 2025-1-8@magazinesclubnew_page_018_p18_c5,1,True,1.0
What was the percentage increase in aircraft and transportation equipment exports in November?,3,newspaper_The Globe and Mail - 2025-1-8@magazinesclubnew_page_018_p18_c5,"newspaper_The Globe and Mail - 2025-1-8@magazinesclubnew_page_018_p18_c5,newspaper_The Globe and Mail - 2025-1-8@magazinesclubnew_page_018_p18_c4,newspaper_The Globe and Mail - 2025-1-8@magazinesclubnew_page_018_p18_c6",1,True,1.0
What was the percentage increase in aircraft and transportation equipment exports in November?,5,newspaper_The Globe and Mail - 2025-1-8@magazinesclubnew_page_018_p18_c5,"newspaper_The Globe and Mail - 2025-1-8@magazinesclubnew_page_018_p18_c5,newspaper_The Globe and Mail - 2025-1-8@magazinesclubnew_page_018_p18_c4,newspaper_The Globe and Mail - 2025-1-8@magazinesclubnew_page_018_p18_c6,newspaper_The Globe and Mail - 2025-1-8@magazinesclubnew_page_018_p18_c0,newspaper_The Globe and Mail - 2025-1-8@magazinesclubnew_page_018_p18_c7",1,True,1.0
What percentage of Canadian companies are accelerating shipments to the U.S.?,1,newspaper_The Globe and Mail - 2025-1-8@magazinesclubnew_page_018_p18_c6,newspaper_The Globe and Mail - 2025-1-8@magazinesclubnew_page_018_p18_c6,1,True,1.0
What percentage of Canadian companies are accelerating shipments to the U.S.?,3,newspaper_The Globe and Mail - 2025-1-8@magazinesclubnew_page_018_p18_c6,"newspaper_The Globe and Mail - 2025-1-8@magazinesclubnew_page_018_p18_c6,newspaper_The Globe and Mail - 2025-1-8@magazinesclubnew_page_018_p18_c5,newspaper_The Globe and Mail - 2025-1-8@magazinesclubnew_page_018_p18_c3",1,True,1.0
What percentage of Canadian companies are accelerating shipments to the U.S.?,5,newspaper_The Globe and Mail - 2025-1-8@magazinesclubnew_page_018_p18_c6,"newspaper_The Globe and Mail - 2025-1-8@magazinesclubnew_page_018_p18_c6,newspaper_The Globe and Mail - 2025-1-8@magazinesclubnew_page_018_p18_c5,newspaper_The Globe and Mail - 2025-1-8@magazinesclubnew_page_018_p18_c3,newspaper_The Globe and Mail - 2025-1-8@magazinesclubnew_page_018_p18_c1,newspaper_The Globe and Mail - 2025-1-8@magazinesclubnew_page_018_p18_c0",1,True,1.0
What was the trade deficit between Canada and countries other than the United States in November?,1,newspaper_The Globe and Mail - 2025-1-8@magazinesclubnew_page_018_p18_c7,newspaper_The Globe and Mail - 2025-1-8@magazinesclubnew_page_018_p18_c7,1,True,1.0
What was the trade deficit between Canada and countries other than the United States in November?,3,newspaper_The Globe and Mail - 2025-1-8@magazinesclubnew_page_018_p18_c7,"newspaper_The Globe and Mail - 2025-1-8@magazinesclubnew_page_018_p18_c7,newspaper_The Globe and Mail - 2025-1-8@magazinesclubnew_page_018_p18_c0,newspaper_The Globe and Mail - 2025-1-8@magazinesclubnew_page_018_p18_c1",1,True,1.0
What was the trade deficit between Canada and countries other than the United States in November?,5,newspaper_The Globe and Mail - 2025-1-8@magazinesclubnew_page_018_p18_c7,"newspaper_The Globe and Mail - 2025-1-8@magazinesclubnew_page_018_p18_c7,newspaper_The Globe and Mail - 2025-1-8@magazinesclubnew_page_018_p18_c0,newspaper_The Globe and Mail - 2025-1-8@magazinesclubnew_page_018_p18_c1,newspaper_The Globe and Mail - 2025-1-8@magazinesclubnew_page_018_p18_c2,newspaper_The Globe and Mail - 2025-1-8@magazinesclubnew_page_018_p18_c5",1,True,1.0
What was the trade deficit amount mentioned in the text?,1,newspaper_The Globe and Mail - 2025-1-8@magazinesclubnew_page_018_p18_c8,newspaper_The Globe and Mail - 2025-1-8@magazinesclubnew_page_018_p18_c7,0,False,0.0
What was the trade deficit amount mentioned in the text?,3,newspaper_The Globe and Mail - 2025-1-8@magazinesclubnew_page_018_p18_c8,"newspaper_The Globe and Mail - 2025-1-8@magazinesclubnew_page_018_p18_c7,newspaper_The Globe and Mail - 2025-1-8@magazinesclubnew_page_018_p18_c8,newspaper_The Globe and Mail - 2025-1-8@magazinesclubnew_page_018_p18_c1",2,True,1.0
What was the trade deficit amount mentioned in the text?,5,newspaper_The Globe and Mail - 2025-1-8@magazinesclubnew_page_018_p18_c8,"newspaper_The Globe and Mail - 2025-1-8@magazinesclubnew_page_018_p18_c7,newspaper_The Globe and Mail - 2025-1-8@magazinesclubnew_page_018_p18_c8,newspaper_The Globe and Mail - 2025-1-8@magazinesclubnew_page_018_p18_c1,newspaper_The Globe and Mail - 2025-1-8@magazinesclubnew_page_018_p18_c0,newspaper_The Globe and Mail - 2025-1-8@magazinesclubnew_page_018_p18_c2",2,True,1.0
What did John emphasize about the bank's potential?,1,newspaper_The Globe and Mail - 2025-1-8@magazinesclubnew_page_018_p18_c9,newspaper_The Globe and Mail - 2025-1-8@magazinesclubnew_page_018_p18_c8,0,False,0.0
What did John emphasize about the bank's potential?,3,newspaper_The Globe and Mail - 2025-1-8@magazinesclubnew_page_018_p18_c9,"newspaper_The Globe and Mail - 2025-1-8@magazinesclubnew_page_018_p18_c8,newspaper_The Globe and Mail - 2025-1-8@magazinesclubnew_page_018_p18_c9,newspaper_The Globe and Mail - 2025-1-8@magazinesclubnew_page_018_p18_c10",2,True,1.0
What did John emphasize about the bank's potential?,5,newspaper_The Globe and Mail - 2025-1-8@magazinesclubnew_page_018_p18_c9,"newspaper_The Globe and Mail - 2025-1-8@magazinesclubnew_page_018_p18_c8,newspaper_The Globe and Mail - 2025-1-8@magazinesclubnew_page_018_p18_c9,newspaper_The Globe and Mail - 2025-1-8@magazinesclubnew_page_018_p18_c10,newspaper_The Globe and Mail - 2025-1-8@magazinesclubnew_page_018_p18_c14,newspaper_The Globe and Mail - 2025-1-8@magazinesclubnew_page_018_p18_c7",2,True,1.0
What did John support throughout his career?,1,newspaper_The Globe and Mail - 2025-1-8@magazinesclubnew_page_018_p18_c10,newspaper_The Globe and Mail - 2025-1-8@magazinesclubnew_page_018_p18_c10,1,True,1.0
What did John support throughout his career?,3,newspaper_The Globe and Mail - 2025-1-8@magazinesclubnew_page_018_p18_c10,"newspaper_The Globe and Mail - 2025-1-8@magazinesclubnew_page_018_p18_c10,newspaper_The Globe and Mail - 2025-1-8@magazinesclubnew_page_018_p18_c11,newspaper_The Globe and Mail - 2025-1-8@magazinesclubnew_page_018_p18_c14",1,True,1.0
What did John support throughout his career?,5,newspaper_The Globe and Mail - 2025-1-8@magazinesclubnew_page_018_p18_c10,"newspaper_The Globe and Mail - 2025-1-8@magazinesclubnew_page_018_p18_c10,newspaper_The Globe and Mail - 2025-1-8@magazinesclubnew_page_018_p18_c11,newspaper_The Globe and Mail - 2025-1-8@magazinesclubnew_page_018_p18_c14,newspaper_The Globe and Mail - 2025-1-8@magazinesclubnew_page_018_p18_c8,newspaper_The Globe and Mail - 2025-1-8@magazinesclubnew_page_018_p18_c13",1,True,1.0
What was the amount of the donation secured by Mr. Hunkin in 2011?,1,newspaper_The Globe and Mail - 2025-1-8@magazinesclubnew_page_018_p18_c11,newspaper_The Globe and Mail - 2025-1-8@magazinesclubnew_page_018_p18_c11,1,True,1.0
What was the amount of the donation secured by Mr. Hunkin in 2011?,3,newspaper_The Globe and Mail - 2025-1-8@magazinesclubnew_page_018_p18_c11,"newspaper_The Globe and Mail - 2025-1-8@magazinesclubnew_page_018_p18_c11,newspaper_The Globe and Mail - 2025-1-8@magazinesclubnew_page_018_p18_c16,newspaper_The Globe and Mail - 2025-1-8@magazinesclubnew_page_018_p18_c10",1,True,1.0
What was the amount of the donation secured by Mr. Hunkin in 2011?,5,newspaper_The Globe and Mail - 2025-1-8@magazinesclubnew_page_018_p18_c11,"newspaper_The Globe and Mail - 2025-1-8@magazinesclubnew_page_018_p18_c11,newspaper_The Globe and Mail - 2025-1-8@magazinesclubnew_page_018_p18_c16,newspaper_The Globe and Mail - 2025-1-8@magazinesclubnew_page_018_p18_c10,newspaper_The Globe and Mail - 2025-1-8@magazinesclubnew_page_018_p18_c15,newspaper_The Globe and Mail - 2025-1-8@magazinesclubnew_page_018_p18_c8",1,True,1.0
What was the name of the person who became CEO after Mr. Flood?,1,newspaper_The Globe and Mail - 2025-1-8@magazinesclubnew_page_018_p18_c12,newspaper_The Globe and Mail - 2025-1-8@magazinesclubnew_page_018_p18_c12,1,True,1.0
What was the name of the person who became CEO after Mr. Flood?,3,newspaper_The Globe and Mail - 2025-1-8@magazinesclubnew_page_018_p18_c12,"newspaper_The Globe and Mail - 2025-1-8@magazinesclubnew_page_018_p18_c12,newspaper_The Globe and Mail - 2025-1-8@magazinesclubnew_page_018_p18_c15,newspaper_The Globe and Mail - 2025-1-8@magazinesclubnew_page_018_p18_c13",1,True,1.0
What was the name of the person who became CEO after Mr. Flood?,5,newspaper_The Globe and Mail - 2025-1-8@magazinesclubnew_page_018_p18_c12,"newspaper_The Globe and Mail - 2025-1-8@magazinesclubnew_page_018_p18_c12,newspaper_The Globe and Mail - 2025-1-8@magazinesclubnew_page_018_p18_c15,newspaper_The Globe and Mail - 2025-1-8@magazinesclubnew_page_018_p18_c13,newspaper_The Globe and Mail - 2025-1-8@magazinesclubnew_page_018_p18_c14,magazine_TheEconomist.2023.11.18_page_071_p71_c2",1,True,1.0
Who became head of the investment banking team at CIBC?,1,newspaper_The Globe and Mail - 2025-1-8@magazinesclubnew_page_018_p18_c13,newspaper_The Globe and Mail - 2025-1-8@magazinesclubnew_page_018_p18_c14,0,False,0.0
Who became head of the investment banking team at CIBC?,3,newspaper_The Globe and Mail - 2025-1-8@magazinesclubnew_page_018_p18_c13,"newspaper_The Globe and Mail - 2025-1-8@magazinesclubnew_page_018_p18_c14,newspaper_The Globe and Mail - 2025-1-8@magazinesclubnew_page_018_p18_c13,newspaper_The Globe and Mail - 2025-1-8@magazinesclubnew_page_018_p18_c15",2,True,1.0
Who became head of the investment banking team at CIBC?,5,newspaper_The Globe and Mail - 2025-1-8@magazinesclubnew_page_018_p18_c13,"newspaper_The Globe and Mail - 2025-1-8@magazinesclubnew_page_018_p18_c14,newspaper_The Globe and Mail - 2025-1-8@magazinesclubnew_page_018_p18_c13,newspaper_The Globe and Mail - 2025-1-8@magazinesclubnew_page_018_p18_c15,newspaper_The Globe and Mail - 2025-1-8@magazinesclubnew_page_018_p18_c7,newspaper_The Globe and Mail - 2025-1-8@magazinesclubnew_page_018_p18_c12",2,True,1.0
Who was the first banker to cross the line according to David Kassie?,1,newspaper_The Globe and Mail - 2025-1-8@magazinesclubnew_page_018_p18_c14,newspaper_The Globe and Mail - 2025-1-8@magazinesclubnew_page_018_p18_c14,1,True,1.0
Who was the first banker to cross the line according to David Kassie?,3,newspaper_The Globe and Mail - 2025-1-8@magazinesclubnew_page_018_p18_c14,"newspaper_The Globe and Mail - 2025-1-8@magazinesclubnew_page_018_p18_c14,newspaper_The Globe and Mail - 2025-1-8@magazinesclubnew_page_018_p18_c13,newspaper_The Wall Street Journal - 2025-01-08@magazinesclubnew_page_018_p18_c2",1,True,1.0
Who was the first banker to cross the line according to David Kassie?,5,newspaper_The Globe and Mail - 2025-1-8@magazinesclubnew_page_018_p18_c14,"newspaper_The Globe and Mail - 2025-1-8@magazinesclubnew_page_018_p18_c14,newspaper_The Globe and Mail - 2025-1-8@magazinesclubnew_page_018_p18_c13,newspaper_The Wall Street Journal - 2025-01-08@magazinesclubnew_page_018_p18_c2,newspaper_The Globe and Mail - 2025-1-8@magazinesclubnew_page_018_p18_c16,newspaper_The Globe and Mail - 2025-1-8@magazinesclubnew_page_018_p18_c15",1,True,1.0
Who was chosen as Mr. Hunkin's successor?,1,newspaper_The Globe and Mail - 2025-1-8@magazinesclubnew_page_018_p18_c15,newspaper_The Globe and Mail - 2025-1-8@magazinesclubnew_page_018_p18_c15,1,True,1.0
Who was chosen as Mr. Hunkin's successor?,3,newspaper_The Globe and Mail - 2025-1-8@magazinesclubnew_page_018_p18_c15,"newspaper_The Globe and Mail - 2025-1-8@magazinesclubnew_page_018_p18_c15,newspaper_The Globe and Mail - 2025-1-8@magazinesclubnew_page_018_p18_c16,newspaper_The Globe and Mail - 2025-1-8@magazinesclubnew_page_018_p18_c12",1,True,1.0
Who was chosen as Mr. Hunkin's successor?,5,newspaper_The Globe and Mail - 2025-1-8@magazinesclubnew_page_018_p18_c15,"newspaper_The Globe and Mail - 2025-1-8@magazinesclubnew_page_018_p18_c15,newspaper_The Globe and Mail - 2025-1-8@magazinesclubnew_page_018_p18_c16,newspaper_The Globe and Mail - 2025-1-8@magazinesclubnew_page_018_p18_c12,newspaper_The Globe and Mail - 2025-1-8@magazinesclubnew_page_018_p18_c13,newspaper_The Globe and Mail - 2025-1-8@magazinesclubnew_page_018_p18_c8",1,True,1.0
What was the name of Mr. Hunkin's wife?,1,newspaper_The Globe and Mail - 2025-1-8@magazinesclubnew_page_018_p18_c16,newspaper_The Globe and Mail - 2025-1-8@magazinesclubnew_page_018_p18_c16,1,True,1.0
What was the name of Mr. Hunkin's wife?,3,newspaper_The Globe and Mail - 2025-1-8@magazinesclubnew_page_018_p18_c16,"newspaper_The Globe and Mail - 2025-1-8@magazinesclubnew_page_018_p18_c16,newspaper_The Globe and Mail - 2025-1-8@magazinesclubnew_page_018_p18_c11,newspaper_The Globe and Mail - 2025-1-8@magazinesclubnew_page_018_p18_c8",1,True,1.0
What was the name of Mr. Hunkin's wife?,5,newspaper_The Globe and Mail - 2025-1-8@magazinesclubnew_page_018_p18_c16,"newspaper_The Globe and Mail - 2025-1-8@magazinesclubnew_page_018_p18_c16,newspaper_The Globe and Mail - 2025-1-8@magazinesclubnew_page_018_p18_c11,newspaper_The Globe and Mail - 2025-1-8@magazinesclubnew_page_018_p18_c8,newspaper_The Globe and Mail - 2025-1-8@magazinesclubnew_page_018_p18_c10,newspaper_The Globe and Mail - 2025-1-8@magazinesclubnew_page_018_p18_c12",1,True,1.0
What did the former health minister express concern about regarding Canadians' payments?,1,newspaper_The Globe and Mail - 2025-1-8@magazinesclubnew_page_018_p18_c17,newspaper_The Globe and Mail - 2025-1-8@magazinesclubnew_page_018_p18_c17,1,True,1.0
What did the former health minister express concern about regarding Canadians' payments?,3,newspaper_The Globe and Mail - 2025-1-8@magazinesclubnew_page_018_p18_c17,"newspaper_The Globe and Mail - 2025-1-8@magazinesclubnew_page_018_p18_c17,newspaper_The Globe and Mail - 2025-1-8@magazinesclubnew_page_018_p18_c18,newspaper_The Globe and Mail - 2025-1-8@magazinesclubnew_page_018_p18_c22",1,True,1.0
What did the former health minister express concern about regarding Canadians' payments?,5,newspaper_The Globe and Mail - 2025-1-8@magazinesclubnew_page_018_p18_c17,"newspaper_The Globe and Mail - 2025-1-8@magazinesclubnew_page_018_p18_c17,newspaper_The Globe and Mail - 2025-1-8@magazinesclubnew_page_018_p18_c18,newspaper_The Globe and Mail - 2025-1-8@magazinesclubnew_page_018_p18_c22,newspaper_The Globe and Mail - 2025-1-8@magazinesclubnew_page_018_p18_c21,newspaper_The Globe and Mail - 2025-1-8@magazinesclubnew_page_018_p18_c19",1,True,1.0
What year was the Canada Health Act passed?,1,newspaper_The Globe and Mail - 2025-1-8@magazinesclubnew_page_018_p18_c18,newspaper_The Globe and Mail - 2025-1-8@magazinesclubnew_page_018_p18_c18,1,True,1.0
What year was the Canada Health Act passed?,3,newspaper_The Globe and Mail - 2025-1-8@magazinesclubnew_page_018_p18_c18,"newspaper_The Globe and Mail - 2025-1-8@magazinesclubnew_page_018_p18_c18,newspaper_The Globe and Mail - 2025-1-8@magazinesclubnew_page_014_p14_c9,newspaper_The Globe and Mail - 2025-1-8@magazinesclubnew_page_018_p18_c19",1,True,1.0
What year was the Canada Health Act passed?,5,newspaper_The Globe and Mail - 2025-1-8@magazinesclubnew_page_018_p18_c18,"newspaper_The Globe and Mail - 2025-1-8@magazinesclubnew_page_018_p18_c18,newspaper_The Globe and Mail - 2025-1-8@magazinesclubnew_page_014_p14_c9,newspaper_The Globe and Mail - 2025-1-8@magazinesclubnew_page_018_p18_c19,newspaper_The Globe and Mail - 2025-1-8@magazinesclubnew_page_018_p18_c12,newspaper_The Globe and Mail - 2025-1-8@magazinesclubnew_page_018_p18_c16",1,True,1.0
What is the effect of providers using out-of-pocket or private pay options according to the text?,1,newspaper_The Globe and Mail - 2025-1-8@magazinesclubnew_page_018_p18_c19,newspaper_The Globe and Mail - 2025-1-8@magazinesclubnew_page_018_p18_c22,0,False,0.0
What is the effect of providers using out-of-pocket or private pay options according to the text?,3,newspaper_The Globe and Mail - 2025-1-8@magazinesclubnew_page_018_p18_c19,"newspaper_The Globe and Mail - 2025-1-8@magazinesclubnew_page_018_p18_c22,newspaper_The Globe and Mail - 2025-1-8@magazinesclubnew_page_018_p18_c23,newspaper_The Globe and Mail - 2025-1-8@magazinesclubnew_page_018_p18_c19",3,True,1.0
What is the effect of providers using out-of-pocket or private pay options according to the text?,5,newspaper_The Globe and Mail - 2025-1-8@magazinesclubnew_page_018_p18_c19,"newspaper_The Globe and Mail - 2025-1-8@magazinesclubnew_page_018_p18_c22,newspaper_The Globe and Mail - 2025-1-8@magazinesclubnew_page_018_p18_c23,newspaper_The Globe and Mail - 2025-1-8@magazinesclubnew_page_018_p18_c19,newspaper_The Globe and Mail - 2025-1-8@magazinesclubnew_page_018_p18_c17,newspaper_The Globe and Mail - 2025-1-8@magazinesclubnew_page_018_p18_c18",3,True,1.0
What is the name of the telemedicine platform mentioned in the text?,1,newspaper_The Globe and Mail - 2025-1-8@magazinesclubnew_page_018_p18_c20,newspaper_The Globe and Mail - 2025-1-8@magazinesclubnew_page_018_p18_c20,1,True,1.0
What is the name of the telemedicine platform mentioned in the text?,3,newspaper_The Globe and Mail - 2025-1-8@magazinesclubnew_page_018_p18_c20,"newspaper_The Globe and Mail - 2025-1-8@magazinesclubnew_page_018_p18_c20,newspaper_The Globe and Mail - 2025-1-8@magazinesclubnew_page_018_p18_c21,yanbaor2_a6a80b48db3438977793c75185e980ee4aff22f79083427cb03ea4134f7b241f.pdf_67_p67_c3",1,True,1.0
What is the name of the telemedicine platform mentioned in the text?,5,newspaper_The Globe and Mail - 2025-1-8@magazinesclubnew_page_018_p18_c20,"newspaper_The Globe and Mail - 2025-1-8@magazinesclubnew_page_018_p18_c20,newspaper_The Globe and Mail - 2025-1-8@magazinesclubnew_page_018_p18_c21,yanbaor2_a6a80b48db3438977793c75185e980ee4aff22f79083427cb03ea4134f7b241f.pdf_67_p67_c3,yanbaor2_a6a80b48db3438977793c75185e980ee4aff22f79083427cb03ea4134f7b241f.pdf_67_p67_c4,yanbaor2_bfe5f11c4ad2e94d966ef6801dc992816f42c9150e2be42b008c95f59713e901.pdf_139_p139_c0",1,True,1.0
What did Dr. Belchetz say about employer-funded virtual care?,1,newspaper_The Globe and Mail - 2025-1-8@magazinesclubnew_page_018_p18_c21,newspaper_The Globe and Mail - 2025-1-8@magazinesclubnew_page_018_p18_c21,1,True,1.0
What did Dr. Belchetz say about employer-funded virtual care?,3,newspaper_The Globe and Mail - 2025-1-8@magazinesclubnew_page_018_p18_c21,"newspaper_The Globe and Mail - 2025-1-8@magazinesclubnew_page_018_p18_c21,newspaper_The Globe and Mail - 2025-1-8@magazinesclubnew_page_018_p18_c20,newspaper_The Globe and Mail - 2025-1-8@magazinesclubnew_page_018_p18_c22",1,True,1.0
What did Dr. Belchetz say about employer-funded virtual care?,5,newspaper_The Globe and Mail - 2025-1-8@magazinesclubnew_page_018_p18_c21,"newspaper_The Globe and Mail - 2025-1-8@magazinesclubnew_page_018_p18_c21,newspaper_The Globe and Mail - 2025-1-8@magazinesclubnew_page_018_p18_c20,newspaper_The Globe and Mail - 2025-1-8@magazinesclubnew_page_018_p18_c22,newspaper_The Globe and Mail - 2025-1-8@magazinesclubnew_page_018_p18_c17,newspaper_The Globe and Mail - 2025-1-8@magazinesclubnew_page_018_p18_c23",1,True,1.0
Who is the CMA president mentioned in the text?,1,newspaper_The Globe and Mail - 2025-1-8@magazinesclubnew_page_018_p18_c22,newspaper_The Globe and Mail - 2025-1-8@magazinesclubnew_page_018_p18_c22,1,True,1.0
Who is the CMA president mentioned in the text?,3,newspaper_The Globe and Mail - 2025-1-8@magazinesclubnew_page_018_p18_c22,"newspaper_The Globe and Mail - 2025-1-8@magazinesclubnew_page_018_p18_c22,newspaper_The Globe and Mail - 2025-1-8@magazinesclubnew_page_018_p18_c20,newspaper_The Globe and Mail - 2025-1-8@magazinesclubnew_page_018_p18_c19",1,True,1.0
Who is the CMA president mentioned in the text?,5,newspaper_The Globe and Mail - 2025-1-8@magazinesclubnew_page_018_p18_c22,"newspaper_The Globe and Mail - 2025-1-8@magazinesclubnew_page_018_p18_c22,newspaper_The Globe and Mail - 2025-1-8@magazinesclubnew_page_018_p18_c20,newspaper_The Globe and Mail - 2025-1-8@magazinesclubnew_page_018_p18_c19,newspaper_The Globe and Mail - 2025-1-8@magazinesclubnew_page_018_p18_c21,magazine_TheEconomist.2024.03.02_page_028_p28_c8",1,True,1.0
What did Dr. Reimer say about providers using private pay options?,1,newspaper_The Globe and Mail - 2025-1-8@magazinesclubnew_page_018_p18_c23,newspaper_The Globe and Mail - 2025-1-8@magazinesclubnew_page_018_p18_c22,0,False,0.0
What did Dr. Reimer say about providers using private pay options?,3,newspaper_The Globe and Mail - 2025-1-8@magazinesclubnew_page_018_p18_c23,"newspaper_The Globe and Mail - 2025-1-8@magazinesclubnew_page_018_p18_c22,newspaper_The Globe and Mail - 2025-1-8@magazinesclubnew_page_018_p18_c23,newspaper_The Globe and Mail - 2025-1-8@magazinesclubnew_page_018_p18_c19",2,True,1.0
What did Dr. Reimer say about providers using private pay options?,5,newspaper_The Globe and Mail - 2025-1-8@magazinesclubnew_page_018_p18_c23,"newspaper_The Globe and Mail - 2025-1-8@magazinesclubnew_page_018_p18_c22,newspaper_The Globe and Mail - 2025-1-8@magazinesclubnew_page_018_p18_c23,newspaper_The Globe and Mail - 2025-1-8@magazinesclubnew_page_018_p18_c19,newspaper_The Globe and Mail - 2025-1-8@magazinesclubnew_page_018_p18_c20,newspaper_The Globe and Mail - 2025-1-8@magazinesclubnew_page_018_p18_c21",2,True,1.0
Who is the spokesperson for Ms. Jones?,1,newspaper_The Globe and Mail - 2025-1-8@magazinesclubnew_page_018_p18_c24,newspaper_The Globe and Mail - 2025-1-8@magazinesclubnew_page_018_p18_c24,1,True,1.0
Who is the spokesperson for Ms. Jones?,3,newspaper_The Globe and Mail - 2025-1-8@magazinesclubnew_page_018_p18_c24,"newspaper_The Globe and Mail - 2025-1-8@magazinesclubnew_page_018_p18_c24,newspaper_The Globe and Mail - 2025-1-8@magazinesclubnew_page_018_p18_c23,newspaper_The Globe and Mail - 2025-1-8@magazinesclubnew_page_027_p27_c2",1,True,1.0
Who is the spokesperson for Ms. Jones?,5,newspaper_The Globe and Mail - 2025-1-8@magazinesclubnew_page_018_p18_c24,"newspaper_The Globe and Mail - 2025-1-8@magazinesclubnew_page_018_p18_c24,newspaper_The Globe and Mail - 2025-1-8@magazinesclubnew_page_018_p18_c23,newspaper_The Globe and Mail - 2025-1-8@magazinesclubnew_page_027_p27_c2,newspaper_b95d1d8eb0d756cc94a5d8b5db3cf69b_1_p1_c0,newspaper_b95d1d8eb0d756cc94a5d8b5db3cf69b_1_p1_c6",1,True,1.0
喜欢吃梨的小朋友比喜欢吃苹果的多几人？,1,jiaocaineedrop_jiaocai_needrop_en_3937_p3937_c0,jiaocaineedrop_jiaocai_needrop_en_3937_p3937_c1,0,False,0.0
喜欢吃梨的小朋友比喜欢吃苹果的多几人？,3,jiaocaineedrop_jiaocai_needrop_en_3937_p3937_c0,"jiaocaineedrop_jiaocai_needrop_en_3937_p3937_c1,jiaocaineedrop_jiaocai_needrop_en_3937_p3937_c0,jiaocaineedrop_jiaocai_needrop_en_1836_p1836_c1",2,True,1.0
喜欢吃梨的小朋友比喜欢吃苹果的多几人？,5,jiaocaineedrop_jiaocai_needrop_en_3937_p3937_c0,"jiaocaineedrop_jiaocai_needrop_en_3937_p3937_c1,jiaocaineedrop_jiaocai_needrop_en_3937_p3937_c0,jiaocaineedrop_jiaocai_needrop_en_1836_p1836_c1,jiaocaineedrop_jiaocai_needrop_en_3274_p3274_c0,docstructbench_dianzishu_zhongwenzaixian-o.O-61323717.pdf_203_p203_c1",2,True,1.0
喜欢吃香蕉的比喜欢吃苹果的多几人？,1,jiaocaineedrop_jiaocai_needrop_en_3937_p3937_c1,jiaocaineedrop_jiaocai_needrop_en_3937_p3937_c1,1,True,1.0
喜欢吃香蕉的比喜欢吃苹果的多几人？,3,jiaocaineedrop_jiaocai_needrop_en_3937_p3937_c1,"jiaocaineedrop_jiaocai_needrop_en_3937_p3937_c1,jiaocaineedrop_jiaocai_needrop_en_3937_p3937_c0,jiaocaineedrop_jiaocai_needrop_en_3274_p3274_c0",1,True,1.0
喜欢吃香蕉的比喜欢吃苹果的多几人？,5,jiaocaineedrop_jiaocai_needrop_en_3937_p3937_c1,"jiaocaineedrop_jiaocai_needrop_en_3937_p3937_c1,jiaocaineedrop_jiaocai_needrop_en_3937_p3937_c0,jiaocaineedrop_jiaocai_needrop_en_3274_p3274_c0,newspaper_The Wall Street Journal - 2025-01-08@magazinesclubnew_page_018_p18_c2,notes_1ba14cb325bc448f7201b20502ecf2b5_33_p33_c0",1,True,1.0
What was the concentration of STI571 used in the experiment?,1,docstructbench_llm-raw-scihub-o.O-ijc.22999.pdf_3_p3_c0,docstructbench_llm-raw-scihub-o.O-ijc.22999.pdf_3_p3_c1,0,False,0.0
What was the concentration of STI571 used in the experiment?,3,docstructbench_llm-raw-scihub-o.O-ijc.22999.pdf_3_p3_c0,"docstructbench_llm-raw-scihub-o.O-ijc.22999.pdf_3_p3_c1,docstructbench_llm-raw-scihub-o.O-ijc.22999.pdf_3_p3_c2,docstructbench_llm-raw-scihub-o.O-ijc.22999.pdf_3_p3_c0",3,True,1.0
What was the concentration of STI571 used in the experiment?,5,docstructbench_llm-raw-scihub-o.O-ijc.22999.pdf_3_p3_c0,"docstructbench_llm-raw-scihub-o.O-ijc.22999.pdf_3_p3_c1,docstructbench_llm-raw-scihub-o.O-ijc.22999.pdf_3_p3_c2,docstructbench_llm-raw-scihub-o.O-ijc.22999.pdf_3_p3_c0,docstructbench_llm-raw-scihub-o.O-ijc.22999.pdf_3_p3_c3,docstructbench_llm-raw-scihub-o.O-j.chroma.2005.03.134.pdf_6_p6_c4",3,True,1.0
What was the duration of treatment for mice bearing B16/PDGF-BB tumors?,1,docstructbench_llm-raw-scihub-o.O-ijc.22999.pdf_3_p3_c1,docstructbench_llm-raw-scihub-o.O-ijc.22999.pdf_3_p3_c1,1,True,1.0
What was the duration of treatment for mice bearing B16/PDGF-BB tumors?,3,docstructbench_llm-raw-scihub-o.O-ijc.22999.pdf_3_p3_c1,"docstructbench_llm-raw-scihub-o.O-ijc.22999.pdf_3_p3_c1,docstructbench_llm-raw-scihub-o.O-ijc.22999.pdf_3_p3_c4,docstructbench_llm-raw-scihub-o.O-ijc.22999.pdf_3_p3_c0",1,True,1.0
What was the duration of treatment for mice bearing B16/PDGF-BB tumors?,5,docstructbench_llm-raw-scihub-o.O-ijc.22999.pdf_3_p3_c1,"docstructbench_llm-raw-scihub-o.O-ijc.22999.pdf_3_p3_c1,docstructbench_llm-raw-scihub-o.O-ijc.22999.pdf_3_p3_c4,docstructbench_llm-raw-scihub-o.O-ijc.22999.pdf_3_p3_c0,docstructbench_llm-raw-scihub-o.O-ijc.22999.pdf_3_p3_c5,docstructbench_llm-raw-scihub-o.O-ijc.22999.pdf_3_p3_c3",1,True,1.0
What was the dosage of PTK787 used in the combination treatment?,1,docstructbench_llm-raw-scihub-o.O-ijc.22999.pdf_3_p3_c2,docstructbench_llm-raw-scihub-o.O-ijc.22999.pdf_3_p3_c2,1,True,1.0
What was the dosage of PTK787 used in the combination treatment?,3,docstructbench_llm-raw-scihub-o.O-ijc.22999.pdf_3_p3_c2,"docstructbench_llm-raw-scihub-o.O-ijc.22999.pdf_3_p3_c2,docstructbench_llm-raw-scihub-o.O-ijc.22999.pdf_3_p3_c1,docstructbench_llm-raw-scihub-o.O-ijc.22999.pdf_3_p3_c0",1,True,1.0
What was the dosage of PTK787 used in the combination treatment?,5,docstructbench_llm-raw-scihub-o.O-ijc.22999.pdf_3_p3_c2,"docstructbench_llm-raw-scihub-o.O-ijc.22999.pdf_3_p3_c2,docstructbench_llm-raw-scihub-o.O-ijc.22999.pdf_3_p3_c1,docstructbench_llm-raw-scihub-o.O-ijc.22999.pdf_3_p3_c0,docstructbench_llm-raw-scihub-o.O-j.chroma.2005.03.134.pdf_6_p6_c5,docstructbench_llm-raw-scihub-o.O-j.chroma.2005.03.134.pdf_6_p6_c2",1,True,1.0
What was the immunoprecipitation control used in the experiment?,1,docstructbench_llm-raw-scihub-o.O-ijc.22999.pdf_3_p3_c3,docstructbench_llm-raw-scihub-o.O-ijc.22999.pdf_3_p3_c3,1,True,1.0
What was the immunoprecipitation control used in the experiment?,3,docstructbench_llm-raw-scihub-o.O-ijc.22999.pdf_3_p3_c3,"docstructbench_llm-raw-scihub-o.O-ijc.22999.pdf_3_p3_c3,docstructbench_llm-raw-scihub-o.O-ijc.22999.pdf_3_p3_c2,docstructbench_llm-raw-scihub-o.O-j.ab.2007.11.016.pdf_5_p5_c2",1,True,1.0
What was the immunoprecipitation control used in the experiment?,5,docstructbench_llm-raw-scihub-o.O-ijc.22999.pdf_3_p3_c3,"docstructbench_llm-raw-scihub-o.O-ijc.22999.pdf_3_p3_c3,docstructbench_llm-raw-scihub-o.O-ijc.22999.pdf_3_p3_c2,docstructbench_llm-raw-scihub-o.O-j.ab.2007.11.016.pdf_5_p5_c2,scihub_bloodadvances.2019030924.pdf_3_p3_c1,docstructbench_llm-raw-scihub-o.O-j.chroma.2005.05.085.pdf_4_p4_c5",1,True,1.0
What cell line was used to isolate a clone with robust PDGF-BB production?,1,docstructbench_llm-raw-scihub-o.O-ijc.22999.pdf_3_p3_c4,docstructbench_llm-raw-scihub-o.O-ijc.22999.pdf_3_p3_c4,1,True,1.0
What cell line was used to isolate a clone with robust PDGF-BB production?,3,docstructbench_llm-raw-scihub-o.O-ijc.22999.pdf_3_p3_c4,"docstructbench_llm-raw-scihub-o.O-ijc.22999.pdf_3_p3_c4,docstructbench_llm-raw-scihub-o.O-ijc.22999.pdf_3_p3_c3,docstructbench_llm-raw-scihub-o.O-ijc.22999.pdf_3_p3_c5",1,True,1.0
What cell line was used to isolate a clone with robust PDGF-BB production?,5,docstructbench_llm-raw-scihub-o.O-ijc.22999.pdf_3_p3_c4,"docstructbench_llm-raw-scihub-o.O-ijc.22999.pdf_3_p3_c4,docstructbench_llm-raw-scihub-o.O-ijc.22999.pdf_3_p3_c3,docstructbench_llm-raw-scihub-o.O-ijc.22999.pdf_3_p3_c5,docstructbench_llm-raw-scihub-o.O-ijc.22999.pdf_3_p3_c0,docstructbench_llm-raw-scihub-o.O-ijc.22999.pdf_3_p3_c1",1,True,1.0
How much PDGF-BB was released into the medium according to the study?,1,docstructbench_llm-raw-scihub-o.O-ijc.22999.pdf_3_p3_c5,docstructbench_llm-raw-scihub-o.O-ijc.22999.pdf_3_p3_c5,1,True,1.0
How much PDGF-BB was released into the medium according to the study?,3,docstructbench_llm-raw-scihub-o.O-ijc.22999.pdf_3_p3_c5,"docstructbench_llm-raw-scihub-o.O-ijc.22999.pdf_3_p3_c5,docstructbench_llm-raw-scihub-o.O-ijc.22999.pdf_3_p3_c4,docstructbench_llm-raw-scihub-o.O-ijc.22999.pdf_3_p3_c0",1,True,1.0
How much PDGF-BB was released into the medium according to the study?,5,docstructbench_llm-raw-scihub-o.O-ijc.22999.pdf_3_p3_c5,"docstructbench_llm-raw-scihub-o.O-ijc.22999.pdf_3_p3_c5,docstructbench_llm-raw-scihub-o.O-ijc.22999.pdf_3_p3_c4,docstructbench_llm-raw-scihub-o.O-ijc.22999.pdf_3_p3_c0,docstructbench_llm-raw-scihub-o.O-ijc.22999.pdf_3_p3_c1,docstructbench_llm-raw-scihub-o.O-ijc.22999.pdf_3_p3_c3",1,True,1.0
增额终身寿险在低利率环境下的优势是什么？,1,eastmoney_f671ab94bf8b8274d6736f1a3dc775b3b74fa68686df2946aa5307b6b2a32062.pdf_18_p18_c0,eastmoney_f671ab94bf8b8274d6736f1a3dc775b3b74fa68686df2946aa5307b6b2a32062.pdf_18_p18_c0,1,True,1.0
增额终身寿险在低利率环境下的优势是什么？,3,eastmoney_f671ab94bf8b8274d6736f1a3dc775b3b74fa68686df2946aa5307b6b2a32062.pdf_18_p18_c0,"eastmoney_f671ab94bf8b8274d6736f1a3dc775b3b74fa68686df2946aa5307b6b2a32062.pdf_18_p18_c0,eastmoney_dcf347592d4160dffacffdf00a9c39aa75cf9859205a7543c283d1df8bb14f90.pdf_1_p1_c2,yanbaopptmerge_0c79d327060dbf9f1582d03c235dadb039533a19091d2c0d24f2ad95d267f79b.pdf_2_p2_c1",1,True,1.0
增额终身寿险在低利率环境下的优势是什么？,5,eastmoney_f671ab94bf8b8274d6736f1a3dc775b3b74fa68686df2946aa5307b6b2a32062.pdf_18_p18_c0,"eastmoney_f671ab94bf8b8274d6736f1a3dc775b3b74fa68686df2946aa5307b6b2a32062.pdf_18_p18_c0,eastmoney_dcf347592d4160dffacffdf00a9c39aa75cf9859205a7543c283d1df8bb14f90.pdf_1_p1_c2,yanbaopptmerge_0c79d327060dbf9f1582d03c235dadb039533a19091d2c0d24f2ad95d267f79b.pdf_2_p2_c1,yanbaor2_7f386f737cb55cffa10c8321a94bd38d7169cd69b3b253b9e2e502c12a68feea.pdf_15_p15_c0,yanbaopptmerge_5473246b8da789b9bfdeef53a70c4d72afd480415d5cbcedb83d105856710328.pdf_8_p8_c2",1,True,1.0
该计划提供多少种慢病风险预测与预警干预？,1,eastmoney_f671ab94bf8b8274d6736f1a3dc775b3b74fa68686df2946aa5307b6b2a32062.pdf_18_p18_c2,eastmoney_f671ab94bf8b8274d6736f1a3dc775b3b74fa68686df2946aa5307b6b2a32062.pdf_18_p18_c2,1,True,1.0
该计划提供多少种慢病风险预测与预警干预？,3,eastmoney_f671ab94bf8b8274d6736f1a3dc775b3b74fa68686df2946aa5307b6b2a32062.pdf_18_p18_c2,"eastmoney_f671ab94bf8b8274d6736f1a3dc775b3b74fa68686df2946aa5307b6b2a32062.pdf_18_p18_c2,eastmoney_f671ab94bf8b8274d6736f1a3dc775b3b74fa68686df2946aa5307b6b2a32062.pdf_18_p18_c1,docstructbench_dianzishu_zhongwenzaixian-o.O-61523162.pdf_276_p276_c0",1,True,1.0
该计划提供多少种慢病风险预测与预警干预？,5,eastmoney_f671ab94bf8b8274d6736f1a3dc775b3b74fa68686df2946aa5307b6b2a32062.pdf_18_p18_c2,"eastmoney_f671ab94bf8b8274d6736f1a3dc775b3b74fa68686df2946aa5307b6b2a32062.pdf_18_p18_c2,eastmoney_f671ab94bf8b8274d6736f1a3dc775b3b74fa68686df2946aa5307b6b2a32062.pdf_18_p18_c1,docstructbench_dianzishu_zhongwenzaixian-o.O-61523162.pdf_276_p276_c0,eastmoney_f671ab94bf8b8274d6736f1a3dc775b3b74fa68686df2946aa5307b6b2a32062.pdf_18_p18_c0,yanbaopptmerge_0c79d327060dbf9f1582d03c235dadb039533a19091d2c0d24f2ad95d267f79b.pdf_2_p2_c1",1,True,1.0
通电螺线管的左端是什么极？,1,jiaocaineedrop_jiaocai_needrop_en_3738_p3738_c0,jiaocaineedrop_jiaocai_needrop_en_3738_p3738_c0,1,True,1.0
通电螺线管的左端是什么极？,3,jiaocaineedrop_jiaocai_needrop_en_3738_p3738_c0,"jiaocaineedrop_jiaocai_needrop_en_3738_p3738_c0,jiaocaineedrop_jiaocai_needrop_en_3738_p3738_c1,color_textbook_zhonggaokao_小学_KET听说读写逐项突破_KET听说读写逐项突破之轻松搞定KET写作25分 【10讲 褚连一】_第10讲第十课写作Part9小作文练习_第十课写作Part9小作文练习_page_010_p10_c1",1,True,1.0
通电螺线管的左端是什么极？,5,jiaocaineedrop_jiaocai_needrop_en_3738_p3738_c0,"jiaocaineedrop_jiaocai_needrop_en_3738_p3738_c0,jiaocaineedrop_jiaocai_needrop_en_3738_p3738_c1,color_textbook_zhonggaokao_小学_KET听说读写逐项突破_KET听说读写逐项突破之轻松搞定KET写作25分 【10讲 褚连一】_第10讲第十课写作Part9小作文练习_第十课写作Part9小作文练习_page_010_p10_c1,yanbaopptmerge_yanbaoPPT_4125_p4125_c0,jiaocaineedrop_jiaocai_needrop_en_1473_p1473_c3",1,True,1.0
导体 ab 静止悬挂时，闭合开关，灵敏电流计指针是否偏转？,1,jiaocaineedrop_jiaocai_needrop_en_3738_p3738_c1,jiaocaineedrop_jiaocai_needrop_en_3738_p3738_c1,1,True,1.0
导体 ab 静止悬挂时，闭合开关，灵敏电流计指针是否偏转？,3,jiaocaineedrop_jiaocai_needrop_en_3738_p3738_c1,"jiaocaineedrop_jiaocai_needrop_en_3738_p3738_c1,jiaocaineedrop_jiaocai_needrop_en_3738_p3738_c0,yanbaopptmerge_yanbaoPPT_4125_p4125_c0",1,True,1.0
导体 ab 静止悬挂时，闭合开关，灵敏电流计指针是否偏转？,5,jiaocaineedrop_jiaocai_needrop_en_3738_p3738_c1,"jiaocaineedrop_jiaocai_needrop_en_3738_p3738_c1,jiaocaineedrop_jiaocai_needrop_en_3738_p3738_c0,yanbaopptmerge_yanbaoPPT_4125_p4125_c0,book_en_国外数学教材-非数学专业教材-线性代数-Gilbert Strang—Linear Algebra and Its Applications 4e_0242_p242_c3,jiaocaineedrop_jiaocai_needrop_en_1473_p1473_c0",1,True,1.0
What advice is given for turning off the TV and computer?,1,color_textbook_zhonggaokao_小学_13.人教新起点英语（4-5年级）_人教新起点五年级英语下册_课本_人教新起点英语5B电子课本_page_011_p11_c0,color_textbook_zhonggaokao_小学_13.人教新起点英语（4-5年级）_人教新起点五年级英语下册_课本_人教新起点英语5B电子课本_page_011_p11_c1,0,False,0.0
What advice is given for turning off the TV and computer?,3,color_textbook_zhonggaokao_小学_13.人教新起点英语（4-5年级）_人教新起点五年级英语下册_课本_人教新起点英语5B电子课本_page_011_p11_c0,"color_textbook_zhonggaokao_小学_13.人教新起点英语（4-5年级）_人教新起点五年级英语下册_课本_人教新起点英语5B电子课本_page_011_p11_c1,color_textbook_zhonggaokao_小学_13.人教新起点英语（4-5年级）_人教新起点五年级英语下册_课本_人教新起点英语5B电子课本_page_011_p11_c0,color_textbook_zhonggaokao_小学_13.人教新起点英语（4-5年级）_人教新起点五年级英语下册_课本_人教新起点英语5B电子课本_page_011_p11_c2",2,True,1.0
What advice is given for turning off the TV and computer?,5,color_textbook_zhonggaokao_小学_13.人教新起点英语（4-5年级）_人教新起点五年级英语下册_课本_人教新起点英语5B电子课本_page_011_p11_c0,"color_textbook_zhonggaokao_小学_13.人教新起点英语（4-5年级）_人教新起点五年级英语下册_课本_人教新起点英语5B电子课本_page_011_p11_c1,color_textbook_zhonggaokao_小学_13.人教新起点英语（4-5年级）_人教新起点五年级英语下册_课本_人教新起点英语5B电子课本_page_011_p11_c0,color_textbook_zhonggaokao_小学_13.人教新起点英语（4-5年级）_人教新起点五年级英语下册_课本_人教新起点英语5B电子课本_page_011_p11_c2,newspaper_b95d1d8eb0d756cc94a5d8b5db3cf69b_1_p1_c5,jiaocaineedrop_jiaocai_needrop_en_453_p453_c1",2,True,1.0
What time should Worried go to bed according to Linda's advice?,1,color_textbook_zhonggaokao_小学_13.人教新起点英语（4-5年级）_人教新起点五年级英语下册_课本_人教新起点英语5B电子课本_page_011_p11_c1,color_textbook_zhonggaokao_小学_13.人教新起点英语（4-5年级）_人教新起点五年级英语下册_课本_人教新起点英语5B电子课本_page_011_p11_c1,1,True,1.0
What time should Worried go to bed according to Linda's advice?,3,color_textbook_zhonggaokao_小学_13.人教新起点英语（4-5年级）_人教新起点五年级英语下册_课本_人教新起点英语5B电子课本_page_011_p11_c1,"color_textbook_zhonggaokao_小学_13.人教新起点英语（4-5年级）_人教新起点五年级英语下册_课本_人教新起点英语5B电子课本_page_011_p11_c1,color_textbook_zhonggaokao_小学_13.人教新起点英语（4-5年级）_人教新起点五年级英语下册_课本_人教新起点英语5B电子课本_page_011_p11_c0,color_textbook_zhonggaokao_小学_13.人教新起点英语（4-5年级）_人教新起点五年级英语下册_课本_人教新起点英语5B电子课本_page_011_p11_c2",1,True,1.0
What time should Worried go to bed according to Linda's advice?,5,color_textbook_zhonggaokao_小学_13.人教新起点英语（4-5年级）_人教新起点五年级英语下册_课本_人教新起点英语5B电子课本_page_011_p11_c1,"color_textbook_zhonggaokao_小学_13.人教新起点英语（4-5年级）_人教新起点五年级英语下册_课本_人教新起点英语5B电子课本_page_011_p11_c1,color_textbook_zhonggaokao_小学_13.人教新起点英语（4-5年级）_人教新起点五年级英语下册_课本_人教新起点英语5B电子课本_page_011_p11_c0,color_textbook_zhonggaokao_小学_13.人教新起点英语（4-5年级）_人教新起点五年级英语下册_课本_人教新起点英语5B电子课本_page_011_p11_c2,jiaocaineedrop_jiaocai_needrop_en_453_p453_c1,newspaper_The Globe and Mail - 2025-1-8@magazinesclubnew_page_014_p14_c11",1,True,1.0
What should he do every day according to the fragment?,1,color_textbook_zhonggaokao_小学_13.人教新起点英语（4-5年级）_人教新起点五年级英语下册_课本_人教新起点英语5B电子课本_page_011_p11_c2,color_textbook_zhonggaokao_小学_13.人教新起点英语（4-5年级）_人教新起点五年级英语下册_课本_人教新起点英语5B电子课本_page_011_p11_c2,1,True,1.0
What should he do every day according to the fragment?,3,color_textbook_zhonggaokao_小学_13.人教新起点英语（4-5年级）_人教新起点五年级英语下册_课本_人教新起点英语5B电子课本_page_011_p11_c2,"color_textbook_zhonggaokao_小学_13.人教新起点英语（4-5年级）_人教新起点五年级英语下册_课本_人教新起点英语5B电子课本_page_011_p11_c2,color_textbook_zhonggaokao_小学_13.人教新起点英语（4-5年级）_人教新起点五年级英语下册_课本_人教新起点英语5B电子课本_page_011_p11_c1,jiaocaineedrop_jiaocai_needrop_en_961_p961_c0",1,True,1.0
What should he do every day according to the fragment?,5,color_textbook_zhonggaokao_小学_13.人教新起点英语（4-5年级）_人教新起点五年级英语下册_课本_人教新起点英语5B电子课本_page_011_p11_c2,"color_textbook_zhonggaokao_小学_13.人教新起点英语（4-5年级）_人教新起点五年级英语下册_课本_人教新起点英语5B电子课本_page_011_p11_c2,color_textbook_zhonggaokao_小学_13.人教新起点英语（4-5年级）_人教新起点五年级英语下册_课本_人教新起点英语5B电子课本_page_011_p11_c1,jiaocaineedrop_jiaocai_needrop_en_961_p961_c0,color_textbook_zhonggaokao_小学_13.人教新起点英语（4-5年级）_人教新起点五年级英语下册_课本_人教新起点英语5B电子课本_page_011_p11_c0,jiaocaineedrop_jiaocai_needrop_en_453_p453_c3",1,True,1.0
What did the Palestinian man urge Joe Sacco to write about?,1,magazine_TheEconomist.2024.03.02_page_075_p75_c0,magazine_TheEconomist.2024.03.02_page_075_p75_c0,1,True,1.0
What did the Palestinian man urge Joe Sacco to write about?,3,magazine_TheEconomist.2024.03.02_page_075_p75_c0,"magazine_TheEconomist.2024.03.02_page_075_p75_c0,magazine_TheEconomist.2024.03.02_page_075_p75_c1,magazine_TheEconomist.2024.03.02_page_075_p75_c5",1,True,1.0
What did the Palestinian man urge Joe Sacco to write about?,5,magazine_TheEconomist.2024.03.02_page_075_p75_c0,"magazine_TheEconomist.2024.03.02_page_075_p75_c0,magazine_TheEconomist.2024.03.02_page_075_p75_c1,magazine_TheEconomist.2024.03.02_page_075_p75_c5,magazine_TheEconomist.2024.03.02_page_075_p75_c3,magazine_TheEconomist.2024.03.02_page_075_p75_c6",1,True,1.0
What is the title of Mr Sacco's graphic novel?,1,magazine_TheEconomist.2024.03.02_page_075_p75_c1,magazine_TheEconomist.2024.03.02_page_075_p75_c1,1,True,1.0
What is the title of Mr Sacco's graphic novel?,3,magazine_TheEconomist.2024.03.02_page_075_p75_c1,"magazine_TheEconomist.2024.03.02_page_075_p75_c1,magazine_TheEconomist.2024.03.02_page_075_p75_c0,magazine_TheEconomist.2024.03.02_page_075_p75_c5",1,True,1.0
What is the title of Mr Sacco's graphic novel?,5,magazine_TheEconomist.2024.03.02_page_075_p75_c1,"magazine_TheEconomist.2024.03.02_page_075_p75_c1,magazine_TheEconomist.2024.03.02_page_075_p75_c0,magazine_TheEconomist.2024.03.02_page_075_p75_c5,magazine_TheEconomist.2024.03.02_page_075_p75_c3,magazine_TheEconomist.2024.03.02_page_075_p75_c6",1,True,1.0
What event caused a surge in interest for the comic book 'Palestine'?,1,magazine_TheEconomist.2024.03.02_page_075_p75_c2,magazine_TheEconomist.2024.03.02_page_075_p75_c2,1,True,1.0
What event caused a surge in interest for the comic book 'Palestine'?,3,magazine_TheEconomist.2024.03.02_page_075_p75_c2,"magazine_TheEconomist.2024.03.02_page_075_p75_c2,magazine_TheEconomist.2024.03.02_page_075_p75_c0,magazine_TheEconomist.2024.03.02_page_075_p75_c1",1,True,1.0
What event caused a surge in interest for the comic book 'Palestine'?,5,magazine_TheEconomist.2024.03.02_page_075_p75_c2,"magazine_TheEconomist.2024.03.02_page_075_p75_c2,magazine_TheEconomist.2024.03.02_page_075_p75_c0,magazine_TheEconomist.2024.03.02_page_075_p75_c1,magazine_TheEconomist.2024.03.02_page_075_p75_c3,magazine_TheEconomist.2024.03.02_page_075_p75_c5",1,True,1.0
What event is depicted in the old cartoon mentioned?,1,magazine_TheEconomist.2024.03.02_page_075_p75_c3,magazine_TheEconomist.2024.03.02_page_075_p75_c3,1,True,1.0
What event is depicted in the old cartoon mentioned?,3,magazine_TheEconomist.2024.03.02_page_075_p75_c3,"magazine_TheEconomist.2024.03.02_page_075_p75_c3,magazine_TheEconomist.2024.03.02_page_075_p75_c4,magazine_TheEconomist.2024.03.02_page_075_p75_c0",1,True,1.0
What event is depicted in the old cartoon mentioned?,5,magazine_TheEconomist.2024.03.02_page_075_p75_c3,"magazine_TheEconomist.2024.03.02_page_075_p75_c3,magazine_TheEconomist.2024.03.02_page_075_p75_c4,magazine_TheEconomist.2024.03.02_page_075_p75_c0,jiaocaineedrop_jiaocai_needrop_en_453_p453_c1,newspaper_The Globe and Mail - 2025-1-8@magazinesclubnew_page_014_p14_c4",1,True,1.0
What do soldiers brandish in the cartoons?,1,magazine_TheEconomist.2024.03.02_page_075_p75_c4,magazine_TheEconomist.2024.03.02_page_075_p75_c4,1,True,1.0
What do soldiers brandish in the cartoons?,3,magazine_TheEconomist.2024.03.02_page_075_p75_c4,"magazine_TheEconomist.2024.03.02_page_075_p75_c4,magazine_TheEconomist.2024.03.02_page_075_p75_c3,magazine_TheEconomist.2024.03.02_page_075_p75_c5",1,True,1.0
What do soldiers brandish in the cartoons?,5,magazine_TheEconomist.2024.03.02_page_075_p75_c4,"magazine_TheEconomist.2024.03.02_page_075_p75_c4,magazine_TheEconomist.2024.03.02_page_075_p75_c3,magazine_TheEconomist.2024.03.02_page_075_p75_c5,magazine_TheEconomist.2024.03.02_page_075_p75_c0,newspaper_The Globe and Mail - 2025-1-8@magazinesclubnew_page_014_p14_c15",1,True,1.0
What does the old man say about the peace process?,1,magazine_TheEconomist.2024.03.02_page_075_p75_c6,magazine_TheEconomist.2024.03.02_page_075_p75_c6,1,True,1.0
What does the old man say about the peace process?,3,magazine_TheEconomist.2024.03.02_page_075_p75_c6,"magazine_TheEconomist.2024.03.02_page_075_p75_c6,magazine_TheEconomist.2024.03.02_page_075_p75_c5,magazine_TheEconomist.2024.03.02_page_075_p75_c0",1,True,1.0
What does the old man say about the peace process?,5,magazine_TheEconomist.2024.03.02_page_075_p75_c6,"magazine_TheEconomist.2024.03.02_page_075_p75_c6,magazine_TheEconomist.2024.03.02_page_075_p75_c5,magazine_TheEconomist.2024.03.02_page_075_p75_c0,magazine_TheEconomist.2024.03.02_page_075_p75_c4,newspaper_USAToday-2025-01-08@magazinesclubnew_page_021_p21_c7",1,True,1.0
What is the title of Neil MacGregor's bestseller?,1,magazine_TheEconomist.2024.03.02_page_075_p75_c7,magazine_TheEconomist.2024.03.02_page_075_p75_c7,1,True,1.0
What is the title of Neil MacGregor's bestseller?,3,magazine_TheEconomist.2024.03.02_page_075_p75_c7,"magazine_TheEconomist.2024.03.02_page_075_p75_c7,jiaocaineedrop_unit2t03.pdf_63_p63_c0,jiaocaineedrop_unit2t03.pdf_63_p63_c4",1,True,1.0
What is the title of Neil MacGregor's bestseller?,5,magazine_TheEconomist.2024.03.02_page_075_p75_c7,"magazine_TheEconomist.2024.03.02_page_075_p75_c7,jiaocaineedrop_unit2t03.pdf_63_p63_c0,jiaocaineedrop_unit2t03.pdf_63_p63_c4,jiaocaineedrop_unit2t03.pdf_63_p63_c3,magazine_TheEconomist.2024.03.02_page_075_p75_c1",1,True,1.0
What does the book avoid according to the text?,1,magazine_TheEconomist.2024.03.02_page_075_p75_c8,color_textbook_zhonggaokao_小学_13.人教新起点英语（4-5年级）_人教新起点五年级英语下册_课本_人教新起点英语5B电子课本_page_011_p11_c1,0,False,0.0
What does the book avoid according to the text?,3,magazine_TheEconomist.2024.03.02_page_075_p75_c8,"color_textbook_zhonggaokao_小学_13.人教新起点英语（4-5年级）_人教新起点五年级英语下册_课本_人教新起点英语5B电子课本_page_011_p11_c1,magazine_TheEconomist.2024.03.02_page_075_p75_c8,jiaocaineedrop_jiaocai_needrop_en_2193_p2193_c0",2,True,1.0
What does the book avoid according to the text?,5,magazine_TheEconomist.2024.03.02_page_075_p75_c8,"color_textbook_zhonggaokao_小学_13.人教新起点英语（4-5年级）_人教新起点五年级英语下册_课本_人教新起点英语5B电子课本_page_011_p11_c1,magazine_TheEconomist.2024.03.02_page_075_p75_c8,jiaocaineedrop_jiaocai_needrop_en_2193_p2193_c0,magazine_TheEconomist.2024.03.02_page_075_p75_c6,jiaocaineedrop_biz-96816.pdf_48_p48_c5",2,True,1.0
What is the page number for Unit 1 in the document?,1,color_textbook_zhonggaokao_小学_13.人教新起点英语（4-5年级）_人教新起点四年级英语上册_课本_人教新起点英语4A电子课本_page_091_p91_c0,color_textbook_zhonggaokao_小学_13.人教新起点英语（4-5年级）_人教新起点四年级英语上册_课本_人教新起点英语4A电子课本_page_091_p91_c0,1,True,1.0
What is the page number for Unit 1 in the document?,3,color_textbook_zhonggaokao_小学_13.人教新起点英语（4-5年级）_人教新起点四年级英语上册_课本_人教新起点英语4A电子课本_page_091_p91_c0,"color_textbook_zhonggaokao_小学_13.人教新起点英语（4-5年级）_人教新起点四年级英语上册_课本_人教新起点英语4A电子课本_page_091_p91_c0,color_textbook_教材全解1+1二年级上册英语上海牛津版_page_067_p67_c2,newspaper_The Globe and Mail - 2025-1-8@magazinesclubnew_page_014_p14_c0",1,True,1.0
What is the page number for Unit 1 in the document?,5,color_textbook_zhonggaokao_小学_13.人教新起点英语（4-5年级）_人教新起点四年级英语上册_课本_人教新起点英语4A电子课本_page_091_p91_c0,"color_textbook_zhonggaokao_小学_13.人教新起点英语（4-5年级）_人教新起点四年级英语上册_课本_人教新起点英语4A电子课本_page_091_p91_c0,color_textbook_教材全解1+1二年级上册英语上海牛津版_page_067_p67_c2,newspaper_The Globe and Mail - 2025-1-8@magazinesclubnew_page_014_p14_c0,book_zh_CNASGL0092018_extracted_page_73_p73_c0,jiaocaineedrop_jiaocai_needrop_en_3274_p3274_c0",1,True,1.0
What is the main reason they can't go to the zoo today?,1,jiaocaineedrop_jiaocai_needrop_en_961_p961_c0,jiaocaineedrop_jiaocai_needrop_en_961_p961_c0,1,True,1.0
What is the main reason they can't go to the zoo today?,3,jiaocaineedrop_jiaocai_needrop_en_961_p961_c0,"jiaocaineedrop_jiaocai_needrop_en_961_p961_c0,newspaper_The Globe and Mail - 2025-1-8@magazinesclubnew_page_014_p14_c5,newspaper_The Globe and Mail - 2025-1-8@magazinesclubnew_page_014_p14_c4",1,True,1.0
What is the main reason they can't go to the zoo today?,5,jiaocaineedrop_jiaocai_needrop_en_961_p961_c0,"jiaocaineedrop_jiaocai_needrop_en_961_p961_c0,newspaper_The Globe and Mail - 2025-1-8@magazinesclubnew_page_014_p14_c5,newspaper_The Globe and Mail - 2025-1-8@magazinesclubnew_page_014_p14_c4,newspaper_The Globe and Mail - 2025-1-8@magazinesclubnew_page_014_p14_c0,eastmoney_7c25f92e2ab21d83e1eada0e40a68e3151e7c1c2d673ddb12b0242fa3ab931ab.pdf_13_p13_c1",1,True,1.0
Who won the first place in the 'Super Girl' singing competition?,1,jiaocaineedrop_jiaocai_needrop_en_453_p453_c0,jiaocaineedrop_jiaocai_needrop_en_453_p453_c0,1,True,1.0
Who won the first place in the 'Super Girl' singing competition?,3,jiaocaineedrop_jiaocai_needrop_en_453_p453_c0,"jiaocaineedrop_jiaocai_needrop_en_453_p453_c0,newspaper_The Wall Street Journal - 2025-01-08@magazinesclubnew_page_018_p18_c3,newspaper_The Wall Street Journal - 2025-01-08@magazinesclubnew_page_018_p18_c2",1,True,1.0
Who won the first place in the 'Super Girl' singing competition?,5,jiaocaineedrop_jiaocai_needrop_en_453_p453_c0,"jiaocaineedrop_jiaocai_needrop_en_453_p453_c0,newspaper_The Wall Street Journal - 2025-01-08@magazinesclubnew_page_018_p18_c3,newspaper_The Wall Street Journal - 2025-01-08@magazinesclubnew_page_018_p18_c2,newspaper_The Globe and Mail - 2025-1-8@magazinesclubnew_page_014_p14_c9,newspaper_The Globe and Mail - 2025-1-8@magazinesclubnew_page_014_p14_c10",1,True,1.0
What is the correct form of the verb in question 33?,1,jiaocaineedrop_jiaocai_needrop_en_453_p453_c1,jiaocaineedrop_jiaocai_needrop_en_453_p453_c1,1,True,1.0
What is the correct form of the verb in question 33?,3,jiaocaineedrop_jiaocai_needrop_en_453_p453_c1,"jiaocaineedrop_jiaocai_needrop_en_453_p453_c1,exam_paper_2004-2019上海高考英语听力原文和答案_page_017_p17_c0,newspaper_The Globe and Mail - 2025-1-8@magazinesclubnew_page_014_p14_c15",1,True,1.0
What is the correct form of the verb in question 33?,5,jiaocaineedrop_jiaocai_needrop_en_453_p453_c1,"jiaocaineedrop_jiaocai_needrop_en_453_p453_c1,exam_paper_2004-2019上海高考英语听力原文和答案_page_017_p17_c0,newspaper_The Globe and Mail - 2025-1-8@magazinesclubnew_page_014_p14_c15,notes_f7f010b78016aeebd76e56d9283eb67f_72_p72_c0,newspaper_The Globe and Mail - 2025-1-8@magazinesclubnew_page_014_p14_c16",1,True,1.0
What did the brother have in his hand?,1,jiaocaineedrop_jiaocai_needrop_en_453_p453_c2,jiaocaineedrop_jiaocai_needrop_en_453_p453_c3,0,False,0.0
What did the brother have in his hand?,3,jiaocaineedrop_jiaocai_needrop_en_453_p453_c2,"jiaocaineedrop_jiaocai_needrop_en_453_p453_c3,jiaocaineedrop_jiaocai_needrop_en_453_p453_c2,jiaocaineedrop_jiaocai_needrop_en_1836_p1836_c2",2,True,1.0
What did the brother have in his hand?,5,jiaocaineedrop_jiaocai_needrop_en_453_p453_c2,"jiaocaineedrop_jiaocai_needrop_en_453_p453_c3,jiaocaineedrop_jiaocai_needrop_en_453_p453_c2,jiaocaineedrop_jiaocai_needrop_en_1836_p1836_c2,newspaper_Daily Mirror 2025-1-8@magazinesclubnew_page_058_p58_c1,newspaper_Daily Mirror 2025-1-8@magazinesclubnew_page_058_p58_c0",2,True,1.0
What year and age did John write in the hymnal?,1,jiaocaineedrop_jiaocai_needrop_en_453_p453_c3,jiaocaineedrop_jiaocai_needrop_en_453_p453_c3,1,True,1.0
What year and age did John write in the hymnal?,3,jiaocaineedrop_jiaocai_needrop_en_453_p453_c3,"jiaocaineedrop_jiaocai_needrop_en_453_p453_c3,jiaocaineedrop_unit2t03.pdf_63_p63_c2,jiaocaineedrop_unit2t03.pdf_63_p63_c3",1,True,1.0
What year and age did John write in the hymnal?,5,jiaocaineedrop_jiaocai_needrop_en_453_p453_c3,"jiaocaineedrop_jiaocai_needrop_en_453_p453_c3,jiaocaineedrop_unit2t03.pdf_63_p63_c2,jiaocaineedrop_unit2t03.pdf_63_p63_c3,jiaocaineedrop_unit2t03.pdf_63_p63_c1,jiaocaineedrop_unit2t03.pdf_63_p63_c4",1,True,1.0
客服电话的营业时间是什么时候？,1,jiaocaineedrop_jiaocai_needrop_en_453_p453_c4,jiaocaineedrop_jiaocai_needrop_en_453_p453_c3,0,False,0.0
客服电话的营业时间是什么时候？,3,jiaocaineedrop_jiaocai_needrop_en_453_p453_c4,"jiaocaineedrop_jiaocai_needrop_en_453_p453_c3,eastmoney_f671ab94bf8b8274d6736f1a3dc775b3b74fa68686df2946aa5307b6b2a32062.pdf_18_p18_c2,jiaocaineedrop_jiaocai_needrop_en_453_p453_c4",3,True,1.0
客服电话的营业时间是什么时候？,5,jiaocaineedrop_jiaocai_needrop_en_453_p453_c4,"jiaocaineedrop_jiaocai_needrop_en_453_p453_c3,eastmoney_f671ab94bf8b8274d6736f1a3dc775b3b74fa68686df2946aa5307b6b2a32062.pdf_18_p18_c2,jiaocaineedrop_jiaocai_needrop_en_453_p453_c4,yanbaopptmerge_5473246b8da789b9bfdeef53a70c4d72afd480415d5cbcedb83d105856710328.pdf_8_p8_c3,eastmoney_d2bb183f5254ede5760932ac3118524aa7eddad551935713b435541f1525c1ee.pdf_7_p7_c2",3,True,1.0
哪些动物属于脊椎动物亚门？,1,yanbaopptmerge_yanbaoPPT_725_p725_c0,yanbaopptmerge_yanbaoPPT_725_p725_c0,1,True,1.0
哪些动物属于脊椎动物亚门？,3,yanbaopptmerge_yanbaoPPT_725_p725_c0,"yanbaopptmerge_yanbaoPPT_725_p725_c0,color_textbook_zhonggaokao_小学_KET听说读写逐项突破_KET听说读写逐项突破之轻松搞定KET写作25分 【10讲 褚连一】_第10讲第十课写作Part9小作文练习_第十课写作Part9小作文练习_page_010_p10_c1,newspaper_2a6b4fa088699701a6fa9ccecfb5c25d_3_p3_c2",1,True,1.0
哪些动物属于脊椎动物亚门？,5,yanbaopptmerge_yanbaoPPT_725_p725_c0,"yanbaopptmerge_yanbaoPPT_725_p725_c0,color_textbook_zhonggaokao_小学_KET听说读写逐项突破_KET听说读写逐项突破之轻松搞定KET写作25分 【10讲 褚连一】_第10讲第十课写作Part9小作文练习_第十课写作Part9小作文练习_page_010_p10_c1,newspaper_2a6b4fa088699701a6fa9ccecfb5c25d_3_p3_c2,newspaper_The Wall Street Journal - 2025-01-08@magazinesclubnew_page_018_p18_c2,newspaper_2a6b4fa088699701a6fa9ccecfb5c25d_3_p3_c3",1,True,1.0
What fraction of the coins that he picked were nickels?,1,jiaocaineedrop_Chapter9.pdf_46_p46_c0,jiaocaineedrop_Chapter9.pdf_46_p46_c0,1,True,1.0
What fraction of the coins that he picked were nickels?,3,jiaocaineedrop_Chapter9.pdf_46_p46_c0,"jiaocaineedrop_Chapter9.pdf_46_p46_c0,jiaocaineedrop_Chapter9.pdf_46_p46_c1,jiaocaineedrop_Chapter9.pdf_46_p46_c2",1,True,1.0
What fraction of the coins that he picked were nickels?,5,jiaocaineedrop_Chapter9.pdf_46_p46_c0,"jiaocaineedrop_Chapter9.pdf_46_p46_c0,jiaocaineedrop_Chapter9.pdf_46_p46_c1,jiaocaineedrop_Chapter9.pdf_46_p46_c2,newspaper_The Globe and Mail - 2025-1-8@magazinesclubnew_page_014_p14_c12,newspaper_The Globe and Mail - 2025-1-8@magazinesclubnew_page_014_p14_c8",1,True,1.0
What fraction of the cake remains after it is eaten?,1,jiaocaineedrop_Chapter9.pdf_46_p46_c1,jiaocaineedrop_Chapter9.pdf_46_p46_c0,0,False,0.0
What fraction of the cake remains after it is eaten?,3,jiaocaineedrop_Chapter9.pdf_46_p46_c1,"jiaocaineedrop_Chapter9.pdf_46_p46_c0,jiaocaineedrop_Chapter9.pdf_46_p46_c1,yanbaopptmerge_3aa9b6677e17fd012b0a7a230b9f18db.pdf_1327_p1327_c0",2,True,1.0
What fraction of the cake remains after it is eaten?,5,jiaocaineedrop_Chapter9.pdf_46_p46_c1,"jiaocaineedrop_Chapter9.pdf_46_p46_c0,jiaocaineedrop_Chapter9.pdf_46_p46_c1,yanbaopptmerge_3aa9b6677e17fd012b0a7a230b9f18db.pdf_1327_p1327_c0,jiaocaineedrop_Chapter9.pdf_46_p46_c2,exam_paper_2004-2019上海高考英语听力原文和答案_page_017_p17_c1",2,True,1.0
What is the fraction of the number of bills that Bree received for her birthday that were $10 or $20 bills?,1,jiaocaineedrop_Chapter9.pdf_46_p46_c2,jiaocaineedrop_Chapter9.pdf_46_p46_c2,1,True,1.0
What is the fraction of the number of bills that Bree received for her birthday that were $10 or $20 bills?,3,jiaocaineedrop_Chapter9.pdf_46_p46_c2,"jiaocaineedrop_Chapter9.pdf_46_p46_c2,jiaocaineedrop_Chapter9.pdf_46_p46_c1,docstructbench_dianzishu_zhongwenzaixian-o.O-61323717.pdf_203_p203_c2",1,True,1.0
What is the fraction of the number of bills that Bree received for her birthday that were $10 or $20 bills?,5,jiaocaineedrop_Chapter9.pdf_46_p46_c2,"jiaocaineedrop_Chapter9.pdf_46_p46_c2,jiaocaineedrop_Chapter9.pdf_46_p46_c1,docstructbench_dianzishu_zhongwenzaixian-o.O-61323717.pdf_203_p203_c2,newspaper_The Globe and Mail - 2025-1-8@magazinesclubnew_page_014_p14_c1,docstructbench_llm-raw-scihub-o.O-j.chroma.2005.03.134.pdf_6_p6_c3",1,True,1.0
What is the approximate area under the curve using 4 rectangles?,1,PPT_fundamental_theorem_of_calculus___page_002_p2_c0,PPT_fundamental_theorem_of_calculus___page_002_p2_c0,1,True,1.0
What is the approximate area under the curve using 4 rectangles?,3,PPT_fundamental_theorem_of_calculus___page_002_p2_c0,"PPT_fundamental_theorem_of_calculus___page_002_p2_c0,exam_paper_en-file-putnam-archive_2000_Solutions_2000s_page_001_p1_c4,jiaocaineedrop_jiaocai_needrop_en_2893_p2893_c1",1,True,1.0
What is the approximate area under the curve using 4 rectangles?,5,PPT_fundamental_theorem_of_calculus___page_002_p2_c0,"PPT_fundamental_theorem_of_calculus___page_002_p2_c0,exam_paper_en-file-putnam-archive_2000_Solutions_2000s_page_001_p1_c4,jiaocaineedrop_jiaocai_needrop_en_2893_p2893_c1,jiaocaineedrop_jiaocai_needrop_en_1564_p1564_c1,exam_paper_en-file-putnam-archive_1998_Solutions_1998s_page_002_p2_c1",1,True,1.0
港口建设对区域协调发展有何影响？,1,notes_1ba14cb325bc448f7201b20502ecf2b5_118_p118_c0,notes_1ba14cb325bc448f7201b20502ecf2b5_118_p118_c0,1,True,1.0
港口建设对区域协调发展有何影响？,3,notes_1ba14cb325bc448f7201b20502ecf2b5_118_p118_c0,"notes_1ba14cb325bc448f7201b20502ecf2b5_118_p118_c0,notes_1ba14cb325bc448f7201b20502ecf2b5_33_p33_c0,yanbaor2_yanbaoPPT_467_p467_c0",1,True,1.0
港口建设对区域协调发展有何影响？,5,notes_1ba14cb325bc448f7201b20502ecf2b5_118_p118_c0,"notes_1ba14cb325bc448f7201b20502ecf2b5_118_p118_c0,notes_1ba14cb325bc448f7201b20502ecf2b5_33_p33_c0,yanbaor2_yanbaoPPT_467_p467_c0,newspaper_35bdaa11dec104ccbdc9e19ac8527d21_1_p1_c1,yanbaor2_ea86fd46182ff9b675775645ecaf43782b996ffaeeb09c679f56a47aabfbf6b7.pdf_9_p9_c0",1,True,1.0
What is the 2023E EPS for 奥普特?,1,yanbaopptmerge_2f4902871606698497c53ccb18d3fec2f83d05047d883cd65bbce26bfb27bcd2.pdf_1_p1_c0,yanbaopptmerge_2f4902871606698497c53ccb18d3fec2f83d05047d883cd65bbce26bfb27bcd2.pdf_1_p1_c0,1,True,1.0
What is the 2023E EPS for 奥普特?,3,yanbaopptmerge_2f4902871606698497c53ccb18d3fec2f83d05047d883cd65bbce26bfb27bcd2.pdf_1_p1_c0,"yanbaopptmerge_2f4902871606698497c53ccb18d3fec2f83d05047d883cd65bbce26bfb27bcd2.pdf_1_p1_c0,yanbaopptmerge_51e549c0d1a2669ac976409fcf99ce91908b1e0a07f0fc70d92263abf6d07f18.pdf_1_p1_c0,yanbaopptmerge_ee19df4a08e3d07ac1190446f5b3dd3f25438c661b87cf4fbb9040ac5fac443b.pdf_1_p1_c1",1,True,1.0
What is the 2023E EPS for 奥普特?,5,yanbaopptmerge_2f4902871606698497c53ccb18d3fec2f83d05047d883cd65bbce26bfb27bcd2.pdf_1_p1_c0,"yanbaopptmerge_2f4902871606698497c53ccb18d3fec2f83d05047d883cd65bbce26bfb27bcd2.pdf_1_p1_c0,yanbaopptmerge_51e549c0d1a2669ac976409fcf99ce91908b1e0a07f0fc70d92263abf6d07f18.pdf_1_p1_c0,yanbaopptmerge_ee19df4a08e3d07ac1190446f5b3dd3f25438c661b87cf4fbb9040ac5fac443b.pdf_1_p1_c1,yanbaopptmerge_ee19df4a08e3d07ac1190446f5b3dd3f25438c661b87cf4fbb9040ac5fac443b.pdf_1_p1_c0,eastmoney_03e39833d520af7d1abb96dd624dcd15f2b57d061969d196e80922e2f590503f.pdf_22_p22_c0",1,True,1.0
What is the stock price of 联赢激光?,1,yanbaopptmerge_2f4902871606698497c53ccb18d3fec2f83d05047d883cd65bbce26bfb27bcd2.pdf_1_p1_c2,yanbaopptmerge_2f4902871606698497c53ccb18d3fec2f83d05047d883cd65bbce26bfb27bcd2.pdf_1_p1_c3,0,False,0.0
What is the stock price of 联赢激光?,3,yanbaopptmerge_2f4902871606698497c53ccb18d3fec2f83d05047d883cd65bbce26bfb27bcd2.pdf_1_p1_c2,"yanbaopptmerge_2f4902871606698497c53ccb18d3fec2f83d05047d883cd65bbce26bfb27bcd2.pdf_1_p1_c3,yanbaopptmerge_2f4902871606698497c53ccb18d3fec2f83d05047d883cd65bbce26bfb27bcd2.pdf_1_p1_c2,yanbaopptmerge_baa6d02928efcac46ccf7dfd3859de565cfb0bea918ae0ec0eed50944a7c20b4.pdf_11_p11_c2",2,True,1.0
What is the stock price of 联赢激光?,5,yanbaopptmerge_2f4902871606698497c53ccb18d3fec2f83d05047d883cd65bbce26bfb27bcd2.pdf_1_p1_c2,"yanbaopptmerge_2f4902871606698497c53ccb18d3fec2f83d05047d883cd65bbce26bfb27bcd2.pdf_1_p1_c3,yanbaopptmerge_2f4902871606698497c53ccb18d3fec2f83d05047d883cd65bbce26bfb27bcd2.pdf_1_p1_c2,yanbaopptmerge_baa6d02928efcac46ccf7dfd3859de565cfb0bea918ae0ec0eed50944a7c20b4.pdf_11_p11_c2,eastmoney_e42b6e1cd2d48113ff4db8854e539d828d632bf9b1757e10cb8ddb2cfc7b1393.pdf_12_p12_c1,yanbaopptmerge_2f4902871606698497c53ccb18d3fec2f83d05047d883cd65bbce26bfb27bcd2.pdf_1_p1_c4",2,True,1.0
What is the highest price increase percentage for the company with code 300416?,1,yanbaopptmerge_2f4902871606698497c53ccb18d3fec2f83d05047d883cd65bbce26bfb27bcd2.pdf_1_p1_c3,yanbaopptmerge_2f4902871606698497c53ccb18d3fec2f83d05047d883cd65bbce26bfb27bcd2.pdf_1_p1_c3,1,True,1.0
What is the highest price increase percentage for the company with code 300416?,3,yanbaopptmerge_2f4902871606698497c53ccb18d3fec2f83d05047d883cd65bbce26bfb27bcd2.pdf_1_p1_c3,"yanbaopptmerge_2f4902871606698497c53ccb18d3fec2f83d05047d883cd65bbce26bfb27bcd2.pdf_1_p1_c3,yanbaopptmerge_2f4902871606698497c53ccb18d3fec2f83d05047d883cd65bbce26bfb27bcd2.pdf_1_p1_c4,yanbaopptmerge_2f4902871606698497c53ccb18d3fec2f83d05047d883cd65bbce26bfb27bcd2.pdf_1_p1_c1",1,True,1.0
What is the highest price increase percentage for the company with code 300416?,5,yanbaopptmerge_2f4902871606698497c53ccb18d3fec2f83d05047d883cd65bbce26bfb27bcd2.pdf_1_p1_c3,"yanbaopptmerge_2f4902871606698497c53ccb18d3fec2f83d05047d883cd65bbce26bfb27bcd2.pdf_1_p1_c3,yanbaopptmerge_2f4902871606698497c53ccb18d3fec2f83d05047d883cd65bbce26bfb27bcd2.pdf_1_p1_c4,yanbaopptmerge_2f4902871606698497c53ccb18d3fec2f83d05047d883cd65bbce26bfb27bcd2.pdf_1_p1_c1,yanbaopptmerge_2f4902871606698497c53ccb18d3fec2f83d05047d883cd65bbce26bfb27bcd2.pdf_1_p1_c2,eastmoney_7c25f92e2ab21d83e1eada0e40a68e3151e7c1c2d673ddb12b0242fa3ab931ab.pdf_13_p13_c0",1,True,1.0
该股票的代码是什么？,1,yanbaopptmerge_2f4902871606698497c53ccb18d3fec2f83d05047d883cd65bbce26bfb27bcd2.pdf_1_p1_c4,yanbaopptmerge_51e549c0d1a2669ac976409fcf99ce91908b1e0a07f0fc70d92263abf6d07f18.pdf_1_p1_c1,0,False,0.0
该股票的代码是什么？,3,yanbaopptmerge_2f4902871606698497c53ccb18d3fec2f83d05047d883cd65bbce26bfb27bcd2.pdf_1_p1_c4,"yanbaopptmerge_51e549c0d1a2669ac976409fcf99ce91908b1e0a07f0fc70d92263abf6d07f18.pdf_1_p1_c1,yanbaopptmerge_baa6d02928efcac46ccf7dfd3859de565cfb0bea918ae0ec0eed50944a7c20b4.pdf_11_p11_c2,yanbaopptmerge_2f4902871606698497c53ccb18d3fec2f83d05047d883cd65bbce26bfb27bcd2.pdf_1_p1_c0",0,False,0.0
该股票的代码是什么？,5,yanbaopptmerge_2f4902871606698497c53ccb18d3fec2f83d05047d883cd65bbce26bfb27bcd2.pdf_1_p1_c4,"yanbaopptmerge_51e549c0d1a2669ac976409fcf99ce91908b1e0a07f0fc70d92263abf6d07f18.pdf_1_p1_c1,yanbaopptmerge_baa6d02928efcac46ccf7dfd3859de565cfb0bea918ae0ec0eed50944a7c20b4.pdf_11_p11_c2,yanbaopptmerge_2f4902871606698497c53ccb18d3fec2f83d05047d883cd65bbce26bfb27bcd2.pdf_1_p1_c0,yanbaopptmerge_ee19df4a08e3d07ac1190446f5b3dd3f25438c661b87cf4fbb9040ac5fac443b.pdf_1_p1_c2,eastmoney_dd8f39ced2188b907304224a635ad605689270486020c34636003e57018c01d8.pdf_2_p2_c0",0,False,0.0
盐附子的表面特征是什么？,1,docstructbench_dianzishu_zhongwenzaixian-o.O-61570552.pdf_129_p129_c0,docstructbench_dianzishu_zhongwenzaixian-o.O-61570552.pdf_129_p129_c0,1,True,1.0
盐附子的表面特征是什么？,3,docstructbench_dianzishu_zhongwenzaixian-o.O-61570552.pdf_129_p129_c0,"docstructbench_dianzishu_zhongwenzaixian-o.O-61570552.pdf_129_p129_c0,docstructbench_dianzishu_zhongwenzaixian-o.O-61570552.pdf_129_p129_c1,jiaocaineedrop_c2-ma-11-q-11-cl.pdf_2_p2_c0",1,True,1.0
盐附子的表面特征是什么？,5,docstructbench_dianzishu_zhongwenzaixian-o.O-61570552.pdf_129_p129_c0,"docstructbench_dianzishu_zhongwenzaixian-o.O-61570552.pdf_129_p129_c0,docstructbench_dianzishu_zhongwenzaixian-o.O-61570552.pdf_129_p129_c1,jiaocaineedrop_c2-ma-11-q-11-cl.pdf_2_p2_c0,docstructbench_llm-raw-scihub-o.O-j.apcata.2006.05.010.pdf_2_p2_c5,jiaocaineedrop_jiaocai_needrop_en_2193_p2193_c0",1,True,1.0
干姜的采收加工方法是什么？,1,docstructbench_dianzishu_zhongwenzaixian-o.O-61570552.pdf_129_p129_c1,docstructbench_dianzishu_zhongwenzaixian-o.O-61570552.pdf_129_p129_c1,1,True,1.0
干姜的采收加工方法是什么？,3,docstructbench_dianzishu_zhongwenzaixian-o.O-61570552.pdf_129_p129_c1,"docstructbench_dianzishu_zhongwenzaixian-o.O-61570552.pdf_129_p129_c1,docstructbench_dianzishu_zhongwenzaixian-o.O-61570552.pdf_129_p129_c0,newspaper_35bdaa11dec104ccbdc9e19ac8527d21_1_p1_c5",1,True,1.0
干姜的采收加工方法是什么？,5,docstructbench_dianzishu_zhongwenzaixian-o.O-61570552.pdf_129_p129_c1,"docstructbench_dianzishu_zhongwenzaixian-o.O-61570552.pdf_129_p129_c1,docstructbench_dianzishu_zhongwenzaixian-o.O-61570552.pdf_129_p129_c0,newspaper_35bdaa11dec104ccbdc9e19ac8527d21_1_p1_c5,newspaper_35bdaa11dec104ccbdc9e19ac8527d21_1_p1_c6,docstructbench_llm-raw-scihub-o.O-j.chroma.2005.05.085.pdf_4_p4_c7",1,True,1.0
What did Lula claim about the Palestinian situation in his press conference?,1,magazine_TheEconomist.2024.03.02_page_028_p28_c0,magazine_TheEconomist.2024.03.02_page_028_p28_c0,1,True,1.0
What did Lula claim about the Palestinian situation in his press conference?,3,magazine_TheEconomist.2024.03.02_page_028_p28_c0,"magazine_TheEconomist.2024.03.02_page_028_p28_c0,magazine_TheEconomist.2024.03.02_page_028_p28_c1,magazine_TheEconomist.2024.03.02_page_028_p28_c2",1,True,1.0
What did Lula claim about the Palestinian situation in his press conference?,5,magazine_TheEconomist.2024.03.02_page_028_p28_c0,"magazine_TheEconomist.2024.03.02_page_028_p28_c0,magazine_TheEconomist.2024.03.02_page_028_p28_c1,magazine_TheEconomist.2024.03.02_page_028_p28_c2,magazine_TheEconomist.2024.03.02_page_028_p28_c4,magazine_TheEconomist.2024.03.02_page_028_p28_c3",1,True,1.0
What did Hamas call Lula's comments?,1,magazine_TheEconomist.2024.03.02_page_028_p28_c1,magazine_TheEconomist.2024.03.02_page_028_p28_c1,1,True,1.0
What did Hamas call Lula's comments?,3,magazine_TheEconomist.2024.03.02_page_028_p28_c1,"magazine_TheEconomist.2024.03.02_page_028_p28_c1,magazine_TheEconomist.2024.03.02_page_028_p28_c0,magazine_TheEconomist.2024.03.02_page_028_p28_c2",1,True,1.0
What did Hamas call Lula's comments?,5,magazine_TheEconomist.2024.03.02_page_028_p28_c1,"magazine_TheEconomist.2024.03.02_page_028_p28_c1,magazine_TheEconomist.2024.03.02_page_028_p28_c0,magazine_TheEconomist.2024.03.02_page_028_p28_c2,magazine_TheEconomist.2024.03.02_page_028_p28_c3,magazine_TheEconomist.2023.12.23_page_012_p12_c0",1,True,1.0
What did Lula say about Mr Putin attending the G20 summit?,1,magazine_TheEconomist.2024.03.02_page_028_p28_c2,magazine_TheEconomist.2024.03.02_page_028_p28_c2,1,True,1.0
What did Lula say about Mr Putin attending the G20 summit?,3,magazine_TheEconomist.2024.03.02_page_028_p28_c2,"magazine_TheEconomist.2024.03.02_page_028_p28_c2,magazine_TheEconomist.2024.03.02_page_028_p28_c1,magazine_TheEconomist.2023.12.23_page_012_p12_c0",1,True,1.0
What did Lula say about Mr Putin attending the G20 summit?,5,magazine_TheEconomist.2024.03.02_page_028_p28_c2,"magazine_TheEconomist.2024.03.02_page_028_p28_c2,magazine_TheEconomist.2024.03.02_page_028_p28_c1,magazine_TheEconomist.2023.12.23_page_012_p12_c0,magazine_TheEconomist.2024.03.02_page_028_p28_c0,magazine_TheEconomist.2024.03.02_page_028_p28_c3",1,True,1.0
Which country has become the world’s biggest buyer of Russian diesel?,1,magazine_TheEconomist.2024.03.02_page_028_p28_c3,magazine_TheEconomist.2024.03.02_page_028_p28_c3,1,True,1.0
Which country has become the world’s biggest buyer of Russian diesel?,3,magazine_TheEconomist.2024.03.02_page_028_p28_c3,"magazine_TheEconomist.2024.03.02_page_028_p28_c3,magazine_TheEconomist.2024.03.02_page_028_p28_c2,magazine_TheEconomist.2023.12.23_page_012_p12_c0",1,True,1.0
Which country has become the world’s biggest buyer of Russian diesel?,5,magazine_TheEconomist.2024.03.02_page_028_p28_c3,"magazine_TheEconomist.2024.03.02_page_028_p28_c3,magazine_TheEconomist.2024.03.02_page_028_p28_c2,magazine_TheEconomist.2023.12.23_page_012_p12_c0,yanbaor2_89c3718f5a45179ef57a5063c6df36fc2c9b7e3ab4275f4905ed89f1c17232ea.pdf_14_p14_c1,magazine_TheEconomist.2023.12.23_page_012_p12_c1",1,True,1.0
What did Lula want Brazil to be according to the text?,1,magazine_TheEconomist.2024.03.02_page_028_p28_c4,magazine_TheEconomist.2024.03.02_page_028_p28_c4,1,True,1.0
What did Lula want Brazil to be according to the text?,3,magazine_TheEconomist.2024.03.02_page_028_p28_c4,"magazine_TheEconomist.2024.03.02_page_028_p28_c4,magazine_TheEconomist.2024.03.02_page_028_p28_c0,magazine_TheEconomist.2024.03.02_page_028_p28_c2",1,True,1.0
What did Lula want Brazil to be according to the text?,5,magazine_TheEconomist.2024.03.02_page_028_p28_c4,"magazine_TheEconomist.2024.03.02_page_028_p28_c4,magazine_TheEconomist.2024.03.02_page_028_p28_c0,magazine_TheEconomist.2024.03.02_page_028_p28_c2,magazine_TheEconomist.2023.12.23_page_012_p12_c0,magazine_TheEconomist.2024.03.02_page_028_p28_c3",1,True,1.0
Who is being tried for drug trafficking in New York?,1,magazine_TheEconomist.2024.03.02_page_028_p28_c5,magazine_TheEconomist.2024.03.02_page_028_p28_c5,1,True,1.0
Who is being tried for drug trafficking in New York?,3,magazine_TheEconomist.2024.03.02_page_028_p28_c5,"magazine_TheEconomist.2024.03.02_page_028_p28_c5,magazine_TheEconomist.2024.03.02_page_028_p28_c6,newspaper_The Wall Street Journal - 2025-01-08@magazinesclubnew_page_018_p18_c2",1,True,1.0
Who is being tried for drug trafficking in New York?,5,magazine_TheEconomist.2024.03.02_page_028_p28_c5,"magazine_TheEconomist.2024.03.02_page_028_p28_c5,magazine_TheEconomist.2024.03.02_page_028_p28_c6,newspaper_The Wall Street Journal - 2025-01-08@magazinesclubnew_page_018_p18_c2,magazine_TheEconomist.2024.03.02_page_028_p28_c8,magazine_TheEconomist.2024.03.02_page_028_p28_c7",1,True,1.0
What did federal prosecutors claim Mr Hernández pretended to support?,1,magazine_TheEconomist.2024.03.02_page_028_p28_c6,magazine_TheEconomist.2024.03.02_page_028_p28_c6,1,True,1.0
What did federal prosecutors claim Mr Hernández pretended to support?,3,magazine_TheEconomist.2024.03.02_page_028_p28_c6,"magazine_TheEconomist.2024.03.02_page_028_p28_c6,magazine_TheEconomist.2024.03.02_page_028_p28_c5,magazine_TheEconomist.2024.03.02_page_028_p28_c4",1,True,1.0
What did federal prosecutors claim Mr Hernández pretended to support?,5,magazine_TheEconomist.2024.03.02_page_028_p28_c6,"magazine_TheEconomist.2024.03.02_page_028_p28_c6,magazine_TheEconomist.2024.03.02_page_028_p28_c5,magazine_TheEconomist.2024.03.02_page_028_p28_c4,magazine_TheEconomist.2024.03.02_page_028_p28_c7,magazine_TheEconomist.2024.03.02_page_028_p28_c8",1,True,1.0
Who was hailed as a 'Supercop' before being arrested?,1,magazine_TheEconomist.2024.03.02_page_028_p28_c7,magazine_TheEconomist.2024.03.02_page_028_p28_c8,0,False,0.0
Who was hailed as a 'Supercop' before being arrested?,3,magazine_TheEconomist.2024.03.02_page_028_p28_c7,"magazine_TheEconomist.2024.03.02_page_028_p28_c8,magazine_TheEconomist.2024.03.02_page_028_p28_c7,magazine_TheEconomist.2024.03.02_page_028_p28_c2",2,True,1.0
Who was hailed as a 'Supercop' before being arrested?,5,magazine_TheEconomist.2024.03.02_page_028_p28_c7,"magazine_TheEconomist.2024.03.02_page_028_p28_c8,magazine_TheEconomist.2024.03.02_page_028_p28_c7,magazine_TheEconomist.2024.03.02_page_028_p28_c2,magazine_TheEconomist.2024.03.02_page_028_p28_c10,magazine_TheEconomist.2024.03.02_page_028_p28_c5",2,True,1.0
What policy did President Andrés Manuel López Obrador adopt to reduce Mexico's homicide rate?,1,magazine_TheEconomist.2024.03.02_page_028_p28_c8,magazine_TheEconomist.2024.03.02_page_028_p28_c8,1,True,1.0
What policy did President Andrés Manuel López Obrador adopt to reduce Mexico's homicide rate?,3,magazine_TheEconomist.2024.03.02_page_028_p28_c8,"magazine_TheEconomist.2024.03.02_page_028_p28_c8,magazine_TheEconomist.2024.03.02_page_028_p28_c9,newspaper_2a6b4fa088699701a6fa9ccecfb5c25d_3_p3_c10",1,True,1.0
What policy did President Andrés Manuel López Obrador adopt to reduce Mexico's homicide rate?,5,magazine_TheEconomist.2024.03.02_page_028_p28_c8,"magazine_TheEconomist.2024.03.02_page_028_p28_c8,magazine_TheEconomist.2024.03.02_page_028_p28_c9,newspaper_2a6b4fa088699701a6fa9ccecfb5c25d_3_p3_c10,magazine_TheEconomist.2024.03.02_page_028_p28_c7,magazine_TheEconomist.2024.03.02_page_028_p28_c10",1,True,1.0
What did Mr López Obrador accuse the United States of doing?,1,magazine_TheEconomist.2024.03.02_page_028_p28_c9,magazine_TheEconomist.2024.03.02_page_028_p28_c9,1,True,1.0
What did Mr López Obrador accuse the United States of doing?,3,magazine_TheEconomist.2024.03.02_page_028_p28_c9,"magazine_TheEconomist.2024.03.02_page_028_p28_c9,magazine_TheEconomist.2024.03.02_page_028_p28_c8,magazine_TheEconomist.2024.03.02_page_028_p28_c6",1,True,1.0
What did Mr López Obrador accuse the United States of doing?,5,magazine_TheEconomist.2024.03.02_page_028_p28_c9,"magazine_TheEconomist.2024.03.02_page_028_p28_c9,magazine_TheEconomist.2024.03.02_page_028_p28_c8,magazine_TheEconomist.2024.03.02_page_028_p28_c6,magazine_TheEconomist.2024.03.02_page_028_p28_c3,magazine_TheEconomist.2024.03.02_page_028_p28_c10",1,True,1.0
Who is the leftist president of the country that produces about 60% of the world's coca?,1,magazine_TheEconomist.2024.03.02_page_028_p28_c10,magazine_TheEconomist.2024.03.02_page_028_p28_c9,0,False,0.0
Who is the leftist president of the country that produces about 60% of the world's coca?,3,magazine_TheEconomist.2024.03.02_page_028_p28_c10,"magazine_TheEconomist.2024.03.02_page_028_p28_c9,magazine_TheEconomist.2024.03.02_page_028_p28_c10,magazine_TheEconomist.2024.03.02_page_028_p28_c8",2,True,1.0
Who is the leftist president of the country that produces about 60% of the world's coca?,5,magazine_TheEconomist.2024.03.02_page_028_p28_c10,"magazine_TheEconomist.2024.03.02_page_028_p28_c9,magazine_TheEconomist.2024.03.02_page_028_p28_c10,magazine_TheEconomist.2024.03.02_page_028_p28_c8,magazine_TheEconomist.2024.03.02_page_028_p28_c5,magazine_TheEconomist.2024.03.02_page_028_p28_c3",2,True,1.0
What role did Honduras play in the drug war?,1,magazine_TheEconomist.2024.03.02_page_028_p28_c11,magazine_TheEconomist.2024.03.02_page_028_p28_c11,1,True,1.0
What role did Honduras play in the drug war?,3,magazine_TheEconomist.2024.03.02_page_028_p28_c11,"magazine_TheEconomist.2024.03.02_page_028_p28_c11,magazine_TheEconomist.2024.03.02_page_028_p28_c5,magazine_TheEconomist.2024.03.02_page_028_p28_c8",1,True,1.0
What role did Honduras play in the drug war?,5,magazine_TheEconomist.2024.03.02_page_028_p28_c11,"magazine_TheEconomist.2024.03.02_page_028_p28_c11,magazine_TheEconomist.2024.03.02_page_028_p28_c5,magazine_TheEconomist.2024.03.02_page_028_p28_c8,magazine_TheEconomist.2024.03.02_page_028_p28_c9,magazine_TheEconomist.2024.03.02_page_028_p28_c10",1,True,1.0
配制重铬酸钾标准溶液所用容量瓶的最大允许差是多少？,1,book_zh_CNASGL0092018_extracted_page_69_p69_c0,book_zh_CNASGL0092018_extracted_page_69_p69_c1,0,False,0.0
配制重铬酸钾标准溶液所用容量瓶的最大允许差是多少？,3,book_zh_CNASGL0092018_extracted_page_69_p69_c0,"book_zh_CNASGL0092018_extracted_page_69_p69_c1,book_zh_CNASGL0092018_extracted_page_69_p69_c0,book_zh_CNASGL0092018_extracted_page_69_p69_c2",2,True,1.0
配制重铬酸钾标准溶液所用容量瓶的最大允许差是多少？,5,book_zh_CNASGL0092018_extracted_page_69_p69_c0,"book_zh_CNASGL0092018_extracted_page_69_p69_c1,book_zh_CNASGL0092018_extracted_page_69_p69_c0,book_zh_CNASGL0092018_extracted_page_69_p69_c2,book_zh_CNASGL0092018_extracted_page_69_p69_c3,docstructbench_dianzishu_zhongwenzaixian-o.O-60403612.pdf_179_p179_c2",2,True,1.0
标定时分取重铬酸钾标准溶液引入的相对标准不确定度分量是什么？,1,book_zh_CNASGL0092018_extracted_page_69_p69_c3,book_zh_CNASGL0092018_extracted_page_69_p69_c1,0,False,0.0
标定时分取重铬酸钾标准溶液引入的相对标准不确定度分量是什么？,3,book_zh_CNASGL0092018_extracted_page_69_p69_c3,"book_zh_CNASGL0092018_extracted_page_69_p69_c1,book_zh_CNASGL0092018_extracted_page_69_p69_c2,book_zh_CNASGL0092018_extracted_page_69_p69_c0",0,False,0.0
标定时分取重铬酸钾标准溶液引入的相对标准不确定度分量是什么？,5,book_zh_CNASGL0092018_extracted_page_69_p69_c3,"book_zh_CNASGL0092018_extracted_page_69_p69_c1,book_zh_CNASGL0092018_extracted_page_69_p69_c2,book_zh_CNASGL0092018_extracted_page_69_p69_c0,book_zh_CNASGL0092018_extracted_page_69_p69_c3,book_zh_CNASGL0092018_extracted_page_73_p73_c0",4,True,1.0
What is the equilibrium salary for nurses in the Minneapolis-St. Paul-Bloomington area?,1,yanbaopptmerge_d346b889f1d85c61950a71d4b0ac2752.pdf_89_p89_c0,yanbaopptmerge_d346b889f1d85c61950a71d4b0ac2752.pdf_89_p89_c0,1,True,1.0
What is the equilibrium salary for nurses in the Minneapolis-St. Paul-Bloomington area?,3,yanbaopptmerge_d346b889f1d85c61950a71d4b0ac2752.pdf_89_p89_c0,"yanbaopptmerge_d346b889f1d85c61950a71d4b0ac2752.pdf_89_p89_c0,yanbaopptmerge_d346b889f1d85c61950a71d4b0ac2752.pdf_89_p89_c2,yanbaopptmerge_d346b889f1d85c61950a71d4b0ac2752.pdf_89_p89_c3",1,True,1.0
What is the equilibrium salary for nurses in the Minneapolis-St. Paul-Bloomington area?,5,yanbaopptmerge_d346b889f1d85c61950a71d4b0ac2752.pdf_89_p89_c0,"yanbaopptmerge_d346b889f1d85c61950a71d4b0ac2752.pdf_89_p89_c0,yanbaopptmerge_d346b889f1d85c61950a71d4b0ac2752.pdf_89_p89_c2,yanbaopptmerge_d346b889f1d85c61950a71d4b0ac2752.pdf_89_p89_c3,yanbaopptmerge_d346b889f1d85c61950a71d4b0ac2752.pdf_89_p89_c1,docstructbench_llm-raw-scihub-o.O-j.chroma.2005.05.085.pdf_4_p4_c6",1,True,1.0
What is the salary mentioned for nurses in Minneapolis-St. Paul-Bloomington?,1,yanbaopptmerge_d346b889f1d85c61950a71d4b0ac2752.pdf_89_p89_c1,yanbaopptmerge_d346b889f1d85c61950a71d4b0ac2752.pdf_89_p89_c0,0,False,0.0
What is the salary mentioned for nurses in Minneapolis-St. Paul-Bloomington?,3,yanbaopptmerge_d346b889f1d85c61950a71d4b0ac2752.pdf_89_p89_c1,"yanbaopptmerge_d346b889f1d85c61950a71d4b0ac2752.pdf_89_p89_c0,yanbaopptmerge_d346b889f1d85c61950a71d4b0ac2752.pdf_89_p89_c2,yanbaopptmerge_d346b889f1d85c61950a71d4b0ac2752.pdf_89_p89_c3",0,False,0.0
What is the salary mentioned for nurses in Minneapolis-St. Paul-Bloomington?,5,yanbaopptmerge_d346b889f1d85c61950a71d4b0ac2752.pdf_89_p89_c1,"yanbaopptmerge_d346b889f1d85c61950a71d4b0ac2752.pdf_89_p89_c0,yanbaopptmerge_d346b889f1d85c61950a71d4b0ac2752.pdf_89_p89_c2,yanbaopptmerge_d346b889f1d85c61950a71d4b0ac2752.pdf_89_p89_c3,yanbaopptmerge_d346b889f1d85c61950a71d4b0ac2752.pdf_89_p89_c1,newspaper_The Globe and Mail - 2025-1-8@magazinesclubnew_page_014_p14_c6",4,True,1.0
What happens to nurses' salary when it is above the equilibrium?,1,yanbaopptmerge_d346b889f1d85c61950a71d4b0ac2752.pdf_89_p89_c2,yanbaopptmerge_d346b889f1d85c61950a71d4b0ac2752.pdf_89_p89_c2,1,True,1.0
What happens to nurses' salary when it is above the equilibrium?,3,yanbaopptmerge_d346b889f1d85c61950a71d4b0ac2752.pdf_89_p89_c2,"yanbaopptmerge_d346b889f1d85c61950a71d4b0ac2752.pdf_89_p89_c2,yanbaopptmerge_d346b889f1d85c61950a71d4b0ac2752.pdf_89_p89_c1,yanbaopptmerge_d346b889f1d85c61950a71d4b0ac2752.pdf_89_p89_c0",1,True,1.0
What happens to nurses' salary when it is above the equilibrium?,5,yanbaopptmerge_d346b889f1d85c61950a71d4b0ac2752.pdf_89_p89_c2,"yanbaopptmerge_d346b889f1d85c61950a71d4b0ac2752.pdf_89_p89_c2,yanbaopptmerge_d346b889f1d85c61950a71d4b0ac2752.pdf_89_p89_c1,yanbaopptmerge_d346b889f1d85c61950a71d4b0ac2752.pdf_89_p89_c0,yanbaopptmerge_d346b889f1d85c61950a71d4b0ac2752.pdf_89_p89_c3,docstructbench_llm-raw-scihub-o.O-j.chroma.2005.05.085.pdf_4_p4_c6",1,True,1.0
"How many nurses want to work as nurses at $60,000 per year in Minneapolis-St. Paul-Bloomington?",1,yanbaopptmerge_d346b889f1d85c61950a71d4b0ac2752.pdf_89_p89_c3,yanbaopptmerge_d346b889f1d85c61950a71d4b0ac2752.pdf_89_p89_c3,1,True,1.0
"How many nurses want to work as nurses at $60,000 per year in Minneapolis-St. Paul-Bloomington?",3,yanbaopptmerge_d346b889f1d85c61950a71d4b0ac2752.pdf_89_p89_c3,"yanbaopptmerge_d346b889f1d85c61950a71d4b0ac2752.pdf_89_p89_c3,yanbaopptmerge_d346b889f1d85c61950a71d4b0ac2752.pdf_89_p89_c2,yanbaopptmerge_d346b889f1d85c61950a71d4b0ac2752.pdf_89_p89_c0",1,True,1.0
"How many nurses want to work as nurses at $60,000 per year in Minneapolis-St. Paul-Bloomington?",5,yanbaopptmerge_d346b889f1d85c61950a71d4b0ac2752.pdf_89_p89_c3,"yanbaopptmerge_d346b889f1d85c61950a71d4b0ac2752.pdf_89_p89_c3,yanbaopptmerge_d346b889f1d85c61950a71d4b0ac2752.pdf_89_p89_c2,yanbaopptmerge_d346b889f1d85c61950a71d4b0ac2752.pdf_89_p89_c0,yanbaopptmerge_d346b889f1d85c61950a71d4b0ac2752.pdf_89_p89_c1,newspaper_The Globe and Mail - 2025-1-8@magazinesclubnew_page_014_p14_c10",1,True,1.0
What happens to the quantity of labor demanded when wages decrease?,1,yanbaopptmerge_d346b889f1d85c61950a71d4b0ac2752.pdf_89_p89_c4,yanbaopptmerge_d346b889f1d85c61950a71d4b0ac2752.pdf_89_p89_c4,1,True,1.0
What happens to the quantity of labor demanded when wages decrease?,3,yanbaopptmerge_d346b889f1d85c61950a71d4b0ac2752.pdf_89_p89_c4,"yanbaopptmerge_d346b889f1d85c61950a71d4b0ac2752.pdf_89_p89_c4,yanbaopptmerge_d346b889f1d85c61950a71d4b0ac2752.pdf_89_p89_c3,yanbaopptmerge_d346b889f1d85c61950a71d4b0ac2752.pdf_89_p89_c5",1,True,1.0
What happens to the quantity of labor demanded when wages decrease?,5,yanbaopptmerge_d346b889f1d85c61950a71d4b0ac2752.pdf_89_p89_c4,"yanbaopptmerge_d346b889f1d85c61950a71d4b0ac2752.pdf_89_p89_c4,yanbaopptmerge_d346b889f1d85c61950a71d4b0ac2752.pdf_89_p89_c3,yanbaopptmerge_d346b889f1d85c61950a71d4b0ac2752.pdf_89_p89_c5,yanbaopptmerge_d346b889f1d85c61950a71d4b0ac2752.pdf_89_p89_c6,yanbaopptmerge_d346b889f1d85c61950a71d4b0ac2752.pdf_89_p89_c2",1,True,1.0
What is the demand for labor called in the text?,1,yanbaopptmerge_d346b889f1d85c61950a71d4b0ac2752.pdf_89_p89_c5,yanbaopptmerge_d346b889f1d85c61950a71d4b0ac2752.pdf_89_p89_c5,1,True,1.0
What is the demand for labor called in the text?,3,yanbaopptmerge_d346b889f1d85c61950a71d4b0ac2752.pdf_89_p89_c5,"yanbaopptmerge_d346b889f1d85c61950a71d4b0ac2752.pdf_89_p89_c5,yanbaopptmerge_d346b889f1d85c61950a71d4b0ac2752.pdf_89_p89_c4,yanbaopptmerge_d346b889f1d85c61950a71d4b0ac2752.pdf_89_p89_c7",1,True,1.0
What is the demand for labor called in the text?,5,yanbaopptmerge_d346b889f1d85c61950a71d4b0ac2752.pdf_89_p89_c5,"yanbaopptmerge_d346b889f1d85c61950a71d4b0ac2752.pdf_89_p89_c5,yanbaopptmerge_d346b889f1d85c61950a71d4b0ac2752.pdf_89_p89_c4,yanbaopptmerge_d346b889f1d85c61950a71d4b0ac2752.pdf_89_p89_c7,yanbaopptmerge_d346b889f1d85c61950a71d4b0ac2752.pdf_89_p89_c3,yanbaopptmerge_d346b889f1d85c61950a71d4b0ac2752.pdf_89_p89_c6",1,True,1.0
What happens to the demand for labor when the demand for goods and services increases?,1,yanbaopptmerge_d346b889f1d85c61950a71d4b0ac2752.pdf_89_p89_c6,yanbaopptmerge_d346b889f1d85c61950a71d4b0ac2752.pdf_89_p89_c6,1,True,1.0
What happens to the demand for labor when the demand for goods and services increases?,3,yanbaopptmerge_d346b889f1d85c61950a71d4b0ac2752.pdf_89_p89_c6,"yanbaopptmerge_d346b889f1d85c61950a71d4b0ac2752.pdf_89_p89_c6,yanbaopptmerge_d346b889f1d85c61950a71d4b0ac2752.pdf_89_p89_c7,yanbaopptmerge_d346b889f1d85c61950a71d4b0ac2752.pdf_89_p89_c5",1,True,1.0
What happens to the demand for labor when the demand for goods and services increases?,5,yanbaopptmerge_d346b889f1d85c61950a71d4b0ac2752.pdf_89_p89_c6,"yanbaopptmerge_d346b889f1d85c61950a71d4b0ac2752.pdf_89_p89_c6,yanbaopptmerge_d346b889f1d85c61950a71d4b0ac2752.pdf_89_p89_c7,yanbaopptmerge_d346b889f1d85c61950a71d4b0ac2752.pdf_89_p89_c5,yanbaopptmerge_d346b889f1d85c61950a71d4b0ac2752.pdf_89_p89_c4,yanbaopptmerge_d346b889f1d85c61950a71d4b0ac2752.pdf_89_p89_c3",1,True,1.0
What happens to output price and profitability when demand for the good produced increases?,1,yanbaopptmerge_d346b889f1d85c61950a71d4b0ac2752.pdf_89_p89_c7,yanbaopptmerge_d346b889f1d85c61950a71d4b0ac2752.pdf_89_p89_c7,1,True,1.0
What happens to output price and profitability when demand for the good produced increases?,3,yanbaopptmerge_d346b889f1d85c61950a71d4b0ac2752.pdf_89_p89_c7,"yanbaopptmerge_d346b889f1d85c61950a71d4b0ac2752.pdf_89_p89_c7,yanbaopptmerge_d346b889f1d85c61950a71d4b0ac2752.pdf_89_p89_c6,yanbaopptmerge_d346b889f1d85c61950a71d4b0ac2752.pdf_89_p89_c5",1,True,1.0
What happens to output price and profitability when demand for the good produced increases?,5,yanbaopptmerge_d346b889f1d85c61950a71d4b0ac2752.pdf_89_p89_c7,"yanbaopptmerge_d346b889f1d85c61950a71d4b0ac2752.pdf_89_p89_c7,yanbaopptmerge_d346b889f1d85c61950a71d4b0ac2752.pdf_89_p89_c6,yanbaopptmerge_d346b889f1d85c61950a71d4b0ac2752.pdf_89_p89_c5,yanbaopptmerge_d346b889f1d85c61950a71d4b0ac2752.pdf_89_p89_c4,yanbaopptmerge_d346b889f1d85c61950a71d4b0ac2752.pdf_89_p89_c3",1,True,1.0
战国时期为何会出现诸侯纷争的局面？,1,jiaocaineedrop_jiaocai_needrop_en_155_p155_c0,jiaocaineedrop_jiaocai_needrop_en_155_p155_c0,1,True,1.0
战国时期为何会出现诸侯纷争的局面？,3,jiaocaineedrop_jiaocai_needrop_en_155_p155_c0,"jiaocaineedrop_jiaocai_needrop_en_155_p155_c0,jiaocaineedrop_jiaocai_needrop_en_155_p155_c2,jiaocaineedrop_jiaocai_needrop_en_155_p155_c1",1,True,1.0
战国时期为何会出现诸侯纷争的局面？,5,jiaocaineedrop_jiaocai_needrop_en_155_p155_c0,"jiaocaineedrop_jiaocai_needrop_en_155_p155_c0,jiaocaineedrop_jiaocai_needrop_en_155_p155_c2,jiaocaineedrop_jiaocai_needrop_en_155_p155_c1,jiaocaineedrop_jiaocai_needrop_en_377_p377_c1,notes_1ba14cb325bc448f7201b20502ecf2b5_33_p33_c0",1,True,1.0
商鞅改组秦国家庭制度的主要目的是什么？,1,jiaocaineedrop_jiaocai_needrop_en_155_p155_c1,jiaocaineedrop_jiaocai_needrop_en_155_p155_c0,0,False,0.0
商鞅改组秦国家庭制度的主要目的是什么？,3,jiaocaineedrop_jiaocai_needrop_en_155_p155_c1,"jiaocaineedrop_jiaocai_needrop_en_155_p155_c0,jiaocaineedrop_jiaocai_needrop_en_155_p155_c1,jiaocaineedrop_jiaocai_needrop_en_377_p377_c1",2,True,1.0
商鞅改组秦国家庭制度的主要目的是什么？,5,jiaocaineedrop_jiaocai_needrop_en_155_p155_c1,"jiaocaineedrop_jiaocai_needrop_en_155_p155_c0,jiaocaineedrop_jiaocai_needrop_en_155_p155_c1,jiaocaineedrop_jiaocai_needrop_en_377_p377_c1,jiaocaineedrop_jiaocai_needrop_en_377_p377_c3,notes_1ba14cb325bc448f7201b20502ecf2b5_118_p118_c0",2,True,1.0
哪家学派代表下层平民利益和受到统治者推崇的分别是哪些？,1,jiaocaineedrop_jiaocai_needrop_en_155_p155_c2,jiaocaineedrop_jiaocai_needrop_en_155_p155_c2,1,True,1.0
哪家学派代表下层平民利益和受到统治者推崇的分别是哪些？,3,jiaocaineedrop_jiaocai_needrop_en_155_p155_c2,"jiaocaineedrop_jiaocai_needrop_en_155_p155_c2,jiaocaineedrop_jiaocai_needrop_en_155_p155_c1,color_textbook_zhonggaokao_小学_KET听说读写逐项突破_KET听说读写逐项突破之轻松搞定KET写作25分 【10讲 褚连一】_第10讲第十课写作Part9小作文练习_第十课写作Part9小作文练习_page_010_p10_c1",1,True,1.0
哪家学派代表下层平民利益和受到统治者推崇的分别是哪些？,5,jiaocaineedrop_jiaocai_needrop_en_155_p155_c2,"jiaocaineedrop_jiaocai_needrop_en_155_p155_c2,jiaocaineedrop_jiaocai_needrop_en_155_p155_c1,color_textbook_zhonggaokao_小学_KET听说读写逐项突破_KET听说读写逐项突破之轻松搞定KET写作25分 【10讲 褚连一】_第10讲第十课写作Part9小作文练习_第十课写作Part9小作文练习_page_010_p10_c1,jiaocaineedrop_jiaocai_needrop_en_155_p155_c0,jiaocaineedrop_jiaocai_needrop_en_2193_p2193_c1",1,True,1.0
What are key choices suppliers face in the evolving transportation ecosystem?,1,yanbaor2_930d8c81854d7450cd35af7b050fed88e4e461b4f0ac0dab07e3232a4e703a06.pdf_14_p14_c0,yanbaor2_930d8c81854d7450cd35af7b050fed88e4e461b4f0ac0dab07e3232a4e703a06.pdf_14_p14_c0,1,True,1.0
What are key choices suppliers face in the evolving transportation ecosystem?,3,yanbaor2_930d8c81854d7450cd35af7b050fed88e4e461b4f0ac0dab07e3232a4e703a06.pdf_14_p14_c0,"yanbaor2_930d8c81854d7450cd35af7b050fed88e4e461b4f0ac0dab07e3232a4e703a06.pdf_14_p14_c0,yanbaor2_930d8c81854d7450cd35af7b050fed88e4e461b4f0ac0dab07e3232a4e703a06.pdf_14_p14_c1,yanbaor2_930d8c81854d7450cd35af7b050fed88e4e461b4f0ac0dab07e3232a4e703a06.pdf_14_p14_c2",1,True,1.0
What are key choices suppliers face in the evolving transportation ecosystem?,5,yanbaor2_930d8c81854d7450cd35af7b050fed88e4e461b4f0ac0dab07e3232a4e703a06.pdf_14_p14_c0,"yanbaor2_930d8c81854d7450cd35af7b050fed88e4e461b4f0ac0dab07e3232a4e703a06.pdf_14_p14_c0,yanbaor2_930d8c81854d7450cd35af7b050fed88e4e461b4f0ac0dab07e3232a4e703a06.pdf_14_p14_c1,yanbaor2_930d8c81854d7450cd35af7b050fed88e4e461b4f0ac0dab07e3232a4e703a06.pdf_14_p14_c2,yanbaor2_930d8c81854d7450cd35af7b050fed88e4e461b4f0ac0dab07e3232a4e703a06.pdf_14_p14_c3,yanbaor2_930d8c81854d7450cd35af7b050fed88e4e461b4f0ac0dab07e3232a4e703a06.pdf_14_p14_c4",1,True,1.0
What is the main focus of the five potential strategic plays discussed?,1,yanbaor2_930d8c81854d7450cd35af7b050fed88e4e461b4f0ac0dab07e3232a4e703a06.pdf_14_p14_c1,yanbaor2_930d8c81854d7450cd35af7b050fed88e4e461b4f0ac0dab07e3232a4e703a06.pdf_14_p14_c1,1,True,1.0
What is the main focus of the five potential strategic plays discussed?,3,yanbaor2_930d8c81854d7450cd35af7b050fed88e4e461b4f0ac0dab07e3232a4e703a06.pdf_14_p14_c1,"yanbaor2_930d8c81854d7450cd35af7b050fed88e4e461b4f0ac0dab07e3232a4e703a06.pdf_14_p14_c1,yanbaor2_930d8c81854d7450cd35af7b050fed88e4e461b4f0ac0dab07e3232a4e703a06.pdf_14_p14_c2,yanbaor2_930d8c81854d7450cd35af7b050fed88e4e461b4f0ac0dab07e3232a4e703a06.pdf_14_p14_c3",1,True,1.0
What is the main focus of the five potential strategic plays discussed?,5,yanbaor2_930d8c81854d7450cd35af7b050fed88e4e461b4f0ac0dab07e3232a4e703a06.pdf_14_p14_c1,"yanbaor2_930d8c81854d7450cd35af7b050fed88e4e461b4f0ac0dab07e3232a4e703a06.pdf_14_p14_c1,yanbaor2_930d8c81854d7450cd35af7b050fed88e4e461b4f0ac0dab07e3232a4e703a06.pdf_14_p14_c2,yanbaor2_930d8c81854d7450cd35af7b050fed88e4e461b4f0ac0dab07e3232a4e703a06.pdf_14_p14_c3,yanbaor2_930d8c81854d7450cd35af7b050fed88e4e461b4f0ac0dab07e3232a4e703a06.pdf_14_p14_c0,exam_paper_en-file-putnam-archive_2002_Solutions_2002s_page_001_p1_c6",1,True,1.0
What is the main focus of figure 3 according to the text?,1,yanbaor2_930d8c81854d7450cd35af7b050fed88e4e461b4f0ac0dab07e3232a4e703a06.pdf_14_p14_c2,jiaocaineedrop_jiaocai_needrop_en_1564_p1564_c2,0,False,0.0
What is the main focus of figure 3 according to the text?,3,yanbaor2_930d8c81854d7450cd35af7b050fed88e4e461b4f0ac0dab07e3232a4e703a06.pdf_14_p14_c2,"jiaocaineedrop_jiaocai_needrop_en_1564_p1564_c2,jiaocaineedrop_jiaocai_needrop_en_1118_p1118_c0,docstructbench_llm-raw-scihub-o.O-j.1365-2818.2003.01210.x.pdf_7_p7_c0",0,False,0.0
What is the main focus of figure 3 according to the text?,5,yanbaor2_930d8c81854d7450cd35af7b050fed88e4e461b4f0ac0dab07e3232a4e703a06.pdf_14_p14_c2,"jiaocaineedrop_jiaocai_needrop_en_1564_p1564_c2,jiaocaineedrop_jiaocai_needrop_en_1118_p1118_c0,docstructbench_llm-raw-scihub-o.O-j.1365-2818.2003.01210.x.pdf_7_p7_c0,docstructbench_dianzishu_zhongwenzaixian-o.O-61523162.pdf_276_p276_c0,jiaocaineedrop_jiaocai_needrop_en_1564_p1564_c1",0,False,0.0
What are the three potential plays suppliers can make?,1,yanbaor2_930d8c81854d7450cd35af7b050fed88e4e461b4f0ac0dab07e3232a4e703a06.pdf_14_p14_c3,yanbaor2_930d8c81854d7450cd35af7b050fed88e4e461b4f0ac0dab07e3232a4e703a06.pdf_14_p14_c3,1,True,1.0
What are the three potential plays suppliers can make?,3,yanbaor2_930d8c81854d7450cd35af7b050fed88e4e461b4f0ac0dab07e3232a4e703a06.pdf_14_p14_c3,"yanbaor2_930d8c81854d7450cd35af7b050fed88e4e461b4f0ac0dab07e3232a4e703a06.pdf_14_p14_c3,yanbaor2_930d8c81854d7450cd35af7b050fed88e4e461b4f0ac0dab07e3232a4e703a06.pdf_14_p14_c2,yanbaor2_930d8c81854d7450cd35af7b050fed88e4e461b4f0ac0dab07e3232a4e703a06.pdf_14_p14_c1",1,True,1.0
What are the three potential plays suppliers can make?,5,yanbaor2_930d8c81854d7450cd35af7b050fed88e4e461b4f0ac0dab07e3232a4e703a06.pdf_14_p14_c3,"yanbaor2_930d8c81854d7450cd35af7b050fed88e4e461b4f0ac0dab07e3232a4e703a06.pdf_14_p14_c3,yanbaor2_930d8c81854d7450cd35af7b050fed88e4e461b4f0ac0dab07e3232a4e703a06.pdf_14_p14_c2,yanbaor2_930d8c81854d7450cd35af7b050fed88e4e461b4f0ac0dab07e3232a4e703a06.pdf_14_p14_c1,yanbaor2_930d8c81854d7450cd35af7b050fed88e4e461b4f0ac0dab07e3232a4e703a06.pdf_14_p14_c0,newspaper_The Globe and Mail - 2025-1-8@magazinesclubnew_page_014_p14_c18",1,True,1.0
What is the focus of new mobility business models?,1,yanbaor2_930d8c81854d7450cd35af7b050fed88e4e461b4f0ac0dab07e3232a4e703a06.pdf_14_p14_c4,yanbaor2_930d8c81854d7450cd35af7b050fed88e4e461b4f0ac0dab07e3232a4e703a06.pdf_14_p14_c4,1,True,1.0
What is the focus of new mobility business models?,3,yanbaor2_930d8c81854d7450cd35af7b050fed88e4e461b4f0ac0dab07e3232a4e703a06.pdf_14_p14_c4,"yanbaor2_930d8c81854d7450cd35af7b050fed88e4e461b4f0ac0dab07e3232a4e703a06.pdf_14_p14_c4,yanbaor2_930d8c81854d7450cd35af7b050fed88e4e461b4f0ac0dab07e3232a4e703a06.pdf_14_p14_c1,yanbaor2_930d8c81854d7450cd35af7b050fed88e4e461b4f0ac0dab07e3232a4e703a06.pdf_14_p14_c3",1,True,1.0
What is the focus of new mobility business models?,5,yanbaor2_930d8c81854d7450cd35af7b050fed88e4e461b4f0ac0dab07e3232a4e703a06.pdf_14_p14_c4,"yanbaor2_930d8c81854d7450cd35af7b050fed88e4e461b4f0ac0dab07e3232a4e703a06.pdf_14_p14_c4,yanbaor2_930d8c81854d7450cd35af7b050fed88e4e461b4f0ac0dab07e3232a4e703a06.pdf_14_p14_c1,yanbaor2_930d8c81854d7450cd35af7b050fed88e4e461b4f0ac0dab07e3232a4e703a06.pdf_14_p14_c3,yanbaor2_930d8c81854d7450cd35af7b050fed88e4e461b4f0ac0dab07e3232a4e703a06.pdf_14_p14_c2,yanbaor2_930d8c81854d7450cd35af7b050fed88e4e461b4f0ac0dab07e3232a4e703a06.pdf_14_p14_c0",1,True,1.0
哪些地方试点交易所推出了碳远期和碳期权？,1,yanbaor2_3e1be78252e2fdfe1adf12bba38ec2a7b30699e152d61269aa6e5827f5adcc35.pdf_13_p13_c0,yanbaor2_3e1be78252e2fdfe1adf12bba38ec2a7b30699e152d61269aa6e5827f5adcc35.pdf_13_p13_c0,1,True,1.0
哪些地方试点交易所推出了碳远期和碳期权？,3,yanbaor2_3e1be78252e2fdfe1adf12bba38ec2a7b30699e152d61269aa6e5827f5adcc35.pdf_13_p13_c0,"yanbaor2_3e1be78252e2fdfe1adf12bba38ec2a7b30699e152d61269aa6e5827f5adcc35.pdf_13_p13_c0,yanbaor2_3e1be78252e2fdfe1adf12bba38ec2a7b30699e152d61269aa6e5827f5adcc35.pdf_13_p13_c1,newspaper_2c69e142b52dbb30cac2cb11d3eb25e5_1_p1_c10",1,True,1.0
哪些地方试点交易所推出了碳远期和碳期权？,5,yanbaor2_3e1be78252e2fdfe1adf12bba38ec2a7b30699e152d61269aa6e5827f5adcc35.pdf_13_p13_c0,"yanbaor2_3e1be78252e2fdfe1adf12bba38ec2a7b30699e152d61269aa6e5827f5adcc35.pdf_13_p13_c0,yanbaor2_3e1be78252e2fdfe1adf12bba38ec2a7b30699e152d61269aa6e5827f5adcc35.pdf_13_p13_c1,newspaper_2c69e142b52dbb30cac2cb11d3eb25e5_1_p1_c10,newspaper_2c69e142b52dbb30cac2cb11d3eb25e5_1_p1_c9,yanbaopptmerge_baa6d02928efcac46ccf7dfd3859de565cfb0bea918ae0ec0eed50944a7c20b4.pdf_11_p11_c1",1,True,1.0
中国碳金融创新模式应用有哪些？,1,yanbaor2_3e1be78252e2fdfe1adf12bba38ec2a7b30699e152d61269aa6e5827f5adcc35.pdf_13_p13_c2,yanbaor2_3e1be78252e2fdfe1adf12bba38ec2a7b30699e152d61269aa6e5827f5adcc35.pdf_13_p13_c0,0,False,0.0
中国碳金融创新模式应用有哪些？,3,yanbaor2_3e1be78252e2fdfe1adf12bba38ec2a7b30699e152d61269aa6e5827f5adcc35.pdf_13_p13_c2,"yanbaor2_3e1be78252e2fdfe1adf12bba38ec2a7b30699e152d61269aa6e5827f5adcc35.pdf_13_p13_c0,yanbaor2_3e1be78252e2fdfe1adf12bba38ec2a7b30699e152d61269aa6e5827f5adcc35.pdf_13_p13_c1,yanbaor2_3e1be78252e2fdfe1adf12bba38ec2a7b30699e152d61269aa6e5827f5adcc35.pdf_13_p13_c2",3,True,1.0
中国碳金融创新模式应用有哪些？,5,yanbaor2_3e1be78252e2fdfe1adf12bba38ec2a7b30699e152d61269aa6e5827f5adcc35.pdf_13_p13_c2,"yanbaor2_3e1be78252e2fdfe1adf12bba38ec2a7b30699e152d61269aa6e5827f5adcc35.pdf_13_p13_c0,yanbaor2_3e1be78252e2fdfe1adf12bba38ec2a7b30699e152d61269aa6e5827f5adcc35.pdf_13_p13_c1,yanbaor2_3e1be78252e2fdfe1adf12bba38ec2a7b30699e152d61269aa6e5827f5adcc35.pdf_13_p13_c2,newspaper_2c69e142b52dbb30cac2cb11d3eb25e5_1_p1_c11,newspaper_2c69e142b52dbb30cac2cb11d3eb25e5_1_p1_c9",3,True,1.0
What did Hawthorne say about his career choices?,1,jiaocaineedrop_unit2t03.pdf_63_p63_c0,jiaocaineedrop_unit2t03.pdf_63_p63_c0,1,True,1.0
What did Hawthorne say about his career choices?,3,jiaocaineedrop_unit2t03.pdf_63_p63_c0,"jiaocaineedrop_unit2t03.pdf_63_p63_c0,jiaocaineedrop_unit2t03.pdf_63_p63_c4,jiaocaineedrop_unit2t03.pdf_63_p63_c3",1,True,1.0
What did Hawthorne say about his career choices?,5,jiaocaineedrop_unit2t03.pdf_63_p63_c0,"jiaocaineedrop_unit2t03.pdf_63_p63_c0,jiaocaineedrop_unit2t03.pdf_63_p63_c4,jiaocaineedrop_unit2t03.pdf_63_p63_c3,jiaocaineedrop_unit2t03.pdf_63_p63_c2,jiaocaineedrop_unit2t03.pdf_63_p63_c1",1,True,1.0
What were the two books produced during Hawthorne's twelve years in Salem?,1,jiaocaineedrop_unit2t03.pdf_63_p63_c1,jiaocaineedrop_unit2t03.pdf_63_p63_c1,1,True,1.0
What were the two books produced during Hawthorne's twelve years in Salem?,3,jiaocaineedrop_unit2t03.pdf_63_p63_c1,"jiaocaineedrop_unit2t03.pdf_63_p63_c1,jiaocaineedrop_unit2t03.pdf_63_p63_c2,jiaocaineedrop_unit2t03.pdf_63_p63_c3",1,True,1.0
What were the two books produced during Hawthorne's twelve years in Salem?,5,jiaocaineedrop_unit2t03.pdf_63_p63_c1,"jiaocaineedrop_unit2t03.pdf_63_p63_c1,jiaocaineedrop_unit2t03.pdf_63_p63_c2,jiaocaineedrop_unit2t03.pdf_63_p63_c3,jiaocaineedrop_unit2t03.pdf_63_p63_c0,jiaocaineedrop_unit2t03.pdf_63_p63_c4",1,True,1.0
What did Hawthorne's ancestors include?,1,jiaocaineedrop_unit2t03.pdf_63_p63_c2,jiaocaineedrop_unit2t03.pdf_63_p63_c2,1,True,1.0
What did Hawthorne's ancestors include?,3,jiaocaineedrop_unit2t03.pdf_63_p63_c2,"jiaocaineedrop_unit2t03.pdf_63_p63_c2,jiaocaineedrop_unit2t03.pdf_63_p63_c3,jiaocaineedrop_unit2t03.pdf_63_p63_c1",1,True,1.0
What did Hawthorne's ancestors include?,5,jiaocaineedrop_unit2t03.pdf_63_p63_c2,"jiaocaineedrop_unit2t03.pdf_63_p63_c2,jiaocaineedrop_unit2t03.pdf_63_p63_c3,jiaocaineedrop_unit2t03.pdf_63_p63_c1,jiaocaineedrop_unit2t03.pdf_63_p63_c0,jiaocaineedrop_unit2t03.pdf_63_p63_c5",1,True,1.0
Where did Hawthorne move after marrying Sophia Peabody?,1,jiaocaineedrop_unit2t03.pdf_63_p63_c3,jiaocaineedrop_unit2t03.pdf_63_p63_c3,1,True,1.0
Where did Hawthorne move after marrying Sophia Peabody?,3,jiaocaineedrop_unit2t03.pdf_63_p63_c3,"jiaocaineedrop_unit2t03.pdf_63_p63_c3,jiaocaineedrop_unit2t03.pdf_63_p63_c4,jiaocaineedrop_unit2t03.pdf_63_p63_c1",1,True,1.0
Where did Hawthorne move after marrying Sophia Peabody?,5,jiaocaineedrop_unit2t03.pdf_63_p63_c3,"jiaocaineedrop_unit2t03.pdf_63_p63_c3,jiaocaineedrop_unit2t03.pdf_63_p63_c4,jiaocaineedrop_unit2t03.pdf_63_p63_c1,jiaocaineedrop_unit2t03.pdf_63_p63_c2,jiaocaineedrop_unit2t03.pdf_63_p63_c0",1,True,1.0
What position did Hawthorne hold in 1853?,1,jiaocaineedrop_unit2t03.pdf_63_p63_c4,jiaocaineedrop_unit2t03.pdf_63_p63_c4,1,True,1.0
What position did Hawthorne hold in 1853?,3,jiaocaineedrop_unit2t03.pdf_63_p63_c4,"jiaocaineedrop_unit2t03.pdf_63_p63_c4,jiaocaineedrop_unit2t03.pdf_63_p63_c3,jiaocaineedrop_unit2t03.pdf_63_p63_c0",1,True,1.0
What position did Hawthorne hold in 1853?,5,jiaocaineedrop_unit2t03.pdf_63_p63_c4,"jiaocaineedrop_unit2t03.pdf_63_p63_c4,jiaocaineedrop_unit2t03.pdf_63_p63_c3,jiaocaineedrop_unit2t03.pdf_63_p63_c0,jiaocaineedrop_unit2t03.pdf_63_p63_c1,jiaocaineedrop_unit2t03.pdf_63_p63_c2",1,True,1.0
What did Hawthorne say about the jailer?,1,jiaocaineedrop_unit2t03.pdf_63_p63_c5,jiaocaineedrop_unit2t03.pdf_63_p63_c5,1,True,1.0
What did Hawthorne say about the jailer?,3,jiaocaineedrop_unit2t03.pdf_63_p63_c5,"jiaocaineedrop_unit2t03.pdf_63_p63_c5,jiaocaineedrop_unit2t03.pdf_63_p63_c4,jiaocaineedrop_unit2t03.pdf_63_p63_c3",1,True,1.0
What did Hawthorne say about the jailer?,5,jiaocaineedrop_unit2t03.pdf_63_p63_c5,"jiaocaineedrop_unit2t03.pdf_63_p63_c5,jiaocaineedrop_unit2t03.pdf_63_p63_c4,jiaocaineedrop_unit2t03.pdf_63_p63_c3,jiaocaineedrop_unit2t03.pdf_63_p63_c0,jiaocaineedrop_unit2t03.pdf_63_p63_c2",1,True,1.0
在等腰直角△ABC中，E、F都是AC上的点，且∠EBF=45°，猜想并证明线段EF、CE、AF之间的数量关系？,1,yanbaopptmerge_yanbaoPPT_4125_p4125_c0,yanbaopptmerge_yanbaoPPT_4125_p4125_c0,1,True,1.0
在等腰直角△ABC中，E、F都是AC上的点，且∠EBF=45°，猜想并证明线段EF、CE、AF之间的数量关系？,3,yanbaopptmerge_yanbaoPPT_4125_p4125_c0,"yanbaopptmerge_yanbaoPPT_4125_p4125_c0,notes_9e951846094758afac08c620144e3a76_17_p17_c0,jiaocaineedrop_96657786.pdf_0_p0_c4",1,True,1.0
在等腰直角△ABC中，E、F都是AC上的点，且∠EBF=45°，猜想并证明线段EF、CE、AF之间的数量关系？,5,yanbaopptmerge_yanbaoPPT_4125_p4125_c0,"yanbaopptmerge_yanbaoPPT_4125_p4125_c0,notes_9e951846094758afac08c620144e3a76_17_p17_c0,jiaocaineedrop_96657786.pdf_0_p0_c4,jiaocaineedrop_jiaocai_needrop_en_1473_p1473_c0,jiaocaineedrop_jiaocai_needrop_en_1473_p1473_c3",1,True,1.0
2021年锂电铜箔供需缺口所占比例是多少？,1,eastmoney_03e39833d520af7d1abb96dd624dcd15f2b57d061969d196e80922e2f590503f.pdf_22_p22_c0,eastmoney_03e39833d520af7d1abb96dd624dcd15f2b57d061969d196e80922e2f590503f.pdf_22_p22_c0,1,True,1.0
2021年锂电铜箔供需缺口所占比例是多少？,3,eastmoney_03e39833d520af7d1abb96dd624dcd15f2b57d061969d196e80922e2f590503f.pdf_22_p22_c0,"eastmoney_03e39833d520af7d1abb96dd624dcd15f2b57d061969d196e80922e2f590503f.pdf_22_p22_c0,eastmoney_03e39833d520af7d1abb96dd624dcd15f2b57d061969d196e80922e2f590503f.pdf_22_p22_c1,yanbaopptmerge_51e549c0d1a2669ac976409fcf99ce91908b1e0a07f0fc70d92263abf6d07f18.pdf_1_p1_c1",1,True,1.0
2021年锂电铜箔供需缺口所占比例是多少？,5,eastmoney_03e39833d520af7d1abb96dd624dcd15f2b57d061969d196e80922e2f590503f.pdf_22_p22_c0,"eastmoney_03e39833d520af7d1abb96dd624dcd15f2b57d061969d196e80922e2f590503f.pdf_22_p22_c0,eastmoney_03e39833d520af7d1abb96dd624dcd15f2b57d061969d196e80922e2f590503f.pdf_22_p22_c1,yanbaopptmerge_51e549c0d1a2669ac976409fcf99ce91908b1e0a07f0fc70d92263abf6d07f18.pdf_1_p1_c1,eastmoney_03e39833d520af7d1abb96dd624dcd15f2b57d061969d196e80922e2f590503f.pdf_22_p22_c2,docstructbench_dianzishu_zhongwenzaixian-o.O-60403612.pdf_179_p179_c2",1,True,1.0
锂电铝箔供需平衡情况如何？,1,eastmoney_03e39833d520af7d1abb96dd624dcd15f2b57d061969d196e80922e2f590503f.pdf_22_p22_c1,eastmoney_03e39833d520af7d1abb96dd624dcd15f2b57d061969d196e80922e2f590503f.pdf_22_p22_c1,1,True,1.0
锂电铝箔供需平衡情况如何？,3,eastmoney_03e39833d520af7d1abb96dd624dcd15f2b57d061969d196e80922e2f590503f.pdf_22_p22_c1,"eastmoney_03e39833d520af7d1abb96dd624dcd15f2b57d061969d196e80922e2f590503f.pdf_22_p22_c1,eastmoney_03e39833d520af7d1abb96dd624dcd15f2b57d061969d196e80922e2f590503f.pdf_22_p22_c2,eastmoney_03e39833d520af7d1abb96dd624dcd15f2b57d061969d196e80922e2f590503f.pdf_22_p22_c0",1,True,1.0
锂电铝箔供需平衡情况如何？,5,eastmoney_03e39833d520af7d1abb96dd624dcd15f2b57d061969d196e80922e2f590503f.pdf_22_p22_c1,"eastmoney_03e39833d520af7d1abb96dd624dcd15f2b57d061969d196e80922e2f590503f.pdf_22_p22_c1,eastmoney_03e39833d520af7d1abb96dd624dcd15f2b57d061969d196e80922e2f590503f.pdf_22_p22_c2,eastmoney_03e39833d520af7d1abb96dd624dcd15f2b57d061969d196e80922e2f590503f.pdf_22_p22_c0,docstructbench_dianzishu_zhongwenzaixian-o.O-60403612.pdf_179_p179_c2,eastmoney_e42b6e1cd2d48113ff4db8854e539d828d632bf9b1757e10cb8ddb2cfc7b1393.pdf_12_p12_c0",1,True,1.0
阜阳建设的钠离子电池产线预计何时正式投产？,1,eastmoney_03e39833d520af7d1abb96dd624dcd15f2b57d061969d196e80922e2f590503f.pdf_22_p22_c2,eastmoney_03e39833d520af7d1abb96dd624dcd15f2b57d061969d196e80922e2f590503f.pdf_22_p22_c2,1,True,1.0
阜阳建设的钠离子电池产线预计何时正式投产？,3,eastmoney_03e39833d520af7d1abb96dd624dcd15f2b57d061969d196e80922e2f590503f.pdf_22_p22_c2,"eastmoney_03e39833d520af7d1abb96dd624dcd15f2b57d061969d196e80922e2f590503f.pdf_22_p22_c2,eastmoney_03e39833d520af7d1abb96dd624dcd15f2b57d061969d196e80922e2f590503f.pdf_22_p22_c1,eastmoney_03e39833d520af7d1abb96dd624dcd15f2b57d061969d196e80922e2f590503f.pdf_22_p22_c0",1,True,1.0
阜阳建设的钠离子电池产线预计何时正式投产？,5,eastmoney_03e39833d520af7d1abb96dd624dcd15f2b57d061969d196e80922e2f590503f.pdf_22_p22_c2,"eastmoney_03e39833d520af7d1abb96dd624dcd15f2b57d061969d196e80922e2f590503f.pdf_22_p22_c2,eastmoney_03e39833d520af7d1abb96dd624dcd15f2b57d061969d196e80922e2f590503f.pdf_22_p22_c1,eastmoney_03e39833d520af7d1abb96dd624dcd15f2b57d061969d196e80922e2f590503f.pdf_22_p22_c0,yanbaopptmerge_51e549c0d1a2669ac976409fcf99ce91908b1e0a07f0fc70d92263abf6d07f18.pdf_1_p1_c0,eastmoney_7c25f92e2ab21d83e1eada0e40a68e3151e7c1c2d673ddb12b0242fa3ab931ab.pdf_13_p13_c1",1,True,1.0
What angle is used for reflection in part (d)?,1,book_en_国外数学教材-非数学专业教材-线性代数-Gilbert Strang—Linear Algebra and Its Applications 4e_0085_p85_c2,book_en_国外数学教材-非数学专业教材-线性代数-Gilbert Strang—Linear Algebra and Its Applications 4e_0085_p85_c2,1,True,1.0
What angle is used for reflection in part (d)?,3,book_en_国外数学教材-非数学专业教材-线性代数-Gilbert Strang—Linear Algebra and Its Applications 4e_0085_p85_c2,"book_en_国外数学教材-非数学专业教材-线性代数-Gilbert Strang—Linear Algebra and Its Applications 4e_0085_p85_c2,jiaocaineedrop_glossary.pdf_7_p7_c5,book_en_国外数学教材-非数学专业教材-线性代数-Gilbert Strang—Linear Algebra and Its Applications 4e_0085_p85_c1",1,True,1.0
What angle is used for reflection in part (d)?,5,book_en_国外数学教材-非数学专业教材-线性代数-Gilbert Strang—Linear Algebra and Its Applications 4e_0085_p85_c2,"book_en_国外数学教材-非数学专业教材-线性代数-Gilbert Strang—Linear Algebra and Its Applications 4e_0085_p85_c2,jiaocaineedrop_glossary.pdf_7_p7_c5,book_en_国外数学教材-非数学专业教材-线性代数-Gilbert Strang—Linear Algebra and Its Applications 4e_0085_p85_c1,jiaocaineedrop_glossary.pdf_7_p7_c4,exam_paper_en-file-putnam-archive_1999_Solutions_1999s_page_003_p3_c0",1,True,1.0
What is the value of $ x_{3} $ in the reduced echelon form?,1,PPT_lay_linalg5_01_05_page_004_p4_c0,PPT_lay_linalg5_01_05_page_004_p4_c0,1,True,1.0
What is the value of $ x_{3} $ in the reduced echelon form?,3,PPT_lay_linalg5_01_05_page_004_p4_c0,"PPT_lay_linalg5_01_05_page_004_p4_c0,PPT_lay_linalg5_01_05_page_004_p4_c1,PPT_lay_linalg5_01_05_page_009_p9_c0",1,True,1.0
What is the value of $ x_{3} $ in the reduced echelon form?,5,PPT_lay_linalg5_01_05_page_004_p4_c0,"PPT_lay_linalg5_01_05_page_004_p4_c0,PPT_lay_linalg5_01_05_page_004_p4_c1,PPT_lay_linalg5_01_05_page_009_p9_c0,jiaocaineedrop_96657786.pdf_0_p0_c3,exam_paper_en-file-putnam-archive_2006_Solutions_2006s_page_006_p6_c5",1,True,1.0
哪个城市拥有九华山风景区？,1,yanbaor2_yanbaoPPT_916_p916_c1,yanbaor2_yanbaoPPT_916_p916_c1,1,True,1.0
哪个城市拥有九华山风景区？,3,yanbaor2_yanbaoPPT_916_p916_c1,"yanbaor2_yanbaoPPT_916_p916_c1,yanbaor2_yanbaoPPT_916_p916_c0,yanbaopptmerge_baa6d02928efcac46ccf7dfd3859de565cfb0bea918ae0ec0eed50944a7c20b4.pdf_11_p11_c1",1,True,1.0
哪个城市拥有九华山风景区？,5,yanbaor2_yanbaoPPT_916_p916_c1,"yanbaor2_yanbaoPPT_916_p916_c1,yanbaor2_yanbaoPPT_916_p916_c0,yanbaopptmerge_baa6d02928efcac46ccf7dfd3859de565cfb0bea918ae0ec0eed50944a7c20b4.pdf_11_p11_c1,newspaper_2c69e142b52dbb30cac2cb11d3eb25e5_1_p1_c9,yanbaor2_3e1be78252e2fdfe1adf12bba38ec2a7b30699e152d61269aa6e5827f5adcc35.pdf_13_p13_c1",1,True,1.0
What is the minimum perimeter of triangle ABC according to the document fragment?,1,exam_paper_en-file-putnam-archive_1998_Solutions_1998s_page_002_p2_c0,exam_paper_en-file-putnam-archive_1998_Solutions_1998s_page_002_p2_c0,1,True,1.0
What is the minimum perimeter of triangle ABC according to the document fragment?,3,exam_paper_en-file-putnam-archive_1998_Solutions_1998s_page_002_p2_c0,"exam_paper_en-file-putnam-archive_1998_Solutions_1998s_page_002_p2_c0,jiaocaineedrop_96657786.pdf_0_p0_c1,exam_paper_en-file-putnam-archive_1998_Solutions_1998s_page_002_p2_c1",1,True,1.0
What is the minimum perimeter of triangle ABC according to the document fragment?,5,exam_paper_en-file-putnam-archive_1998_Solutions_1998s_page_002_p2_c0,"exam_paper_en-file-putnam-archive_1998_Solutions_1998s_page_002_p2_c0,jiaocaineedrop_96657786.pdf_0_p0_c1,exam_paper_en-file-putnam-archive_1998_Solutions_1998s_page_002_p2_c1,jiaocaineedrop_jiaocai_needrop_en_1141_p1141_c0,newspaper_The Globe and Mail - 2025-1-8@magazinesclubnew_page_014_p14_c8",1,True,1.0
What is the value of z₀ in terms of π and 5?,1,exam_paper_en-file-putnam-archive_1998_Solutions_1998s_page_002_p2_c1,docstructbench_dianzishu_zhongwenzaixian-o.O-60403612.pdf_179_p179_c2,0,False,0.0
What is the value of z₀ in terms of π and 5?,3,exam_paper_en-file-putnam-archive_1998_Solutions_1998s_page_002_p2_c1,"docstructbench_dianzishu_zhongwenzaixian-o.O-60403612.pdf_179_p179_c2,docstructbench_dianzishu_zhongwenzaixian-o.O-60403612.pdf_179_p179_c3,jiaocaineedrop_jiaocai_needrop_en_1564_p1564_c4",0,False,0.0
What is the value of z₀ in terms of π and 5?,5,exam_paper_en-file-putnam-archive_1998_Solutions_1998s_page_002_p2_c1,"docstructbench_dianzishu_zhongwenzaixian-o.O-60403612.pdf_179_p179_c2,docstructbench_dianzishu_zhongwenzaixian-o.O-60403612.pdf_179_p179_c3,jiaocaineedrop_jiaocai_needrop_en_1564_p1564_c4,docstructbench_llm-raw-scihub-o.O-j.chroma.2005.03.134.pdf_6_p6_c2,jiaocaineedrop_96657786.pdf_0_p0_c2",0,False,0.0
"What is the formula for S(2k,2l) in terms of S(k,l)?",1,exam_paper_en-file-putnam-archive_1998_Solutions_1998s_page_002_p2_c3,exam_paper_en-file-putnam-archive_1998_Solutions_1998s_page_002_p2_c4,0,False,0.0
"What is the formula for S(2k,2l) in terms of S(k,l)?",3,exam_paper_en-file-putnam-archive_1998_Solutions_1998s_page_002_p2_c3,"exam_paper_en-file-putnam-archive_1998_Solutions_1998s_page_002_p2_c4,exam_paper_en-file-putnam-archive_1998_Solutions_1998s_page_002_p2_c3,exam_paper_en-file-putnam-archive_2009_Solutions_2009s_page_003_p3_c5",2,True,1.0
"What is the formula for S(2k,2l) in terms of S(k,l)?",5,exam_paper_en-file-putnam-archive_1998_Solutions_1998s_page_002_p2_c3,"exam_paper_en-file-putnam-archive_1998_Solutions_1998s_page_002_p2_c4,exam_paper_en-file-putnam-archive_1998_Solutions_1998s_page_002_p2_c3,exam_paper_en-file-putnam-archive_2009_Solutions_2009s_page_003_p3_c5,yanbaopptmerge_3aa9b6677e17fd012b0a7a230b9f18db.pdf_1327_p1327_c0,exam_paper_en-file-putnam-archive_1999_Solutions_1999s_page_002_p2_c0",2,True,1.0
What is the thousandth digit of the first 1000 digits of sqrt(N)?,1,exam_paper_en-file-putnam-archive_1998_Solutions_1998s_page_002_p2_c5,exam_paper_en-file-putnam-archive_1998_Solutions_1998s_page_002_p2_c5,1,True,1.0
What is the thousandth digit of the first 1000 digits of sqrt(N)?,3,exam_paper_en-file-putnam-archive_1998_Solutions_1998s_page_002_p2_c5,"exam_paper_en-file-putnam-archive_1998_Solutions_1998s_page_002_p2_c5,exam_paper_en-file-putnam-archive_1998_Solutions_1998s_page_002_p2_c4,docstructbench_dianzishu_zhongwenzaixian-o.O-61323717.pdf_203_p203_c2",1,True,1.0
What is the thousandth digit of the first 1000 digits of sqrt(N)?,5,exam_paper_en-file-putnam-archive_1998_Solutions_1998s_page_002_p2_c5,"exam_paper_en-file-putnam-archive_1998_Solutions_1998s_page_002_p2_c5,exam_paper_en-file-putnam-archive_1998_Solutions_1998s_page_002_p2_c4,docstructbench_dianzishu_zhongwenzaixian-o.O-61323717.pdf_203_p203_c2,docstructbench_llm-raw-scihub-o.O-j.chroma.2005.03.134.pdf_6_p6_c2,jiaocaineedrop_jiaocai_needrop_en_1564_p1564_c3",1,True,1.0
What is the condition for the greatest common divisor of P(n) and P'(n) according to the document fragment?,1,exam_paper_en-file-putnam-archive_1998_Solutions_1998s_page_002_p2_c6,exam_paper_en-file-putnam-archive_1998_Solutions_1998s_page_002_p2_c6,1,True,1.0
What is the condition for the greatest common divisor of P(n) and P'(n) according to the document fragment?,3,exam_paper_en-file-putnam-archive_1998_Solutions_1998s_page_002_p2_c6,"exam_paper_en-file-putnam-archive_1998_Solutions_1998s_page_002_p2_c6,exam_paper_en-file-putnam-archive_1998_Solutions_1998s_page_002_p2_c7,exam_paper_en-file-putnam-archive_1999_Solutions_1999s_page_003_p3_c2",1,True,1.0
What is the condition for the greatest common divisor of P(n) and P'(n) according to the document fragment?,5,exam_paper_en-file-putnam-archive_1998_Solutions_1998s_page_002_p2_c6,"exam_paper_en-file-putnam-archive_1998_Solutions_1998s_page_002_p2_c6,exam_paper_en-file-putnam-archive_1998_Solutions_1998s_page_002_p2_c7,exam_paper_en-file-putnam-archive_1999_Solutions_1999s_page_003_p3_c2,exam_paper_en-file-putnam-archive_1998_Solutions_1998s_page_002_p2_c8,exam_paper_en-file-putnam-archive_1998_Solutions_1998s_page_002_p2_c5",1,True,1.0
What is the condition for $ P(n+kp) $ to be divisible by p but not by $ p^2 $?,1,exam_paper_en-file-putnam-archive_1998_Solutions_1998s_page_002_p2_c8,exam_paper_en-file-putnam-archive_1998_Solutions_1998s_page_002_p2_c8,1,True,1.0
What is the condition for $ P(n+kp) $ to be divisible by p but not by $ p^2 $?,3,exam_paper_en-file-putnam-archive_1998_Solutions_1998s_page_002_p2_c8,"exam_paper_en-file-putnam-archive_1998_Solutions_1998s_page_002_p2_c8,exam_paper_en-file-putnam-archive_1998_Solutions_1998s_page_002_p2_c7,exam_paper_en-file-putnam-archive_1998_Solutions_1998s_page_002_p2_c6",1,True,1.0
What is the condition for $ P(n+kp) $ to be divisible by p but not by $ p^2 $?,5,exam_paper_en-file-putnam-archive_1998_Solutions_1998s_page_002_p2_c8,"exam_paper_en-file-putnam-archive_1998_Solutions_1998s_page_002_p2_c8,exam_paper_en-file-putnam-archive_1998_Solutions_1998s_page_002_p2_c7,exam_paper_en-file-putnam-archive_1998_Solutions_1998s_page_002_p2_c6,exam_paper_en-file-putnam-archive_1998_Solutions_1998s_page_002_p2_c5,exam_paper_en-file-putnam-archive_1996_Solutions_1996s_page_002_p2_c1",1,True,1.0
What is the condition for the polynomial to be a square for only finitely many n?,1,exam_paper_en-file-putnam-archive_1998_Solutions_1998s_page_002_p2_c10,exam_paper_en-file-putnam-archive_1998_Solutions_1998s_page_002_p2_c9,0,False,0.0
What is the condition for the polynomial to be a square for only finitely many n?,3,exam_paper_en-file-putnam-archive_1998_Solutions_1998s_page_002_p2_c10,"exam_paper_en-file-putnam-archive_1998_Solutions_1998s_page_002_p2_c9,exam_paper_en-file-putnam-archive_1998_Solutions_1998s_page_002_p2_c10,exam_paper_en-file-putnam-archive_1998_Solutions_1998s_page_002_p2_c6",2,True,1.0
What is the condition for the polynomial to be a square for only finitely many n?,5,exam_paper_en-file-putnam-archive_1998_Solutions_1998s_page_002_p2_c10,"exam_paper_en-file-putnam-archive_1998_Solutions_1998s_page_002_p2_c9,exam_paper_en-file-putnam-archive_1998_Solutions_1998s_page_002_p2_c10,exam_paper_en-file-putnam-archive_1998_Solutions_1998s_page_002_p2_c6,exam_paper_en-file-putnam-archive_1998_Solutions_1998s_page_002_p2_c8,exam_paper_en-file-putnam-archive_1998_Solutions_1998s_page_002_p2_c7",2,True,1.0
第114株树苗的高度是多少？,1,jiaocaineedrop_jiaocai_needrop_en_1473_p1473_c2,jiaocaineedrop_jiaocai_needrop_en_1473_p1473_c2,1,True,1.0
第114株树苗的高度是多少？,3,jiaocaineedrop_jiaocai_needrop_en_1473_p1473_c2,"jiaocaineedrop_jiaocai_needrop_en_1473_p1473_c2,jiaocaineedrop_jiaocai_needrop_en_1473_p1473_c1,docstructbench_llm-raw-scihub-o.O-j.chroma.2005.03.134.pdf_6_p6_c3",1,True,1.0
第114株树苗的高度是多少？,5,jiaocaineedrop_jiaocai_needrop_en_1473_p1473_c2,"jiaocaineedrop_jiaocai_needrop_en_1473_p1473_c2,jiaocaineedrop_jiaocai_needrop_en_1473_p1473_c1,docstructbench_llm-raw-scihub-o.O-j.chroma.2005.03.134.pdf_6_p6_c3,color_textbook_zhonggaokao_小学_KET听说读写逐项突破_KET听说读写逐项突破之轻松搞定KET写作25分 【10讲 褚连一】_第10讲第十课写作Part9小作文练习_第十课写作Part9小作文练习_page_010_p10_c1,docstructbench_llm-raw-scihub-o.O-j.chroma.2005.03.134.pdf_6_p6_c4",1,True,1.0
函数 f(x) 的表达式是什么？,1,jiaocaineedrop_jiaocai_needrop_en_1473_p1473_c4,jiaocaineedrop_96657786.pdf_0_p0_c2,0,False,0.0
函数 f(x) 的表达式是什么？,3,jiaocaineedrop_jiaocai_needrop_en_1473_p1473_c4,"jiaocaineedrop_96657786.pdf_0_p0_c2,jiaocaineedrop_96657786.pdf_0_p0_c5,jiaocaineedrop_96657786.pdf_0_p0_c4",0,False,0.0
函数 f(x) 的表达式是什么？,5,jiaocaineedrop_jiaocai_needrop_en_1473_p1473_c4,"jiaocaineedrop_96657786.pdf_0_p0_c2,jiaocaineedrop_96657786.pdf_0_p0_c5,jiaocaineedrop_96657786.pdf_0_p0_c4,jiaocaineedrop_jiaocai_needrop_en_1473_p1473_c4,jiaocaineedrop_jiaocai_needrop_en_1564_p1564_c1",4,True,1.0
扩展不确定度的计算公式是什么？,1,book_zh_CNASGL0092018_extracted_page_73_p73_c0,book_zh_CNASGL0092018_extracted_page_73_p73_c0,1,True,1.0
扩展不确定度的计算公式是什么？,3,book_zh_CNASGL0092018_extracted_page_73_p73_c0,"book_zh_CNASGL0092018_extracted_page_73_p73_c0,book_zh_CNASGL0092018_extracted_page_69_p69_c0,book_zh_CNASGL0092018_extracted_page_69_p69_c2",1,True,1.0
扩展不确定度的计算公式是什么？,5,book_zh_CNASGL0092018_extracted_page_73_p73_c0,"book_zh_CNASGL0092018_extracted_page_73_p73_c0,book_zh_CNASGL0092018_extracted_page_69_p69_c0,book_zh_CNASGL0092018_extracted_page_69_p69_c2,book_zh_CNASGL0092018_extracted_page_69_p69_c1,jiaocaineedrop_96657786.pdf_0_p0_c3",1,True,1.0
What is the main topic of the KET writing Part 7 training?,1,color_textbook_zhonggaokao_小学_KET听说读写逐项突破_KET听说读写逐项突破之轻松搞定KET写作25分 【10讲 褚连一】_第05讲第五课写作Part7详解_第五课写作Part7详解_page_001_p1_c0,color_textbook_zhonggaokao_小学_KET听说读写逐项突破_KET听说读写逐项突破之轻松搞定KET写作25分 【10讲 褚连一】_第05讲第五课写作Part7详解_第五课写作Part7详解_page_001_p1_c0,1,True,1.0
What is the main topic of the KET writing Part 7 training?,3,color_textbook_zhonggaokao_小学_KET听说读写逐项突破_KET听说读写逐项突破之轻松搞定KET写作25分 【10讲 褚连一】_第05讲第五课写作Part7详解_第五课写作Part7详解_page_001_p1_c0,"color_textbook_zhonggaokao_小学_KET听说读写逐项突破_KET听说读写逐项突破之轻松搞定KET写作25分 【10讲 褚连一】_第05讲第五课写作Part7详解_第五课写作Part7详解_page_001_p1_c0,color_textbook_zhonggaokao_小学_KET听说读写逐项突破_KET听说读写逐项突破之轻松搞定KET写作25分 【10讲 褚连一】_第05讲第五课写作Part7详解_第五课写作Part7详解_page_001_p1_c1,jiaocaineedrop_jiaocai_needrop_en_377_p377_c3",1,True,1.0
What is the main topic of the KET writing Part 7 training?,5,color_textbook_zhonggaokao_小学_KET听说读写逐项突破_KET听说读写逐项突破之轻松搞定KET写作25分 【10讲 褚连一】_第05讲第五课写作Part7详解_第五课写作Part7详解_page_001_p1_c0,"color_textbook_zhonggaokao_小学_KET听说读写逐项突破_KET听说读写逐项突破之轻松搞定KET写作25分 【10讲 褚连一】_第05讲第五课写作Part7详解_第五课写作Part7详解_page_001_p1_c0,color_textbook_zhonggaokao_小学_KET听说读写逐项突破_KET听说读写逐项突破之轻松搞定KET写作25分 【10讲 褚连一】_第05讲第五课写作Part7详解_第五课写作Part7详解_page_001_p1_c1,jiaocaineedrop_jiaocai_needrop_en_377_p377_c3,jiaocaineedrop_jiaocai_needrop_en_1836_p1836_c2,PPT_all655920_page_002_p2_c0",1,True,1.0
Which sentence has the wrong verb in the example?,1,color_textbook_zhonggaokao_小学_KET听说读写逐项突破_KET听说读写逐项突破之轻松搞定KET写作25分 【10讲 褚连一】_第05讲第五课写作Part7详解_第五课写作Part7详解_page_001_p1_c1,color_textbook_zhonggaokao_小学_KET听说读写逐项突破_KET听说读写逐项突破之轻松搞定KET写作25分 【10讲 褚连一】_第05讲第五课写作Part7详解_第五课写作Part7详解_page_001_p1_c1,1,True,1.0
Which sentence has the wrong verb in the example?,3,color_textbook_zhonggaokao_小学_KET听说读写逐项突破_KET听说读写逐项突破之轻松搞定KET写作25分 【10讲 褚连一】_第05讲第五课写作Part7详解_第五课写作Part7详解_page_001_p1_c1,"color_textbook_zhonggaokao_小学_KET听说读写逐项突破_KET听说读写逐项突破之轻松搞定KET写作25分 【10讲 褚连一】_第05讲第五课写作Part7详解_第五课写作Part7详解_page_001_p1_c1,jiaocaineedrop_jiaocai_needrop_en_1836_p1836_c1,newspaper_The Globe and Mail - 2025-1-8@magazinesclubnew_page_014_p14_c16",1,True,1.0
Which sentence has the wrong verb in the example?,5,color_textbook_zhonggaokao_小学_KET听说读写逐项突破_KET听说读写逐项突破之轻松搞定KET写作25分 【10讲 褚连一】_第05讲第五课写作Part7详解_第五课写作Part7详解_page_001_p1_c1,"color_textbook_zhonggaokao_小学_KET听说读写逐项突破_KET听说读写逐项突破之轻松搞定KET写作25分 【10讲 褚连一】_第05讲第五课写作Part7详解_第五课写作Part7详解_page_001_p1_c1,jiaocaineedrop_jiaocai_needrop_en_1836_p1836_c1,newspaper_The Globe and Mail - 2025-1-8@magazinesclubnew_page_014_p14_c16,notes_f7f010b78016aeebd76e56d9283eb67f_72_p72_c0,notes_f7f010b78016aeebd76e56d9283eb67f_72_p72_c1",1,True,1.0
温水脱毒处理的甘蔗种苗如何影响蔗农的种植管理？,1,newspaper_fe2c8b45b2a086cd75984640bb3080e1_1_p1_c0,newspaper_fe2c8b45b2a086cd75984640bb3080e1_1_p1_c0,1,True,1.0
温水脱毒处理的甘蔗种苗如何影响蔗农的种植管理？,3,newspaper_fe2c8b45b2a086cd75984640bb3080e1_1_p1_c0,"newspaper_fe2c8b45b2a086cd75984640bb3080e1_1_p1_c0,newspaper_fe2c8b45b2a086cd75984640bb3080e1_1_p1_c1,newspaper_fe2c8b45b2a086cd75984640bb3080e1_1_p1_c8",1,True,1.0
温水脱毒处理的甘蔗种苗如何影响蔗农的种植管理？,5,newspaper_fe2c8b45b2a086cd75984640bb3080e1_1_p1_c0,"newspaper_fe2c8b45b2a086cd75984640bb3080e1_1_p1_c0,newspaper_fe2c8b45b2a086cd75984640bb3080e1_1_p1_c1,newspaper_fe2c8b45b2a086cd75984640bb3080e1_1_p1_c8,newspaper_fe2c8b45b2a086cd75984640bb3080e1_1_p1_c2,newspaper_fe2c8b45b2a086cd75984640bb3080e1_1_p1_c9",1,True,1.0
温水脱毒种苗的推广对甘蔗产量有何影响？,1,newspaper_fe2c8b45b2a086cd75984640bb3080e1_1_p1_c1,newspaper_fe2c8b45b2a086cd75984640bb3080e1_1_p1_c0,0,False,0.0
温水脱毒种苗的推广对甘蔗产量有何影响？,3,newspaper_fe2c8b45b2a086cd75984640bb3080e1_1_p1_c1,"newspaper_fe2c8b45b2a086cd75984640bb3080e1_1_p1_c0,newspaper_fe2c8b45b2a086cd75984640bb3080e1_1_p1_c1,newspaper_fe2c8b45b2a086cd75984640bb3080e1_1_p1_c8",2,True,1.0
温水脱毒种苗的推广对甘蔗产量有何影响？,5,newspaper_fe2c8b45b2a086cd75984640bb3080e1_1_p1_c1,"newspaper_fe2c8b45b2a086cd75984640bb3080e1_1_p1_c0,newspaper_fe2c8b45b2a086cd75984640bb3080e1_1_p1_c1,newspaper_fe2c8b45b2a086cd75984640bb3080e1_1_p1_c8,newspaper_fe2c8b45b2a086cd75984640bb3080e1_1_p1_c9,newspaper_fe2c8b45b2a086cd75984640bb3080e1_1_p1_c5",2,True,1.0
海丰种业与哪些机构合作开发新品种？,1,newspaper_fe2c8b45b2a086cd75984640bb3080e1_1_p1_c2,newspaper_fe2c8b45b2a086cd75984640bb3080e1_1_p1_c2,1,True,1.0
海丰种业与哪些机构合作开发新品种？,3,newspaper_fe2c8b45b2a086cd75984640bb3080e1_1_p1_c2,"newspaper_fe2c8b45b2a086cd75984640bb3080e1_1_p1_c2,newspaper_fe2c8b45b2a086cd75984640bb3080e1_1_p1_c1,newspaper_fe2c8b45b2a086cd75984640bb3080e1_1_p1_c6",1,True,1.0
海丰种业与哪些机构合作开发新品种？,5,newspaper_fe2c8b45b2a086cd75984640bb3080e1_1_p1_c2,"newspaper_fe2c8b45b2a086cd75984640bb3080e1_1_p1_c2,newspaper_fe2c8b45b2a086cd75984640bb3080e1_1_p1_c1,newspaper_fe2c8b45b2a086cd75984640bb3080e1_1_p1_c6,newspaper_fe2c8b45b2a086cd75984640bb3080e1_1_p1_c8,newspaper_fe2c8b45b2a086cd75984640bb3080e1_1_p1_c4",1,True,1.0
朱英国团队在20世纪70年代成功培育出了什么细胞质雄性不育系？,1,newspaper_fe2c8b45b2a086cd75984640bb3080e1_1_p1_c3,newspaper_fe2c8b45b2a086cd75984640bb3080e1_1_p1_c3,1,True,1.0
朱英国团队在20世纪70年代成功培育出了什么细胞质雄性不育系？,3,newspaper_fe2c8b45b2a086cd75984640bb3080e1_1_p1_c3,"newspaper_fe2c8b45b2a086cd75984640bb3080e1_1_p1_c3,newspaper_fe2c8b45b2a086cd75984640bb3080e1_1_p1_c4,newspaper_fe2c8b45b2a086cd75984640bb3080e1_1_p1_c2",1,True,1.0
朱英国团队在20世纪70年代成功培育出了什么细胞质雄性不育系？,5,newspaper_fe2c8b45b2a086cd75984640bb3080e1_1_p1_c3,"newspaper_fe2c8b45b2a086cd75984640bb3080e1_1_p1_c3,newspaper_fe2c8b45b2a086cd75984640bb3080e1_1_p1_c4,newspaper_fe2c8b45b2a086cd75984640bb3080e1_1_p1_c2,newspaper_fe2c8b45b2a086cd75984640bb3080e1_1_p1_c5,newspaper_fe2c8b45b2a086cd75984640bb3080e1_1_p1_c6",1,True,1.0
朱英国团队如何确保繁殖优质、高产的亲本？,1,newspaper_fe2c8b45b2a086cd75984640bb3080e1_1_p1_c4,newspaper_fe2c8b45b2a086cd75984640bb3080e1_1_p1_c4,1,True,1.0
朱英国团队如何确保繁殖优质、高产的亲本？,3,newspaper_fe2c8b45b2a086cd75984640bb3080e1_1_p1_c4,"newspaper_fe2c8b45b2a086cd75984640bb3080e1_1_p1_c4,newspaper_fe2c8b45b2a086cd75984640bb3080e1_1_p1_c3,newspaper_fe2c8b45b2a086cd75984640bb3080e1_1_p1_c2",1,True,1.0
朱英国团队如何确保繁殖优质、高产的亲本？,5,newspaper_fe2c8b45b2a086cd75984640bb3080e1_1_p1_c4,"newspaper_fe2c8b45b2a086cd75984640bb3080e1_1_p1_c4,newspaper_fe2c8b45b2a086cd75984640bb3080e1_1_p1_c3,newspaper_fe2c8b45b2a086cd75984640bb3080e1_1_p1_c2,newspaper_fe2c8b45b2a086cd75984640bb3080e1_1_p1_c5,newspaper_fe2c8b45b2a086cd75984640bb3080e1_1_p1_c8",1,True,1.0
红莲型杂交水稻珞优8号在越南创下哪三项第一？,1,newspaper_fe2c8b45b2a086cd75984640bb3080e1_1_p1_c5,newspaper_fe2c8b45b2a086cd75984640bb3080e1_1_p1_c5,1,True,1.0
红莲型杂交水稻珞优8号在越南创下哪三项第一？,3,newspaper_fe2c8b45b2a086cd75984640bb3080e1_1_p1_c5,"newspaper_fe2c8b45b2a086cd75984640bb3080e1_1_p1_c5,newspaper_fe2c8b45b2a086cd75984640bb3080e1_1_p1_c4,newspaper_fe2c8b45b2a086cd75984640bb3080e1_1_p1_c2",1,True,1.0
红莲型杂交水稻珞优8号在越南创下哪三项第一？,5,newspaper_fe2c8b45b2a086cd75984640bb3080e1_1_p1_c5,"newspaper_fe2c8b45b2a086cd75984640bb3080e1_1_p1_c5,newspaper_fe2c8b45b2a086cd75984640bb3080e1_1_p1_c4,newspaper_fe2c8b45b2a086cd75984640bb3080e1_1_p1_c2,newspaper_fe2c8b45b2a086cd75984640bb3080e1_1_p1_c3,newspaper_fe2c8b45b2a086cd75984640bb3080e1_1_p1_c8",1,True,1.0
滑丰种业如何确保新品种的快速推广？,1,newspaper_fe2c8b45b2a086cd75984640bb3080e1_1_p1_c6,newspaper_fe2c8b45b2a086cd75984640bb3080e1_1_p1_c7,0,False,0.0
滑丰种业如何确保新品种的快速推广？,3,newspaper_fe2c8b45b2a086cd75984640bb3080e1_1_p1_c6,"newspaper_fe2c8b45b2a086cd75984640bb3080e1_1_p1_c7,newspaper_fe2c8b45b2a086cd75984640bb3080e1_1_p1_c6,newspaper_fe2c8b45b2a086cd75984640bb3080e1_1_p1_c8",2,True,1.0
滑丰种业如何确保新品种的快速推广？,5,newspaper_fe2c8b45b2a086cd75984640bb3080e1_1_p1_c6,"newspaper_fe2c8b45b2a086cd75984640bb3080e1_1_p1_c7,newspaper_fe2c8b45b2a086cd75984640bb3080e1_1_p1_c6,newspaper_fe2c8b45b2a086cd75984640bb3080e1_1_p1_c8,newspaper_fe2c8b45b2a086cd75984640bb3080e1_1_p1_c5,newspaper_fe2c8b45b2a086cd75984640bb3080e1_1_p1_c4",2,True,1.0
赵秀珍如何确保农民买到优良品种？,1,newspaper_fe2c8b45b2a086cd75984640bb3080e1_1_p1_c7,newspaper_fe2c8b45b2a086cd75984640bb3080e1_1_p1_c7,1,True,1.0
赵秀珍如何确保农民买到优良品种？,3,newspaper_fe2c8b45b2a086cd75984640bb3080e1_1_p1_c7,"newspaper_fe2c8b45b2a086cd75984640bb3080e1_1_p1_c7,newspaper_fe2c8b45b2a086cd75984640bb3080e1_1_p1_c8,newspaper_fe2c8b45b2a086cd75984640bb3080e1_1_p1_c6",1,True,1.0
赵秀珍如何确保农民买到优良品种？,5,newspaper_fe2c8b45b2a086cd75984640bb3080e1_1_p1_c7,"newspaper_fe2c8b45b2a086cd75984640bb3080e1_1_p1_c7,newspaper_fe2c8b45b2a086cd75984640bb3080e1_1_p1_c8,newspaper_fe2c8b45b2a086cd75984640bb3080e1_1_p1_c6,newspaper_fe2c8b45b2a086cd75984640bb3080e1_1_p1_c9,newspaper_fe2c8b45b2a086cd75984640bb3080e1_1_p1_c4",1,True,1.0
承德县被农业部评为什么称号？,1,newspaper_fe2c8b45b2a086cd75984640bb3080e1_1_p1_c8,newspaper_fe2c8b45b2a086cd75984640bb3080e1_1_p1_c8,1,True,1.0
承德县被农业部评为什么称号？,3,newspaper_fe2c8b45b2a086cd75984640bb3080e1_1_p1_c8,"newspaper_fe2c8b45b2a086cd75984640bb3080e1_1_p1_c8,newspaper_fe2c8b45b2a086cd75984640bb3080e1_1_p1_c6,newspaper_0b1bb8d03b4287eb95f67b68c2cf9f92_1_p1_c0",1,True,1.0
承德县被农业部评为什么称号？,5,newspaper_fe2c8b45b2a086cd75984640bb3080e1_1_p1_c8,"newspaper_fe2c8b45b2a086cd75984640bb3080e1_1_p1_c8,newspaper_fe2c8b45b2a086cd75984640bb3080e1_1_p1_c6,newspaper_0b1bb8d03b4287eb95f67b68c2cf9f92_1_p1_c0,newspaper_35bdaa11dec104ccbdc9e19ac8527d21_1_p1_c5,newspaper_fe2c8b45b2a086cd75984640bb3080e1_1_p1_c7",1,True,1.0
谁获得了20万元大奖？,1,newspaper_fe2c8b45b2a086cd75984640bb3080e1_1_p1_c9,newspaper_b95d1d8eb0d756cc94a5d8b5db3cf69b_1_p1_c5,0,False,0.0
谁获得了20万元大奖？,3,newspaper_fe2c8b45b2a086cd75984640bb3080e1_1_p1_c9,"newspaper_b95d1d8eb0d756cc94a5d8b5db3cf69b_1_p1_c5,newspaper_e62730aaeb9b509119e0c3699ac18201_1_p1_c5,newspaper_e62730aaeb9b509119e0c3699ac18201_1_p1_c8",0,False,0.0
谁获得了20万元大奖？,5,newspaper_fe2c8b45b2a086cd75984640bb3080e1_1_p1_c9,"newspaper_b95d1d8eb0d756cc94a5d8b5db3cf69b_1_p1_c5,newspaper_e62730aaeb9b509119e0c3699ac18201_1_p1_c5,newspaper_e62730aaeb9b509119e0c3699ac18201_1_p1_c8,yanbaopptmerge_yanbaoPPT_4975_p4975_c0,color_textbook_zhonggaokao_小学_KET听说读写逐项突破_KET听说读写逐项突破之轻松搞定KET写作25分 【10讲 褚连一】_第10讲第十课写作Part9小作文练习_第十课写作Part9小作文练习_page_010_p10_c1",0,False,0.0
正雅齿科的创始人兼董事长是谁？,1,yanbaor2_bfe5f11c4ad2e94d966ef6801dc992816f42c9150e2be42b008c95f59713e901.pdf_139_p139_c0,yanbaor2_bfe5f11c4ad2e94d966ef6801dc992816f42c9150e2be42b008c95f59713e901.pdf_139_p139_c0,1,True,1.0
正雅齿科的创始人兼董事长是谁？,3,yanbaor2_bfe5f11c4ad2e94d966ef6801dc992816f42c9150e2be42b008c95f59713e901.pdf_139_p139_c0,"yanbaor2_bfe5f11c4ad2e94d966ef6801dc992816f42c9150e2be42b008c95f59713e901.pdf_139_p139_c0,yanbaor2_bfe5f11c4ad2e94d966ef6801dc992816f42c9150e2be42b008c95f59713e901.pdf_137_p137_c0,newspaper_b95d1d8eb0d756cc94a5d8b5db3cf69b_1_p1_c7",1,True,1.0
正雅齿科的创始人兼董事长是谁？,5,yanbaor2_bfe5f11c4ad2e94d966ef6801dc992816f42c9150e2be42b008c95f59713e901.pdf_139_p139_c0,"yanbaor2_bfe5f11c4ad2e94d966ef6801dc992816f42c9150e2be42b008c95f59713e901.pdf_139_p139_c0,yanbaor2_bfe5f11c4ad2e94d966ef6801dc992816f42c9150e2be42b008c95f59713e901.pdf_137_p137_c0,newspaper_b95d1d8eb0d756cc94a5d8b5db3cf69b_1_p1_c7,eastmoney_f671ab94bf8b8274d6736f1a3dc775b3b74fa68686df2946aa5307b6b2a32062.pdf_18_p18_c2,yanbaor2_bfe5f11c4ad2e94d966ef6801dc992816f42c9150e2be42b008c95f59713e901.pdf_139_p139_c1",1,True,1.0
哪些机构是毕马威国际有限公司的成员？,1,yanbaor2_bfe5f11c4ad2e94d966ef6801dc992816f42c9150e2be42b008c95f59713e901.pdf_139_p139_c1,yanbaor2_bfe5f11c4ad2e94d966ef6801dc992816f42c9150e2be42b008c95f59713e901.pdf_139_p139_c1,1,True,1.0
哪些机构是毕马威国际有限公司的成员？,3,yanbaor2_bfe5f11c4ad2e94d966ef6801dc992816f42c9150e2be42b008c95f59713e901.pdf_139_p139_c1,"yanbaor2_bfe5f11c4ad2e94d966ef6801dc992816f42c9150e2be42b008c95f59713e901.pdf_139_p139_c1,yanbaor2_bfe5f11c4ad2e94d966ef6801dc992816f42c9150e2be42b008c95f59713e901.pdf_137_p137_c1,yanbaor2_7f386f737cb55cffa10c8321a94bd38d7169cd69b3b253b9e2e502c12a68feea.pdf_15_p15_c0",1,True,1.0
哪些机构是毕马威国际有限公司的成员？,5,yanbaor2_bfe5f11c4ad2e94d966ef6801dc992816f42c9150e2be42b008c95f59713e901.pdf_139_p139_c1,"yanbaor2_bfe5f11c4ad2e94d966ef6801dc992816f42c9150e2be42b008c95f59713e901.pdf_139_p139_c1,yanbaor2_bfe5f11c4ad2e94d966ef6801dc992816f42c9150e2be42b008c95f59713e901.pdf_137_p137_c1,yanbaor2_7f386f737cb55cffa10c8321a94bd38d7169cd69b3b253b9e2e502c12a68feea.pdf_15_p15_c0,yanbaor2_7f386f737cb55cffa10c8321a94bd38d7169cd69b3b253b9e2e502c12a68feea.pdf_15_p15_c1,yanbaor2_3e1be78252e2fdfe1adf12bba38ec2a7b30699e152d61269aa6e5827f5adcc35.pdf_13_p13_c1",1,True,1.0
Who was offered refuge at Microsoft on November 20th?,1,magazine_TheEconomist.2023.11.25_page_069_p69_c0,magazine_TheEconomist.2023.11.25_page_069_p69_c0,1,True,1.0
Who was offered refuge at Microsoft on November 20th?,3,magazine_TheEconomist.2023.11.25_page_069_p69_c0,"magazine_TheEconomist.2023.11.25_page_069_p69_c0,magazine_TheEconomist.2023.11.25_page_069_p69_c4,magazine_TheEconomist.2023.11.25_page_069_p69_c1",1,True,1.0
Who was offered refuge at Microsoft on November 20th?,5,magazine_TheEconomist.2023.11.25_page_069_p69_c0,"magazine_TheEconomist.2023.11.25_page_069_p69_c0,magazine_TheEconomist.2023.11.25_page_069_p69_c4,magazine_TheEconomist.2023.11.25_page_069_p69_c1,magazine_TheEconomist.2023.11.25_page_069_p69_c5,magazine_TheEconomist.2024.03.09_page_064_p64_c3",1,True,1.0
Who is Helen Toner according to the text?,1,magazine_TheEconomist.2023.11.25_page_069_p69_c2,magazine_TheEconomist.2023.11.25_page_069_p69_c3,0,False,0.0
Who is Helen Toner according to the text?,3,magazine_TheEconomist.2023.11.25_page_069_p69_c2,"magazine_TheEconomist.2023.11.25_page_069_p69_c3,newspaper_The Wall Street Journal - 2025-01-08@magazinesclubnew_page_018_p18_c2,newspaper_The Globe and Mail - 2025-1-8@magazinesclubnew_page_014_p14_c10",0,False,0.0
Who is Helen Toner according to the text?,5,magazine_TheEconomist.2023.11.25_page_069_p69_c2,"magazine_TheEconomist.2023.11.25_page_069_p69_c3,newspaper_The Wall Street Journal - 2025-01-08@magazinesclubnew_page_018_p18_c2,newspaper_The Globe and Mail - 2025-1-8@magazinesclubnew_page_014_p14_c10,newspaper_The Globe and Mail - 2025-1-8@magazinesclubnew_page_027_p27_c0,magazine_TheEconomist.2023.12.09_page_082_p82_c2",0,False,0.0
Who was Helen Toner affiliated with?,1,magazine_TheEconomist.2023.11.25_page_069_p69_c3,magazine_TheEconomist.2023.11.25_page_069_p69_c3,1,True,1.0
Who was Helen Toner affiliated with?,3,magazine_TheEconomist.2023.11.25_page_069_p69_c3,"magazine_TheEconomist.2023.11.25_page_069_p69_c3,magazine_TheEconomist.2023.12.09_page_082_p82_c4,magazine_TheEconomist.2023.12.09_page_082_p82_c2",1,True,1.0
Who was Helen Toner affiliated with?,5,magazine_TheEconomist.2023.11.25_page_069_p69_c3,"magazine_TheEconomist.2023.11.25_page_069_p69_c3,magazine_TheEconomist.2023.12.09_page_082_p82_c4,magazine_TheEconomist.2023.12.09_page_082_p82_c2,magazine_TheEconomist.2023.12.09_page_082_p82_c9,newspaper_The Wall Street Journal - 2025-01-08@magazinesclubnew_page_018_p18_c2",1,True,1.0
What did Microsoft pledge to do regarding OpenAI's team?,1,magazine_TheEconomist.2023.11.25_page_069_p69_c4,magazine_TheEconomist.2023.11.25_page_069_p69_c4,1,True,1.0
What did Microsoft pledge to do regarding OpenAI's team?,3,magazine_TheEconomist.2023.11.25_page_069_p69_c4,"magazine_TheEconomist.2023.11.25_page_069_p69_c4,magazine_TheEconomist.2023.11.25_page_069_p69_c0,magazine_TheEconomist.2023.11.25_page_069_p69_c1",1,True,1.0
What did Microsoft pledge to do regarding OpenAI's team?,5,magazine_TheEconomist.2023.11.25_page_069_p69_c4,"magazine_TheEconomist.2023.11.25_page_069_p69_c4,magazine_TheEconomist.2023.11.25_page_069_p69_c0,magazine_TheEconomist.2023.11.25_page_069_p69_c1,magazine_TheEconomist.2023.11.25_page_069_p69_c5,magazine_TheEconomist.2023.11.25_page_069_p69_c2",1,True,1.0
Who are the individuals who backed Mr Altman's dismissal?,1,magazine_TheEconomist.2023.11.25_page_069_p69_c5,magazine_TheEconomist.2023.11.25_page_069_p69_c5,1,True,1.0
Who are the individuals who backed Mr Altman's dismissal?,3,magazine_TheEconomist.2023.11.25_page_069_p69_c5,"magazine_TheEconomist.2023.11.25_page_069_p69_c5,magazine_TheEconomist.2023.11.25_page_069_p69_c0,magazine_TheEconomist.2023.11.25_page_069_p69_c4",1,True,1.0
Who are the individuals who backed Mr Altman's dismissal?,5,magazine_TheEconomist.2023.11.25_page_069_p69_c5,"magazine_TheEconomist.2023.11.25_page_069_p69_c5,magazine_TheEconomist.2023.11.25_page_069_p69_c0,magazine_TheEconomist.2023.11.25_page_069_p69_c4,magazine_TheEconomist.2023.11.25_page_069_p69_c1,magazine_TheEconomist.2023.11.25_page_069_p69_c3",1,True,1.0
What is the MDL value for PCB congener 8?,1,docstructbench_llm-raw-scihub-o.O-j.chroma.2005.03.134.pdf_6_p6_c0,docstructbench_llm-raw-scihub-o.O-j.chroma.2005.03.134.pdf_6_p6_c0,1,True,1.0
What is the MDL value for PCB congener 8?,3,docstructbench_llm-raw-scihub-o.O-j.chroma.2005.03.134.pdf_6_p6_c0,"docstructbench_llm-raw-scihub-o.O-j.chroma.2005.03.134.pdf_6_p6_c0,docstructbench_llm-raw-scihub-o.O-j.chroma.2005.03.134.pdf_6_p6_c6,docstructbench_llm-raw-scihub-o.O-j.chroma.2005.03.134.pdf_6_p6_c2",1,True,1.0
What is the MDL value for PCB congener 8?,5,docstructbench_llm-raw-scihub-o.O-j.chroma.2005.03.134.pdf_6_p6_c0,"docstructbench_llm-raw-scihub-o.O-j.chroma.2005.03.134.pdf_6_p6_c0,docstructbench_llm-raw-scihub-o.O-j.chroma.2005.03.134.pdf_6_p6_c6,docstructbench_llm-raw-scihub-o.O-j.chroma.2005.03.134.pdf_6_p6_c2,docstructbench_llm-raw-scihub-o.O-j.chroma.2005.03.134.pdf_6_p6_c3,docstructbench_llm-raw-scihub-o.O-j.chroma.2005.03.134.pdf_6_p6_c7",1,True,1.0
What is the m/z value for Tetrachlorobiphenyl?,1,docstructbench_llm-raw-scihub-o.O-j.chroma.2005.03.134.pdf_6_p6_c1,docstructbench_llm-raw-scihub-o.O-j.chroma.2005.03.134.pdf_6_p6_c1,1,True,1.0
What is the m/z value for Tetrachlorobiphenyl?,3,docstructbench_llm-raw-scihub-o.O-j.chroma.2005.03.134.pdf_6_p6_c1,"docstructbench_llm-raw-scihub-o.O-j.chroma.2005.03.134.pdf_6_p6_c1,docstructbench_llm-raw-scihub-o.O-j.chroma.2005.03.134.pdf_6_p6_c0,docstructbench_llm-raw-scihub-o.O-j.chroma.2005.03.134.pdf_6_p6_c4",1,True,1.0
What is the m/z value for Tetrachlorobiphenyl?,5,docstructbench_llm-raw-scihub-o.O-j.chroma.2005.03.134.pdf_6_p6_c1,"docstructbench_llm-raw-scihub-o.O-j.chroma.2005.03.134.pdf_6_p6_c1,docstructbench_llm-raw-scihub-o.O-j.chroma.2005.03.134.pdf_6_p6_c0,docstructbench_llm-raw-scihub-o.O-j.chroma.2005.03.134.pdf_6_p6_c4,docstructbench_llm-raw-scihub-o.O-j.chroma.2005.03.134.pdf_6_p6_c2,docstructbench_llm-raw-scihub-o.O-j.chroma.2005.03.134.pdf_6_p6_c5",1,True,1.0
What is the m/z value for Pentachlorobiphenyl?,1,docstructbench_llm-raw-scihub-o.O-j.chroma.2005.03.134.pdf_6_p6_c2,docstructbench_llm-raw-scihub-o.O-j.chroma.2005.03.134.pdf_6_p6_c2,1,True,1.0
What is the m/z value for Pentachlorobiphenyl?,3,docstructbench_llm-raw-scihub-o.O-j.chroma.2005.03.134.pdf_6_p6_c2,"docstructbench_llm-raw-scihub-o.O-j.chroma.2005.03.134.pdf_6_p6_c2,docstructbench_llm-raw-scihub-o.O-j.chroma.2005.03.134.pdf_6_p6_c5,docstructbench_llm-raw-scihub-o.O-j.chroma.2005.03.134.pdf_6_p6_c4",1,True,1.0
What is the m/z value for Pentachlorobiphenyl?,5,docstructbench_llm-raw-scihub-o.O-j.chroma.2005.03.134.pdf_6_p6_c2,"docstructbench_llm-raw-scihub-o.O-j.chroma.2005.03.134.pdf_6_p6_c2,docstructbench_llm-raw-scihub-o.O-j.chroma.2005.03.134.pdf_6_p6_c5,docstructbench_llm-raw-scihub-o.O-j.chroma.2005.03.134.pdf_6_p6_c4,docstructbench_llm-raw-scihub-o.O-j.chroma.2005.03.134.pdf_6_p6_c0,docstructbench_llm-raw-scihub-o.O-j.chroma.2005.03.134.pdf_6_p6_c1",1,True,1.0
What is the m/z value for Hexachlorobiphenyl?,1,docstructbench_llm-raw-scihub-o.O-j.chroma.2005.03.134.pdf_6_p6_c3,docstructbench_llm-raw-scihub-o.O-j.chroma.2005.03.134.pdf_6_p6_c3,1,True,1.0
What is the m/z value for Hexachlorobiphenyl?,3,docstructbench_llm-raw-scihub-o.O-j.chroma.2005.03.134.pdf_6_p6_c3,"docstructbench_llm-raw-scihub-o.O-j.chroma.2005.03.134.pdf_6_p6_c3,docstructbench_llm-raw-scihub-o.O-j.chroma.2005.03.134.pdf_6_p6_c4,docstructbench_llm-raw-scihub-o.O-j.chroma.2005.03.134.pdf_6_p6_c0",1,True,1.0
What is the m/z value for Hexachlorobiphenyl?,5,docstructbench_llm-raw-scihub-o.O-j.chroma.2005.03.134.pdf_6_p6_c3,"docstructbench_llm-raw-scihub-o.O-j.chroma.2005.03.134.pdf_6_p6_c3,docstructbench_llm-raw-scihub-o.O-j.chroma.2005.03.134.pdf_6_p6_c4,docstructbench_llm-raw-scihub-o.O-j.chroma.2005.03.134.pdf_6_p6_c0,docstructbench_llm-raw-scihub-o.O-j.chroma.2005.03.134.pdf_6_p6_c1,docstructbench_llm-raw-scihub-o.O-j.chroma.2005.03.134.pdf_6_p6_c5",1,True,1.0
What is the m/z value for Heptachlorobiphenyl?,1,docstructbench_llm-raw-scihub-o.O-j.chroma.2005.03.134.pdf_6_p6_c4,docstructbench_llm-raw-scihub-o.O-j.chroma.2005.03.134.pdf_6_p6_c4,1,True,1.0
What is the m/z value for Heptachlorobiphenyl?,3,docstructbench_llm-raw-scihub-o.O-j.chroma.2005.03.134.pdf_6_p6_c4,"docstructbench_llm-raw-scihub-o.O-j.chroma.2005.03.134.pdf_6_p6_c4,docstructbench_llm-raw-scihub-o.O-j.chroma.2005.03.134.pdf_6_p6_c3,docstructbench_llm-raw-scihub-o.O-j.chroma.2005.03.134.pdf_6_p6_c0",1,True,1.0
What is the m/z value for Heptachlorobiphenyl?,5,docstructbench_llm-raw-scihub-o.O-j.chroma.2005.03.134.pdf_6_p6_c4,"docstructbench_llm-raw-scihub-o.O-j.chroma.2005.03.134.pdf_6_p6_c4,docstructbench_llm-raw-scihub-o.O-j.chroma.2005.03.134.pdf_6_p6_c3,docstructbench_llm-raw-scihub-o.O-j.chroma.2005.03.134.pdf_6_p6_c0,docstructbench_llm-raw-scihub-o.O-j.chroma.2005.03.134.pdf_6_p6_c1,docstructbench_llm-raw-scihub-o.O-j.chroma.2005.03.134.pdf_6_p6_c5",1,True,1.0
What is the m/z value for octachlorobiphenyl?,1,docstructbench_llm-raw-scihub-o.O-j.chroma.2005.03.134.pdf_6_p6_c5,docstructbench_llm-raw-scihub-o.O-j.chroma.2005.03.134.pdf_6_p6_c6,0,False,0.0
What is the m/z value for octachlorobiphenyl?,3,docstructbench_llm-raw-scihub-o.O-j.chroma.2005.03.134.pdf_6_p6_c5,"docstructbench_llm-raw-scihub-o.O-j.chroma.2005.03.134.pdf_6_p6_c6,docstructbench_llm-raw-scihub-o.O-j.chroma.2005.03.134.pdf_6_p6_c5,docstructbench_llm-raw-scihub-o.O-j.chroma.2005.03.134.pdf_6_p6_c0",2,True,1.0
What is the m/z value for octachlorobiphenyl?,5,docstructbench_llm-raw-scihub-o.O-j.chroma.2005.03.134.pdf_6_p6_c5,"docstructbench_llm-raw-scihub-o.O-j.chroma.2005.03.134.pdf_6_p6_c6,docstructbench_llm-raw-scihub-o.O-j.chroma.2005.03.134.pdf_6_p6_c5,docstructbench_llm-raw-scihub-o.O-j.chroma.2005.03.134.pdf_6_p6_c0,docstructbench_llm-raw-scihub-o.O-j.chroma.2005.03.134.pdf_6_p6_c1,docstructbench_llm-raw-scihub-o.O-j.chroma.2005.03.134.pdf_6_p6_c3",2,True,1.0
What is the MDL value mentioned in the document fragment?,1,docstructbench_llm-raw-scihub-o.O-j.chroma.2005.03.134.pdf_6_p6_c6,docstructbench_llm-raw-scihub-o.O-j.chroma.2005.03.134.pdf_6_p6_c6,1,True,1.0
What is the MDL value mentioned in the document fragment?,3,docstructbench_llm-raw-scihub-o.O-j.chroma.2005.03.134.pdf_6_p6_c6,"docstructbench_llm-raw-scihub-o.O-j.chroma.2005.03.134.pdf_6_p6_c6,docstructbench_llm-raw-scihub-o.O-j.chroma.2005.03.134.pdf_6_p6_c7,docstructbench_llm-raw-scihub-o.O-j.chroma.2005.03.134.pdf_6_p6_c0",1,True,1.0
What is the MDL value mentioned in the document fragment?,5,docstructbench_llm-raw-scihub-o.O-j.chroma.2005.03.134.pdf_6_p6_c6,"docstructbench_llm-raw-scihub-o.O-j.chroma.2005.03.134.pdf_6_p6_c6,docstructbench_llm-raw-scihub-o.O-j.chroma.2005.03.134.pdf_6_p6_c7,docstructbench_llm-raw-scihub-o.O-j.chroma.2005.03.134.pdf_6_p6_c0,docstructbench_llm-raw-scihub-o.O-j.chroma.2005.03.134.pdf_6_p6_c1,docstructbench_llm-raw-scihub-o.O-j.chroma.2005.03.134.pdf_6_p6_c4",1,True,1.0
What is the MDL value given in the document fragment?,1,docstructbench_llm-raw-scihub-o.O-j.chroma.2005.03.134.pdf_6_p6_c7,docstructbench_llm-raw-scihub-o.O-j.chroma.2005.03.134.pdf_6_p6_c6,0,False,0.0
What is the MDL value given in the document fragment?,3,docstructbench_llm-raw-scihub-o.O-j.chroma.2005.03.134.pdf_6_p6_c7,"docstructbench_llm-raw-scihub-o.O-j.chroma.2005.03.134.pdf_6_p6_c6,docstructbench_llm-raw-scihub-o.O-j.chroma.2005.03.134.pdf_6_p6_c7,docstructbench_llm-raw-scihub-o.O-j.chroma.2005.03.134.pdf_6_p6_c0",2,True,1.0
What is the MDL value given in the document fragment?,5,docstructbench_llm-raw-scihub-o.O-j.chroma.2005.03.134.pdf_6_p6_c7,"docstructbench_llm-raw-scihub-o.O-j.chroma.2005.03.134.pdf_6_p6_c6,docstructbench_llm-raw-scihub-o.O-j.chroma.2005.03.134.pdf_6_p6_c7,docstructbench_llm-raw-scihub-o.O-j.chroma.2005.03.134.pdf_6_p6_c0,docstructbench_llm-raw-scihub-o.O-j.chroma.2005.03.134.pdf_6_p6_c1,docstructbench_llm-raw-scihub-o.O-j.chroma.2005.03.134.pdf_6_p6_c3",2,True,1.0
What did Sandra Day pack for the cowboys' lunch?,1,magazine_TheEconomist.2023.12.09_page_082_p82_c0,magazine_TheEconomist.2023.12.09_page_082_p82_c0,1,True,1.0
What did Sandra Day pack for the cowboys' lunch?,3,magazine_TheEconomist.2023.12.09_page_082_p82_c0,"magazine_TheEconomist.2023.12.09_page_082_p82_c0,magazine_TheEconomist.2023.12.09_page_082_p82_c1,magazine_TheEconomist.2023.12.09_page_082_p82_c10",1,True,1.0
What did Sandra Day pack for the cowboys' lunch?,5,magazine_TheEconomist.2023.12.09_page_082_p82_c0,"magazine_TheEconomist.2023.12.09_page_082_p82_c0,magazine_TheEconomist.2023.12.09_page_082_p82_c1,magazine_TheEconomist.2023.12.09_page_082_p82_c10,color_textbook_教材全解1+1二年级上册英语上海牛津版_page_067_p67_c1,jiaocaineedrop_Chapter9.pdf_46_p46_c2",1,True,1.0
What was the woman's allotted job?,1,magazine_TheEconomist.2023.12.09_page_082_p82_c1,magazine_TheEconomist.2023.12.09_page_082_p82_c1,1,True,1.0
What was the woman's allotted job?,3,magazine_TheEconomist.2023.12.09_page_082_p82_c1,"magazine_TheEconomist.2023.12.09_page_082_p82_c1,magazine_TheEconomist.2023.12.09_page_082_p82_c8,magazine_TheEconomist.2023.12.09_page_082_p82_c3",1,True,1.0
What was the woman's allotted job?,5,magazine_TheEconomist.2023.12.09_page_082_p82_c1,"magazine_TheEconomist.2023.12.09_page_082_p82_c1,magazine_TheEconomist.2023.12.09_page_082_p82_c8,magazine_TheEconomist.2023.12.09_page_082_p82_c3,magazine_TheEconomist.2023.12.09_page_082_p82_c2,newspaper_USAToday-2025-01-08@magazinesclubnew_page_021_p21_c10",1,True,1.0
What did she leave Stanford Law to find?,1,magazine_TheEconomist.2023.12.09_page_082_p82_c2,magazine_TheEconomist.2023.12.09_page_082_p82_c2,1,True,1.0
What did she leave Stanford Law to find?,3,magazine_TheEconomist.2023.12.09_page_082_p82_c2,"magazine_TheEconomist.2023.12.09_page_082_p82_c2,magazine_TheEconomist.2023.12.09_page_082_p82_c3,magazine_TheEconomist.2023.12.09_page_082_p82_c4",1,True,1.0
What did she leave Stanford Law to find?,5,magazine_TheEconomist.2023.12.09_page_082_p82_c2,"magazine_TheEconomist.2023.12.09_page_082_p82_c2,magazine_TheEconomist.2023.12.09_page_082_p82_c3,magazine_TheEconomist.2023.12.09_page_082_p82_c4,magazine_TheEconomist.2023.12.09_page_082_p82_c5,magazine_TheEconomist.2023.12.09_page_082_p82_c6",1,True,1.0
What was the reason she was asked how well she could type?,1,magazine_TheEconomist.2023.12.09_page_082_p82_c3,magazine_TheEconomist.2023.12.09_page_082_p82_c3,1,True,1.0
What was the reason she was asked how well she could type?,3,magazine_TheEconomist.2023.12.09_page_082_p82_c3,"magazine_TheEconomist.2023.12.09_page_082_p82_c3,magazine_TheEconomist.2023.12.09_page_082_p82_c1,magazine_TheEconomist.2023.12.09_page_082_p82_c6",1,True,1.0
What was the reason she was asked how well she could type?,5,magazine_TheEconomist.2023.12.09_page_082_p82_c3,"magazine_TheEconomist.2023.12.09_page_082_p82_c3,magazine_TheEconomist.2023.12.09_page_082_p82_c1,magazine_TheEconomist.2023.12.09_page_082_p82_c6,magazine_TheEconomist.2023.12.09_page_082_p82_c8,magazine_TheEconomist.2023.12.09_page_082_p82_c2",1,True,1.0
What did she write about not all crises?,1,magazine_TheEconomist.2023.12.09_page_082_p82_c4,magazine_TheEconomist.2023.12.09_page_082_p82_c4,1,True,1.0
What did she write about not all crises?,3,magazine_TheEconomist.2023.12.09_page_082_p82_c4,"magazine_TheEconomist.2023.12.09_page_082_p82_c4,magazine_TheEconomist.2023.12.09_page_082_p82_c5,yanbaopptmerge_yanbaoPPT_5620_p5620_c0",1,True,1.0
What did she write about not all crises?,5,magazine_TheEconomist.2023.12.09_page_082_p82_c4,"magazine_TheEconomist.2023.12.09_page_082_p82_c4,magazine_TheEconomist.2023.12.09_page_082_p82_c5,yanbaopptmerge_yanbaoPPT_5620_p5620_c0,jiaocaineedrop_unit2t03.pdf_63_p63_c3,color_textbook_zhonggaokao_小学_13.人教新起点英语（4-5年级）_人教新起点五年级英语下册_课本_人教新起点英语5B电子课本_page_011_p11_c1",1,True,1.0
What did she rule against in a gerrymandering case?,1,magazine_TheEconomist.2023.12.09_page_082_p82_c5,magazine_TheEconomist.2023.12.09_page_082_p82_c5,1,True,1.0
What did she rule against in a gerrymandering case?,3,magazine_TheEconomist.2023.12.09_page_082_p82_c5,"magazine_TheEconomist.2023.12.09_page_082_p82_c5,magazine_TheEconomist.2023.12.09_page_082_p82_c7,magazine_TheEconomist.2023.12.09_page_082_p82_c6",1,True,1.0
What did she rule against in a gerrymandering case?,5,magazine_TheEconomist.2023.12.09_page_082_p82_c5,"magazine_TheEconomist.2023.12.09_page_082_p82_c5,magazine_TheEconomist.2023.12.09_page_082_p82_c7,magazine_TheEconomist.2023.12.09_page_082_p82_c6,magazine_TheEconomist.2023.12.09_page_082_p82_c8,magazine_TheEconomist.2023.12.09_page_082_p82_c4",1,True,1.0
What did she admit to falling under the spell of?,1,magazine_TheEconomist.2023.12.09_page_082_p82_c6,magazine_TheEconomist.2023.12.09_page_082_p82_c6,1,True,1.0
What did she admit to falling under the spell of?,3,magazine_TheEconomist.2023.12.09_page_082_p82_c6,"magazine_TheEconomist.2023.12.09_page_082_p82_c6,magazine_TheEconomist.2023.12.09_page_082_p82_c5,magazine_TheEconomist.2023.12.09_page_082_p82_c2",1,True,1.0
What did she admit to falling under the spell of?,5,magazine_TheEconomist.2023.12.09_page_082_p82_c6,"magazine_TheEconomist.2023.12.09_page_082_p82_c6,magazine_TheEconomist.2023.12.09_page_082_p82_c5,magazine_TheEconomist.2023.12.09_page_082_p82_c2,magazine_TheEconomist.2023.12.09_page_082_p82_c4,magazine_TheEconomist.2023.12.09_page_082_p82_c10",1,True,1.0
What was the main reason she did not overturn Roe v Wade?,1,magazine_TheEconomist.2023.12.09_page_082_p82_c7,magazine_TheEconomist.2023.12.09_page_082_p82_c7,1,True,1.0
What was the main reason she did not overturn Roe v Wade?,3,magazine_TheEconomist.2023.12.09_page_082_p82_c7,"magazine_TheEconomist.2023.12.09_page_082_p82_c7,magazine_TheEconomist.2023.12.09_page_082_p82_c6,magazine_TheEconomist.2023.12.09_page_082_p82_c8",1,True,1.0
What was the main reason she did not overturn Roe v Wade?,5,magazine_TheEconomist.2023.12.09_page_082_p82_c7,"magazine_TheEconomist.2023.12.09_page_082_p82_c7,magazine_TheEconomist.2023.12.09_page_082_p82_c6,magazine_TheEconomist.2023.12.09_page_082_p82_c8,magazine_TheEconomist.2023.12.09_page_082_p82_c4,magazine_TheEconomist.2023.12.09_page_082_p82_c1",1,True,1.0
What was the trickiest moment of her legal career according to the text?,1,magazine_TheEconomist.2023.12.09_page_082_p82_c8,magazine_TheEconomist.2023.12.09_page_082_p82_c8,1,True,1.0
What was the trickiest moment of her legal career according to the text?,3,magazine_TheEconomist.2023.12.09_page_082_p82_c8,"magazine_TheEconomist.2023.12.09_page_082_p82_c8,magazine_TheEconomist.2023.12.09_page_082_p82_c6,magazine_TheEconomist.2023.12.09_page_082_p82_c4",1,True,1.0
What was the trickiest moment of her legal career according to the text?,5,magazine_TheEconomist.2023.12.09_page_082_p82_c8,"magazine_TheEconomist.2023.12.09_page_082_p82_c8,magazine_TheEconomist.2023.12.09_page_082_p82_c6,magazine_TheEconomist.2023.12.09_page_082_p82_c4,magazine_TheEconomist.2023.12.09_page_082_p82_c1,magazine_TheEconomist.2023.12.09_page_082_p82_c2",1,True,1.0
What was the first significant achievement of the woman in the legal field?,1,magazine_TheEconomist.2023.12.09_page_082_p82_c9,magazine_TheEconomist.2023.12.09_page_082_p82_c9,1,True,1.0
What was the first significant achievement of the woman in the legal field?,3,magazine_TheEconomist.2023.12.09_page_082_p82_c9,"magazine_TheEconomist.2023.12.09_page_082_p82_c9,magazine_TheEconomist.2023.12.09_page_082_p82_c1,magazine_TheEconomist.2023.12.09_page_082_p82_c8",1,True,1.0
What was the first significant achievement of the woman in the legal field?,5,magazine_TheEconomist.2023.12.09_page_082_p82_c9,"magazine_TheEconomist.2023.12.09_page_082_p82_c9,magazine_TheEconomist.2023.12.09_page_082_p82_c1,magazine_TheEconomist.2023.12.09_page_082_p82_c8,magazine_TheEconomist.2023.12.09_page_082_p82_c2,magazine_TheEconomist.2023.12.09_page_082_p82_c6",1,True,1.0
What did Ruth Bader Ginsburg learn to show the men at the Lazy B ranch?,1,magazine_TheEconomist.2023.12.09_page_082_p82_c10,magazine_TheEconomist.2023.12.09_page_082_p82_c10,1,True,1.0
What did Ruth Bader Ginsburg learn to show the men at the Lazy B ranch?,3,magazine_TheEconomist.2023.12.09_page_082_p82_c10,"magazine_TheEconomist.2023.12.09_page_082_p82_c10,magazine_TheEconomist.2023.12.09_page_082_p82_c1,magazine_TheEconomist.2023.12.09_page_082_p82_c9",1,True,1.0
What did Ruth Bader Ginsburg learn to show the men at the Lazy B ranch?,5,magazine_TheEconomist.2023.12.09_page_082_p82_c10,"magazine_TheEconomist.2023.12.09_page_082_p82_c10,magazine_TheEconomist.2023.12.09_page_082_p82_c1,magazine_TheEconomist.2023.12.09_page_082_p82_c9,magazine_TheEconomist.2023.12.09_page_082_p82_c4,magazine_TheEconomist.2023.12.09_page_082_p82_c2",1,True,1.0
空调机是否违反热力学第二定律？,1,jiaocaineedrop_jiaocai_needrop_en_887_p887_c1,jiaocaineedrop_jiaocai_needrop_en_887_p887_c1,1,True,1.0
空调机是否违反热力学第二定律？,3,jiaocaineedrop_jiaocai_needrop_en_887_p887_c1,"jiaocaineedrop_jiaocai_needrop_en_887_p887_c1,jiaocaineedrop_jiaocai_needrop_en_887_p887_c0,docstructbench_dianzishu_zhongwenzaixian-o.O-61523162.pdf_276_p276_c0",1,True,1.0
空调机是否违反热力学第二定律？,5,jiaocaineedrop_jiaocai_needrop_en_887_p887_c1,"jiaocaineedrop_jiaocai_needrop_en_887_p887_c1,jiaocaineedrop_jiaocai_needrop_en_887_p887_c0,docstructbench_dianzishu_zhongwenzaixian-o.O-61523162.pdf_276_p276_c0,jiaocaineedrop_c2-ma-11-q-11-cl.pdf_2_p2_c0,book_zh_CNASGL0092018_extracted_page_73_p73_c0",1,True,1.0
分析员是否持有研究报告内所推介股份的任何权益？,1,eastmoney_d2bb183f5254ede5760932ac3118524aa7eddad551935713b435541f1525c1ee.pdf_7_p7_c0,eastmoney_d2bb183f5254ede5760932ac3118524aa7eddad551935713b435541f1525c1ee.pdf_7_p7_c0,1,True,1.0
分析员是否持有研究报告内所推介股份的任何权益？,3,eastmoney_d2bb183f5254ede5760932ac3118524aa7eddad551935713b435541f1525c1ee.pdf_7_p7_c0,"eastmoney_d2bb183f5254ede5760932ac3118524aa7eddad551935713b435541f1525c1ee.pdf_7_p7_c0,eastmoney_d2bb183f5254ede5760932ac3118524aa7eddad551935713b435541f1525c1ee.pdf_7_p7_c1,yanbaopptmerge_0c79d327060dbf9f1582d03c235dadb039533a19091d2c0d24f2ad95d267f79b.pdf_2_p2_c2",1,True,1.0
分析员是否持有研究报告内所推介股份的任何权益？,5,eastmoney_d2bb183f5254ede5760932ac3118524aa7eddad551935713b435541f1525c1ee.pdf_7_p7_c0,"eastmoney_d2bb183f5254ede5760932ac3118524aa7eddad551935713b435541f1525c1ee.pdf_7_p7_c0,eastmoney_d2bb183f5254ede5760932ac3118524aa7eddad551935713b435541f1525c1ee.pdf_7_p7_c1,yanbaopptmerge_0c79d327060dbf9f1582d03c235dadb039533a19091d2c0d24f2ad95d267f79b.pdf_2_p2_c2,eastmoney_dd8f39ced2188b907304224a635ad605689270486020c34636003e57018c01d8.pdf_2_p2_c2,yanbaopptmerge_5473246b8da789b9bfdeef53a70c4d72afd480415d5cbcedb83d105856710328.pdf_8_p8_c1",1,True,1.0
报告中提到的分析员薪酬由谁决定？,1,eastmoney_d2bb183f5254ede5760932ac3118524aa7eddad551935713b435541f1525c1ee.pdf_7_p7_c1,eastmoney_d2bb183f5254ede5760932ac3118524aa7eddad551935713b435541f1525c1ee.pdf_7_p7_c1,1,True,1.0
报告中提到的分析员薪酬由谁决定？,3,eastmoney_d2bb183f5254ede5760932ac3118524aa7eddad551935713b435541f1525c1ee.pdf_7_p7_c1,"eastmoney_d2bb183f5254ede5760932ac3118524aa7eddad551935713b435541f1525c1ee.pdf_7_p7_c1,eastmoney_d2bb183f5254ede5760932ac3118524aa7eddad551935713b435541f1525c1ee.pdf_7_p7_c0,yanbaopptmerge_5473246b8da789b9bfdeef53a70c4d72afd480415d5cbcedb83d105856710328.pdf_8_p8_c0",1,True,1.0
报告中提到的分析员薪酬由谁决定？,5,eastmoney_d2bb183f5254ede5760932ac3118524aa7eddad551935713b435541f1525c1ee.pdf_7_p7_c1,"eastmoney_d2bb183f5254ede5760932ac3118524aa7eddad551935713b435541f1525c1ee.pdf_7_p7_c1,eastmoney_d2bb183f5254ede5760932ac3118524aa7eddad551935713b435541f1525c1ee.pdf_7_p7_c0,yanbaopptmerge_5473246b8da789b9bfdeef53a70c4d72afd480415d5cbcedb83d105856710328.pdf_8_p8_c0,yanbaopptmerge_0c79d327060dbf9f1582d03c235dadb039533a19091d2c0d24f2ad95d267f79b.pdf_2_p2_c2,eastmoney_dd8f39ced2188b907304224a635ad605689270486020c34636003e57018c01d8.pdf_2_p2_c1",1,True,1.0
如何获取进一步的信息？,1,eastmoney_d2bb183f5254ede5760932ac3118524aa7eddad551935713b435541f1525c1ee.pdf_7_p7_c2,eastmoney_d2bb183f5254ede5760932ac3118524aa7eddad551935713b435541f1525c1ee.pdf_7_p7_c2,1,True,1.0
如何获取进一步的信息？,3,eastmoney_d2bb183f5254ede5760932ac3118524aa7eddad551935713b435541f1525c1ee.pdf_7_p7_c2,"eastmoney_d2bb183f5254ede5760932ac3118524aa7eddad551935713b435541f1525c1ee.pdf_7_p7_c2,yanbaopptmerge_5473246b8da789b9bfdeef53a70c4d72afd480415d5cbcedb83d105856710328.pdf_8_p8_c3,notes_f7f010b78016aeebd76e56d9283eb67f_89_p89_c0",1,True,1.0
如何获取进一步的信息？,5,eastmoney_d2bb183f5254ede5760932ac3118524aa7eddad551935713b435541f1525c1ee.pdf_7_p7_c2,"eastmoney_d2bb183f5254ede5760932ac3118524aa7eddad551935713b435541f1525c1ee.pdf_7_p7_c2,yanbaopptmerge_5473246b8da789b9bfdeef53a70c4d72afd480415d5cbcedb83d105856710328.pdf_8_p8_c3,notes_f7f010b78016aeebd76e56d9283eb67f_89_p89_c0,notes_1ba14cb325bc448f7201b20502ecf2b5_123_p123_c1,yanbaopptmerge_0c79d327060dbf9f1582d03c235dadb039533a19091d2c0d24f2ad95d267f79b.pdf_2_p2_c2",1,True,1.0
What is the resolution for the 'Self-propelled' rule element?,1,jiaocaineedrop_biz-96816.pdf_48_p48_c0,docstructbench_llm-raw-scihub-o.O-j.chroma.2005.05.085.pdf_4_p4_c6,0,False,0.0
What is the resolution for the 'Self-propelled' rule element?,3,jiaocaineedrop_biz-96816.pdf_48_p48_c0,"docstructbench_llm-raw-scihub-o.O-j.chroma.2005.05.085.pdf_4_p4_c6,jiaocaineedrop_96657786.pdf_0_p0_c3,docstructbench_llm-raw-scihub-o.O-j.chroma.2005.03.134.pdf_6_p6_c0",0,False,0.0
What is the resolution for the 'Self-propelled' rule element?,5,jiaocaineedrop_biz-96816.pdf_48_p48_c0,"docstructbench_llm-raw-scihub-o.O-j.chroma.2005.05.085.pdf_4_p4_c6,jiaocaineedrop_96657786.pdf_0_p0_c3,docstructbench_llm-raw-scihub-o.O-j.chroma.2005.03.134.pdf_6_p6_c0,docstructbench_llm-raw-scihub-o.O-j.chroma.2005.05.085.pdf_4_p4_c8,docstructbench_llm-raw-scihub-o.O-j.chroma.2005.05.085.pdf_4_p4_c7",0,False,0.0
What issue requires the most time according to the text?,1,jiaocaineedrop_biz-96816.pdf_48_p48_c1,jiaocaineedrop_biz-96816.pdf_48_p48_c2,0,False,0.0
What issue requires the most time according to the text?,3,jiaocaineedrop_biz-96816.pdf_48_p48_c1,"jiaocaineedrop_biz-96816.pdf_48_p48_c2,jiaocaineedrop_jiaocai_needrop_en_377_p377_c0,docstructbench_llm-raw-scihub-o.O-hup.908.pdf_5_p5_c3",0,False,0.0
What issue requires the most time according to the text?,5,jiaocaineedrop_biz-96816.pdf_48_p48_c1,"jiaocaineedrop_biz-96816.pdf_48_p48_c2,jiaocaineedrop_jiaocai_needrop_en_377_p377_c0,docstructbench_llm-raw-scihub-o.O-hup.908.pdf_5_p5_c3,notes_f7f010b78016aeebd76e56d9283eb67f_92_p92_c0,color_textbook_zhonggaokao_小学_13.人教新起点英语（4-5年级）_人教新起点五年级英语下册_课本_人教新起点英语5B电子课本_page_011_p11_c1",0,False,0.0
What are the rights of the parties?,1,jiaocaineedrop_biz-96816.pdf_48_p48_c2,jiaocaineedrop_biz-96816.pdf_48_p48_c3,0,False,0.0
What are the rights of the parties?,3,jiaocaineedrop_biz-96816.pdf_48_p48_c2,"jiaocaineedrop_biz-96816.pdf_48_p48_c3,eastmoney_dcf347592d4160dffacffdf00a9c39aa75cf9859205a7543c283d1df8bb14f90.pdf_1_p1_c0,newspaper_35bdaa11dec104ccbdc9e19ac8527d21_1_p1_c7",0,False,0.0
What are the rights of the parties?,5,jiaocaineedrop_biz-96816.pdf_48_p48_c2,"jiaocaineedrop_biz-96816.pdf_48_p48_c3,eastmoney_dcf347592d4160dffacffdf00a9c39aa75cf9859205a7543c283d1df8bb14f90.pdf_1_p1_c0,newspaper_35bdaa11dec104ccbdc9e19ac8527d21_1_p1_c7,newspaper_fe5ed29024932fad071afc53807b16ba_1_p1_c8,magazine_TheEconomist.2023.12.23_page_012_p12_c1",0,False,0.0
What is an example of an intentional tort listed in the checklist?,1,jiaocaineedrop_biz-96816.pdf_48_p48_c3,jiaocaineedrop_biz-96816.pdf_48_p48_c4,0,False,0.0
What is an example of an intentional tort listed in the checklist?,3,jiaocaineedrop_biz-96816.pdf_48_p48_c3,"jiaocaineedrop_biz-96816.pdf_48_p48_c4,jiaocaineedrop_biz-96816.pdf_48_p48_c3,jiaocaineedrop_biz-96816.pdf_48_p48_c5",2,True,1.0
What is an example of an intentional tort listed in the checklist?,5,jiaocaineedrop_biz-96816.pdf_48_p48_c3,"jiaocaineedrop_biz-96816.pdf_48_p48_c4,jiaocaineedrop_biz-96816.pdf_48_p48_c3,jiaocaineedrop_biz-96816.pdf_48_p48_c5,newspaper_35bdaa11dec104ccbdc9e19ac8527d21_1_p1_c6,newspaper_35bdaa11dec104ccbdc9e19ac8527d21_1_p1_c10",2,True,1.0
What are some examples of intentional torts listed in the document fragment?,1,jiaocaineedrop_biz-96816.pdf_48_p48_c4,jiaocaineedrop_biz-96816.pdf_48_p48_c4,1,True,1.0
What are some examples of intentional torts listed in the document fragment?,3,jiaocaineedrop_biz-96816.pdf_48_p48_c4,"jiaocaineedrop_biz-96816.pdf_48_p48_c4,jiaocaineedrop_biz-96816.pdf_48_p48_c5,jiaocaineedrop_biz-96816.pdf_48_p48_c3",1,True,1.0
What are some examples of intentional torts listed in the document fragment?,5,jiaocaineedrop_biz-96816.pdf_48_p48_c4,"jiaocaineedrop_biz-96816.pdf_48_p48_c4,jiaocaineedrop_biz-96816.pdf_48_p48_c5,jiaocaineedrop_biz-96816.pdf_48_p48_c3,yanbaopptmerge_5473246b8da789b9bfdeef53a70c4d72afd480415d5cbcedb83d105856710328.pdf_8_p8_c0,eastmoney_dcf347592d4160dffacffdf00a9c39aa75cf9859205a7543c283d1df8bb14f90.pdf_1_p1_c0",1,True,1.0
What is an example of a checklist item for battery?,1,jiaocaineedrop_biz-96816.pdf_48_p48_c5,jiaocaineedrop_biz-96816.pdf_48_p48_c5,1,True,1.0
What is an example of a checklist item for battery?,3,jiaocaineedrop_biz-96816.pdf_48_p48_c5,"jiaocaineedrop_biz-96816.pdf_48_p48_c5,jiaocaineedrop_biz-96816.pdf_48_p48_c4,jiaocaineedrop_jiaocai_needrop_en_3738_p3738_c3",1,True,1.0
What is an example of a checklist item for battery?,5,jiaocaineedrop_biz-96816.pdf_48_p48_c5,"jiaocaineedrop_biz-96816.pdf_48_p48_c5,jiaocaineedrop_biz-96816.pdf_48_p48_c4,jiaocaineedrop_jiaocai_needrop_en_3738_p3738_c3,jiaocaineedrop_jiaocai_needrop_en_1836_p1836_c1,eastmoney_03e39833d520af7d1abb96dd624dcd15f2b57d061969d196e80922e2f590503f.pdf_22_p22_c2",1,True,1.0
参选企业如何借助卓越管理标准检验管理现状？,1,yanbaor2_f832cad1f46c067198e9df95ae7b150213f16805037c1a5725e72245010d3e97.pdf_3_p3_c0,yanbaor2_f832cad1f46c067198e9df95ae7b150213f16805037c1a5725e72245010d3e97.pdf_3_p3_c0,1,True,1.0
参选企业如何借助卓越管理标准检验管理现状？,3,yanbaor2_f832cad1f46c067198e9df95ae7b150213f16805037c1a5725e72245010d3e97.pdf_3_p3_c0,"yanbaor2_f832cad1f46c067198e9df95ae7b150213f16805037c1a5725e72245010d3e97.pdf_3_p3_c0,yanbaor2_f832cad1f46c067198e9df95ae7b150213f16805037c1a5725e72245010d3e97.pdf_3_p3_c2,yanbaor2_f832cad1f46c067198e9df95ae7b150213f16805037c1a5725e72245010d3e97.pdf_3_p3_c1",1,True,1.0
参选企业如何借助卓越管理标准检验管理现状？,5,yanbaor2_f832cad1f46c067198e9df95ae7b150213f16805037c1a5725e72245010d3e97.pdf_3_p3_c0,"yanbaor2_f832cad1f46c067198e9df95ae7b150213f16805037c1a5725e72245010d3e97.pdf_3_p3_c0,yanbaor2_f832cad1f46c067198e9df95ae7b150213f16805037c1a5725e72245010d3e97.pdf_3_p3_c2,yanbaor2_f832cad1f46c067198e9df95ae7b150213f16805037c1a5725e72245010d3e97.pdf_3_p3_c1,yanbaor2_7f386f737cb55cffa10c8321a94bd38d7169cd69b3b253b9e2e502c12a68feea.pdf_15_p15_c0,newspaper_fe2c8b45b2a086cd75984640bb3080e1_1_p1_c5",1,True,1.0
连续七年获奖的企业会获得什么称号？,1,yanbaor2_f832cad1f46c067198e9df95ae7b150213f16805037c1a5725e72245010d3e97.pdf_3_p3_c1,yanbaor2_f832cad1f46c067198e9df95ae7b150213f16805037c1a5725e72245010d3e97.pdf_3_p3_c1,1,True,1.0
连续七年获奖的企业会获得什么称号？,3,yanbaor2_f832cad1f46c067198e9df95ae7b150213f16805037c1a5725e72245010d3e97.pdf_3_p3_c1,"yanbaor2_f832cad1f46c067198e9df95ae7b150213f16805037c1a5725e72245010d3e97.pdf_3_p3_c1,yanbaor2_f832cad1f46c067198e9df95ae7b150213f16805037c1a5725e72245010d3e97.pdf_3_p3_c2,newspaper_fe2c8b45b2a086cd75984640bb3080e1_1_p1_c6",1,True,1.0
连续七年获奖的企业会获得什么称号？,5,yanbaor2_f832cad1f46c067198e9df95ae7b150213f16805037c1a5725e72245010d3e97.pdf_3_p3_c1,"yanbaor2_f832cad1f46c067198e9df95ae7b150213f16805037c1a5725e72245010d3e97.pdf_3_p3_c1,yanbaor2_f832cad1f46c067198e9df95ae7b150213f16805037c1a5725e72245010d3e97.pdf_3_p3_c2,newspaper_fe2c8b45b2a086cd75984640bb3080e1_1_p1_c6,newspaper_fe2c8b45b2a086cd75984640bb3080e1_1_p1_c9,newspaper_fe2c8b45b2a086cd75984640bb3080e1_1_p1_c8",1,True,1.0
How many companies are mentioned in the text?,1,yanbaor2_f832cad1f46c067198e9df95ae7b150213f16805037c1a5725e72245010d3e97.pdf_3_p3_c3,magazine_TheEconomist.2023.11.18_page_071_p71_c2,0,False,0.0
How many companies are mentioned in the text?,3,yanbaor2_f832cad1f46c067198e9df95ae7b150213f16805037c1a5725e72245010d3e97.pdf_3_p3_c3,"magazine_TheEconomist.2023.11.18_page_071_p71_c2,newspaper_The Wall Street Journal - 2025-01-08@magazinesclubnew_page_018_p18_c1,yanbaor2_f832cad1f46c067198e9df95ae7b150213f16805037c1a5725e72245010d3e97.pdf_3_p3_c3",3,True,1.0
How many companies are mentioned in the text?,5,yanbaor2_f832cad1f46c067198e9df95ae7b150213f16805037c1a5725e72245010d3e97.pdf_3_p3_c3,"magazine_TheEconomist.2023.11.18_page_071_p71_c2,newspaper_The Wall Street Journal - 2025-01-08@magazinesclubnew_page_018_p18_c1,yanbaor2_f832cad1f46c067198e9df95ae7b150213f16805037c1a5725e72245010d3e97.pdf_3_p3_c3,newspaper_The Globe and Mail - 2025-1-8@magazinesclubnew_page_018_p18_c6,newspaper_The Wall Street Journal - 2025-01-08@magazinesclubnew_page_018_p18_c0",3,True,1.0
What is the determinant of the matrix after performing the specified row operations?,1,book_en_国外数学教材-非数学专业教材-线性代数-Gilbert Strang—Linear Algebra and Its Applications 4e_0242_p242_c0,book_en_国外数学教材-非数学专业教材-线性代数-Gilbert Strang—Linear Algebra and Its Applications 4e_0242_p242_c0,1,True,1.0
What is the determinant of the matrix after performing the specified row operations?,3,book_en_国外数学教材-非数学专业教材-线性代数-Gilbert Strang—Linear Algebra and Its Applications 4e_0242_p242_c0,"book_en_国外数学教材-非数学专业教材-线性代数-Gilbert Strang—Linear Algebra and Its Applications 4e_0242_p242_c0,book_en_国外数学教材-非数学专业教材-线性代数-Gilbert Strang—Linear Algebra and Its Applications 4e_0242_p242_c1,exam_paper_en-file-putnam-archive_1995_Solutions_1995s_page_002_p2_c3",1,True,1.0
What is the determinant of the matrix after performing the specified row operations?,5,book_en_国外数学教材-非数学专业教材-线性代数-Gilbert Strang—Linear Algebra and Its Applications 4e_0242_p242_c0,"book_en_国外数学教材-非数学专业教材-线性代数-Gilbert Strang—Linear Algebra and Its Applications 4e_0242_p242_c0,book_en_国外数学教材-非数学专业教材-线性代数-Gilbert Strang—Linear Algebra and Its Applications 4e_0242_p242_c1,exam_paper_en-file-putnam-archive_1995_Solutions_1995s_page_002_p2_c3,exam_paper_en-file-putnam-archive_2002_Solutions_2002s_page_001_p1_c3,book_en_国外数学教材-非数学专业教材-线性代数-Gilbert Strang—Linear Algebra and Its Applications 4e_0242_p242_c2",1,True,1.0
What is the determinant of -K in the 3 by 3 skew-symmetric matrix case?,1,book_en_国外数学教材-非数学专业教材-线性代数-Gilbert Strang—Linear Algebra and Its Applications 4e_0242_p242_c2,book_en_国外数学教材-非数学专业教材-线性代数-Gilbert Strang—Linear Algebra and Its Applications 4e_0242_p242_c2,1,True,1.0
What is the determinant of -K in the 3 by 3 skew-symmetric matrix case?,3,book_en_国外数学教材-非数学专业教材-线性代数-Gilbert Strang—Linear Algebra and Its Applications 4e_0242_p242_c2,"book_en_国外数学教材-非数学专业教材-线性代数-Gilbert Strang—Linear Algebra and Its Applications 4e_0242_p242_c2,book_en_国外数学教材-非数学专业教材-线性代数-Gilbert Strang—Linear Algebra and Its Applications 4e_0242_p242_c1,exam_paper_en-file-putnam-archive_1995_Solutions_1995s_page_002_p2_c3",1,True,1.0
What is the determinant of -K in the 3 by 3 skew-symmetric matrix case?,5,book_en_国外数学教材-非数学专业教材-线性代数-Gilbert Strang—Linear Algebra and Its Applications 4e_0242_p242_c2,"book_en_国外数学教材-非数学专业教材-线性代数-Gilbert Strang—Linear Algebra and Its Applications 4e_0242_p242_c2,book_en_国外数学教材-非数学专业教材-线性代数-Gilbert Strang—Linear Algebra and Its Applications 4e_0242_p242_c1,exam_paper_en-file-putnam-archive_1995_Solutions_1995s_page_002_p2_c3,book_en_国外数学教材-非数学专业教材-线性代数-Gilbert Strang—Linear Algebra and Its Applications 4e_0242_p242_c0,exam_paper_en-file-putnam-archive_2006_Solutions_2006s_page_006_p6_c4",1,True,1.0
What is the relationship between det B and det A according to part (a)?,1,book_en_国外数学教材-非数学专业教材-线性代数-Gilbert Strang—Linear Algebra and Its Applications 4e_0242_p242_c3,book_en_国外数学教材-非数学专业教材-线性代数-Gilbert Strang—Linear Algebra and Its Applications 4e_0242_p242_c2,0,False,0.0
What is the relationship between det B and det A according to part (a)?,3,book_en_国外数学教材-非数学专业教材-线性代数-Gilbert Strang—Linear Algebra and Its Applications 4e_0242_p242_c3,"book_en_国外数学教材-非数学专业教材-线性代数-Gilbert Strang—Linear Algebra and Its Applications 4e_0242_p242_c2,book_en_国外数学教材-非数学专业教材-线性代数-Gilbert Strang—Linear Algebra and Its Applications 4e_0242_p242_c3,jiaocaineedrop_96657786.pdf_0_p0_c2",2,True,1.0
What is the relationship between det B and det A according to part (a)?,5,book_en_国外数学教材-非数学专业教材-线性代数-Gilbert Strang—Linear Algebra and Its Applications 4e_0242_p242_c3,"book_en_国外数学教材-非数学专业教材-线性代数-Gilbert Strang—Linear Algebra and Its Applications 4e_0242_p242_c2,book_en_国外数学教材-非数学专业教材-线性代数-Gilbert Strang—Linear Algebra and Its Applications 4e_0242_p242_c3,jiaocaineedrop_96657786.pdf_0_p0_c2,book_en_国外数学教材-非数学专业教材-线性代数-Gilbert Strang—Linear Algebra and Its Applications 4e_0242_p242_c1,exam_paper_en-file-putnam-archive_1998_Solutions_1998s_page_002_p2_c0",2,True,1.0
北京天坛的回音壁应用的声学原理是什么？,1,yanbaopptmerge_yanbaoPPT_985_p985_c0,yanbaopptmerge_yanbaoPPT_985_p985_c0,1,True,1.0
北京天坛的回音壁应用的声学原理是什么？,3,yanbaopptmerge_yanbaoPPT_985_p985_c0,"yanbaopptmerge_yanbaoPPT_985_p985_c0,docstructbench_dianzishu_zhongwenzaixian-o.O-61513005.pdf_179_p179_c0,book_zh_JGJ1022003_extracted_page_27_p27_c1",1,True,1.0
北京天坛的回音壁应用的声学原理是什么？,5,yanbaopptmerge_yanbaoPPT_985_p985_c0,"yanbaopptmerge_yanbaoPPT_985_p985_c0,docstructbench_dianzishu_zhongwenzaixian-o.O-61513005.pdf_179_p179_c0,book_zh_JGJ1022003_extracted_page_27_p27_c1,jiaocaineedrop_jiaocai_needrop_en_3738_p3738_c3,yanbaor2_bfe5f11c4ad2e94d966ef6801dc992816f42c9150e2be42b008c95f59713e901.pdf_137_p137_c0",1,True,1.0
优你造科技的产品远销哪些国家和地区？,1,yanbaor2_bfe5f11c4ad2e94d966ef6801dc992816f42c9150e2be42b008c95f59713e901.pdf_137_p137_c0,yanbaor2_bfe5f11c4ad2e94d966ef6801dc992816f42c9150e2be42b008c95f59713e901.pdf_137_p137_c0,1,True,1.0
优你造科技的产品远销哪些国家和地区？,3,yanbaor2_bfe5f11c4ad2e94d966ef6801dc992816f42c9150e2be42b008c95f59713e901.pdf_137_p137_c0,"yanbaor2_bfe5f11c4ad2e94d966ef6801dc992816f42c9150e2be42b008c95f59713e901.pdf_137_p137_c0,newspaper_fe2c8b45b2a086cd75984640bb3080e1_1_p1_c2,newspaper_fe2c8b45b2a086cd75984640bb3080e1_1_p1_c5",1,True,1.0
优你造科技的产品远销哪些国家和地区？,5,yanbaor2_bfe5f11c4ad2e94d966ef6801dc992816f42c9150e2be42b008c95f59713e901.pdf_137_p137_c0,"yanbaor2_bfe5f11c4ad2e94d966ef6801dc992816f42c9150e2be42b008c95f59713e901.pdf_137_p137_c0,newspaper_fe2c8b45b2a086cd75984640bb3080e1_1_p1_c2,newspaper_fe2c8b45b2a086cd75984640bb3080e1_1_p1_c5,newspaper_fe2c8b45b2a086cd75984640bb3080e1_1_p1_c4,newspaper_35bdaa11dec104ccbdc9e19ac8527d21_1_p1_c6",1,True,1.0
哪些机构是毕马威国际的成员？,1,yanbaor2_bfe5f11c4ad2e94d966ef6801dc992816f42c9150e2be42b008c95f59713e901.pdf_137_p137_c1,yanbaor2_bfe5f11c4ad2e94d966ef6801dc992816f42c9150e2be42b008c95f59713e901.pdf_139_p139_c1,0,False,0.0
哪些机构是毕马威国际的成员？,3,yanbaor2_bfe5f11c4ad2e94d966ef6801dc992816f42c9150e2be42b008c95f59713e901.pdf_137_p137_c1,"yanbaor2_bfe5f11c4ad2e94d966ef6801dc992816f42c9150e2be42b008c95f59713e901.pdf_139_p139_c1,yanbaor2_bfe5f11c4ad2e94d966ef6801dc992816f42c9150e2be42b008c95f59713e901.pdf_137_p137_c1,yanbaor2_7f386f737cb55cffa10c8321a94bd38d7169cd69b3b253b9e2e502c12a68feea.pdf_15_p15_c1",2,True,1.0
哪些机构是毕马威国际的成员？,5,yanbaor2_bfe5f11c4ad2e94d966ef6801dc992816f42c9150e2be42b008c95f59713e901.pdf_137_p137_c1,"yanbaor2_bfe5f11c4ad2e94d966ef6801dc992816f42c9150e2be42b008c95f59713e901.pdf_139_p139_c1,yanbaor2_bfe5f11c4ad2e94d966ef6801dc992816f42c9150e2be42b008c95f59713e901.pdf_137_p137_c1,yanbaor2_7f386f737cb55cffa10c8321a94bd38d7169cd69b3b253b9e2e502c12a68feea.pdf_15_p15_c1,yanbaor2_3e1be78252e2fdfe1adf12bba38ec2a7b30699e152d61269aa6e5827f5adcc35.pdf_13_p13_c1,yanbaor2_7f386f737cb55cffa10c8321a94bd38d7169cd69b3b253b9e2e502c12a68feea.pdf_15_p15_c0",2,True,1.0
What effect is mentioned as concerning the spectrum of noise in electrical circuits?,1,docstructbench_llm-raw-scihub-o.O-j.physletb.2004.11.060.pdf_2_p2_c0,docstructbench_llm-raw-scihub-o.O-j.physletb.2004.11.060.pdf_2_p2_c0,1,True,1.0
What effect is mentioned as concerning the spectrum of noise in electrical circuits?,3,docstructbench_llm-raw-scihub-o.O-j.physletb.2004.11.060.pdf_2_p2_c0,"docstructbench_llm-raw-scihub-o.O-j.physletb.2004.11.060.pdf_2_p2_c0,docstructbench_llm-raw-scihub-o.O-j.physletb.2004.11.060.pdf_2_p2_c1,scihub_bloodadvances.2019030924.pdf_3_p3_c1",1,True,1.0
What effect is mentioned as concerning the spectrum of noise in electrical circuits?,5,docstructbench_llm-raw-scihub-o.O-j.physletb.2004.11.060.pdf_2_p2_c0,"docstructbench_llm-raw-scihub-o.O-j.physletb.2004.11.060.pdf_2_p2_c0,docstructbench_llm-raw-scihub-o.O-j.physletb.2004.11.060.pdf_2_p2_c1,scihub_bloodadvances.2019030924.pdf_3_p3_c1,yanbaopptmerge_2f4902871606698497c53ccb18d3fec2f83d05047d883cd65bbce26bfb27bcd2.pdf_1_p1_c1,jiaocaineedrop_jiaocai_needrop_en_3738_p3738_c3",1,True,1.0
What frequency range was confirmed by the experimental spectrum?,1,docstructbench_llm-raw-scihub-o.O-j.physletb.2004.11.060.pdf_2_p2_c1,docstructbench_llm-raw-scihub-o.O-j.physletb.2004.11.060.pdf_2_p2_c1,1,True,1.0
What frequency range was confirmed by the experimental spectrum?,3,docstructbench_llm-raw-scihub-o.O-j.physletb.2004.11.060.pdf_2_p2_c1,"docstructbench_llm-raw-scihub-o.O-j.physletb.2004.11.060.pdf_2_p2_c1,docstructbench_llm-raw-scihub-o.O-j.chroma.2005.05.085.pdf_4_p4_c6,newspaper_The Globe and Mail - 2025-1-8@magazinesclubnew_page_014_p14_c3",1,True,1.0
What frequency range was confirmed by the experimental spectrum?,5,docstructbench_llm-raw-scihub-o.O-j.physletb.2004.11.060.pdf_2_p2_c1,"docstructbench_llm-raw-scihub-o.O-j.physletb.2004.11.060.pdf_2_p2_c1,docstructbench_llm-raw-scihub-o.O-j.chroma.2005.05.085.pdf_4_p4_c6,newspaper_The Globe and Mail - 2025-1-8@magazinesclubnew_page_014_p14_c3,eastmoney_e42b6e1cd2d48113ff4db8854e539d828d632bf9b1757e10cb8ddb2cfc7b1393.pdf_12_p12_c1,docstructbench_llm-raw-scihub-o.O-j.physletb.2004.11.060.pdf_2_p2_c3",1,True,1.0
What experiment could help clarify the cutoff frequency?,1,docstructbench_llm-raw-scihub-o.O-j.physletb.2004.11.060.pdf_2_p2_c3,docstructbench_llm-raw-scihub-o.O-j.physletb.2004.11.060.pdf_2_p2_c3,1,True,1.0
What experiment could help clarify the cutoff frequency?,3,docstructbench_llm-raw-scihub-o.O-j.physletb.2004.11.060.pdf_2_p2_c3,"docstructbench_llm-raw-scihub-o.O-j.physletb.2004.11.060.pdf_2_p2_c3,docstructbench_llm-raw-scihub-o.O-j.physletb.2004.11.060.pdf_2_p2_c2,docstructbench_llm-raw-scihub-o.O-j.physletb.2004.11.060.pdf_2_p2_c4",1,True,1.0
What experiment could help clarify the cutoff frequency?,5,docstructbench_llm-raw-scihub-o.O-j.physletb.2004.11.060.pdf_2_p2_c3,"docstructbench_llm-raw-scihub-o.O-j.physletb.2004.11.060.pdf_2_p2_c3,docstructbench_llm-raw-scihub-o.O-j.physletb.2004.11.060.pdf_2_p2_c2,docstructbench_llm-raw-scihub-o.O-j.physletb.2004.11.060.pdf_2_p2_c4,docstructbench_llm-raw-scihub-o.O-j.physletb.2004.11.060.pdf_2_p2_c5,docstructbench_llm-raw-scihub-o.O-j.physletb.2004.11.060.pdf_2_p2_c6",1,True,1.0
What is the formula number for the equation that predicts infinite energy per unit volume when all frequencies are considered?,1,docstructbench_llm-raw-scihub-o.O-j.physletb.2004.11.060.pdf_2_p2_c4,docstructbench_llm-raw-scihub-o.O-j.physletb.2004.11.060.pdf_2_p2_c4,1,True,1.0
What is the formula number for the equation that predicts infinite energy per unit volume when all frequencies are considered?,3,docstructbench_llm-raw-scihub-o.O-j.physletb.2004.11.060.pdf_2_p2_c4,"docstructbench_llm-raw-scihub-o.O-j.physletb.2004.11.060.pdf_2_p2_c4,docstructbench_llm-raw-scihub-o.O-j.physletb.2004.11.060.pdf_2_p2_c6,docstructbench_llm-raw-scihub-o.O-j.physletb.2004.11.060.pdf_2_p2_c5",1,True,1.0
What is the formula number for the equation that predicts infinite energy per unit volume when all frequencies are considered?,5,docstructbench_llm-raw-scihub-o.O-j.physletb.2004.11.060.pdf_2_p2_c4,"docstructbench_llm-raw-scihub-o.O-j.physletb.2004.11.060.pdf_2_p2_c4,docstructbench_llm-raw-scihub-o.O-j.physletb.2004.11.060.pdf_2_p2_c6,docstructbench_llm-raw-scihub-o.O-j.physletb.2004.11.060.pdf_2_p2_c5,jiaocaineedrop_jiaocai_needrop_en_2518_p2518_c1,docstructbench_llm-raw-scihub-o.O-j.chroma.2005.05.085.pdf_4_p4_c6",1,True,1.0
What is the result of integrating the vacuum energy density over the frequency range from 0 to ν_c?,1,docstructbench_llm-raw-scihub-o.O-j.physletb.2004.11.060.pdf_2_p2_c6,docstructbench_llm-raw-scihub-o.O-j.physletb.2004.11.060.pdf_2_p2_c5,0,False,0.0
What is the result of integrating the vacuum energy density over the frequency range from 0 to ν_c?,3,docstructbench_llm-raw-scihub-o.O-j.physletb.2004.11.060.pdf_2_p2_c6,"docstructbench_llm-raw-scihub-o.O-j.physletb.2004.11.060.pdf_2_p2_c5,docstructbench_llm-raw-scihub-o.O-j.physletb.2004.11.060.pdf_2_p2_c6,docstructbench_llm-raw-scihub-o.O-j.physletb.2004.11.060.pdf_2_p2_c4",2,True,1.0
What is the result of integrating the vacuum energy density over the frequency range from 0 to ν_c?,5,docstructbench_llm-raw-scihub-o.O-j.physletb.2004.11.060.pdf_2_p2_c6,"docstructbench_llm-raw-scihub-o.O-j.physletb.2004.11.060.pdf_2_p2_c5,docstructbench_llm-raw-scihub-o.O-j.physletb.2004.11.060.pdf_2_p2_c6,docstructbench_llm-raw-scihub-o.O-j.physletb.2004.11.060.pdf_2_p2_c4,docstructbench_llm-raw-scihub-o.O-j.physletb.2004.11.060.pdf_2_p2_c2,docstructbench_llm-raw-scihub-o.O-j.physletb.2004.11.060.pdf_2_p2_c1",2,True,1.0
What is used to place an upper limit on the value calculated from Eq. (7)?,1,docstructbench_llm-raw-scihub-o.O-j.physletb.2004.11.060.pdf_2_p2_c7,docstructbench_llm-raw-scihub-o.O-j.physletb.2004.11.060.pdf_2_p2_c7,1,True,1.0
What is used to place an upper limit on the value calculated from Eq. (7)?,3,docstructbench_llm-raw-scihub-o.O-j.physletb.2004.11.060.pdf_2_p2_c7,"docstructbench_llm-raw-scihub-o.O-j.physletb.2004.11.060.pdf_2_p2_c7,docstructbench_llm-raw-scihub-o.O-j.physletb.2004.11.060.pdf_2_p2_c6,exam_paper_en-file-putnam-archive_2007_Solutions_2007s_page_005_p5_c0",1,True,1.0
What is used to place an upper limit on the value calculated from Eq. (7)?,5,docstructbench_llm-raw-scihub-o.O-j.physletb.2004.11.060.pdf_2_p2_c7,"docstructbench_llm-raw-scihub-o.O-j.physletb.2004.11.060.pdf_2_p2_c7,docstructbench_llm-raw-scihub-o.O-j.physletb.2004.11.060.pdf_2_p2_c6,exam_paper_en-file-putnam-archive_2007_Solutions_2007s_page_005_p5_c0,jiaocaineedrop_jiaocai_needrop_en_1473_p1473_c1,jiaocaineedrop_jiaocai_needrop_en_1564_p1564_c3",1,True,1.0
What is the term for the light that shines directly on the film?,1,yanbaopptmerge_1c5f17c3dfa38c45b86802b9d014da18.pdf_1372_p1372_c0,yanbaopptmerge_1c5f17c3dfa38c45b86802b9d014da18.pdf_1372_p1372_c0,1,True,1.0
What is the term for the light that shines directly on the film?,3,yanbaopptmerge_1c5f17c3dfa38c45b86802b9d014da18.pdf_1372_p1372_c0,"yanbaopptmerge_1c5f17c3dfa38c45b86802b9d014da18.pdf_1372_p1372_c0,yanbaopptmerge_1c5f17c3dfa38c45b86802b9d014da18.pdf_1372_p1372_c1,yanbaopptmerge_1c5f17c3dfa38c45b86802b9d014da18.pdf_1372_p1372_c5",1,True,1.0
What is the term for the light that shines directly on the film?,5,yanbaopptmerge_1c5f17c3dfa38c45b86802b9d014da18.pdf_1372_p1372_c0,"yanbaopptmerge_1c5f17c3dfa38c45b86802b9d014da18.pdf_1372_p1372_c0,yanbaopptmerge_1c5f17c3dfa38c45b86802b9d014da18.pdf_1372_p1372_c1,yanbaopptmerge_1c5f17c3dfa38c45b86802b9d014da18.pdf_1372_p1372_c5,yanbaopptmerge_1c5f17c3dfa38c45b86802b9d014da18.pdf_1372_p1372_c3,yanbaopptmerge_1c5f17c3dfa38c45b86802b9d014da18.pdf_1372_p1372_c2",1,True,1.0
What is holography sometimes called according to the text?,1,yanbaopptmerge_1c5f17c3dfa38c45b86802b9d014da18.pdf_1372_p1372_c1,yanbaopptmerge_1c5f17c3dfa38c45b86802b9d014da18.pdf_1372_p1372_c1,1,True,1.0
What is holography sometimes called according to the text?,3,yanbaopptmerge_1c5f17c3dfa38c45b86802b9d014da18.pdf_1372_p1372_c1,"yanbaopptmerge_1c5f17c3dfa38c45b86802b9d014da18.pdf_1372_p1372_c1,yanbaopptmerge_1c5f17c3dfa38c45b86802b9d014da18.pdf_1372_p1372_c0,yanbaopptmerge_1c5f17c3dfa38c45b86802b9d014da18.pdf_1372_p1372_c5",1,True,1.0
What is holography sometimes called according to the text?,5,yanbaopptmerge_1c5f17c3dfa38c45b86802b9d014da18.pdf_1372_p1372_c1,"yanbaopptmerge_1c5f17c3dfa38c45b86802b9d014da18.pdf_1372_p1372_c1,yanbaopptmerge_1c5f17c3dfa38c45b86802b9d014da18.pdf_1372_p1372_c0,yanbaopptmerge_1c5f17c3dfa38c45b86802b9d014da18.pdf_1372_p1372_c5,yanbaopptmerge_1c5f17c3dfa38c45b86802b9d014da18.pdf_1372_p1372_c4,yanbaopptmerge_1c5f17c3dfa38c45b86802b9d014da18.pdf_1372_p1372_c3",1,True,1.0
What does the film act like according to the text?,1,yanbaopptmerge_1c5f17c3dfa38c45b86802b9d014da18.pdf_1372_p1372_c2,yanbaopptmerge_1c5f17c3dfa38c45b86802b9d014da18.pdf_1372_p1372_c2,1,True,1.0
What does the film act like according to the text?,3,yanbaopptmerge_1c5f17c3dfa38c45b86802b9d014da18.pdf_1372_p1372_c2,"yanbaopptmerge_1c5f17c3dfa38c45b86802b9d014da18.pdf_1372_p1372_c2,yanbaopptmerge_1c5f17c3dfa38c45b86802b9d014da18.pdf_1372_p1372_c3,newspaper_USAToday-2025-01-08@magazinesclubnew_page_021_p21_c6",1,True,1.0
What does the film act like according to the text?,5,yanbaopptmerge_1c5f17c3dfa38c45b86802b9d014da18.pdf_1372_p1372_c2,"yanbaopptmerge_1c5f17c3dfa38c45b86802b9d014da18.pdf_1372_p1372_c2,yanbaopptmerge_1c5f17c3dfa38c45b86802b9d014da18.pdf_1372_p1372_c3,newspaper_USAToday-2025-01-08@magazinesclubnew_page_021_p21_c6,newspaper_USAToday-2025-01-08@magazinesclubnew_page_021_p21_c5,newspaper_USAToday-2025-01-08@magazinesclubnew_page_021_p21_c7",1,True,1.0
What type of hologram is illustrated in Figure 30.45?,1,yanbaopptmerge_1c5f17c3dfa38c45b86802b9d014da18.pdf_1372_p1372_c3,yanbaopptmerge_1c5f17c3dfa38c45b86802b9d014da18.pdf_1372_p1372_c3,1,True,1.0
What type of hologram is illustrated in Figure 30.45?,3,yanbaopptmerge_1c5f17c3dfa38c45b86802b9d014da18.pdf_1372_p1372_c3,"yanbaopptmerge_1c5f17c3dfa38c45b86802b9d014da18.pdf_1372_p1372_c3,yanbaopptmerge_1c5f17c3dfa38c45b86802b9d014da18.pdf_1372_p1372_c0,yanbaopptmerge_1c5f17c3dfa38c45b86802b9d014da18.pdf_1372_p1372_c4",1,True,1.0
What type of hologram is illustrated in Figure 30.45?,5,yanbaopptmerge_1c5f17c3dfa38c45b86802b9d014da18.pdf_1372_p1372_c3,"yanbaopptmerge_1c5f17c3dfa38c45b86802b9d014da18.pdf_1372_p1372_c3,yanbaopptmerge_1c5f17c3dfa38c45b86802b9d014da18.pdf_1372_p1372_c0,yanbaopptmerge_1c5f17c3dfa38c45b86802b9d014da18.pdf_1372_p1372_c4,yanbaopptmerge_1c5f17c3dfa38c45b86802b9d014da18.pdf_1372_p1372_c1,yanbaopptmerge_1c5f17c3dfa38c45b86802b9d014da18.pdf_1372_p1372_c2",1,True,1.0
What is the full name of the person who invented holography?,1,yanbaopptmerge_1c5f17c3dfa38c45b86802b9d014da18.pdf_1372_p1372_c4,yanbaopptmerge_1c5f17c3dfa38c45b86802b9d014da18.pdf_1372_p1372_c4,1,True,1.0
What is the full name of the person who invented holography?,3,yanbaopptmerge_1c5f17c3dfa38c45b86802b9d014da18.pdf_1372_p1372_c4,"yanbaopptmerge_1c5f17c3dfa38c45b86802b9d014da18.pdf_1372_p1372_c4,yanbaopptmerge_1c5f17c3dfa38c45b86802b9d014da18.pdf_1372_p1372_c6,yanbaopptmerge_1c5f17c3dfa38c45b86802b9d014da18.pdf_1372_p1372_c5",1,True,1.0
What is the full name of the person who invented holography?,5,yanbaopptmerge_1c5f17c3dfa38c45b86802b9d014da18.pdf_1372_p1372_c4,"yanbaopptmerge_1c5f17c3dfa38c45b86802b9d014da18.pdf_1372_p1372_c4,yanbaopptmerge_1c5f17c3dfa38c45b86802b9d014da18.pdf_1372_p1372_c6,yanbaopptmerge_1c5f17c3dfa38c45b86802b9d014da18.pdf_1372_p1372_c5,newspaper_The Wall Street Journal - 2025-01-08@magazinesclubnew_page_018_p18_c2,jiaocaineedrop_unit2t03.pdf_63_p63_c5",1,True,1.0
How are moving holograms produced according to the text?,1,yanbaopptmerge_1c5f17c3dfa38c45b86802b9d014da18.pdf_1372_p1372_c5,yanbaopptmerge_1c5f17c3dfa38c45b86802b9d014da18.pdf_1372_p1372_c5,1,True,1.0
How are moving holograms produced according to the text?,3,yanbaopptmerge_1c5f17c3dfa38c45b86802b9d014da18.pdf_1372_p1372_c5,"yanbaopptmerge_1c5f17c3dfa38c45b86802b9d014da18.pdf_1372_p1372_c5,yanbaopptmerge_1c5f17c3dfa38c45b86802b9d014da18.pdf_1372_p1372_c1,yanbaopptmerge_1c5f17c3dfa38c45b86802b9d014da18.pdf_1372_p1372_c0",1,True,1.0
How are moving holograms produced according to the text?,5,yanbaopptmerge_1c5f17c3dfa38c45b86802b9d014da18.pdf_1372_p1372_c5,"yanbaopptmerge_1c5f17c3dfa38c45b86802b9d014da18.pdf_1372_p1372_c5,yanbaopptmerge_1c5f17c3dfa38c45b86802b9d014da18.pdf_1372_p1372_c1,yanbaopptmerge_1c5f17c3dfa38c45b86802b9d014da18.pdf_1372_p1372_c0,yanbaopptmerge_1c5f17c3dfa38c45b86802b9d014da18.pdf_1372_p1372_c3,yanbaopptmerge_1c5f17c3dfa38c45b86802b9d014da18.pdf_1372_p1372_c2",1,True,1.0
What can be made using an endoscope?,1,yanbaopptmerge_1c5f17c3dfa38c45b86802b9d014da18.pdf_1372_p1372_c6,yanbaopptmerge_1c5f17c3dfa38c45b86802b9d014da18.pdf_1372_p1372_c6,1,True,1.0
What can be made using an endoscope?,3,yanbaopptmerge_1c5f17c3dfa38c45b86802b9d014da18.pdf_1372_p1372_c6,"yanbaopptmerge_1c5f17c3dfa38c45b86802b9d014da18.pdf_1372_p1372_c6,yanbaopptmerge_1c5f17c3dfa38c45b86802b9d014da18.pdf_1372_p1372_c5,yanbaopptmerge_1c5f17c3dfa38c45b86802b9d014da18.pdf_1372_p1372_c1",1,True,1.0
What can be made using an endoscope?,5,yanbaopptmerge_1c5f17c3dfa38c45b86802b9d014da18.pdf_1372_p1372_c6,"yanbaopptmerge_1c5f17c3dfa38c45b86802b9d014da18.pdf_1372_p1372_c6,yanbaopptmerge_1c5f17c3dfa38c45b86802b9d014da18.pdf_1372_p1372_c5,yanbaopptmerge_1c5f17c3dfa38c45b86802b9d014da18.pdf_1372_p1372_c1,yanbaopptmerge_1c5f17c3dfa38c45b86802b9d014da18.pdf_1372_p1372_c0,yanbaopptmerge_1c5f17c3dfa38c45b86802b9d014da18.pdf_1372_p1372_c4",1,True,1.0
What solvent was used to elute the extract?,1,docstructbench_llm-raw-scihub-o.O-j.chroma.2005.05.085.pdf_4_p4_c0,docstructbench_llm-raw-scihub-o.O-j.chroma.2005.05.085.pdf_4_p4_c0,1,True,1.0
What solvent was used to elute the extract?,3,docstructbench_llm-raw-scihub-o.O-j.chroma.2005.05.085.pdf_4_p4_c0,"docstructbench_llm-raw-scihub-o.O-j.chroma.2005.05.085.pdf_4_p4_c0,docstructbench_llm-raw-scihub-o.O-j.chroma.2005.05.085.pdf_4_p4_c1,docstructbench_llm-raw-scihub-o.O-j.chroma.2005.05.085.pdf_4_p4_c9",1,True,1.0
What solvent was used to elute the extract?,5,docstructbench_llm-raw-scihub-o.O-j.chroma.2005.05.085.pdf_4_p4_c0,"docstructbench_llm-raw-scihub-o.O-j.chroma.2005.05.085.pdf_4_p4_c0,docstructbench_llm-raw-scihub-o.O-j.chroma.2005.05.085.pdf_4_p4_c1,docstructbench_llm-raw-scihub-o.O-j.chroma.2005.05.085.pdf_4_p4_c9,scihub_s11661-013-1726-7.pdf_2_p2_c1,docstructbench_llm-raw-scihub-o.O-j.chroma.2005.05.085.pdf_4_p4_c8",1,True,1.0
What was used to remove co-extracted lipids from the extract?,1,docstructbench_llm-raw-scihub-o.O-j.chroma.2005.05.085.pdf_4_p4_c1,docstructbench_llm-raw-scihub-o.O-j.chroma.2005.05.085.pdf_4_p4_c1,1,True,1.0
What was used to remove co-extracted lipids from the extract?,3,docstructbench_llm-raw-scihub-o.O-j.chroma.2005.05.085.pdf_4_p4_c1,"docstructbench_llm-raw-scihub-o.O-j.chroma.2005.05.085.pdf_4_p4_c1,docstructbench_llm-raw-scihub-o.O-j.chroma.2005.05.085.pdf_4_p4_c0,docstructbench_llm-raw-scihub-o.O-j.chroma.2005.05.085.pdf_4_p4_c5",1,True,1.0
What was used to remove co-extracted lipids from the extract?,5,docstructbench_llm-raw-scihub-o.O-j.chroma.2005.05.085.pdf_4_p4_c1,"docstructbench_llm-raw-scihub-o.O-j.chroma.2005.05.085.pdf_4_p4_c1,docstructbench_llm-raw-scihub-o.O-j.chroma.2005.05.085.pdf_4_p4_c0,docstructbench_llm-raw-scihub-o.O-j.chroma.2005.05.085.pdf_4_p4_c5,docstructbench_llm-raw-scihub-o.O-j.chroma.2005.05.085.pdf_4_p4_c7,docstructbench_llm-raw-scihub-o.O-j.chroma.2005.05.085.pdf_4_p4_c8",1,True,1.0
What is the daily sewage quantity for Jahra?,1,docstructbench_llm-raw-scihub-o.O-j.chroma.2005.05.085.pdf_4_p4_c2,docstructbench_llm-raw-scihub-o.O-j.chroma.2005.05.085.pdf_4_p4_c2,1,True,1.0
What is the daily sewage quantity for Jahra?,3,docstructbench_llm-raw-scihub-o.O-j.chroma.2005.05.085.pdf_4_p4_c2,"docstructbench_llm-raw-scihub-o.O-j.chroma.2005.05.085.pdf_4_p4_c2,docstructbench_llm-raw-scihub-o.O-j.chroma.2005.05.085.pdf_4_p4_c3,magazine_TheEconomist.2023.12.23_page_012_p12_c4",1,True,1.0
What is the daily sewage quantity for Jahra?,5,docstructbench_llm-raw-scihub-o.O-j.chroma.2005.05.085.pdf_4_p4_c2,"docstructbench_llm-raw-scihub-o.O-j.chroma.2005.05.085.pdf_4_p4_c2,docstructbench_llm-raw-scihub-o.O-j.chroma.2005.05.085.pdf_4_p4_c3,magazine_TheEconomist.2023.12.23_page_012_p12_c4,docstructbench_llm-raw-scihub-o.O-j.chroma.2005.05.085.pdf_4_p4_c4,newspaper_fe5ed29024932fad071afc53807b16ba_1_p1_c9",1,True,1.0
What temperature in summer may cause PAHs to volatilize?,1,docstructbench_llm-raw-scihub-o.O-j.chroma.2005.05.085.pdf_4_p4_c3,docstructbench_llm-raw-scihub-o.O-j.chroma.2005.05.085.pdf_4_p4_c3,1,True,1.0
What temperature in summer may cause PAHs to volatilize?,3,docstructbench_llm-raw-scihub-o.O-j.chroma.2005.05.085.pdf_4_p4_c3,"docstructbench_llm-raw-scihub-o.O-j.chroma.2005.05.085.pdf_4_p4_c3,docstructbench_llm-raw-scihub-o.O-j.chroma.2005.05.085.pdf_4_p4_c5,docstructbench_llm-raw-scihub-o.O-j.chroma.2005.05.085.pdf_4_p4_c4",1,True,1.0
What temperature in summer may cause PAHs to volatilize?,5,docstructbench_llm-raw-scihub-o.O-j.chroma.2005.05.085.pdf_4_p4_c3,"docstructbench_llm-raw-scihub-o.O-j.chroma.2005.05.085.pdf_4_p4_c3,docstructbench_llm-raw-scihub-o.O-j.chroma.2005.05.085.pdf_4_p4_c5,docstructbench_llm-raw-scihub-o.O-j.chroma.2005.05.085.pdf_4_p4_c4,docstructbench_llm-raw-scihub-o.O-j.apcata.2006.05.010.pdf_2_p2_c10,docstructbench_llm-raw-scihub-o.O-j.chroma.2005.05.085.pdf_4_p4_c10",1,True,1.0
What is the main concern regarding the fate of chemicals in sludge?,1,docstructbench_llm-raw-scihub-o.O-j.chroma.2005.05.085.pdf_4_p4_c4,docstructbench_llm-raw-scihub-o.O-j.chroma.2005.05.085.pdf_4_p4_c4,1,True,1.0
What is the main concern regarding the fate of chemicals in sludge?,3,docstructbench_llm-raw-scihub-o.O-j.chroma.2005.05.085.pdf_4_p4_c4,"docstructbench_llm-raw-scihub-o.O-j.chroma.2005.05.085.pdf_4_p4_c4,docstructbench_llm-raw-scihub-o.O-j.chroma.2005.05.085.pdf_4_p4_c1,docstructbench_llm-raw-scihub-o.O-j.chroma.2005.05.085.pdf_4_p4_c3",1,True,1.0
What is the main concern regarding the fate of chemicals in sludge?,5,docstructbench_llm-raw-scihub-o.O-j.chroma.2005.05.085.pdf_4_p4_c4,"docstructbench_llm-raw-scihub-o.O-j.chroma.2005.05.085.pdf_4_p4_c4,docstructbench_llm-raw-scihub-o.O-j.chroma.2005.05.085.pdf_4_p4_c1,docstructbench_llm-raw-scihub-o.O-j.chroma.2005.05.085.pdf_4_p4_c3,docstructbench_llm-raw-scihub-o.O-j.chroma.2005.05.085.pdf_4_p4_c2,docstructbench_llm-raw-scihub-o.O-j.chroma.2005.05.085.pdf_4_p4_c9",1,True,1.0
What is the % Recovery for PHE using the Soxhlet technique?,1,docstructbench_llm-raw-scihub-o.O-j.chroma.2005.05.085.pdf_4_p4_c5,docstructbench_llm-raw-scihub-o.O-j.chroma.2005.05.085.pdf_4_p4_c5,1,True,1.0
What is the % Recovery for PHE using the Soxhlet technique?,3,docstructbench_llm-raw-scihub-o.O-j.chroma.2005.05.085.pdf_4_p4_c5,"docstructbench_llm-raw-scihub-o.O-j.chroma.2005.05.085.pdf_4_p4_c5,docstructbench_llm-raw-scihub-o.O-j.chroma.2005.05.085.pdf_4_p4_c8,docstructbench_llm-raw-scihub-o.O-j.chroma.2005.05.085.pdf_4_p4_c7",1,True,1.0
What is the % Recovery for PHE using the Soxhlet technique?,5,docstructbench_llm-raw-scihub-o.O-j.chroma.2005.05.085.pdf_4_p4_c5,"docstructbench_llm-raw-scihub-o.O-j.chroma.2005.05.085.pdf_4_p4_c5,docstructbench_llm-raw-scihub-o.O-j.chroma.2005.05.085.pdf_4_p4_c8,docstructbench_llm-raw-scihub-o.O-j.chroma.2005.05.085.pdf_4_p4_c7,docstructbench_llm-raw-scihub-o.O-j.chroma.2005.05.085.pdf_4_p4_c9,docstructbench_llm-raw-scihub-o.O-j.chroma.2005.05.085.pdf_4_p4_c4",1,True,1.0
What is the recovery value for BkF in the second column?,1,docstructbench_llm-raw-scihub-o.O-j.chroma.2005.05.085.pdf_4_p4_c7,docstructbench_llm-raw-scihub-o.O-j.chroma.2005.05.085.pdf_4_p4_c7,1,True,1.0
What is the recovery value for BkF in the second column?,3,docstructbench_llm-raw-scihub-o.O-j.chroma.2005.05.085.pdf_4_p4_c7,"docstructbench_llm-raw-scihub-o.O-j.chroma.2005.05.085.pdf_4_p4_c7,docstructbench_llm-raw-scihub-o.O-j.chroma.2005.03.134.pdf_6_p6_c3,docstructbench_llm-raw-scihub-o.O-j.chroma.2005.03.134.pdf_6_p6_c4",1,True,1.0
What is the recovery value for BkF in the second column?,5,docstructbench_llm-raw-scihub-o.O-j.chroma.2005.05.085.pdf_4_p4_c7,"docstructbench_llm-raw-scihub-o.O-j.chroma.2005.05.085.pdf_4_p4_c7,docstructbench_llm-raw-scihub-o.O-j.chroma.2005.03.134.pdf_6_p6_c3,docstructbench_llm-raw-scihub-o.O-j.chroma.2005.03.134.pdf_6_p6_c4,docstructbench_llm-raw-scihub-o.O-j.chroma.2005.05.085.pdf_4_p4_c5,scihub_bloodadvances.2019030924.pdf_3_p3_c0",1,True,1.0
What is the range of relative standard deviations for PAHs?,1,docstructbench_llm-raw-scihub-o.O-j.chroma.2005.05.085.pdf_4_p4_c8,docstructbench_llm-raw-scihub-o.O-j.chroma.2005.05.085.pdf_4_p4_c8,1,True,1.0
What is the range of relative standard deviations for PAHs?,3,docstructbench_llm-raw-scihub-o.O-j.chroma.2005.05.085.pdf_4_p4_c8,"docstructbench_llm-raw-scihub-o.O-j.chroma.2005.05.085.pdf_4_p4_c8,docstructbench_llm-raw-scihub-o.O-j.chroma.2005.05.085.pdf_4_p4_c9,docstructbench_llm-raw-scihub-o.O-j.chroma.2005.05.085.pdf_4_p4_c5",1,True,1.0
What is the range of relative standard deviations for PAHs?,5,docstructbench_llm-raw-scihub-o.O-j.chroma.2005.05.085.pdf_4_p4_c8,"docstructbench_llm-raw-scihub-o.O-j.chroma.2005.05.085.pdf_4_p4_c8,docstructbench_llm-raw-scihub-o.O-j.chroma.2005.05.085.pdf_4_p4_c9,docstructbench_llm-raw-scihub-o.O-j.chroma.2005.05.085.pdf_4_p4_c5,docstructbench_llm-raw-scihub-o.O-j.chroma.2005.05.085.pdf_4_p4_c4,docstructbench_llm-raw-scihub-o.O-j.chroma.2005.03.134.pdf_6_p6_c2",1,True,1.0
What is the range of recoveries for PLE sludge samples?,1,docstructbench_llm-raw-scihub-o.O-j.chroma.2005.05.085.pdf_4_p4_c9,docstructbench_llm-raw-scihub-o.O-j.chroma.2005.05.085.pdf_4_p4_c9,1,True,1.0
What is the range of recoveries for PLE sludge samples?,3,docstructbench_llm-raw-scihub-o.O-j.chroma.2005.05.085.pdf_4_p4_c9,"docstructbench_llm-raw-scihub-o.O-j.chroma.2005.05.085.pdf_4_p4_c9,docstructbench_llm-raw-scihub-o.O-j.chroma.2005.05.085.pdf_4_p4_c5,docstructbench_llm-raw-scihub-o.O-j.chroma.2005.05.085.pdf_4_p4_c10",1,True,1.0
What is the range of recoveries for PLE sludge samples?,5,docstructbench_llm-raw-scihub-o.O-j.chroma.2005.05.085.pdf_4_p4_c9,"docstructbench_llm-raw-scihub-o.O-j.chroma.2005.05.085.pdf_4_p4_c9,docstructbench_llm-raw-scihub-o.O-j.chroma.2005.05.085.pdf_4_p4_c5,docstructbench_llm-raw-scihub-o.O-j.chroma.2005.05.085.pdf_4_p4_c10,docstructbench_llm-raw-scihub-o.O-j.chroma.2005.05.085.pdf_4_p4_c4,docstructbench_llm-raw-scihub-o.O-j.chroma.2005.05.085.pdf_4_p4_c8",1,True,1.0
What are the references for the studies on ASE for determining PAHs in sewage sludge?,1,docstructbench_llm-raw-scihub-o.O-j.chroma.2005.05.085.pdf_4_p4_c10,docstructbench_llm-raw-scihub-o.O-j.chroma.2005.05.085.pdf_4_p4_c10,1,True,1.0
What are the references for the studies on ASE for determining PAHs in sewage sludge?,3,docstructbench_llm-raw-scihub-o.O-j.chroma.2005.05.085.pdf_4_p4_c10,"docstructbench_llm-raw-scihub-o.O-j.chroma.2005.05.085.pdf_4_p4_c10,docstructbench_llm-raw-scihub-o.O-j.chroma.2005.05.085.pdf_4_p4_c9,docstructbench_llm-raw-scihub-o.O-j.chroma.2005.05.085.pdf_4_p4_c4",1,True,1.0
What are the references for the studies on ASE for determining PAHs in sewage sludge?,5,docstructbench_llm-raw-scihub-o.O-j.chroma.2005.05.085.pdf_4_p4_c10,"docstructbench_llm-raw-scihub-o.O-j.chroma.2005.05.085.pdf_4_p4_c10,docstructbench_llm-raw-scihub-o.O-j.chroma.2005.05.085.pdf_4_p4_c9,docstructbench_llm-raw-scihub-o.O-j.chroma.2005.05.085.pdf_4_p4_c4,docstructbench_llm-raw-scihub-o.O-j.chroma.2005.05.085.pdf_4_p4_c5,docstructbench_llm-raw-scihub-o.O-j.chroma.2005.05.085.pdf_4_p4_c3",1,True,1.0
怎样才能迅速、准确、完善地解答好各类地理问题？,1,notes_1ba14cb325bc448f7201b20502ecf2b5_123_p123_c0,notes_1ba14cb325bc448f7201b20502ecf2b5_123_p123_c0,1,True,1.0
怎样才能迅速、准确、完善地解答好各类地理问题？,3,notes_1ba14cb325bc448f7201b20502ecf2b5_123_p123_c0,"notes_1ba14cb325bc448f7201b20502ecf2b5_123_p123_c0,notes_1ba14cb325bc448f7201b20502ecf2b5_123_p123_c1,notes_f7f010b78016aeebd76e56d9283eb67f_92_p92_c1",1,True,1.0
怎样才能迅速、准确、完善地解答好各类地理问题？,5,notes_1ba14cb325bc448f7201b20502ecf2b5_123_p123_c0,"notes_1ba14cb325bc448f7201b20502ecf2b5_123_p123_c0,notes_1ba14cb325bc448f7201b20502ecf2b5_123_p123_c1,notes_f7f010b78016aeebd76e56d9283eb67f_92_p92_c1,notes_1ba14cb325bc448f7201b20502ecf2b5_10_p10_c0,notes_f7f010b78016aeebd76e56d9283eb67f_92_p92_c0",1,True,1.0
如何才能牢固掌握地理基础知识和基本技能？,1,notes_1ba14cb325bc448f7201b20502ecf2b5_123_p123_c1,notes_1ba14cb325bc448f7201b20502ecf2b5_123_p123_c1,1,True,1.0
如何才能牢固掌握地理基础知识和基本技能？,3,notes_1ba14cb325bc448f7201b20502ecf2b5_123_p123_c1,"notes_1ba14cb325bc448f7201b20502ecf2b5_123_p123_c1,notes_1ba14cb325bc448f7201b20502ecf2b5_123_p123_c0,jiaocaineedrop_jiaocai_needrop_en_1836_p1836_c2",1,True,1.0
如何才能牢固掌握地理基础知识和基本技能？,5,notes_1ba14cb325bc448f7201b20502ecf2b5_123_p123_c1,"notes_1ba14cb325bc448f7201b20502ecf2b5_123_p123_c1,notes_1ba14cb325bc448f7201b20502ecf2b5_123_p123_c0,jiaocaineedrop_jiaocai_needrop_en_1836_p1836_c2,notes_1ba14cb325bc448f7201b20502ecf2b5_10_p10_c0,jiaocaineedrop_jiaocai_needrop_en_1473_p1473_c0",1,True,1.0
Which states in India are home to most of the country's leading tech companies?,1,magazine_TheEconomist.2024.03.02_page_032_p32_c0,magazine_TheEconomist.2024.03.02_page_032_p32_c0,1,True,1.0
Which states in India are home to most of the country's leading tech companies?,3,magazine_TheEconomist.2024.03.02_page_032_p32_c0,"magazine_TheEconomist.2024.03.02_page_032_p32_c0,magazine_TheEconomist.2024.03.02_page_032_p32_c1,magazine_TheEconomist.2024.03.02_page_032_p32_c2",1,True,1.0
Which states in India are home to most of the country's leading tech companies?,5,magazine_TheEconomist.2024.03.02_page_032_p32_c0,"magazine_TheEconomist.2024.03.02_page_032_p32_c0,magazine_TheEconomist.2024.03.02_page_032_p32_c1,magazine_TheEconomist.2024.03.02_page_032_p32_c2,magazine_TheEconomist.2023.11.18_page_030_p30_c1,newspaper_0b1bb8d03b4287eb95f67b68c2cf9f92_1_p1_c33",1,True,1.0
Which state has 16% of India's factories?,1,magazine_TheEconomist.2024.03.02_page_032_p32_c1,magazine_TheEconomist.2024.03.02_page_032_p32_c1,1,True,1.0
Which state has 16% of India's factories?,3,magazine_TheEconomist.2024.03.02_page_032_p32_c1,"magazine_TheEconomist.2024.03.02_page_032_p32_c1,magazine_TheEconomist.2024.03.02_page_032_p32_c2,magazine_TheEconomist.2024.03.02_page_032_p32_c0",1,True,1.0
Which state has 16% of India's factories?,5,magazine_TheEconomist.2024.03.02_page_032_p32_c1,"magazine_TheEconomist.2024.03.02_page_032_p32_c1,magazine_TheEconomist.2024.03.02_page_032_p32_c2,magazine_TheEconomist.2024.03.02_page_032_p32_c0,magazine_TheEconomist.2023.11.18_page_030_p30_c1,magazine_TheEconomist.2024.03.02_page_032_p32_c3",1,True,1.0
What is the average literacy rate of women aged between 15 and 49 in the south?,1,magazine_TheEconomist.2024.03.02_page_032_p32_c2,magazine_TheEconomist.2024.03.02_page_032_p32_c2,1,True,1.0
What is the average literacy rate of women aged between 15 and 49 in the south?,3,magazine_TheEconomist.2024.03.02_page_032_p32_c2,"magazine_TheEconomist.2024.03.02_page_032_p32_c2,magazine_TheEconomist.2024.03.02_page_032_p32_c0,docstructbench_dianzishu_zhongwenzaixian-o.O-61323717.pdf_203_p203_c2",1,True,1.0
What is the average literacy rate of women aged between 15 and 49 in the south?,5,magazine_TheEconomist.2024.03.02_page_032_p32_c2,"magazine_TheEconomist.2024.03.02_page_032_p32_c2,magazine_TheEconomist.2024.03.02_page_032_p32_c0,docstructbench_dianzishu_zhongwenzaixian-o.O-61323717.pdf_203_p203_c2,newspaper_The Globe and Mail - 2025-1-8@magazinesclubnew_page_014_p14_c10,docstructbench_dianzishu_zhongwenzaixian-o.O-61323717.pdf_203_p203_c1",1,True,1.0
Who is Mr Annamalai and what is his role in the BJP's strategy?,1,magazine_TheEconomist.2024.03.02_page_032_p32_c4,magazine_TheEconomist.2024.03.02_page_032_p32_c4,1,True,1.0
Who is Mr Annamalai and what is his role in the BJP's strategy?,3,magazine_TheEconomist.2024.03.02_page_032_p32_c4,"magazine_TheEconomist.2024.03.02_page_032_p32_c4,magazine_TheEconomist.2024.03.02_page_032_p32_c5,magazine_TheEconomist.2024.03.02_page_032_p32_c9",1,True,1.0
Who is Mr Annamalai and what is his role in the BJP's strategy?,5,magazine_TheEconomist.2024.03.02_page_032_p32_c4,"magazine_TheEconomist.2024.03.02_page_032_p32_c4,magazine_TheEconomist.2024.03.02_page_032_p32_c5,magazine_TheEconomist.2024.03.02_page_032_p32_c9,magazine_TheEconomist.2024.03.02_page_032_p32_c3,magazine_TheEconomist.2024.03.02_page_032_p32_c8",1,True,1.0
What issue has often provoked protests in the south?,1,magazine_TheEconomist.2024.03.02_page_032_p32_c5,magazine_TheEconomist.2024.03.02_page_032_p32_c5,1,True,1.0
What issue has often provoked protests in the south?,3,magazine_TheEconomist.2024.03.02_page_032_p32_c5,"magazine_TheEconomist.2024.03.02_page_032_p32_c5,magazine_TheEconomist.2024.03.02_page_032_p32_c6,magazine_TheEconomist.2024.03.02_page_032_p32_c7",1,True,1.0
What issue has often provoked protests in the south?,5,magazine_TheEconomist.2024.03.02_page_032_p32_c5,"magazine_TheEconomist.2024.03.02_page_032_p32_c5,magazine_TheEconomist.2024.03.02_page_032_p32_c6,magazine_TheEconomist.2024.03.02_page_032_p32_c7,magazine_TheEconomist.2024.03.02_page_032_p32_c8,magazine_TheEconomist.2024.03.02_page_032_p32_c3",1,True,1.0
What event in Tamil Nadu caused protests in 1965?,1,magazine_TheEconomist.2024.03.02_page_032_p32_c6,magazine_TheEconomist.2024.03.02_page_032_p32_c5,0,False,0.0
What event in Tamil Nadu caused protests in 1965?,3,magazine_TheEconomist.2024.03.02_page_032_p32_c6,"magazine_TheEconomist.2024.03.02_page_032_p32_c5,magazine_TheEconomist.2024.03.02_page_032_p32_c6,magazine_TheEconomist.2024.03.02_page_032_p32_c3",2,True,1.0
What event in Tamil Nadu caused protests in 1965?,5,magazine_TheEconomist.2024.03.02_page_032_p32_c6,"magazine_TheEconomist.2024.03.02_page_032_p32_c5,magazine_TheEconomist.2024.03.02_page_032_p32_c6,magazine_TheEconomist.2024.03.02_page_032_p32_c3,magazine_TheEconomist.2023.11.18_page_030_p30_c3,magazine_TheEconomist.2023.11.18_page_030_p30_c4",2,True,1.0
What did southern leaders complain about regarding tax contributions?,1,magazine_TheEconomist.2024.03.02_page_032_p32_c7,magazine_TheEconomist.2024.03.02_page_032_p32_c7,1,True,1.0
What did southern leaders complain about regarding tax contributions?,3,magazine_TheEconomist.2024.03.02_page_032_p32_c7,"magazine_TheEconomist.2024.03.02_page_032_p32_c7,magazine_TheEconomist.2024.03.02_page_032_p32_c6,newspaper_The Globe and Mail - 2025-1-8@magazinesclubnew_page_018_p18_c2",1,True,1.0
What did southern leaders complain about regarding tax contributions?,5,magazine_TheEconomist.2024.03.02_page_032_p32_c7,"magazine_TheEconomist.2024.03.02_page_032_p32_c7,magazine_TheEconomist.2024.03.02_page_032_p32_c6,newspaper_The Globe and Mail - 2025-1-8@magazinesclubnew_page_018_p18_c2,magazine_TheEconomist.2024.03.02_page_032_p32_c8,magazine_TheEconomist.2024.03.02_page_028_p28_c0",1,True,1.0
What did M.K. Stalin say about delimitation?,1,magazine_TheEconomist.2024.03.02_page_032_p32_c8,magazine_TheEconomist.2024.03.02_page_032_p32_c8,1,True,1.0
What did M.K. Stalin say about delimitation?,3,magazine_TheEconomist.2024.03.02_page_032_p32_c8,"magazine_TheEconomist.2024.03.02_page_032_p32_c8,jiaocaineedrop_jiaocai_needrop_en_155_p155_c0,jiaocaineedrop_jiaocai_needrop_en_155_p155_c1",1,True,1.0
What did M.K. Stalin say about delimitation?,5,magazine_TheEconomist.2024.03.02_page_032_p32_c8,"magazine_TheEconomist.2024.03.02_page_032_p32_c8,jiaocaineedrop_jiaocai_needrop_en_155_p155_c0,jiaocaineedrop_jiaocai_needrop_en_155_p155_c1,jiaocaineedrop_jiaocai_needrop_en_2193_p2193_c0,jiaocaineedrop_jiaocai_needrop_en_377_p377_c3",1,True,1.0
Which southern state has the BJP already made inroads in?,1,magazine_TheEconomist.2024.03.02_page_032_p32_c9,magazine_TheEconomist.2024.03.02_page_032_p32_c10,0,False,0.0
Which southern state has the BJP already made inroads in?,3,magazine_TheEconomist.2024.03.02_page_032_p32_c9,"magazine_TheEconomist.2024.03.02_page_032_p32_c10,magazine_TheEconomist.2024.03.02_page_032_p32_c9,magazine_TheEconomist.2024.03.02_page_032_p32_c8",2,True,1.0
Which southern state has the BJP already made inroads in?,5,magazine_TheEconomist.2024.03.02_page_032_p32_c9,"magazine_TheEconomist.2024.03.02_page_032_p32_c10,magazine_TheEconomist.2024.03.02_page_032_p32_c9,magazine_TheEconomist.2024.03.02_page_032_p32_c8,magazine_TheEconomist.2024.03.02_page_032_p32_c3,magazine_TheEconomist.2024.03.02_page_032_p32_c6",2,True,1.0
In which state has the BJP already made inroads?,1,magazine_TheEconomist.2024.03.02_page_032_p32_c10,magazine_TheEconomist.2024.03.02_page_032_p32_c10,1,True,1.0
In which state has the BJP already made inroads?,3,magazine_TheEconomist.2024.03.02_page_032_p32_c10,"magazine_TheEconomist.2024.03.02_page_032_p32_c10,magazine_TheEconomist.2024.03.02_page_032_p32_c9,magazine_TheEconomist.2024.03.02_page_032_p32_c3",1,True,1.0
In which state has the BJP already made inroads?,5,magazine_TheEconomist.2024.03.02_page_032_p32_c10,"magazine_TheEconomist.2024.03.02_page_032_p32_c10,magazine_TheEconomist.2024.03.02_page_032_p32_c9,magazine_TheEconomist.2024.03.02_page_032_p32_c3,magazine_TheEconomist.2024.03.02_page_032_p32_c6,magazine_TheEconomist.2023.11.18_page_030_p30_c1",1,True,1.0
Which act was enacted in Texas to protect consumers against false and misleading business practices?,1,jiaocaineedrop_chap15.pdf_3_p3_c0,jiaocaineedrop_chap15.pdf_3_p3_c0,1,True,1.0
Which act was enacted in Texas to protect consumers against false and misleading business practices?,3,jiaocaineedrop_chap15.pdf_3_p3_c0,"jiaocaineedrop_chap15.pdf_3_p3_c0,jiaocaineedrop_chap15.pdf_3_p3_c1,yanbaor2_89c3718f5a45179ef57a5063c6df36fc2c9b7e3ab4275f4905ed89f1c17232ea.pdf_14_p14_c2",1,True,1.0
Which act was enacted in Texas to protect consumers against false and misleading business practices?,5,jiaocaineedrop_chap15.pdf_3_p3_c0,"jiaocaineedrop_chap15.pdf_3_p3_c0,jiaocaineedrop_chap15.pdf_3_p3_c1,yanbaor2_89c3718f5a45179ef57a5063c6df36fc2c9b7e3ab4275f4905ed89f1c17232ea.pdf_14_p14_c2,newspaper_fe5ed29024932fad071afc53807b16ba_1_p1_c2,jiaocaineedrop_chap15.pdf_3_p3_c2",1,True,1.0
Does federal consumer protection law apply to a local farmstand business?,1,jiaocaineedrop_chap15.pdf_3_p3_c1,jiaocaineedrop_chap15.pdf_3_p3_c1,1,True,1.0
Does federal consumer protection law apply to a local farmstand business?,3,jiaocaineedrop_chap15.pdf_3_p3_c1,"jiaocaineedrop_chap15.pdf_3_p3_c1,jiaocaineedrop_chap15.pdf_3_p3_c2,jiaocaineedrop_chap15.pdf_3_p3_c0",1,True,1.0
Does federal consumer protection law apply to a local farmstand business?,5,jiaocaineedrop_chap15.pdf_3_p3_c1,"jiaocaineedrop_chap15.pdf_3_p3_c1,jiaocaineedrop_chap15.pdf_3_p3_c2,jiaocaineedrop_chap15.pdf_3_p3_c0,newspaper_35bdaa11dec104ccbdc9e19ac8527d21_1_p1_c6,newspaper_35bdaa11dec104ccbdc9e19ac8527d21_1_p1_c7",1,True,1.0
What percentage of fraud complaints in 2002 were related to nondelivery and payment?,1,jiaocaineedrop_chap15.pdf_3_p3_c2,jiaocaineedrop_chap15.pdf_3_p3_c2,1,True,1.0
What percentage of fraud complaints in 2002 were related to nondelivery and payment?,3,jiaocaineedrop_chap15.pdf_3_p3_c2,"jiaocaineedrop_chap15.pdf_3_p3_c2,docstructbench_llm-raw-scihub-o.O-hup.908.pdf_5_p5_c1,jiaocaineedrop_chap15.pdf_3_p3_c1",1,True,1.0
What percentage of fraud complaints in 2002 were related to nondelivery and payment?,5,jiaocaineedrop_chap15.pdf_3_p3_c2,"jiaocaineedrop_chap15.pdf_3_p3_c2,docstructbench_llm-raw-scihub-o.O-hup.908.pdf_5_p5_c1,jiaocaineedrop_chap15.pdf_3_p3_c1,scihub_ijcac.2012040101.pdf_5_p5_c3,newspaper_eb569707cf5621d4c71d5898216cdb17_1_p1_c4",1,True,1.0
What is the focus of Chapter 15?,1,jiaocaineedrop_chap15.pdf_3_p3_c3,jiaocaineedrop_chap15.pdf_3_p3_c3,1,True,1.0
What is the focus of Chapter 15?,3,jiaocaineedrop_chap15.pdf_3_p3_c3,"jiaocaineedrop_chap15.pdf_3_p3_c3,newspaper_The Globe and Mail - 2025-1-8@magazinesclubnew_page_014_p14_c4,jiaocaineedrop_jiaocai_needrop_en_1473_p1473_c0",1,True,1.0
What is the focus of Chapter 15?,5,jiaocaineedrop_chap15.pdf_3_p3_c3,"jiaocaineedrop_chap15.pdf_3_p3_c3,newspaper_The Globe and Mail - 2025-1-8@magazinesclubnew_page_014_p14_c4,jiaocaineedrop_jiaocai_needrop_en_1473_p1473_c0,docstructbench_dianzishu_zhongwenzaixian-o.O-63678132.pdf_161_p161_c0,docstructbench_dianzishu_zhongwenzaixian-o.O-61523162.pdf_276_p276_c0",1,True,1.0
中国在新疆地区投资主要用于哪些建设？,1,yanbaor2_ea86fd46182ff9b675775645ecaf43782b996ffaeeb09c679f56a47aabfbf6b7.pdf_9_p9_c0,yanbaor2_ea86fd46182ff9b675775645ecaf43782b996ffaeeb09c679f56a47aabfbf6b7.pdf_9_p9_c0,1,True,1.0
中国在新疆地区投资主要用于哪些建设？,3,yanbaor2_ea86fd46182ff9b675775645ecaf43782b996ffaeeb09c679f56a47aabfbf6b7.pdf_9_p9_c0,"yanbaor2_ea86fd46182ff9b675775645ecaf43782b996ffaeeb09c679f56a47aabfbf6b7.pdf_9_p9_c0,newspaper_eb569707cf5621d4c71d5898216cdb17_1_p1_c7,newspaper_2c69e142b52dbb30cac2cb11d3eb25e5_1_p1_c1",1,True,1.0
中国在新疆地区投资主要用于哪些建设？,5,yanbaor2_ea86fd46182ff9b675775645ecaf43782b996ffaeeb09c679f56a47aabfbf6b7.pdf_9_p9_c0,"yanbaor2_ea86fd46182ff9b675775645ecaf43782b996ffaeeb09c679f56a47aabfbf6b7.pdf_9_p9_c0,newspaper_eb569707cf5621d4c71d5898216cdb17_1_p1_c7,newspaper_2c69e142b52dbb30cac2cb11d3eb25e5_1_p1_c1,notes_1ba14cb325bc448f7201b20502ecf2b5_74_p74_c0,newspaper_2c69e142b52dbb30cac2cb11d3eb25e5_1_p1_c8",1,True,1.0
亚投行的初始资金总规模是多少？,1,yanbaor2_ea86fd46182ff9b675775645ecaf43782b996ffaeeb09c679f56a47aabfbf6b7.pdf_9_p9_c1,yanbaor2_ea86fd46182ff9b675775645ecaf43782b996ffaeeb09c679f56a47aabfbf6b7.pdf_9_p9_c1,1,True,1.0
亚投行的初始资金总规模是多少？,3,yanbaor2_ea86fd46182ff9b675775645ecaf43782b996ffaeeb09c679f56a47aabfbf6b7.pdf_9_p9_c1,"yanbaor2_ea86fd46182ff9b675775645ecaf43782b996ffaeeb09c679f56a47aabfbf6b7.pdf_9_p9_c1,yanbaor2_ea86fd46182ff9b675775645ecaf43782b996ffaeeb09c679f56a47aabfbf6b7.pdf_9_p9_c0,yanbaopptmerge_51e549c0d1a2669ac976409fcf99ce91908b1e0a07f0fc70d92263abf6d07f18.pdf_1_p1_c1",1,True,1.0
亚投行的初始资金总规模是多少？,5,yanbaor2_ea86fd46182ff9b675775645ecaf43782b996ffaeeb09c679f56a47aabfbf6b7.pdf_9_p9_c1,"yanbaor2_ea86fd46182ff9b675775645ecaf43782b996ffaeeb09c679f56a47aabfbf6b7.pdf_9_p9_c1,yanbaor2_ea86fd46182ff9b675775645ecaf43782b996ffaeeb09c679f56a47aabfbf6b7.pdf_9_p9_c0,yanbaopptmerge_51e549c0d1a2669ac976409fcf99ce91908b1e0a07f0fc70d92263abf6d07f18.pdf_1_p1_c1,yanbaopptmerge_baa6d02928efcac46ccf7dfd3859de565cfb0bea918ae0ec0eed50944a7c20b4.pdf_11_p11_c2,eastmoney_e42b6e1cd2d48113ff4db8854e539d828d632bf9b1757e10cb8ddb2cfc7b1393.pdf_12_p12_c0",1,True,1.0
贾探春的称号是什么？,1,yanbaopptmerge_yanbaoPPT_1090_p1090_c0,yanbaopptmerge_yanbaoPPT_1090_p1090_c0,1,True,1.0
贾探春的称号是什么？,3,yanbaopptmerge_yanbaoPPT_1090_p1090_c0,"yanbaopptmerge_yanbaoPPT_1090_p1090_c0,newspaper_0b1bb8d03b4287eb95f67b68c2cf9f92_1_p1_c0,newspaper_fe2c8b45b2a086cd75984640bb3080e1_1_p1_c6",1,True,1.0
贾探春的称号是什么？,5,yanbaopptmerge_yanbaoPPT_1090_p1090_c0,"yanbaopptmerge_yanbaoPPT_1090_p1090_c0,newspaper_0b1bb8d03b4287eb95f67b68c2cf9f92_1_p1_c0,newspaper_fe2c8b45b2a086cd75984640bb3080e1_1_p1_c6,newspaper_0b1bb8d03b4287eb95f67b68c2cf9f92_1_p1_c2,newspaper_0b1bb8d03b4287eb95f67b68c2cf9f92_1_p1_c1",1,True,1.0
为什么不能听到演讲者讲话？,1,exam_paper_2016年安徽省中考英语试题（解析）_page_003_p3_c0,exam_paper_2016年安徽省中考英语试题（解析）_page_003_p3_c0,1,True,1.0
为什么不能听到演讲者讲话？,3,exam_paper_2016年安徽省中考英语试题（解析）_page_003_p3_c0,"exam_paper_2016年安徽省中考英语试题（解析）_page_003_p3_c0,jiaocaineedrop_jiaocai_needrop_en_1836_p1836_c0,jiaocaineedrop_jiaocai_needrop_en_2884_p2884_c2",1,True,1.0
为什么不能听到演讲者讲话？,5,exam_paper_2016年安徽省中考英语试题（解析）_page_003_p3_c0,"exam_paper_2016年安徽省中考英语试题（解析）_page_003_p3_c0,jiaocaineedrop_jiaocai_needrop_en_1836_p1836_c0,jiaocaineedrop_jiaocai_needrop_en_2884_p2884_c2,newspaper_b95d1d8eb0d756cc94a5d8b5db3cf69b_1_p1_c5,notes_f7f010b78016aeebd76e56d9283eb67f_92_p92_c1",1,True,1.0
为什么不要催他完成工作？,1,exam_paper_2016年安徽省中考英语试题（解析）_page_003_p3_c1,exam_paper_2016年安徽省中考英语试题（解析）_page_003_p3_c1,1,True,1.0
为什么不要催他完成工作？,3,exam_paper_2016年安徽省中考英语试题（解析）_page_003_p3_c1,"exam_paper_2016年安徽省中考英语试题（解析）_page_003_p3_c1,exam_paper_2016年安徽省中考英语试题（解析）_page_003_p3_c0,newspaper_e62730aaeb9b509119e0c3699ac18201_1_p1_c12",1,True,1.0
为什么不要催他完成工作？,5,exam_paper_2016年安徽省中考英语试题（解析）_page_003_p3_c1,"exam_paper_2016年安徽省中考英语试题（解析）_page_003_p3_c1,exam_paper_2016年安徽省中考英语试题（解析）_page_003_p3_c0,newspaper_e62730aaeb9b509119e0c3699ac18201_1_p1_c12,newspaper_e62730aaeb9b509119e0c3699ac18201_1_p1_c14,jiaocaineedrop_jiaocai_needrop_en_1836_p1836_c0",1,True,1.0
从上面和正面看到的形状如图，它的体积是多少？,1,jiaocaineedrop_jiaocai_needrop_en_2893_p2893_c0,jiaocaineedrop_jiaocai_needrop_en_2893_p2893_c0,1,True,1.0
从上面和正面看到的形状如图，它的体积是多少？,3,jiaocaineedrop_jiaocai_needrop_en_2893_p2893_c0,"jiaocaineedrop_jiaocai_needrop_en_2893_p2893_c0,jiaocaineedrop_jiaocai_needrop_en_2893_p2893_c1,jiaocaineedrop_jiaocai_needrop_en_1473_p1473_c0",1,True,1.0
从上面和正面看到的形状如图，它的体积是多少？,5,jiaocaineedrop_jiaocai_needrop_en_2893_p2893_c0,"jiaocaineedrop_jiaocai_needrop_en_2893_p2893_c0,jiaocaineedrop_jiaocai_needrop_en_2893_p2893_c1,jiaocaineedrop_jiaocai_needrop_en_1473_p1473_c0,docstructbench_dianzishu_zhongwenzaixian-o.O-60403612.pdf_179_p179_c0,jiaocaineedrop_jiaocai_needrop_en_1564_p1564_c2",1,True,1.0
铅锤的底面直径是多少？,1,jiaocaineedrop_jiaocai_needrop_en_2893_p2893_c1,jiaocaineedrop_jiaocai_needrop_en_2893_p2893_c1,1,True,1.0
铅锤的底面直径是多少？,3,jiaocaineedrop_jiaocai_needrop_en_2893_p2893_c1,"jiaocaineedrop_jiaocai_needrop_en_2893_p2893_c1,jiaocaineedrop_jiaocai_needrop_en_2893_p2893_c0,eastmoney_e42b6e1cd2d48113ff4db8854e539d828d632bf9b1757e10cb8ddb2cfc7b1393.pdf_12_p12_c1",1,True,1.0
铅锤的底面直径是多少？,5,jiaocaineedrop_jiaocai_needrop_en_2893_p2893_c1,"jiaocaineedrop_jiaocai_needrop_en_2893_p2893_c1,jiaocaineedrop_jiaocai_needrop_en_2893_p2893_c0,eastmoney_e42b6e1cd2d48113ff4db8854e539d828d632bf9b1757e10cb8ddb2cfc7b1393.pdf_12_p12_c1,jiaocaineedrop_jiaocai_needrop_en_1473_p1473_c0,docstructbench_dianzishu_zhongwenzaixian-o.O-60403612.pdf_179_p179_c0",1,True,1.0
正面需要多少个小正方体？,1,jiaocaineedrop_jiaocai_needrop_en_2893_p2893_c2,jiaocaineedrop_jiaocai_needrop_en_2893_p2893_c2,1,True,1.0
正面需要多少个小正方体？,3,jiaocaineedrop_jiaocai_needrop_en_2893_p2893_c2,"jiaocaineedrop_jiaocai_needrop_en_2893_p2893_c2,jiaocaineedrop_jiaocai_needrop_en_2893_p2893_c1,jiaocaineedrop_jiaocai_needrop_en_2893_p2893_c0",1,True,1.0
正面需要多少个小正方体？,5,jiaocaineedrop_jiaocai_needrop_en_2893_p2893_c2,"jiaocaineedrop_jiaocai_needrop_en_2893_p2893_c2,jiaocaineedrop_jiaocai_needrop_en_2893_p2893_c1,jiaocaineedrop_jiaocai_needrop_en_2893_p2893_c0,jiaocaineedrop_jiaocai_needrop_en_1836_p1836_c2,jiaocaineedrop_jiaocai_needrop_en_2518_p2518_c0",1,True,1.0
What is the first equation in Exercise 2.1.3?,1,".2012_page_065_p65_c0,.Birkhauser,.Geza.Schay,book_en_A.Concise.Introduction.to.Linear.Algebra","book_en_A.Concise.Introduction.to.Linear.Algebra,.Geza.Schay,.Birkhauser,.2012_page_065_p65_c0",0,False,0.0
What is the first equation in Exercise 2.1.3?,3,".2012_page_065_p65_c0,.Birkhauser,.Geza.Schay,book_en_A.Concise.Introduction.to.Linear.Algebra","book_en_A.Concise.Introduction.to.Linear.Algebra,.Geza.Schay,.Birkhauser,.2012_page_065_p65_c0,book_en_A.Concise.Introduction.to.Linear.Algebra,.Geza.Schay,.Birkhauser,.2012_page_065_p65_c3,book_en_A.Concise.Introduction.to.Linear.Algebra,.Geza.Schay,.Birkhauser,.2012_page_065_p65_c1",0,False,0.0
What is the first equation in Exercise 2.1.3?,5,".2012_page_065_p65_c0,.Birkhauser,.Geza.Schay,book_en_A.Concise.Introduction.to.Linear.Algebra","book_en_A.Concise.Introduction.to.Linear.Algebra,.Geza.Schay,.Birkhauser,.2012_page_065_p65_c0,book_en_A.Concise.Introduction.to.Linear.Algebra,.Geza.Schay,.Birkhauser,.2012_page_065_p65_c3,book_en_A.Concise.Introduction.to.Linear.Algebra,.Geza.Schay,.Birkhauser,.2012_page_065_p65_c1,book_en_A.Concise.Introduction.to.Linear.Algebra,.Geza.Schay,.Birkhauser,.2012_page_065_p65_c2,book_en_国外数学教材-数论-Melvyn B. Nathanson—Elementary Methods in Number Theory_0451_p451_c1",0,False,0.0
What is the third row of Exercise 2.1.10?,1,".2012_page_065_p65_c1,.Birkhauser,.Geza.Schay,book_en_A.Concise.Introduction.to.Linear.Algebra","book_en_A.Concise.Introduction.to.Linear.Algebra,.Geza.Schay,.Birkhauser,.2012_page_065_p65_c2",0,False,0.0
What is the third row of Exercise 2.1.10?,3,".2012_page_065_p65_c1,.Birkhauser,.Geza.Schay,book_en_A.Concise.Introduction.to.Linear.Algebra","book_en_A.Concise.Introduction.to.Linear.Algebra,.Geza.Schay,.Birkhauser,.2012_page_065_p65_c2,book_en_A.Concise.Introduction.to.Linear.Algebra,.Geza.Schay,.Birkhauser,.2012_page_065_p65_c1,book_en_A.Concise.Introduction.to.Linear.Algebra,.Geza.Schay,.Birkhauser,.2012_page_065_p65_c0",0,False,0.0
What is the third row of Exercise 2.1.10?,5,".2012_page_065_p65_c1,.Birkhauser,.Geza.Schay,book_en_A.Concise.Introduction.to.Linear.Algebra","book_en_A.Concise.Introduction.to.Linear.Algebra,.Geza.Schay,.Birkhauser,.2012_page_065_p65_c2,book_en_A.Concise.Introduction.to.Linear.Algebra,.Geza.Schay,.Birkhauser,.2012_page_065_p65_c1,book_en_A.Concise.Introduction.to.Linear.Algebra,.Geza.Schay,.Birkhauser,.2012_page_065_p65_c0,newspaper_The Globe and Mail - 2025-1-8@magazinesclubnew_page_014_p14_c15,newspaper_The Globe and Mail - 2025-1-8@magazinesclubnew_page_014_p14_c12",0,False,0.0
What is the fifth element in the first row of Exercise 2.1.12?,1,".2012_page_065_p65_c2,.Birkhauser,.Geza.Schay,book_en_A.Concise.Introduction.to.Linear.Algebra","book_en_A.Concise.Introduction.to.Linear.Algebra,.Geza.Schay,.Birkhauser,.2012_page_065_p65_c2",0,False,0.0
What is the fifth element in the first row of Exercise 2.1.12?,3,".2012_page_065_p65_c2,.Birkhauser,.Geza.Schay,book_en_A.Concise.Introduction.to.Linear.Algebra","book_en_A.Concise.Introduction.to.Linear.Algebra,.Geza.Schay,.Birkhauser,.2012_page_065_p65_c2,book_en_A.Concise.Introduction.to.Linear.Algebra,.Geza.Schay,.Birkhauser,.2012_page_065_p65_c1,book_en_A.Concise.Introduction.to.Linear.Algebra,.Geza.Schay,.Birkhauser,.2012_page_065_p65_c0",0,False,0.0
What is the fifth element in the first row of Exercise 2.1.12?,5,".2012_page_065_p65_c2,.Birkhauser,.Geza.Schay,book_en_A.Concise.Introduction.to.Linear.Algebra","book_en_A.Concise.Introduction.to.Linear.Algebra,.Geza.Schay,.Birkhauser,.2012_page_065_p65_c2,book_en_A.Concise.Introduction.to.Linear.Algebra,.Geza.Schay,.Birkhauser,.2012_page_065_p65_c1,book_en_A.Concise.Introduction.to.Linear.Algebra,.Geza.Schay,.Birkhauser,.2012_page_065_p65_c0,book_en_A.Concise.Introduction.to.Linear.Algebra,.Geza.Schay,.Birkhauser,.2012_page_065_p65_c3,book_en_国外数学教材-数论-Melvyn B. Nathanson—Elementary Methods in Number Theory_0451_p451_c1",0,False,0.0
What is the first element in the first row of the matrix?,1,".2012_page_065_p65_c3,.Birkhauser,.Geza.Schay,book_en_A.Concise.Introduction.to.Linear.Algebra",exam_paper_en-file-putnam-archive_1995_Solutions_1995s_page_002_p2_c3,0,False,0.0
What is the first element in the first row of the matrix?,3,".2012_page_065_p65_c3,.Birkhauser,.Geza.Schay,book_en_A.Concise.Introduction.to.Linear.Algebra","exam_paper_en-file-putnam-archive_1995_Solutions_1995s_page_002_p2_c3,book_en_国外数学教材-非数学专业教材-线性代数-Gilbert Strang—Linear Algebra and Its Applications 4e_0035_p35_c3,exam_paper_en-file-putnam-archive_2002_Solutions_2002s_page_001_p1_c3",0,False,0.0
What is the first element in the first row of the matrix?,5,".2012_page_065_p65_c3,.Birkhauser,.Geza.Schay,book_en_A.Concise.Introduction.to.Linear.Algebra","exam_paper_en-file-putnam-archive_1995_Solutions_1995s_page_002_p2_c3,book_en_国外数学教材-非数学专业教材-线性代数-Gilbert Strang—Linear Algebra and Its Applications 4e_0035_p35_c3,exam_paper_en-file-putnam-archive_2002_Solutions_2002s_page_001_p1_c3,book_en_A.Concise.Introduction.to.Linear.Algebra,.Geza.Schay,.Birkhauser,.2012_page_065_p65_c1,book_en_国外数学教材-非数学专业教材-线性代数-Gilbert Strang—Linear Algebra and Its Applications 4e_0242_p242_c0",0,False,0.0
What is the value of B−1?,1,exam_paper_en-file-putnam-archive_1999_Solutions_1999s_page_003_p3_c0,exam_paper_en-file-putnam-archive_1999_Solutions_1999s_page_003_p3_c0,1,True,1.0
What is the value of B−1?,3,exam_paper_en-file-putnam-archive_1999_Solutions_1999s_page_003_p3_c0,"exam_paper_en-file-putnam-archive_1999_Solutions_1999s_page_003_p3_c0,exam_paper_en-file-putnam-archive_1995_Solutions_1995s_page_002_p2_c0,newspaper_The Wall Street Journal - 2025-01-08@magazinesclubnew_page_018_p18_c1",1,True,1.0
What is the value of B−1?,5,exam_paper_en-file-putnam-archive_1999_Solutions_1999s_page_003_p3_c0,"exam_paper_en-file-putnam-archive_1999_Solutions_1999s_page_003_p3_c0,exam_paper_en-file-putnam-archive_1995_Solutions_1995s_page_002_p2_c0,newspaper_The Wall Street Journal - 2025-01-08@magazinesclubnew_page_018_p18_c1,exam_paper_en-file-putnam-archive_2009_Solutions_2009s_page_003_p3_c1,exam_paper_en-file-putnam-archive_2012_Solutions_2012s_page_001_p1_c6",1,True,1.0
What is the limit as theta approaches 0 of sin(theta/2) divided by sin(3theta/2)?,1,exam_paper_en-file-putnam-archive_1999_Solutions_1999s_page_003_p3_c1,exam_paper_en-file-putnam-archive_1999_Solutions_1999s_page_003_p3_c1,1,True,1.0
What is the limit as theta approaches 0 of sin(theta/2) divided by sin(3theta/2)?,3,exam_paper_en-file-putnam-archive_1999_Solutions_1999s_page_003_p3_c1,"exam_paper_en-file-putnam-archive_1999_Solutions_1999s_page_003_p3_c1,exam_paper_en-file-putnam-archive_1999_Solutions_1999s_page_003_p3_c0,jiaocaineedrop_96657786.pdf_0_p0_c2",1,True,1.0
What is the limit as theta approaches 0 of sin(theta/2) divided by sin(3theta/2)?,5,exam_paper_en-file-putnam-archive_1999_Solutions_1999s_page_003_p3_c1,"exam_paper_en-file-putnam-archive_1999_Solutions_1999s_page_003_p3_c1,exam_paper_en-file-putnam-archive_1999_Solutions_1999s_page_003_p3_c0,jiaocaineedrop_96657786.pdf_0_p0_c2,exam_paper_en-file-putnam-archive_1995_Solutions_1995s_page_002_p2_c2,book_en_国外数学教材-数论-Melvyn B. Nathanson—Elementary Methods in Number Theory_0451_p451_c1",1,True,1.0
What is the value of C in terms of n?,1,exam_paper_en-file-putnam-archive_1999_Solutions_1999s_page_003_p3_c2,jiaocaineedrop_96657786.pdf_0_p0_c2,0,False,0.0
What is the value of C in terms of n?,3,exam_paper_en-file-putnam-archive_1999_Solutions_1999s_page_003_p3_c2,"jiaocaineedrop_96657786.pdf_0_p0_c2,exam_paper_en-file-putnam-archive_1996_Solutions_1996s_page_002_p2_c6,exam_paper_en-file-putnam-archive_1996_Solutions_1996s_page_002_p2_c3",0,False,0.0
What is the value of C in terms of n?,5,exam_paper_en-file-putnam-archive_1999_Solutions_1999s_page_003_p3_c2,"jiaocaineedrop_96657786.pdf_0_p0_c2,exam_paper_en-file-putnam-archive_1996_Solutions_1996s_page_002_p2_c6,exam_paper_en-file-putnam-archive_1996_Solutions_1996s_page_002_p2_c3,newspaper_The Globe and Mail - 2025-1-8@magazinesclubnew_page_014_p14_c1,exam_paper_en-file-putnam-archive_2011_Solutions_2011s_page_002_p2_c2",0,False,0.0
What is the form of the polynomial P(x) after applying the given condition?,1,exam_paper_en-file-putnam-archive_1999_Solutions_1999s_page_003_p3_c3,exam_paper_en-file-putnam-archive_1999_Solutions_1999s_page_003_p3_c3,1,True,1.0
What is the form of the polynomial P(x) after applying the given condition?,3,exam_paper_en-file-putnam-archive_1999_Solutions_1999s_page_003_p3_c3,"exam_paper_en-file-putnam-archive_1999_Solutions_1999s_page_003_p3_c3,exam_paper_en-file-putnam-archive_2009_Solutions_2009s_page_003_p3_c6,exam_paper_en-file-putnam-archive_1999_Solutions_1999s_page_002_p2_c4",1,True,1.0
What is the form of the polynomial P(x) after applying the given condition?,5,exam_paper_en-file-putnam-archive_1999_Solutions_1999s_page_003_p3_c3,"exam_paper_en-file-putnam-archive_1999_Solutions_1999s_page_003_p3_c3,exam_paper_en-file-putnam-archive_2009_Solutions_2009s_page_003_p3_c6,exam_paper_en-file-putnam-archive_1999_Solutions_1999s_page_002_p2_c4,exam_paper_en-file-putnam-archive_1999_Solutions_1999s_page_002_p2_c5,exam_paper_en-file-putnam-archive_2009_Solutions_2009s_page_003_p3_c7",1,True,1.0
What happens if z lies on the imaginary axis according to the argument?,1,exam_paper_en-file-putnam-archive_1999_Solutions_1999s_page_003_p3_c4,exam_paper_en-file-putnam-archive_1999_Solutions_1999s_page_003_p3_c4,1,True,1.0
What happens if z lies on the imaginary axis according to the argument?,3,exam_paper_en-file-putnam-archive_1999_Solutions_1999s_page_003_p3_c4,"exam_paper_en-file-putnam-archive_1999_Solutions_1999s_page_003_p3_c4,exam_paper_en-file-putnam-archive_1999_Solutions_1999s_page_003_p3_c3,exam_paper_en-file-putnam-archive_1996_Solutions_1996s_page_002_p2_c0",1,True,1.0
What happens if z lies on the imaginary axis according to the argument?,5,exam_paper_en-file-putnam-archive_1999_Solutions_1999s_page_003_p3_c4,"exam_paper_en-file-putnam-archive_1999_Solutions_1999s_page_003_p3_c4,exam_paper_en-file-putnam-archive_1999_Solutions_1999s_page_003_p3_c3,exam_paper_en-file-putnam-archive_1996_Solutions_1996s_page_002_p2_c0,jiaocaineedrop_glossary.pdf_7_p7_c1,exam_paper_en-file-putnam-archive_2006_Solutions_2006s_page_006_p6_c0",1,True,1.0
What is the desired limit according to the document fragment?,1,exam_paper_en-file-putnam-archive_1999_Solutions_1999s_page_003_p3_c6,jiaocaineedrop_Evans_PDE_Solution_Chapter_6_Second-Order_Elliptic_Equations.pdf_5_p5_c3,0,False,0.0
What is the desired limit according to the document fragment?,3,exam_paper_en-file-putnam-archive_1999_Solutions_1999s_page_003_p3_c6,"jiaocaineedrop_Evans_PDE_Solution_Chapter_6_Second-Order_Elliptic_Equations.pdf_5_p5_c3,newspaper_The Globe and Mail - 2025-1-8@magazinesclubnew_page_014_p14_c0,scihub_ijcac.2012040101.pdf_5_p5_c6",0,False,0.0
What is the desired limit according to the document fragment?,5,exam_paper_en-file-putnam-archive_1999_Solutions_1999s_page_003_p3_c6,"jiaocaineedrop_Evans_PDE_Solution_Chapter_6_Second-Order_Elliptic_Equations.pdf_5_p5_c3,newspaper_The Globe and Mail - 2025-1-8@magazinesclubnew_page_014_p14_c0,scihub_ijcac.2012040101.pdf_5_p5_c6,yanbaor2_89c3718f5a45179ef57a5063c6df36fc2c9b7e3ab4275f4905ed89f1c17232ea.pdf_14_p14_c1,exam_paper_en-file-putnam-archive_1998_Solutions_1998s_page_002_p2_c1",0,False,0.0
What is the result of applying the fact to the difference between the right and left sides?,1,exam_paper_en-file-putnam-archive_1999_Solutions_1999s_page_003_p3_c7,exam_paper_en-file-putnam-archive_1999_Solutions_1999s_page_003_p3_c8,0,False,0.0
What is the result of applying the fact to the difference between the right and left sides?,3,exam_paper_en-file-putnam-archive_1999_Solutions_1999s_page_003_p3_c7,"exam_paper_en-file-putnam-archive_1999_Solutions_1999s_page_003_p3_c8,exam_paper_en-file-putnam-archive_1995_Solutions_1995s_page_002_p2_c9,yanbaopptmerge_d346b889f1d85c61950a71d4b0ac2752.pdf_89_p89_c6",0,False,0.0
What is the result of applying the fact to the difference between the right and left sides?,5,exam_paper_en-file-putnam-archive_1999_Solutions_1999s_page_003_p3_c7,"exam_paper_en-file-putnam-archive_1999_Solutions_1999s_page_003_p3_c8,exam_paper_en-file-putnam-archive_1995_Solutions_1995s_page_002_p2_c9,yanbaopptmerge_d346b889f1d85c61950a71d4b0ac2752.pdf_89_p89_c6,jiaocaineedrop_jiaocai_needrop_en_1564_p1564_c3,book_en_国外数学教材-数论-Melvyn B. Nathanson—Elementary Methods in Number Theory_0451_p451_c1",0,False,0.0
What inequality is derived from applying the fact to the difference between the sides?,1,exam_paper_en-file-putnam-archive_1999_Solutions_1999s_page_003_p3_c8,exam_paper_en-file-putnam-archive_1999_Solutions_1999s_page_003_p3_c7,0,False,0.0
What inequality is derived from applying the fact to the difference between the sides?,3,exam_paper_en-file-putnam-archive_1999_Solutions_1999s_page_003_p3_c8,"exam_paper_en-file-putnam-archive_1999_Solutions_1999s_page_003_p3_c7,exam_paper_en-file-putnam-archive_1999_Solutions_1999s_page_003_p3_c8,exam_paper_en-file-putnam-archive_2011_Solutions_2011s_page_002_p2_c5",2,True,1.0
What inequality is derived from applying the fact to the difference between the sides?,5,exam_paper_en-file-putnam-archive_1999_Solutions_1999s_page_003_p3_c8,"exam_paper_en-file-putnam-archive_1999_Solutions_1999s_page_003_p3_c7,exam_paper_en-file-putnam-archive_1999_Solutions_1999s_page_003_p3_c8,exam_paper_en-file-putnam-archive_2011_Solutions_2011s_page_002_p2_c5,yanbaopptmerge_yanbaoPPT_825_p825_c0,exam_paper_en-file-putnam-archive_1995_Solutions_1995s_page_002_p2_c9",2,True,1.0
What is the result of 12+18?,1,jiaocaineedrop_jiaocai_needrop_en_2518_p2518_c0,jiaocaineedrop_jiaocai_needrop_en_2518_p2518_c0,1,True,1.0
What is the result of 12+18?,3,jiaocaineedrop_jiaocai_needrop_en_2518_p2518_c0,"jiaocaineedrop_jiaocai_needrop_en_2518_p2518_c0,docstructbench_llm-raw-scihub-o.O-j.chroma.2005.03.134.pdf_6_p6_c3,book_en_国外数学教材-数论-Melvyn B. Nathanson—Elementary Methods in Number Theory_0451_p451_c3",1,True,1.0
What is the result of 12+18?,5,jiaocaineedrop_jiaocai_needrop_en_2518_p2518_c0,"jiaocaineedrop_jiaocai_needrop_en_2518_p2518_c0,docstructbench_llm-raw-scihub-o.O-j.chroma.2005.03.134.pdf_6_p6_c3,book_en_国外数学教材-数论-Melvyn B. Nathanson—Elementary Methods in Number Theory_0451_p451_c3,newspaper_The Globe and Mail - 2025-1-8@magazinesclubnew_page_014_p14_c10,newspaper_The Globe and Mail - 2025-1-8@magazinesclubnew_page_014_p14_c11",1,True,1.0
What is the result of 4.68 minus 0.68?,1,jiaocaineedrop_jiaocai_needrop_en_2518_p2518_c1,jiaocaineedrop_jiaocai_needrop_en_2518_p2518_c1,1,True,1.0
What is the result of 4.68 minus 0.68?,3,jiaocaineedrop_jiaocai_needrop_en_2518_p2518_c1,"jiaocaineedrop_jiaocai_needrop_en_2518_p2518_c1,docstructbench_llm-raw-scihub-o.O-j.chroma.2005.05.085.pdf_4_p4_c7,docstructbench_llm-raw-scihub-o.O-j.chroma.2005.03.134.pdf_6_p6_c2",1,True,1.0
What is the result of 4.68 minus 0.68?,5,jiaocaineedrop_jiaocai_needrop_en_2518_p2518_c1,"jiaocaineedrop_jiaocai_needrop_en_2518_p2518_c1,docstructbench_llm-raw-scihub-o.O-j.chroma.2005.05.085.pdf_4_p4_c7,docstructbench_llm-raw-scihub-o.O-j.chroma.2005.03.134.pdf_6_p6_c2,docstructbench_llm-raw-scihub-o.O-j.chroma.2005.03.134.pdf_6_p6_c3,docstructbench_llm-raw-scihub-o.O-j.chroma.2005.03.134.pdf_6_p6_c4",1,True,1.0
What is the result of 9.32 minus 1.8?,1,jiaocaineedrop_jiaocai_needrop_en_2518_p2518_c2,jiaocaineedrop_jiaocai_needrop_en_2518_p2518_c2,1,True,1.0
What is the result of 9.32 minus 1.8?,3,jiaocaineedrop_jiaocai_needrop_en_2518_p2518_c2,"jiaocaineedrop_jiaocai_needrop_en_2518_p2518_c2,jiaocaineedrop_jiaocai_needrop_en_2518_p2518_c1,exam_paper_en-file-putnam-archive_1999_Solutions_1999s_page_002_p2_c0",1,True,1.0
What is the result of 9.32 minus 1.8?,5,jiaocaineedrop_jiaocai_needrop_en_2518_p2518_c2,"jiaocaineedrop_jiaocai_needrop_en_2518_p2518_c2,jiaocaineedrop_jiaocai_needrop_en_2518_p2518_c1,exam_paper_en-file-putnam-archive_1999_Solutions_1999s_page_002_p2_c0,docstructbench_llm-raw-scihub-o.O-j.chroma.2005.05.085.pdf_4_p4_c6,docstructbench_llm-raw-scihub-o.O-j.chroma.2005.05.085.pdf_4_p4_c7",1,True,1.0
根据减法算式写出一道减法算式和一道加法算式的是哪一道？,1,jiaocaineedrop_jiaocai_needrop_en_2518_p2518_c3,jiaocaineedrop_jiaocai_needrop_en_2518_p2518_c3,1,True,1.0
根据减法算式写出一道减法算式和一道加法算式的是哪一道？,3,jiaocaineedrop_jiaocai_needrop_en_2518_p2518_c3,"jiaocaineedrop_jiaocai_needrop_en_2518_p2518_c3,jiaocaineedrop_jiaocai_needrop_en_2518_p2518_c2,jiaocaineedrop_96657786.pdf_0_p0_c5",1,True,1.0
根据减法算式写出一道减法算式和一道加法算式的是哪一道？,5,jiaocaineedrop_jiaocai_needrop_en_2518_p2518_c3,"jiaocaineedrop_jiaocai_needrop_en_2518_p2518_c3,jiaocaineedrop_jiaocai_needrop_en_2518_p2518_c2,jiaocaineedrop_96657786.pdf_0_p0_c5,jiaocaineedrop_96657786.pdf_0_p0_c3,jiaocaineedrop_96657786.pdf_0_p0_c2",1,True,1.0
成都市明年将逐步实现哪些产品的溯源？,1,newspaper_35bdaa11dec104ccbdc9e19ac8527d21_1_p1_c0,newspaper_35bdaa11dec104ccbdc9e19ac8527d21_1_p1_c0,1,True,1.0
成都市明年将逐步实现哪些产品的溯源？,3,newspaper_35bdaa11dec104ccbdc9e19ac8527d21_1_p1_c0,"newspaper_35bdaa11dec104ccbdc9e19ac8527d21_1_p1_c0,newspaper_fe2c8b45b2a086cd75984640bb3080e1_1_p1_c9,newspaper_35bdaa11dec104ccbdc9e19ac8527d21_1_p1_c5",1,True,1.0
成都市明年将逐步实现哪些产品的溯源？,5,newspaper_35bdaa11dec104ccbdc9e19ac8527d21_1_p1_c0,"newspaper_35bdaa11dec104ccbdc9e19ac8527d21_1_p1_c0,newspaper_fe2c8b45b2a086cd75984640bb3080e1_1_p1_c9,newspaper_35bdaa11dec104ccbdc9e19ac8527d21_1_p1_c5,newspaper_35bdaa11dec104ccbdc9e19ac8527d21_1_p1_c1,newspaper_35bdaa11dec104ccbdc9e19ac8527d21_1_p1_c4",1,True,1.0
广西水产业品牌化建设有哪些具体措施？,1,newspaper_35bdaa11dec104ccbdc9e19ac8527d21_1_p1_c1,newspaper_35bdaa11dec104ccbdc9e19ac8527d21_1_p1_c1,1,True,1.0
广西水产业品牌化建设有哪些具体措施？,3,newspaper_35bdaa11dec104ccbdc9e19ac8527d21_1_p1_c1,"newspaper_35bdaa11dec104ccbdc9e19ac8527d21_1_p1_c1,newspaper_35bdaa11dec104ccbdc9e19ac8527d21_1_p1_c0,newspaper_eb569707cf5621d4c71d5898216cdb17_1_p1_c11",1,True,1.0
广西水产业品牌化建设有哪些具体措施？,5,newspaper_35bdaa11dec104ccbdc9e19ac8527d21_1_p1_c1,"newspaper_35bdaa11dec104ccbdc9e19ac8527d21_1_p1_c1,newspaper_35bdaa11dec104ccbdc9e19ac8527d21_1_p1_c0,newspaper_eb569707cf5621d4c71d5898216cdb17_1_p1_c11,newspaper_35bdaa11dec104ccbdc9e19ac8527d21_1_p1_c2,newspaper_2c69e142b52dbb30cac2cb11d3eb25e5_1_p1_c8",1,True,1.0
广西珍珠综合利用的企业产品包括哪些类型？,1,newspaper_35bdaa11dec104ccbdc9e19ac8527d21_1_p1_c2,newspaper_35bdaa11dec104ccbdc9e19ac8527d21_1_p1_c1,0,False,0.0
广西珍珠综合利用的企业产品包括哪些类型？,3,newspaper_35bdaa11dec104ccbdc9e19ac8527d21_1_p1_c2,"newspaper_35bdaa11dec104ccbdc9e19ac8527d21_1_p1_c1,newspaper_35bdaa11dec104ccbdc9e19ac8527d21_1_p1_c2,newspaper_fe2c8b45b2a086cd75984640bb3080e1_1_p1_c2",2,True,1.0
广西珍珠综合利用的企业产品包括哪些类型？,5,newspaper_35bdaa11dec104ccbdc9e19ac8527d21_1_p1_c2,"newspaper_35bdaa11dec104ccbdc9e19ac8527d21_1_p1_c1,newspaper_35bdaa11dec104ccbdc9e19ac8527d21_1_p1_c2,newspaper_fe2c8b45b2a086cd75984640bb3080e1_1_p1_c2,newspaper_fe2c8b45b2a086cd75984640bb3080e1_1_p1_c5,newspaper_2c69e142b52dbb30cac2cb11d3eb25e5_1_p1_c8",2,True,1.0
陕西省今年苹果总产量将达到多少万吨？,1,newspaper_35bdaa11dec104ccbdc9e19ac8527d21_1_p1_c3,newspaper_35bdaa11dec104ccbdc9e19ac8527d21_1_p1_c3,1,True,1.0
陕西省今年苹果总产量将达到多少万吨？,3,newspaper_35bdaa11dec104ccbdc9e19ac8527d21_1_p1_c3,"newspaper_35bdaa11dec104ccbdc9e19ac8527d21_1_p1_c3,newspaper_35bdaa11dec104ccbdc9e19ac8527d21_1_p1_c2,newspaper_35bdaa11dec104ccbdc9e19ac8527d21_1_p1_c5",1,True,1.0
陕西省今年苹果总产量将达到多少万吨？,5,newspaper_35bdaa11dec104ccbdc9e19ac8527d21_1_p1_c3,"newspaper_35bdaa11dec104ccbdc9e19ac8527d21_1_p1_c3,newspaper_35bdaa11dec104ccbdc9e19ac8527d21_1_p1_c2,newspaper_35bdaa11dec104ccbdc9e19ac8527d21_1_p1_c5,newspaper_eb569707cf5621d4c71d5898216cdb17_1_p1_c2,newspaper_35bdaa11dec104ccbdc9e19ac8527d21_1_p1_c4",1,True,1.0
哪些省份的农产品出口总额占全省出口总额的比例超过10%？,1,newspaper_35bdaa11dec104ccbdc9e19ac8527d21_1_p1_c4,newspaper_35bdaa11dec104ccbdc9e19ac8527d21_1_p1_c4,1,True,1.0
哪些省份的农产品出口总额占全省出口总额的比例超过10%？,3,newspaper_35bdaa11dec104ccbdc9e19ac8527d21_1_p1_c4,"newspaper_35bdaa11dec104ccbdc9e19ac8527d21_1_p1_c4,newspaper_35bdaa11dec104ccbdc9e19ac8527d21_1_p1_c5,newspaper_35bdaa11dec104ccbdc9e19ac8527d21_1_p1_c3",1,True,1.0
哪些省份的农产品出口总额占全省出口总额的比例超过10%？,5,newspaper_35bdaa11dec104ccbdc9e19ac8527d21_1_p1_c4,"newspaper_35bdaa11dec104ccbdc9e19ac8527d21_1_p1_c4,newspaper_35bdaa11dec104ccbdc9e19ac8527d21_1_p1_c5,newspaper_35bdaa11dec104ccbdc9e19ac8527d21_1_p1_c3,newspaper_35bdaa11dec104ccbdc9e19ac8527d21_1_p1_c2,newspaper_0b1bb8d03b4287eb95f67b68c2cf9f92_1_p1_c0",1,True,1.0
湖北省新洲区如何确保食用菌质量安全？,1,newspaper_35bdaa11dec104ccbdc9e19ac8527d21_1_p1_c5,newspaper_35bdaa11dec104ccbdc9e19ac8527d21_1_p1_c5,1,True,1.0
湖北省新洲区如何确保食用菌质量安全？,3,newspaper_35bdaa11dec104ccbdc9e19ac8527d21_1_p1_c5,"newspaper_35bdaa11dec104ccbdc9e19ac8527d21_1_p1_c5,newspaper_35bdaa11dec104ccbdc9e19ac8527d21_1_p1_c9,newspaper_35bdaa11dec104ccbdc9e19ac8527d21_1_p1_c8",1,True,1.0
湖北省新洲区如何确保食用菌质量安全？,5,newspaper_35bdaa11dec104ccbdc9e19ac8527d21_1_p1_c5,"newspaper_35bdaa11dec104ccbdc9e19ac8527d21_1_p1_c5,newspaper_35bdaa11dec104ccbdc9e19ac8527d21_1_p1_c9,newspaper_35bdaa11dec104ccbdc9e19ac8527d21_1_p1_c8,newspaper_35bdaa11dec104ccbdc9e19ac8527d21_1_p1_c4,newspaper_35bdaa11dec104ccbdc9e19ac8527d21_1_p1_c10",1,True,1.0
黄姜制品远销哪些地区？,1,newspaper_35bdaa11dec104ccbdc9e19ac8527d21_1_p1_c6,newspaper_35bdaa11dec104ccbdc9e19ac8527d21_1_p1_c5,0,False,0.0
黄姜制品远销哪些地区？,3,newspaper_35bdaa11dec104ccbdc9e19ac8527d21_1_p1_c6,"newspaper_35bdaa11dec104ccbdc9e19ac8527d21_1_p1_c5,newspaper_35bdaa11dec104ccbdc9e19ac8527d21_1_p1_c6,newspaper_35bdaa11dec104ccbdc9e19ac8527d21_1_p1_c4",2,True,1.0
黄姜制品远销哪些地区？,5,newspaper_35bdaa11dec104ccbdc9e19ac8527d21_1_p1_c6,"newspaper_35bdaa11dec104ccbdc9e19ac8527d21_1_p1_c5,newspaper_35bdaa11dec104ccbdc9e19ac8527d21_1_p1_c6,newspaper_35bdaa11dec104ccbdc9e19ac8527d21_1_p1_c4,newspaper_0b1bb8d03b4287eb95f67b68c2cf9f92_1_p1_c27,newspaper_35bdaa11dec104ccbdc9e19ac8527d21_1_p1_c1",2,True,1.0
消费者可以向谁要求赔偿农产品质量安全问题造成的损害？,1,newspaper_35bdaa11dec104ccbdc9e19ac8527d21_1_p1_c7,newspaper_35bdaa11dec104ccbdc9e19ac8527d21_1_p1_c6,0,False,0.0
消费者可以向谁要求赔偿农产品质量安全问题造成的损害？,3,newspaper_35bdaa11dec104ccbdc9e19ac8527d21_1_p1_c7,"newspaper_35bdaa11dec104ccbdc9e19ac8527d21_1_p1_c6,newspaper_35bdaa11dec104ccbdc9e19ac8527d21_1_p1_c7,newspaper_35bdaa11dec104ccbdc9e19ac8527d21_1_p1_c8",2,True,1.0
消费者可以向谁要求赔偿农产品质量安全问题造成的损害？,5,newspaper_35bdaa11dec104ccbdc9e19ac8527d21_1_p1_c7,"newspaper_35bdaa11dec104ccbdc9e19ac8527d21_1_p1_c6,newspaper_35bdaa11dec104ccbdc9e19ac8527d21_1_p1_c7,newspaper_35bdaa11dec104ccbdc9e19ac8527d21_1_p1_c8,newspaper_35bdaa11dec104ccbdc9e19ac8527d21_1_p1_c9,eastmoney_d2bb183f5254ede5760932ac3118524aa7eddad551935713b435541f1525c1ee.pdf_7_p7_c2",2,True,1.0
该项目总投资多少万元？,1,newspaper_35bdaa11dec104ccbdc9e19ac8527d21_1_p1_c8,newspaper_2c69e142b52dbb30cac2cb11d3eb25e5_1_p1_c8,0,False,0.0
该项目总投资多少万元？,3,newspaper_35bdaa11dec104ccbdc9e19ac8527d21_1_p1_c8,"newspaper_2c69e142b52dbb30cac2cb11d3eb25e5_1_p1_c8,newspaper_2c69e142b52dbb30cac2cb11d3eb25e5_1_p1_c9,yanbaopptmerge_baa6d02928efcac46ccf7dfd3859de565cfb0bea918ae0ec0eed50944a7c20b4.pdf_11_p11_c2",0,False,0.0
该项目总投资多少万元？,5,newspaper_35bdaa11dec104ccbdc9e19ac8527d21_1_p1_c8,"newspaper_2c69e142b52dbb30cac2cb11d3eb25e5_1_p1_c8,newspaper_2c69e142b52dbb30cac2cb11d3eb25e5_1_p1_c9,yanbaopptmerge_baa6d02928efcac46ccf7dfd3859de565cfb0bea918ae0ec0eed50944a7c20b4.pdf_11_p11_c2,newspaper_fe2c8b45b2a086cd75984640bb3080e1_1_p1_c9,yanbaopptmerge_2f4902871606698497c53ccb18d3fec2f83d05047d883cd65bbce26bfb27bcd2.pdf_1_p1_c0",0,False,0.0
武汉市农业局采取了哪些措施确保农产品质量安全？,1,newspaper_35bdaa11dec104ccbdc9e19ac8527d21_1_p1_c9,newspaper_35bdaa11dec104ccbdc9e19ac8527d21_1_p1_c9,1,True,1.0
武汉市农业局采取了哪些措施确保农产品质量安全？,3,newspaper_35bdaa11dec104ccbdc9e19ac8527d21_1_p1_c9,"newspaper_35bdaa11dec104ccbdc9e19ac8527d21_1_p1_c9,newspaper_35bdaa11dec104ccbdc9e19ac8527d21_1_p1_c8,newspaper_35bdaa11dec104ccbdc9e19ac8527d21_1_p1_c5",1,True,1.0
武汉市农业局采取了哪些措施确保农产品质量安全？,5,newspaper_35bdaa11dec104ccbdc9e19ac8527d21_1_p1_c9,"newspaper_35bdaa11dec104ccbdc9e19ac8527d21_1_p1_c9,newspaper_35bdaa11dec104ccbdc9e19ac8527d21_1_p1_c8,newspaper_35bdaa11dec104ccbdc9e19ac8527d21_1_p1_c5,newspaper_2c69e142b52dbb30cac2cb11d3eb25e5_1_p1_c8,newspaper_fe2c8b45b2a086cd75984640bb3080e1_1_p1_c9",1,True,1.0
于玲玲和丈夫如何实现一个大棚两份收益？,1,newspaper_35bdaa11dec104ccbdc9e19ac8527d21_1_p1_c10,newspaper_35bdaa11dec104ccbdc9e19ac8527d21_1_p1_c10,1,True,1.0
于玲玲和丈夫如何实现一个大棚两份收益？,3,newspaper_35bdaa11dec104ccbdc9e19ac8527d21_1_p1_c10,"newspaper_35bdaa11dec104ccbdc9e19ac8527d21_1_p1_c10,newspaper_35bdaa11dec104ccbdc9e19ac8527d21_1_p1_c11,newspaper_35bdaa11dec104ccbdc9e19ac8527d21_1_p1_c12",1,True,1.0
于玲玲和丈夫如何实现一个大棚两份收益？,5,newspaper_35bdaa11dec104ccbdc9e19ac8527d21_1_p1_c10,"newspaper_35bdaa11dec104ccbdc9e19ac8527d21_1_p1_c10,newspaper_35bdaa11dec104ccbdc9e19ac8527d21_1_p1_c11,newspaper_35bdaa11dec104ccbdc9e19ac8527d21_1_p1_c12,newspaper_eb569707cf5621d4c71d5898216cdb17_1_p1_c7,newspaper_eb569707cf5621d4c71d5898216cdb17_1_p1_c2",1,True,1.0
消费者买回家之后如何保持湿度？,1,newspaper_35bdaa11dec104ccbdc9e19ac8527d21_1_p1_c11,docstructbench_dianzishu_zhongwenzaixian-o.O-61570552.pdf_129_p129_c1,0,False,0.0
消费者买回家之后如何保持湿度？,3,newspaper_35bdaa11dec104ccbdc9e19ac8527d21_1_p1_c11,"docstructbench_dianzishu_zhongwenzaixian-o.O-61570552.pdf_129_p129_c1,docstructbench_dianzishu_zhongwenzaixian-o.O-61570552.pdf_129_p129_c0,jiaocaineedrop_jiaocai_needrop_en_2884_p2884_c2",0,False,0.0
消费者买回家之后如何保持湿度？,5,newspaper_35bdaa11dec104ccbdc9e19ac8527d21_1_p1_c11,"docstructbench_dianzishu_zhongwenzaixian-o.O-61570552.pdf_129_p129_c1,docstructbench_dianzishu_zhongwenzaixian-o.O-61570552.pdf_129_p129_c0,jiaocaineedrop_jiaocai_needrop_en_2884_p2884_c2,docstructbench_llm-raw-scihub-o.O-j.apcata.2006.05.010.pdf_2_p2_c10,newspaper_35bdaa11dec104ccbdc9e19ac8527d21_1_p1_c6",0,False,0.0
丁念华的创意农业如何让一盆菜卖200多元？,1,newspaper_35bdaa11dec104ccbdc9e19ac8527d21_1_p1_c12,newspaper_35bdaa11dec104ccbdc9e19ac8527d21_1_p1_c12,1,True,1.0
丁念华的创意农业如何让一盆菜卖200多元？,3,newspaper_35bdaa11dec104ccbdc9e19ac8527d21_1_p1_c12,"newspaper_35bdaa11dec104ccbdc9e19ac8527d21_1_p1_c12,newspaper_35bdaa11dec104ccbdc9e19ac8527d21_1_p1_c11,newspaper_35bdaa11dec104ccbdc9e19ac8527d21_1_p1_c10",1,True,1.0
丁念华的创意农业如何让一盆菜卖200多元？,5,newspaper_35bdaa11dec104ccbdc9e19ac8527d21_1_p1_c12,"newspaper_35bdaa11dec104ccbdc9e19ac8527d21_1_p1_c12,newspaper_35bdaa11dec104ccbdc9e19ac8527d21_1_p1_c11,newspaper_35bdaa11dec104ccbdc9e19ac8527d21_1_p1_c10,newspaper_fe2c8b45b2a086cd75984640bb3080e1_1_p1_c9,newspaper_2c69e142b52dbb30cac2cb11d3eb25e5_1_p1_c8",1,True,1.0
当x为5km时地壳的温度是多少？,1,jiaocaineedrop_c2-ma-11-q-11-cl.pdf_2_p2_c1,jiaocaineedrop_c2-ma-11-q-11-cl.pdf_2_p2_c1,1,True,1.0
当x为5km时地壳的温度是多少？,3,jiaocaineedrop_c2-ma-11-q-11-cl.pdf_2_p2_c1,"jiaocaineedrop_c2-ma-11-q-11-cl.pdf_2_p2_c1,jiaocaineedrop_c2-ma-11-q-11-cl.pdf_2_p2_c0,docstructbench_dianzishu_zhongwenzaixian-o.O-60403612.pdf_179_p179_c2",1,True,1.0
当x为5km时地壳的温度是多少？,5,jiaocaineedrop_c2-ma-11-q-11-cl.pdf_2_p2_c1,"jiaocaineedrop_c2-ma-11-q-11-cl.pdf_2_p2_c1,jiaocaineedrop_c2-ma-11-q-11-cl.pdf_2_p2_c0,docstructbench_dianzishu_zhongwenzaixian-o.O-60403612.pdf_179_p179_c2,jiaocaineedrop_jiaocai_needrop_en_1473_p1473_c2,jiaocaineedrop_jiaocai_needrop_en_1473_p1473_c0",1,True,1.0
What is the kernel of the homomorphism from the multiplicative group into {±1}?,1,book_en_国外数学教材-数论-Melvyn B. Nathanson—Elementary Methods in Number Theory_0119_p119_c0,book_en_国外数学教材-数论-Melvyn B. Nathanson—Elementary Methods in Number Theory_0119_p119_c0,1,True,1.0
What is the kernel of the homomorphism from the multiplicative group into {±1}?,3,book_en_国外数学教材-数论-Melvyn B. Nathanson—Elementary Methods in Number Theory_0119_p119_c0,"book_en_国外数学教材-数论-Melvyn B. Nathanson—Elementary Methods in Number Theory_0119_p119_c0,exam_paper_en-file-putnam-archive_2009_Solutions_2009s_page_003_p3_c8,exam_paper_en-file-putnam-archive_2016_Solutions_2016s_page_002_p2_c3",1,True,1.0
What is the kernel of the homomorphism from the multiplicative group into {±1}?,5,book_en_国外数学教材-数论-Melvyn B. Nathanson—Elementary Methods in Number Theory_0119_p119_c0,"book_en_国外数学教材-数论-Melvyn B. Nathanson—Elementary Methods in Number Theory_0119_p119_c0,exam_paper_en-file-putnam-archive_2009_Solutions_2009s_page_003_p3_c8,exam_paper_en-file-putnam-archive_2016_Solutions_2016s_page_002_p2_c3,PPT_lay_linalg5_01_05_page_004_p4_c0,docstructbench_dianzishu_zhongwenzaixian-o.O-61523162.pdf_276_p276_c0",1,True,1.0
What is the condition for the prime divisor q of F_n?,1,book_en_国外数学教材-数论-Melvyn B. Nathanson—Elementary Methods in Number Theory_0119_p119_c1,book_en_国外数学教材-数论-Melvyn B. Nathanson—Elementary Methods in Number Theory_0119_p119_c1,1,True,1.0
What is the condition for the prime divisor q of F_n?,3,book_en_国外数学教材-数论-Melvyn B. Nathanson—Elementary Methods in Number Theory_0119_p119_c1,"book_en_国外数学教材-数论-Melvyn B. Nathanson—Elementary Methods in Number Theory_0119_p119_c1,book_en_国外数学教材-数论-Melvyn B. Nathanson—Elementary Methods in Number Theory_0119_p119_c0,book_en_国外数学教材-数论-Melvyn B. Nathanson—Elementary Methods in Number Theory_0017_p17_c0",1,True,1.0
What is the condition for the prime divisor q of F_n?,5,book_en_国外数学教材-数论-Melvyn B. Nathanson—Elementary Methods in Number Theory_0119_p119_c1,"book_en_国外数学教材-数论-Melvyn B. Nathanson—Elementary Methods in Number Theory_0119_p119_c1,book_en_国外数学教材-数论-Melvyn B. Nathanson—Elementary Methods in Number Theory_0119_p119_c0,book_en_国外数学教材-数论-Melvyn B. Nathanson—Elementary Methods in Number Theory_0017_p17_c0,exam_paper_en-file-putnam-archive_1999_Solutions_1999s_page_003_p3_c2,exam_paper_en-file-putnam-archive_1999_Solutions_1999s_page_003_p3_c3",1,True,1.0
What is the congruence condition on q?,1,book_en_国外数学教材-数论-Melvyn B. Nathanson—Elementary Methods in Number Theory_0119_p119_c2,exam_paper_en-file-putnam-archive_2012_Solutions_2012s_page_001_p1_c6,0,False,0.0
What is the congruence condition on q?,3,book_en_国外数学教材-数论-Melvyn B. Nathanson—Elementary Methods in Number Theory_0119_p119_c2,"exam_paper_en-file-putnam-archive_2012_Solutions_2012s_page_001_p1_c6,exam_paper_en-file-putnam-archive_2012_Solutions_2012s_page_001_p1_c7,jiaocaineedrop_jiaocai_needrop_en_1564_p1564_c3",0,False,0.0
What is the congruence condition on q?,5,book_en_国外数学教材-数论-Melvyn B. Nathanson—Elementary Methods in Number Theory_0119_p119_c2,"exam_paper_en-file-putnam-archive_2012_Solutions_2012s_page_001_p1_c6,exam_paper_en-file-putnam-archive_2012_Solutions_2012s_page_001_p1_c7,jiaocaineedrop_jiaocai_needrop_en_1564_p1564_c3,exam_paper_en-file-putnam-archive_2007_Solutions_2007s_page_001_p1_c5,exam_paper_en-file-putnam-archive_1999_Solutions_1999s_page_002_p2_c4",0,False,0.0
本报告的版权归谁所有？,1,eastmoney_dcf347592d4160dffacffdf00a9c39aa75cf9859205a7543c283d1df8bb14f90.pdf_1_p1_c0,eastmoney_dd8f39ced2188b907304224a635ad605689270486020c34636003e57018c01d8.pdf_2_p2_c2,0,False,0.0
本报告的版权归谁所有？,3,eastmoney_dcf347592d4160dffacffdf00a9c39aa75cf9859205a7543c283d1df8bb14f90.pdf_1_p1_c0,"eastmoney_dd8f39ced2188b907304224a635ad605689270486020c34636003e57018c01d8.pdf_2_p2_c2,yanbaopptmerge_0c79d327060dbf9f1582d03c235dadb039533a19091d2c0d24f2ad95d267f79b.pdf_2_p2_c2,eastmoney_dcf347592d4160dffacffdf00a9c39aa75cf9859205a7543c283d1df8bb14f90.pdf_1_p1_c1",0,False,0.0
本报告的版权归谁所有？,5,eastmoney_dcf347592d4160dffacffdf00a9c39aa75cf9859205a7543c283d1df8bb14f90.pdf_1_p1_c0,"eastmoney_dd8f39ced2188b907304224a635ad605689270486020c34636003e57018c01d8.pdf_2_p2_c2,yanbaopptmerge_0c79d327060dbf9f1582d03c235dadb039533a19091d2c0d24f2ad95d267f79b.pdf_2_p2_c2,eastmoney_dcf347592d4160dffacffdf00a9c39aa75cf9859205a7543c283d1df8bb14f90.pdf_1_p1_c1,eastmoney_dcf347592d4160dffacffdf00a9c39aa75cf9859205a7543c283d1df8bb14f90.pdf_1_p1_c0,yanbaopptmerge_5473246b8da789b9bfdeef53a70c4d72afd480415d5cbcedb83d105856710328.pdf_8_p8_c0",4,True,1.0
投资者应如何处理本报告中的内容？,1,eastmoney_dcf347592d4160dffacffdf00a9c39aa75cf9859205a7543c283d1df8bb14f90.pdf_1_p1_c1,eastmoney_dd8f39ced2188b907304224a635ad605689270486020c34636003e57018c01d8.pdf_2_p2_c2,0,False,0.0
投资者应如何处理本报告中的内容？,3,eastmoney_dcf347592d4160dffacffdf00a9c39aa75cf9859205a7543c283d1df8bb14f90.pdf_1_p1_c1,"eastmoney_dd8f39ced2188b907304224a635ad605689270486020c34636003e57018c01d8.pdf_2_p2_c2,eastmoney_dcf347592d4160dffacffdf00a9c39aa75cf9859205a7543c283d1df8bb14f90.pdf_1_p1_c1,eastmoney_dd8f39ced2188b907304224a635ad605689270486020c34636003e57018c01d8.pdf_2_p2_c1",2,True,1.0
投资者应如何处理本报告中的内容？,5,eastmoney_dcf347592d4160dffacffdf00a9c39aa75cf9859205a7543c283d1df8bb14f90.pdf_1_p1_c1,"eastmoney_dd8f39ced2188b907304224a635ad605689270486020c34636003e57018c01d8.pdf_2_p2_c2,eastmoney_dcf347592d4160dffacffdf00a9c39aa75cf9859205a7543c283d1df8bb14f90.pdf_1_p1_c1,eastmoney_dd8f39ced2188b907304224a635ad605689270486020c34636003e57018c01d8.pdf_2_p2_c1,eastmoney_dcf347592d4160dffacffdf00a9c39aa75cf9859205a7543c283d1df8bb14f90.pdf_1_p1_c0,yanbaopptmerge_5473246b8da789b9bfdeef53a70c4d72afd480415d5cbcedb83d105856710328.pdf_8_p8_c1",2,True,1.0
行业评级中弱于大市的定义是什么？,1,eastmoney_dcf347592d4160dffacffdf00a9c39aa75cf9859205a7543c283d1df8bb14f90.pdf_1_p1_c2,eastmoney_dcf347592d4160dffacffdf00a9c39aa75cf9859205a7543c283d1df8bb14f90.pdf_1_p1_c2,1,True,1.0
行业评级中弱于大市的定义是什么？,3,eastmoney_dcf347592d4160dffacffdf00a9c39aa75cf9859205a7543c283d1df8bb14f90.pdf_1_p1_c2,"eastmoney_dcf347592d4160dffacffdf00a9c39aa75cf9859205a7543c283d1df8bb14f90.pdf_1_p1_c2,yanbaopptmerge_5473246b8da789b9bfdeef53a70c4d72afd480415d5cbcedb83d105856710328.pdf_8_p8_c2,eastmoney_d2bb183f5254ede5760932ac3118524aa7eddad551935713b435541f1525c1ee.pdf_7_p7_c0",1,True,1.0
行业评级中弱于大市的定义是什么？,5,eastmoney_dcf347592d4160dffacffdf00a9c39aa75cf9859205a7543c283d1df8bb14f90.pdf_1_p1_c2,"eastmoney_dcf347592d4160dffacffdf00a9c39aa75cf9859205a7543c283d1df8bb14f90.pdf_1_p1_c2,yanbaopptmerge_5473246b8da789b9bfdeef53a70c4d72afd480415d5cbcedb83d105856710328.pdf_8_p8_c2,eastmoney_d2bb183f5254ede5760932ac3118524aa7eddad551935713b435541f1525c1ee.pdf_7_p7_c0,eastmoney_dd8f39ced2188b907304224a635ad605689270486020c34636003e57018c01d8.pdf_2_p2_c1,yanbaopptmerge_0c79d327060dbf9f1582d03c235dadb039533a19091d2c0d24f2ad95d267f79b.pdf_2_p2_c1",1,True,1.0
如何确定点A和点C的位置？,1,yanbaopptmerge_yanbaoPPT_1825_p1825_c0,jiaocaineedrop_jiaocai_needrop_en_1473_p1473_c0,0,False,0.0
如何确定点A和点C的位置？,3,yanbaopptmerge_yanbaoPPT_1825_p1825_c0,"jiaocaineedrop_jiaocai_needrop_en_1473_p1473_c0,yanbaopptmerge_yanbaoPPT_4125_p4125_c0,jiaocaineedrop_96657786.pdf_0_p0_c2",0,False,0.0
如何确定点A和点C的位置？,5,yanbaopptmerge_yanbaoPPT_1825_p1825_c0,"jiaocaineedrop_jiaocai_needrop_en_1473_p1473_c0,yanbaopptmerge_yanbaoPPT_4125_p4125_c0,jiaocaineedrop_96657786.pdf_0_p0_c2,notes_9e951846094758afac08c620144e3a76_17_p17_c0,jiaocaineedrop_jiaocai_needrop_en_1473_p1473_c3",0,False,0.0
What is the correct answer for question 1 in the thinking expansion section?,1,jiaocaineedrop_jiaocai_needrop_en_2509_p2509_c0,jiaocaineedrop_jiaocai_needrop_en_2509_p2509_c0,1,True,1.0
What is the correct answer for question 1 in the thinking expansion section?,3,jiaocaineedrop_jiaocai_needrop_en_2509_p2509_c0,"jiaocaineedrop_jiaocai_needrop_en_2509_p2509_c0,exam_paper_2004-2019上海高考英语听力原文和答案_page_017_p17_c0,jiaocaineedrop_Chapter9.pdf_46_p46_c0",1,True,1.0
What is the correct answer for question 1 in the thinking expansion section?,5,jiaocaineedrop_jiaocai_needrop_en_2509_p2509_c0,"jiaocaineedrop_jiaocai_needrop_en_2509_p2509_c0,exam_paper_2004-2019上海高考英语听力原文和答案_page_017_p17_c0,jiaocaineedrop_Chapter9.pdf_46_p46_c0,jiaocaineedrop_jiaocai_needrop_en_2193_p2193_c1,jiaocaineedrop_jiaocai_needrop_en_237_p237_c1",1,True,1.0
北上资金在市场反转时的流入流出幅度变化如何？,1,eastmoney_e42b6e1cd2d48113ff4db8854e539d828d632bf9b1757e10cb8ddb2cfc7b1393.pdf_12_p12_c0,eastmoney_e42b6e1cd2d48113ff4db8854e539d828d632bf9b1757e10cb8ddb2cfc7b1393.pdf_12_p12_c0,1,True,1.0
北上资金在市场反转时的流入流出幅度变化如何？,3,eastmoney_e42b6e1cd2d48113ff4db8854e539d828d632bf9b1757e10cb8ddb2cfc7b1393.pdf_12_p12_c0,"eastmoney_e42b6e1cd2d48113ff4db8854e539d828d632bf9b1757e10cb8ddb2cfc7b1393.pdf_12_p12_c0,eastmoney_e42b6e1cd2d48113ff4db8854e539d828d632bf9b1757e10cb8ddb2cfc7b1393.pdf_12_p12_c2,eastmoney_e42b6e1cd2d48113ff4db8854e539d828d632bf9b1757e10cb8ddb2cfc7b1393.pdf_12_p12_c3",1,True,1.0
北上资金在市场反转时的流入流出幅度变化如何？,5,eastmoney_e42b6e1cd2d48113ff4db8854e539d828d632bf9b1757e10cb8ddb2cfc7b1393.pdf_12_p12_c0,"eastmoney_e42b6e1cd2d48113ff4db8854e539d828d632bf9b1757e10cb8ddb2cfc7b1393.pdf_12_p12_c0,eastmoney_e42b6e1cd2d48113ff4db8854e539d828d632bf9b1757e10cb8ddb2cfc7b1393.pdf_12_p12_c2,eastmoney_e42b6e1cd2d48113ff4db8854e539d828d632bf9b1757e10cb8ddb2cfc7b1393.pdf_12_p12_c3,eastmoney_d2bb183f5254ede5760932ac3118524aa7eddad551935713b435541f1525c1ee.pdf_7_p7_c1,eastmoney_7c25f92e2ab21d83e1eada0e40a68e3151e7c1c2d673ddb12b0242fa3ab931ab.pdf_13_p13_c1",1,True,1.0
What was the value on 2020-07-13 in the third column?,1,eastmoney_e42b6e1cd2d48113ff4db8854e539d828d632bf9b1757e10cb8ddb2cfc7b1393.pdf_12_p12_c1,eastmoney_e42b6e1cd2d48113ff4db8854e539d828d632bf9b1757e10cb8ddb2cfc7b1393.pdf_12_p12_c1,1,True,1.0
What was the value on 2020-07-13 in the third column?,3,eastmoney_e42b6e1cd2d48113ff4db8854e539d828d632bf9b1757e10cb8ddb2cfc7b1393.pdf_12_p12_c1,"eastmoney_e42b6e1cd2d48113ff4db8854e539d828d632bf9b1757e10cb8ddb2cfc7b1393.pdf_12_p12_c1,newspaper_The Globe and Mail - 2025-1-8@magazinesclubnew_page_014_p14_c2,newspaper_The Globe and Mail - 2025-1-8@magazinesclubnew_page_014_p14_c7",1,True,1.0
What was the value on 2020-07-13 in the third column?,5,eastmoney_e42b6e1cd2d48113ff4db8854e539d828d632bf9b1757e10cb8ddb2cfc7b1393.pdf_12_p12_c1,"eastmoney_e42b6e1cd2d48113ff4db8854e539d828d632bf9b1757e10cb8ddb2cfc7b1393.pdf_12_p12_c1,newspaper_The Globe and Mail - 2025-1-8@magazinesclubnew_page_014_p14_c2,newspaper_The Globe and Mail - 2025-1-8@magazinesclubnew_page_014_p14_c7,docstructbench_llm-raw-scihub-o.O-j.chroma.2005.03.134.pdf_6_p6_c4,newspaper_The Globe and Mail - 2025-1-8@magazinesclubnew_page_014_p14_c3",1,True,1.0
北上资金重仓方向有哪些？,1,eastmoney_e42b6e1cd2d48113ff4db8854e539d828d632bf9b1757e10cb8ddb2cfc7b1393.pdf_12_p12_c2,eastmoney_e42b6e1cd2d48113ff4db8854e539d828d632bf9b1757e10cb8ddb2cfc7b1393.pdf_12_p12_c3,0,False,0.0
北上资金重仓方向有哪些？,3,eastmoney_e42b6e1cd2d48113ff4db8854e539d828d632bf9b1757e10cb8ddb2cfc7b1393.pdf_12_p12_c2,"eastmoney_e42b6e1cd2d48113ff4db8854e539d828d632bf9b1757e10cb8ddb2cfc7b1393.pdf_12_p12_c3,eastmoney_e42b6e1cd2d48113ff4db8854e539d828d632bf9b1757e10cb8ddb2cfc7b1393.pdf_12_p12_c2,eastmoney_e42b6e1cd2d48113ff4db8854e539d828d632bf9b1757e10cb8ddb2cfc7b1393.pdf_12_p12_c0",2,True,1.0
北上资金重仓方向有哪些？,5,eastmoney_e42b6e1cd2d48113ff4db8854e539d828d632bf9b1757e10cb8ddb2cfc7b1393.pdf_12_p12_c2,"eastmoney_e42b6e1cd2d48113ff4db8854e539d828d632bf9b1757e10cb8ddb2cfc7b1393.pdf_12_p12_c3,eastmoney_e42b6e1cd2d48113ff4db8854e539d828d632bf9b1757e10cb8ddb2cfc7b1393.pdf_12_p12_c2,eastmoney_e42b6e1cd2d48113ff4db8854e539d828d632bf9b1757e10cb8ddb2cfc7b1393.pdf_12_p12_c0,yanbaopptmerge_baa6d02928efcac46ccf7dfd3859de565cfb0bea918ae0ec0eed50944a7c20b4.pdf_11_p11_c1,eastmoney_7c25f92e2ab21d83e1eada0e40a68e3151e7c1c2d673ddb12b0242fa3ab931ab.pdf_13_p13_c3",2,True,1.0
哪些行业将面临相对更大的调整压力？,1,eastmoney_e42b6e1cd2d48113ff4db8854e539d828d632bf9b1757e10cb8ddb2cfc7b1393.pdf_12_p12_c3,eastmoney_e42b6e1cd2d48113ff4db8854e539d828d632bf9b1757e10cb8ddb2cfc7b1393.pdf_12_p12_c3,1,True,1.0
哪些行业将面临相对更大的调整压力？,3,eastmoney_e42b6e1cd2d48113ff4db8854e539d828d632bf9b1757e10cb8ddb2cfc7b1393.pdf_12_p12_c3,"eastmoney_e42b6e1cd2d48113ff4db8854e539d828d632bf9b1757e10cb8ddb2cfc7b1393.pdf_12_p12_c3,eastmoney_e42b6e1cd2d48113ff4db8854e539d828d632bf9b1757e10cb8ddb2cfc7b1393.pdf_12_p12_c2,eastmoney_03e39833d520af7d1abb96dd624dcd15f2b57d061969d196e80922e2f590503f.pdf_22_p22_c1",1,True,1.0
哪些行业将面临相对更大的调整压力？,5,eastmoney_e42b6e1cd2d48113ff4db8854e539d828d632bf9b1757e10cb8ddb2cfc7b1393.pdf_12_p12_c3,"eastmoney_e42b6e1cd2d48113ff4db8854e539d828d632bf9b1757e10cb8ddb2cfc7b1393.pdf_12_p12_c3,eastmoney_e42b6e1cd2d48113ff4db8854e539d828d632bf9b1757e10cb8ddb2cfc7b1393.pdf_12_p12_c2,eastmoney_03e39833d520af7d1abb96dd624dcd15f2b57d061969d196e80922e2f590503f.pdf_22_p22_c1,eastmoney_03e39833d520af7d1abb96dd624dcd15f2b57d061969d196e80922e2f590503f.pdf_22_p22_c0,eastmoney_dcf347592d4160dffacffdf00a9c39aa75cf9859205a7543c283d1df8bb14f90.pdf_1_p1_c2",1,True,1.0
中国境内货物交通流转速度比印度快多少？,1,yanbaor2_yanbaoPPT_467_p467_c0,yanbaor2_yanbaoPPT_467_p467_c0,1,True,1.0
中国境内货物交通流转速度比印度快多少？,3,yanbaor2_yanbaoPPT_467_p467_c0,"yanbaor2_yanbaoPPT_467_p467_c0,notes_1ba14cb325bc448f7201b20502ecf2b5_33_p33_c0,newspaper_35bdaa11dec104ccbdc9e19ac8527d21_1_p1_c4",1,True,1.0
中国境内货物交通流转速度比印度快多少？,5,yanbaor2_yanbaoPPT_467_p467_c0,"yanbaor2_yanbaoPPT_467_p467_c0,notes_1ba14cb325bc448f7201b20502ecf2b5_33_p33_c0,newspaper_35bdaa11dec104ccbdc9e19ac8527d21_1_p1_c4,eastmoney_7c25f92e2ab21d83e1eada0e40a68e3151e7c1c2d673ddb12b0242fa3ab931ab.pdf_13_p13_c1,yanbaor2_ea86fd46182ff9b675775645ecaf43782b996ffaeeb09c679f56a47aabfbf6b7.pdf_9_p9_c0",1,True,1.0
中考英语作文必备的万金油句型在哪个页码？,1,notes_f7f010b78016aeebd76e56d9283eb67f_4_p4_c0,color_textbook_教材全解1+1二年级上册英语上海牛津版_page_067_p67_c3,0,False,0.0
中考英语作文必备的万金油句型在哪个页码？,3,notes_f7f010b78016aeebd76e56d9283eb67f_4_p4_c0,"color_textbook_教材全解1+1二年级上册英语上海牛津版_page_067_p67_c3,jiaocaineedrop_jiaocai_needrop_en_1836_p1836_c1,jiaocaineedrop_jiaocai_needrop_en_2884_p2884_c2",0,False,0.0
中考英语作文必备的万金油句型在哪个页码？,5,notes_f7f010b78016aeebd76e56d9283eb67f_4_p4_c0,"color_textbook_教材全解1+1二年级上册英语上海牛津版_page_067_p67_c3,jiaocaineedrop_jiaocai_needrop_en_1836_p1836_c1,jiaocaineedrop_jiaocai_needrop_en_2884_p2884_c2,yanbaopptmerge_yanbaoPPT_5945_p5945_c0,notes_f7f010b78016aeebd76e56d9283eb67f_4_p4_c0",5,True,1.0
What information was reviewed in making the 12-month findings?,1,newspaper_2a6b4fa088699701a6fa9ccecfb5c25d_3_p3_c0,scihub_ijcac.2012040101.pdf_5_p5_c5,0,False,0.0
What information was reviewed in making the 12-month findings?,3,newspaper_2a6b4fa088699701a6fa9ccecfb5c25d_3_p3_c0,"scihub_ijcac.2012040101.pdf_5_p5_c5,eastmoney_dcf347592d4160dffacffdf00a9c39aa75cf9859205a7543c283d1df8bb14f90.pdf_1_p1_c2,docstructbench_llm-raw-scihub-o.O-hup.908.pdf_5_p5_c5",0,False,0.0
What information was reviewed in making the 12-month findings?,5,newspaper_2a6b4fa088699701a6fa9ccecfb5c25d_3_p3_c0,"scihub_ijcac.2012040101.pdf_5_p5_c5,eastmoney_dcf347592d4160dffacffdf00a9c39aa75cf9859205a7543c283d1df8bb14f90.pdf_1_p1_c2,docstructbench_llm-raw-scihub-o.O-hup.908.pdf_5_p5_c5,docstructbench_llm-raw-scihub-o.O-ijc.22999.pdf_3_p3_c1,scihub_ijcac.2012040101.pdf_5_p5_c0",0,False,0.0
When was the last CNOR published for the Huachuca-Canelo population of the Arizona treefrog?,1,newspaper_2a6b4fa088699701a6fa9ccecfb5c25d_3_p3_c1,newspaper_2a6b4fa088699701a6fa9ccecfb5c25d_3_p3_c1,1,True,1.0
When was the last CNOR published for the Huachuca-Canelo population of the Arizona treefrog?,3,newspaper_2a6b4fa088699701a6fa9ccecfb5c25d_3_p3_c1,"newspaper_2a6b4fa088699701a6fa9ccecfb5c25d_3_p3_c1,newspaper_2a6b4fa088699701a6fa9ccecfb5c25d_3_p3_c2,newspaper_2a6b4fa088699701a6fa9ccecfb5c25d_3_p3_c7",1,True,1.0
When was the last CNOR published for the Huachuca-Canelo population of the Arizona treefrog?,5,newspaper_2a6b4fa088699701a6fa9ccecfb5c25d_3_p3_c1,"newspaper_2a6b4fa088699701a6fa9ccecfb5c25d_3_p3_c1,newspaper_2a6b4fa088699701a6fa9ccecfb5c25d_3_p3_c2,newspaper_2a6b4fa088699701a6fa9ccecfb5c25d_3_p3_c7,newspaper_2a6b4fa088699701a6fa9ccecfb5c25d_3_p3_c8,newspaper_2a6b4fa088699701a6fa9ccecfb5c25d_3_p3_c3",1,True,1.0
Which date was the last publication date mentioned in the fragment?,1,newspaper_2a6b4fa088699701a6fa9ccecfb5c25d_3_p3_c2,newspaper_fe5ed29024932fad071afc53807b16ba_1_p1_c2,0,False,0.0
Which date was the last publication date mentioned in the fragment?,3,newspaper_2a6b4fa088699701a6fa9ccecfb5c25d_3_p3_c2,"newspaper_fe5ed29024932fad071afc53807b16ba_1_p1_c2,newspaper_2a6b4fa088699701a6fa9ccecfb5c25d_3_p3_c2,newspaper_The Globe and Mail - 2025-1-8@magazinesclubnew_page_014_p14_c2",2,True,1.0
Which date was the last publication date mentioned in the fragment?,5,newspaper_2a6b4fa088699701a6fa9ccecfb5c25d_3_p3_c2,"newspaper_fe5ed29024932fad071afc53807b16ba_1_p1_c2,newspaper_2a6b4fa088699701a6fa9ccecfb5c25d_3_p3_c2,newspaper_The Globe and Mail - 2025-1-8@magazinesclubnew_page_014_p14_c2,magazine_TheEconomist.2023.12.23_page_024_p24_c0,newspaper_fe5ed29024932fad071afc53807b16ba_1_p1_c1",2,True,1.0
Where does the Arizona treefrog occur in Arizona and New Mexico?,1,newspaper_2a6b4fa088699701a6fa9ccecfb5c25d_3_p3_c3,newspaper_2a6b4fa088699701a6fa9ccecfb5c25d_3_p3_c3,1,True,1.0
Where does the Arizona treefrog occur in Arizona and New Mexico?,3,newspaper_2a6b4fa088699701a6fa9ccecfb5c25d_3_p3_c3,"newspaper_2a6b4fa088699701a6fa9ccecfb5c25d_3_p3_c3,newspaper_2a6b4fa088699701a6fa9ccecfb5c25d_3_p3_c4,newspaper_2a6b4fa088699701a6fa9ccecfb5c25d_3_p3_c5",1,True,1.0
Where does the Arizona treefrog occur in Arizona and New Mexico?,5,newspaper_2a6b4fa088699701a6fa9ccecfb5c25d_3_p3_c3,"newspaper_2a6b4fa088699701a6fa9ccecfb5c25d_3_p3_c3,newspaper_2a6b4fa088699701a6fa9ccecfb5c25d_3_p3_c4,newspaper_2a6b4fa088699701a6fa9ccecfb5c25d_3_p3_c5,newspaper_2a6b4fa088699701a6fa9ccecfb5c25d_3_p3_c7,newspaper_2a6b4fa088699701a6fa9ccecfb5c25d_3_p3_c6",1,True,1.0
Where are the three general localities of the Huachuca-Canelo population mentioned?,1,newspaper_2a6b4fa088699701a6fa9ccecfb5c25d_3_p3_c4,newspaper_2a6b4fa088699701a6fa9ccecfb5c25d_3_p3_c4,1,True,1.0
Where are the three general localities of the Huachuca-Canelo population mentioned?,3,newspaper_2a6b4fa088699701a6fa9ccecfb5c25d_3_p3_c4,"newspaper_2a6b4fa088699701a6fa9ccecfb5c25d_3_p3_c4,newspaper_2a6b4fa088699701a6fa9ccecfb5c25d_3_p3_c5,newspaper_2a6b4fa088699701a6fa9ccecfb5c25d_3_p3_c7",1,True,1.0
Where are the three general localities of the Huachuca-Canelo population mentioned?,5,newspaper_2a6b4fa088699701a6fa9ccecfb5c25d_3_p3_c4,"newspaper_2a6b4fa088699701a6fa9ccecfb5c25d_3_p3_c4,newspaper_2a6b4fa088699701a6fa9ccecfb5c25d_3_p3_c5,newspaper_2a6b4fa088699701a6fa9ccecfb5c25d_3_p3_c7,newspaper_2a6b4fa088699701a6fa9ccecfb5c25d_3_p3_c11,newspaper_2a6b4fa088699701a6fa9ccecfb5c25d_3_p3_c10",1,True,1.0
Where have the Arizona treefrogs been found in addition to the Huachuca Mountains?,1,newspaper_2a6b4fa088699701a6fa9ccecfb5c25d_3_p3_c5,newspaper_2a6b4fa088699701a6fa9ccecfb5c25d_3_p3_c3,0,False,0.0
Where have the Arizona treefrogs been found in addition to the Huachuca Mountains?,3,newspaper_2a6b4fa088699701a6fa9ccecfb5c25d_3_p3_c5,"newspaper_2a6b4fa088699701a6fa9ccecfb5c25d_3_p3_c3,newspaper_2a6b4fa088699701a6fa9ccecfb5c25d_3_p3_c5,newspaper_2a6b4fa088699701a6fa9ccecfb5c25d_3_p3_c7",2,True,1.0
Where have the Arizona treefrogs been found in addition to the Huachuca Mountains?,5,newspaper_2a6b4fa088699701a6fa9ccecfb5c25d_3_p3_c5,"newspaper_2a6b4fa088699701a6fa9ccecfb5c25d_3_p3_c3,newspaper_2a6b4fa088699701a6fa9ccecfb5c25d_3_p3_c5,newspaper_2a6b4fa088699701a6fa9ccecfb5c25d_3_p3_c7,newspaper_2a6b4fa088699701a6fa9ccecfb5c25d_3_p3_c4,newspaper_2a6b4fa088699701a6fa9ccecfb5c25d_3_p3_c6",2,True,1.0
Where else might the species occur besides the Huachuca Mountains?,1,newspaper_2a6b4fa088699701a6fa9ccecfb5c25d_3_p3_c6,newspaper_2a6b4fa088699701a6fa9ccecfb5c25d_3_p3_c6,1,True,1.0
Where else might the species occur besides the Huachuca Mountains?,3,newspaper_2a6b4fa088699701a6fa9ccecfb5c25d_3_p3_c6,"newspaper_2a6b4fa088699701a6fa9ccecfb5c25d_3_p3_c6,newspaper_2a6b4fa088699701a6fa9ccecfb5c25d_3_p3_c7,newspaper_2a6b4fa088699701a6fa9ccecfb5c25d_3_p3_c5",1,True,1.0
Where else might the species occur besides the Huachuca Mountains?,5,newspaper_2a6b4fa088699701a6fa9ccecfb5c25d_3_p3_c6,"newspaper_2a6b4fa088699701a6fa9ccecfb5c25d_3_p3_c6,newspaper_2a6b4fa088699701a6fa9ccecfb5c25d_3_p3_c7,newspaper_2a6b4fa088699701a6fa9ccecfb5c25d_3_p3_c5,newspaper_2a6b4fa088699701a6fa9ccecfb5c25d_3_p3_c4,newspaper_2a6b4fa088699701a6fa9ccecfb5c25d_3_p3_c11",1,True,1.0
What policy was used to determine the DPS status of the Huachuca-Canelo population?,1,newspaper_2a6b4fa088699701a6fa9ccecfb5c25d_3_p3_c8,newspaper_2a6b4fa088699701a6fa9ccecfb5c25d_3_p3_c8,1,True,1.0
What policy was used to determine the DPS status of the Huachuca-Canelo population?,3,newspaper_2a6b4fa088699701a6fa9ccecfb5c25d_3_p3_c8,"newspaper_2a6b4fa088699701a6fa9ccecfb5c25d_3_p3_c8,newspaper_2a6b4fa088699701a6fa9ccecfb5c25d_3_p3_c7,newspaper_2a6b4fa088699701a6fa9ccecfb5c25d_3_p3_c9",1,True,1.0
What policy was used to determine the DPS status of the Huachuca-Canelo population?,5,newspaper_2a6b4fa088699701a6fa9ccecfb5c25d_3_p3_c8,"newspaper_2a6b4fa088699701a6fa9ccecfb5c25d_3_p3_c8,newspaper_2a6b4fa088699701a6fa9ccecfb5c25d_3_p3_c7,newspaper_2a6b4fa088699701a6fa9ccecfb5c25d_3_p3_c9,newspaper_2a6b4fa088699701a6fa9ccecfb5c25d_3_p3_c11,newspaper_2a6b4fa088699701a6fa9ccecfb5c25d_3_p3_c1",1,True,1.0
What is the conclusion about the significance of the Huachuca-Canelo population to the taxon as a whole?,1,newspaper_2a6b4fa088699701a6fa9ccecfb5c25d_3_p3_c9,newspaper_2a6b4fa088699701a6fa9ccecfb5c25d_3_p3_c9,1,True,1.0
What is the conclusion about the significance of the Huachuca-Canelo population to the taxon as a whole?,3,newspaper_2a6b4fa088699701a6fa9ccecfb5c25d_3_p3_c9,"newspaper_2a6b4fa088699701a6fa9ccecfb5c25d_3_p3_c9,newspaper_2a6b4fa088699701a6fa9ccecfb5c25d_3_p3_c11,newspaper_2a6b4fa088699701a6fa9ccecfb5c25d_3_p3_c10",1,True,1.0
What is the conclusion about the significance of the Huachuca-Canelo population to the taxon as a whole?,5,newspaper_2a6b4fa088699701a6fa9ccecfb5c25d_3_p3_c9,"newspaper_2a6b4fa088699701a6fa9ccecfb5c25d_3_p3_c9,newspaper_2a6b4fa088699701a6fa9ccecfb5c25d_3_p3_c11,newspaper_2a6b4fa088699701a6fa9ccecfb5c25d_3_p3_c10,newspaper_2a6b4fa088699701a6fa9ccecfb5c25d_3_p3_c8,newspaper_2a6b4fa088699701a6fa9ccecfb5c25d_3_p3_c2",1,True,1.0
What is the status of the Huachuca-Canelo population regarding its significance to the taxon as a whole?,1,newspaper_2a6b4fa088699701a6fa9ccecfb5c25d_3_p3_c10,newspaper_2a6b4fa088699701a6fa9ccecfb5c25d_3_p3_c11,0,False,0.0
What is the status of the Huachuca-Canelo population regarding its significance to the taxon as a whole?,3,newspaper_2a6b4fa088699701a6fa9ccecfb5c25d_3_p3_c10,"newspaper_2a6b4fa088699701a6fa9ccecfb5c25d_3_p3_c11,newspaper_2a6b4fa088699701a6fa9ccecfb5c25d_3_p3_c9,newspaper_2a6b4fa088699701a6fa9ccecfb5c25d_3_p3_c10",3,True,1.0
What is the status of the Huachuca-Canelo population regarding its significance to the taxon as a whole?,5,newspaper_2a6b4fa088699701a6fa9ccecfb5c25d_3_p3_c10,"newspaper_2a6b4fa088699701a6fa9ccecfb5c25d_3_p3_c11,newspaper_2a6b4fa088699701a6fa9ccecfb5c25d_3_p3_c9,newspaper_2a6b4fa088699701a6fa9ccecfb5c25d_3_p3_c10,newspaper_2a6b4fa088699701a6fa9ccecfb5c25d_3_p3_c8,newspaper_2a6b4fa088699701a6fa9ccecfb5c25d_3_p3_c7",3,True,1.0
What is the reason given for the Huachuca-Canelo population not being significant to the Arizona treefrog as a whole?,1,newspaper_2a6b4fa088699701a6fa9ccecfb5c25d_3_p3_c11,newspaper_2a6b4fa088699701a6fa9ccecfb5c25d_3_p3_c11,1,True,1.0
What is the reason given for the Huachuca-Canelo population not being significant to the Arizona treefrog as a whole?,3,newspaper_2a6b4fa088699701a6fa9ccecfb5c25d_3_p3_c11,"newspaper_2a6b4fa088699701a6fa9ccecfb5c25d_3_p3_c11,newspaper_2a6b4fa088699701a6fa9ccecfb5c25d_3_p3_c9,newspaper_2a6b4fa088699701a6fa9ccecfb5c25d_3_p3_c10",1,True,1.0
What is the reason given for the Huachuca-Canelo population not being significant to the Arizona treefrog as a whole?,5,newspaper_2a6b4fa088699701a6fa9ccecfb5c25d_3_p3_c11,"newspaper_2a6b4fa088699701a6fa9ccecfb5c25d_3_p3_c11,newspaper_2a6b4fa088699701a6fa9ccecfb5c25d_3_p3_c9,newspaper_2a6b4fa088699701a6fa9ccecfb5c25d_3_p3_c10,newspaper_2a6b4fa088699701a6fa9ccecfb5c25d_3_p3_c7,newspaper_2a6b4fa088699701a6fa9ccecfb5c25d_3_p3_c1",1,True,1.0
Do other Arizona treefrog populations have different genetic characteristics?,1,newspaper_2a6b4fa088699701a6fa9ccecfb5c25d_3_p3_c12,newspaper_2a6b4fa088699701a6fa9ccecfb5c25d_3_p3_c12,1,True,1.0
Do other Arizona treefrog populations have different genetic characteristics?,3,newspaper_2a6b4fa088699701a6fa9ccecfb5c25d_3_p3_c12,"newspaper_2a6b4fa088699701a6fa9ccecfb5c25d_3_p3_c12,newspaper_2a6b4fa088699701a6fa9ccecfb5c25d_3_p3_c11,newspaper_2a6b4fa088699701a6fa9ccecfb5c25d_3_p3_c9",1,True,1.0
Do other Arizona treefrog populations have different genetic characteristics?,5,newspaper_2a6b4fa088699701a6fa9ccecfb5c25d_3_p3_c12,"newspaper_2a6b4fa088699701a6fa9ccecfb5c25d_3_p3_c12,newspaper_2a6b4fa088699701a6fa9ccecfb5c25d_3_p3_c11,newspaper_2a6b4fa088699701a6fa9ccecfb5c25d_3_p3_c9,newspaper_2a6b4fa088699701a6fa9ccecfb5c25d_3_p3_c10,newspaper_2a6b4fa088699701a6fa9ccecfb5c25d_3_p3_c5",1,True,1.0
What are some tactical initiatives for cost-cutting?,1,yanbaor2_ey-financial-sustainability-whitepaper.pdf_17_p17_c0,yanbaor2_ey-financial-sustainability-whitepaper.pdf_17_p17_c0,1,True,1.0
What are some tactical initiatives for cost-cutting?,3,yanbaor2_ey-financial-sustainability-whitepaper.pdf_17_p17_c0,"yanbaor2_ey-financial-sustainability-whitepaper.pdf_17_p17_c0,yanbaor2_ey-financial-sustainability-whitepaper.pdf_17_p17_c1,yanbaor2_ey-financial-sustainability-whitepaper.pdf_17_p17_c3",1,True,1.0
What are some tactical initiatives for cost-cutting?,5,yanbaor2_ey-financial-sustainability-whitepaper.pdf_17_p17_c0,"yanbaor2_ey-financial-sustainability-whitepaper.pdf_17_p17_c0,yanbaor2_ey-financial-sustainability-whitepaper.pdf_17_p17_c1,yanbaor2_ey-financial-sustainability-whitepaper.pdf_17_p17_c3,yanbaor2_ey-financial-sustainability-whitepaper.pdf_17_p17_c2,magazine_TheEconomist.2023.12.23_page_012_p12_c4",1,True,1.0
What specific actions are suggested to make a real impact on operating costs?,1,yanbaor2_ey-financial-sustainability-whitepaper.pdf_17_p17_c1,yanbaor2_ey-financial-sustainability-whitepaper.pdf_17_p17_c1,1,True,1.0
What specific actions are suggested to make a real impact on operating costs?,3,yanbaor2_ey-financial-sustainability-whitepaper.pdf_17_p17_c1,"yanbaor2_ey-financial-sustainability-whitepaper.pdf_17_p17_c1,yanbaor2_ey-financial-sustainability-whitepaper.pdf_17_p17_c0,yanbaor2_ey-financial-sustainability-whitepaper.pdf_17_p17_c2",1,True,1.0
What specific actions are suggested to make a real impact on operating costs?,5,yanbaor2_ey-financial-sustainability-whitepaper.pdf_17_p17_c1,"yanbaor2_ey-financial-sustainability-whitepaper.pdf_17_p17_c1,yanbaor2_ey-financial-sustainability-whitepaper.pdf_17_p17_c0,yanbaor2_ey-financial-sustainability-whitepaper.pdf_17_p17_c2,yanbaor2_ey-financial-sustainability-whitepaper.pdf_17_p17_c3,newspaper_2c69e142b52dbb30cac2cb11d3eb25e5_1_p1_c11",1,True,1.0
What is the biggest balance sheet risk mentioned in the document fragment?,1,yanbaor2_ey-financial-sustainability-whitepaper.pdf_17_p17_c2,yanbaor2_ey-financial-sustainability-whitepaper.pdf_17_p17_c2,1,True,1.0
What is the biggest balance sheet risk mentioned in the document fragment?,3,yanbaor2_ey-financial-sustainability-whitepaper.pdf_17_p17_c2,"yanbaor2_ey-financial-sustainability-whitepaper.pdf_17_p17_c2,newspaper_The Wall Street Journal - 2025-01-08@magazinesclubnew_page_018_p18_c21,yanbaopptmerge_5473246b8da789b9bfdeef53a70c4d72afd480415d5cbcedb83d105856710328.pdf_8_p8_c0",1,True,1.0
What is the biggest balance sheet risk mentioned in the document fragment?,5,yanbaor2_ey-financial-sustainability-whitepaper.pdf_17_p17_c2,"yanbaor2_ey-financial-sustainability-whitepaper.pdf_17_p17_c2,newspaper_The Wall Street Journal - 2025-01-08@magazinesclubnew_page_018_p18_c21,yanbaopptmerge_5473246b8da789b9bfdeef53a70c4d72afd480415d5cbcedb83d105856710328.pdf_8_p8_c0,eastmoney_d2bb183f5254ede5760932ac3118524aa7eddad551935713b435541f1525c1ee.pdf_7_p7_c1,magazine_TheEconomist.2023.12.23_page_012_p12_c9",1,True,1.0
What are some methods universities use to cut non-teaching staff costs?,1,yanbaor2_ey-financial-sustainability-whitepaper.pdf_17_p17_c3,yanbaor2_ey-financial-sustainability-whitepaper.pdf_17_p17_c3,1,True,1.0
What are some methods universities use to cut non-teaching staff costs?,3,yanbaor2_ey-financial-sustainability-whitepaper.pdf_17_p17_c3,"yanbaor2_ey-financial-sustainability-whitepaper.pdf_17_p17_c3,yanbaor2_ey-financial-sustainability-whitepaper.pdf_17_p17_c2,yanbaor2_ey-financial-sustainability-whitepaper.pdf_17_p17_c0",1,True,1.0
What are some methods universities use to cut non-teaching staff costs?,5,yanbaor2_ey-financial-sustainability-whitepaper.pdf_17_p17_c3,"yanbaor2_ey-financial-sustainability-whitepaper.pdf_17_p17_c3,yanbaor2_ey-financial-sustainability-whitepaper.pdf_17_p17_c2,yanbaor2_ey-financial-sustainability-whitepaper.pdf_17_p17_c0,yanbaor2_ey-financial-sustainability-whitepaper.pdf_17_p17_c1,yanbaor2_ey-financial-sustainability-whitepaper.pdf_17_p17_c4",1,True,1.0
What is the consequence of removing staff who had just been trained or upskilled?,1,yanbaor2_ey-financial-sustainability-whitepaper.pdf_17_p17_c4,yanbaor2_ey-financial-sustainability-whitepaper.pdf_17_p17_c4,1,True,1.0
What is the consequence of removing staff who had just been trained or upskilled?,3,yanbaor2_ey-financial-sustainability-whitepaper.pdf_17_p17_c4,"yanbaor2_ey-financial-sustainability-whitepaper.pdf_17_p17_c4,yanbaor2_ey-financial-sustainability-whitepaper.pdf_17_p17_c3,newspaper_e62730aaeb9b509119e0c3699ac18201_1_p1_c12",1,True,1.0
What is the consequence of removing staff who had just been trained or upskilled?,5,yanbaor2_ey-financial-sustainability-whitepaper.pdf_17_p17_c4,"yanbaor2_ey-financial-sustainability-whitepaper.pdf_17_p17_c4,yanbaor2_ey-financial-sustainability-whitepaper.pdf_17_p17_c3,newspaper_e62730aaeb9b509119e0c3699ac18201_1_p1_c12,magazine_TheEconomist.2023.11.25_page_069_p69_c0,magazine_TheEconomist.2023.11.25_page_069_p69_c5",1,True,1.0
What is the issue with re-hiring after removing staff?,1,yanbaor2_ey-financial-sustainability-whitepaper.pdf_17_p17_c5,yanbaor2_ey-financial-sustainability-whitepaper.pdf_17_p17_c4,0,False,0.0
What is the issue with re-hiring after removing staff?,3,yanbaor2_ey-financial-sustainability-whitepaper.pdf_17_p17_c5,"yanbaor2_ey-financial-sustainability-whitepaper.pdf_17_p17_c4,yanbaor2_ey-financial-sustainability-whitepaper.pdf_17_p17_c5,yanbaor2_ey-financial-sustainability-whitepaper.pdf_17_p17_c3",2,True,1.0
What is the issue with re-hiring after removing staff?,5,yanbaor2_ey-financial-sustainability-whitepaper.pdf_17_p17_c5,"yanbaor2_ey-financial-sustainability-whitepaper.pdf_17_p17_c4,yanbaor2_ey-financial-sustainability-whitepaper.pdf_17_p17_c5,yanbaor2_ey-financial-sustainability-whitepaper.pdf_17_p17_c3,newspaper_e62730aaeb9b509119e0c3699ac18201_1_p1_c12,yanbaor2_ey-financial-sustainability-whitepaper.pdf_17_p17_c2",2,True,1.0
等高线地形图中如何判断地形类型？,1,notes_1ba14cb325bc448f7201b20502ecf2b5_10_p10_c0,notes_1ba14cb325bc448f7201b20502ecf2b5_10_p10_c0,1,True,1.0
等高线地形图中如何判断地形类型？,3,notes_1ba14cb325bc448f7201b20502ecf2b5_10_p10_c0,"notes_1ba14cb325bc448f7201b20502ecf2b5_10_p10_c0,notes_1ba14cb325bc448f7201b20502ecf2b5_33_p33_c0,jiaocaineedrop_jiaocai_needrop_en_1473_p1473_c1",1,True,1.0
等高线地形图中如何判断地形类型？,5,notes_1ba14cb325bc448f7201b20502ecf2b5_10_p10_c0,"notes_1ba14cb325bc448f7201b20502ecf2b5_10_p10_c0,notes_1ba14cb325bc448f7201b20502ecf2b5_33_p33_c0,jiaocaineedrop_jiaocai_needrop_en_1473_p1473_c1,notes_1ba14cb325bc448f7201b20502ecf2b5_74_p74_c0,jiaocaineedrop_c2-ma-11-q-11-cl.pdf_2_p2_c0",1,True,1.0
What is the source of the pressure drop in the FSTR filtration process?,1,docstructbench_llm-raw-scihub-o.O-bf00151572.pdf_3_p3_c0,docstructbench_llm-raw-scihub-o.O-bf00151572.pdf_3_p3_c0,1,True,1.0
What is the source of the pressure drop in the FSTR filtration process?,3,docstructbench_llm-raw-scihub-o.O-bf00151572.pdf_3_p3_c0,"docstructbench_llm-raw-scihub-o.O-bf00151572.pdf_3_p3_c0,docstructbench_llm-raw-scihub-o.O-bf00151572.pdf_3_p3_c1,docstructbench_llm-raw-scihub-o.O-bf00151572.pdf_3_p3_c2",1,True,1.0
What is the source of the pressure drop in the FSTR filtration process?,5,docstructbench_llm-raw-scihub-o.O-bf00151572.pdf_3_p3_c0,"docstructbench_llm-raw-scihub-o.O-bf00151572.pdf_3_p3_c0,docstructbench_llm-raw-scihub-o.O-bf00151572.pdf_3_p3_c1,docstructbench_llm-raw-scihub-o.O-bf00151572.pdf_3_p3_c2,docstructbench_llm-raw-scihub-o.O-bf00151572.pdf_3_p3_c3,docstructbench_llm-raw-scihub-o.O-j.chroma.2005.05.085.pdf_4_p4_c7",1,True,1.0
What was the clearance between the scraper and the filter in the study by Tiller and Cheng?,1,docstructbench_llm-raw-scihub-o.O-bf00151572.pdf_3_p3_c1,docstructbench_llm-raw-scihub-o.O-bf00151572.pdf_3_p3_c1,1,True,1.0
What was the clearance between the scraper and the filter in the study by Tiller and Cheng?,3,docstructbench_llm-raw-scihub-o.O-bf00151572.pdf_3_p3_c1,"docstructbench_llm-raw-scihub-o.O-bf00151572.pdf_3_p3_c1,docstructbench_llm-raw-scihub-o.O-bf00151572.pdf_3_p3_c0,docstructbench_llm-raw-scihub-o.O-j.chroma.2005.03.134.pdf_6_p6_c1",1,True,1.0
What was the clearance between the scraper and the filter in the study by Tiller and Cheng?,5,docstructbench_llm-raw-scihub-o.O-bf00151572.pdf_3_p3_c1,"docstructbench_llm-raw-scihub-o.O-bf00151572.pdf_3_p3_c1,docstructbench_llm-raw-scihub-o.O-bf00151572.pdf_3_p3_c0,docstructbench_llm-raw-scihub-o.O-j.chroma.2005.03.134.pdf_6_p6_c1,docstructbench_llm-raw-scihub-o.O-bf00151572.pdf_3_p3_c2,docstructbench_llm-raw-scihub-o.O-j.chroma.2005.03.134.pdf_6_p6_c4",1,True,1.0
What was the cell concentration in the reactor?,1,docstructbench_llm-raw-scihub-o.O-bf00151572.pdf_3_p3_c2,docstructbench_llm-raw-scihub-o.O-bf00151572.pdf_3_p3_c2,1,True,1.0
What was the cell concentration in the reactor?,3,docstructbench_llm-raw-scihub-o.O-bf00151572.pdf_3_p3_c2,"docstructbench_llm-raw-scihub-o.O-bf00151572.pdf_3_p3_c2,yanbaopptmerge_3aa9b6677e17fd012b0a7a230b9f18db.pdf_1327_p1327_c0,docstructbench_llm-raw-scihub-o.O-j.chroma.2005.03.134.pdf_6_p6_c2",1,True,1.0
What was the cell concentration in the reactor?,5,docstructbench_llm-raw-scihub-o.O-bf00151572.pdf_3_p3_c2,"docstructbench_llm-raw-scihub-o.O-bf00151572.pdf_3_p3_c2,yanbaopptmerge_3aa9b6677e17fd012b0a7a230b9f18db.pdf_1327_p1327_c0,docstructbench_llm-raw-scihub-o.O-j.chroma.2005.03.134.pdf_6_p6_c2,docstructbench_llm-raw-scihub-o.O-j.chroma.2005.03.134.pdf_6_p6_c4,docstructbench_llm-raw-scihub-o.O-j.chroma.2005.03.134.pdf_6_p6_c1",1,True,1.0
What was observed immediately after the filtration started?,1,docstructbench_llm-raw-scihub-o.O-bf00151572.pdf_3_p3_c3,docstructbench_llm-raw-scihub-o.O-bf00151572.pdf_3_p3_c3,1,True,1.0
What was observed immediately after the filtration started?,3,docstructbench_llm-raw-scihub-o.O-bf00151572.pdf_3_p3_c3,"docstructbench_llm-raw-scihub-o.O-bf00151572.pdf_3_p3_c3,docstructbench_llm-raw-scihub-o.O-bf00151572.pdf_3_p3_c2,docstructbench_llm-raw-scihub-o.O-bf00151572.pdf_3_p3_c0",1,True,1.0
What was observed immediately after the filtration started?,5,docstructbench_llm-raw-scihub-o.O-bf00151572.pdf_3_p3_c3,"docstructbench_llm-raw-scihub-o.O-bf00151572.pdf_3_p3_c3,docstructbench_llm-raw-scihub-o.O-bf00151572.pdf_3_p3_c2,docstructbench_llm-raw-scihub-o.O-bf00151572.pdf_3_p3_c0,docstructbench_llm-raw-scihub-o.O-bf00151572.pdf_3_p3_c1,scihub_s11661-013-1726-7.pdf_2_p2_c1",1,True,1.0
"What is the definition of B[u,v] in the document fragment?",1,jiaocaineedrop_Evans_PDE_Solution_Chapter_6_Second-Order_Elliptic_Equations.pdf_5_p5_c0,jiaocaineedrop_Evans_PDE_Solution_Chapter_6_Second-Order_Elliptic_Equations.pdf_5_p5_c0,1,True,1.0
"What is the definition of B[u,v] in the document fragment?",3,jiaocaineedrop_Evans_PDE_Solution_Chapter_6_Second-Order_Elliptic_Equations.pdf_5_p5_c0,"jiaocaineedrop_Evans_PDE_Solution_Chapter_6_Second-Order_Elliptic_Equations.pdf_5_p5_c0,jiaocaineedrop_Evans_PDE_Solution_Chapter_6_Second-Order_Elliptic_Equations.pdf_5_p5_c1,color_textbook_zhonggaokao_小学_KET听说读写逐项突破_KET听说读写逐项突破之轻松搞定KET写作25分 【10讲 褚连一】_第10讲第十课写作Part9小作文练习_第十课写作Part9小作文练习_page_010_p10_c3",1,True,1.0
"What is the definition of B[u,v] in the document fragment?",5,jiaocaineedrop_Evans_PDE_Solution_Chapter_6_Second-Order_Elliptic_Equations.pdf_5_p5_c0,"jiaocaineedrop_Evans_PDE_Solution_Chapter_6_Second-Order_Elliptic_Equations.pdf_5_p5_c0,jiaocaineedrop_Evans_PDE_Solution_Chapter_6_Second-Order_Elliptic_Equations.pdf_5_p5_c1,color_textbook_zhonggaokao_小学_KET听说读写逐项突破_KET听说读写逐项突破之轻松搞定KET写作25分 【10讲 褚连一】_第10讲第十课写作Part9小作文练习_第十课写作Part9小作文练习_page_010_p10_c3,jiaocaineedrop_Evans_PDE_Solution_Chapter_6_Second-Order_Elliptic_Equations.pdf_5_p5_c2,PPT_StewartCalcET7e_03_02_page_007_p7_c0",1,True,1.0
What is the condition for the maximum principle to apply to the operator M?,1,jiaocaineedrop_Evans_PDE_Solution_Chapter_6_Second-Order_Elliptic_Equations.pdf_5_p5_c3,jiaocaineedrop_Evans_PDE_Solution_Chapter_6_Second-Order_Elliptic_Equations.pdf_5_p5_c3,1,True,1.0
What is the condition for the maximum principle to apply to the operator M?,3,jiaocaineedrop_Evans_PDE_Solution_Chapter_6_Second-Order_Elliptic_Equations.pdf_5_p5_c3,"jiaocaineedrop_Evans_PDE_Solution_Chapter_6_Second-Order_Elliptic_Equations.pdf_5_p5_c3,jiaocaineedrop_Evans_PDE_Solution_Chapter_6_Second-Order_Elliptic_Equations.pdf_5_p5_c0,jiaocaineedrop_jiaocai_needrop_en_1564_p1564_c3",1,True,1.0
What is the condition for the maximum principle to apply to the operator M?,5,jiaocaineedrop_Evans_PDE_Solution_Chapter_6_Second-Order_Elliptic_Equations.pdf_5_p5_c3,"jiaocaineedrop_Evans_PDE_Solution_Chapter_6_Second-Order_Elliptic_Equations.pdf_5_p5_c3,jiaocaineedrop_Evans_PDE_Solution_Chapter_6_Second-Order_Elliptic_Equations.pdf_5_p5_c0,jiaocaineedrop_jiaocai_needrop_en_1564_p1564_c3,exam_paper_en-file-putnam-archive_2011_Solutions_2011s_page_002_p2_c8,exam_paper_en-file-putnam-archive_2011_Solutions_2011s_page_002_p2_c6",1,True,1.0
What is the maximum value of w on the boundary where u is positive?,1,jiaocaineedrop_Evans_PDE_Solution_Chapter_6_Second-Order_Elliptic_Equations.pdf_5_p5_c4,jiaocaineedrop_Evans_PDE_Solution_Chapter_6_Second-Order_Elliptic_Equations.pdf_5_p5_c3,0,False,0.0
What is the maximum value of w on the boundary where u is positive?,3,jiaocaineedrop_Evans_PDE_Solution_Chapter_6_Second-Order_Elliptic_Equations.pdf_5_p5_c4,"jiaocaineedrop_Evans_PDE_Solution_Chapter_6_Second-Order_Elliptic_Equations.pdf_5_p5_c3,jiaocaineedrop_Evans_PDE_Solution_Chapter_6_Second-Order_Elliptic_Equations.pdf_5_p5_c4,book_zh_CNASGL0092018_extracted_page_69_p69_c0",2,True,1.0
What is the maximum value of w on the boundary where u is positive?,5,jiaocaineedrop_Evans_PDE_Solution_Chapter_6_Second-Order_Elliptic_Equations.pdf_5_p5_c4,"jiaocaineedrop_Evans_PDE_Solution_Chapter_6_Second-Order_Elliptic_Equations.pdf_5_p5_c3,jiaocaineedrop_Evans_PDE_Solution_Chapter_6_Second-Order_Elliptic_Equations.pdf_5_p5_c4,book_zh_CNASGL0092018_extracted_page_69_p69_c0,jiaocaineedrop_Evans_PDE_Solution_Chapter_6_Second-Order_Elliptic_Equations.pdf_5_p5_c0,jiaocaineedrop_Evans_PDE_Solution_Chapter_6_Second-Order_Elliptic_Equations.pdf_5_p5_c2",2,True,1.0
What is the condition on G(x) for x > 1?,1,exam_paper_en-file-putnam-archive_2011_Solutions_2011s_page_002_p2_c0,exam_paper_en-file-putnam-archive_2012_Solutions_2012s_page_001_p1_c3,0,False,0.0
What is the condition on G(x) for x > 1?,3,exam_paper_en-file-putnam-archive_2011_Solutions_2011s_page_002_p2_c0,"exam_paper_en-file-putnam-archive_2012_Solutions_2012s_page_001_p1_c3,exam_paper_en-file-putnam-archive_2011_Solutions_2011s_page_002_p2_c0,exam_paper_en-file-putnam-archive_2012_Solutions_2012s_page_001_p1_c2",2,True,1.0
What is the condition on G(x) for x > 1?,5,exam_paper_en-file-putnam-archive_2011_Solutions_2011s_page_002_p2_c0,"exam_paper_en-file-putnam-archive_2012_Solutions_2012s_page_001_p1_c3,exam_paper_en-file-putnam-archive_2011_Solutions_2011s_page_002_p2_c0,exam_paper_en-file-putnam-archive_2012_Solutions_2012s_page_001_p1_c2,exam_paper_en-file-putnam-archive_2011_Solutions_2011s_page_002_p2_c1,exam_paper_en-file-putnam-archive_2011_Solutions_2011s_page_002_p2_c2",2,True,1.0
"What is the expression for $F(x,y)$ in terms of $h$ and $G$?",1,exam_paper_en-file-putnam-archive_2011_Solutions_2011s_page_002_p2_c1,exam_paper_en-file-putnam-archive_2011_Solutions_2011s_page_002_p2_c1,1,True,1.0
"What is the expression for $F(x,y)$ in terms of $h$ and $G$?",3,exam_paper_en-file-putnam-archive_2011_Solutions_2011s_page_002_p2_c1,"exam_paper_en-file-putnam-archive_2011_Solutions_2011s_page_002_p2_c1,exam_paper_en-file-putnam-archive_2011_Solutions_2011s_page_002_p2_c2,exam_paper_en-file-putnam-archive_2011_Solutions_2011s_page_002_p2_c0",1,True,1.0
"What is the expression for $F(x,y)$ in terms of $h$ and $G$?",5,exam_paper_en-file-putnam-archive_2011_Solutions_2011s_page_002_p2_c1,"exam_paper_en-file-putnam-archive_2011_Solutions_2011s_page_002_p2_c1,exam_paper_en-file-putnam-archive_2011_Solutions_2011s_page_002_p2_c2,exam_paper_en-file-putnam-archive_2011_Solutions_2011s_page_002_p2_c0,jiaocaineedrop_glossary.pdf_7_p7_c3,exam_paper_en-file-putnam-archive_1999_Solutions_1999s_page_003_p3_c6",1,True,1.0
What is the value of b defined as the maximum of |\lambda_{\chi}| for chi in hat G minus the trivial character?,1,exam_paper_en-file-putnam-archive_2011_Solutions_2011s_page_002_p2_c4,exam_paper_en-file-putnam-archive_2011_Solutions_2011s_page_002_p2_c4,1,True,1.0
What is the value of b defined as the maximum of |\lambda_{\chi}| for chi in hat G minus the trivial character?,3,exam_paper_en-file-putnam-archive_2011_Solutions_2011s_page_002_p2_c4,"exam_paper_en-file-putnam-archive_2011_Solutions_2011s_page_002_p2_c4,exam_paper_en-file-putnam-archive_2011_Solutions_2011s_page_002_p2_c5,exam_paper_en-file-putnam-archive_2011_Solutions_2011s_page_002_p2_c6",1,True,1.0
What is the value of b defined as the maximum of |\lambda_{\chi}| for chi in hat G minus the trivial character?,5,exam_paper_en-file-putnam-archive_2011_Solutions_2011s_page_002_p2_c4,"exam_paper_en-file-putnam-archive_2011_Solutions_2011s_page_002_p2_c4,exam_paper_en-file-putnam-archive_2011_Solutions_2011s_page_002_p2_c5,exam_paper_en-file-putnam-archive_2011_Solutions_2011s_page_002_p2_c6,exam_paper_en-file-putnam-archive_2011_Solutions_2011s_page_002_p2_c7,exam_paper_en-file-putnam-archive_2011_Solutions_2011s_page_002_p2_c3",1,True,1.0
What is the value of $ \chi(g_i) $ when $ i = 1 $?,1,exam_paper_en-file-putnam-archive_2011_Solutions_2011s_page_002_p2_c5,exam_paper_en-file-putnam-archive_2011_Solutions_2011s_page_002_p2_c5,1,True,1.0
What is the value of $ \chi(g_i) $ when $ i = 1 $?,3,exam_paper_en-file-putnam-archive_2011_Solutions_2011s_page_002_p2_c5,"exam_paper_en-file-putnam-archive_2011_Solutions_2011s_page_002_p2_c5,exam_paper_en-file-putnam-archive_2011_Solutions_2011s_page_002_p2_c4,exam_paper_en-file-putnam-archive_2011_Solutions_2011s_page_002_p2_c3",1,True,1.0
What is the value of $ \chi(g_i) $ when $ i = 1 $?,5,exam_paper_en-file-putnam-archive_2011_Solutions_2011s_page_002_p2_c5,"exam_paper_en-file-putnam-archive_2011_Solutions_2011s_page_002_p2_c5,exam_paper_en-file-putnam-archive_2011_Solutions_2011s_page_002_p2_c4,exam_paper_en-file-putnam-archive_2011_Solutions_2011s_page_002_p2_c3,exam_paper_en-file-putnam-archive_2011_Solutions_2011s_page_002_p2_c6,exam_paper_en-file-putnam-archive_2011_Solutions_2011s_page_002_p2_c7",1,True,1.0
What is the condition for the matrix M to have positive entries after some power m?,1,exam_paper_en-file-putnam-archive_2011_Solutions_2011s_page_002_p2_c8,exam_paper_en-file-putnam-archive_2011_Solutions_2011s_page_002_p2_c8,1,True,1.0
What is the condition for the matrix M to have positive entries after some power m?,3,exam_paper_en-file-putnam-archive_2011_Solutions_2011s_page_002_p2_c8,"exam_paper_en-file-putnam-archive_2011_Solutions_2011s_page_002_p2_c8,book_en_国外数学教材-非数学专业教材-线性代数-Gilbert Strang—Linear Algebra and Its Applications 4e_0085_p85_c0,exam_paper_en-file-putnam-archive_2011_Solutions_2011s_page_002_p2_c3",1,True,1.0
What is the condition for the matrix M to have positive entries after some power m?,5,exam_paper_en-file-putnam-archive_2011_Solutions_2011s_page_002_p2_c8,"exam_paper_en-file-putnam-archive_2011_Solutions_2011s_page_002_p2_c8,book_en_国外数学教材-非数学专业教材-线性代数-Gilbert Strang—Linear Algebra and Its Applications 4e_0085_p85_c0,exam_paper_en-file-putnam-archive_2011_Solutions_2011s_page_002_p2_c3,book_en_国外数学教材-非数学专业教材-线性代数-Gilbert Strang—Linear Algebra and Its Applications 4e_0242_p242_c0,book_en_国外数学教材-非数学专业教材-线性代数-Gilbert Strang—Linear Algebra and Its Applications 4e_0035_p35_c1",1,True,1.0
What is the condition for the limit to exist in the given context?,1,exam_paper_en-file-putnam-archive_2011_Solutions_2011s_page_002_p2_c9,exam_paper_en-file-putnam-archive_2011_Solutions_2011s_page_002_p2_c9,1,True,1.0
What is the condition for the limit to exist in the given context?,3,exam_paper_en-file-putnam-archive_2011_Solutions_2011s_page_002_p2_c9,"exam_paper_en-file-putnam-archive_2011_Solutions_2011s_page_002_p2_c9,exam_paper_en-file-putnam-archive_2012_Solutions_2012s_page_001_p1_c3,jiaocaineedrop_96657786.pdf_0_p0_c1",1,True,1.0
What is the condition for the limit to exist in the given context?,5,exam_paper_en-file-putnam-archive_2011_Solutions_2011s_page_002_p2_c9,"exam_paper_en-file-putnam-archive_2011_Solutions_2011s_page_002_p2_c9,exam_paper_en-file-putnam-archive_2012_Solutions_2012s_page_001_p1_c3,jiaocaineedrop_96657786.pdf_0_p0_c1,exam_paper_en-file-putnam-archive_1995_Solutions_1995s_page_002_p2_c0,jiaocaineedrop_Evans_PDE_Solution_Chapter_6_Second-Order_Elliptic_Equations.pdf_5_p5_c0",1,True,1.0
What is the EV/EBITDA value for 2025E?,1,yanbaopptmerge_51e549c0d1a2669ac976409fcf99ce91908b1e0a07f0fc70d92263abf6d07f18.pdf_1_p1_c0,yanbaopptmerge_51e549c0d1a2669ac976409fcf99ce91908b1e0a07f0fc70d92263abf6d07f18.pdf_1_p1_c0,1,True,1.0
What is the EV/EBITDA value for 2025E?,3,yanbaopptmerge_51e549c0d1a2669ac976409fcf99ce91908b1e0a07f0fc70d92263abf6d07f18.pdf_1_p1_c0,"yanbaopptmerge_51e549c0d1a2669ac976409fcf99ce91908b1e0a07f0fc70d92263abf6d07f18.pdf_1_p1_c0,yanbaopptmerge_51e549c0d1a2669ac976409fcf99ce91908b1e0a07f0fc70d92263abf6d07f18.pdf_1_p1_c1,yanbaopptmerge_ee19df4a08e3d07ac1190446f5b3dd3f25438c661b87cf4fbb9040ac5fac443b.pdf_1_p1_c2",1,True,1.0
What is the EV/EBITDA value for 2025E?,5,yanbaopptmerge_51e549c0d1a2669ac976409fcf99ce91908b1e0a07f0fc70d92263abf6d07f18.pdf_1_p1_c0,"yanbaopptmerge_51e549c0d1a2669ac976409fcf99ce91908b1e0a07f0fc70d92263abf6d07f18.pdf_1_p1_c0,yanbaopptmerge_51e549c0d1a2669ac976409fcf99ce91908b1e0a07f0fc70d92263abf6d07f18.pdf_1_p1_c1,yanbaopptmerge_ee19df4a08e3d07ac1190446f5b3dd3f25438c661b87cf4fbb9040ac5fac443b.pdf_1_p1_c2,yanbaopptmerge_ee19df4a08e3d07ac1190446f5b3dd3f25438c661b87cf4fbb9040ac5fac443b.pdf_1_p1_c1,yanbaopptmerge_2f4902871606698497c53ccb18d3fec2f83d05047d883cd65bbce26bfb27bcd2.pdf_1_p1_c0",1,True,1.0
What is the EV/EBITDA value for the fourth column?,1,yanbaopptmerge_51e549c0d1a2669ac976409fcf99ce91908b1e0a07f0fc70d92263abf6d07f18.pdf_1_p1_c1,yanbaopptmerge_51e549c0d1a2669ac976409fcf99ce91908b1e0a07f0fc70d92263abf6d07f18.pdf_1_p1_c1,1,True,1.0
What is the EV/EBITDA value for the fourth column?,3,yanbaopptmerge_51e549c0d1a2669ac976409fcf99ce91908b1e0a07f0fc70d92263abf6d07f18.pdf_1_p1_c1,"yanbaopptmerge_51e549c0d1a2669ac976409fcf99ce91908b1e0a07f0fc70d92263abf6d07f18.pdf_1_p1_c1,yanbaopptmerge_ee19df4a08e3d07ac1190446f5b3dd3f25438c661b87cf4fbb9040ac5fac443b.pdf_1_p1_c2,yanbaopptmerge_51e549c0d1a2669ac976409fcf99ce91908b1e0a07f0fc70d92263abf6d07f18.pdf_1_p1_c0",1,True,1.0
What is the EV/EBITDA value for the fourth column?,5,yanbaopptmerge_51e549c0d1a2669ac976409fcf99ce91908b1e0a07f0fc70d92263abf6d07f18.pdf_1_p1_c1,"yanbaopptmerge_51e549c0d1a2669ac976409fcf99ce91908b1e0a07f0fc70d92263abf6d07f18.pdf_1_p1_c1,yanbaopptmerge_ee19df4a08e3d07ac1190446f5b3dd3f25438c661b87cf4fbb9040ac5fac443b.pdf_1_p1_c2,yanbaopptmerge_51e549c0d1a2669ac976409fcf99ce91908b1e0a07f0fc70d92263abf6d07f18.pdf_1_p1_c0,yanbaopptmerge_ee19df4a08e3d07ac1190446f5b3dd3f25438c661b87cf4fbb9040ac5fac443b.pdf_1_p1_c1,yanbaopptmerge_2f4902871606698497c53ccb18d3fec2f83d05047d883cd65bbce26bfb27bcd2.pdf_1_p1_c0",1,True,1.0
本试卷由哪个网站生成？,1,jiaocaineedrop_96657786.pdf_0_p0_c0,jiaocaineedrop_96657786.pdf_0_p0_c0,1,True,1.0
本试卷由哪个网站生成？,3,jiaocaineedrop_96657786.pdf_0_p0_c0,"jiaocaineedrop_96657786.pdf_0_p0_c0,jiaocaineedrop_jiaocai_needrop_en_2884_p2884_c2,yanbaopptmerge_baa6d02928efcac46ccf7dfd3859de565cfb0bea918ae0ec0eed50944a7c20b4.pdf_11_p11_c3",1,True,1.0
本试卷由哪个网站生成？,5,jiaocaineedrop_96657786.pdf_0_p0_c0,"jiaocaineedrop_96657786.pdf_0_p0_c0,jiaocaineedrop_jiaocai_needrop_en_2884_p2884_c2,yanbaopptmerge_baa6d02928efcac46ccf7dfd3859de565cfb0bea918ae0ec0eed50944a7c20b4.pdf_11_p11_c3,jiaocaineedrop_jiaocai_needrop_en_453_p453_c0,jiaocaineedrop_jiaocai_needrop_en_1836_p1836_c1",1,True,1.0
What is the value of $ S_{12} $ given that $ S_3 = 4 $ and $ S_6 = 12 $ for the geometric sequence $ \{a_n\} $?,1,jiaocaineedrop_96657786.pdf_0_p0_c1,jiaocaineedrop_96657786.pdf_0_p0_c2,0,False,0.0
What is the value of $ S_{12} $ given that $ S_3 = 4 $ and $ S_6 = 12 $ for the geometric sequence $ \{a_n\} $?,3,jiaocaineedrop_96657786.pdf_0_p0_c1,"jiaocaineedrop_96657786.pdf_0_p0_c2,exam_paper_en-file-putnam-archive_2006_Solutions_2006s_page_006_p6_c5,jiaocaineedrop_96657786.pdf_0_p0_c3",0,False,0.0
What is the value of $ S_{12} $ given that $ S_3 = 4 $ and $ S_6 = 12 $ for the geometric sequence $ \{a_n\} $?,5,jiaocaineedrop_96657786.pdf_0_p0_c1,"jiaocaineedrop_96657786.pdf_0_p0_c2,exam_paper_en-file-putnam-archive_2006_Solutions_2006s_page_006_p6_c5,jiaocaineedrop_96657786.pdf_0_p0_c3,newspaper_The Globe and Mail - 2025-1-8@magazinesclubnew_page_014_p14_c7,newspaper_The Globe and Mail - 2025-1-8@magazinesclubnew_page_014_p14_c8",0,False,0.0
What is the value of $ f\left(\frac{\pi}{3}\right) $ for the function $ f(x)=\sin(\omega x+\theta) $?,1,jiaocaineedrop_96657786.pdf_0_p0_c2,jiaocaineedrop_96657786.pdf_0_p0_c2,1,True,1.0
What is the value of $ f\left(\frac{\pi}{3}\right) $ for the function $ f(x)=\sin(\omega x+\theta) $?,3,jiaocaineedrop_96657786.pdf_0_p0_c2,"jiaocaineedrop_96657786.pdf_0_p0_c2,exam_paper_en-file-putnam-archive_1999_Solutions_1999s_page_003_p3_c0,jiaocaineedrop_96657786.pdf_0_p0_c4",1,True,1.0
What is the value of $ f\left(\frac{\pi}{3}\right) $ for the function $ f(x)=\sin(\omega x+\theta) $?,5,jiaocaineedrop_96657786.pdf_0_p0_c2,"jiaocaineedrop_96657786.pdf_0_p0_c2,exam_paper_en-file-putnam-archive_1999_Solutions_1999s_page_003_p3_c0,jiaocaineedrop_96657786.pdf_0_p0_c4,jiaocaineedrop_96657786.pdf_0_p0_c5,exam_paper_en-file-putnam-archive_1995_Solutions_1995s_page_002_p2_c2",1,True,1.0
What is the value of $ a_{23} $?,1,jiaocaineedrop_96657786.pdf_0_p0_c3,jiaocaineedrop_96657786.pdf_0_p0_c2,0,False,0.0
What is the value of $ a_{23} $?,3,jiaocaineedrop_96657786.pdf_0_p0_c3,"jiaocaineedrop_96657786.pdf_0_p0_c2,exam_paper_en-file-putnam-archive_2002_Solutions_2002s_page_001_p1_c4,docstructbench_dianzishu_zhongwenzaixian-o.O-60403612.pdf_179_p179_c0",0,False,0.0
What is the value of $ a_{23} $?,5,jiaocaineedrop_96657786.pdf_0_p0_c3,"jiaocaineedrop_96657786.pdf_0_p0_c2,exam_paper_en-file-putnam-archive_2002_Solutions_2002s_page_001_p1_c4,docstructbench_dianzishu_zhongwenzaixian-o.O-60403612.pdf_179_p179_c0,jiaocaineedrop_jiaocai_needrop_en_1473_p1473_c0,magazine_TheEconomist.2024.03.02_page_032_p32_c0",0,False,0.0
What is the value of 1 plus tan15 degrees divided by 1 minus tan15 degrees?,1,jiaocaineedrop_96657786.pdf_0_p0_c4,jiaocaineedrop_96657786.pdf_0_p0_c3,0,False,0.0
What is the value of 1 plus tan15 degrees divided by 1 minus tan15 degrees?,3,jiaocaineedrop_96657786.pdf_0_p0_c4,"jiaocaineedrop_96657786.pdf_0_p0_c3,jiaocaineedrop_96657786.pdf_0_p0_c4,docstructbench_dianzishu_zhongwenzaixian-o.O-60403612.pdf_179_p179_c2",2,True,1.0
What is the value of 1 plus tan15 degrees divided by 1 minus tan15 degrees?,5,jiaocaineedrop_96657786.pdf_0_p0_c4,"jiaocaineedrop_96657786.pdf_0_p0_c3,jiaocaineedrop_96657786.pdf_0_p0_c4,docstructbench_dianzishu_zhongwenzaixian-o.O-60403612.pdf_179_p179_c2,docstructbench_llm-raw-scihub-o.O-j.chroma.2005.03.134.pdf_6_p6_c1,docstructbench_dianzishu_zhongwenzaixian-o.O-60403612.pdf_179_p179_c4",2,True,1.0
Which options are correct based on the given differential equation and the function properties?,1,jiaocaineedrop_96657786.pdf_0_p0_c5,exam_paper_en-file-putnam-archive_2009_Solutions_2009s_page_003_p3_c8,0,False,0.0
Which options are correct based on the given differential equation and the function properties?,3,jiaocaineedrop_96657786.pdf_0_p0_c5,"exam_paper_en-file-putnam-archive_2009_Solutions_2009s_page_003_p3_c8,exam_paper_en-file-putnam-archive_2009_Solutions_2009s_page_003_p3_c9,jiaocaineedrop_96657786.pdf_0_p0_c3",0,False,0.0
Which options are correct based on the given differential equation and the function properties?,5,jiaocaineedrop_96657786.pdf_0_p0_c5,"exam_paper_en-file-putnam-archive_2009_Solutions_2009s_page_003_p3_c8,exam_paper_en-file-putnam-archive_2009_Solutions_2009s_page_003_p3_c9,jiaocaineedrop_96657786.pdf_0_p0_c3,exam_paper_en-file-putnam-archive_1999_Solutions_1999s_page_003_p3_c6,exam_paper_en-file-putnam-archive_2011_Solutions_2011s_page_002_p2_c1",0,False,0.0
Which company is listed under the letter B with the code B3?,1,newspaper_The Wall Street Journal - 2025-01-08@magazinesclubnew_page_018_p18_c0,newspaper_The Wall Street Journal - 2025-01-08@magazinesclubnew_page_018_p18_c1,0,False,0.0
Which company is listed under the letter B with the code B3?,3,newspaper_The Wall Street Journal - 2025-01-08@magazinesclubnew_page_018_p18_c0,"newspaper_The Wall Street Journal - 2025-01-08@magazinesclubnew_page_018_p18_c1,newspaper_The Wall Street Journal - 2025-01-08@magazinesclubnew_page_018_p18_c0,newspaper_The Wall Street Journal - 2025-01-08@magazinesclubnew_page_018_p18_c4",2,True,1.0
Which company is listed under the letter B with the code B3?,5,newspaper_The Wall Street Journal - 2025-01-08@magazinesclubnew_page_018_p18_c0,"newspaper_The Wall Street Journal - 2025-01-08@magazinesclubnew_page_018_p18_c1,newspaper_The Wall Street Journal - 2025-01-08@magazinesclubnew_page_018_p18_c0,newspaper_The Wall Street Journal - 2025-01-08@magazinesclubnew_page_018_p18_c4,newspaper_The Wall Street Journal - 2025-01-08@magazinesclubnew_page_018_p18_c3,newspaper_The Wall Street Journal - 2025-01-08@magazinesclubnew_page_018_p18_c2",2,True,1.0
Which company is associated with the code B6 in the INDEX TO PEOPLE table?,1,newspaper_The Wall Street Journal - 2025-01-08@magazinesclubnew_page_018_p18_c1,newspaper_The Wall Street Journal - 2025-01-08@magazinesclubnew_page_018_p18_c1,1,True,1.0
Which company is associated with the code B6 in the INDEX TO PEOPLE table?,3,newspaper_The Wall Street Journal - 2025-01-08@magazinesclubnew_page_018_p18_c1,"newspaper_The Wall Street Journal - 2025-01-08@magazinesclubnew_page_018_p18_c1,newspaper_The Wall Street Journal - 2025-01-08@magazinesclubnew_page_018_p18_c0,newspaper_The Wall Street Journal - 2025-01-08@magazinesclubnew_page_018_p18_c2",1,True,1.0
Which company is associated with the code B6 in the INDEX TO PEOPLE table?,5,newspaper_The Wall Street Journal - 2025-01-08@magazinesclubnew_page_018_p18_c1,"newspaper_The Wall Street Journal - 2025-01-08@magazinesclubnew_page_018_p18_c1,newspaper_The Wall Street Journal - 2025-01-08@magazinesclubnew_page_018_p18_c0,newspaper_The Wall Street Journal - 2025-01-08@magazinesclubnew_page_018_p18_c2,newspaper_The Wall Street Journal - 2025-01-08@magazinesclubnew_page_018_p18_c17,newspaper_The Wall Street Journal - 2025-01-08@magazinesclubnew_page_018_p18_c3",1,True,1.0
"What is the room number for Dovigi, Patrick?",1,newspaper_The Wall Street Journal - 2025-01-08@magazinesclubnew_page_018_p18_c2,newspaper_The Wall Street Journal - 2025-01-08@magazinesclubnew_page_018_p18_c2,1,True,1.0
"What is the room number for Dovigi, Patrick?",3,newspaper_The Wall Street Journal - 2025-01-08@magazinesclubnew_page_018_p18_c2,"newspaper_The Wall Street Journal - 2025-01-08@magazinesclubnew_page_018_p18_c2,newspaper_Daily Mirror 2025-1-8@magazinesclubnew_page_058_p58_c0,jiaocaineedrop_unit2t03.pdf_63_p63_c5",1,True,1.0
"What is the room number for Dovigi, Patrick?",5,newspaper_The Wall Street Journal - 2025-01-08@magazinesclubnew_page_018_p18_c2,"newspaper_The Wall Street Journal - 2025-01-08@magazinesclubnew_page_018_p18_c2,newspaper_Daily Mirror 2025-1-8@magazinesclubnew_page_058_p58_c0,jiaocaineedrop_unit2t03.pdf_63_p63_c5,newspaper_The Globe and Mail - 2025-1-8@magazinesclubnew_page_027_p27_c0,newspaper_The Globe and Mail - 2025-1-8@magazinesclubnew_page_014_p14_c2",1,True,1.0
Who is listed with the designation B2 in the table?,1,newspaper_The Wall Street Journal - 2025-01-08@magazinesclubnew_page_018_p18_c3,newspaper_The Wall Street Journal - 2025-01-08@magazinesclubnew_page_018_p18_c1,0,False,0.0
Who is listed with the designation B2 in the table?,3,newspaper_The Wall Street Journal - 2025-01-08@magazinesclubnew_page_018_p18_c3,"newspaper_The Wall Street Journal - 2025-01-08@magazinesclubnew_page_018_p18_c1,newspaper_The Wall Street Journal - 2025-01-08@magazinesclubnew_page_018_p18_c2,newspaper_The Wall Street Journal - 2025-01-08@magazinesclubnew_page_018_p18_c3",3,True,1.0
Who is listed with the designation B2 in the table?,5,newspaper_The Wall Street Journal - 2025-01-08@magazinesclubnew_page_018_p18_c3,"newspaper_The Wall Street Journal - 2025-01-08@magazinesclubnew_page_018_p18_c1,newspaper_The Wall Street Journal - 2025-01-08@magazinesclubnew_page_018_p18_c2,newspaper_The Wall Street Journal - 2025-01-08@magazinesclubnew_page_018_p18_c3,newspaper_The Wall Street Journal - 2025-01-08@magazinesclubnew_page_018_p18_c0,newspaper_The Globe and Mail - 2025-1-8@magazinesclubnew_page_027_p27_c0",3,True,1.0
What is the fee for heavy-duty trucks entering Manhattan south of 60th Street between 5 a.m. and 9 p.m. on weekdays?,1,newspaper_The Wall Street Journal - 2025-01-08@magazinesclubnew_page_018_p18_c4,newspaper_The Wall Street Journal - 2025-01-08@magazinesclubnew_page_018_p18_c4,1,True,1.0
What is the fee for heavy-duty trucks entering Manhattan south of 60th Street between 5 a.m. and 9 p.m. on weekdays?,3,newspaper_The Wall Street Journal - 2025-01-08@magazinesclubnew_page_018_p18_c4,"newspaper_The Wall Street Journal - 2025-01-08@magazinesclubnew_page_018_p18_c4,newspaper_The Wall Street Journal - 2025-01-08@magazinesclubnew_page_018_p18_c7,newspaper_The Wall Street Journal - 2025-01-08@magazinesclubnew_page_018_p18_c5",1,True,1.0
What is the fee for heavy-duty trucks entering Manhattan south of 60th Street between 5 a.m. and 9 p.m. on weekdays?,5,newspaper_The Wall Street Journal - 2025-01-08@magazinesclubnew_page_018_p18_c4,"newspaper_The Wall Street Journal - 2025-01-08@magazinesclubnew_page_018_p18_c4,newspaper_The Wall Street Journal - 2025-01-08@magazinesclubnew_page_018_p18_c7,newspaper_The Wall Street Journal - 2025-01-08@magazinesclubnew_page_018_p18_c5,newspaper_The Wall Street Journal - 2025-01-08@magazinesclubnew_page_018_p18_c6,newspaper_The Globe and Mail - 2025-1-8@magazinesclubnew_page_014_p14_c0",1,True,1.0
What is the main concern of the restaurant industry regarding the toll fees?,1,newspaper_The Wall Street Journal - 2025-01-08@magazinesclubnew_page_018_p18_c5,newspaper_The Wall Street Journal - 2025-01-08@magazinesclubnew_page_018_p18_c5,1,True,1.0
What is the main concern of the restaurant industry regarding the toll fees?,3,newspaper_The Wall Street Journal - 2025-01-08@magazinesclubnew_page_018_p18_c5,"newspaper_The Wall Street Journal - 2025-01-08@magazinesclubnew_page_018_p18_c5,newspaper_The Wall Street Journal - 2025-01-08@magazinesclubnew_page_018_p18_c4,newspaper_The Wall Street Journal - 2025-01-08@magazinesclubnew_page_018_p18_c7",1,True,1.0
What is the main concern of the restaurant industry regarding the toll fees?,5,newspaper_The Wall Street Journal - 2025-01-08@magazinesclubnew_page_018_p18_c5,"newspaper_The Wall Street Journal - 2025-01-08@magazinesclubnew_page_018_p18_c5,newspaper_The Wall Street Journal - 2025-01-08@magazinesclubnew_page_018_p18_c4,newspaper_The Wall Street Journal - 2025-01-08@magazinesclubnew_page_018_p18_c7,newspaper_The Wall Street Journal - 2025-01-08@magazinesclubnew_page_018_p18_c6,newspaper_The Globe and Mail - 2025-1-8@magazinesclubnew_page_018_p18_c22",1,True,1.0
How many deliveries and pickups do A. Duie Pyle’s drivers average in New York City?,1,newspaper_The Wall Street Journal - 2025-01-08@magazinesclubnew_page_018_p18_c6,newspaper_The Wall Street Journal - 2025-01-08@magazinesclubnew_page_018_p18_c6,1,True,1.0
How many deliveries and pickups do A. Duie Pyle’s drivers average in New York City?,3,newspaper_The Wall Street Journal - 2025-01-08@magazinesclubnew_page_018_p18_c6,"newspaper_The Wall Street Journal - 2025-01-08@magazinesclubnew_page_018_p18_c6,newspaper_The Wall Street Journal - 2025-01-08@magazinesclubnew_page_018_p18_c7,yanbaor2_a6a80b48db3438977793c75185e980ee4aff22f79083427cb03ea4134f7b241f.pdf_67_p67_c5",1,True,1.0
How many deliveries and pickups do A. Duie Pyle’s drivers average in New York City?,5,newspaper_The Wall Street Journal - 2025-01-08@magazinesclubnew_page_018_p18_c6,"newspaper_The Wall Street Journal - 2025-01-08@magazinesclubnew_page_018_p18_c6,newspaper_The Wall Street Journal - 2025-01-08@magazinesclubnew_page_018_p18_c7,yanbaor2_a6a80b48db3438977793c75185e980ee4aff22f79083427cb03ea4134f7b241f.pdf_67_p67_c5,magazine_TheEconomist.2023.12.23_page_012_p12_c4,newspaper_The Globe and Mail - 2025-1-8@magazinesclubnew_page_014_p14_c3",1,True,1.0
What is the congestion toll for heavy-duty trucks during off-peak hours?,1,newspaper_The Wall Street Journal - 2025-01-08@magazinesclubnew_page_018_p18_c7,newspaper_The Wall Street Journal - 2025-01-08@magazinesclubnew_page_018_p18_c7,1,True,1.0
What is the congestion toll for heavy-duty trucks during off-peak hours?,3,newspaper_The Wall Street Journal - 2025-01-08@magazinesclubnew_page_018_p18_c7,"newspaper_The Wall Street Journal - 2025-01-08@magazinesclubnew_page_018_p18_c7,newspaper_The Wall Street Journal - 2025-01-08@magazinesclubnew_page_018_p18_c4,newspaper_The Globe and Mail - 2025-1-8@magazinesclubnew_page_014_p14_c7",1,True,1.0
What is the congestion toll for heavy-duty trucks during off-peak hours?,5,newspaper_The Wall Street Journal - 2025-01-08@magazinesclubnew_page_018_p18_c7,"newspaper_The Wall Street Journal - 2025-01-08@magazinesclubnew_page_018_p18_c7,newspaper_The Wall Street Journal - 2025-01-08@magazinesclubnew_page_018_p18_c4,newspaper_The Globe and Mail - 2025-1-8@magazinesclubnew_page_014_p14_c7,newspaper_The Wall Street Journal - 2025-01-08@magazinesclubnew_page_018_p18_c5,newspaper_The Globe and Mail - 2025-1-8@magazinesclubnew_page_014_p14_c8",1,True,1.0
What is the main reason customers can't accept overnight deliveries according to the text?,1,newspaper_The Wall Street Journal - 2025-01-08@magazinesclubnew_page_018_p18_c8,newspaper_The Wall Street Journal - 2025-01-08@magazinesclubnew_page_018_p18_c8,1,True,1.0
What is the main reason customers can't accept overnight deliveries according to the text?,3,newspaper_The Wall Street Journal - 2025-01-08@magazinesclubnew_page_018_p18_c8,"newspaper_The Wall Street Journal - 2025-01-08@magazinesclubnew_page_018_p18_c8,newspaper_The Wall Street Journal - 2025-01-08@magazinesclubnew_page_018_p18_c7,magazine_TheEconomist.2023.12.23_page_012_p12_c4",1,True,1.0
What is the main reason customers can't accept overnight deliveries according to the text?,5,newspaper_The Wall Street Journal - 2025-01-08@magazinesclubnew_page_018_p18_c8,"newspaper_The Wall Street Journal - 2025-01-08@magazinesclubnew_page_018_p18_c8,newspaper_The Wall Street Journal - 2025-01-08@magazinesclubnew_page_018_p18_c7,magazine_TheEconomist.2023.12.23_page_012_p12_c4,newspaper_The Wall Street Journal - 2025-01-08@magazinesclubnew_page_018_p18_c5,newspaper_The Wall Street Journal - 2025-01-08@magazinesclubnew_page_018_p18_c6",1,True,1.0
What did Jonathan Klarfeld expect for his practice area?,1,newspaper_The Wall Street Journal - 2025-01-08@magazinesclubnew_page_018_p18_c9,newspaper_The Wall Street Journal - 2025-01-08@magazinesclubnew_page_018_p18_c10,0,False,0.0
What did Jonathan Klarfeld expect for his practice area?,3,newspaper_The Wall Street Journal - 2025-01-08@magazinesclubnew_page_018_p18_c9,"newspaper_The Wall Street Journal - 2025-01-08@magazinesclubnew_page_018_p18_c10,newspaper_The Wall Street Journal - 2025-01-08@magazinesclubnew_page_018_p18_c9,newspaper_The Wall Street Journal - 2025-01-08@magazinesclubnew_page_018_p18_c3",2,True,1.0
What did Jonathan Klarfeld expect for his practice area?,5,newspaper_The Wall Street Journal - 2025-01-08@magazinesclubnew_page_018_p18_c9,"newspaper_The Wall Street Journal - 2025-01-08@magazinesclubnew_page_018_p18_c10,newspaper_The Wall Street Journal - 2025-01-08@magazinesclubnew_page_018_p18_c9,newspaper_The Wall Street Journal - 2025-01-08@magazinesclubnew_page_018_p18_c3,newspaper_The Globe and Mail - 2025-1-8@magazinesclubnew_page_014_p14_c1,newspaper_The Globe and Mail - 2025-1-8@magazinesclubnew_page_014_p14_c7",2,True,1.0
What new practice areas are being developed to help clients navigate the charged political environment?,1,newspaper_The Wall Street Journal - 2025-01-08@magazinesclubnew_page_018_p18_c10,newspaper_The Wall Street Journal - 2025-01-08@magazinesclubnew_page_018_p18_c10,1,True,1.0
What new practice areas are being developed to help clients navigate the charged political environment?,3,newspaper_The Wall Street Journal - 2025-01-08@magazinesclubnew_page_018_p18_c10,"newspaper_The Wall Street Journal - 2025-01-08@magazinesclubnew_page_018_p18_c10,newspaper_The Wall Street Journal - 2025-01-08@magazinesclubnew_page_018_p18_c11,newspaper_The Wall Street Journal - 2025-01-08@magazinesclubnew_page_018_p18_c15",1,True,1.0
What new practice areas are being developed to help clients navigate the charged political environment?,5,newspaper_The Wall Street Journal - 2025-01-08@magazinesclubnew_page_018_p18_c10,"newspaper_The Wall Street Journal - 2025-01-08@magazinesclubnew_page_018_p18_c10,newspaper_The Wall Street Journal - 2025-01-08@magazinesclubnew_page_018_p18_c11,newspaper_The Wall Street Journal - 2025-01-08@magazinesclubnew_page_018_p18_c15,newspaper_The Wall Street Journal - 2025-01-08@magazinesclubnew_page_018_p18_c12,newspaper_The Wall Street Journal - 2025-01-08@magazinesclubnew_page_018_p18_c9",1,True,1.0
Who is the firm's chair and managing partner?,1,newspaper_The Wall Street Journal - 2025-01-08@magazinesclubnew_page_018_p18_c11,newspaper_The Wall Street Journal - 2025-01-08@magazinesclubnew_page_018_p18_c11,1,True,1.0
Who is the firm's chair and managing partner?,3,newspaper_The Wall Street Journal - 2025-01-08@magazinesclubnew_page_018_p18_c11,"newspaper_The Wall Street Journal - 2025-01-08@magazinesclubnew_page_018_p18_c11,newspaper_The Wall Street Journal - 2025-01-08@magazinesclubnew_page_018_p18_c9,magazine_TheEconomist.2023.11.18_page_071_p71_c2",1,True,1.0
Who is the firm's chair and managing partner?,5,newspaper_The Wall Street Journal - 2025-01-08@magazinesclubnew_page_018_p18_c11,"newspaper_The Wall Street Journal - 2025-01-08@magazinesclubnew_page_018_p18_c11,newspaper_The Wall Street Journal - 2025-01-08@magazinesclubnew_page_018_p18_c9,magazine_TheEconomist.2023.11.18_page_071_p71_c2,newspaper_The Wall Street Journal - 2025-01-08@magazinesclubnew_page_018_p18_c23,yanbaor2_bfe5f11c4ad2e94d966ef6801dc992816f42c9150e2be42b008c95f59713e901.pdf_139_p139_c0",1,True,1.0
What did Brian Armstrong say about working with Biden-era officials?,1,newspaper_The Wall Street Journal - 2025-01-08@magazinesclubnew_page_018_p18_c12,newspaper_The Wall Street Journal - 2025-01-08@magazinesclubnew_page_018_p18_c8,0,False,0.0
What did Brian Armstrong say about working with Biden-era officials?,3,newspaper_The Wall Street Journal - 2025-01-08@magazinesclubnew_page_018_p18_c12,"newspaper_The Wall Street Journal - 2025-01-08@magazinesclubnew_page_018_p18_c8,newspaper_The Wall Street Journal - 2025-01-08@magazinesclubnew_page_018_p18_c12,newspaper_The Wall Street Journal - 2025-01-08@magazinesclubnew_page_018_p18_c2",2,True,1.0
What did Brian Armstrong say about working with Biden-era officials?,5,newspaper_The Wall Street Journal - 2025-01-08@magazinesclubnew_page_018_p18_c12,"newspaper_The Wall Street Journal - 2025-01-08@magazinesclubnew_page_018_p18_c8,newspaper_The Wall Street Journal - 2025-01-08@magazinesclubnew_page_018_p18_c12,newspaper_The Wall Street Journal - 2025-01-08@magazinesclubnew_page_018_p18_c2,newspaper_The Wall Street Journal - 2025-01-08@magazinesclubnew_page_018_p18_c13,newspaper_The Wall Street Journal - 2025-01-08@magazinesclubnew_page_018_p18_c9",2,True,1.0
Which law firm was singled out by Armstrong for hiring the SEC's enforcement director?,1,newspaper_The Wall Street Journal - 2025-01-08@magazinesclubnew_page_018_p18_c13,newspaper_The Wall Street Journal - 2025-01-08@magazinesclubnew_page_018_p18_c13,1,True,1.0
Which law firm was singled out by Armstrong for hiring the SEC's enforcement director?,3,newspaper_The Wall Street Journal - 2025-01-08@magazinesclubnew_page_018_p18_c13,"newspaper_The Wall Street Journal - 2025-01-08@magazinesclubnew_page_018_p18_c13,newspaper_The Wall Street Journal - 2025-01-08@magazinesclubnew_page_018_p18_c8,newspaper_The Wall Street Journal - 2025-01-08@magazinesclubnew_page_018_p18_c1",1,True,1.0
Which law firm was singled out by Armstrong for hiring the SEC's enforcement director?,5,newspaper_The Wall Street Journal - 2025-01-08@magazinesclubnew_page_018_p18_c13,"newspaper_The Wall Street Journal - 2025-01-08@magazinesclubnew_page_018_p18_c13,newspaper_The Wall Street Journal - 2025-01-08@magazinesclubnew_page_018_p18_c8,newspaper_The Wall Street Journal - 2025-01-08@magazinesclubnew_page_018_p18_c1,newspaper_The Wall Street Journal - 2025-01-08@magazinesclubnew_page_018_p18_c12,newspaper_The Wall Street Journal - 2025-01-08@magazinesclubnew_page_018_p18_c9",1,True,1.0
What did Dan Binstock say about firms' current behavior regarding Trump?,1,newspaper_The Wall Street Journal - 2025-01-08@magazinesclubnew_page_018_p18_c14,newspaper_The Wall Street Journal - 2025-01-08@magazinesclubnew_page_018_p18_c14,1,True,1.0
What did Dan Binstock say about firms' current behavior regarding Trump?,3,newspaper_The Wall Street Journal - 2025-01-08@magazinesclubnew_page_018_p18_c14,"newspaper_The Wall Street Journal - 2025-01-08@magazinesclubnew_page_018_p18_c14,newspaper_The Wall Street Journal - 2025-01-08@magazinesclubnew_page_018_p18_c15,newspaper_The Wall Street Journal - 2025-01-08@magazinesclubnew_page_018_p18_c13",1,True,1.0
What did Dan Binstock say about firms' current behavior regarding Trump?,5,newspaper_The Wall Street Journal - 2025-01-08@magazinesclubnew_page_018_p18_c14,"newspaper_The Wall Street Journal - 2025-01-08@magazinesclubnew_page_018_p18_c14,newspaper_The Wall Street Journal - 2025-01-08@magazinesclubnew_page_018_p18_c15,newspaper_The Wall Street Journal - 2025-01-08@magazinesclubnew_page_018_p18_c13,newspaper_The Wall Street Journal - 2025-01-08@magazinesclubnew_page_018_p18_c8,newspaper_The Wall Street Journal - 2025-01-08@magazinesclubnew_page_018_p18_c12",1,True,1.0
What is the name of the firm that has been pitching itself as particularly well placed for the coming administration?,1,newspaper_The Wall Street Journal - 2025-01-08@magazinesclubnew_page_018_p18_c15,newspaper_The Wall Street Journal - 2025-01-08@magazinesclubnew_page_018_p18_c15,1,True,1.0
What is the name of the firm that has been pitching itself as particularly well placed for the coming administration?,3,newspaper_The Wall Street Journal - 2025-01-08@magazinesclubnew_page_018_p18_c15,"newspaper_The Wall Street Journal - 2025-01-08@magazinesclubnew_page_018_p18_c15,newspaper_The Wall Street Journal - 2025-01-08@magazinesclubnew_page_018_p18_c9,newspaper_The Wall Street Journal - 2025-01-08@magazinesclubnew_page_018_p18_c8",1,True,1.0
What is the name of the firm that has been pitching itself as particularly well placed for the coming administration?,5,newspaper_The Wall Street Journal - 2025-01-08@magazinesclubnew_page_018_p18_c15,"newspaper_The Wall Street Journal - 2025-01-08@magazinesclubnew_page_018_p18_c15,newspaper_The Wall Street Journal - 2025-01-08@magazinesclubnew_page_018_p18_c9,newspaper_The Wall Street Journal - 2025-01-08@magazinesclubnew_page_018_p18_c8,newspaper_The Wall Street Journal - 2025-01-08@magazinesclubnew_page_018_p18_c13,newspaper_The Wall Street Journal - 2025-01-08@magazinesclubnew_page_018_p18_c12",1,True,1.0
Which committee helped usher in tax cuts during the first Trump administration?,1,newspaper_The Wall Street Journal - 2025-01-08@magazinesclubnew_page_018_p18_c16,newspaper_The Wall Street Journal - 2025-01-08@magazinesclubnew_page_018_p18_c16,1,True,1.0
Which committee helped usher in tax cuts during the first Trump administration?,3,newspaper_The Wall Street Journal - 2025-01-08@magazinesclubnew_page_018_p18_c16,"newspaper_The Wall Street Journal - 2025-01-08@magazinesclubnew_page_018_p18_c16,newspaper_The Wall Street Journal - 2025-01-08@magazinesclubnew_page_018_p18_c15,newspaper_The Wall Street Journal - 2025-01-08@magazinesclubnew_page_018_p18_c9",1,True,1.0
Which committee helped usher in tax cuts during the first Trump administration?,5,newspaper_The Wall Street Journal - 2025-01-08@magazinesclubnew_page_018_p18_c16,"newspaper_The Wall Street Journal - 2025-01-08@magazinesclubnew_page_018_p18_c16,newspaper_The Wall Street Journal - 2025-01-08@magazinesclubnew_page_018_p18_c15,newspaper_The Wall Street Journal - 2025-01-08@magazinesclubnew_page_018_p18_c9,newspaper_The Wall Street Journal - 2025-01-08@magazinesclubnew_page_018_p18_c13,newspaper_The Wall Street Journal - 2025-01-08@magazinesclubnew_page_018_p18_c8",1,True,1.0
What is the total investment amount from Amazon.com to Anthropic since 2023?,1,newspaper_The Wall Street Journal - 2025-01-08@magazinesclubnew_page_018_p18_c17,newspaper_The Wall Street Journal - 2025-01-08@magazinesclubnew_page_018_p18_c17,1,True,1.0
What is the total investment amount from Amazon.com to Anthropic since 2023?,3,newspaper_The Wall Street Journal - 2025-01-08@magazinesclubnew_page_018_p18_c17,"newspaper_The Wall Street Journal - 2025-01-08@magazinesclubnew_page_018_p18_c17,newspaper_The Wall Street Journal - 2025-01-08@magazinesclubnew_page_018_p18_c18,newspaper_The Wall Street Journal - 2025-01-08@magazinesclubnew_page_018_p18_c0",1,True,1.0
What is the total investment amount from Amazon.com to Anthropic since 2023?,5,newspaper_The Wall Street Journal - 2025-01-08@magazinesclubnew_page_018_p18_c17,"newspaper_The Wall Street Journal - 2025-01-08@magazinesclubnew_page_018_p18_c17,newspaper_The Wall Street Journal - 2025-01-08@magazinesclubnew_page_018_p18_c18,newspaper_The Wall Street Journal - 2025-01-08@magazinesclubnew_page_018_p18_c0,magazine_TheEconomist.2023.12.23_page_012_p12_c0,magazine_TheEconomist.2023.12.23_page_012_p12_c4",1,True,1.0
What was the total investment by Amazon.com in the startup since 2023?,1,newspaper_The Wall Street Journal - 2025-01-08@magazinesclubnew_page_018_p18_c18,newspaper_The Wall Street Journal - 2025-01-08@magazinesclubnew_page_018_p18_c17,0,False,0.0
What was the total investment by Amazon.com in the startup since 2023?,3,newspaper_The Wall Street Journal - 2025-01-08@magazinesclubnew_page_018_p18_c18,"newspaper_The Wall Street Journal - 2025-01-08@magazinesclubnew_page_018_p18_c17,newspaper_The Wall Street Journal - 2025-01-08@magazinesclubnew_page_018_p18_c18,newspaper_The Wall Street Journal - 2025-01-08@magazinesclubnew_page_018_p18_c0",2,True,1.0
What was the total investment by Amazon.com in the startup since 2023?,5,newspaper_The Wall Street Journal - 2025-01-08@magazinesclubnew_page_018_p18_c18,"newspaper_The Wall Street Journal - 2025-01-08@magazinesclubnew_page_018_p18_c17,newspaper_The Wall Street Journal - 2025-01-08@magazinesclubnew_page_018_p18_c18,newspaper_The Wall Street Journal - 2025-01-08@magazinesclubnew_page_018_p18_c0,magazine_TheEconomist.2023.12.23_page_012_p12_c4,magazine_TheEconomist.2024.03.02_page_032_p32_c0",2,True,1.0
What percentage of equity interest will GFL Environmental retain in the sold business?,1,newspaper_The Wall Street Journal - 2025-01-08@magazinesclubnew_page_018_p18_c19,newspaper_The Wall Street Journal - 2025-01-08@magazinesclubnew_page_018_p18_c19,1,True,1.0
What percentage of equity interest will GFL Environmental retain in the sold business?,3,newspaper_The Wall Street Journal - 2025-01-08@magazinesclubnew_page_018_p18_c19,"newspaper_The Wall Street Journal - 2025-01-08@magazinesclubnew_page_018_p18_c19,newspaper_The Wall Street Journal - 2025-01-08@magazinesclubnew_page_018_p18_c20,newspaper_The Wall Street Journal - 2025-01-08@magazinesclubnew_page_018_p18_c21",1,True,1.0
What percentage of equity interest will GFL Environmental retain in the sold business?,5,newspaper_The Wall Street Journal - 2025-01-08@magazinesclubnew_page_018_p18_c19,"newspaper_The Wall Street Journal - 2025-01-08@magazinesclubnew_page_018_p18_c19,newspaper_The Wall Street Journal - 2025-01-08@magazinesclubnew_page_018_p18_c20,newspaper_The Wall Street Journal - 2025-01-08@magazinesclubnew_page_018_p18_c21,yanbaopptmerge_51e549c0d1a2669ac976409fcf99ce91908b1e0a07f0fc70d92263abf6d07f18.pdf_1_p1_c0,eastmoney_d2bb183f5254ede5760932ac3118524aa7eddad551935713b435541f1525c1ee.pdf_7_p7_c0",1,True,1.0
What percentage equity interest will Apollo's funds hold in the business?,1,newspaper_The Wall Street Journal - 2025-01-08@magazinesclubnew_page_018_p18_c20,newspaper_The Wall Street Journal - 2025-01-08@magazinesclubnew_page_018_p18_c20,1,True,1.0
What percentage equity interest will Apollo's funds hold in the business?,3,newspaper_The Wall Street Journal - 2025-01-08@magazinesclubnew_page_018_p18_c20,"newspaper_The Wall Street Journal - 2025-01-08@magazinesclubnew_page_018_p18_c20,newspaper_The Wall Street Journal - 2025-01-08@magazinesclubnew_page_018_p18_c19,newspaper_The Wall Street Journal - 2025-01-08@magazinesclubnew_page_018_p18_c0",1,True,1.0
What percentage equity interest will Apollo's funds hold in the business?,5,newspaper_The Wall Street Journal - 2025-01-08@magazinesclubnew_page_018_p18_c20,"newspaper_The Wall Street Journal - 2025-01-08@magazinesclubnew_page_018_p18_c20,newspaper_The Wall Street Journal - 2025-01-08@magazinesclubnew_page_018_p18_c19,newspaper_The Wall Street Journal - 2025-01-08@magazinesclubnew_page_018_p18_c0,eastmoney_dcf347592d4160dffacffdf00a9c39aa75cf9859205a7543c283d1df8bb14f90.pdf_1_p1_c1,yanbaopptmerge_2f4902871606698497c53ccb18d3fec2f83d05047d883cd65bbce26bfb27bcd2.pdf_1_p1_c0",1,True,1.0
What is the maximum amount allocated for share repurchases?,1,newspaper_The Wall Street Journal - 2025-01-08@magazinesclubnew_page_018_p18_c21,newspaper_The Wall Street Journal - 2025-01-08@magazinesclubnew_page_018_p18_c21,1,True,1.0
What is the maximum amount allocated for share repurchases?,3,newspaper_The Wall Street Journal - 2025-01-08@magazinesclubnew_page_018_p18_c21,"newspaper_The Wall Street Journal - 2025-01-08@magazinesclubnew_page_018_p18_c21,newspaper_The Wall Street Journal - 2025-01-08@magazinesclubnew_page_018_p18_c20,eastmoney_dd8f39ced2188b907304224a635ad605689270486020c34636003e57018c01d8.pdf_2_p2_c1",1,True,1.0
What is the maximum amount allocated for share repurchases?,5,newspaper_The Wall Street Journal - 2025-01-08@magazinesclubnew_page_018_p18_c21,"newspaper_The Wall Street Journal - 2025-01-08@magazinesclubnew_page_018_p18_c21,newspaper_The Wall Street Journal - 2025-01-08@magazinesclubnew_page_018_p18_c20,eastmoney_dd8f39ced2188b907304224a635ad605689270486020c34636003e57018c01d8.pdf_2_p2_c1,yanbaopptmerge_0c79d327060dbf9f1582d03c235dadb039533a19091d2c0d24f2ad95d267f79b.pdf_2_p2_c1,eastmoney_e42b6e1cd2d48113ff4db8854e539d828d632bf9b1757e10cb8ddb2cfc7b1393.pdf_12_p12_c0",1,True,1.0
What did UniFirst say about its business potential in October?,1,newspaper_The Wall Street Journal - 2025-01-08@magazinesclubnew_page_018_p18_c22,newspaper_The Wall Street Journal - 2025-01-08@magazinesclubnew_page_018_p18_c22,1,True,1.0
What did UniFirst say about its business potential in October?,3,newspaper_The Wall Street Journal - 2025-01-08@magazinesclubnew_page_018_p18_c22,"newspaper_The Wall Street Journal - 2025-01-08@magazinesclubnew_page_018_p18_c22,newspaper_The Wall Street Journal - 2025-01-08@magazinesclubnew_page_018_p18_c23,newspaper_The Wall Street Journal - 2025-01-08@magazinesclubnew_page_018_p18_c21",1,True,1.0
What did UniFirst say about its business potential in October?,5,newspaper_The Wall Street Journal - 2025-01-08@magazinesclubnew_page_018_p18_c22,"newspaper_The Wall Street Journal - 2025-01-08@magazinesclubnew_page_018_p18_c22,newspaper_The Wall Street Journal - 2025-01-08@magazinesclubnew_page_018_p18_c23,newspaper_The Wall Street Journal - 2025-01-08@magazinesclubnew_page_018_p18_c21,newspaper_The Wall Street Journal - 2025-01-08@magazinesclubnew_page_018_p18_c18,newspaper_The Globe and Mail - 2025-1-8@magazinesclubnew_page_027_p27_c4",1,True,1.0
What percentage of UniFirst common shares are held by investors who also own Cintas’s stock?,1,newspaper_The Wall Street Journal - 2025-01-08@magazinesclubnew_page_018_p18_c23,newspaper_The Wall Street Journal - 2025-01-08@magazinesclubnew_page_018_p18_c23,1,True,1.0
What percentage of UniFirst common shares are held by investors who also own Cintas’s stock?,3,newspaper_The Wall Street Journal - 2025-01-08@magazinesclubnew_page_018_p18_c23,"newspaper_The Wall Street Journal - 2025-01-08@magazinesclubnew_page_018_p18_c23,newspaper_The Wall Street Journal - 2025-01-08@magazinesclubnew_page_018_p18_c22,newspaper_The Wall Street Journal - 2025-01-08@magazinesclubnew_page_018_p18_c21",1,True,1.0
What percentage of UniFirst common shares are held by investors who also own Cintas’s stock?,5,newspaper_The Wall Street Journal - 2025-01-08@magazinesclubnew_page_018_p18_c23,"newspaper_The Wall Street Journal - 2025-01-08@magazinesclubnew_page_018_p18_c23,newspaper_The Wall Street Journal - 2025-01-08@magazinesclubnew_page_018_p18_c22,newspaper_The Wall Street Journal - 2025-01-08@magazinesclubnew_page_018_p18_c21,newspaper_The Wall Street Journal - 2025-01-08@magazinesclubnew_page_018_p18_c0,yanbaopptmerge_baa6d02928efcac46ccf7dfd3859de565cfb0bea918ae0ec0eed50944a7c20b4.pdf_11_p11_c2",1,True,1.0
歌曲演唱时应使用什么声音表现情绪？,1,yanbaopptmerge_yanbaoPPT_4615_p4615_c0,yanbaopptmerge_yanbaoPPT_4615_p4615_c0,1,True,1.0
歌曲演唱时应使用什么声音表现情绪？,3,yanbaopptmerge_yanbaoPPT_4615_p4615_c0,"yanbaopptmerge_yanbaoPPT_4615_p4615_c0,jiaocaineedrop_jiaocai_needrop_en_1118_p1118_c1,yanbaopptmerge_yanbaoPPT_4900_p4900_c0",1,True,1.0
歌曲演唱时应使用什么声音表现情绪？,5,yanbaopptmerge_yanbaoPPT_4615_p4615_c0,"yanbaopptmerge_yanbaoPPT_4615_p4615_c0,jiaocaineedrop_jiaocai_needrop_en_1118_p1118_c1,yanbaopptmerge_yanbaoPPT_4900_p4900_c0,color_textbook_教材全解1+1二年级上册英语上海牛津版_page_067_p67_c3,color_textbook_教材全解1+1二年级上册英语上海牛津版_page_067_p67_c0",1,True,1.0
卖地的钱大部分用于什么方面？,1,newspaper_2c69e142b52dbb30cac2cb11d3eb25e5_1_p1_c0,newspaper_2c69e142b52dbb30cac2cb11d3eb25e5_1_p1_c0,1,True,1.0
卖地的钱大部分用于什么方面？,3,newspaper_2c69e142b52dbb30cac2cb11d3eb25e5_1_p1_c0,"newspaper_2c69e142b52dbb30cac2cb11d3eb25e5_1_p1_c0,newspaper_2c69e142b52dbb30cac2cb11d3eb25e5_1_p1_c1,newspaper_2c69e142b52dbb30cac2cb11d3eb25e5_1_p1_c2",1,True,1.0
卖地的钱大部分用于什么方面？,5,newspaper_2c69e142b52dbb30cac2cb11d3eb25e5_1_p1_c0,"newspaper_2c69e142b52dbb30cac2cb11d3eb25e5_1_p1_c0,newspaper_2c69e142b52dbb30cac2cb11d3eb25e5_1_p1_c1,newspaper_2c69e142b52dbb30cac2cb11d3eb25e5_1_p1_c2,newspaper_35bdaa11dec104ccbdc9e19ac8527d21_1_p1_c11,newspaper_2c69e142b52dbb30cac2cb11d3eb25e5_1_p1_c12",1,True,1.0
农民的补偿标准是否偏低？,1,newspaper_2c69e142b52dbb30cac2cb11d3eb25e5_1_p1_c1,newspaper_2c69e142b52dbb30cac2cb11d3eb25e5_1_p1_c1,1,True,1.0
农民的补偿标准是否偏低？,3,newspaper_2c69e142b52dbb30cac2cb11d3eb25e5_1_p1_c1,"newspaper_2c69e142b52dbb30cac2cb11d3eb25e5_1_p1_c1,newspaper_2c69e142b52dbb30cac2cb11d3eb25e5_1_p1_c0,newspaper_2c69e142b52dbb30cac2cb11d3eb25e5_1_p1_c2",1,True,1.0
农民的补偿标准是否偏低？,5,newspaper_2c69e142b52dbb30cac2cb11d3eb25e5_1_p1_c1,"newspaper_2c69e142b52dbb30cac2cb11d3eb25e5_1_p1_c1,newspaper_2c69e142b52dbb30cac2cb11d3eb25e5_1_p1_c0,newspaper_2c69e142b52dbb30cac2cb11d3eb25e5_1_p1_c2,newspaper_e62730aaeb9b509119e0c3699ac18201_1_p1_c2,newspaper_e62730aaeb9b509119e0c3699ac18201_1_p1_c3",1,True,1.0
农民的土地整理出来后节省的土地归谁所有？,1,newspaper_2c69e142b52dbb30cac2cb11d3eb25e5_1_p1_c2,newspaper_2c69e142b52dbb30cac2cb11d3eb25e5_1_p1_c2,1,True,1.0
农民的土地整理出来后节省的土地归谁所有？,3,newspaper_2c69e142b52dbb30cac2cb11d3eb25e5_1_p1_c2,"newspaper_2c69e142b52dbb30cac2cb11d3eb25e5_1_p1_c2,newspaper_2c69e142b52dbb30cac2cb11d3eb25e5_1_p1_c3,newspaper_2c69e142b52dbb30cac2cb11d3eb25e5_1_p1_c0",1,True,1.0
农民的土地整理出来后节省的土地归谁所有？,5,newspaper_2c69e142b52dbb30cac2cb11d3eb25e5_1_p1_c2,"newspaper_2c69e142b52dbb30cac2cb11d3eb25e5_1_p1_c2,newspaper_2c69e142b52dbb30cac2cb11d3eb25e5_1_p1_c3,newspaper_2c69e142b52dbb30cac2cb11d3eb25e5_1_p1_c0,newspaper_2c69e142b52dbb30cac2cb11d3eb25e5_1_p1_c6,newspaper_2c69e142b52dbb30cac2cb11d3eb25e5_1_p1_c1",1,True,1.0
为什么说农村土地是沉睡的资本？,1,newspaper_2c69e142b52dbb30cac2cb11d3eb25e5_1_p1_c3,newspaper_2c69e142b52dbb30cac2cb11d3eb25e5_1_p1_c3,1,True,1.0
为什么说农村土地是沉睡的资本？,3,newspaper_2c69e142b52dbb30cac2cb11d3eb25e5_1_p1_c3,"newspaper_2c69e142b52dbb30cac2cb11d3eb25e5_1_p1_c3,newspaper_2c69e142b52dbb30cac2cb11d3eb25e5_1_p1_c2,newspaper_2c69e142b52dbb30cac2cb11d3eb25e5_1_p1_c0",1,True,1.0
为什么说农村土地是沉睡的资本？,5,newspaper_2c69e142b52dbb30cac2cb11d3eb25e5_1_p1_c3,"newspaper_2c69e142b52dbb30cac2cb11d3eb25e5_1_p1_c3,newspaper_2c69e142b52dbb30cac2cb11d3eb25e5_1_p1_c2,newspaper_2c69e142b52dbb30cac2cb11d3eb25e5_1_p1_c0,newspaper_2c69e142b52dbb30cac2cb11d3eb25e5_1_p1_c6,newspaper_2c69e142b52dbb30cac2cb11d3eb25e5_1_p1_c1",1,True,1.0
为什么需要健全土地税收方面的配套政策？,1,newspaper_2c69e142b52dbb30cac2cb11d3eb25e5_1_p1_c4,newspaper_2c69e142b52dbb30cac2cb11d3eb25e5_1_p1_c4,1,True,1.0
为什么需要健全土地税收方面的配套政策？,3,newspaper_2c69e142b52dbb30cac2cb11d3eb25e5_1_p1_c4,"newspaper_2c69e142b52dbb30cac2cb11d3eb25e5_1_p1_c4,newspaper_2c69e142b52dbb30cac2cb11d3eb25e5_1_p1_c3,newspaper_2c69e142b52dbb30cac2cb11d3eb25e5_1_p1_c6",1,True,1.0
为什么需要健全土地税收方面的配套政策？,5,newspaper_2c69e142b52dbb30cac2cb11d3eb25e5_1_p1_c4,"newspaper_2c69e142b52dbb30cac2cb11d3eb25e5_1_p1_c4,newspaper_2c69e142b52dbb30cac2cb11d3eb25e5_1_p1_c3,newspaper_2c69e142b52dbb30cac2cb11d3eb25e5_1_p1_c6,newspaper_2c69e142b52dbb30cac2cb11d3eb25e5_1_p1_c0,yanbaor2_7f386f737cb55cffa10c8321a94bd38d7169cd69b3b253b9e2e502c12a68feea.pdf_15_p15_c0",1,True,1.0
如何有效监控农业面源污染的全过程？,1,newspaper_2c69e142b52dbb30cac2cb11d3eb25e5_1_p1_c5,newspaper_2c69e142b52dbb30cac2cb11d3eb25e5_1_p1_c4,0,False,0.0
如何有效监控农业面源污染的全过程？,3,newspaper_2c69e142b52dbb30cac2cb11d3eb25e5_1_p1_c5,"newspaper_2c69e142b52dbb30cac2cb11d3eb25e5_1_p1_c4,newspaper_2c69e142b52dbb30cac2cb11d3eb25e5_1_p1_c5,newspaper_35bdaa11dec104ccbdc9e19ac8527d21_1_p1_c8",2,True,1.0
如何有效监控农业面源污染的全过程？,5,newspaper_2c69e142b52dbb30cac2cb11d3eb25e5_1_p1_c5,"newspaper_2c69e142b52dbb30cac2cb11d3eb25e5_1_p1_c4,newspaper_2c69e142b52dbb30cac2cb11d3eb25e5_1_p1_c5,newspaper_35bdaa11dec104ccbdc9e19ac8527d21_1_p1_c8,newspaper_2c69e142b52dbb30cac2cb11d3eb25e5_1_p1_c10,newspaper_35bdaa11dec104ccbdc9e19ac8527d21_1_p1_c9",2,True,1.0
哪些人承包了很多耕地却并非为了搞好粮食生产？,1,newspaper_2c69e142b52dbb30cac2cb11d3eb25e5_1_p1_c6,newspaper_2c69e142b52dbb30cac2cb11d3eb25e5_1_p1_c6,1,True,1.0
哪些人承包了很多耕地却并非为了搞好粮食生产？,3,newspaper_2c69e142b52dbb30cac2cb11d3eb25e5_1_p1_c6,"newspaper_2c69e142b52dbb30cac2cb11d3eb25e5_1_p1_c6,newspaper_eb569707cf5621d4c71d5898216cdb17_1_p1_c2,newspaper_eb569707cf5621d4c71d5898216cdb17_1_p1_c3",1,True,1.0
哪些人承包了很多耕地却并非为了搞好粮食生产？,5,newspaper_2c69e142b52dbb30cac2cb11d3eb25e5_1_p1_c6,"newspaper_2c69e142b52dbb30cac2cb11d3eb25e5_1_p1_c6,newspaper_eb569707cf5621d4c71d5898216cdb17_1_p1_c2,newspaper_eb569707cf5621d4c71d5898216cdb17_1_p1_c3,notes_1ba14cb325bc448f7201b20502ecf2b5_74_p74_c0,newspaper_2c69e142b52dbb30cac2cb11d3eb25e5_1_p1_c1",1,True,1.0
目前全市建有多少个省级粮食生产基地？,1,newspaper_2c69e142b52dbb30cac2cb11d3eb25e5_1_p1_c7,newspaper_2c69e142b52dbb30cac2cb11d3eb25e5_1_p1_c7,1,True,1.0
目前全市建有多少个省级粮食生产基地？,3,newspaper_2c69e142b52dbb30cac2cb11d3eb25e5_1_p1_c7,"newspaper_2c69e142b52dbb30cac2cb11d3eb25e5_1_p1_c7,newspaper_2c69e142b52dbb30cac2cb11d3eb25e5_1_p1_c6,newspaper_2c69e142b52dbb30cac2cb11d3eb25e5_1_p1_c8",1,True,1.0
目前全市建有多少个省级粮食生产基地？,5,newspaper_2c69e142b52dbb30cac2cb11d3eb25e5_1_p1_c7,"newspaper_2c69e142b52dbb30cac2cb11d3eb25e5_1_p1_c7,newspaper_2c69e142b52dbb30cac2cb11d3eb25e5_1_p1_c6,newspaper_2c69e142b52dbb30cac2cb11d3eb25e5_1_p1_c8,newspaper_35bdaa11dec104ccbdc9e19ac8527d21_1_p1_c5,newspaper_eb569707cf5621d4c71d5898216cdb17_1_p1_c3",1,True,1.0
全市有多少家粮食加工企业？,1,newspaper_2c69e142b52dbb30cac2cb11d3eb25e5_1_p1_c8,newspaper_2c69e142b52dbb30cac2cb11d3eb25e5_1_p1_c8,1,True,1.0
全市有多少家粮食加工企业？,3,newspaper_2c69e142b52dbb30cac2cb11d3eb25e5_1_p1_c8,"newspaper_2c69e142b52dbb30cac2cb11d3eb25e5_1_p1_c8,newspaper_35bdaa11dec104ccbdc9e19ac8527d21_1_p1_c5,newspaper_2c69e142b52dbb30cac2cb11d3eb25e5_1_p1_c7",1,True,1.0
全市有多少家粮食加工企业？,5,newspaper_2c69e142b52dbb30cac2cb11d3eb25e5_1_p1_c8,"newspaper_2c69e142b52dbb30cac2cb11d3eb25e5_1_p1_c8,newspaper_35bdaa11dec104ccbdc9e19ac8527d21_1_p1_c5,newspaper_2c69e142b52dbb30cac2cb11d3eb25e5_1_p1_c7,newspaper_2c69e142b52dbb30cac2cb11d3eb25e5_1_p1_c6,newspaper_eb569707cf5621d4c71d5898216cdb17_1_p1_c3",1,True,1.0
兴化市2010年8月15日的排名情况如何？,1,newspaper_2c69e142b52dbb30cac2cb11d3eb25e5_1_p1_c9,newspaper_2c69e142b52dbb30cac2cb11d3eb25e5_1_p1_c9,1,True,1.0
兴化市2010年8月15日的排名情况如何？,3,newspaper_2c69e142b52dbb30cac2cb11d3eb25e5_1_p1_c9,"newspaper_2c69e142b52dbb30cac2cb11d3eb25e5_1_p1_c9,newspaper_2c69e142b52dbb30cac2cb11d3eb25e5_1_p1_c6,newspaper_2c69e142b52dbb30cac2cb11d3eb25e5_1_p1_c8",1,True,1.0
兴化市2010年8月15日的排名情况如何？,5,newspaper_2c69e142b52dbb30cac2cb11d3eb25e5_1_p1_c9,"newspaper_2c69e142b52dbb30cac2cb11d3eb25e5_1_p1_c9,newspaper_2c69e142b52dbb30cac2cb11d3eb25e5_1_p1_c6,newspaper_2c69e142b52dbb30cac2cb11d3eb25e5_1_p1_c8,newspaper_0b1bb8d03b4287eb95f67b68c2cf9f92_1_p1_c0,docstructbench_dianzishu_zhongwenzaixian-o.O-61323717.pdf_203_p203_c1",1,True,1.0
四川农村沼气资源开发利用率是多少？,1,newspaper_2c69e142b52dbb30cac2cb11d3eb25e5_1_p1_c10,newspaper_2c69e142b52dbb30cac2cb11d3eb25e5_1_p1_c10,1,True,1.0
四川农村沼气资源开发利用率是多少？,3,newspaper_2c69e142b52dbb30cac2cb11d3eb25e5_1_p1_c10,"newspaper_2c69e142b52dbb30cac2cb11d3eb25e5_1_p1_c10,newspaper_2c69e142b52dbb30cac2cb11d3eb25e5_1_p1_c9,newspaper_eb569707cf5621d4c71d5898216cdb17_1_p1_c9",1,True,1.0
四川农村沼气资源开发利用率是多少？,5,newspaper_2c69e142b52dbb30cac2cb11d3eb25e5_1_p1_c10,"newspaper_2c69e142b52dbb30cac2cb11d3eb25e5_1_p1_c10,newspaper_2c69e142b52dbb30cac2cb11d3eb25e5_1_p1_c9,newspaper_eb569707cf5621d4c71d5898216cdb17_1_p1_c9,newspaper_eb569707cf5621d4c71d5898216cdb17_1_p1_c8,newspaper_eb569707cf5621d4c71d5898216cdb17_1_p1_c7",1,True,1.0
如何通过立法控制农村污染源排放？,1,newspaper_2c69e142b52dbb30cac2cb11d3eb25e5_1_p1_c11,newspaper_2c69e142b52dbb30cac2cb11d3eb25e5_1_p1_c10,0,False,0.0
如何通过立法控制农村污染源排放？,3,newspaper_2c69e142b52dbb30cac2cb11d3eb25e5_1_p1_c11,"newspaper_2c69e142b52dbb30cac2cb11d3eb25e5_1_p1_c10,newspaper_2c69e142b52dbb30cac2cb11d3eb25e5_1_p1_c11,newspaper_2c69e142b52dbb30cac2cb11d3eb25e5_1_p1_c4",2,True,1.0
如何通过立法控制农村污染源排放？,5,newspaper_2c69e142b52dbb30cac2cb11d3eb25e5_1_p1_c11,"newspaper_2c69e142b52dbb30cac2cb11d3eb25e5_1_p1_c10,newspaper_2c69e142b52dbb30cac2cb11d3eb25e5_1_p1_c11,newspaper_2c69e142b52dbb30cac2cb11d3eb25e5_1_p1_c4,newspaper_2c69e142b52dbb30cac2cb11d3eb25e5_1_p1_c5,newspaper_eb569707cf5621d4c71d5898216cdb17_1_p1_c8",2,True,1.0
土地流转中存在哪些具体问题？,1,newspaper_2c69e142b52dbb30cac2cb11d3eb25e5_1_p1_c12,newspaper_2c69e142b52dbb30cac2cb11d3eb25e5_1_p1_c12,1,True,1.0
土地流转中存在哪些具体问题？,3,newspaper_2c69e142b52dbb30cac2cb11d3eb25e5_1_p1_c12,"newspaper_2c69e142b52dbb30cac2cb11d3eb25e5_1_p1_c12,newspaper_2c69e142b52dbb30cac2cb11d3eb25e5_1_p1_c11,newspaper_2c69e142b52dbb30cac2cb11d3eb25e5_1_p1_c5",1,True,1.0
土地流转中存在哪些具体问题？,5,newspaper_2c69e142b52dbb30cac2cb11d3eb25e5_1_p1_c12,"newspaper_2c69e142b52dbb30cac2cb11d3eb25e5_1_p1_c12,newspaper_2c69e142b52dbb30cac2cb11d3eb25e5_1_p1_c11,newspaper_2c69e142b52dbb30cac2cb11d3eb25e5_1_p1_c5,newspaper_2c69e142b52dbb30cac2cb11d3eb25e5_1_p1_c2,newspaper_2c69e142b52dbb30cac2cb11d3eb25e5_1_p1_c6",1,True,1.0
What was the previous journey time to reach Dibrugarh before the bridge was built?,1,magazine_TheEconomist.2023.11.18_page_030_p30_c0,magazine_TheEconomist.2023.11.18_page_030_p30_c0,1,True,1.0
What was the previous journey time to reach Dibrugarh before the bridge was built?,3,magazine_TheEconomist.2023.11.18_page_030_p30_c0,"magazine_TheEconomist.2023.11.18_page_030_p30_c0,magazine_TheEconomist.2023.11.18_page_030_p30_c1,magazine_TheEconomist.2023.11.18_page_030_p30_c5",1,True,1.0
What was the previous journey time to reach Dibrugarh before the bridge was built?,5,magazine_TheEconomist.2023.11.18_page_030_p30_c0,"magazine_TheEconomist.2023.11.18_page_030_p30_c0,magazine_TheEconomist.2023.11.18_page_030_p30_c1,magazine_TheEconomist.2023.11.18_page_030_p30_c5,book_zh_TB100782001_extracted_page_21_p21_c1,exam_paper_2016年安徽省中考英语试题（解析）_page_015_p15_c1",1,True,1.0
What did Mr Das used to be employed in?,1,magazine_TheEconomist.2023.11.18_page_030_p30_c1,magazine_TheEconomist.2023.11.18_page_030_p30_c0,0,False,0.0
What did Mr Das used to be employed in?,3,magazine_TheEconomist.2023.11.18_page_030_p30_c1,"magazine_TheEconomist.2023.11.18_page_030_p30_c0,magazine_TheEconomist.2023.11.18_page_030_p30_c1,newspaper_The Globe and Mail - 2025-1-8@magazinesclubnew_page_018_p18_c14",2,True,1.0
What did Mr Das used to be employed in?,5,magazine_TheEconomist.2023.11.18_page_030_p30_c1,"magazine_TheEconomist.2023.11.18_page_030_p30_c0,magazine_TheEconomist.2023.11.18_page_030_p30_c1,newspaper_The Globe and Mail - 2025-1-8@magazinesclubnew_page_018_p18_c14,newspaper_The Globe and Mail - 2025-1-8@magazinesclubnew_page_018_p18_c13,newspaper_The Globe and Mail - 2025-1-8@magazinesclubnew_page_018_p18_c9",2,True,1.0
How many languages are spoken in the region?,1,magazine_TheEconomist.2023.11.18_page_030_p30_c2,magazine_TheEconomist.2023.11.18_page_030_p30_c2,1,True,1.0
How many languages are spoken in the region?,3,magazine_TheEconomist.2023.11.18_page_030_p30_c2,"magazine_TheEconomist.2023.11.18_page_030_p30_c2,magazine_TheEconomist.2023.11.18_page_030_p30_c3,magazine_TheEconomist.2023.11.18_page_030_p30_c5",1,True,1.0
How many languages are spoken in the region?,5,magazine_TheEconomist.2023.11.18_page_030_p30_c2,"magazine_TheEconomist.2023.11.18_page_030_p30_c2,magazine_TheEconomist.2023.11.18_page_030_p30_c3,magazine_TheEconomist.2023.11.18_page_030_p30_c5,exam_paper_2004-2019上海高考英语听力原文和答案_page_017_p17_c2,newspaper_The Globe and Mail - 2025-1-8@magazinesclubnew_page_027_p27_c4",1,True,1.0
Which group is mentioned as not getting along with others in the region?,1,magazine_TheEconomist.2023.11.18_page_030_p30_c3,magazine_TheEconomist.2023.11.18_page_030_p30_c3,1,True,1.0
Which group is mentioned as not getting along with others in the region?,3,magazine_TheEconomist.2023.11.18_page_030_p30_c3,"magazine_TheEconomist.2023.11.18_page_030_p30_c3,docstructbench_llm-raw-scihub-o.O-hup.908.pdf_5_p5_c4,magazine_TheEconomist.2023.11.18_page_030_p30_c4",1,True,1.0
Which group is mentioned as not getting along with others in the region?,5,magazine_TheEconomist.2023.11.18_page_030_p30_c3,"magazine_TheEconomist.2023.11.18_page_030_p30_c3,docstructbench_llm-raw-scihub-o.O-hup.908.pdf_5_p5_c4,magazine_TheEconomist.2023.11.18_page_030_p30_c4,magazine_TheEconomist.2023.11.18_page_030_p30_c2,magazine_TheEconomist.2024.03.02_page_032_p32_c3",1,True,1.0
What year did Indira Gandhi order air strikes on Aizawl?,1,magazine_TheEconomist.2023.11.18_page_030_p30_c4,magazine_TheEconomist.2023.11.18_page_030_p30_c4,1,True,1.0
What year did Indira Gandhi order air strikes on Aizawl?,3,magazine_TheEconomist.2023.11.18_page_030_p30_c4,"magazine_TheEconomist.2023.11.18_page_030_p30_c4,magazine_TheEconomist.2023.11.18_page_030_p30_c3,magazine_TheEconomist.2024.03.02_page_032_p32_c6",1,True,1.0
What year did Indira Gandhi order air strikes on Aizawl?,5,magazine_TheEconomist.2023.11.18_page_030_p30_c4,"magazine_TheEconomist.2023.11.18_page_030_p30_c4,magazine_TheEconomist.2023.11.18_page_030_p30_c3,magazine_TheEconomist.2024.03.02_page_032_p32_c6,magazine_TheEconomist.2023.11.18_page_030_p30_c5,magazine_TheEconomist.2024.03.02_page_075_p75_c0",1,True,1.0
How much money is allocated for development in the north-east in the current union budget?,1,magazine_TheEconomist.2023.11.18_page_030_p30_c5,magazine_TheEconomist.2023.11.18_page_030_p30_c5,1,True,1.0
How much money is allocated for development in the north-east in the current union budget?,3,magazine_TheEconomist.2023.11.18_page_030_p30_c5,"magazine_TheEconomist.2023.11.18_page_030_p30_c5,magazine_TheEconomist.2023.11.18_page_030_p30_c6,magazine_TheEconomist.2023.11.18_page_030_p30_c4",1,True,1.0
How much money is allocated for development in the north-east in the current union budget?,5,magazine_TheEconomist.2023.11.18_page_030_p30_c5,"magazine_TheEconomist.2023.11.18_page_030_p30_c5,magazine_TheEconomist.2023.11.18_page_030_p30_c6,magazine_TheEconomist.2023.11.18_page_030_p30_c4,magazine_TheEconomist.2024.03.02_page_032_p32_c5,magazine_TheEconomist.2023.11.18_page_030_p30_c1",1,True,1.0
How much was allocated for development in the north-east?,1,magazine_TheEconomist.2023.11.18_page_030_p30_c6,magazine_TheEconomist.2023.11.18_page_030_p30_c6,1,True,1.0
How much was allocated for development in the north-east?,3,magazine_TheEconomist.2023.11.18_page_030_p30_c6,"magazine_TheEconomist.2023.11.18_page_030_p30_c6,magazine_TheEconomist.2023.11.18_page_030_p30_c5,magazine_TheEconomist.2023.11.18_page_030_p30_c4",1,True,1.0
How much was allocated for development in the north-east?,5,magazine_TheEconomist.2023.11.18_page_030_p30_c6,"magazine_TheEconomist.2023.11.18_page_030_p30_c6,magazine_TheEconomist.2023.11.18_page_030_p30_c5,magazine_TheEconomist.2023.11.18_page_030_p30_c4,yanbaor2_ea86fd46182ff9b675775645ecaf43782b996ffaeeb09c679f56a47aabfbf6b7.pdf_9_p9_c0,magazine_TheEconomist.2023.11.18_page_030_p30_c2",1,True,1.0
What is an example of a slow increase in compressive forces mentioned in the text?,1,docstructbench_enbook-zlib-o.O-17761417.pdf_894_p894_c0,docstructbench_enbook-zlib-o.O-17761417.pdf_894_p894_c0,1,True,1.0
What is an example of a slow increase in compressive forces mentioned in the text?,3,docstructbench_enbook-zlib-o.O-17761417.pdf_894_p894_c0,"docstructbench_enbook-zlib-o.O-17761417.pdf_894_p894_c0,docstructbench_enbook-zlib-o.O-17761417.pdf_894_p894_c1,docstructbench_llm-raw-scihub-o.O-bf00151572.pdf_3_p3_c3",1,True,1.0
What is an example of a slow increase in compressive forces mentioned in the text?,5,docstructbench_enbook-zlib-o.O-17761417.pdf_894_p894_c0,"docstructbench_enbook-zlib-o.O-17761417.pdf_894_p894_c0,docstructbench_enbook-zlib-o.O-17761417.pdf_894_p894_c1,docstructbench_llm-raw-scihub-o.O-bf00151572.pdf_3_p3_c3,docstructbench_enbook-zlib-o.O-17761417.pdf_894_p894_c2,docstructbench_llm-raw-scihub-o.O-j.physletb.2004.11.060.pdf_2_p2_c0",1,True,1.0
What is an example of external compression causing nerve compression?,1,docstructbench_enbook-zlib-o.O-17761417.pdf_894_p894_c1,docstructbench_enbook-zlib-o.O-17761417.pdf_894_p894_c1,1,True,1.0
What is an example of external compression causing nerve compression?,3,docstructbench_enbook-zlib-o.O-17761417.pdf_894_p894_c1,"docstructbench_enbook-zlib-o.O-17761417.pdf_894_p894_c1,docstructbench_enbook-zlib-o.O-17761417.pdf_894_p894_c0,docstructbench_enbook-zlib-o.O-17761417.pdf_894_p894_c3",1,True,1.0
What is an example of external compression causing nerve compression?,5,docstructbench_enbook-zlib-o.O-17761417.pdf_894_p894_c1,"docstructbench_enbook-zlib-o.O-17761417.pdf_894_p894_c1,docstructbench_enbook-zlib-o.O-17761417.pdf_894_p894_c0,docstructbench_enbook-zlib-o.O-17761417.pdf_894_p894_c3,docstructbench_enbook-zlib-o.O-17761417.pdf_894_p894_c2,docstructbench_enbook-zlib-o.O-17761417.pdf_894_p894_c5",1,True,1.0
What is an example of a nerve compression mentioned in the text?,1,docstructbench_enbook-zlib-o.O-17761417.pdf_894_p894_c2,docstructbench_enbook-zlib-o.O-17761417.pdf_894_p894_c1,0,False,0.0
What is an example of a nerve compression mentioned in the text?,3,docstructbench_enbook-zlib-o.O-17761417.pdf_894_p894_c2,"docstructbench_enbook-zlib-o.O-17761417.pdf_894_p894_c1,docstructbench_enbook-zlib-o.O-17761417.pdf_894_p894_c0,docstructbench_enbook-zlib-o.O-17761417.pdf_894_p894_c2",3,True,1.0
What is an example of a nerve compression mentioned in the text?,5,docstructbench_enbook-zlib-o.O-17761417.pdf_894_p894_c2,"docstructbench_enbook-zlib-o.O-17761417.pdf_894_p894_c1,docstructbench_enbook-zlib-o.O-17761417.pdf_894_p894_c0,docstructbench_enbook-zlib-o.O-17761417.pdf_894_p894_c2,docstructbench_enbook-zlib-o.O-17761417.pdf_894_p894_c5,docstructbench_enbook-zlib-o.O-17761417.pdf_894_p894_c3",3,True,1.0
What is the type of nerve injury associated with Wallerian degeneration?,1,docstructbench_enbook-zlib-o.O-17761417.pdf_894_p894_c3,docstructbench_enbook-zlib-o.O-17761417.pdf_894_p894_c4,0,False,0.0
What is the type of nerve injury associated with Wallerian degeneration?,3,docstructbench_enbook-zlib-o.O-17761417.pdf_894_p894_c3,"docstructbench_enbook-zlib-o.O-17761417.pdf_894_p894_c4,docstructbench_enbook-zlib-o.O-17761417.pdf_894_p894_c2,docstructbench_enbook-zlib-o.O-17761417.pdf_894_p894_c3",3,True,1.0
What is the type of nerve injury associated with Wallerian degeneration?,5,docstructbench_enbook-zlib-o.O-17761417.pdf_894_p894_c3,"docstructbench_enbook-zlib-o.O-17761417.pdf_894_p894_c4,docstructbench_enbook-zlib-o.O-17761417.pdf_894_p894_c2,docstructbench_enbook-zlib-o.O-17761417.pdf_894_p894_c3,docstructbench_enbook-zlib-o.O-17761417.pdf_894_p894_c5,docstructbench_enbook-zlib-o.O-17761417.pdf_894_p894_c1",3,True,1.0
What is preserved in Type 3 nerve injury according to the fragment?,1,docstructbench_enbook-zlib-o.O-17761417.pdf_894_p894_c4,docstructbench_enbook-zlib-o.O-17761417.pdf_894_p894_c4,1,True,1.0
What is preserved in Type 3 nerve injury according to the fragment?,3,docstructbench_enbook-zlib-o.O-17761417.pdf_894_p894_c4,"docstructbench_enbook-zlib-o.O-17761417.pdf_894_p894_c4,docstructbench_enbook-zlib-o.O-17761417.pdf_894_p894_c5,docstructbench_enbook-zlib-o.O-17761417.pdf_894_p894_c3",1,True,1.0
What is preserved in Type 3 nerve injury according to the fragment?,5,docstructbench_enbook-zlib-o.O-17761417.pdf_894_p894_c4,"docstructbench_enbook-zlib-o.O-17761417.pdf_894_p894_c4,docstructbench_enbook-zlib-o.O-17761417.pdf_894_p894_c5,docstructbench_enbook-zlib-o.O-17761417.pdf_894_p894_c3,docstructbench_enbook-zlib-o.O-17761417.pdf_894_p894_c2,docstructbench_enbook-zlib-o.O-17761417.pdf_894_p894_c1",1,True,1.0
What factors affect the extent of recovery in neurotmesis?,1,docstructbench_enbook-zlib-o.O-17761417.pdf_894_p894_c5,docstructbench_enbook-zlib-o.O-17761417.pdf_894_p894_c5,1,True,1.0
What factors affect the extent of recovery in neurotmesis?,3,docstructbench_enbook-zlib-o.O-17761417.pdf_894_p894_c5,"docstructbench_enbook-zlib-o.O-17761417.pdf_894_p894_c5,docstructbench_enbook-zlib-o.O-17761417.pdf_894_p894_c6,docstructbench_enbook-zlib-o.O-17761417.pdf_894_p894_c3",1,True,1.0
What factors affect the extent of recovery in neurotmesis?,5,docstructbench_enbook-zlib-o.O-17761417.pdf_894_p894_c5,"docstructbench_enbook-zlib-o.O-17761417.pdf_894_p894_c5,docstructbench_enbook-zlib-o.O-17761417.pdf_894_p894_c6,docstructbench_enbook-zlib-o.O-17761417.pdf_894_p894_c3,docstructbench_enbook-zlib-o.O-17761417.pdf_894_p894_c4,docstructbench_llm-raw-scihub-o.O-j.chroma.2005.05.085.pdf_4_p4_c5",1,True,1.0
为什么做阅读简答题目时普遍觉得不难但得高分的不多？,1,notes_f7f010b78016aeebd76e56d9283eb67f_92_p92_c0,notes_f7f010b78016aeebd76e56d9283eb67f_92_p92_c0,1,True,1.0
为什么做阅读简答题目时普遍觉得不难但得高分的不多？,3,notes_f7f010b78016aeebd76e56d9283eb67f_92_p92_c0,"notes_f7f010b78016aeebd76e56d9283eb67f_92_p92_c0,notes_f7f010b78016aeebd76e56d9283eb67f_92_p92_c1,jiaocaineedrop_jiaocai_needrop_en_1836_p1836_c2",1,True,1.0
为什么做阅读简答题目时普遍觉得不难但得高分的不多？,5,notes_f7f010b78016aeebd76e56d9283eb67f_92_p92_c0,"notes_f7f010b78016aeebd76e56d9283eb67f_92_p92_c0,notes_f7f010b78016aeebd76e56d9283eb67f_92_p92_c1,jiaocaineedrop_jiaocai_needrop_en_1836_p1836_c2,jiaocaineedrop_jiaocai_needrop_en_1836_p1836_c0,jiaocaineedrop_jiaocai_needrop_en_377_p377_c3",1,True,1.0
简答题的难度主要体现在哪些方面？,1,notes_f7f010b78016aeebd76e56d9283eb67f_92_p92_c1,notes_f7f010b78016aeebd76e56d9283eb67f_92_p92_c1,1,True,1.0
简答题的难度主要体现在哪些方面？,3,notes_f7f010b78016aeebd76e56d9283eb67f_92_p92_c1,"notes_f7f010b78016aeebd76e56d9283eb67f_92_p92_c1,notes_f7f010b78016aeebd76e56d9283eb67f_92_p92_c0,yanbaopptmerge_yanbaoPPT_6170_p6170_c0",1,True,1.0
简答题的难度主要体现在哪些方面？,5,notes_f7f010b78016aeebd76e56d9283eb67f_92_p92_c1,"notes_f7f010b78016aeebd76e56d9283eb67f_92_p92_c1,notes_f7f010b78016aeebd76e56d9283eb67f_92_p92_c0,yanbaopptmerge_yanbaoPPT_6170_p6170_c0,jiaocaineedrop_jiaocai_needrop_en_1836_p1836_c2,jiaocaineedrop_jiaocai_needrop_en_1564_p1564_c4",1,True,1.0
金鱼的正确英文名称是什么？,1,notes_f7f010b78016aeebd76e56d9283eb67f_27_p27_c0,notes_f7f010b78016aeebd76e56d9283eb67f_27_p27_c0,1,True,1.0
金鱼的正确英文名称是什么？,3,notes_f7f010b78016aeebd76e56d9283eb67f_27_p27_c0,"notes_f7f010b78016aeebd76e56d9283eb67f_27_p27_c0,newspaper_35bdaa11dec104ccbdc9e19ac8527d21_1_p1_c1,color_textbook_zhonggaokao_小学_KET听说读写逐项突破_KET听说读写逐项突破之轻松搞定KET写作25分 【10讲 褚连一】_第10讲第十课写作Part9小作文练习_第十课写作Part9小作文练习_page_010_p10_c1",1,True,1.0
金鱼的正确英文名称是什么？,5,notes_f7f010b78016aeebd76e56d9283eb67f_27_p27_c0,"notes_f7f010b78016aeebd76e56d9283eb67f_27_p27_c0,newspaper_35bdaa11dec104ccbdc9e19ac8527d21_1_p1_c1,color_textbook_zhonggaokao_小学_KET听说读写逐项突破_KET听说读写逐项突破之轻松搞定KET写作25分 【10讲 褚连一】_第10讲第十课写作Part9小作文练习_第十课写作Part9小作文练习_page_010_p10_c1,color_textbook_zhonggaokao_小学_KET听说读写逐项突破_KET听说读写逐项突破之轻松搞定KET写作25分 【10讲 褚连一】_第10讲第十课写作Part9小作文练习_第十课写作Part9小作文练习_page_010_p10_c3,color_textbook_zhonggaokao_小学_KET听说读写逐项突破_KET听说读写逐项突破之轻松搞定KET写作25分 【10讲 褚连一】_第10讲第十课写作Part9小作文练习_第十课写作Part9小作文练习_page_010_p10_c4",1,True,1.0
请说明 pleasant 和 pleasing 的用法区别？,1,notes_f7f010b78016aeebd76e56d9283eb67f_27_p27_c1,notes_f7f010b78016aeebd76e56d9283eb67f_27_p27_c1,1,True,1.0
请说明 pleasant 和 pleasing 的用法区别？,3,notes_f7f010b78016aeebd76e56d9283eb67f_27_p27_c1,"notes_f7f010b78016aeebd76e56d9283eb67f_27_p27_c1,notes_f7f010b78016aeebd76e56d9283eb67f_27_p27_c0,jiaocaineedrop_jiaocai_needrop_en_1836_p1836_c0",1,True,1.0
请说明 pleasant 和 pleasing 的用法区别？,5,notes_f7f010b78016aeebd76e56d9283eb67f_27_p27_c1,"notes_f7f010b78016aeebd76e56d9283eb67f_27_p27_c1,notes_f7f010b78016aeebd76e56d9283eb67f_27_p27_c0,jiaocaineedrop_jiaocai_needrop_en_1836_p1836_c0,exam_paper_2004-2019上海高考英语听力原文和答案_page_017_p17_c0,jiaocaineedrop_jiaocai_needrop_en_1118_p1118_c1",1,True,1.0
What is the task in section B?,1,color_textbook_zhonggaokao_小学_13.人教新起点英语（4-5年级）_人教新起点五年级英语上册_课本_人教新起点英语5A电子课本_page_055_p55_c0,jiaocaineedrop_jiaocai_needrop_en_3937_p3937_c0,0,False,0.0
What is the task in section B?,3,color_textbook_zhonggaokao_小学_13.人教新起点英语（4-5年级）_人教新起点五年级英语上册_课本_人教新起点英语5A电子课本_page_055_p55_c0,"jiaocaineedrop_jiaocai_needrop_en_3937_p3937_c0,jiaocaineedrop_jiaocai_needrop_en_1564_p1564_c0,color_textbook_zhonggaokao_小学_13.人教新起点英语（4-5年级）_人教新起点五年级英语下册_课本_人教新起点英语5B电子课本_page_034_p34_c0",0,False,0.0
What is the task in section B?,5,color_textbook_zhonggaokao_小学_13.人教新起点英语（4-5年级）_人教新起点五年级英语上册_课本_人教新起点英语5A电子课本_page_055_p55_c0,"jiaocaineedrop_jiaocai_needrop_en_3937_p3937_c0,jiaocaineedrop_jiaocai_needrop_en_1564_p1564_c0,color_textbook_zhonggaokao_小学_13.人教新起点英语（4-5年级）_人教新起点五年级英语下册_课本_人教新起点英语5B电子课本_page_034_p34_c0,jiaocaineedrop_jiaocai_needrop_en_1473_p1473_c0,jiaocaineedrop_jiaocai_needrop_en_453_p453_c2",0,False,0.0
What is the equation for $ x_{1} $ in terms of $ x_{3} $?,1,PPT_lay_linalg5_01_05_page_009_p9_c0,PPT_lay_linalg5_01_05_page_009_p9_c0,1,True,1.0
What is the equation for $ x_{1} $ in terms of $ x_{3} $?,3,PPT_lay_linalg5_01_05_page_009_p9_c0,"PPT_lay_linalg5_01_05_page_009_p9_c0,book_en_A.Concise.Introduction.to.Linear.Algebra,.Geza.Schay,.Birkhauser,.2012_page_065_p65_c0,PPT_lay_linalg5_01_05_page_004_p4_c0",1,True,1.0
What is the equation for $ x_{1} $ in terms of $ x_{3} $?,5,PPT_lay_linalg5_01_05_page_009_p9_c0,"PPT_lay_linalg5_01_05_page_009_p9_c0,book_en_A.Concise.Introduction.to.Linear.Algebra,.Geza.Schay,.Birkhauser,.2012_page_065_p65_c0,PPT_lay_linalg5_01_05_page_004_p4_c0,jiaocaineedrop_jiaocai_needrop_en_1564_p1564_c1,PPT_lay_linalg5_01_05_page_004_p4_c1",1,True,1.0
What is the value of the Avogadro constant in the table?,1,docstructbench_dianzishu_zhongwenzaixian-o.O-60403612.pdf_179_p179_c0,docstructbench_dianzishu_zhongwenzaixian-o.O-60403612.pdf_179_p179_c0,1,True,1.0
What is the value of the Avogadro constant in the table?,3,docstructbench_dianzishu_zhongwenzaixian-o.O-60403612.pdf_179_p179_c0,"docstructbench_dianzishu_zhongwenzaixian-o.O-60403612.pdf_179_p179_c0,docstructbench_llm-raw-scihub-o.O-j.chroma.2005.03.134.pdf_6_p6_c3,docstructbench_llm-raw-scihub-o.O-j.chroma.2005.03.134.pdf_6_p6_c4",1,True,1.0
What is the value of the Avogadro constant in the table?,5,docstructbench_dianzishu_zhongwenzaixian-o.O-60403612.pdf_179_p179_c0,"docstructbench_dianzishu_zhongwenzaixian-o.O-60403612.pdf_179_p179_c0,docstructbench_llm-raw-scihub-o.O-j.chroma.2005.03.134.pdf_6_p6_c3,docstructbench_llm-raw-scihub-o.O-j.chroma.2005.03.134.pdf_6_p6_c4,docstructbench_llm-raw-scihub-o.O-j.chroma.2005.03.134.pdf_6_p6_c1,docstructbench_llm-raw-scihub-o.O-j.chroma.2005.03.134.pdf_6_p6_c2",1,True,1.0
What is the value of $ V_{0} $ in the table?,1,docstructbench_dianzishu_zhongwenzaixian-o.O-60403612.pdf_179_p179_c1,docstructbench_dianzishu_zhongwenzaixian-o.O-60403612.pdf_179_p179_c0,0,False,0.0
What is the value of $ V_{0} $ in the table?,3,docstructbench_dianzishu_zhongwenzaixian-o.O-60403612.pdf_179_p179_c1,"docstructbench_dianzishu_zhongwenzaixian-o.O-60403612.pdf_179_p179_c0,book_en_国外数学教材-非数学专业教材-线性代数-Gilbert Strang—Linear Algebra and Its Applications 4e_0119_p119_c1,exam_paper_en-file-putnam-archive_2006_Solutions_2006s_page_006_p6_c1",0,False,0.0
What is the value of $ V_{0} $ in the table?,5,docstructbench_dianzishu_zhongwenzaixian-o.O-60403612.pdf_179_p179_c1,"docstructbench_dianzishu_zhongwenzaixian-o.O-60403612.pdf_179_p179_c0,book_en_国外数学教材-非数学专业教材-线性代数-Gilbert Strang—Linear Algebra and Its Applications 4e_0119_p119_c1,exam_paper_en-file-putnam-archive_2006_Solutions_2006s_page_006_p6_c1,book_en_国外数学教材-非数学专业教材-线性代数-Gilbert Strang—Linear Algebra and Its Applications 4e_0119_p119_c2,jiaocaineedrop_Evans_PDE_Solution_Chapter_6_Second-Order_Elliptic_Equations.pdf_5_p5_c3",0,False,0.0
What is the melting point of osmium?,1,docstructbench_dianzishu_zhongwenzaixian-o.O-60403612.pdf_179_p179_c2,docstructbench_dianzishu_zhongwenzaixian-o.O-60403612.pdf_179_p179_c2,1,True,1.0
What is the melting point of osmium?,3,docstructbench_dianzishu_zhongwenzaixian-o.O-60403612.pdf_179_p179_c2,"docstructbench_dianzishu_zhongwenzaixian-o.O-60403612.pdf_179_p179_c2,docstructbench_dianzishu_zhongwenzaixian-o.O-60403612.pdf_179_p179_c1,docstructbench_dianzishu_zhongwenzaixian-o.O-60403612.pdf_179_p179_c4",1,True,1.0
What is the melting point of osmium?,5,docstructbench_dianzishu_zhongwenzaixian-o.O-60403612.pdf_179_p179_c2,"docstructbench_dianzishu_zhongwenzaixian-o.O-60403612.pdf_179_p179_c2,docstructbench_dianzishu_zhongwenzaixian-o.O-60403612.pdf_179_p179_c1,docstructbench_dianzishu_zhongwenzaixian-o.O-60403612.pdf_179_p179_c4,docstructbench_dianzishu_zhongwenzaixian-o.O-60403612.pdf_179_p179_c3,yanbaopptmerge_3aa9b6677e17fd012b0a7a230b9f18db.pdf_1327_p1327_c0",1,True,1.0
What is the value for tungsten's melting point?,1,docstructbench_dianzishu_zhongwenzaixian-o.O-60403612.pdf_179_p179_c3,docstructbench_dianzishu_zhongwenzaixian-o.O-60403612.pdf_179_p179_c2,0,False,0.0
What is the value for tungsten's melting point?,3,docstructbench_dianzishu_zhongwenzaixian-o.O-60403612.pdf_179_p179_c3,"docstructbench_dianzishu_zhongwenzaixian-o.O-60403612.pdf_179_p179_c2,docstructbench_dianzishu_zhongwenzaixian-o.O-60403612.pdf_179_p179_c1,docstructbench_llm-raw-scihub-o.O-j.apcata.2006.05.010.pdf_2_p2_c6",0,False,0.0
What is the value for tungsten's melting point?,5,docstructbench_dianzishu_zhongwenzaixian-o.O-60403612.pdf_179_p179_c3,"docstructbench_dianzishu_zhongwenzaixian-o.O-60403612.pdf_179_p179_c2,docstructbench_dianzishu_zhongwenzaixian-o.O-60403612.pdf_179_p179_c1,docstructbench_llm-raw-scihub-o.O-j.apcata.2006.05.010.pdf_2_p2_c6,docstructbench_llm-raw-scihub-o.O-j.apcata.2006.05.010.pdf_2_p2_c9,docstructbench_llm-raw-scihub-o.O-j.apcata.2006.05.010.pdf_2_p2_c5",0,False,0.0
What is the value for manganese's melting point?,1,docstructbench_dianzishu_zhongwenzaixian-o.O-60403612.pdf_179_p179_c4,docstructbench_dianzishu_zhongwenzaixian-o.O-60403612.pdf_179_p179_c2,0,False,0.0
What is the value for manganese's melting point?,3,docstructbench_dianzishu_zhongwenzaixian-o.O-60403612.pdf_179_p179_c4,"docstructbench_dianzishu_zhongwenzaixian-o.O-60403612.pdf_179_p179_c2,docstructbench_dianzishu_zhongwenzaixian-o.O-60403612.pdf_179_p179_c5,docstructbench_dianzishu_zhongwenzaixian-o.O-60403612.pdf_179_p179_c1",0,False,0.0
What is the value for manganese's melting point?,5,docstructbench_dianzishu_zhongwenzaixian-o.O-60403612.pdf_179_p179_c4,"docstructbench_dianzishu_zhongwenzaixian-o.O-60403612.pdf_179_p179_c2,docstructbench_dianzishu_zhongwenzaixian-o.O-60403612.pdf_179_p179_c5,docstructbench_dianzishu_zhongwenzaixian-o.O-60403612.pdf_179_p179_c1,docstructbench_dianzishu_zhongwenzaixian-o.O-60403612.pdf_179_p179_c4,docstructbench_dianzishu_zhongwenzaixian-o.O-60403612.pdf_179_p179_c3",4,True,1.0
What is the value of the second element in the first row?,1,docstructbench_dianzishu_zhongwenzaixian-o.O-60403612.pdf_179_p179_c5,exam_paper_en-file-putnam-archive_1995_Solutions_1995s_page_002_p2_c3,0,False,0.0
What is the value of the second element in the first row?,3,docstructbench_dianzishu_zhongwenzaixian-o.O-60403612.pdf_179_p179_c5,"exam_paper_en-file-putnam-archive_1995_Solutions_1995s_page_002_p2_c3,book_en_国外数学教材-非数学专业教材-线性代数-Gilbert Strang—Linear Algebra and Its Applications 4e_0035_p35_c3,docstructbench_llm-raw-scihub-o.O-j.chroma.2005.03.134.pdf_6_p6_c3",0,False,0.0
What is the value of the second element in the first row?,5,docstructbench_dianzishu_zhongwenzaixian-o.O-60403612.pdf_179_p179_c5,"exam_paper_en-file-putnam-archive_1995_Solutions_1995s_page_002_p2_c3,book_en_国外数学教材-非数学专业教材-线性代数-Gilbert Strang—Linear Algebra and Its Applications 4e_0035_p35_c3,docstructbench_llm-raw-scihub-o.O-j.chroma.2005.03.134.pdf_6_p6_c3,docstructbench_llm-raw-scihub-o.O-j.chroma.2005.03.134.pdf_6_p6_c1,newspaper_The Globe and Mail - 2025-1-8@magazinesclubnew_page_014_p14_c12",0,False,0.0
What percentage of patients discontinued all recommended medications for BPD without informing their physicians?,1,docstructbench_llm-raw-scihub-o.O-hup.908.pdf_5_p5_c0,docstructbench_llm-raw-scihub-o.O-hup.908.pdf_5_p5_c1,0,False,0.0
What percentage of patients discontinued all recommended medications for BPD without informing their physicians?,3,docstructbench_llm-raw-scihub-o.O-hup.908.pdf_5_p5_c0,"docstructbench_llm-raw-scihub-o.O-hup.908.pdf_5_p5_c1,docstructbench_llm-raw-scihub-o.O-hup.908.pdf_5_p5_c0,docstructbench_llm-raw-scihub-o.O-hup.908.pdf_5_p5_c3",2,True,1.0
What percentage of patients discontinued all recommended medications for BPD without informing their physicians?,5,docstructbench_llm-raw-scihub-o.O-hup.908.pdf_5_p5_c0,"docstructbench_llm-raw-scihub-o.O-hup.908.pdf_5_p5_c1,docstructbench_llm-raw-scihub-o.O-hup.908.pdf_5_p5_c0,docstructbench_llm-raw-scihub-o.O-hup.908.pdf_5_p5_c3,docstructbench_llm-raw-scihub-o.O-hup.908.pdf_5_p5_c4,docstructbench_llm-raw-scihub-o.O-hup.908.pdf_5_p5_c6",2,True,1.0
What percentage of patients discontinued all recommended medications for BPD without informing their physicians?,1,docstructbench_llm-raw-scihub-o.O-hup.908.pdf_5_p5_c1,docstructbench_llm-raw-scihub-o.O-hup.908.pdf_5_p5_c1,1,True,1.0
What percentage of patients discontinued all recommended medications for BPD without informing their physicians?,3,docstructbench_llm-raw-scihub-o.O-hup.908.pdf_5_p5_c1,"docstructbench_llm-raw-scihub-o.O-hup.908.pdf_5_p5_c1,docstructbench_llm-raw-scihub-o.O-hup.908.pdf_5_p5_c0,docstructbench_llm-raw-scihub-o.O-hup.908.pdf_5_p5_c3",1,True,1.0
What percentage of patients discontinued all recommended medications for BPD without informing their physicians?,5,docstructbench_llm-raw-scihub-o.O-hup.908.pdf_5_p5_c1,"docstructbench_llm-raw-scihub-o.O-hup.908.pdf_5_p5_c1,docstructbench_llm-raw-scihub-o.O-hup.908.pdf_5_p5_c0,docstructbench_llm-raw-scihub-o.O-hup.908.pdf_5_p5_c3,docstructbench_llm-raw-scihub-o.O-hup.908.pdf_5_p5_c4,docstructbench_llm-raw-scihub-o.O-hup.908.pdf_5_p5_c6",1,True,1.0
What percentage of nonadherence cases involved the same persons?,1,docstructbench_llm-raw-scihub-o.O-hup.908.pdf_5_p5_c2,docstructbench_llm-raw-scihub-o.O-hup.908.pdf_5_p5_c1,0,False,0.0
What percentage of nonadherence cases involved the same persons?,3,docstructbench_llm-raw-scihub-o.O-hup.908.pdf_5_p5_c2,"docstructbench_llm-raw-scihub-o.O-hup.908.pdf_5_p5_c1,docstructbench_llm-raw-scihub-o.O-hup.908.pdf_5_p5_c2,docstructbench_llm-raw-scihub-o.O-hup.908.pdf_5_p5_c4",2,True,1.0
What percentage of nonadherence cases involved the same persons?,5,docstructbench_llm-raw-scihub-o.O-hup.908.pdf_5_p5_c2,"docstructbench_llm-raw-scihub-o.O-hup.908.pdf_5_p5_c1,docstructbench_llm-raw-scihub-o.O-hup.908.pdf_5_p5_c2,docstructbench_llm-raw-scihub-o.O-hup.908.pdf_5_p5_c4,docstructbench_llm-raw-scihub-o.O-hup.908.pdf_5_p5_c3,docstructbench_llm-raw-scihub-o.O-hup.908.pdf_5_p5_c0",2,True,1.0
What was the time frame for patients to report missed doses?,1,docstructbench_llm-raw-scihub-o.O-hup.908.pdf_5_p5_c3,docstructbench_llm-raw-scihub-o.O-hup.908.pdf_5_p5_c2,0,False,0.0
What was the time frame for patients to report missed doses?,3,docstructbench_llm-raw-scihub-o.O-hup.908.pdf_5_p5_c3,"docstructbench_llm-raw-scihub-o.O-hup.908.pdf_5_p5_c2,docstructbench_llm-raw-scihub-o.O-hup.908.pdf_5_p5_c3,docstructbench_llm-raw-scihub-o.O-hup.908.pdf_5_p5_c1",2,True,1.0
What was the time frame for patients to report missed doses?,5,docstructbench_llm-raw-scihub-o.O-hup.908.pdf_5_p5_c3,"docstructbench_llm-raw-scihub-o.O-hup.908.pdf_5_p5_c2,docstructbench_llm-raw-scihub-o.O-hup.908.pdf_5_p5_c3,docstructbench_llm-raw-scihub-o.O-hup.908.pdf_5_p5_c1,docstructbench_llm-raw-scihub-o.O-hup.908.pdf_5_p5_c0,docstructbench_llm-raw-scihub-o.O-hup.908.pdf_5_p5_c5",2,True,1.0
What percentage of patients reported weight-gain as a prominent adverse effect?,1,docstructbench_llm-raw-scihub-o.O-hup.908.pdf_5_p5_c4,docstructbench_llm-raw-scihub-o.O-hup.908.pdf_5_p5_c4,1,True,1.0
What percentage of patients reported weight-gain as a prominent adverse effect?,3,docstructbench_llm-raw-scihub-o.O-hup.908.pdf_5_p5_c4,"docstructbench_llm-raw-scihub-o.O-hup.908.pdf_5_p5_c4,docstructbench_llm-raw-scihub-o.O-hup.908.pdf_5_p5_c3,docstructbench_llm-raw-scihub-o.O-hup.908.pdf_5_p5_c6",1,True,1.0
What percentage of patients reported weight-gain as a prominent adverse effect?,5,docstructbench_llm-raw-scihub-o.O-hup.908.pdf_5_p5_c4,"docstructbench_llm-raw-scihub-o.O-hup.908.pdf_5_p5_c4,docstructbench_llm-raw-scihub-o.O-hup.908.pdf_5_p5_c3,docstructbench_llm-raw-scihub-o.O-hup.908.pdf_5_p5_c6,docstructbench_llm-raw-scihub-o.O-hup.908.pdf_5_p5_c7,docstructbench_llm-raw-scihub-o.O-hup.908.pdf_5_p5_c5",1,True,1.0
What is the percentage of patients who cited 'ms with trust/relationships/social interactions' as a frustration?,1,docstructbench_llm-raw-scihub-o.O-hup.908.pdf_5_p5_c5,docstructbench_llm-raw-scihub-o.O-hup.908.pdf_5_p5_c5,1,True,1.0
What is the percentage of patients who cited 'ms with trust/relationships/social interactions' as a frustration?,3,docstructbench_llm-raw-scihub-o.O-hup.908.pdf_5_p5_c5,"docstructbench_llm-raw-scihub-o.O-hup.908.pdf_5_p5_c5,docstructbench_llm-raw-scihub-o.O-hup.908.pdf_5_p5_c4,docstructbench_llm-raw-scihub-o.O-hup.908.pdf_5_p5_c3",1,True,1.0
What is the percentage of patients who cited 'ms with trust/relationships/social interactions' as a frustration?,5,docstructbench_llm-raw-scihub-o.O-hup.908.pdf_5_p5_c5,"docstructbench_llm-raw-scihub-o.O-hup.908.pdf_5_p5_c5,docstructbench_llm-raw-scihub-o.O-hup.908.pdf_5_p5_c4,docstructbench_llm-raw-scihub-o.O-hup.908.pdf_5_p5_c3,docstructbench_llm-raw-scihub-o.O-hup.908.pdf_5_p5_c6,docstructbench_llm-raw-scihub-o.O-hup.908.pdf_5_p5_c2",1,True,1.0
What percentage of patients cited four major frustrations?,1,docstructbench_llm-raw-scihub-o.O-hup.908.pdf_5_p5_c6,docstructbench_llm-raw-scihub-o.O-hup.908.pdf_5_p5_c6,1,True,1.0
What percentage of patients cited four major frustrations?,3,docstructbench_llm-raw-scihub-o.O-hup.908.pdf_5_p5_c6,"docstructbench_llm-raw-scihub-o.O-hup.908.pdf_5_p5_c6,docstructbench_llm-raw-scihub-o.O-hup.908.pdf_5_p5_c5,docstructbench_llm-raw-scihub-o.O-hup.908.pdf_5_p5_c3",1,True,1.0
What percentage of patients cited four major frustrations?,5,docstructbench_llm-raw-scihub-o.O-hup.908.pdf_5_p5_c6,"docstructbench_llm-raw-scihub-o.O-hup.908.pdf_5_p5_c6,docstructbench_llm-raw-scihub-o.O-hup.908.pdf_5_p5_c5,docstructbench_llm-raw-scihub-o.O-hup.908.pdf_5_p5_c3,docstructbench_llm-raw-scihub-o.O-hup.908.pdf_5_p5_c4,docstructbench_llm-raw-scihub-o.O-hup.908.pdf_5_p5_c2",1,True,1.0
What percentage of BPD patients experienced weight-gain in association with current treatment?,1,docstructbench_llm-raw-scihub-o.O-hup.908.pdf_5_p5_c7,docstructbench_llm-raw-scihub-o.O-hup.908.pdf_5_p5_c7,1,True,1.0
What percentage of BPD patients experienced weight-gain in association with current treatment?,3,docstructbench_llm-raw-scihub-o.O-hup.908.pdf_5_p5_c7,"docstructbench_llm-raw-scihub-o.O-hup.908.pdf_5_p5_c7,docstructbench_llm-raw-scihub-o.O-hup.908.pdf_5_p5_c6,docstructbench_llm-raw-scihub-o.O-hup.908.pdf_5_p5_c4",1,True,1.0
What percentage of BPD patients experienced weight-gain in association with current treatment?,5,docstructbench_llm-raw-scihub-o.O-hup.908.pdf_5_p5_c7,"docstructbench_llm-raw-scihub-o.O-hup.908.pdf_5_p5_c7,docstructbench_llm-raw-scihub-o.O-hup.908.pdf_5_p5_c6,docstructbench_llm-raw-scihub-o.O-hup.908.pdf_5_p5_c4,docstructbench_llm-raw-scihub-o.O-hup.908.pdf_5_p5_c3,docstructbench_llm-raw-scihub-o.O-hup.908.pdf_5_p5_c1",1,True,1.0
What was the significance level used for initial univariate comparisons?,1,docstructbench_llm-raw-scihub-o.O-hup.908.pdf_5_p5_c8,docstructbench_llm-raw-scihub-o.O-hup.908.pdf_5_p5_c8,1,True,1.0
What was the significance level used for initial univariate comparisons?,3,docstructbench_llm-raw-scihub-o.O-hup.908.pdf_5_p5_c8,"docstructbench_llm-raw-scihub-o.O-hup.908.pdf_5_p5_c8,scihub_bloodadvances.2019030924.pdf_3_p3_c1,docstructbench_llm-raw-scihub-o.O-j.chroma.2005.03.134.pdf_6_p6_c1",1,True,1.0
What was the significance level used for initial univariate comparisons?,5,docstructbench_llm-raw-scihub-o.O-hup.908.pdf_5_p5_c8,"docstructbench_llm-raw-scihub-o.O-hup.908.pdf_5_p5_c8,scihub_bloodadvances.2019030924.pdf_3_p3_c1,docstructbench_llm-raw-scihub-o.O-j.chroma.2005.03.134.pdf_6_p6_c1,scihub_bloodadvances.2019030924.pdf_3_p3_c2,docstructbench_llm-raw-scihub-o.O-j.chroma.2005.03.134.pdf_6_p6_c4",1,True,1.0
哪些司法管辖区的数据隐私法规具有强制性数据泄露通知？,1,yanbaor2_89c3718f5a45179ef57a5063c6df36fc2c9b7e3ab4275f4905ed89f1c17232ea.pdf_14_p14_c0,yanbaor2_89c3718f5a45179ef57a5063c6df36fc2c9b7e3ab4275f4905ed89f1c17232ea.pdf_14_p14_c0,1,True,1.0
哪些司法管辖区的数据隐私法规具有强制性数据泄露通知？,3,yanbaor2_89c3718f5a45179ef57a5063c6df36fc2c9b7e3ab4275f4905ed89f1c17232ea.pdf_14_p14_c0,"yanbaor2_89c3718f5a45179ef57a5063c6df36fc2c9b7e3ab4275f4905ed89f1c17232ea.pdf_14_p14_c0,yanbaor2_89c3718f5a45179ef57a5063c6df36fc2c9b7e3ab4275f4905ed89f1c17232ea.pdf_14_p14_c2,yanbaopptmerge_5473246b8da789b9bfdeef53a70c4d72afd480415d5cbcedb83d105856710328.pdf_8_p8_c3",1,True,1.0
哪些司法管辖区的数据隐私法规具有强制性数据泄露通知？,5,yanbaor2_89c3718f5a45179ef57a5063c6df36fc2c9b7e3ab4275f4905ed89f1c17232ea.pdf_14_p14_c0,"yanbaor2_89c3718f5a45179ef57a5063c6df36fc2c9b7e3ab4275f4905ed89f1c17232ea.pdf_14_p14_c0,yanbaor2_89c3718f5a45179ef57a5063c6df36fc2c9b7e3ab4275f4905ed89f1c17232ea.pdf_14_p14_c2,yanbaopptmerge_5473246b8da789b9bfdeef53a70c4d72afd480415d5cbcedb83d105856710328.pdf_8_p8_c3,yanbaor2_89c3718f5a45179ef57a5063c6df36fc2c9b7e3ab4275f4905ed89f1c17232ea.pdf_14_p14_c1,yanbaopptmerge_0c79d327060dbf9f1582d03c235dadb039533a19091d2c0d24f2ad95d267f79b.pdf_2_p2_c2",1,True,1.0
Which country has a voluntary notification for the tenth column?,1,yanbaor2_89c3718f5a45179ef57a5063c6df36fc2c9b7e3ab4275f4905ed89f1c17232ea.pdf_14_p14_c1,yanbaor2_89c3718f5a45179ef57a5063c6df36fc2c9b7e3ab4275f4905ed89f1c17232ea.pdf_14_p14_c1,1,True,1.0
Which country has a voluntary notification for the tenth column?,3,yanbaor2_89c3718f5a45179ef57a5063c6df36fc2c9b7e3ab4275f4905ed89f1c17232ea.pdf_14_p14_c1,"yanbaor2_89c3718f5a45179ef57a5063c6df36fc2c9b7e3ab4275f4905ed89f1c17232ea.pdf_14_p14_c1,yanbaor2_89c3718f5a45179ef57a5063c6df36fc2c9b7e3ab4275f4905ed89f1c17232ea.pdf_14_p14_c2,newspaper_The Globe and Mail - 2025-1-8@magazinesclubnew_page_014_p14_c1",1,True,1.0
Which country has a voluntary notification for the tenth column?,5,yanbaor2_89c3718f5a45179ef57a5063c6df36fc2c9b7e3ab4275f4905ed89f1c17232ea.pdf_14_p14_c1,"yanbaor2_89c3718f5a45179ef57a5063c6df36fc2c9b7e3ab4275f4905ed89f1c17232ea.pdf_14_p14_c1,yanbaor2_89c3718f5a45179ef57a5063c6df36fc2c9b7e3ab4275f4905ed89f1c17232ea.pdf_14_p14_c2,newspaper_The Globe and Mail - 2025-1-8@magazinesclubnew_page_014_p14_c1,newspaper_The Globe and Mail - 2025-1-8@magazinesclubnew_page_014_p14_c4,newspaper_The Globe and Mail - 2025-1-8@magazinesclubnew_page_014_p14_c3",1,True,1.0
哪些州先后立法了个人数据相关法规？,1,yanbaor2_89c3718f5a45179ef57a5063c6df36fc2c9b7e3ab4275f4905ed89f1c17232ea.pdf_14_p14_c2,yanbaor2_89c3718f5a45179ef57a5063c6df36fc2c9b7e3ab4275f4905ed89f1c17232ea.pdf_14_p14_c2,1,True,1.0
哪些州先后立法了个人数据相关法规？,3,yanbaor2_89c3718f5a45179ef57a5063c6df36fc2c9b7e3ab4275f4905ed89f1c17232ea.pdf_14_p14_c2,"yanbaor2_89c3718f5a45179ef57a5063c6df36fc2c9b7e3ab4275f4905ed89f1c17232ea.pdf_14_p14_c2,yanbaor2_89c3718f5a45179ef57a5063c6df36fc2c9b7e3ab4275f4905ed89f1c17232ea.pdf_14_p14_c0,yanbaor2_89c3718f5a45179ef57a5063c6df36fc2c9b7e3ab4275f4905ed89f1c17232ea.pdf_14_p14_c1",1,True,1.0
哪些州先后立法了个人数据相关法规？,5,yanbaor2_89c3718f5a45179ef57a5063c6df36fc2c9b7e3ab4275f4905ed89f1c17232ea.pdf_14_p14_c2,"yanbaor2_89c3718f5a45179ef57a5063c6df36fc2c9b7e3ab4275f4905ed89f1c17232ea.pdf_14_p14_c2,yanbaor2_89c3718f5a45179ef57a5063c6df36fc2c9b7e3ab4275f4905ed89f1c17232ea.pdf_14_p14_c0,yanbaor2_89c3718f5a45179ef57a5063c6df36fc2c9b7e3ab4275f4905ed89f1c17232ea.pdf_14_p14_c1,newspaper_0b1bb8d03b4287eb95f67b68c2cf9f92_1_p1_c4,newspaper_b95d1d8eb0d756cc94a5d8b5db3cf69b_1_p1_c1",1,True,1.0
What complexes were detected after cross-linking?,1,docstructbench_llm-raw-scihub-o.O-j.ab.2007.11.016.pdf_5_p5_c0,docstructbench_llm-raw-scihub-o.O-j.ab.2007.11.016.pdf_5_p5_c0,1,True,1.0
What complexes were detected after cross-linking?,3,docstructbench_llm-raw-scihub-o.O-j.ab.2007.11.016.pdf_5_p5_c0,"docstructbench_llm-raw-scihub-o.O-j.ab.2007.11.016.pdf_5_p5_c0,docstructbench_llm-raw-scihub-o.O-j.ab.2007.11.016.pdf_5_p5_c1,docstructbench_llm-raw-scihub-o.O-j.ab.2007.11.016.pdf_5_p5_c2",1,True,1.0
What complexes were detected after cross-linking?,5,docstructbench_llm-raw-scihub-o.O-j.ab.2007.11.016.pdf_5_p5_c0,"docstructbench_llm-raw-scihub-o.O-j.ab.2007.11.016.pdf_5_p5_c0,docstructbench_llm-raw-scihub-o.O-j.ab.2007.11.016.pdf_5_p5_c1,docstructbench_llm-raw-scihub-o.O-j.ab.2007.11.016.pdf_5_p5_c2,docstructbench_llm-raw-scihub-o.O-j.ab.2007.11.016.pdf_5_p5_c3,docstructbench_dianzishu_zhongwenzaixian-o.O-61523162.pdf_276_p276_c1",1,True,1.0
What percentage of the total intensity do the peaks corresponding to the complexes with bPrP for peptides [140–160] and [145–165] represent?,1,docstructbench_llm-raw-scihub-o.O-j.ab.2007.11.016.pdf_5_p5_c1,docstructbench_llm-raw-scihub-o.O-j.ab.2007.11.016.pdf_5_p5_c1,1,True,1.0
What percentage of the total intensity do the peaks corresponding to the complexes with bPrP for peptides [140–160] and [145–165] represent?,3,docstructbench_llm-raw-scihub-o.O-j.ab.2007.11.016.pdf_5_p5_c1,"docstructbench_llm-raw-scihub-o.O-j.ab.2007.11.016.pdf_5_p5_c1,docstructbench_llm-raw-scihub-o.O-hup.908.pdf_5_p5_c4,docstructbench_llm-raw-scihub-o.O-j.ab.2007.11.016.pdf_5_p5_c3",1,True,1.0
What percentage of the total intensity do the peaks corresponding to the complexes with bPrP for peptides [140–160] and [145–165] represent?,5,docstructbench_llm-raw-scihub-o.O-j.ab.2007.11.016.pdf_5_p5_c1,"docstructbench_llm-raw-scihub-o.O-j.ab.2007.11.016.pdf_5_p5_c1,docstructbench_llm-raw-scihub-o.O-hup.908.pdf_5_p5_c4,docstructbench_llm-raw-scihub-o.O-j.ab.2007.11.016.pdf_5_p5_c3,docstructbench_llm-raw-scihub-o.O-j.ab.2007.11.016.pdf_5_p5_c0,docstructbench_llm-raw-scihub-o.O-j.chroma.2005.03.134.pdf_6_p6_c4",1,True,1.0
What was immobilized for the binding experiment?,1,docstructbench_llm-raw-scihub-o.O-j.ab.2007.11.016.pdf_5_p5_c2,docstructbench_llm-raw-scihub-o.O-j.ab.2007.11.016.pdf_5_p5_c2,1,True,1.0
What was immobilized for the binding experiment?,3,docstructbench_llm-raw-scihub-o.O-j.ab.2007.11.016.pdf_5_p5_c2,"docstructbench_llm-raw-scihub-o.O-j.ab.2007.11.016.pdf_5_p5_c2,docstructbench_llm-raw-scihub-o.O-j.ab.2007.11.016.pdf_5_p5_c0,docstructbench_llm-raw-scihub-o.O-j.ab.2007.11.016.pdf_5_p5_c1",1,True,1.0
What was immobilized for the binding experiment?,5,docstructbench_llm-raw-scihub-o.O-j.ab.2007.11.016.pdf_5_p5_c2,"docstructbench_llm-raw-scihub-o.O-j.ab.2007.11.016.pdf_5_p5_c2,docstructbench_llm-raw-scihub-o.O-j.ab.2007.11.016.pdf_5_p5_c0,docstructbench_llm-raw-scihub-o.O-j.ab.2007.11.016.pdf_5_p5_c1,docstructbench_llm-raw-scihub-o.O-j.ab.2007.11.016.pdf_5_p5_c3,newspaper_fe2c8b45b2a086cd75984640bb3080e1_1_p1_c3",1,True,1.0
What are the RU values after injection for the mixture of 1E5 and peptide [145–165]?,1,docstructbench_llm-raw-scihub-o.O-j.ab.2007.11.016.pdf_5_p5_c3,docstructbench_llm-raw-scihub-o.O-j.ab.2007.11.016.pdf_5_p5_c3,1,True,1.0
What are the RU values after injection for the mixture of 1E5 and peptide [145–165]?,3,docstructbench_llm-raw-scihub-o.O-j.ab.2007.11.016.pdf_5_p5_c3,"docstructbench_llm-raw-scihub-o.O-j.ab.2007.11.016.pdf_5_p5_c3,docstructbench_llm-raw-scihub-o.O-j.ab.2007.11.016.pdf_5_p5_c1,docstructbench_llm-raw-scihub-o.O-j.ab.2007.11.016.pdf_5_p5_c0",1,True,1.0
What are the RU values after injection for the mixture of 1E5 and peptide [145–165]?,5,docstructbench_llm-raw-scihub-o.O-j.ab.2007.11.016.pdf_5_p5_c3,"docstructbench_llm-raw-scihub-o.O-j.ab.2007.11.016.pdf_5_p5_c3,docstructbench_llm-raw-scihub-o.O-j.ab.2007.11.016.pdf_5_p5_c1,docstructbench_llm-raw-scihub-o.O-j.ab.2007.11.016.pdf_5_p5_c0,docstructbench_llm-raw-scihub-o.O-j.ab.2007.11.016.pdf_5_p5_c2,docstructbench_llm-raw-scihub-o.O-j.chroma.2005.03.134.pdf_6_p6_c3",1,True,1.0
王老师买书时每套书有几册？,1,yanbaopptmerge_yanbaoPPT_5675_p5675_c0,yanbaopptmerge_yanbaoPPT_5675_p5675_c0,1,True,1.0
王老师买书时每套书有几册？,3,yanbaopptmerge_yanbaoPPT_5675_p5675_c0,"yanbaopptmerge_yanbaoPPT_5675_p5675_c0,jiaocaineedrop_jiaocai_needrop_en_3937_p3937_c0,jiaocaineedrop_jiaocai_needrop_en_1836_p1836_c1",1,True,1.0
王老师买书时每套书有几册？,5,yanbaopptmerge_yanbaoPPT_5675_p5675_c0,"yanbaopptmerge_yanbaoPPT_5675_p5675_c0,jiaocaineedrop_jiaocai_needrop_en_3937_p3937_c0,jiaocaineedrop_jiaocai_needrop_en_1836_p1836_c1,jiaocaineedrop_jiaocai_needrop_en_1141_p1141_c0,jiaocaineedrop_jiaocai_needrop_en_2884_p2884_c2",1,True,1.0
What is the condition for a nonempty set of integers to contain a smallest element?,1,book_en_国外数学教材-数论-Melvyn B. Nathanson—Elementary Methods in Number Theory_0017_p17_c0,book_en_国外数学教材-数论-Melvyn B. Nathanson—Elementary Methods in Number Theory_0017_p17_c0,1,True,1.0
What is the condition for a nonempty set of integers to contain a smallest element?,3,book_en_国外数学教材-数论-Melvyn B. Nathanson—Elementary Methods in Number Theory_0017_p17_c0,"book_en_国外数学教材-数论-Melvyn B. Nathanson—Elementary Methods in Number Theory_0017_p17_c0,book_en_国外数学教材-数论-Melvyn B. Nathanson—Elementary Methods in Number Theory_0017_p17_c1,exam_paper_en-file-putnam-archive_2012_Solutions_2012s_page_001_p1_c4",1,True,1.0
What is the condition for a nonempty set of integers to contain a smallest element?,5,book_en_国外数学教材-数论-Melvyn B. Nathanson—Elementary Methods in Number Theory_0017_p17_c0,"book_en_国外数学教材-数论-Melvyn B. Nathanson—Elementary Methods in Number Theory_0017_p17_c0,book_en_国外数学教材-数论-Melvyn B. Nathanson—Elementary Methods in Number Theory_0017_p17_c1,exam_paper_en-file-putnam-archive_2012_Solutions_2012s_page_001_p1_c4,exam_paper_en-file-putnam-archive_2009_Solutions_2009s_page_003_p3_c5,jiaocaineedrop_96657786.pdf_0_p0_c1",1,True,1.0
What is the condition for a nonempty set of nonnegative integers to have a smallest element?,1,book_en_国外数学教材-数论-Melvyn B. Nathanson—Elementary Methods in Number Theory_0017_p17_c1,book_en_国外数学教材-数论-Melvyn B. Nathanson—Elementary Methods in Number Theory_0017_p17_c1,1,True,1.0
What is the condition for a nonempty set of nonnegative integers to have a smallest element?,3,book_en_国外数学教材-数论-Melvyn B. Nathanson—Elementary Methods in Number Theory_0017_p17_c1,"book_en_国外数学教材-数论-Melvyn B. Nathanson—Elementary Methods in Number Theory_0017_p17_c1,book_en_国外数学教材-数论-Melvyn B. Nathanson—Elementary Methods in Number Theory_0017_p17_c0,exam_paper_en-file-putnam-archive_2012_Solutions_2012s_page_001_p1_c4",1,True,1.0
What is the condition for a nonempty set of nonnegative integers to have a smallest element?,5,book_en_国外数学教材-数论-Melvyn B. Nathanson—Elementary Methods in Number Theory_0017_p17_c1,"book_en_国外数学教材-数论-Melvyn B. Nathanson—Elementary Methods in Number Theory_0017_p17_c1,book_en_国外数学教材-数论-Melvyn B. Nathanson—Elementary Methods in Number Theory_0017_p17_c0,exam_paper_en-file-putnam-archive_2012_Solutions_2012s_page_001_p1_c4,jiaocaineedrop_96657786.pdf_0_p0_c1,exam_paper_en-file-putnam-archive_2009_Solutions_2009s_page_003_p3_c5",1,True,1.0
哪些县市被评为全国粮食生产先进县（农场）标兵？,1,newspaper_0b1bb8d03b4287eb95f67b68c2cf9f92_1_p1_c0,newspaper_0b1bb8d03b4287eb95f67b68c2cf9f92_1_p1_c0,1,True,1.0
哪些县市被评为全国粮食生产先进县（农场）标兵？,3,newspaper_0b1bb8d03b4287eb95f67b68c2cf9f92_1_p1_c0,"newspaper_0b1bb8d03b4287eb95f67b68c2cf9f92_1_p1_c0,newspaper_0b1bb8d03b4287eb95f67b68c2cf9f92_1_p1_c2,newspaper_2c69e142b52dbb30cac2cb11d3eb25e5_1_p1_c6",1,True,1.0
哪些县市被评为全国粮食生产先进县（农场）标兵？,5,newspaper_0b1bb8d03b4287eb95f67b68c2cf9f92_1_p1_c0,"newspaper_0b1bb8d03b4287eb95f67b68c2cf9f92_1_p1_c0,newspaper_0b1bb8d03b4287eb95f67b68c2cf9f92_1_p1_c2,newspaper_2c69e142b52dbb30cac2cb11d3eb25e5_1_p1_c6,newspaper_0b1bb8d03b4287eb95f67b68c2cf9f92_1_p1_c27,newspaper_0b1bb8d03b4287eb95f67b68c2cf9f92_1_p1_c5",1,True,1.0
谁是贵州省铜仁地区思南县塘头镇沙都村的代表？,1,newspaper_0b1bb8d03b4287eb95f67b68c2cf9f92_1_p1_c1,newspaper_0b1bb8d03b4287eb95f67b68c2cf9f92_1_p1_c31,0,False,0.0
谁是贵州省铜仁地区思南县塘头镇沙都村的代表？,3,newspaper_0b1bb8d03b4287eb95f67b68c2cf9f92_1_p1_c1,"newspaper_0b1bb8d03b4287eb95f67b68c2cf9f92_1_p1_c31,newspaper_0b1bb8d03b4287eb95f67b68c2cf9f92_1_p1_c2,color_textbook_zhonggaokao_小学_KET听说读写逐项突破_KET听说读写逐项突破之轻松搞定KET写作25分 【10讲 褚连一】_第10讲第十课写作Part9小作文练习_第十课写作Part9小作文练习_page_010_p10_c1",0,False,0.0
谁是贵州省铜仁地区思南县塘头镇沙都村的代表？,5,newspaper_0b1bb8d03b4287eb95f67b68c2cf9f92_1_p1_c1,"newspaper_0b1bb8d03b4287eb95f67b68c2cf9f92_1_p1_c31,newspaper_0b1bb8d03b4287eb95f67b68c2cf9f92_1_p1_c2,color_textbook_zhonggaokao_小学_KET听说读写逐项突破_KET听说读写逐项突破之轻松搞定KET写作25分 【10讲 褚连一】_第10讲第十课写作Part9小作文练习_第十课写作Part9小作文练习_page_010_p10_c1,newspaper_0b1bb8d03b4287eb95f67b68c2cf9f92_1_p1_c32,newspaper_0b1bb8d03b4287eb95f67b68c2cf9f92_1_p1_c16",0,False,0.0
哪个县属于内蒙古自治区的科尔沁左翼中旗？,1,newspaper_0b1bb8d03b4287eb95f67b68c2cf9f92_1_p1_c2,newspaper_0b1bb8d03b4287eb95f67b68c2cf9f92_1_p1_c0,0,False,0.0
哪个县属于内蒙古自治区的科尔沁左翼中旗？,3,newspaper_0b1bb8d03b4287eb95f67b68c2cf9f92_1_p1_c2,"newspaper_0b1bb8d03b4287eb95f67b68c2cf9f92_1_p1_c0,newspaper_0b1bb8d03b4287eb95f67b68c2cf9f92_1_p1_c2,newspaper_0b1bb8d03b4287eb95f67b68c2cf9f92_1_p1_c3",2,True,1.0
哪个县属于内蒙古自治区的科尔沁左翼中旗？,5,newspaper_0b1bb8d03b4287eb95f67b68c2cf9f92_1_p1_c2,"newspaper_0b1bb8d03b4287eb95f67b68c2cf9f92_1_p1_c0,newspaper_0b1bb8d03b4287eb95f67b68c2cf9f92_1_p1_c2,newspaper_0b1bb8d03b4287eb95f67b68c2cf9f92_1_p1_c3,newspaper_0b1bb8d03b4287eb95f67b68c2cf9f92_1_p1_c21,newspaper_0b1bb8d03b4287eb95f67b68c2cf9f92_1_p1_c7",2,True,1.0
哪些地区属于黑龙江省？,1,newspaper_0b1bb8d03b4287eb95f67b68c2cf9f92_1_p1_c3,newspaper_0b1bb8d03b4287eb95f67b68c2cf9f92_1_p1_c0,0,False,0.0
哪些地区属于黑龙江省？,3,newspaper_0b1bb8d03b4287eb95f67b68c2cf9f92_1_p1_c3,"newspaper_0b1bb8d03b4287eb95f67b68c2cf9f92_1_p1_c0,newspaper_b95d1d8eb0d756cc94a5d8b5db3cf69b_1_p1_c3,newspaper_eb569707cf5621d4c71d5898216cdb17_1_p1_c2",0,False,0.0
哪些地区属于黑龙江省？,5,newspaper_0b1bb8d03b4287eb95f67b68c2cf9f92_1_p1_c3,"newspaper_0b1bb8d03b4287eb95f67b68c2cf9f92_1_p1_c0,newspaper_b95d1d8eb0d756cc94a5d8b5db3cf69b_1_p1_c3,newspaper_eb569707cf5621d4c71d5898216cdb17_1_p1_c2,newspaper_0b1bb8d03b4287eb95f67b68c2cf9f92_1_p1_c34,newspaper_0b1bb8d03b4287eb95f67b68c2cf9f92_1_p1_c5",0,False,0.0
哪些县市属于湖北省？,1,newspaper_0b1bb8d03b4287eb95f67b68c2cf9f92_1_p1_c4,newspaper_0b1bb8d03b4287eb95f67b68c2cf9f92_1_p1_c0,0,False,0.0
哪些县市属于湖北省？,3,newspaper_0b1bb8d03b4287eb95f67b68c2cf9f92_1_p1_c4,"newspaper_0b1bb8d03b4287eb95f67b68c2cf9f92_1_p1_c0,newspaper_0b1bb8d03b4287eb95f67b68c2cf9f92_1_p1_c27,newspaper_0b1bb8d03b4287eb95f67b68c2cf9f92_1_p1_c4",3,True,1.0
哪些县市属于湖北省？,5,newspaper_0b1bb8d03b4287eb95f67b68c2cf9f92_1_p1_c4,"newspaper_0b1bb8d03b4287eb95f67b68c2cf9f92_1_p1_c0,newspaper_0b1bb8d03b4287eb95f67b68c2cf9f92_1_p1_c27,newspaper_0b1bb8d03b4287eb95f67b68c2cf9f92_1_p1_c4,newspaper_0b1bb8d03b4287eb95f67b68c2cf9f92_1_p1_c2,newspaper_0b1bb8d03b4287eb95f67b68c2cf9f92_1_p1_c28",3,True,1.0
哪些县市属于广西壮族自治区？,1,newspaper_0b1bb8d03b4287eb95f67b68c2cf9f92_1_p1_c5,newspaper_35bdaa11dec104ccbdc9e19ac8527d21_1_p1_c1,0,False,0.0
哪些县市属于广西壮族自治区？,3,newspaper_0b1bb8d03b4287eb95f67b68c2cf9f92_1_p1_c5,"newspaper_35bdaa11dec104ccbdc9e19ac8527d21_1_p1_c1,newspaper_35bdaa11dec104ccbdc9e19ac8527d21_1_p1_c0,newspaper_0b1bb8d03b4287eb95f67b68c2cf9f92_1_p1_c0",0,False,0.0
哪些县市属于广西壮族自治区？,5,newspaper_0b1bb8d03b4287eb95f67b68c2cf9f92_1_p1_c5,"newspaper_35bdaa11dec104ccbdc9e19ac8527d21_1_p1_c1,newspaper_35bdaa11dec104ccbdc9e19ac8527d21_1_p1_c0,newspaper_0b1bb8d03b4287eb95f67b68c2cf9f92_1_p1_c0,newspaper_0b1bb8d03b4287eb95f67b68c2cf9f92_1_p1_c2,newspaper_0b1bb8d03b4287eb95f67b68c2cf9f92_1_p1_c5",5,True,1.0
谁是河北省农业技术推广总站的负责人？,1,newspaper_0b1bb8d03b4287eb95f67b68c2cf9f92_1_p1_c6,newspaper_0b1bb8d03b4287eb95f67b68c2cf9f92_1_p1_c6,1,True,1.0
谁是河北省农业技术推广总站的负责人？,3,newspaper_0b1bb8d03b4287eb95f67b68c2cf9f92_1_p1_c6,"newspaper_0b1bb8d03b4287eb95f67b68c2cf9f92_1_p1_c6,newspaper_0b1bb8d03b4287eb95f67b68c2cf9f92_1_p1_c0,newspaper_0b1bb8d03b4287eb95f67b68c2cf9f92_1_p1_c14",1,True,1.0
谁是河北省农业技术推广总站的负责人？,5,newspaper_0b1bb8d03b4287eb95f67b68c2cf9f92_1_p1_c6,"newspaper_0b1bb8d03b4287eb95f67b68c2cf9f92_1_p1_c6,newspaper_0b1bb8d03b4287eb95f67b68c2cf9f92_1_p1_c0,newspaper_0b1bb8d03b4287eb95f67b68c2cf9f92_1_p1_c14,newspaper_0b1bb8d03b4287eb95f67b68c2cf9f92_1_p1_c15,newspaper_0b1bb8d03b4287eb95f67b68c2cf9f92_1_p1_c13",1,True,1.0
谁是通辽市农牧业局的负责人？,1,newspaper_0b1bb8d03b4287eb95f67b68c2cf9f92_1_p1_c7,newspaper_0b1bb8d03b4287eb95f67b68c2cf9f92_1_p1_c7,1,True,1.0
谁是通辽市农牧业局的负责人？,3,newspaper_0b1bb8d03b4287eb95f67b68c2cf9f92_1_p1_c7,"newspaper_0b1bb8d03b4287eb95f67b68c2cf9f92_1_p1_c7,newspaper_0b1bb8d03b4287eb95f67b68c2cf9f92_1_p1_c17,newspaper_0b1bb8d03b4287eb95f67b68c2cf9f92_1_p1_c8",1,True,1.0
谁是通辽市农牧业局的负责人？,5,newspaper_0b1bb8d03b4287eb95f67b68c2cf9f92_1_p1_c7,"newspaper_0b1bb8d03b4287eb95f67b68c2cf9f92_1_p1_c7,newspaper_0b1bb8d03b4287eb95f67b68c2cf9f92_1_p1_c17,newspaper_0b1bb8d03b4287eb95f67b68c2cf9f92_1_p1_c8,newspaper_0b1bb8d03b4287eb95f67b68c2cf9f92_1_p1_c15,newspaper_0b1bb8d03b4287eb95f67b68c2cf9f92_1_p1_c0",1,True,1.0
谁是哈尔滨市人民政府的代表？,1,newspaper_0b1bb8d03b4287eb95f67b68c2cf9f92_1_p1_c8,newspaper_0b1bb8d03b4287eb95f67b68c2cf9f92_1_p1_c9,0,False,0.0
谁是哈尔滨市人民政府的代表？,3,newspaper_0b1bb8d03b4287eb95f67b68c2cf9f92_1_p1_c8,"newspaper_0b1bb8d03b4287eb95f67b68c2cf9f92_1_p1_c9,newspaper_eb569707cf5621d4c71d5898216cdb17_1_p1_c0,newspaper_0b1bb8d03b4287eb95f67b68c2cf9f92_1_p1_c13",0,False,0.0
谁是哈尔滨市人民政府的代表？,5,newspaper_0b1bb8d03b4287eb95f67b68c2cf9f92_1_p1_c8,"newspaper_0b1bb8d03b4287eb95f67b68c2cf9f92_1_p1_c9,newspaper_eb569707cf5621d4c71d5898216cdb17_1_p1_c0,newspaper_0b1bb8d03b4287eb95f67b68c2cf9f92_1_p1_c13,newspaper_0b1bb8d03b4287eb95f67b68c2cf9f92_1_p1_c12,newspaper_0b1bb8d03b4287eb95f67b68c2cf9f92_1_p1_c8",5,True,1.0
谁是黑龙江省农业技术推广站的负责人？,1,newspaper_0b1bb8d03b4287eb95f67b68c2cf9f92_1_p1_c9,newspaper_0b1bb8d03b4287eb95f67b68c2cf9f92_1_p1_c8,0,False,0.0
谁是黑龙江省农业技术推广站的负责人？,3,newspaper_0b1bb8d03b4287eb95f67b68c2cf9f92_1_p1_c9,"newspaper_0b1bb8d03b4287eb95f67b68c2cf9f92_1_p1_c8,newspaper_0b1bb8d03b4287eb95f67b68c2cf9f92_1_p1_c9,newspaper_0b1bb8d03b4287eb95f67b68c2cf9f92_1_p1_c17",2,True,1.0
谁是黑龙江省农业技术推广站的负责人？,5,newspaper_0b1bb8d03b4287eb95f67b68c2cf9f92_1_p1_c9,"newspaper_0b1bb8d03b4287eb95f67b68c2cf9f92_1_p1_c8,newspaper_0b1bb8d03b4287eb95f67b68c2cf9f92_1_p1_c9,newspaper_0b1bb8d03b4287eb95f67b68c2cf9f92_1_p1_c17,newspaper_0b1bb8d03b4287eb95f67b68c2cf9f92_1_p1_c18,newspaper_0b1bb8d03b4287eb95f67b68c2cf9f92_1_p1_c0",2,True,1.0
谁是江苏省农业委员会农业局的负责人？,1,newspaper_0b1bb8d03b4287eb95f67b68c2cf9f92_1_p1_c10,newspaper_0b1bb8d03b4287eb95f67b68c2cf9f92_1_p1_c10,1,True,1.0
谁是江苏省农业委员会农业局的负责人？,3,newspaper_0b1bb8d03b4287eb95f67b68c2cf9f92_1_p1_c10,"newspaper_0b1bb8d03b4287eb95f67b68c2cf9f92_1_p1_c10,newspaper_0b1bb8d03b4287eb95f67b68c2cf9f92_1_p1_c9,newspaper_0b1bb8d03b4287eb95f67b68c2cf9f92_1_p1_c0",1,True,1.0
谁是江苏省农业委员会农业局的负责人？,5,newspaper_0b1bb8d03b4287eb95f67b68c2cf9f92_1_p1_c10,"newspaper_0b1bb8d03b4287eb95f67b68c2cf9f92_1_p1_c10,newspaper_0b1bb8d03b4287eb95f67b68c2cf9f92_1_p1_c9,newspaper_0b1bb8d03b4287eb95f67b68c2cf9f92_1_p1_c0,newspaper_0b1bb8d03b4287eb95f67b68c2cf9f92_1_p1_c11,newspaper_0b1bb8d03b4287eb95f67b68c2cf9f92_1_p1_c17",1,True,1.0
安徽省六安市霍邱县种植业发展局的负责人是谁？,1,newspaper_0b1bb8d03b4287eb95f67b68c2cf9f92_1_p1_c11,newspaper_0b1bb8d03b4287eb95f67b68c2cf9f92_1_p1_c11,1,True,1.0
安徽省六安市霍邱县种植业发展局的负责人是谁？,3,newspaper_0b1bb8d03b4287eb95f67b68c2cf9f92_1_p1_c11,"newspaper_0b1bb8d03b4287eb95f67b68c2cf9f92_1_p1_c11,newspaper_0b1bb8d03b4287eb95f67b68c2cf9f92_1_p1_c0,newspaper_0b1bb8d03b4287eb95f67b68c2cf9f92_1_p1_c23",1,True,1.0
安徽省六安市霍邱县种植业发展局的负责人是谁？,5,newspaper_0b1bb8d03b4287eb95f67b68c2cf9f92_1_p1_c11,"newspaper_0b1bb8d03b4287eb95f67b68c2cf9f92_1_p1_c11,newspaper_0b1bb8d03b4287eb95f67b68c2cf9f92_1_p1_c0,newspaper_0b1bb8d03b4287eb95f67b68c2cf9f92_1_p1_c23,newspaper_0b1bb8d03b4287eb95f67b68c2cf9f92_1_p1_c10,newspaper_0b1bb8d03b4287eb95f67b68c2cf9f92_1_p1_c13",1,True,1.0
谁是周口市郸城县农业局的负责人？,1,newspaper_0b1bb8d03b4287eb95f67b68c2cf9f92_1_p1_c13,newspaper_0b1bb8d03b4287eb95f67b68c2cf9f92_1_p1_c13,1,True,1.0
谁是周口市郸城县农业局的负责人？,3,newspaper_0b1bb8d03b4287eb95f67b68c2cf9f92_1_p1_c13,"newspaper_0b1bb8d03b4287eb95f67b68c2cf9f92_1_p1_c13,newspaper_0b1bb8d03b4287eb95f67b68c2cf9f92_1_p1_c12,newspaper_0b1bb8d03b4287eb95f67b68c2cf9f92_1_p1_c17",1,True,1.0
谁是周口市郸城县农业局的负责人？,5,newspaper_0b1bb8d03b4287eb95f67b68c2cf9f92_1_p1_c13,"newspaper_0b1bb8d03b4287eb95f67b68c2cf9f92_1_p1_c13,newspaper_0b1bb8d03b4287eb95f67b68c2cf9f92_1_p1_c12,newspaper_0b1bb8d03b4287eb95f67b68c2cf9f92_1_p1_c17,newspaper_0b1bb8d03b4287eb95f67b68c2cf9f92_1_p1_c0,newspaper_0b1bb8d03b4287eb95f67b68c2cf9f92_1_p1_c15",1,True,1.0
谁是广西壮族自治区农业机械化技术推广总站的负责人？,1,newspaper_0b1bb8d03b4287eb95f67b68c2cf9f92_1_p1_c14,newspaper_0b1bb8d03b4287eb95f67b68c2cf9f92_1_p1_c14,1,True,1.0
谁是广西壮族自治区农业机械化技术推广总站的负责人？,3,newspaper_0b1bb8d03b4287eb95f67b68c2cf9f92_1_p1_c14,"newspaper_0b1bb8d03b4287eb95f67b68c2cf9f92_1_p1_c14,newspaper_0b1bb8d03b4287eb95f67b68c2cf9f92_1_p1_c15,newspaper_0b1bb8d03b4287eb95f67b68c2cf9f92_1_p1_c1",1,True,1.0
谁是广西壮族自治区农业机械化技术推广总站的负责人？,5,newspaper_0b1bb8d03b4287eb95f67b68c2cf9f92_1_p1_c14,"newspaper_0b1bb8d03b4287eb95f67b68c2cf9f92_1_p1_c14,newspaper_0b1bb8d03b4287eb95f67b68c2cf9f92_1_p1_c15,newspaper_0b1bb8d03b4287eb95f67b68c2cf9f92_1_p1_c1,newspaper_0b1bb8d03b4287eb95f67b68c2cf9f92_1_p1_c16,newspaper_0b1bb8d03b4287eb95f67b68c2cf9f92_1_p1_c17",1,True,1.0
谁是四川省农业厅的联系人？,1,newspaper_0b1bb8d03b4287eb95f67b68c2cf9f92_1_p1_c15,newspaper_35bdaa11dec104ccbdc9e19ac8527d21_1_p1_c0,0,False,0.0
谁是四川省农业厅的联系人？,3,newspaper_0b1bb8d03b4287eb95f67b68c2cf9f92_1_p1_c15,"newspaper_35bdaa11dec104ccbdc9e19ac8527d21_1_p1_c0,newspaper_0b1bb8d03b4287eb95f67b68c2cf9f92_1_p1_c15,newspaper_0b1bb8d03b4287eb95f67b68c2cf9f92_1_p1_c0",2,True,1.0
谁是四川省农业厅的联系人？,5,newspaper_0b1bb8d03b4287eb95f67b68c2cf9f92_1_p1_c15,"newspaper_35bdaa11dec104ccbdc9e19ac8527d21_1_p1_c0,newspaper_0b1bb8d03b4287eb95f67b68c2cf9f92_1_p1_c15,newspaper_0b1bb8d03b4287eb95f67b68c2cf9f92_1_p1_c0,newspaper_0b1bb8d03b4287eb95f67b68c2cf9f92_1_p1_c16,newspaper_eb569707cf5621d4c71d5898216cdb17_1_p1_c10",2,True,1.0
谁是云南省农业技术推广总站的人员？,1,newspaper_0b1bb8d03b4287eb95f67b68c2cf9f92_1_p1_c16,newspaper_0b1bb8d03b4287eb95f67b68c2cf9f92_1_p1_c16,1,True,1.0
谁是云南省农业技术推广总站的人员？,3,newspaper_0b1bb8d03b4287eb95f67b68c2cf9f92_1_p1_c16,"newspaper_0b1bb8d03b4287eb95f67b68c2cf9f92_1_p1_c16,newspaper_0b1bb8d03b4287eb95f67b68c2cf9f92_1_p1_c15,newspaper_0b1bb8d03b4287eb95f67b68c2cf9f92_1_p1_c17",1,True,1.0
谁是云南省农业技术推广总站的人员？,5,newspaper_0b1bb8d03b4287eb95f67b68c2cf9f92_1_p1_c16,"newspaper_0b1bb8d03b4287eb95f67b68c2cf9f92_1_p1_c16,newspaper_0b1bb8d03b4287eb95f67b68c2cf9f92_1_p1_c15,newspaper_0b1bb8d03b4287eb95f67b68c2cf9f92_1_p1_c17,newspaper_0b1bb8d03b4287eb95f67b68c2cf9f92_1_p1_c1,newspaper_0b1bb8d03b4287eb95f67b68c2cf9f92_1_p1_c0",1,True,1.0
谁是黑龙江省农垦总局宝泉岭分局的负责人？,1,newspaper_0b1bb8d03b4287eb95f67b68c2cf9f92_1_p1_c17,newspaper_0b1bb8d03b4287eb95f67b68c2cf9f92_1_p1_c34,0,False,0.0
谁是黑龙江省农垦总局宝泉岭分局的负责人？,3,newspaper_0b1bb8d03b4287eb95f67b68c2cf9f92_1_p1_c17,"newspaper_0b1bb8d03b4287eb95f67b68c2cf9f92_1_p1_c34,newspaper_0b1bb8d03b4287eb95f67b68c2cf9f92_1_p1_c18,newspaper_0b1bb8d03b4287eb95f67b68c2cf9f92_1_p1_c17",3,True,1.0
谁是黑龙江省农垦总局宝泉岭分局的负责人？,5,newspaper_0b1bb8d03b4287eb95f67b68c2cf9f92_1_p1_c17,"newspaper_0b1bb8d03b4287eb95f67b68c2cf9f92_1_p1_c34,newspaper_0b1bb8d03b4287eb95f67b68c2cf9f92_1_p1_c18,newspaper_0b1bb8d03b4287eb95f67b68c2cf9f92_1_p1_c17,newspaper_0b1bb8d03b4287eb95f67b68c2cf9f92_1_p1_c8,newspaper_0b1bb8d03b4287eb95f67b68c2cf9f92_1_p1_c1",3,True,1.0
谁是黑龙江省农垦总局建三江分局的负责人？,1,newspaper_0b1bb8d03b4287eb95f67b68c2cf9f92_1_p1_c18,newspaper_0b1bb8d03b4287eb95f67b68c2cf9f92_1_p1_c34,0,False,0.0
谁是黑龙江省农垦总局建三江分局的负责人？,3,newspaper_0b1bb8d03b4287eb95f67b68c2cf9f92_1_p1_c18,"newspaper_0b1bb8d03b4287eb95f67b68c2cf9f92_1_p1_c34,newspaper_0b1bb8d03b4287eb95f67b68c2cf9f92_1_p1_c18,newspaper_0b1bb8d03b4287eb95f67b68c2cf9f92_1_p1_c35",2,True,1.0
谁是黑龙江省农垦总局建三江分局的负责人？,5,newspaper_0b1bb8d03b4287eb95f67b68c2cf9f92_1_p1_c18,"newspaper_0b1bb8d03b4287eb95f67b68c2cf9f92_1_p1_c34,newspaper_0b1bb8d03b4287eb95f67b68c2cf9f92_1_p1_c18,newspaper_0b1bb8d03b4287eb95f67b68c2cf9f92_1_p1_c35,newspaper_0b1bb8d03b4287eb95f67b68c2cf9f92_1_p1_c17,newspaper_0b1bb8d03b4287eb95f67b68c2cf9f92_1_p1_c1",2,True,1.0
谁是来自石家庄市正定县曲阳桥乡高平村的人？,1,newspaper_0b1bb8d03b4287eb95f67b68c2cf9f92_1_p1_c19,newspaper_0b1bb8d03b4287eb95f67b68c2cf9f92_1_p1_c19,1,True,1.0
谁是来自石家庄市正定县曲阳桥乡高平村的人？,3,newspaper_0b1bb8d03b4287eb95f67b68c2cf9f92_1_p1_c19,"newspaper_0b1bb8d03b4287eb95f67b68c2cf9f92_1_p1_c19,newspaper_0b1bb8d03b4287eb95f67b68c2cf9f92_1_p1_c32,newspaper_0b1bb8d03b4287eb95f67b68c2cf9f92_1_p1_c33",1,True,1.0
谁是来自石家庄市正定县曲阳桥乡高平村的人？,5,newspaper_0b1bb8d03b4287eb95f67b68c2cf9f92_1_p1_c19,"newspaper_0b1bb8d03b4287eb95f67b68c2cf9f92_1_p1_c19,newspaper_0b1bb8d03b4287eb95f67b68c2cf9f92_1_p1_c32,newspaper_0b1bb8d03b4287eb95f67b68c2cf9f92_1_p1_c33,newspaper_0b1bb8d03b4287eb95f67b68c2cf9f92_1_p1_c29,newspaper_0b1bb8d03b4287eb95f67b68c2cf9f92_1_p1_c26",1,True,1.0
哪个村的村民是来自通化市辉南县朝阳镇兴德村？,1,newspaper_0b1bb8d03b4287eb95f67b68c2cf9f92_1_p1_c20,newspaper_0b1bb8d03b4287eb95f67b68c2cf9f92_1_p1_c20,1,True,1.0
哪个村的村民是来自通化市辉南县朝阳镇兴德村？,3,newspaper_0b1bb8d03b4287eb95f67b68c2cf9f92_1_p1_c20,"newspaper_0b1bb8d03b4287eb95f67b68c2cf9f92_1_p1_c20,newspaper_0b1bb8d03b4287eb95f67b68c2cf9f92_1_p1_c32,yanbaopptmerge_yanbaoPPT_4635_p4635_c0",1,True,1.0
哪个村的村民是来自通化市辉南县朝阳镇兴德村？,5,newspaper_0b1bb8d03b4287eb95f67b68c2cf9f92_1_p1_c20,"newspaper_0b1bb8d03b4287eb95f67b68c2cf9f92_1_p1_c20,newspaper_0b1bb8d03b4287eb95f67b68c2cf9f92_1_p1_c32,yanbaopptmerge_yanbaoPPT_4635_p4635_c0,newspaper_e62730aaeb9b509119e0c3699ac18201_1_p1_c5,newspaper_0b1bb8d03b4287eb95f67b68c2cf9f92_1_p1_c21",1,True,1.0
谁是来自呼伦贝尔市阿荣旗得力其尔鄂温克族乡忠城堡的人？,1,newspaper_0b1bb8d03b4287eb95f67b68c2cf9f92_1_p1_c21,newspaper_0b1bb8d03b4287eb95f67b68c2cf9f92_1_p1_c21,1,True,1.0
谁是来自呼伦贝尔市阿荣旗得力其尔鄂温克族乡忠城堡的人？,3,newspaper_0b1bb8d03b4287eb95f67b68c2cf9f92_1_p1_c21,"newspaper_0b1bb8d03b4287eb95f67b68c2cf9f92_1_p1_c21,color_textbook_zhonggaokao_小学_KET听说读写逐项突破_KET听说读写逐项突破之轻松搞定KET写作25分 【10讲 褚连一】_第10讲第十课写作Part9小作文练习_第十课写作Part9小作文练习_page_010_p10_c1,newspaper_0b1bb8d03b4287eb95f67b68c2cf9f92_1_p1_c6",1,True,1.0
谁是来自呼伦贝尔市阿荣旗得力其尔鄂温克族乡忠城堡的人？,5,newspaper_0b1bb8d03b4287eb95f67b68c2cf9f92_1_p1_c21,"newspaper_0b1bb8d03b4287eb95f67b68c2cf9f92_1_p1_c21,color_textbook_zhonggaokao_小学_KET听说读写逐项突破_KET听说读写逐项突破之轻松搞定KET写作25分 【10讲 褚连一】_第10讲第十课写作Part9小作文练习_第十课写作Part9小作文练习_page_010_p10_c1,newspaper_0b1bb8d03b4287eb95f67b68c2cf9f92_1_p1_c6,yanbaopptmerge_yanbaoPPT_4975_p4975_c0,newspaper_0b1bb8d03b4287eb95f67b68c2cf9f92_1_p1_c7",1,True,1.0
谁是江苏省南京市江宁区淳化街道办事处青龙社区的村民？,1,newspaper_0b1bb8d03b4287eb95f67b68c2cf9f92_1_p1_c22,newspaper_0b1bb8d03b4287eb95f67b68c2cf9f92_1_p1_c22,1,True,1.0
谁是江苏省南京市江宁区淳化街道办事处青龙社区的村民？,3,newspaper_0b1bb8d03b4287eb95f67b68c2cf9f92_1_p1_c22,"newspaper_0b1bb8d03b4287eb95f67b68c2cf9f92_1_p1_c22,color_textbook_zhonggaokao_小学_KET听说读写逐项突破_KET听说读写逐项突破之轻松搞定KET写作25分 【10讲 褚连一】_第10讲第十课写作Part9小作文练习_第十课写作Part9小作文练习_page_010_p10_c1,newspaper_0b1bb8d03b4287eb95f67b68c2cf9f92_1_p1_c24",1,True,1.0
谁是江苏省南京市江宁区淳化街道办事处青龙社区的村民？,5,newspaper_0b1bb8d03b4287eb95f67b68c2cf9f92_1_p1_c22,"newspaper_0b1bb8d03b4287eb95f67b68c2cf9f92_1_p1_c22,color_textbook_zhonggaokao_小学_KET听说读写逐项突破_KET听说读写逐项突破之轻松搞定KET写作25分 【10讲 褚连一】_第10讲第十课写作Part9小作文练习_第十课写作Part9小作文练习_page_010_p10_c1,newspaper_0b1bb8d03b4287eb95f67b68c2cf9f92_1_p1_c24,newspaper_0b1bb8d03b4287eb95f67b68c2cf9f92_1_p1_c32,newspaper_0b1bb8d03b4287eb95f67b68c2cf9f92_1_p1_c28",1,True,1.0
谁是温州市乐清市乐成镇包的村民？,1,newspaper_0b1bb8d03b4287eb95f67b68c2cf9f92_1_p1_c23,newspaper_0b1bb8d03b4287eb95f67b68c2cf9f92_1_p1_c24,0,False,0.0
谁是温州市乐清市乐成镇包的村民？,3,newspaper_0b1bb8d03b4287eb95f67b68c2cf9f92_1_p1_c23,"newspaper_0b1bb8d03b4287eb95f67b68c2cf9f92_1_p1_c24,newspaper_0b1bb8d03b4287eb95f67b68c2cf9f92_1_p1_c32,newspaper_0b1bb8d03b4287eb95f67b68c2cf9f92_1_p1_c31",0,False,0.0
谁是温州市乐清市乐成镇包的村民？,5,newspaper_0b1bb8d03b4287eb95f67b68c2cf9f92_1_p1_c23,"newspaper_0b1bb8d03b4287eb95f67b68c2cf9f92_1_p1_c24,newspaper_0b1bb8d03b4287eb95f67b68c2cf9f92_1_p1_c32,newspaper_0b1bb8d03b4287eb95f67b68c2cf9f92_1_p1_c31,newspaper_0b1bb8d03b4287eb95f67b68c2cf9f92_1_p1_c33,newspaper_0b1bb8d03b4287eb95f67b68c2cf9f92_1_p1_c25",0,False,0.0
谁是安庆市望江县鸦滩镇码头村的村民？,1,newspaper_0b1bb8d03b4287eb95f67b68c2cf9f92_1_p1_c24,newspaper_0b1bb8d03b4287eb95f67b68c2cf9f92_1_p1_c24,1,True,1.0
谁是安庆市望江县鸦滩镇码头村的村民？,3,newspaper_0b1bb8d03b4287eb95f67b68c2cf9f92_1_p1_c24,"newspaper_0b1bb8d03b4287eb95f67b68c2cf9f92_1_p1_c24,newspaper_e62730aaeb9b509119e0c3699ac18201_1_p1_c5,newspaper_e62730aaeb9b509119e0c3699ac18201_1_p1_c1",1,True,1.0
谁是安庆市望江县鸦滩镇码头村的村民？,5,newspaper_0b1bb8d03b4287eb95f67b68c2cf9f92_1_p1_c24,"newspaper_0b1bb8d03b4287eb95f67b68c2cf9f92_1_p1_c24,newspaper_e62730aaeb9b509119e0c3699ac18201_1_p1_c5,newspaper_e62730aaeb9b509119e0c3699ac18201_1_p1_c1,newspaper_e62730aaeb9b509119e0c3699ac18201_1_p1_c8,newspaper_0b1bb8d03b4287eb95f67b68c2cf9f92_1_p1_c32",1,True,1.0
哪个村庄属于上饶市余干县瑞洪镇？,1,newspaper_0b1bb8d03b4287eb95f67b68c2cf9f92_1_p1_c25,newspaper_0b1bb8d03b4287eb95f67b68c2cf9f92_1_p1_c25,1,True,1.0
哪个村庄属于上饶市余干县瑞洪镇？,3,newspaper_0b1bb8d03b4287eb95f67b68c2cf9f92_1_p1_c25,"newspaper_0b1bb8d03b4287eb95f67b68c2cf9f92_1_p1_c25,newspaper_0b1bb8d03b4287eb95f67b68c2cf9f92_1_p1_c27,newspaper_0b1bb8d03b4287eb95f67b68c2cf9f92_1_p1_c24",1,True,1.0
哪个村庄属于上饶市余干县瑞洪镇？,5,newspaper_0b1bb8d03b4287eb95f67b68c2cf9f92_1_p1_c25,"newspaper_0b1bb8d03b4287eb95f67b68c2cf9f92_1_p1_c25,newspaper_0b1bb8d03b4287eb95f67b68c2cf9f92_1_p1_c27,newspaper_0b1bb8d03b4287eb95f67b68c2cf9f92_1_p1_c24,newspaper_0b1bb8d03b4287eb95f67b68c2cf9f92_1_p1_c4,newspaper_35bdaa11dec104ccbdc9e19ac8527d21_1_p1_c6",1,True,1.0
谁是驻马店市遂平县石寨铺镇李集村的人？,1,newspaper_0b1bb8d03b4287eb95f67b68c2cf9f92_1_p1_c26,newspaper_0b1bb8d03b4287eb95f67b68c2cf9f92_1_p1_c26,1,True,1.0
谁是驻马店市遂平县石寨铺镇李集村的人？,3,newspaper_0b1bb8d03b4287eb95f67b68c2cf9f92_1_p1_c26,"newspaper_0b1bb8d03b4287eb95f67b68c2cf9f92_1_p1_c26,color_textbook_zhonggaokao_小学_KET听说读写逐项突破_KET听说读写逐项突破之轻松搞定KET写作25分 【10讲 褚连一】_第10讲第十课写作Part9小作文练习_第十课写作Part9小作文练习_page_010_p10_c1,newspaper_0b1bb8d03b4287eb95f67b68c2cf9f92_1_p1_c24",1,True,1.0
谁是驻马店市遂平县石寨铺镇李集村的人？,5,newspaper_0b1bb8d03b4287eb95f67b68c2cf9f92_1_p1_c26,"newspaper_0b1bb8d03b4287eb95f67b68c2cf9f92_1_p1_c26,color_textbook_zhonggaokao_小学_KET听说读写逐项突破_KET听说读写逐项突破之轻松搞定KET写作25分 【10讲 褚连一】_第10讲第十课写作Part9小作文练习_第十课写作Part9小作文练习_page_010_p10_c1,newspaper_0b1bb8d03b4287eb95f67b68c2cf9f92_1_p1_c24,newspaper_0b1bb8d03b4287eb95f67b68c2cf9f92_1_p1_c31,newspaper_0b1bb8d03b4287eb95f67b68c2cf9f92_1_p1_c32",1,True,1.0
谁是襄阳市襄州区峪山镇宋冲村的负责人？,1,newspaper_0b1bb8d03b4287eb95f67b68c2cf9f92_1_p1_c27,newspaper_0b1bb8d03b4287eb95f67b68c2cf9f92_1_p1_c28,0,False,0.0
谁是襄阳市襄州区峪山镇宋冲村的负责人？,3,newspaper_0b1bb8d03b4287eb95f67b68c2cf9f92_1_p1_c27,"newspaper_0b1bb8d03b4287eb95f67b68c2cf9f92_1_p1_c28,newspaper_0b1bb8d03b4287eb95f67b68c2cf9f92_1_p1_c2,newspaper_0b1bb8d03b4287eb95f67b68c2cf9f92_1_p1_c1",0,False,0.0
谁是襄阳市襄州区峪山镇宋冲村的负责人？,5,newspaper_0b1bb8d03b4287eb95f67b68c2cf9f92_1_p1_c27,"newspaper_0b1bb8d03b4287eb95f67b68c2cf9f92_1_p1_c28,newspaper_0b1bb8d03b4287eb95f67b68c2cf9f92_1_p1_c2,newspaper_0b1bb8d03b4287eb95f67b68c2cf9f92_1_p1_c1,newspaper_0b1bb8d03b4287eb95f67b68c2cf9f92_1_p1_c14,newspaper_0b1bb8d03b4287eb95f67b68c2cf9f92_1_p1_c32",0,False,0.0
谁是益阳市大通湖区南湾湖办事处的联系人？,1,newspaper_0b1bb8d03b4287eb95f67b68c2cf9f92_1_p1_c28,newspaper_0b1bb8d03b4287eb95f67b68c2cf9f92_1_p1_c28,1,True,1.0
谁是益阳市大通湖区南湾湖办事处的联系人？,3,newspaper_0b1bb8d03b4287eb95f67b68c2cf9f92_1_p1_c28,"newspaper_0b1bb8d03b4287eb95f67b68c2cf9f92_1_p1_c28,newspaper_0b1bb8d03b4287eb95f67b68c2cf9f92_1_p1_c2,newspaper_0b1bb8d03b4287eb95f67b68c2cf9f92_1_p1_c29",1,True,1.0
谁是益阳市大通湖区南湾湖办事处的联系人？,5,newspaper_0b1bb8d03b4287eb95f67b68c2cf9f92_1_p1_c28,"newspaper_0b1bb8d03b4287eb95f67b68c2cf9f92_1_p1_c28,newspaper_0b1bb8d03b4287eb95f67b68c2cf9f92_1_p1_c2,newspaper_0b1bb8d03b4287eb95f67b68c2cf9f92_1_p1_c29,newspaper_0b1bb8d03b4287eb95f67b68c2cf9f92_1_p1_c14,yanbaopptmerge_5473246b8da789b9bfdeef53a70c4d72afd480415d5cbcedb83d105856710328.pdf_8_p8_c3",1,True,1.0
谁是贵港市平南县上渡镇下渡社区的居民？,1,newspaper_0b1bb8d03b4287eb95f67b68c2cf9f92_1_p1_c29,newspaper_0b1bb8d03b4287eb95f67b68c2cf9f92_1_p1_c30,0,False,0.0
谁是贵港市平南县上渡镇下渡社区的居民？,3,newspaper_0b1bb8d03b4287eb95f67b68c2cf9f92_1_p1_c29,"newspaper_0b1bb8d03b4287eb95f67b68c2cf9f92_1_p1_c30,color_textbook_zhonggaokao_小学_KET听说读写逐项突破_KET听说读写逐项突破之轻松搞定KET写作25分 【10讲 褚连一】_第10讲第十课写作Part9小作文练习_第十课写作Part9小作文练习_page_010_p10_c1,newspaper_0b1bb8d03b4287eb95f67b68c2cf9f92_1_p1_c2",0,False,0.0
谁是贵港市平南县上渡镇下渡社区的居民？,5,newspaper_0b1bb8d03b4287eb95f67b68c2cf9f92_1_p1_c29,"newspaper_0b1bb8d03b4287eb95f67b68c2cf9f92_1_p1_c30,color_textbook_zhonggaokao_小学_KET听说读写逐项突破_KET听说读写逐项突破之轻松搞定KET写作25分 【10讲 褚连一】_第10讲第十课写作Part9小作文练习_第十课写作Part9小作文练习_page_010_p10_c1,newspaper_0b1bb8d03b4287eb95f67b68c2cf9f92_1_p1_c2,newspaper_0b1bb8d03b4287eb95f67b68c2cf9f92_1_p1_c32,newspaper_e62730aaeb9b509119e0c3699ac18201_1_p1_c5",0,False,0.0
谁是德阳市广汉市连山镇锦花村的人？,1,newspaper_0b1bb8d03b4287eb95f67b68c2cf9f92_1_p1_c30,newspaper_0b1bb8d03b4287eb95f67b68c2cf9f92_1_p1_c30,1,True,1.0
谁是德阳市广汉市连山镇锦花村的人？,3,newspaper_0b1bb8d03b4287eb95f67b68c2cf9f92_1_p1_c30,"newspaper_0b1bb8d03b4287eb95f67b68c2cf9f92_1_p1_c30,newspaper_0b1bb8d03b4287eb95f67b68c2cf9f92_1_p1_c31,newspaper_0b1bb8d03b4287eb95f67b68c2cf9f92_1_p1_c2",1,True,1.0
谁是德阳市广汉市连山镇锦花村的人？,5,newspaper_0b1bb8d03b4287eb95f67b68c2cf9f92_1_p1_c30,"newspaper_0b1bb8d03b4287eb95f67b68c2cf9f92_1_p1_c30,newspaper_0b1bb8d03b4287eb95f67b68c2cf9f92_1_p1_c31,newspaper_0b1bb8d03b4287eb95f67b68c2cf9f92_1_p1_c2,newspaper_0b1bb8d03b4287eb95f67b68c2cf9f92_1_p1_c24,newspaper_0b1bb8d03b4287eb95f67b68c2cf9f92_1_p1_c1",1,True,1.0
哪个村属于德阳市广汉市连山镇？,1,newspaper_0b1bb8d03b4287eb95f67b68c2cf9f92_1_p1_c31,newspaper_0b1bb8d03b4287eb95f67b68c2cf9f92_1_p1_c31,1,True,1.0
哪个村属于德阳市广汉市连山镇？,3,newspaper_0b1bb8d03b4287eb95f67b68c2cf9f92_1_p1_c31,"newspaper_0b1bb8d03b4287eb95f67b68c2cf9f92_1_p1_c31,newspaper_0b1bb8d03b4287eb95f67b68c2cf9f92_1_p1_c30,newspaper_0b1bb8d03b4287eb95f67b68c2cf9f92_1_p1_c2",1,True,1.0
哪个村属于德阳市广汉市连山镇？,5,newspaper_0b1bb8d03b4287eb95f67b68c2cf9f92_1_p1_c31,"newspaper_0b1bb8d03b4287eb95f67b68c2cf9f92_1_p1_c31,newspaper_0b1bb8d03b4287eb95f67b68c2cf9f92_1_p1_c30,newspaper_0b1bb8d03b4287eb95f67b68c2cf9f92_1_p1_c2,color_textbook_zhonggaokao_小学_KET听说读写逐项突破_KET听说读写逐项突破之轻松搞定KET写作25分 【10讲 褚连一】_第10讲第十课写作Part9小作文练习_第十课写作Part9小作文练习_page_010_p10_c1,newspaper_0b1bb8d03b4287eb95f67b68c2cf9f92_1_p1_c27",1,True,1.0
谁是曲靖市陆良县中枢镇北门社区的居民？,1,newspaper_0b1bb8d03b4287eb95f67b68c2cf9f92_1_p1_c32,newspaper_0b1bb8d03b4287eb95f67b68c2cf9f92_1_p1_c32,1,True,1.0
谁是曲靖市陆良县中枢镇北门社区的居民？,3,newspaper_0b1bb8d03b4287eb95f67b68c2cf9f92_1_p1_c32,"newspaper_0b1bb8d03b4287eb95f67b68c2cf9f92_1_p1_c32,color_textbook_zhonggaokao_小学_KET听说读写逐项突破_KET听说读写逐项突破之轻松搞定KET写作25分 【10讲 褚连一】_第10讲第十课写作Part9小作文练习_第十课写作Part9小作文练习_page_010_p10_c1,newspaper_0b1bb8d03b4287eb95f67b68c2cf9f92_1_p1_c24",1,True,1.0
谁是曲靖市陆良县中枢镇北门社区的居民？,5,newspaper_0b1bb8d03b4287eb95f67b68c2cf9f92_1_p1_c32,"newspaper_0b1bb8d03b4287eb95f67b68c2cf9f92_1_p1_c32,color_textbook_zhonggaokao_小学_KET听说读写逐项突破_KET听说读写逐项突破之轻松搞定KET写作25分 【10讲 褚连一】_第10讲第十课写作Part9小作文练习_第十课写作Part9小作文练习_page_010_p10_c1,newspaper_0b1bb8d03b4287eb95f67b68c2cf9f92_1_p1_c24,newspaper_0b1bb8d03b4287eb95f67b68c2cf9f92_1_p1_c29,newspaper_0b1bb8d03b4287eb95f67b68c2cf9f92_1_p1_c22",1,True,1.0
哪个村庄属于甘肃省宝鸡市麟游县九成宫镇？,1,newspaper_0b1bb8d03b4287eb95f67b68c2cf9f92_1_p1_c33,newspaper_0b1bb8d03b4287eb95f67b68c2cf9f92_1_p1_c33,1,True,1.0
哪个村庄属于甘肃省宝鸡市麟游县九成宫镇？,3,newspaper_0b1bb8d03b4287eb95f67b68c2cf9f92_1_p1_c33,"newspaper_0b1bb8d03b4287eb95f67b68c2cf9f92_1_p1_c33,color_textbook_zhonggaokao_小学_KET听说读写逐项突破_KET听说读写逐项突破之轻松搞定KET写作25分 【10讲 褚连一】_第10讲第十课写作Part9小作文练习_第十课写作Part9小作文练习_page_010_p10_c1,newspaper_0b1bb8d03b4287eb95f67b68c2cf9f92_1_p1_c27",1,True,1.0
哪个村庄属于甘肃省宝鸡市麟游县九成宫镇？,5,newspaper_0b1bb8d03b4287eb95f67b68c2cf9f92_1_p1_c33,"newspaper_0b1bb8d03b4287eb95f67b68c2cf9f92_1_p1_c33,color_textbook_zhonggaokao_小学_KET听说读写逐项突破_KET听说读写逐项突破之轻松搞定KET写作25分 【10讲 褚连一】_第10讲第十课写作Part9小作文练习_第十课写作Part9小作文练习_page_010_p10_c1,newspaper_0b1bb8d03b4287eb95f67b68c2cf9f92_1_p1_c27,newspaper_e62730aaeb9b509119e0c3699ac18201_1_p1_c8,newspaper_0b1bb8d03b4287eb95f67b68c2cf9f92_1_p1_c2",1,True,1.0
谁是农四师七十七团的成员？,1,newspaper_0b1bb8d03b4287eb95f67b68c2cf9f92_1_p1_c34,newspaper_0b1bb8d03b4287eb95f67b68c2cf9f92_1_p1_c35,0,False,0.0
谁是农四师七十七团的成员？,3,newspaper_0b1bb8d03b4287eb95f67b68c2cf9f92_1_p1_c34,"newspaper_0b1bb8d03b4287eb95f67b68c2cf9f92_1_p1_c35,color_textbook_zhonggaokao_小学_KET听说读写逐项突破_KET听说读写逐项突破之轻松搞定KET写作25分 【10讲 褚连一】_第10讲第十课写作Part9小作文练习_第十课写作Part9小作文练习_page_010_p10_c1,newspaper_0b1bb8d03b4287eb95f67b68c2cf9f92_1_p1_c18",0,False,0.0
谁是农四师七十七团的成员？,5,newspaper_0b1bb8d03b4287eb95f67b68c2cf9f92_1_p1_c34,"newspaper_0b1bb8d03b4287eb95f67b68c2cf9f92_1_p1_c35,color_textbook_zhonggaokao_小学_KET听说读写逐项突破_KET听说读写逐项突破之轻松搞定KET写作25分 【10讲 褚连一】_第10讲第十课写作Part9小作文练习_第十课写作Part9小作文练习_page_010_p10_c1,newspaper_0b1bb8d03b4287eb95f67b68c2cf9f92_1_p1_c18,newspaper_0b1bb8d03b4287eb95f67b68c2cf9f92_1_p1_c14,newspaper_0b1bb8d03b4287eb95f67b68c2cf9f92_1_p1_c15",0,False,0.0
谁是农四师七十七团的成员？,1,newspaper_0b1bb8d03b4287eb95f67b68c2cf9f92_1_p1_c35,newspaper_0b1bb8d03b4287eb95f67b68c2cf9f92_1_p1_c35,1,True,1.0
谁是农四师七十七团的成员？,3,newspaper_0b1bb8d03b4287eb95f67b68c2cf9f92_1_p1_c35,"newspaper_0b1bb8d03b4287eb95f67b68c2cf9f92_1_p1_c35,color_textbook_zhonggaokao_小学_KET听说读写逐项突破_KET听说读写逐项突破之轻松搞定KET写作25分 【10讲 褚连一】_第10讲第十课写作Part9小作文练习_第十课写作Part9小作文练习_page_010_p10_c1,newspaper_0b1bb8d03b4287eb95f67b68c2cf9f92_1_p1_c18",1,True,1.0
谁是农四师七十七团的成员？,5,newspaper_0b1bb8d03b4287eb95f67b68c2cf9f92_1_p1_c35,"newspaper_0b1bb8d03b4287eb95f67b68c2cf9f92_1_p1_c35,color_textbook_zhonggaokao_小学_KET听说读写逐项突破_KET听说读写逐项突破之轻松搞定KET写作25分 【10讲 褚连一】_第10讲第十课写作Part9小作文练习_第十课写作Part9小作文练习_page_010_p10_c1,newspaper_0b1bb8d03b4287eb95f67b68c2cf9f92_1_p1_c18,newspaper_0b1bb8d03b4287eb95f67b68c2cf9f92_1_p1_c14,newspaper_0b1bb8d03b4287eb95f67b68c2cf9f92_1_p1_c15",1,True,1.0
What did Apple Maps incorrectly relocate according to the text?,1,magazine_TheEconomist.2024.03.09_page_064_p64_c0,magazine_TheEconomist.2024.03.09_page_064_p64_c0,1,True,1.0
What did Apple Maps incorrectly relocate according to the text?,3,magazine_TheEconomist.2024.03.09_page_064_p64_c0,"magazine_TheEconomist.2024.03.09_page_064_p64_c0,magazine_TheEconomist.2024.03.09_page_064_p64_c1,newspaper_The Globe and Mail - 2025-1-8@magazinesclubnew_page_014_p14_c3",1,True,1.0
What did Apple Maps incorrectly relocate according to the text?,5,magazine_TheEconomist.2024.03.09_page_064_p64_c0,"magazine_TheEconomist.2024.03.09_page_064_p64_c0,magazine_TheEconomist.2024.03.09_page_064_p64_c1,newspaper_The Globe and Mail - 2025-1-8@magazinesclubnew_page_014_p14_c3,newspaper_The Globe and Mail - 2025-1-8@magazinesclubnew_page_014_p14_c2,newspaper_The Globe and Mail - 2025-1-8@magazinesclubnew_page_014_p14_c7",1,True,1.0
What did a senior Apple executive say in 2013 about innovation?,1,magazine_TheEconomist.2024.03.09_page_064_p64_c1,magazine_TheEconomist.2024.03.09_page_064_p64_c1,1,True,1.0
What did a senior Apple executive say in 2013 about innovation?,3,magazine_TheEconomist.2024.03.09_page_064_p64_c1,"magazine_TheEconomist.2024.03.09_page_064_p64_c1,magazine_TheEconomist.2024.03.09_page_064_p64_c10,magazine_TheEconomist.2024.03.09_page_064_p64_c3",1,True,1.0
What did a senior Apple executive say in 2013 about innovation?,5,magazine_TheEconomist.2024.03.09_page_064_p64_c1,"magazine_TheEconomist.2024.03.09_page_064_p64_c1,magazine_TheEconomist.2024.03.09_page_064_p64_c10,magazine_TheEconomist.2024.03.09_page_064_p64_c3,magazine_TheEconomist.2024.03.09_page_064_p64_c0,magazine_TheEconomist.2024.03.09_page_064_p64_c2",1,True,1.0
What was the fine imposed on Apple by EU competition watchdogs?,1,magazine_TheEconomist.2024.03.09_page_064_p64_c2,magazine_TheEconomist.2024.03.09_page_064_p64_c2,1,True,1.0
What was the fine imposed on Apple by EU competition watchdogs?,3,magazine_TheEconomist.2024.03.09_page_064_p64_c2,"magazine_TheEconomist.2024.03.09_page_064_p64_c2,magazine_TheEconomist.2024.03.09_page_064_p64_c1,magazine_TheEconomist.2024.03.09_page_064_p64_c8",1,True,1.0
What was the fine imposed on Apple by EU competition watchdogs?,5,magazine_TheEconomist.2024.03.09_page_064_p64_c2,"magazine_TheEconomist.2024.03.09_page_064_p64_c2,magazine_TheEconomist.2024.03.09_page_064_p64_c1,magazine_TheEconomist.2024.03.09_page_064_p64_c8,magazine_TheEconomist.2024.03.09_page_064_p64_c0,newspaper_35bdaa11dec104ccbdc9e19ac8527d21_1_p1_c2",1,True,1.0
What is the name of Apple's mixed-reality headset?,1,magazine_TheEconomist.2024.03.09_page_064_p64_c3,magazine_TheEconomist.2024.03.09_page_064_p64_c3,1,True,1.0
What is the name of Apple's mixed-reality headset?,3,magazine_TheEconomist.2024.03.09_page_064_p64_c3,"magazine_TheEconomist.2024.03.09_page_064_p64_c3,magazine_TheEconomist.2024.03.09_page_064_p64_c1,magazine_TheEconomist.2024.03.09_page_064_p64_c0",1,True,1.0
What is the name of Apple's mixed-reality headset?,5,magazine_TheEconomist.2024.03.09_page_064_p64_c3,"magazine_TheEconomist.2024.03.09_page_064_p64_c3,magazine_TheEconomist.2024.03.09_page_064_p64_c1,magazine_TheEconomist.2024.03.09_page_064_p64_c0,magazine_TheEconomist.2024.03.09_page_064_p64_c7,magazine_TheEconomist.2024.03.09_page_064_p64_c2",1,True,1.0
When did Apple launch its first large-screen device?,1,magazine_TheEconomist.2024.03.09_page_064_p64_c4,magazine_TheEconomist.2024.03.09_page_064_p64_c4,1,True,1.0
When did Apple launch its first large-screen device?,3,magazine_TheEconomist.2024.03.09_page_064_p64_c4,"magazine_TheEconomist.2024.03.09_page_064_p64_c4,magazine_TheEconomist.2024.03.09_page_064_p64_c0,newspaper_The Globe and Mail - 2025-1-8@magazinesclubnew_page_014_p14_c2",1,True,1.0
When did Apple launch its first large-screen device?,5,magazine_TheEconomist.2024.03.09_page_064_p64_c4,"magazine_TheEconomist.2024.03.09_page_064_p64_c4,magazine_TheEconomist.2024.03.09_page_064_p64_c0,newspaper_The Globe and Mail - 2025-1-8@magazinesclubnew_page_014_p14_c2,magazine_TheEconomist.2024.03.09_page_064_p64_c1,magazine_TheEconomist.2024.03.09_page_064_p64_c2",1,True,1.0
What does Horace Dediu say about gen AI features?,1,magazine_TheEconomist.2024.03.09_page_064_p64_c5,magazine_TheEconomist.2024.03.09_page_064_p64_c6,0,False,0.0
What does Horace Dediu say about gen AI features?,3,magazine_TheEconomist.2024.03.09_page_064_p64_c5,"magazine_TheEconomist.2024.03.09_page_064_p64_c6,magazine_TheEconomist.2024.03.09_page_064_p64_c5,magazine_TheEconomist.2024.03.09_page_064_p64_c3",2,True,1.0
What does Horace Dediu say about gen AI features?,5,magazine_TheEconomist.2024.03.09_page_064_p64_c5,"magazine_TheEconomist.2024.03.09_page_064_p64_c6,magazine_TheEconomist.2024.03.09_page_064_p64_c5,magazine_TheEconomist.2024.03.09_page_064_p64_c3,magazine_TheEconomist.2024.03.09_page_064_p64_c7,magazine_TheEconomist.2024.03.09_page_064_p64_c2",2,True,1.0
What is Apple's approach to integrating gen AI?,1,magazine_TheEconomist.2024.03.09_page_064_p64_c6,magazine_TheEconomist.2024.03.09_page_064_p64_c6,1,True,1.0
What is Apple's approach to integrating gen AI?,3,magazine_TheEconomist.2024.03.09_page_064_p64_c6,"magazine_TheEconomist.2024.03.09_page_064_p64_c6,magazine_TheEconomist.2024.03.09_page_064_p64_c5,magazine_TheEconomist.2024.03.09_page_064_p64_c3",1,True,1.0
What is Apple's approach to integrating gen AI?,5,magazine_TheEconomist.2024.03.09_page_064_p64_c6,"magazine_TheEconomist.2024.03.09_page_064_p64_c6,magazine_TheEconomist.2024.03.09_page_064_p64_c5,magazine_TheEconomist.2024.03.09_page_064_p64_c3,magazine_TheEconomist.2024.03.09_page_064_p64_c9,magazine_TheEconomist.2024.03.09_page_064_p64_c7",1,True,1.0
What is the main gateway to gen AI according to the text?,1,magazine_TheEconomist.2024.03.09_page_064_p64_c7,magazine_TheEconomist.2024.03.09_page_064_p64_c7,1,True,1.0
What is the main gateway to gen AI according to the text?,3,magazine_TheEconomist.2024.03.09_page_064_p64_c7,"magazine_TheEconomist.2024.03.09_page_064_p64_c7,magazine_TheEconomist.2024.03.09_page_064_p64_c6,magazine_TheEconomist.2024.03.09_page_064_p64_c5",1,True,1.0
What is the main gateway to gen AI according to the text?,5,magazine_TheEconomist.2024.03.09_page_064_p64_c7,"magazine_TheEconomist.2024.03.09_page_064_p64_c7,magazine_TheEconomist.2024.03.09_page_064_p64_c6,magazine_TheEconomist.2024.03.09_page_064_p64_c5,magazine_TheEconomist.2024.03.09_page_064_p64_c3,magazine_TheEconomist.2024.03.09_page_064_p64_c9",1,True,1.0
What is the main concern of Apple regarding the Digital Markets Act?,1,magazine_TheEconomist.2024.03.09_page_064_p64_c8,magazine_TheEconomist.2024.03.09_page_064_p64_c8,1,True,1.0
What is the main concern of Apple regarding the Digital Markets Act?,3,magazine_TheEconomist.2024.03.09_page_064_p64_c8,"magazine_TheEconomist.2024.03.09_page_064_p64_c8,magazine_TheEconomist.2024.03.09_page_064_p64_c7,magazine_TheEconomist.2024.03.09_page_064_p64_c1",1,True,1.0
What is the main concern of Apple regarding the Digital Markets Act?,5,magazine_TheEconomist.2024.03.09_page_064_p64_c8,"magazine_TheEconomist.2024.03.09_page_064_p64_c8,magazine_TheEconomist.2024.03.09_page_064_p64_c7,magazine_TheEconomist.2024.03.09_page_064_p64_c1,magazine_TheEconomist.2024.03.09_page_064_p64_c2,magazine_TheEconomist.2024.03.09_page_064_p64_c0",1,True,1.0
What is the main concern regarding Apple's potential AI products?,1,magazine_TheEconomist.2024.03.09_page_064_p64_c9,magazine_TheEconomist.2024.03.09_page_064_p64_c9,1,True,1.0
What is the main concern regarding Apple's potential AI products?,3,magazine_TheEconomist.2024.03.09_page_064_p64_c9,"magazine_TheEconomist.2024.03.09_page_064_p64_c9,magazine_TheEconomist.2024.03.09_page_064_p64_c2,magazine_TheEconomist.2024.03.09_page_064_p64_c0",1,True,1.0
What is the main concern regarding Apple's potential AI products?,5,magazine_TheEconomist.2024.03.09_page_064_p64_c9,"magazine_TheEconomist.2024.03.09_page_064_p64_c9,magazine_TheEconomist.2024.03.09_page_064_p64_c2,magazine_TheEconomist.2024.03.09_page_064_p64_c0,magazine_TheEconomist.2024.03.09_page_064_p64_c6,magazine_TheEconomist.2024.03.09_page_064_p64_c5",1,True,1.0
What does Cupertino mutter about its ability to innovate?,1,magazine_TheEconomist.2024.03.09_page_064_p64_c10,magazine_TheEconomist.2024.03.09_page_064_p64_c10,1,True,1.0
What does Cupertino mutter about its ability to innovate?,3,magazine_TheEconomist.2024.03.09_page_064_p64_c10,"magazine_TheEconomist.2024.03.09_page_064_p64_c10,magazine_TheEconomist.2024.03.09_page_064_p64_c1,magazine_TheEconomist.2024.03.09_page_064_p64_c4",1,True,1.0
What does Cupertino mutter about its ability to innovate?,5,magazine_TheEconomist.2024.03.09_page_064_p64_c10,"magazine_TheEconomist.2024.03.09_page_064_p64_c10,magazine_TheEconomist.2024.03.09_page_064_p64_c1,magazine_TheEconomist.2024.03.09_page_064_p64_c4,magazine_TheEconomist.2023.12.23_page_012_p12_c4,magazine_TheEconomist.2024.03.09_page_064_p64_c6",1,True,1.0
谁认为生命没有败笔？,1,yanbaopptmerge_yanbaoPPT_5620_p5620_c0,yanbaopptmerge_yanbaoPPT_5620_p5620_c0,1,True,1.0
谁认为生命没有败笔？,3,yanbaopptmerge_yanbaoPPT_5620_p5620_c0,"yanbaopptmerge_yanbaoPPT_5620_p5620_c0,jiaocaineedrop_jiaocai_needrop_en_2193_p2193_c1,newspaper_fe2c8b45b2a086cd75984640bb3080e1_1_p1_c3",1,True,1.0
谁认为生命没有败笔？,5,yanbaopptmerge_yanbaoPPT_5620_p5620_c0,"yanbaopptmerge_yanbaoPPT_5620_p5620_c0,jiaocaineedrop_jiaocai_needrop_en_2193_p2193_c1,newspaper_fe2c8b45b2a086cd75984640bb3080e1_1_p1_c3,jiaocaineedrop_jiaocai_needrop_en_377_p377_c6,jiaocaineedrop_jiaocai_needrop_en_155_p155_c1",1,True,1.0
东南亚人喜食米饭的主要原因是什么？,1,notes_1ba14cb325bc448f7201b20502ecf2b5_33_p33_c0,notes_1ba14cb325bc448f7201b20502ecf2b5_33_p33_c0,1,True,1.0
东南亚人喜食米饭的主要原因是什么？,3,notes_1ba14cb325bc448f7201b20502ecf2b5_33_p33_c0,"notes_1ba14cb325bc448f7201b20502ecf2b5_33_p33_c0,newspaper_fe2c8b45b2a086cd75984640bb3080e1_1_p1_c3,newspaper_fe2c8b45b2a086cd75984640bb3080e1_1_p1_c2",1,True,1.0
东南亚人喜食米饭的主要原因是什么？,5,notes_1ba14cb325bc448f7201b20502ecf2b5_33_p33_c0,"notes_1ba14cb325bc448f7201b20502ecf2b5_33_p33_c0,newspaper_fe2c8b45b2a086cd75984640bb3080e1_1_p1_c3,newspaper_fe2c8b45b2a086cd75984640bb3080e1_1_p1_c2,exam_paper_2016年安徽省中考英语试题（解析）_page_015_p15_c0,jiaocaineedrop_jiaocai_needrop_en_2884_p2884_c1",1,True,1.0
哪个城市靠近伊洛瓦底江？,1,notes_1ba14cb325bc448f7201b20502ecf2b5_33_p33_c1,notes_1ba14cb325bc448f7201b20502ecf2b5_33_p33_c1,1,True,1.0
哪个城市靠近伊洛瓦底江？,3,notes_1ba14cb325bc448f7201b20502ecf2b5_33_p33_c1,"notes_1ba14cb325bc448f7201b20502ecf2b5_33_p33_c1,notes_1ba14cb325bc448f7201b20502ecf2b5_33_p33_c0,newspaper_The Globe and Mail - 2025-1-8@magazinesclubnew_page_014_p14_c8",1,True,1.0
哪个城市靠近伊洛瓦底江？,5,notes_1ba14cb325bc448f7201b20502ecf2b5_33_p33_c1,"notes_1ba14cb325bc448f7201b20502ecf2b5_33_p33_c1,notes_1ba14cb325bc448f7201b20502ecf2b5_33_p33_c0,newspaper_The Globe and Mail - 2025-1-8@magazinesclubnew_page_014_p14_c8,newspaper_The Globe and Mail - 2025-1-8@magazinesclubnew_page_014_p14_c7,newspaper_The Globe and Mail - 2025-1-8@magazinesclubnew_page_014_p14_c9",1,True,1.0
What was the standard deviation for the ODI score in the local bone graft group?,1,scihub_s00586-010-1656-7.pdf_3_p3_c0,scihub_s00586-010-1656-7.pdf_3_p3_c0,1,True,1.0
What was the standard deviation for the ODI score in the local bone graft group?,3,scihub_s00586-010-1656-7.pdf_3_p3_c0,"scihub_s00586-010-1656-7.pdf_3_p3_c0,scihub_s00586-010-1656-7.pdf_3_p3_c2,scihub_s00586-010-1656-7.pdf_3_p3_c1",1,True,1.0
What was the standard deviation for the ODI score in the local bone graft group?,5,scihub_s00586-010-1656-7.pdf_3_p3_c0,"scihub_s00586-010-1656-7.pdf_3_p3_c0,scihub_s00586-010-1656-7.pdf_3_p3_c2,scihub_s00586-010-1656-7.pdf_3_p3_c1,scihub_s00586-010-1656-7.pdf_3_p3_c6,scihub_s00586-010-1656-7.pdf_3_p3_c4",1,True,1.0
What was the incidence of sensory loss around iliac crest in the ICBG group?,1,scihub_s00586-010-1656-7.pdf_3_p3_c1,scihub_s00586-010-1656-7.pdf_3_p3_c4,0,False,0.0
What was the incidence of sensory loss around iliac crest in the ICBG group?,3,scihub_s00586-010-1656-7.pdf_3_p3_c1,"scihub_s00586-010-1656-7.pdf_3_p3_c4,scihub_s00586-010-1656-7.pdf_3_p3_c5,scihub_s00586-010-1656-7.pdf_3_p3_c1",3,True,1.0
What was the incidence of sensory loss around iliac crest in the ICBG group?,5,scihub_s00586-010-1656-7.pdf_3_p3_c1,"scihub_s00586-010-1656-7.pdf_3_p3_c4,scihub_s00586-010-1656-7.pdf_3_p3_c5,scihub_s00586-010-1656-7.pdf_3_p3_c1,scihub_s00586-010-1656-7.pdf_3_p3_c3,scihub_s00586-010-1656-7.pdf_3_p3_c2",3,True,1.0
What complication was observed in the local bone graft group according to Table 5?,1,scihub_s00586-010-1656-7.pdf_3_p3_c2,scihub_s00586-010-1656-7.pdf_3_p3_c3,0,False,0.0
What complication was observed in the local bone graft group according to Table 5?,3,scihub_s00586-010-1656-7.pdf_3_p3_c2,"scihub_s00586-010-1656-7.pdf_3_p3_c3,scihub_s00586-010-1656-7.pdf_3_p3_c4,scihub_s00586-010-1656-7.pdf_3_p3_c2",3,True,1.0
What complication was observed in the local bone graft group according to Table 5?,5,scihub_s00586-010-1656-7.pdf_3_p3_c2,"scihub_s00586-010-1656-7.pdf_3_p3_c3,scihub_s00586-010-1656-7.pdf_3_p3_c4,scihub_s00586-010-1656-7.pdf_3_p3_c2,scihub_s00586-010-1656-7.pdf_3_p3_c1,scihub_s00586-010-1656-7.pdf_3_p3_c7",3,True,1.0
What complications were found in the ICBG group?,1,scihub_s00586-010-1656-7.pdf_3_p3_c3,scihub_s00586-010-1656-7.pdf_3_p3_c4,0,False,0.0
What complications were found in the ICBG group?,3,scihub_s00586-010-1656-7.pdf_3_p3_c3,"scihub_s00586-010-1656-7.pdf_3_p3_c4,scihub_s00586-010-1656-7.pdf_3_p3_c3,scihub_s00586-010-1656-7.pdf_3_p3_c2",2,True,1.0
What complications were found in the ICBG group?,5,scihub_s00586-010-1656-7.pdf_3_p3_c3,"scihub_s00586-010-1656-7.pdf_3_p3_c4,scihub_s00586-010-1656-7.pdf_3_p3_c3,scihub_s00586-010-1656-7.pdf_3_p3_c2,scihub_s00586-010-1656-7.pdf_3_p3_c1,scihub_s00586-010-1656-7.pdf_3_p3_c5",2,True,1.0
What percentage of patients experienced sensory disturbance around the iliac crest in the study?,1,scihub_s00586-010-1656-7.pdf_3_p3_c4,scihub_s00586-010-1656-7.pdf_3_p3_c4,1,True,1.0
What percentage of patients experienced sensory disturbance around the iliac crest in the study?,3,scihub_s00586-010-1656-7.pdf_3_p3_c4,"scihub_s00586-010-1656-7.pdf_3_p3_c4,scihub_s00586-010-1656-7.pdf_3_p3_c5,scihub_s00586-010-1656-7.pdf_3_p3_c3",1,True,1.0
What percentage of patients experienced sensory disturbance around the iliac crest in the study?,5,scihub_s00586-010-1656-7.pdf_3_p3_c4,"scihub_s00586-010-1656-7.pdf_3_p3_c4,scihub_s00586-010-1656-7.pdf_3_p3_c5,scihub_s00586-010-1656-7.pdf_3_p3_c3,scihub_s00586-010-1656-7.pdf_3_p3_c1,scihub_s00586-010-1656-7.pdf_3_p3_c2",1,True,1.0
What percentage of patients experienced donor site pain in the ICBG group 2 years after surgery?,1,scihub_s00586-010-1656-7.pdf_3_p3_c5,scihub_s00586-010-1656-7.pdf_3_p3_c5,1,True,1.0
What percentage of patients experienced donor site pain in the ICBG group 2 years after surgery?,3,scihub_s00586-010-1656-7.pdf_3_p3_c5,"scihub_s00586-010-1656-7.pdf_3_p3_c5,scihub_s00586-010-1656-7.pdf_3_p3_c4,scihub_s00586-010-1656-7.pdf_3_p3_c3",1,True,1.0
What percentage of patients experienced donor site pain in the ICBG group 2 years after surgery?,5,scihub_s00586-010-1656-7.pdf_3_p3_c5,"scihub_s00586-010-1656-7.pdf_3_p3_c5,scihub_s00586-010-1656-7.pdf_3_p3_c4,scihub_s00586-010-1656-7.pdf_3_p3_c3,scihub_s00586-010-1656-7.pdf_3_p3_c2,scihub_s00586-010-1656-7.pdf_3_p3_c1",1,True,1.0
What was the overall fusion rate in the ICBG group according to the study?,1,scihub_s00586-010-1656-7.pdf_3_p3_c6,scihub_s00586-010-1656-7.pdf_3_p3_c6,1,True,1.0
What was the overall fusion rate in the ICBG group according to the study?,3,scihub_s00586-010-1656-7.pdf_3_p3_c6,"scihub_s00586-010-1656-7.pdf_3_p3_c6,scihub_s00586-010-1656-7.pdf_3_p3_c5,scihub_s00586-010-1656-7.pdf_3_p3_c4",1,True,1.0
What was the overall fusion rate in the ICBG group according to the study?,5,scihub_s00586-010-1656-7.pdf_3_p3_c6,"scihub_s00586-010-1656-7.pdf_3_p3_c6,scihub_s00586-010-1656-7.pdf_3_p3_c5,scihub_s00586-010-1656-7.pdf_3_p3_c4,scihub_s00586-010-1656-7.pdf_3_p3_c3,scihub_s00586-010-1656-7.pdf_3_p3_c2",1,True,1.0
What was the outcome difference between the local bone graft group and the ICBG group?,1,scihub_s00586-010-1656-7.pdf_3_p3_c7,scihub_s00586-010-1656-7.pdf_3_p3_c7,1,True,1.0
What was the outcome difference between the local bone graft group and the ICBG group?,3,scihub_s00586-010-1656-7.pdf_3_p3_c7,"scihub_s00586-010-1656-7.pdf_3_p3_c7,scihub_s00586-010-1656-7.pdf_3_p3_c6,scihub_s00586-010-1656-7.pdf_3_p3_c4",1,True,1.0
What was the outcome difference between the local bone graft group and the ICBG group?,5,scihub_s00586-010-1656-7.pdf_3_p3_c7,"scihub_s00586-010-1656-7.pdf_3_p3_c7,scihub_s00586-010-1656-7.pdf_3_p3_c6,scihub_s00586-010-1656-7.pdf_3_p3_c4,scihub_s00586-010-1656-7.pdf_3_p3_c3,scihub_s00586-010-1656-7.pdf_3_p3_c2",1,True,1.0
What is the minimum number of tiles required for a rectangle?,1,exam_paper_en-file-putnam-archive_2016_Solutions_2016s_page_002_p2_c0,exam_paper_en-file-putnam-archive_2016_Solutions_2016s_page_002_p2_c0,1,True,1.0
What is the minimum number of tiles required for a rectangle?,3,exam_paper_en-file-putnam-archive_2016_Solutions_2016s_page_002_p2_c0,"exam_paper_en-file-putnam-archive_2016_Solutions_2016s_page_002_p2_c0,exam_paper_en-file-putnam-archive_2016_Solutions_2016s_page_002_p2_c1,exam_paper_en-file-putnam-archive_2016_Solutions_2016s_page_002_p2_c2",1,True,1.0
What is the minimum number of tiles required for a rectangle?,5,exam_paper_en-file-putnam-archive_2016_Solutions_2016s_page_002_p2_c0,"exam_paper_en-file-putnam-archive_2016_Solutions_2016s_page_002_p2_c0,exam_paper_en-file-putnam-archive_2016_Solutions_2016s_page_002_p2_c1,exam_paper_en-file-putnam-archive_2016_Solutions_2016s_page_002_p2_c2,exam_paper_en-file-putnam-archive_2007_Solutions_2007s_page_001_p1_c8,jiaocaineedrop_jiaocai_needrop_en_2893_p2893_c2",1,True,1.0
How many tiles of the first type are used to cover the 7×7 square?,1,exam_paper_en-file-putnam-archive_2016_Solutions_2016s_page_002_p2_c1,exam_paper_en-file-putnam-archive_2016_Solutions_2016s_page_002_p2_c2,0,False,0.0
How many tiles of the first type are used to cover the 7×7 square?,3,exam_paper_en-file-putnam-archive_2016_Solutions_2016s_page_002_p2_c1,"exam_paper_en-file-putnam-archive_2016_Solutions_2016s_page_002_p2_c2,exam_paper_en-file-putnam-archive_2016_Solutions_2016s_page_002_p2_c1,exam_paper_en-file-putnam-archive_2016_Solutions_2016s_page_002_p2_c0",2,True,1.0
How many tiles of the first type are used to cover the 7×7 square?,5,exam_paper_en-file-putnam-archive_2016_Solutions_2016s_page_002_p2_c1,"exam_paper_en-file-putnam-archive_2016_Solutions_2016s_page_002_p2_c2,exam_paper_en-file-putnam-archive_2016_Solutions_2016s_page_002_p2_c1,exam_paper_en-file-putnam-archive_2016_Solutions_2016s_page_002_p2_c0,newspaper_The Globe and Mail - 2025-1-8@magazinesclubnew_page_014_p14_c12,newspaper_The Globe and Mail - 2025-1-8@magazinesclubnew_page_014_p14_c17",2,True,1.0
What is the total number of tiles used in the equation?,1,exam_paper_en-file-putnam-archive_2016_Solutions_2016s_page_002_p2_c2,exam_paper_en-file-putnam-archive_2016_Solutions_2016s_page_002_p2_c2,1,True,1.0
What is the total number of tiles used in the equation?,3,exam_paper_en-file-putnam-archive_2016_Solutions_2016s_page_002_p2_c2,"exam_paper_en-file-putnam-archive_2016_Solutions_2016s_page_002_p2_c2,exam_paper_en-file-putnam-archive_2016_Solutions_2016s_page_002_p2_c1,exam_paper_en-file-putnam-archive_2016_Solutions_2016s_page_002_p2_c0",1,True,1.0
What is the total number of tiles used in the equation?,5,exam_paper_en-file-putnam-archive_2016_Solutions_2016s_page_002_p2_c2,"exam_paper_en-file-putnam-archive_2016_Solutions_2016s_page_002_p2_c2,exam_paper_en-file-putnam-archive_2016_Solutions_2016s_page_002_p2_c1,exam_paper_en-file-putnam-archive_2016_Solutions_2016s_page_002_p2_c0,book_en_[搬书匠#893][Pyomo—Optimization Modeling in Python].2012.英文版_page_188_p188_c0,newspaper_The Globe and Mail - 2025-1-8@magazinesclubnew_page_014_p14_c12",1,True,1.0
What is the consequence of $ g $ being of odd order in $ G $?,1,exam_paper_en-file-putnam-archive_2016_Solutions_2016s_page_002_p2_c4,exam_paper_en-file-putnam-archive_2016_Solutions_2016s_page_002_p2_c4,1,True,1.0
What is the consequence of $ g $ being of odd order in $ G $?,3,exam_paper_en-file-putnam-archive_2016_Solutions_2016s_page_002_p2_c4,"exam_paper_en-file-putnam-archive_2016_Solutions_2016s_page_002_p2_c4,exam_paper_en-file-putnam-archive_2016_Solutions_2016s_page_002_p2_c6,exam_paper_en-file-putnam-archive_2011_Solutions_2011s_page_002_p2_c2",1,True,1.0
What is the consequence of $ g $ being of odd order in $ G $?,5,exam_paper_en-file-putnam-archive_2016_Solutions_2016s_page_002_p2_c4,"exam_paper_en-file-putnam-archive_2016_Solutions_2016s_page_002_p2_c4,exam_paper_en-file-putnam-archive_2016_Solutions_2016s_page_002_p2_c6,exam_paper_en-file-putnam-archive_2011_Solutions_2011s_page_002_p2_c2,exam_paper_en-file-putnam-archive_2011_Solutions_2011s_page_002_p2_c3,exam_paper_en-file-putnam-archive_2011_Solutions_2011s_page_002_p2_c0",1,True,1.0
What is the representation of s in terms of the indices i and j?,1,exam_paper_en-file-putnam-archive_2016_Solutions_2016s_page_002_p2_c5,exam_paper_en-file-putnam-archive_2016_Solutions_2016s_page_002_p2_c5,1,True,1.0
What is the representation of s in terms of the indices i and j?,3,exam_paper_en-file-putnam-archive_2016_Solutions_2016s_page_002_p2_c5,"exam_paper_en-file-putnam-archive_2016_Solutions_2016s_page_002_p2_c5,exam_paper_en-file-putnam-archive_2016_Solutions_2016s_page_002_p2_c6,exam_paper_en-file-putnam-archive_2016_Solutions_2016s_page_002_p2_c3",1,True,1.0
What is the representation of s in terms of the indices i and j?,5,exam_paper_en-file-putnam-archive_2016_Solutions_2016s_page_002_p2_c5,"exam_paper_en-file-putnam-archive_2016_Solutions_2016s_page_002_p2_c5,exam_paper_en-file-putnam-archive_2016_Solutions_2016s_page_002_p2_c6,exam_paper_en-file-putnam-archive_2016_Solutions_2016s_page_002_p2_c3,exam_paper_en-file-putnam-archive_1996_Solutions_1996s_page_002_p2_c0,exam_paper_en-file-putnam-archive_2016_Solutions_2016s_page_002_p2_c4",1,True,1.0
What is the result of the expression gh(g^{-1}h)^{-1}?,1,exam_paper_en-file-putnam-archive_2016_Solutions_2016s_page_002_p2_c6,exam_paper_en-file-putnam-archive_2016_Solutions_2016s_page_002_p2_c6,1,True,1.0
What is the result of the expression gh(g^{-1}h)^{-1}?,3,exam_paper_en-file-putnam-archive_2016_Solutions_2016s_page_002_p2_c6,"exam_paper_en-file-putnam-archive_2016_Solutions_2016s_page_002_p2_c6,exam_paper_en-file-putnam-archive_2011_Solutions_2011s_page_002_p2_c1,exam_paper_en-file-putnam-archive_2016_Solutions_2016s_page_002_p2_c4",1,True,1.0
What is the result of the expression gh(g^{-1}h)^{-1}?,5,exam_paper_en-file-putnam-archive_2016_Solutions_2016s_page_002_p2_c6,"exam_paper_en-file-putnam-archive_2016_Solutions_2016s_page_002_p2_c6,exam_paper_en-file-putnam-archive_2011_Solutions_2011s_page_002_p2_c1,exam_paper_en-file-putnam-archive_2016_Solutions_2016s_page_002_p2_c4,exam_paper_en-file-putnam-archive_2011_Solutions_2011s_page_002_p2_c0,exam_paper_en-file-putnam-archive_2016_Solutions_2016s_page_002_p2_c7",1,True,1.0
What is the maximum length of the shortest path in the Cayley digraph?,1,exam_paper_en-file-putnam-archive_2016_Solutions_2016s_page_002_p2_c7,exam_paper_en-file-putnam-archive_2016_Solutions_2016s_page_002_p2_c7,1,True,1.0
What is the maximum length of the shortest path in the Cayley digraph?,3,exam_paper_en-file-putnam-archive_2016_Solutions_2016s_page_002_p2_c7,"exam_paper_en-file-putnam-archive_2016_Solutions_2016s_page_002_p2_c7,exam_paper_en-file-putnam-archive_2016_Solutions_2016s_page_002_p2_c6,docstructbench_llm-raw-scihub-o.O-j.chroma.2005.03.134.pdf_6_p6_c4",1,True,1.0
What is the maximum length of the shortest path in the Cayley digraph?,5,exam_paper_en-file-putnam-archive_2016_Solutions_2016s_page_002_p2_c7,"exam_paper_en-file-putnam-archive_2016_Solutions_2016s_page_002_p2_c7,exam_paper_en-file-putnam-archive_2016_Solutions_2016s_page_002_p2_c6,docstructbench_llm-raw-scihub-o.O-j.chroma.2005.03.134.pdf_6_p6_c4,newspaper_The Globe and Mail - 2025-1-8@magazinesclubnew_page_014_p14_c6,exam_paper_en-file-putnam-archive_2009_Solutions_2009s_page_003_p3_c6",1,True,1.0
What is the relationship between $S_r$ and $S_{r+1}$?,1,exam_paper_en-file-putnam-archive_2016_Solutions_2016s_page_002_p2_c8,exam_paper_en-file-putnam-archive_2016_Solutions_2016s_page_002_p2_c8,1,True,1.0
What is the relationship between $S_r$ and $S_{r+1}$?,3,exam_paper_en-file-putnam-archive_2016_Solutions_2016s_page_002_p2_c8,"exam_paper_en-file-putnam-archive_2016_Solutions_2016s_page_002_p2_c8,exam_paper_en-file-putnam-archive_2016_Solutions_2016s_page_002_p2_c7,exam_paper_en-file-putnam-archive_2016_Solutions_2016s_page_002_p2_c6",1,True,1.0
What is the relationship between $S_r$ and $S_{r+1}$?,5,exam_paper_en-file-putnam-archive_2016_Solutions_2016s_page_002_p2_c8,"exam_paper_en-file-putnam-archive_2016_Solutions_2016s_page_002_p2_c8,exam_paper_en-file-putnam-archive_2016_Solutions_2016s_page_002_p2_c7,exam_paper_en-file-putnam-archive_2016_Solutions_2016s_page_002_p2_c6,exam_paper_en-file-putnam-archive_2016_Solutions_2016s_page_002_p2_c5,exam_paper_en-file-putnam-archive_1996_Solutions_1996s_page_002_p2_c3",1,True,1.0
What is the total FTES for 2009-10?,1,yanbaopptmerge_e60b3b61281e87ddf42f9321a9e6ef9d.pdf_159_p159_c1,yanbaopptmerge_e60b3b61281e87ddf42f9321a9e6ef9d.pdf_159_p159_c1,1,True,1.0
What is the total FTES for 2009-10?,3,yanbaopptmerge_e60b3b61281e87ddf42f9321a9e6ef9d.pdf_159_p159_c1,"yanbaopptmerge_e60b3b61281e87ddf42f9321a9e6ef9d.pdf_159_p159_c1,yanbaopptmerge_e60b3b61281e87ddf42f9321a9e6ef9d.pdf_159_p159_c0,eastmoney_e42b6e1cd2d48113ff4db8854e539d828d632bf9b1757e10cb8ddb2cfc7b1393.pdf_12_p12_c1",1,True,1.0
What is the total FTES for 2009-10?,5,yanbaopptmerge_e60b3b61281e87ddf42f9321a9e6ef9d.pdf_159_p159_c1,"yanbaopptmerge_e60b3b61281e87ddf42f9321a9e6ef9d.pdf_159_p159_c1,yanbaopptmerge_e60b3b61281e87ddf42f9321a9e6ef9d.pdf_159_p159_c0,eastmoney_e42b6e1cd2d48113ff4db8854e539d828d632bf9b1757e10cb8ddb2cfc7b1393.pdf_12_p12_c1,yanbaopptmerge_e60b3b61281e87ddf42f9321a9e6ef9d.pdf_159_p159_c2,docstructbench_dianzishu_zhongwenzaixian-o.O-61323717.pdf_203_p203_c2",1,True,1.0
What is the IQR for the FTES for 2005–2006 through 2010–2011?,1,yanbaopptmerge_e60b3b61281e87ddf42f9321a9e6ef9d.pdf_159_p159_c2,yanbaopptmerge_e60b3b61281e87ddf42f9321a9e6ef9d.pdf_159_p159_c1,0,False,0.0
What is the IQR for the FTES for 2005–2006 through 2010–2011?,3,yanbaopptmerge_e60b3b61281e87ddf42f9321a9e6ef9d.pdf_159_p159_c2,"yanbaopptmerge_e60b3b61281e87ddf42f9321a9e6ef9d.pdf_159_p159_c1,yanbaopptmerge_e60b3b61281e87ddf42f9321a9e6ef9d.pdf_159_p159_c0,yanbaopptmerge_e60b3b61281e87ddf42f9321a9e6ef9d.pdf_159_p159_c2",3,True,1.0
What is the IQR for the FTES for 2005–2006 through 2010–2011?,5,yanbaopptmerge_e60b3b61281e87ddf42f9321a9e6ef9d.pdf_159_p159_c2,"yanbaopptmerge_e60b3b61281e87ddf42f9321a9e6ef9d.pdf_159_p159_c1,yanbaopptmerge_e60b3b61281e87ddf42f9321a9e6ef9d.pdf_159_p159_c0,yanbaopptmerge_e60b3b61281e87ddf42f9321a9e6ef9d.pdf_159_p159_c2,docstructbench_llm-raw-scihub-o.O-j.chroma.2005.05.085.pdf_4_p4_c6,newspaper_The Globe and Mail - 2025-1-8@magazinesclubnew_page_014_p14_c8",3,True,1.0
What is the standard deviation for the cost of a guitar?,1,yanbaopptmerge_e60b3b61281e87ddf42f9321a9e6ef9d.pdf_159_p159_c3,yanbaopptmerge_e60b3b61281e87ddf42f9321a9e6ef9d.pdf_159_p159_c3,1,True,1.0
What is the standard deviation for the cost of a guitar?,3,yanbaopptmerge_e60b3b61281e87ddf42f9321a9e6ef9d.pdf_159_p159_c3,"yanbaopptmerge_e60b3b61281e87ddf42f9321a9e6ef9d.pdf_159_p159_c3,yanbaopptmerge_e60b3b61281e87ddf42f9321a9e6ef9d.pdf_159_p159_c4,eastmoney_e42b6e1cd2d48113ff4db8854e539d828d632bf9b1757e10cb8ddb2cfc7b1393.pdf_12_p12_c1",1,True,1.0
What is the standard deviation for the cost of a guitar?,5,yanbaopptmerge_e60b3b61281e87ddf42f9321a9e6ef9d.pdf_159_p159_c3,"yanbaopptmerge_e60b3b61281e87ddf42f9321a9e6ef9d.pdf_159_p159_c3,yanbaopptmerge_e60b3b61281e87ddf42f9321a9e6ef9d.pdf_159_p159_c4,eastmoney_e42b6e1cd2d48113ff4db8854e539d828d632bf9b1757e10cb8ddb2cfc7b1393.pdf_12_p12_c1,docstructbench_dianzishu_zhongwenzaixian-o.O-60403612.pdf_179_p179_c3,docstructbench_llm-raw-scihub-o.O-j.chroma.2005.05.085.pdf_4_p4_c6",1,True,1.0
Which instrument has the lowest cost compared to others of the same type?,1,yanbaopptmerge_e60b3b61281e87ddf42f9321a9e6ef9d.pdf_159_p159_c4,yanbaopptmerge_e60b3b61281e87ddf42f9321a9e6ef9d.pdf_159_p159_c3,0,False,0.0
Which instrument has the lowest cost compared to others of the same type?,3,yanbaopptmerge_e60b3b61281e87ddf42f9321a9e6ef9d.pdf_159_p159_c4,"yanbaopptmerge_e60b3b61281e87ddf42f9321a9e6ef9d.pdf_159_p159_c3,yanbaopptmerge_e60b3b61281e87ddf42f9321a9e6ef9d.pdf_159_p159_c4,yanbaopptmerge_2f4902871606698497c53ccb18d3fec2f83d05047d883cd65bbce26bfb27bcd2.pdf_1_p1_c1",2,True,1.0
Which instrument has the lowest cost compared to others of the same type?,5,yanbaopptmerge_e60b3b61281e87ddf42f9321a9e6ef9d.pdf_159_p159_c4,"yanbaopptmerge_e60b3b61281e87ddf42f9321a9e6ef9d.pdf_159_p159_c3,yanbaopptmerge_e60b3b61281e87ddf42f9321a9e6ef9d.pdf_159_p159_c4,yanbaopptmerge_2f4902871606698497c53ccb18d3fec2f83d05047d883cd65bbce26bfb27bcd2.pdf_1_p1_c1,docstructbench_dianzishu_zhongwenzaixian-o.O-60403612.pdf_179_p179_c4,docstructbench_dianzishu_zhongwenzaixian-o.O-60403612.pdf_179_p179_c3",2,True,1.0
Who is the fastest runner with respect to his or her class? Explain why.,1,yanbaopptmerge_e60b3b61281e87ddf42f9321a9e6ef9d.pdf_159_p159_c5,yanbaopptmerge_e60b3b61281e87ddf42f9321a9e6ef9d.pdf_159_p159_c5,1,True,1.0
Who is the fastest runner with respect to his or her class? Explain why.,3,yanbaopptmerge_e60b3b61281e87ddf42f9321a9e6ef9d.pdf_159_p159_c5,"yanbaopptmerge_e60b3b61281e87ddf42f9321a9e6ef9d.pdf_159_p159_c5,yanbaopptmerge_e60b3b61281e87ddf42f9321a9e6ef9d.pdf_159_p159_c4,newspaper_The Globe and Mail - 2025-1-8@magazinesclubnew_page_014_p14_c11",1,True,1.0
Who is the fastest runner with respect to his or her class? Explain why.,5,yanbaopptmerge_e60b3b61281e87ddf42f9321a9e6ef9d.pdf_159_p159_c5,"yanbaopptmerge_e60b3b61281e87ddf42f9321a9e6ef9d.pdf_159_p159_c5,yanbaopptmerge_e60b3b61281e87ddf42f9321a9e6ef9d.pdf_159_p159_c4,newspaper_The Globe and Mail - 2025-1-8@magazinesclubnew_page_014_p14_c11,newspaper_The Wall Street Journal - 2025-01-08@magazinesclubnew_page_018_p18_c2,docstructbench_dianzishu_zhongwenzaixian-o.O-61323717.pdf_203_p203_c2",1,True,1.0
What is the purpose of the background section in the project talk outline?,1,PPT_BaharMartonosi_page_006_p6_c0,PPT_BaharMartonosi_page_006_p6_c0,1,True,1.0
What is the purpose of the background section in the project talk outline?,3,PPT_BaharMartonosi_page_006_p6_c0,"PPT_BaharMartonosi_page_006_p6_c0,docstructbench_dianzishu_zhongwenzaixian-o.O-63678132.pdf_161_p161_c0,jiaocaineedrop_biz-96816.pdf_48_p48_c3",1,True,1.0
What is the purpose of the background section in the project talk outline?,5,PPT_BaharMartonosi_page_006_p6_c0,"PPT_BaharMartonosi_page_006_p6_c0,docstructbench_dianzishu_zhongwenzaixian-o.O-63678132.pdf_161_p161_c0,jiaocaineedrop_biz-96816.pdf_48_p48_c3,docstructbench_dianzishu_zhongwenzaixian-o.O-61523162.pdf_276_p276_c0,jiaocaineedrop_biz-96816.pdf_48_p48_c0",1,True,1.0
新侧楼的设计如何体现周边环境？,1,docstructbench_dianzishu_zhongwenzaixian-o.O-61513005.pdf_179_p179_c0,docstructbench_dianzishu_zhongwenzaixian-o.O-61513005.pdf_179_p179_c0,1,True,1.0
新侧楼的设计如何体现周边环境？,3,docstructbench_dianzishu_zhongwenzaixian-o.O-61513005.pdf_179_p179_c0,"docstructbench_dianzishu_zhongwenzaixian-o.O-61513005.pdf_179_p179_c0,book_zh_JGJ1022003_extracted_page_27_p27_c1,book_zh_JGJ1022003_extracted_page_27_p27_c0",1,True,1.0
新侧楼的设计如何体现周边环境？,5,docstructbench_dianzishu_zhongwenzaixian-o.O-61513005.pdf_179_p179_c0,"docstructbench_dianzishu_zhongwenzaixian-o.O-61513005.pdf_179_p179_c0,book_zh_JGJ1022003_extracted_page_27_p27_c1,book_zh_JGJ1022003_extracted_page_27_p27_c0,notes_1ba14cb325bc448f7201b20502ecf2b5_118_p118_c0,yanbaopptmerge_baa6d02928efcac46ccf7dfd3859de565cfb0bea918ae0ec0eed50944a7c20b4.pdf_11_p11_c1",1,True,1.0
What is the value of k in the reaction described in the fragment?,1,yanbaopptmerge_3aa9b6677e17fd012b0a7a230b9f18db.pdf_1327_p1327_c0,yanbaopptmerge_3aa9b6677e17fd012b0a7a230b9f18db.pdf_1327_p1327_c0,1,True,1.0
What is the value of k in the reaction described in the fragment?,3,yanbaopptmerge_3aa9b6677e17fd012b0a7a230b9f18db.pdf_1327_p1327_c0,"yanbaopptmerge_3aa9b6677e17fd012b0a7a230b9f18db.pdf_1327_p1327_c0,yanbaopptmerge_3aa9b6677e17fd012b0a7a230b9f18db.pdf_1327_p1327_c2,yanbaopptmerge_3aa9b6677e17fd012b0a7a230b9f18db.pdf_1327_p1327_c1",1,True,1.0
What is the value of k in the reaction described in the fragment?,5,yanbaopptmerge_3aa9b6677e17fd012b0a7a230b9f18db.pdf_1327_p1327_c0,"yanbaopptmerge_3aa9b6677e17fd012b0a7a230b9f18db.pdf_1327_p1327_c0,yanbaopptmerge_3aa9b6677e17fd012b0a7a230b9f18db.pdf_1327_p1327_c2,yanbaopptmerge_3aa9b6677e17fd012b0a7a230b9f18db.pdf_1327_p1327_c1,yanbaopptmerge_3aa9b6677e17fd012b0a7a230b9f18db.pdf_1327_p1327_c3,docstructbench_dianzishu_zhongwenzaixian-o.O-60403612.pdf_179_p179_c1",1,True,1.0
What is the activation energy for the reaction?,1,yanbaopptmerge_3aa9b6677e17fd012b0a7a230b9f18db.pdf_1327_p1327_c2,yanbaopptmerge_3aa9b6677e17fd012b0a7a230b9f18db.pdf_1327_p1327_c1,0,False,0.0
What is the activation energy for the reaction?,3,yanbaopptmerge_3aa9b6677e17fd012b0a7a230b9f18db.pdf_1327_p1327_c2,"yanbaopptmerge_3aa9b6677e17fd012b0a7a230b9f18db.pdf_1327_p1327_c1,yanbaopptmerge_3aa9b6677e17fd012b0a7a230b9f18db.pdf_1327_p1327_c0,yanbaopptmerge_3aa9b6677e17fd012b0a7a230b9f18db.pdf_1327_p1327_c2",3,True,1.0
What is the activation energy for the reaction?,5,yanbaopptmerge_3aa9b6677e17fd012b0a7a230b9f18db.pdf_1327_p1327_c2,"yanbaopptmerge_3aa9b6677e17fd012b0a7a230b9f18db.pdf_1327_p1327_c1,yanbaopptmerge_3aa9b6677e17fd012b0a7a230b9f18db.pdf_1327_p1327_c0,yanbaopptmerge_3aa9b6677e17fd012b0a7a230b9f18db.pdf_1327_p1327_c2,docstructbench_llm-raw-scihub-o.O-j.chroma.2005.03.134.pdf_6_p6_c2,docstructbench_llm-raw-scihub-o.O-j.apcata.2006.05.010.pdf_2_p2_c4",3,True,1.0
What is the rate equation for the reaction when the concentration of A is tripled?,1,yanbaopptmerge_3aa9b6677e17fd012b0a7a230b9f18db.pdf_1327_p1327_c3,yanbaopptmerge_3aa9b6677e17fd012b0a7a230b9f18db.pdf_1327_p1327_c3,1,True,1.0
What is the rate equation for the reaction when the concentration of A is tripled?,3,yanbaopptmerge_3aa9b6677e17fd012b0a7a230b9f18db.pdf_1327_p1327_c3,"yanbaopptmerge_3aa9b6677e17fd012b0a7a230b9f18db.pdf_1327_p1327_c3,yanbaopptmerge_3aa9b6677e17fd012b0a7a230b9f18db.pdf_1327_p1327_c2,yanbaopptmerge_3aa9b6677e17fd012b0a7a230b9f18db.pdf_1327_p1327_c0",1,True,1.0
What is the rate equation for the reaction when the concentration of A is tripled?,5,yanbaopptmerge_3aa9b6677e17fd012b0a7a230b9f18db.pdf_1327_p1327_c3,"yanbaopptmerge_3aa9b6677e17fd012b0a7a230b9f18db.pdf_1327_p1327_c3,yanbaopptmerge_3aa9b6677e17fd012b0a7a230b9f18db.pdf_1327_p1327_c2,yanbaopptmerge_3aa9b6677e17fd012b0a7a230b9f18db.pdf_1327_p1327_c0,docstructbench_dianzishu_zhongwenzaixian-o.O-60403612.pdf_179_p179_c5,docstructbench_llm-raw-scihub-o.O-j.chroma.2005.03.134.pdf_6_p6_c3",1,True,1.0
What is the URL for the OpenStax book?,1,yanbaopptmerge_3aa9b6677e17fd012b0a7a230b9f18db.pdf_1327_p1327_c4,yanbaopptmerge_3aa9b6677e17fd012b0a7a230b9f18db.pdf_1327_p1327_c4,1,True,1.0
What is the URL for the OpenStax book?,3,yanbaopptmerge_3aa9b6677e17fd012b0a7a230b9f18db.pdf_1327_p1327_c4,"yanbaopptmerge_3aa9b6677e17fd012b0a7a230b9f18db.pdf_1327_p1327_c4,yanbaopptmerge_e60b3b61281e87ddf42f9321a9e6ef9d.pdf_159_p159_c5,yanbaopptmerge_5473246b8da789b9bfdeef53a70c4d72afd480415d5cbcedb83d105856710328.pdf_8_p8_c0",1,True,1.0
What is the URL for the OpenStax book?,5,yanbaopptmerge_3aa9b6677e17fd012b0a7a230b9f18db.pdf_1327_p1327_c4,"yanbaopptmerge_3aa9b6677e17fd012b0a7a230b9f18db.pdf_1327_p1327_c4,yanbaopptmerge_e60b3b61281e87ddf42f9321a9e6ef9d.pdf_159_p159_c5,yanbaopptmerge_5473246b8da789b9bfdeef53a70c4d72afd480415d5cbcedb83d105856710328.pdf_8_p8_c0,jiaocaineedrop_jiaocai_needrop_en_453_p453_c3,yanbaopptmerge_5473246b8da789b9bfdeef53a70c4d72afd480415d5cbcedb83d105856710328.pdf_8_p8_c3",1,True,1.0
What is the main concern of key clients mentioned in the text?,1,yanbaor2_ey-better-pension-outcomes-reimagined-20180926.pdf_1_p1_c0,docstructbench_llm-raw-scihub-o.O-hup.908.pdf_5_p5_c3,0,False,0.0
What is the main concern of key clients mentioned in the text?,3,yanbaor2_ey-better-pension-outcomes-reimagined-20180926.pdf_1_p1_c0,"docstructbench_llm-raw-scihub-o.O-hup.908.pdf_5_p5_c3,docstructbench_llm-raw-scihub-o.O-hup.908.pdf_5_p5_c6,docstructbench_llm-raw-scihub-o.O-hup.908.pdf_5_p5_c7",0,False,0.0
What is the main concern of key clients mentioned in the text?,5,yanbaor2_ey-better-pension-outcomes-reimagined-20180926.pdf_1_p1_c0,"docstructbench_llm-raw-scihub-o.O-hup.908.pdf_5_p5_c3,docstructbench_llm-raw-scihub-o.O-hup.908.pdf_5_p5_c6,docstructbench_llm-raw-scihub-o.O-hup.908.pdf_5_p5_c7,yanbaor2_a6a80b48db3438977793c75185e980ee4aff22f79083427cb03ea4134f7b241f.pdf_67_p67_c2,magazine_TheEconomist.2023.12.23_page_012_p12_c4",0,False,0.0
第Ⅰ卷的满分是多少？,1,jiaocaineedrop_jiaocai_needrop_en_1564_p1564_c0,jiaocaineedrop_jiaocai_needrop_en_2884_p2884_c2,0,False,0.0
第Ⅰ卷的满分是多少？,3,jiaocaineedrop_jiaocai_needrop_en_1564_p1564_c0,"jiaocaineedrop_jiaocai_needrop_en_2884_p2884_c2,jiaocaineedrop_jiaocai_needrop_en_2884_p2884_c1,jiaocaineedrop_jiaocai_needrop_en_1564_p1564_c0",3,True,1.0
第Ⅰ卷的满分是多少？,5,jiaocaineedrop_jiaocai_needrop_en_1564_p1564_c0,"jiaocaineedrop_jiaocai_needrop_en_2884_p2884_c2,jiaocaineedrop_jiaocai_needrop_en_2884_p2884_c1,jiaocaineedrop_jiaocai_needrop_en_1564_p1564_c0,exam_paper_2004-2019上海高考英语听力原文和答案_page_017_p17_c1,exam_paper_2004-2019上海高考英语听力原文和答案_page_017_p17_c0",3,True,1.0
该三棱锥的球的表面积为多少？,1,jiaocaineedrop_jiaocai_needrop_en_1564_p1564_c2,jiaocaineedrop_jiaocai_needrop_en_1564_p1564_c2,1,True,1.0
该三棱锥的球的表面积为多少？,3,jiaocaineedrop_jiaocai_needrop_en_1564_p1564_c2,"jiaocaineedrop_jiaocai_needrop_en_1564_p1564_c2,jiaocaineedrop_jiaocai_needrop_en_1564_p1564_c1,jiaocaineedrop_jiaocai_needrop_en_1473_p1473_c0",1,True,1.0
该三棱锥的球的表面积为多少？,5,jiaocaineedrop_jiaocai_needrop_en_1564_p1564_c2,"jiaocaineedrop_jiaocai_needrop_en_1564_p1564_c2,jiaocaineedrop_jiaocai_needrop_en_1564_p1564_c1,jiaocaineedrop_jiaocai_needrop_en_1473_p1473_c0,exam_paper_en-file-putnam-archive_1998_Solutions_1998s_page_002_p2_c1,jiaocaineedrop_jiaocai_needrop_en_1473_p1473_c1",1,True,1.0
曲线 $ C_{1}: y = \ln x $ 和曲线 $ C_{2}: y = \frac{x - a}{x} (x > 0) $ 有且仅有两条公切线，那么实数 a 的取值范围是？,1,jiaocaineedrop_jiaocai_needrop_en_1564_p1564_c4,jiaocaineedrop_jiaocai_needrop_en_1564_p1564_c4,1,True,1.0
曲线 $ C_{1}: y = \ln x $ 和曲线 $ C_{2}: y = \frac{x - a}{x} (x > 0) $ 有且仅有两条公切线，那么实数 a 的取值范围是？,3,jiaocaineedrop_jiaocai_needrop_en_1564_p1564_c4,"jiaocaineedrop_jiaocai_needrop_en_1564_p1564_c4,exam_paper_en-file-putnam-archive_2007_Solutions_2007s_page_001_p1_c1,jiaocaineedrop_c2-ma-11-q-11-cl.pdf_2_p2_c0",1,True,1.0
曲线 $ C_{1}: y = \ln x $ 和曲线 $ C_{2}: y = \frac{x - a}{x} (x > 0) $ 有且仅有两条公切线，那么实数 a 的取值范围是？,5,jiaocaineedrop_jiaocai_needrop_en_1564_p1564_c4,"jiaocaineedrop_jiaocai_needrop_en_1564_p1564_c4,exam_paper_en-file-putnam-archive_2007_Solutions_2007s_page_001_p1_c1,jiaocaineedrop_c2-ma-11-q-11-cl.pdf_2_p2_c0,jiaocaineedrop_jiaocai_needrop_en_1473_p1473_c0,exam_paper_en-file-putnam-archive_2007_Solutions_2007s_page_001_p1_c0",1,True,1.0
错误结论的编号是什么？,1,jiaocaineedrop_jiaocai_needrop_en_1564_p1564_c5,jiaocaineedrop_96657786.pdf_0_p0_c0,0,False,0.0
错误结论的编号是什么？,3,jiaocaineedrop_jiaocai_needrop_en_1564_p1564_c5,"jiaocaineedrop_96657786.pdf_0_p0_c0,jiaocaineedrop_jiaocai_needrop_en_2518_p2518_c0,newspaper_The Globe and Mail - 2025-1-8@magazinesclubnew_page_014_p14_c1",0,False,0.0
错误结论的编号是什么？,5,jiaocaineedrop_jiaocai_needrop_en_1564_p1564_c5,"jiaocaineedrop_96657786.pdf_0_p0_c0,jiaocaineedrop_jiaocai_needrop_en_2518_p2518_c0,newspaper_The Globe and Mail - 2025-1-8@magazinesclubnew_page_014_p14_c1,docstructbench_dianzishu_zhongwenzaixian-o.O-60403612.pdf_179_p179_c0,jiaocaineedrop_96657786.pdf_0_p0_c5",0,False,0.0
Who did Ariana Grande say she called first after her nomination for the awards ceremony?,1,newspaper_USAToday-2025-01-08@magazinesclubnew_page_021_p21_c0,newspaper_USAToday-2025-01-08@magazinesclubnew_page_021_p21_c0,1,True,1.0
Who did Ariana Grande say she called first after her nomination for the awards ceremony?,3,newspaper_USAToday-2025-01-08@magazinesclubnew_page_021_p21_c0,"newspaper_USAToday-2025-01-08@magazinesclubnew_page_021_p21_c0,newspaper_USAToday-2025-01-08@magazinesclubnew_page_021_p21_c1,newspaper_The Wall Street Journal - 2025-01-08@magazinesclubnew_page_018_p18_c2",1,True,1.0
Who did Ariana Grande say she called first after her nomination for the awards ceremony?,5,newspaper_USAToday-2025-01-08@magazinesclubnew_page_021_p21_c0,"newspaper_USAToday-2025-01-08@magazinesclubnew_page_021_p21_c0,newspaper_USAToday-2025-01-08@magazinesclubnew_page_021_p21_c1,newspaper_The Wall Street Journal - 2025-01-08@magazinesclubnew_page_018_p18_c2,newspaper_The Globe and Mail - 2025-1-8@magazinesclubnew_page_027_p27_c0,magazine_TheEconomist.2023.12.09_page_082_p82_c1",1,True,1.0
What did the reporter ask Grande?,1,newspaper_USAToday-2025-01-08@magazinesclubnew_page_021_p21_c1,newspaper_USAToday-2025-01-08@magazinesclubnew_page_021_p21_c0,0,False,0.0
What did the reporter ask Grande?,3,newspaper_USAToday-2025-01-08@magazinesclubnew_page_021_p21_c1,"newspaper_USAToday-2025-01-08@magazinesclubnew_page_021_p21_c0,newspaper_USAToday-2025-01-08@magazinesclubnew_page_021_p21_c1,magazine_TheEconomist.2024.03.02_page_075_p75_c5",2,True,1.0
What did the reporter ask Grande?,5,newspaper_USAToday-2025-01-08@magazinesclubnew_page_021_p21_c1,"newspaper_USAToday-2025-01-08@magazinesclubnew_page_021_p21_c0,newspaper_USAToday-2025-01-08@magazinesclubnew_page_021_p21_c1,magazine_TheEconomist.2024.03.02_page_075_p75_c5,newspaper_The Globe and Mail - 2025-1-8@magazinesclubnew_page_027_p27_c0,jiaocaineedrop_jiaocai_needrop_en_453_p453_c1",2,True,1.0
What advice is given to Virgo about delivering their message?,1,newspaper_USAToday-2025-01-08@magazinesclubnew_page_021_p21_c2,newspaper_USAToday-2025-01-08@magazinesclubnew_page_021_p21_c2,1,True,1.0
What advice is given to Virgo about delivering their message?,3,newspaper_USAToday-2025-01-08@magazinesclubnew_page_021_p21_c2,"newspaper_USAToday-2025-01-08@magazinesclubnew_page_021_p21_c2,color_textbook_zhonggaokao_小学_13.人教新起点英语（4-5年级）_人教新起点五年级英语下册_课本_人教新起点英语5B电子课本_page_011_p11_c1,jiaocaineedrop_jiaocai_needrop_en_1836_p1836_c0",1,True,1.0
What advice is given to Virgo about delivering their message?,5,newspaper_USAToday-2025-01-08@magazinesclubnew_page_021_p21_c2,"newspaper_USAToday-2025-01-08@magazinesclubnew_page_021_p21_c2,color_textbook_zhonggaokao_小学_13.人教新起点英语（4-5年级）_人教新起点五年级英语下册_课本_人教新起点英语5B电子课本_page_011_p11_c1,jiaocaineedrop_jiaocai_needrop_en_1836_p1836_c0,color_textbook_zhonggaokao_小学_13.人教新起点英语（4-5年级）_人教新起点五年级英语下册_课本_人教新起点英语5B电子课本_page_011_p11_c2,newspaper_USAToday-2025-01-08@magazinesclubnew_page_021_p21_c3",1,True,1.0
What is the role like according to the text?,1,newspaper_USAToday-2025-01-08@magazinesclubnew_page_021_p21_c3,newspaper_USAToday-2025-01-08@magazinesclubnew_page_021_p21_c11,0,False,0.0
What is the role like according to the text?,3,newspaper_USAToday-2025-01-08@magazinesclubnew_page_021_p21_c3,"newspaper_USAToday-2025-01-08@magazinesclubnew_page_021_p21_c11,jiaocaineedrop_jiaocai_needrop_en_1836_p1836_c2,magazine_TheEconomist.2023.12.09_page_082_p82_c3",0,False,0.0
What is the role like according to the text?,5,newspaper_USAToday-2025-01-08@magazinesclubnew_page_021_p21_c3,"newspaper_USAToday-2025-01-08@magazinesclubnew_page_021_p21_c11,jiaocaineedrop_jiaocai_needrop_en_1836_p1836_c2,magazine_TheEconomist.2023.12.09_page_082_p82_c3,PPT_LEP power point presentation-English-FINAL-10-31-07_page_004_p4_c1,docstructbench_dianzishu_zhongwenzaixian-o.O-61323717.pdf_203_p203_c2",0,False,0.0
What is the name of the character Adrien Brody plays in 'The Brutalist'?,1,newspaper_USAToday-2025-01-08@magazinesclubnew_page_021_p21_c4,newspaper_USAToday-2025-01-08@magazinesclubnew_page_021_p21_c4,1,True,1.0
What is the name of the character Adrien Brody plays in 'The Brutalist'?,3,newspaper_USAToday-2025-01-08@magazinesclubnew_page_021_p21_c4,"newspaper_USAToday-2025-01-08@magazinesclubnew_page_021_p21_c4,newspaper_USAToday-2025-01-08@magazinesclubnew_page_021_p21_c5,newspaper_USAToday-2025-01-08@magazinesclubnew_page_021_p21_c6",1,True,1.0
What is the name of the character Adrien Brody plays in 'The Brutalist'?,5,newspaper_USAToday-2025-01-08@magazinesclubnew_page_021_p21_c4,"newspaper_USAToday-2025-01-08@magazinesclubnew_page_021_p21_c4,newspaper_USAToday-2025-01-08@magazinesclubnew_page_021_p21_c5,newspaper_USAToday-2025-01-08@magazinesclubnew_page_021_p21_c6,newspaper_The Wall Street Journal - 2025-01-08@magazinesclubnew_page_018_p18_c3,newspaper_The Wall Street Journal - 2025-01-08@magazinesclubnew_page_018_p18_c2",1,True,1.0
What event did Brody flee with her parents during?,1,newspaper_USAToday-2025-01-08@magazinesclubnew_page_021_p21_c5,newspaper_USAToday-2025-01-08@magazinesclubnew_page_021_p21_c5,1,True,1.0
What event did Brody flee with her parents during?,3,newspaper_USAToday-2025-01-08@magazinesclubnew_page_021_p21_c5,"newspaper_USAToday-2025-01-08@magazinesclubnew_page_021_p21_c5,newspaper_USAToday-2025-01-08@magazinesclubnew_page_021_p21_c6,newspaper_USAToday-2025-01-08@magazinesclubnew_page_021_p21_c7",1,True,1.0
What event did Brody flee with her parents during?,5,newspaper_USAToday-2025-01-08@magazinesclubnew_page_021_p21_c5,"newspaper_USAToday-2025-01-08@magazinesclubnew_page_021_p21_c5,newspaper_USAToday-2025-01-08@magazinesclubnew_page_021_p21_c6,newspaper_USAToday-2025-01-08@magazinesclubnew_page_021_p21_c7,newspaper_USAToday-2025-01-08@magazinesclubnew_page_021_p21_c4,newspaper_USAToday-2025-01-08@magazinesclubnew_page_021_p21_c8",1,True,1.0
What are some of the sources of the images mentioned?,1,newspaper_USAToday-2025-01-08@magazinesclubnew_page_021_p21_c6,yanbaopptmerge_1c5f17c3dfa38c45b86802b9d014da18.pdf_1372_p1372_c6,0,False,0.0
What are some of the sources of the images mentioned?,3,newspaper_USAToday-2025-01-08@magazinesclubnew_page_021_p21_c6,"yanbaopptmerge_1c5f17c3dfa38c45b86802b9d014da18.pdf_1372_p1372_c6,color_textbook_教材全解1+1二年级上册英语上海牛津版_page_067_p67_c1,newspaper_The Wall Street Journal - 2025-01-08@magazinesclubnew_page_018_p18_c1",0,False,0.0
What are some of the sources of the images mentioned?,5,newspaper_USAToday-2025-01-08@magazinesclubnew_page_021_p21_c6,"yanbaopptmerge_1c5f17c3dfa38c45b86802b9d014da18.pdf_1372_p1372_c6,color_textbook_教材全解1+1二年级上册英语上海牛津版_page_067_p67_c1,newspaper_The Wall Street Journal - 2025-01-08@magazinesclubnew_page_018_p18_c1,newspaper_The Globe and Mail - 2025-1-8@magazinesclubnew_page_014_p14_c4,color_textbook_教材全解1+1二年级上册英语上海牛津版_page_067_p67_c2",0,False,0.0
What did Brody say about taking decades to find something like the community center?,1,newspaper_USAToday-2025-01-08@magazinesclubnew_page_021_p21_c7,newspaper_USAToday-2025-01-08@magazinesclubnew_page_021_p21_c7,1,True,1.0
What did Brody say about taking decades to find something like the community center?,3,newspaper_USAToday-2025-01-08@magazinesclubnew_page_021_p21_c7,"newspaper_USAToday-2025-01-08@magazinesclubnew_page_021_p21_c7,newspaper_USAToday-2025-01-08@magazinesclubnew_page_021_p21_c6,newspaper_USAToday-2025-01-08@magazinesclubnew_page_021_p21_c4",1,True,1.0
What did Brody say about taking decades to find something like the community center?,5,newspaper_USAToday-2025-01-08@magazinesclubnew_page_021_p21_c7,"newspaper_USAToday-2025-01-08@magazinesclubnew_page_021_p21_c7,newspaper_USAToday-2025-01-08@magazinesclubnew_page_021_p21_c6,newspaper_USAToday-2025-01-08@magazinesclubnew_page_021_p21_c4,newspaper_USAToday-2025-01-08@magazinesclubnew_page_021_p21_c5,newspaper_USAToday-2025-01-08@magazinesclubnew_page_021_p21_c8",1,True,1.0
What did the director say about Brody's emotional availability?,1,newspaper_USAToday-2025-01-08@magazinesclubnew_page_021_p21_c8,newspaper_USAToday-2025-01-08@magazinesclubnew_page_021_p21_c8,1,True,1.0
What did the director say about Brody's emotional availability?,3,newspaper_USAToday-2025-01-08@magazinesclubnew_page_021_p21_c8,"newspaper_USAToday-2025-01-08@magazinesclubnew_page_021_p21_c8,newspaper_USAToday-2025-01-08@magazinesclubnew_page_021_p21_c7,newspaper_USAToday-2025-01-08@magazinesclubnew_page_021_p21_c6",1,True,1.0
What did the director say about Brody's emotional availability?,5,newspaper_USAToday-2025-01-08@magazinesclubnew_page_021_p21_c8,"newspaper_USAToday-2025-01-08@magazinesclubnew_page_021_p21_c8,newspaper_USAToday-2025-01-08@magazinesclubnew_page_021_p21_c7,newspaper_USAToday-2025-01-08@magazinesclubnew_page_021_p21_c6,newspaper_USAToday-2025-01-08@magazinesclubnew_page_021_p21_c5,newspaper_USAToday-2025-01-08@magazinesclubnew_page_021_p21_c4",1,True,1.0
What is the name of Tim Allen's character in the new sitcom?,1,newspaper_USAToday-2025-01-08@magazinesclubnew_page_021_p21_c9,newspaper_USAToday-2025-01-08@magazinesclubnew_page_021_p21_c9,1,True,1.0
What is the name of Tim Allen's character in the new sitcom?,3,newspaper_USAToday-2025-01-08@magazinesclubnew_page_021_p21_c9,"newspaper_USAToday-2025-01-08@magazinesclubnew_page_021_p21_c9,newspaper_USAToday-2025-01-08@magazinesclubnew_page_021_p21_c8,newspaper_USAToday-2025-01-08@magazinesclubnew_page_021_p21_c10",1,True,1.0
What is the name of Tim Allen's character in the new sitcom?,5,newspaper_USAToday-2025-01-08@magazinesclubnew_page_021_p21_c9,"newspaper_USAToday-2025-01-08@magazinesclubnew_page_021_p21_c9,newspaper_USAToday-2025-01-08@magazinesclubnew_page_021_p21_c8,newspaper_USAToday-2025-01-08@magazinesclubnew_page_021_p21_c10,newspaper_USAToday-2025-01-08@magazinesclubnew_page_021_p21_c11,magazine_TheEconomist.2023.11.25_page_069_p69_c5",1,True,1.0
Who created the show 'Gears'?,1,newspaper_USAToday-2025-01-08@magazinesclubnew_page_021_p21_c10,newspaper_USAToday-2025-01-08@magazinesclubnew_page_021_p21_c10,1,True,1.0
Who created the show 'Gears'?,3,newspaper_USAToday-2025-01-08@magazinesclubnew_page_021_p21_c10,"newspaper_USAToday-2025-01-08@magazinesclubnew_page_021_p21_c10,newspaper_USAToday-2025-01-08@magazinesclubnew_page_021_p21_c9,newspaper_USAToday-2025-01-08@magazinesclubnew_page_021_p21_c8",1,True,1.0
Who created the show 'Gears'?,5,newspaper_USAToday-2025-01-08@magazinesclubnew_page_021_p21_c10,"newspaper_USAToday-2025-01-08@magazinesclubnew_page_021_p21_c10,newspaper_USAToday-2025-01-08@magazinesclubnew_page_021_p21_c9,newspaper_USAToday-2025-01-08@magazinesclubnew_page_021_p21_c8,newspaper_The Wall Street Journal - 2025-01-08@magazinesclubnew_page_018_p18_c3,newspaper_USAToday-2025-01-08@magazinesclubnew_page_021_p21_c11",1,True,1.0
What is the name of the character played by Allen in the series?,1,newspaper_USAToday-2025-01-08@magazinesclubnew_page_021_p21_c11,newspaper_USAToday-2025-01-08@magazinesclubnew_page_021_p21_c11,1,True,1.0
What is the name of the character played by Allen in the series?,3,newspaper_USAToday-2025-01-08@magazinesclubnew_page_021_p21_c11,"newspaper_USAToday-2025-01-08@magazinesclubnew_page_021_p21_c11,newspaper_USAToday-2025-01-08@magazinesclubnew_page_021_p21_c9,newspaper_USAToday-2025-01-08@magazinesclubnew_page_021_p21_c10",1,True,1.0
What is the name of the character played by Allen in the series?,5,newspaper_USAToday-2025-01-08@magazinesclubnew_page_021_p21_c11,"newspaper_USAToday-2025-01-08@magazinesclubnew_page_021_p21_c11,newspaper_USAToday-2025-01-08@magazinesclubnew_page_021_p21_c9,newspaper_USAToday-2025-01-08@magazinesclubnew_page_021_p21_c10,newspaper_USAToday-2025-01-08@magazinesclubnew_page_021_p21_c8,newspaper_The Wall Street Journal - 2025-01-08@magazinesclubnew_page_018_p18_c2",1,True,1.0
What does Figure 13 show regarding the overall sample mean?,1,docstructbench_llm-raw-scihub-o.O-j.1365-2818.2003.01210.x.pdf_7_p7_c1,docstructbench_llm-raw-scihub-o.O-j.1365-2818.2003.01210.x.pdf_7_p7_c1,1,True,1.0
What does Figure 13 show regarding the overall sample mean?,3,docstructbench_llm-raw-scihub-o.O-j.1365-2818.2003.01210.x.pdf_7_p7_c1,"docstructbench_llm-raw-scihub-o.O-j.1365-2818.2003.01210.x.pdf_7_p7_c1,docstructbench_llm-raw-scihub-o.O-j.1365-2818.2003.01210.x.pdf_7_p7_c0,docstructbench_dianzishu_zhongwenzaixian-o.O-61323717.pdf_203_p203_c1",1,True,1.0
What does Figure 13 show regarding the overall sample mean?,5,docstructbench_llm-raw-scihub-o.O-j.1365-2818.2003.01210.x.pdf_7_p7_c1,"docstructbench_llm-raw-scihub-o.O-j.1365-2818.2003.01210.x.pdf_7_p7_c1,docstructbench_llm-raw-scihub-o.O-j.1365-2818.2003.01210.x.pdf_7_p7_c0,docstructbench_dianzishu_zhongwenzaixian-o.O-61323717.pdf_203_p203_c1,docstructbench_llm-raw-scihub-o.O-j.chroma.2005.03.134.pdf_6_p6_c4,docstructbench_dianzishu_zhongwenzaixian-o.O-61323717.pdf_203_p203_c2",1,True,1.0
When was the interim final rule published in the Federal Register?,1,newspaper_fe5ed29024932fad071afc53807b16ba_1_p1_c0,newspaper_fe5ed29024932fad071afc53807b16ba_1_p1_c2,0,False,0.0
When was the interim final rule published in the Federal Register?,3,newspaper_fe5ed29024932fad071afc53807b16ba_1_p1_c0,"newspaper_fe5ed29024932fad071afc53807b16ba_1_p1_c2,newspaper_fe5ed29024932fad071afc53807b16ba_1_p1_c0,newspaper_fe5ed29024932fad071afc53807b16ba_1_p1_c10",2,True,1.0
When was the interim final rule published in the Federal Register?,5,newspaper_fe5ed29024932fad071afc53807b16ba_1_p1_c0,"newspaper_fe5ed29024932fad071afc53807b16ba_1_p1_c2,newspaper_fe5ed29024932fad071afc53807b16ba_1_p1_c0,newspaper_fe5ed29024932fad071afc53807b16ba_1_p1_c10,newspaper_fe5ed29024932fad071afc53807b16ba_1_p1_c9,newspaper_fe5ed29024932fad071afc53807b16ba_1_p1_c3",2,True,1.0
When did the comment period for the rule end?,1,newspaper_fe5ed29024932fad071afc53807b16ba_1_p1_c1,newspaper_fe5ed29024932fad071afc53807b16ba_1_p1_c1,1,True,1.0
When did the comment period for the rule end?,3,newspaper_fe5ed29024932fad071afc53807b16ba_1_p1_c1,"newspaper_fe5ed29024932fad071afc53807b16ba_1_p1_c1,newspaper_fe5ed29024932fad071afc53807b16ba_1_p1_c2,newspaper_fe5ed29024932fad071afc53807b16ba_1_p1_c7",1,True,1.0
When did the comment period for the rule end?,5,newspaper_fe5ed29024932fad071afc53807b16ba_1_p1_c1,"newspaper_fe5ed29024932fad071afc53807b16ba_1_p1_c1,newspaper_fe5ed29024932fad071afc53807b16ba_1_p1_c2,newspaper_fe5ed29024932fad071afc53807b16ba_1_p1_c7,newspaper_fe5ed29024932fad071afc53807b16ba_1_p1_c3,newspaper_fe5ed29024932fad071afc53807b16ba_1_p1_c0",1,True,1.0
What is the title of the part that contains the interim final rule?,1,newspaper_fe5ed29024932fad071afc53807b16ba_1_p1_c2,newspaper_fe5ed29024932fad071afc53807b16ba_1_p1_c2,1,True,1.0
What is the title of the part that contains the interim final rule?,3,newspaper_fe5ed29024932fad071afc53807b16ba_1_p1_c2,"newspaper_fe5ed29024932fad071afc53807b16ba_1_p1_c2,newspaper_fe5ed29024932fad071afc53807b16ba_1_p1_c3,newspaper_fe5ed29024932fad071afc53807b16ba_1_p1_c0",1,True,1.0
What is the title of the part that contains the interim final rule?,5,newspaper_fe5ed29024932fad071afc53807b16ba_1_p1_c2,"newspaper_fe5ed29024932fad071afc53807b16ba_1_p1_c2,newspaper_fe5ed29024932fad071afc53807b16ba_1_p1_c3,newspaper_fe5ed29024932fad071afc53807b16ba_1_p1_c0,newspaper_fe5ed29024932fad071afc53807b16ba_1_p1_c9,newspaper_fe5ed29024932fad071afc53807b16ba_1_p1_c10",1,True,1.0
What is the name of the rule that was adopted as a final rule without change?,1,newspaper_fe5ed29024932fad071afc53807b16ba_1_p1_c3,newspaper_fe5ed29024932fad071afc53807b16ba_1_p1_c2,0,False,0.0
What is the name of the rule that was adopted as a final rule without change?,3,newspaper_fe5ed29024932fad071afc53807b16ba_1_p1_c3,"newspaper_fe5ed29024932fad071afc53807b16ba_1_p1_c2,newspaper_fe5ed29024932fad071afc53807b16ba_1_p1_c3,newspaper_fe5ed29024932fad071afc53807b16ba_1_p1_c7",2,True,1.0
What is the name of the rule that was adopted as a final rule without change?,5,newspaper_fe5ed29024932fad071afc53807b16ba_1_p1_c3,"newspaper_fe5ed29024932fad071afc53807b16ba_1_p1_c2,newspaper_fe5ed29024932fad071afc53807b16ba_1_p1_c3,newspaper_fe5ed29024932fad071afc53807b16ba_1_p1_c7,newspaper_fe5ed29024932fad071afc53807b16ba_1_p1_c0,newspaper_The Globe and Mail - 2025-1-8@magazinesclubnew_page_014_p14_c4",2,True,1.0
When did the volume regulation percentages become effective?,1,newspaper_fe5ed29024932fad071afc53807b16ba_1_p1_c4,newspaper_fe5ed29024932fad071afc53807b16ba_1_p1_c4,1,True,1.0
When did the volume regulation percentages become effective?,3,newspaper_fe5ed29024932fad071afc53807b16ba_1_p1_c4,"newspaper_fe5ed29024932fad071afc53807b16ba_1_p1_c4,newspaper_fe5ed29024932fad071afc53807b16ba_1_p1_c9,newspaper_fe5ed29024932fad071afc53807b16ba_1_p1_c3",1,True,1.0
When did the volume regulation percentages become effective?,5,newspaper_fe5ed29024932fad071afc53807b16ba_1_p1_c4,"newspaper_fe5ed29024932fad071afc53807b16ba_1_p1_c4,newspaper_fe5ed29024932fad071afc53807b16ba_1_p1_c9,newspaper_fe5ed29024932fad071afc53807b16ba_1_p1_c3,newspaper_fe5ed29024932fad071afc53807b16ba_1_p1_c7,book_zh_CNASGL0092018_extracted_page_69_p69_c3",1,True,1.0
Who is the contact person for small businesses requesting information on complying with this regulation?,1,newspaper_fe5ed29024932fad071afc53807b16ba_1_p1_c5,newspaper_fe5ed29024932fad071afc53807b16ba_1_p1_c6,0,False,0.0
Who is the contact person for small businesses requesting information on complying with this regulation?,3,newspaper_fe5ed29024932fad071afc53807b16ba_1_p1_c5,"newspaper_fe5ed29024932fad071afc53807b16ba_1_p1_c6,newspaper_fe5ed29024932fad071afc53807b16ba_1_p1_c5,newspaper_fe5ed29024932fad071afc53807b16ba_1_p1_c1",2,True,1.0
Who is the contact person for small businesses requesting information on complying with this regulation?,5,newspaper_fe5ed29024932fad071afc53807b16ba_1_p1_c5,"newspaper_fe5ed29024932fad071afc53807b16ba_1_p1_c6,newspaper_fe5ed29024932fad071afc53807b16ba_1_p1_c5,newspaper_fe5ed29024932fad071afc53807b16ba_1_p1_c1,newspaper_fe5ed29024932fad071afc53807b16ba_1_p1_c8,yanbaor2_89c3718f5a45179ef57a5063c6df36fc2c9b7e3ab4275f4905ed89f1c17232ea.pdf_14_p14_c0",2,True,1.0
What is the fax number for contacting Jay Guerber?,1,newspaper_fe5ed29024932fad071afc53807b16ba_1_p1_c6,newspaper_fe5ed29024932fad071afc53807b16ba_1_p1_c6,1,True,1.0
What is the fax number for contacting Jay Guerber?,3,newspaper_fe5ed29024932fad071afc53807b16ba_1_p1_c6,"newspaper_fe5ed29024932fad071afc53807b16ba_1_p1_c6,newspaper_fe5ed29024932fad071afc53807b16ba_1_p1_c5,newspaper_fe5ed29024932fad071afc53807b16ba_1_p1_c1",1,True,1.0
What is the fax number for contacting Jay Guerber?,5,newspaper_fe5ed29024932fad071afc53807b16ba_1_p1_c6,"newspaper_fe5ed29024932fad071afc53807b16ba_1_p1_c6,newspaper_fe5ed29024932fad071afc53807b16ba_1_p1_c5,newspaper_fe5ed29024932fad071afc53807b16ba_1_p1_c1,scihub_prrv.2001.0150.pdf_0_p0_c5,scihub_prrv.2001.0150.pdf_0_p0_c6",1,True,1.0
What is the name of the Act under which the order is effective?,1,newspaper_fe5ed29024932fad071afc53807b16ba_1_p1_c7,newspaper_fe5ed29024932fad071afc53807b16ba_1_p1_c6,0,False,0.0
What is the name of the Act under which the order is effective?,3,newspaper_fe5ed29024932fad071afc53807b16ba_1_p1_c7,"newspaper_fe5ed29024932fad071afc53807b16ba_1_p1_c6,newspaper_fe5ed29024932fad071afc53807b16ba_1_p1_c7,newspaper_fe5ed29024932fad071afc53807b16ba_1_p1_c4",2,True,1.0
What is the name of the Act under which the order is effective?,5,newspaper_fe5ed29024932fad071afc53807b16ba_1_p1_c7,"newspaper_fe5ed29024932fad071afc53807b16ba_1_p1_c6,newspaper_fe5ed29024932fad071afc53807b16ba_1_p1_c7,newspaper_fe5ed29024932fad071afc53807b16ba_1_p1_c4,newspaper_fe5ed29024932fad071afc53807b16ba_1_p1_c3,newspaper_fe5ed29024932fad071afc53807b16ba_1_p1_c8",2,True,1.0
What opportunity is afforded to a handler who files a petition with USDA?,1,newspaper_fe5ed29024932fad071afc53807b16ba_1_p1_c8,newspaper_fe5ed29024932fad071afc53807b16ba_1_p1_c8,1,True,1.0
What opportunity is afforded to a handler who files a petition with USDA?,3,newspaper_fe5ed29024932fad071afc53807b16ba_1_p1_c8,"newspaper_fe5ed29024932fad071afc53807b16ba_1_p1_c8,newspaper_fe5ed29024932fad071afc53807b16ba_1_p1_c9,newspaper_fe5ed29024932fad071afc53807b16ba_1_p1_c7",1,True,1.0
What opportunity is afforded to a handler who files a petition with USDA?,5,newspaper_fe5ed29024932fad071afc53807b16ba_1_p1_c8,"newspaper_fe5ed29024932fad071afc53807b16ba_1_p1_c8,newspaper_fe5ed29024932fad071afc53807b16ba_1_p1_c9,newspaper_fe5ed29024932fad071afc53807b16ba_1_p1_c7,newspaper_fe5ed29024932fad071afc53807b16ba_1_p1_c1,newspaper_fe5ed29024932fad071afc53807b16ba_1_p1_c6",1,True,1.0
What is the percentage of free tonnage raisins specified in the document fragment?,1,newspaper_fe5ed29024932fad071afc53807b16ba_1_p1_c9,newspaper_fe5ed29024932fad071afc53807b16ba_1_p1_c9,1,True,1.0
What is the percentage of free tonnage raisins specified in the document fragment?,3,newspaper_fe5ed29024932fad071afc53807b16ba_1_p1_c9,"newspaper_fe5ed29024932fad071afc53807b16ba_1_p1_c9,newspaper_fe5ed29024932fad071afc53807b16ba_1_p1_c4,newspaper_fe5ed29024932fad071afc53807b16ba_1_p1_c3",1,True,1.0
What is the percentage of free tonnage raisins specified in the document fragment?,5,newspaper_fe5ed29024932fad071afc53807b16ba_1_p1_c9,"newspaper_fe5ed29024932fad071afc53807b16ba_1_p1_c9,newspaper_fe5ed29024932fad071afc53807b16ba_1_p1_c4,newspaper_fe5ed29024932fad071afc53807b16ba_1_p1_c3,newspaper_fe5ed29024932fad071afc53807b16ba_1_p1_c7,newspaper_fe5ed29024932fad071afc53807b16ba_1_p1_c10",1,True,1.0
What are the allowed outlets for reserve raisins according to the document?,1,newspaper_fe5ed29024932fad071afc53807b16ba_1_p1_c10,newspaper_fe5ed29024932fad071afc53807b16ba_1_p1_c10,1,True,1.0
What are the allowed outlets for reserve raisins according to the document?,3,newspaper_fe5ed29024932fad071afc53807b16ba_1_p1_c10,"newspaper_fe5ed29024932fad071afc53807b16ba_1_p1_c10,newspaper_fe5ed29024932fad071afc53807b16ba_1_p1_c9,newspaper_fe5ed29024932fad071afc53807b16ba_1_p1_c7",1,True,1.0
What are the allowed outlets for reserve raisins according to the document?,5,newspaper_fe5ed29024932fad071afc53807b16ba_1_p1_c10,"newspaper_fe5ed29024932fad071afc53807b16ba_1_p1_c10,newspaper_fe5ed29024932fad071afc53807b16ba_1_p1_c9,newspaper_fe5ed29024932fad071afc53807b16ba_1_p1_c7,newspaper_fe5ed29024932fad071afc53807b16ba_1_p1_c4,newspaper_fe5ed29024932fad071afc53807b16ba_1_p1_c5",1,True,1.0
What was the title of the meeting held in December 2012?,1,PPT_13 fallacies LALT2012_page_001_p1_c0,PPT_13 fallacies LALT2012_page_001_p1_c0,1,True,1.0
What was the title of the meeting held in December 2012?,3,PPT_13 fallacies LALT2012_page_001_p1_c0,"PPT_13 fallacies LALT2012_page_001_p1_c0,newspaper_eb569707cf5621d4c71d5898216cdb17_1_p1_c0,docstructbench_dianzishu_zhongwenzaixian-o.O-63678132.pdf_161_p161_c0",1,True,1.0
What was the title of the meeting held in December 2012?,5,PPT_13 fallacies LALT2012_page_001_p1_c0,"PPT_13 fallacies LALT2012_page_001_p1_c0,newspaper_eb569707cf5621d4c71d5898216cdb17_1_p1_c0,docstructbench_dianzishu_zhongwenzaixian-o.O-63678132.pdf_161_p161_c0,jiaocaineedrop_jiaocai_needrop_en_377_p377_c4,newspaper_b95d1d8eb0d756cc94a5d8b5db3cf69b_1_p1_c0",1,True,1.0
What is the value of DC in the first example?,1,jiaocaineedrop_AMC8_V5.pdf_64_p64_c0,jiaocaineedrop_AMC8_V5.pdf_64_p64_c0,1,True,1.0
What is the value of DC in the first example?,3,jiaocaineedrop_AMC8_V5.pdf_64_p64_c0,"jiaocaineedrop_AMC8_V5.pdf_64_p64_c0,newspaper_The Globe and Mail - 2025-1-8@magazinesclubnew_page_014_p14_c1,newspaper_The Globe and Mail - 2025-1-8@magazinesclubnew_page_014_p14_c8",1,True,1.0
What is the value of DC in the first example?,5,jiaocaineedrop_AMC8_V5.pdf_64_p64_c0,"jiaocaineedrop_AMC8_V5.pdf_64_p64_c0,newspaper_The Globe and Mail - 2025-1-8@magazinesclubnew_page_014_p14_c1,newspaper_The Globe and Mail - 2025-1-8@magazinesclubnew_page_014_p14_c8,newspaper_The Globe and Mail - 2025-1-8@magazinesclubnew_page_014_p14_c7,newspaper_The Globe and Mail - 2025-1-8@magazinesclubnew_page_014_p14_c11",1,True,1.0
What is the value of y in the equation given?,1,jiaocaineedrop_AMC8_V5.pdf_64_p64_c1,exam_paper_en-file-putnam-archive_2007_Solutions_2007s_page_001_p1_c4,0,False,0.0
What is the value of y in the equation given?,3,jiaocaineedrop_AMC8_V5.pdf_64_p64_c1,"exam_paper_en-file-putnam-archive_2007_Solutions_2007s_page_001_p1_c4,jiaocaineedrop_96657786.pdf_0_p0_c4,jiaocaineedrop_96657786.pdf_0_p0_c3",0,False,0.0
What is the value of y in the equation given?,5,jiaocaineedrop_AMC8_V5.pdf_64_p64_c1,"exam_paper_en-file-putnam-archive_2007_Solutions_2007s_page_001_p1_c4,jiaocaineedrop_96657786.pdf_0_p0_c4,jiaocaineedrop_96657786.pdf_0_p0_c3,jiaocaineedrop_jiaocai_needrop_en_1564_p1564_c4,jiaocaineedrop_c2-ma-11-q-11-cl.pdf_2_p2_c0",0,False,0.0
在什么情况下专有名词前通常不用冠词？,1,notes_f7f010b78016aeebd76e56d9283eb67f_52_p52_c1,notes_f7f010b78016aeebd76e56d9283eb67f_52_p52_c1,1,True,1.0
在什么情况下专有名词前通常不用冠词？,3,notes_f7f010b78016aeebd76e56d9283eb67f_52_p52_c1,"notes_f7f010b78016aeebd76e56d9283eb67f_52_p52_c1,notes_f7f010b78016aeebd76e56d9283eb67f_52_p52_c0,notes_f7f010b78016aeebd76e56d9283eb67f_27_p27_c0",1,True,1.0
在什么情况下专有名词前通常不用冠词？,5,notes_f7f010b78016aeebd76e56d9283eb67f_52_p52_c1,"notes_f7f010b78016aeebd76e56d9283eb67f_52_p52_c1,notes_f7f010b78016aeebd76e56d9283eb67f_52_p52_c0,notes_f7f010b78016aeebd76e56d9283eb67f_27_p27_c0,color_textbook_zhonggaokao_小学_KET听说读写逐项突破_KET听说读写逐项突破之轻松搞定KET写作25分 【10讲 褚连一】_第10讲第十课写作Part9小作文练习_第十课写作Part9小作文练习_page_010_p10_c3,color_textbook_zhonggaokao_小学_KET听说读写逐项突破_KET听说读写逐项突破之轻松搞定KET写作25分 【10讲 褚连一】_第10讲第十课写作Part9小作文练习_第十课写作Part9小作文练习_page_010_p10_c4",1,True,1.0
What was observed in the channel flow experiment regarding bubble size and MBDR effectiveness?,1,docstructbench_llm-raw-scihub-o.O-s00348-006-0169-y.pdf_2_p2_c0,docstructbench_llm-raw-scihub-o.O-s00348-006-0169-y.pdf_2_p2_c1,0,False,0.0
What was observed in the channel flow experiment regarding bubble size and MBDR effectiveness?,3,docstructbench_llm-raw-scihub-o.O-s00348-006-0169-y.pdf_2_p2_c0,"docstructbench_llm-raw-scihub-o.O-s00348-006-0169-y.pdf_2_p2_c1,docstructbench_llm-raw-scihub-o.O-s00348-006-0169-y.pdf_2_p2_c0,docstructbench_llm-raw-scihub-o.O-s00348-006-0169-y.pdf_2_p2_c3",2,True,1.0
What was observed in the channel flow experiment regarding bubble size and MBDR effectiveness?,5,docstructbench_llm-raw-scihub-o.O-s00348-006-0169-y.pdf_2_p2_c0,"docstructbench_llm-raw-scihub-o.O-s00348-006-0169-y.pdf_2_p2_c1,docstructbench_llm-raw-scihub-o.O-s00348-006-0169-y.pdf_2_p2_c0,docstructbench_llm-raw-scihub-o.O-s00348-006-0169-y.pdf_2_p2_c3,docstructbench_llm-raw-scihub-o.O-s00348-006-0169-y.pdf_2_p2_c8,docstructbench_llm-raw-scihub-o.O-s00348-006-0169-y.pdf_2_p2_c2",2,True,1.0
What do MBDR investigations compare to characterize bubble size?,1,docstructbench_llm-raw-scihub-o.O-s00348-006-0169-y.pdf_2_p2_c1,docstructbench_llm-raw-scihub-o.O-s00348-006-0169-y.pdf_2_p2_c2,0,False,0.0
What do MBDR investigations compare to characterize bubble size?,3,docstructbench_llm-raw-scihub-o.O-s00348-006-0169-y.pdf_2_p2_c1,"docstructbench_llm-raw-scihub-o.O-s00348-006-0169-y.pdf_2_p2_c2,docstructbench_llm-raw-scihub-o.O-s00348-006-0169-y.pdf_2_p2_c1,docstructbench_llm-raw-scihub-o.O-s00348-006-0169-y.pdf_2_p2_c3",2,True,1.0
What do MBDR investigations compare to characterize bubble size?,5,docstructbench_llm-raw-scihub-o.O-s00348-006-0169-y.pdf_2_p2_c1,"docstructbench_llm-raw-scihub-o.O-s00348-006-0169-y.pdf_2_p2_c2,docstructbench_llm-raw-scihub-o.O-s00348-006-0169-y.pdf_2_p2_c1,docstructbench_llm-raw-scihub-o.O-s00348-006-0169-y.pdf_2_p2_c3,docstructbench_llm-raw-scihub-o.O-s00348-006-0169-y.pdf_2_p2_c0,docstructbench_llm-raw-scihub-o.O-s00348-006-0169-y.pdf_2_p2_c8",2,True,1.0
What is the formula for the viscous wall unit?,1,docstructbench_llm-raw-scihub-o.O-s00348-006-0169-y.pdf_2_p2_c2,docstructbench_llm-raw-scihub-o.O-s00348-006-0169-y.pdf_2_p2_c2,1,True,1.0
What is the formula for the viscous wall unit?,3,docstructbench_llm-raw-scihub-o.O-s00348-006-0169-y.pdf_2_p2_c2,"docstructbench_llm-raw-scihub-o.O-s00348-006-0169-y.pdf_2_p2_c2,docstructbench_llm-raw-scihub-o.O-s00348-006-0169-y.pdf_2_p2_c4,book_zh_CNASGL0092018_extracted_page_69_p69_c1",1,True,1.0
What is the formula for the viscous wall unit?,5,docstructbench_llm-raw-scihub-o.O-s00348-006-0169-y.pdf_2_p2_c2,"docstructbench_llm-raw-scihub-o.O-s00348-006-0169-y.pdf_2_p2_c2,docstructbench_llm-raw-scihub-o.O-s00348-006-0169-y.pdf_2_p2_c4,book_zh_CNASGL0092018_extracted_page_69_p69_c1,docstructbench_dianzishu_zhongwenzaixian-o.O-60403612.pdf_179_p179_c1,book_zh_CNASGL0092018_extracted_page_69_p69_c2",1,True,1.0
What is the typical size of bubbles compared to the wall unit in MBDR experiments?,1,docstructbench_llm-raw-scihub-o.O-s00348-006-0169-y.pdf_2_p2_c3,docstructbench_llm-raw-scihub-o.O-s00348-006-0169-y.pdf_2_p2_c2,0,False,0.0
What is the typical size of bubbles compared to the wall unit in MBDR experiments?,3,docstructbench_llm-raw-scihub-o.O-s00348-006-0169-y.pdf_2_p2_c3,"docstructbench_llm-raw-scihub-o.O-s00348-006-0169-y.pdf_2_p2_c2,docstructbench_llm-raw-scihub-o.O-s00348-006-0169-y.pdf_2_p2_c3,docstructbench_llm-raw-scihub-o.O-s00348-006-0169-y.pdf_2_p2_c6",2,True,1.0
What is the typical size of bubbles compared to the wall unit in MBDR experiments?,5,docstructbench_llm-raw-scihub-o.O-s00348-006-0169-y.pdf_2_p2_c3,"docstructbench_llm-raw-scihub-o.O-s00348-006-0169-y.pdf_2_p2_c2,docstructbench_llm-raw-scihub-o.O-s00348-006-0169-y.pdf_2_p2_c3,docstructbench_llm-raw-scihub-o.O-s00348-006-0169-y.pdf_2_p2_c6,docstructbench_llm-raw-scihub-o.O-s00348-006-0169-y.pdf_2_p2_c9,docstructbench_llm-raw-scihub-o.O-s00348-006-0169-y.pdf_2_p2_c1",2,True,1.0
What is the formula for the average void fraction?,1,docstructbench_llm-raw-scihub-o.O-s00348-006-0169-y.pdf_2_p2_c4,docstructbench_llm-raw-scihub-o.O-s00348-006-0169-y.pdf_2_p2_c5,0,False,0.0
What is the formula for the average void fraction?,3,docstructbench_llm-raw-scihub-o.O-s00348-006-0169-y.pdf_2_p2_c4,"docstructbench_llm-raw-scihub-o.O-s00348-006-0169-y.pdf_2_p2_c5,jiaocaineedrop_jiaocai_needrop_en_2518_p2518_c1,jiaocaineedrop_Evans_PDE_Solution_Chapter_6_Second-Order_Elliptic_Equations.pdf_5_p5_c3",0,False,0.0
What is the formula for the average void fraction?,5,docstructbench_llm-raw-scihub-o.O-s00348-006-0169-y.pdf_2_p2_c4,"docstructbench_llm-raw-scihub-o.O-s00348-006-0169-y.pdf_2_p2_c5,jiaocaineedrop_jiaocai_needrop_en_2518_p2518_c1,jiaocaineedrop_Evans_PDE_Solution_Chapter_6_Second-Order_Elliptic_Equations.pdf_5_p5_c3,book_en_国外数学教材-数论-Melvyn B. Nathanson—Elementary Methods in Number Theory_0035_p35_c0,jiaocaineedrop_jiaocai_needrop_en_2518_p2518_c0",0,False,0.0
What is the formula for the average void fraction?,1,docstructbench_llm-raw-scihub-o.O-s00348-006-0169-y.pdf_2_p2_c5,docstructbench_llm-raw-scihub-o.O-s00348-006-0169-y.pdf_2_p2_c5,1,True,1.0
What is the formula for the average void fraction?,3,docstructbench_llm-raw-scihub-o.O-s00348-006-0169-y.pdf_2_p2_c5,"docstructbench_llm-raw-scihub-o.O-s00348-006-0169-y.pdf_2_p2_c5,jiaocaineedrop_jiaocai_needrop_en_2518_p2518_c1,jiaocaineedrop_Evans_PDE_Solution_Chapter_6_Second-Order_Elliptic_Equations.pdf_5_p5_c3",1,True,1.0
What is the formula for the average void fraction?,5,docstructbench_llm-raw-scihub-o.O-s00348-006-0169-y.pdf_2_p2_c5,"docstructbench_llm-raw-scihub-o.O-s00348-006-0169-y.pdf_2_p2_c5,jiaocaineedrop_jiaocai_needrop_en_2518_p2518_c1,jiaocaineedrop_Evans_PDE_Solution_Chapter_6_Second-Order_Elliptic_Equations.pdf_5_p5_c3,book_en_国外数学教材-数论-Melvyn B. Nathanson—Elementary Methods in Number Theory_0035_p35_c0,jiaocaineedrop_jiaocai_needrop_en_2518_p2518_c0",1,True,1.0
What is the range of alpha that leads to appreciable drag reduction?,1,docstructbench_llm-raw-scihub-o.O-s00348-006-0169-y.pdf_2_p2_c6,docstructbench_llm-raw-scihub-o.O-s00348-006-0169-y.pdf_2_p2_c5,0,False,0.0
What is the range of alpha that leads to appreciable drag reduction?,3,docstructbench_llm-raw-scihub-o.O-s00348-006-0169-y.pdf_2_p2_c6,"docstructbench_llm-raw-scihub-o.O-s00348-006-0169-y.pdf_2_p2_c5,docstructbench_llm-raw-scihub-o.O-s00348-006-0169-y.pdf_2_p2_c6,docstructbench_llm-raw-scihub-o.O-s00348-006-0169-y.pdf_2_p2_c3",2,True,1.0
What is the range of alpha that leads to appreciable drag reduction?,5,docstructbench_llm-raw-scihub-o.O-s00348-006-0169-y.pdf_2_p2_c6,"docstructbench_llm-raw-scihub-o.O-s00348-006-0169-y.pdf_2_p2_c5,docstructbench_llm-raw-scihub-o.O-s00348-006-0169-y.pdf_2_p2_c6,docstructbench_llm-raw-scihub-o.O-s00348-006-0169-y.pdf_2_p2_c3,docstructbench_llm-raw-scihub-o.O-s00348-006-0169-y.pdf_2_p2_c9,scihub_s11661-013-1726-7.pdf_2_p2_c1",2,True,1.0
What was the concentration of the surfactant solution used in the study?,1,docstructbench_llm-raw-scihub-o.O-s00348-006-0169-y.pdf_2_p2_c7,docstructbench_llm-raw-scihub-o.O-s00348-006-0169-y.pdf_2_p2_c7,1,True,1.0
What was the concentration of the surfactant solution used in the study?,3,docstructbench_llm-raw-scihub-o.O-s00348-006-0169-y.pdf_2_p2_c7,"docstructbench_llm-raw-scihub-o.O-s00348-006-0169-y.pdf_2_p2_c7,docstructbench_llm-raw-scihub-o.O-s00348-006-0169-y.pdf_2_p2_c6,docstructbench_llm-raw-scihub-o.O-s00348-006-0169-y.pdf_2_p2_c8",1,True,1.0
What was the concentration of the surfactant solution used in the study?,5,docstructbench_llm-raw-scihub-o.O-s00348-006-0169-y.pdf_2_p2_c7,"docstructbench_llm-raw-scihub-o.O-s00348-006-0169-y.pdf_2_p2_c7,docstructbench_llm-raw-scihub-o.O-s00348-006-0169-y.pdf_2_p2_c6,docstructbench_llm-raw-scihub-o.O-s00348-006-0169-y.pdf_2_p2_c8,docstructbench_llm-raw-scihub-o.O-j.chroma.2005.03.134.pdf_6_p6_c4,docstructbench_llm-raw-scihub-o.O-j.chroma.2005.05.085.pdf_4_p4_c5",1,True,1.0
What is the range of $ d^{+} $ varied in the measurements?,1,docstructbench_llm-raw-scihub-o.O-s00348-006-0169-y.pdf_2_p2_c9,docstructbench_llm-raw-scihub-o.O-s00348-006-0169-y.pdf_2_p2_c6,0,False,0.0
What is the range of $ d^{+} $ varied in the measurements?,3,docstructbench_llm-raw-scihub-o.O-s00348-006-0169-y.pdf_2_p2_c9,"docstructbench_llm-raw-scihub-o.O-s00348-006-0169-y.pdf_2_p2_c6,docstructbench_llm-raw-scihub-o.O-s00348-006-0169-y.pdf_2_p2_c3,eastmoney_e42b6e1cd2d48113ff4db8854e539d828d632bf9b1757e10cb8ddb2cfc7b1393.pdf_12_p12_c1",0,False,0.0
What is the range of $ d^{+} $ varied in the measurements?,5,docstructbench_llm-raw-scihub-o.O-s00348-006-0169-y.pdf_2_p2_c9,"docstructbench_llm-raw-scihub-o.O-s00348-006-0169-y.pdf_2_p2_c6,docstructbench_llm-raw-scihub-o.O-s00348-006-0169-y.pdf_2_p2_c3,eastmoney_e42b6e1cd2d48113ff4db8854e539d828d632bf9b1757e10cb8ddb2cfc7b1393.pdf_12_p12_c1,docstructbench_llm-raw-scihub-o.O-j.chroma.2005.05.085.pdf_4_p4_c8,docstructbench_llm-raw-scihub-o.O-j.chroma.2005.05.085.pdf_4_p4_c6",0,False,0.0
Where is the high-speed re-circulating water tunnel located?,1,docstructbench_llm-raw-scihub-o.O-s00348-006-0169-y.pdf_2_p2_c10,docstructbench_llm-raw-scihub-o.O-s00348-006-0169-y.pdf_2_p2_c10,1,True,1.0
Where is the high-speed re-circulating water tunnel located?,3,docstructbench_llm-raw-scihub-o.O-s00348-006-0169-y.pdf_2_p2_c10,"docstructbench_llm-raw-scihub-o.O-s00348-006-0169-y.pdf_2_p2_c10,docstructbench_llm-raw-scihub-o.O-s00348-006-0169-y.pdf_2_p2_c9,magazine_TheEconomist.2023.12.23_page_012_p12_c5",1,True,1.0
Where is the high-speed re-circulating water tunnel located?,5,docstructbench_llm-raw-scihub-o.O-s00348-006-0169-y.pdf_2_p2_c10,"docstructbench_llm-raw-scihub-o.O-s00348-006-0169-y.pdf_2_p2_c10,docstructbench_llm-raw-scihub-o.O-s00348-006-0169-y.pdf_2_p2_c9,magazine_TheEconomist.2023.12.23_page_012_p12_c5,newspaper_USAToday-2025-01-08@magazinesclubnew_page_021_p21_c7,magazine_TheEconomist.2023.11.18_page_030_p30_c1",1,True,1.0
查读时需要综合哪些信息才能获得所需的事实和细节？,1,notes_f7f010b78016aeebd76e56d9283eb67f_89_p89_c0,notes_f7f010b78016aeebd76e56d9283eb67f_89_p89_c0,1,True,1.0
查读时需要综合哪些信息才能获得所需的事实和细节？,3,notes_f7f010b78016aeebd76e56d9283eb67f_89_p89_c0,"notes_f7f010b78016aeebd76e56d9283eb67f_89_p89_c0,jiaocaineedrop_jiaocai_needrop_en_377_p377_c3,notes_f7f010b78016aeebd76e56d9283eb67f_92_p92_c0",1,True,1.0
查读时需要综合哪些信息才能获得所需的事实和细节？,5,notes_f7f010b78016aeebd76e56d9283eb67f_89_p89_c0,"notes_f7f010b78016aeebd76e56d9283eb67f_89_p89_c0,jiaocaineedrop_jiaocai_needrop_en_377_p377_c3,notes_f7f010b78016aeebd76e56d9283eb67f_92_p92_c0,jiaocaineedrop_96657786.pdf_0_p0_c0,yanbaopptmerge_yanbaoPPT_6170_p6170_c0",1,True,1.0
What did the children say about the taxi fare?,1,notes_f7f010b78016aeebd76e56d9283eb67f_89_p89_c1,notes_f7f010b78016aeebd76e56d9283eb67f_89_p89_c1,1,True,1.0
What did the children say about the taxi fare?,3,notes_f7f010b78016aeebd76e56d9283eb67f_89_p89_c1,"notes_f7f010b78016aeebd76e56d9283eb67f_89_p89_c1,exam_paper_2004-2019上海高考英语听力原文和答案_page_017_p17_c1,jiaocaineedrop_jiaocai_needrop_en_453_p453_c0",1,True,1.0
What did the children say about the taxi fare?,5,notes_f7f010b78016aeebd76e56d9283eb67f_89_p89_c1,"notes_f7f010b78016aeebd76e56d9283eb67f_89_p89_c1,exam_paper_2004-2019上海高考英语听力原文和答案_page_017_p17_c1,jiaocaineedrop_jiaocai_needrop_en_453_p453_c0,exam_paper_2016年安徽省中考英语试题（解析）_page_015_p15_c2,newspaper_The Wall Street Journal - 2025-01-08@magazinesclubnew_page_018_p18_c4",1,True,1.0
字母 M 的发音是什么？,1,color_textbook_教材全解1+1二年级上册英语上海牛津版_page_067_p67_c0,color_textbook_教材全解1+1二年级上册英语上海牛津版_page_067_p67_c0,1,True,1.0
字母 M 的发音是什么？,3,color_textbook_教材全解1+1二年级上册英语上海牛津版_page_067_p67_c0,"color_textbook_教材全解1+1二年级上册英语上海牛津版_page_067_p67_c0,PPT_8076_MEYER_Chapter_2_-_Language_Change_page_014_p14_c1,docstructbench_dianzishu_zhongwenzaixian-o.O-60403612.pdf_179_p179_c0",1,True,1.0
字母 M 的发音是什么？,5,color_textbook_教材全解1+1二年级上册英语上海牛津版_page_067_p67_c0,"color_textbook_教材全解1+1二年级上册英语上海牛津版_page_067_p67_c0,PPT_8076_MEYER_Chapter_2_-_Language_Change_page_014_p14_c1,docstructbench_dianzishu_zhongwenzaixian-o.O-60403612.pdf_179_p179_c0,newspaper_The Wall Street Journal - 2025-01-08@magazinesclubnew_page_018_p18_c3,color_textbook_zhonggaokao_小学_KET听说读写逐项突破_KET听说读写逐项突破之轻松搞定KET写作25分 【10讲 褚连一】_第10讲第十课写作Part9小作文练习_第十课写作Part9小作文练习_page_010_p10_c4",1,True,1.0
What is the third word in the second row of text?,1,color_textbook_教材全解1+1二年级上册英语上海牛津版_page_067_p67_c1,newspaper_The Globe and Mail - 2025-1-8@magazinesclubnew_page_014_p14_c15,0,False,0.0
What is the third word in the second row of text?,3,color_textbook_教材全解1+1二年级上册英语上海牛津版_page_067_p67_c1,"newspaper_The Globe and Mail - 2025-1-8@magazinesclubnew_page_014_p14_c15,color_textbook_教材全解1+1二年级上册英语上海牛津版_page_067_p67_c0,exam_paper_2004-2019上海高考英语听力原文和答案_page_017_p17_c0",0,False,0.0
What is the third word in the second row of text?,5,color_textbook_教材全解1+1二年级上册英语上海牛津版_page_067_p67_c1,"newspaper_The Globe and Mail - 2025-1-8@magazinesclubnew_page_014_p14_c15,color_textbook_教材全解1+1二年级上册英语上海牛津版_page_067_p67_c0,exam_paper_2004-2019上海高考英语听力原文和答案_page_017_p17_c0,newspaper_The Wall Street Journal - 2025-01-08@magazinesclubnew_page_018_p18_c2,newspaper_The Globe and Mail - 2025-1-8@magazinesclubnew_page_014_p14_c16",0,False,0.0
What is the name of the person in the table?,1,color_textbook_教材全解1+1二年级上册英语上海牛津版_page_067_p67_c2,newspaper_The Wall Street Journal - 2025-01-08@magazinesclubnew_page_018_p18_c2,0,False,0.0
What is the name of the person in the table?,3,color_textbook_教材全解1+1二年级上册英语上海牛津版_page_067_p67_c2,"newspaper_The Wall Street Journal - 2025-01-08@magazinesclubnew_page_018_p18_c2,newspaper_The Wall Street Journal - 2025-01-08@magazinesclubnew_page_018_p18_c3,color_textbook_zhonggaokao_小学_13.人教新起点英语（4-5年级）_人教新起点五年级英语下册_课本_人教新起点英语5B电子课本_page_011_p11_c1",0,False,0.0
What is the name of the person in the table?,5,color_textbook_教材全解1+1二年级上册英语上海牛津版_page_067_p67_c2,"newspaper_The Wall Street Journal - 2025-01-08@magazinesclubnew_page_018_p18_c2,newspaper_The Wall Street Journal - 2025-01-08@magazinesclubnew_page_018_p18_c3,color_textbook_zhonggaokao_小学_13.人教新起点英语（4-5年级）_人教新起点五年级英语下册_课本_人教新起点英语5B电子课本_page_011_p11_c1,jiaocaineedrop_Chapter9.pdf_46_p46_c2,color_textbook_教材全解1+1二年级上册英语上海牛津版_page_067_p67_c2",5,True,1.0
你能听见什么？,1,color_textbook_教材全解1+1二年级上册英语上海牛津版_page_067_p67_c3,color_textbook_教材全解1+1二年级上册英语上海牛津版_page_067_p67_c3,1,True,1.0
你能听见什么？,3,color_textbook_教材全解1+1二年级上册英语上海牛津版_page_067_p67_c3,"color_textbook_教材全解1+1二年级上册英语上海牛津版_page_067_p67_c3,exam_paper_2016年安徽省中考英语试题（解析）_page_003_p3_c0,color_textbook_zhonggaokao_小学_KET听说读写逐项突破_KET听说读写逐项突破之轻松搞定KET写作25分 【10讲 褚连一】_第10讲第十课写作Part9小作文练习_第十课写作Part9小作文练习_page_010_p10_c1",1,True,1.0
你能听见什么？,5,color_textbook_教材全解1+1二年级上册英语上海牛津版_page_067_p67_c3,"color_textbook_教材全解1+1二年级上册英语上海牛津版_page_067_p67_c3,exam_paper_2016年安徽省中考英语试题（解析）_page_003_p3_c0,color_textbook_zhonggaokao_小学_KET听说读写逐项突破_KET听说读写逐项突破之轻松搞定KET写作25分 【10讲 褚连一】_第10讲第十课写作Part9小作文练习_第十课写作Part9小作文练习_page_010_p10_c1,jiaocaineedrop_jiaocai_needrop_en_2884_p2884_c2,exam_paper_2004-2019上海高考英语听力原文和答案_page_017_p17_c1",1,True,1.0
外采第三方技术支持平台对增值税计税方式有何影响？,1,yanbaor2_7f386f737cb55cffa10c8321a94bd38d7169cd69b3b253b9e2e502c12a68feea.pdf_15_p15_c0,yanbaor2_7f386f737cb55cffa10c8321a94bd38d7169cd69b3b253b9e2e502c12a68feea.pdf_15_p15_c0,1,True,1.0
外采第三方技术支持平台对增值税计税方式有何影响？,3,yanbaor2_7f386f737cb55cffa10c8321a94bd38d7169cd69b3b253b9e2e502c12a68feea.pdf_15_p15_c0,"yanbaor2_7f386f737cb55cffa10c8321a94bd38d7169cd69b3b253b9e2e502c12a68feea.pdf_15_p15_c0,yanbaopptmerge_baa6d02928efcac46ccf7dfd3859de565cfb0bea918ae0ec0eed50944a7c20b4.pdf_11_p11_c1,eastmoney_d2bb183f5254ede5760932ac3118524aa7eddad551935713b435541f1525c1ee.pdf_7_p7_c1",1,True,1.0
外采第三方技术支持平台对增值税计税方式有何影响？,5,yanbaor2_7f386f737cb55cffa10c8321a94bd38d7169cd69b3b253b9e2e502c12a68feea.pdf_15_p15_c0,"yanbaor2_7f386f737cb55cffa10c8321a94bd38d7169cd69b3b253b9e2e502c12a68feea.pdf_15_p15_c0,yanbaopptmerge_baa6d02928efcac46ccf7dfd3859de565cfb0bea918ae0ec0eed50944a7c20b4.pdf_11_p11_c1,eastmoney_d2bb183f5254ede5760932ac3118524aa7eddad551935713b435541f1525c1ee.pdf_7_p7_c1,yanbaopptmerge_5473246b8da789b9bfdeef53a70c4d72afd480415d5cbcedb83d105856710328.pdf_8_p8_c1,yanbaor2_bfe5f11c4ad2e94d966ef6801dc992816f42c9150e2be42b008c95f59713e901.pdf_137_p137_c1",1,True,1.0
该文档的版权归属哪家机构？,1,yanbaor2_7f386f737cb55cffa10c8321a94bd38d7169cd69b3b253b9e2e502c12a68feea.pdf_15_p15_c1,yanbaor2_7f386f737cb55cffa10c8321a94bd38d7169cd69b3b253b9e2e502c12a68feea.pdf_15_p15_c1,1,True,1.0
该文档的版权归属哪家机构？,3,yanbaor2_7f386f737cb55cffa10c8321a94bd38d7169cd69b3b253b9e2e502c12a68feea.pdf_15_p15_c1,"yanbaor2_7f386f737cb55cffa10c8321a94bd38d7169cd69b3b253b9e2e502c12a68feea.pdf_15_p15_c1,yanbaopptmerge_0c79d327060dbf9f1582d03c235dadb039533a19091d2c0d24f2ad95d267f79b.pdf_2_p2_c2,eastmoney_d2bb183f5254ede5760932ac3118524aa7eddad551935713b435541f1525c1ee.pdf_7_p7_c2",1,True,1.0
该文档的版权归属哪家机构？,5,yanbaor2_7f386f737cb55cffa10c8321a94bd38d7169cd69b3b253b9e2e502c12a68feea.pdf_15_p15_c1,"yanbaor2_7f386f737cb55cffa10c8321a94bd38d7169cd69b3b253b9e2e502c12a68feea.pdf_15_p15_c1,yanbaopptmerge_0c79d327060dbf9f1582d03c235dadb039533a19091d2c0d24f2ad95d267f79b.pdf_2_p2_c2,eastmoney_d2bb183f5254ede5760932ac3118524aa7eddad551935713b435541f1525c1ee.pdf_7_p7_c2,yanbaor2_bfe5f11c4ad2e94d966ef6801dc992816f42c9150e2be42b008c95f59713e901.pdf_139_p139_c1,yanbaor2_bfe5f11c4ad2e94d966ef6801dc992816f42c9150e2be42b008c95f59713e901.pdf_137_p137_c1",1,True,1.0
李乐乐制订计划的时间是哪一天？,1,jiaocaineedrop_jiaocai_needrop_en_1836_p1836_c1,jiaocaineedrop_jiaocai_needrop_en_1836_p1836_c1,1,True,1.0
李乐乐制订计划的时间是哪一天？,3,jiaocaineedrop_jiaocai_needrop_en_1836_p1836_c1,"jiaocaineedrop_jiaocai_needrop_en_1836_p1836_c1,yanbaopptmerge_baa6d02928efcac46ccf7dfd3859de565cfb0bea918ae0ec0eed50944a7c20b4.pdf_11_p11_c1,color_textbook_zhonggaokao_小学_13.人教新起点英语（4-5年级）_人教新起点五年级英语下册_课本_人教新起点英语5B电子课本_page_011_p11_c2",1,True,1.0
李乐乐制订计划的时间是哪一天？,5,jiaocaineedrop_jiaocai_needrop_en_1836_p1836_c1,"jiaocaineedrop_jiaocai_needrop_en_1836_p1836_c1,yanbaopptmerge_baa6d02928efcac46ccf7dfd3859de565cfb0bea918ae0ec0eed50944a7c20b4.pdf_11_p11_c1,color_textbook_zhonggaokao_小学_13.人教新起点英语（4-5年级）_人教新起点五年级英语下册_课本_人教新起点英语5B电子课本_page_011_p11_c2,newspaper_The Globe and Mail - 2025-1-8@magazinesclubnew_page_014_p14_c2,newspaper_The Globe and Mail - 2025-1-8@magazinesclubnew_page_014_p14_c3",1,True,1.0
小蜗牛和蜗牛妈妈的对话出现在哪两个自然段？,1,jiaocaineedrop_jiaocai_needrop_en_1836_p1836_c2,jiaocaineedrop_jiaocai_needrop_en_1836_p1836_c2,1,True,1.0
小蜗牛和蜗牛妈妈的对话出现在哪两个自然段？,3,jiaocaineedrop_jiaocai_needrop_en_1836_p1836_c2,"jiaocaineedrop_jiaocai_needrop_en_1836_p1836_c2,jiaocaineedrop_jiaocai_needrop_en_1836_p1836_c1,color_textbook_zhonggaokao_小学_KET听说读写逐项突破_KET听说读写逐项突破之轻松搞定KET写作25分 【10讲 褚连一】_第10讲第十课写作Part9小作文练习_第十课写作Part9小作文练习_page_010_p10_c3",1,True,1.0
小蜗牛和蜗牛妈妈的对话出现在哪两个自然段？,5,jiaocaineedrop_jiaocai_needrop_en_1836_p1836_c2,"jiaocaineedrop_jiaocai_needrop_en_1836_p1836_c2,jiaocaineedrop_jiaocai_needrop_en_1836_p1836_c1,color_textbook_zhonggaokao_小学_KET听说读写逐项突破_KET听说读写逐项突破之轻松搞定KET写作25分 【10讲 褚连一】_第10讲第十课写作Part9小作文练习_第十课写作Part9小作文练习_page_010_p10_c3,jiaocaineedrop_jiaocai_needrop_en_2193_p2193_c0,yanbaopptmerge_yanbaoPPT_4975_p4975_c0",1,True,1.0
AI生成的内容如何帮助攻击者突破安全漏洞？,1,yanbaor2_decf70a006d6f8f66725ead2f27b248a911016d258a236cefcdd26c6aff1d463.pdf_40_p40_c0,yanbaor2_decf70a006d6f8f66725ead2f27b248a911016d258a236cefcdd26c6aff1d463.pdf_40_p40_c0,1,True,1.0
AI生成的内容如何帮助攻击者突破安全漏洞？,3,yanbaor2_decf70a006d6f8f66725ead2f27b248a911016d258a236cefcdd26c6aff1d463.pdf_40_p40_c0,"yanbaor2_decf70a006d6f8f66725ead2f27b248a911016d258a236cefcdd26c6aff1d463.pdf_40_p40_c0,yanbaor2_decf70a006d6f8f66725ead2f27b248a911016d258a236cefcdd26c6aff1d463.pdf_40_p40_c1,yanbaor2_89c3718f5a45179ef57a5063c6df36fc2c9b7e3ab4275f4905ed89f1c17232ea.pdf_14_p14_c0",1,True,1.0
AI生成的内容如何帮助攻击者突破安全漏洞？,5,yanbaor2_decf70a006d6f8f66725ead2f27b248a911016d258a236cefcdd26c6aff1d463.pdf_40_p40_c0,"yanbaor2_decf70a006d6f8f66725ead2f27b248a911016d258a236cefcdd26c6aff1d463.pdf_40_p40_c0,yanbaor2_decf70a006d6f8f66725ead2f27b248a911016d258a236cefcdd26c6aff1d463.pdf_40_p40_c1,yanbaor2_89c3718f5a45179ef57a5063c6df36fc2c9b7e3ab4275f4905ed89f1c17232ea.pdf_14_p14_c0,magazine_TheEconomist.2023.11.25_page_069_p69_c2,newspaper_The Wall Street Journal - 2025-01-08@magazinesclubnew_page_018_p18_c17",1,True,1.0
有多少比例的人不确定能否区分AI生成的内容和人类生成的内容？,1,yanbaor2_decf70a006d6f8f66725ead2f27b248a911016d258a236cefcdd26c6aff1d463.pdf_40_p40_c1,yanbaor2_decf70a006d6f8f66725ead2f27b248a911016d258a236cefcdd26c6aff1d463.pdf_40_p40_c1,1,True,1.0
有多少比例的人不确定能否区分AI生成的内容和人类生成的内容？,3,yanbaor2_decf70a006d6f8f66725ead2f27b248a911016d258a236cefcdd26c6aff1d463.pdf_40_p40_c1,"yanbaor2_decf70a006d6f8f66725ead2f27b248a911016d258a236cefcdd26c6aff1d463.pdf_40_p40_c1,yanbaor2_decf70a006d6f8f66725ead2f27b248a911016d258a236cefcdd26c6aff1d463.pdf_40_p40_c0,scihub_ijcac.2012040101.pdf_5_p5_c3",1,True,1.0
有多少比例的人不确定能否区分AI生成的内容和人类生成的内容？,5,yanbaor2_decf70a006d6f8f66725ead2f27b248a911016d258a236cefcdd26c6aff1d463.pdf_40_p40_c1,"yanbaor2_decf70a006d6f8f66725ead2f27b248a911016d258a236cefcdd26c6aff1d463.pdf_40_p40_c1,yanbaor2_decf70a006d6f8f66725ead2f27b248a911016d258a236cefcdd26c6aff1d463.pdf_40_p40_c0,scihub_ijcac.2012040101.pdf_5_p5_c3,eastmoney_d2bb183f5254ede5760932ac3118524aa7eddad551935713b435541f1525c1ee.pdf_7_p7_c0,magazine_TheEconomist.2024.03.09_page_064_p64_c3",1,True,1.0
What tasks do service robots help with apart from industrial automation?,1,magazine_TheEconomist.2023.12.23_page_024_p24_c2,magazine_TheEconomist.2023.12.23_page_024_p24_c2,1,True,1.0
What tasks do service robots help with apart from industrial automation?,3,magazine_TheEconomist.2023.12.23_page_024_p24_c2,"magazine_TheEconomist.2023.12.23_page_024_p24_c2,magazine_TheEconomist.2023.12.23_page_024_p24_c1,magazine_TheEconomist.2023.12.23_page_012_p12_c4",1,True,1.0
What tasks do service robots help with apart from industrial automation?,5,magazine_TheEconomist.2023.12.23_page_024_p24_c2,"magazine_TheEconomist.2023.12.23_page_024_p24_c2,magazine_TheEconomist.2023.12.23_page_024_p24_c1,magazine_TheEconomist.2023.12.23_page_012_p12_c4,magazine_TheEconomist.2023.12.23_page_012_p12_c6,magazine_TheEconomist.2023.12.23_page_024_p24_c4",1,True,1.0
What does China now use as a gauge of economic advancement?,1,magazine_TheEconomist.2023.12.23_page_024_p24_c3,magazine_TheEconomist.2023.12.23_page_024_p24_c3,1,True,1.0
What does China now use as a gauge of economic advancement?,3,magazine_TheEconomist.2023.12.23_page_024_p24_c3,"magazine_TheEconomist.2023.12.23_page_024_p24_c3,magazine_TheEconomist.2023.12.23_page_024_p24_c2,magazine_TheEconomist.2023.12.23_page_024_p24_c1",1,True,1.0
What does China now use as a gauge of economic advancement?,5,magazine_TheEconomist.2023.12.23_page_024_p24_c3,"magazine_TheEconomist.2023.12.23_page_024_p24_c3,magazine_TheEconomist.2023.12.23_page_024_p24_c2,magazine_TheEconomist.2023.12.23_page_024_p24_c1,magazine_TheEconomist.2023.12.23_page_024_p24_c4,yanbaor2_ea86fd46182ff9b675775645ecaf43782b996ffaeeb09c679f56a47aabfbf6b7.pdf_9_p9_c0",1,True,1.0
What percentage of the shortage occupations are manufacturing-related?,1,magazine_TheEconomist.2023.12.23_page_024_p24_c4,magazine_TheEconomist.2023.12.23_page_024_p24_c4,1,True,1.0
What percentage of the shortage occupations are manufacturing-related?,3,magazine_TheEconomist.2023.12.23_page_024_p24_c4,"magazine_TheEconomist.2023.12.23_page_024_p24_c4,magazine_TheEconomist.2024.03.02_page_032_p32_c2,magazine_TheEconomist.2024.03.02_page_032_p32_c0",1,True,1.0
What percentage of the shortage occupations are manufacturing-related?,5,magazine_TheEconomist.2023.12.23_page_024_p24_c4,"magazine_TheEconomist.2023.12.23_page_024_p24_c4,magazine_TheEconomist.2024.03.02_page_032_p32_c2,magazine_TheEconomist.2024.03.02_page_032_p32_c0,eastmoney_03e39833d520af7d1abb96dd624dcd15f2b57d061969d196e80922e2f590503f.pdf_22_p22_c1,newspaper_eb569707cf5621d4c71d5898216cdb17_1_p1_c4",1,True,1.0
What caused factories to close during the pandemic?,1,magazine_TheEconomist.2023.12.23_page_024_p24_c5,magazine_TheEconomist.2023.12.23_page_024_p24_c5,1,True,1.0
What caused factories to close during the pandemic?,3,magazine_TheEconomist.2023.12.23_page_024_p24_c5,"magazine_TheEconomist.2023.12.23_page_024_p24_c5,newspaper_e62730aaeb9b509119e0c3699ac18201_1_p1_c9,newspaper_eb569707cf5621d4c71d5898216cdb17_1_p1_c3",1,True,1.0
What caused factories to close during the pandemic?,5,magazine_TheEconomist.2023.12.23_page_024_p24_c5,"magazine_TheEconomist.2023.12.23_page_024_p24_c5,newspaper_e62730aaeb9b509119e0c3699ac18201_1_p1_c9,newspaper_eb569707cf5621d4c71d5898216cdb17_1_p1_c3,newspaper_2c69e142b52dbb30cac2cb11d3eb25e5_1_p1_c4,magazine_TheEconomist.2023.12.23_page_024_p24_c3",1,True,1.0
What are the preferred metal phases for catalyzing the hydrocracking of F–T waxes?,1,docstructbench_llm-raw-scihub-o.O-j.apcata.2006.05.010.pdf_2_p2_c0,docstructbench_llm-raw-scihub-o.O-j.apcata.2006.05.010.pdf_2_p2_c0,1,True,1.0
What are the preferred metal phases for catalyzing the hydrocracking of F–T waxes?,3,docstructbench_llm-raw-scihub-o.O-j.apcata.2006.05.010.pdf_2_p2_c0,"docstructbench_llm-raw-scihub-o.O-j.apcata.2006.05.010.pdf_2_p2_c0,docstructbench_llm-raw-scihub-o.O-j.apcata.2006.05.010.pdf_2_p2_c3,docstructbench_llm-raw-scihub-o.O-j.apcata.2006.05.010.pdf_2_p2_c4",1,True,1.0
What are the preferred metal phases for catalyzing the hydrocracking of F–T waxes?,5,docstructbench_llm-raw-scihub-o.O-j.apcata.2006.05.010.pdf_2_p2_c0,"docstructbench_llm-raw-scihub-o.O-j.apcata.2006.05.010.pdf_2_p2_c0,docstructbench_llm-raw-scihub-o.O-j.apcata.2006.05.010.pdf_2_p2_c3,docstructbench_llm-raw-scihub-o.O-j.apcata.2006.05.010.pdf_2_p2_c4,docstructbench_llm-raw-scihub-o.O-j.apcata.2006.05.010.pdf_2_p2_c7,docstructbench_llm-raw-scihub-o.O-j.apcata.2006.05.010.pdf_2_p2_c1",1,True,1.0
What are the examples of acidic supports used in hydroisomerization processes?,1,docstructbench_llm-raw-scihub-o.O-j.apcata.2006.05.010.pdf_2_p2_c1,docstructbench_llm-raw-scihub-o.O-j.apcata.2006.05.010.pdf_2_p2_c1,1,True,1.0
What are the examples of acidic supports used in hydroisomerization processes?,3,docstructbench_llm-raw-scihub-o.O-j.apcata.2006.05.010.pdf_2_p2_c1,"docstructbench_llm-raw-scihub-o.O-j.apcata.2006.05.010.pdf_2_p2_c1,docstructbench_llm-raw-scihub-o.O-j.apcata.2006.05.010.pdf_2_p2_c0,docstructbench_llm-raw-scihub-o.O-j.apcata.2006.05.010.pdf_2_p2_c3",1,True,1.0
What are the examples of acidic supports used in hydroisomerization processes?,5,docstructbench_llm-raw-scihub-o.O-j.apcata.2006.05.010.pdf_2_p2_c1,"docstructbench_llm-raw-scihub-o.O-j.apcata.2006.05.010.pdf_2_p2_c1,docstructbench_llm-raw-scihub-o.O-j.apcata.2006.05.010.pdf_2_p2_c0,docstructbench_llm-raw-scihub-o.O-j.apcata.2006.05.010.pdf_2_p2_c3,docstructbench_llm-raw-scihub-o.O-j.apcata.2006.05.010.pdf_2_p2_c4,docstructbench_llm-raw-scihub-o.O-j.apcata.2006.05.010.pdf_2_p2_c6",1,True,1.0
What is the effect of reducing the density of Brönsted acid sites on zeolitic catalysts?,1,docstructbench_llm-raw-scihub-o.O-j.apcata.2006.05.010.pdf_2_p2_c2,docstructbench_llm-raw-scihub-o.O-j.apcata.2006.05.010.pdf_2_p2_c2,1,True,1.0
What is the effect of reducing the density of Brönsted acid sites on zeolitic catalysts?,3,docstructbench_llm-raw-scihub-o.O-j.apcata.2006.05.010.pdf_2_p2_c2,"docstructbench_llm-raw-scihub-o.O-j.apcata.2006.05.010.pdf_2_p2_c2,docstructbench_llm-raw-scihub-o.O-j.apcata.2006.05.010.pdf_2_p2_c6,docstructbench_llm-raw-scihub-o.O-j.apcata.2006.05.010.pdf_2_p2_c3",1,True,1.0
What is the effect of reducing the density of Brönsted acid sites on zeolitic catalysts?,5,docstructbench_llm-raw-scihub-o.O-j.apcata.2006.05.010.pdf_2_p2_c2,"docstructbench_llm-raw-scihub-o.O-j.apcata.2006.05.010.pdf_2_p2_c2,docstructbench_llm-raw-scihub-o.O-j.apcata.2006.05.010.pdf_2_p2_c6,docstructbench_llm-raw-scihub-o.O-j.apcata.2006.05.010.pdf_2_p2_c3,docstructbench_llm-raw-scihub-o.O-j.apcata.2006.05.010.pdf_2_p2_c7,docstructbench_llm-raw-scihub-o.O-j.apcata.2006.05.010.pdf_2_p2_c1",1,True,1.0
What is the main challenge in developing new catalysts for hydrocracking–hydroisomerization of high-boiling point n-paraffins?,1,docstructbench_llm-raw-scihub-o.O-j.apcata.2006.05.010.pdf_2_p2_c3,docstructbench_llm-raw-scihub-o.O-j.apcata.2006.05.010.pdf_2_p2_c3,1,True,1.0
What is the main challenge in developing new catalysts for hydrocracking–hydroisomerization of high-boiling point n-paraffins?,3,docstructbench_llm-raw-scihub-o.O-j.apcata.2006.05.010.pdf_2_p2_c3,"docstructbench_llm-raw-scihub-o.O-j.apcata.2006.05.010.pdf_2_p2_c3,docstructbench_llm-raw-scihub-o.O-j.apcata.2006.05.010.pdf_2_p2_c1,docstructbench_llm-raw-scihub-o.O-j.apcata.2006.05.010.pdf_2_p2_c4",1,True,1.0
What is the main challenge in developing new catalysts for hydrocracking–hydroisomerization of high-boiling point n-paraffins?,5,docstructbench_llm-raw-scihub-o.O-j.apcata.2006.05.010.pdf_2_p2_c3,"docstructbench_llm-raw-scihub-o.O-j.apcata.2006.05.010.pdf_2_p2_c3,docstructbench_llm-raw-scihub-o.O-j.apcata.2006.05.010.pdf_2_p2_c1,docstructbench_llm-raw-scihub-o.O-j.apcata.2006.05.010.pdf_2_p2_c4,docstructbench_llm-raw-scihub-o.O-j.apcata.2006.05.010.pdf_2_p2_c2,docstructbench_llm-raw-scihub-o.O-j.apcata.2006.05.010.pdf_2_p2_c0",1,True,1.0
What is the composition of the Pt/WOₓ–ZrO₂ catalyst mentioned in the text?,1,docstructbench_llm-raw-scihub-o.O-j.apcata.2006.05.010.pdf_2_p2_c4,docstructbench_llm-raw-scihub-o.O-j.apcata.2006.05.010.pdf_2_p2_c5,0,False,0.0
What is the composition of the Pt/WOₓ–ZrO₂ catalyst mentioned in the text?,3,docstructbench_llm-raw-scihub-o.O-j.apcata.2006.05.010.pdf_2_p2_c4,"docstructbench_llm-raw-scihub-o.O-j.apcata.2006.05.010.pdf_2_p2_c5,docstructbench_llm-raw-scihub-o.O-j.apcata.2006.05.010.pdf_2_p2_c4,docstructbench_llm-raw-scihub-o.O-j.apcata.2006.05.010.pdf_2_p2_c8",2,True,1.0
What is the composition of the Pt/WOₓ–ZrO₂ catalyst mentioned in the text?,5,docstructbench_llm-raw-scihub-o.O-j.apcata.2006.05.010.pdf_2_p2_c4,"docstructbench_llm-raw-scihub-o.O-j.apcata.2006.05.010.pdf_2_p2_c5,docstructbench_llm-raw-scihub-o.O-j.apcata.2006.05.010.pdf_2_p2_c4,docstructbench_llm-raw-scihub-o.O-j.apcata.2006.05.010.pdf_2_p2_c8,docstructbench_llm-raw-scihub-o.O-j.apcata.2006.05.010.pdf_2_p2_c7,docstructbench_llm-raw-scihub-o.O-j.apcata.2006.05.010.pdf_2_p2_c9",2,True,1.0
What temperature range is typically used for calcining the material?,1,docstructbench_llm-raw-scihub-o.O-j.apcata.2006.05.010.pdf_2_p2_c6,docstructbench_llm-raw-scihub-o.O-j.apcata.2006.05.010.pdf_2_p2_c6,1,True,1.0
What temperature range is typically used for calcining the material?,3,docstructbench_llm-raw-scihub-o.O-j.apcata.2006.05.010.pdf_2_p2_c6,"docstructbench_llm-raw-scihub-o.O-j.apcata.2006.05.010.pdf_2_p2_c6,docstructbench_llm-raw-scihub-o.O-j.apcata.2006.05.010.pdf_2_p2_c4,docstructbench_dianzishu_zhongwenzaixian-o.O-60403612.pdf_179_p179_c1",1,True,1.0
What temperature range is typically used for calcining the material?,5,docstructbench_llm-raw-scihub-o.O-j.apcata.2006.05.010.pdf_2_p2_c6,"docstructbench_llm-raw-scihub-o.O-j.apcata.2006.05.010.pdf_2_p2_c6,docstructbench_llm-raw-scihub-o.O-j.apcata.2006.05.010.pdf_2_p2_c4,docstructbench_dianzishu_zhongwenzaixian-o.O-60403612.pdf_179_p179_c1,docstructbench_dianzishu_zhongwenzaixian-o.O-60403612.pdf_179_p179_c2,docstructbench_llm-raw-scihub-o.O-j.apcata.2006.05.010.pdf_2_p2_c5",1,True,1.0
What method was used to prepare the WOₓ-ZrO₂ samples?,1,docstructbench_llm-raw-scihub-o.O-j.apcata.2006.05.010.pdf_2_p2_c7,docstructbench_llm-raw-scihub-o.O-j.apcata.2006.05.010.pdf_2_p2_c7,1,True,1.0
What method was used to prepare the WOₓ-ZrO₂ samples?,3,docstructbench_llm-raw-scihub-o.O-j.apcata.2006.05.010.pdf_2_p2_c7,"docstructbench_llm-raw-scihub-o.O-j.apcata.2006.05.010.pdf_2_p2_c7,docstructbench_llm-raw-scihub-o.O-j.apcata.2006.05.010.pdf_2_p2_c5,docstructbench_llm-raw-scihub-o.O-j.apcata.2006.05.010.pdf_2_p2_c9",1,True,1.0
What method was used to prepare the WOₓ-ZrO₂ samples?,5,docstructbench_llm-raw-scihub-o.O-j.apcata.2006.05.010.pdf_2_p2_c7,"docstructbench_llm-raw-scihub-o.O-j.apcata.2006.05.010.pdf_2_p2_c7,docstructbench_llm-raw-scihub-o.O-j.apcata.2006.05.010.pdf_2_p2_c5,docstructbench_llm-raw-scihub-o.O-j.apcata.2006.05.010.pdf_2_p2_c9,docstructbench_llm-raw-scihub-o.O-j.apcata.2006.05.010.pdf_2_p2_c8,docstructbench_llm-raw-scihub-o.O-j.apcata.2006.05.010.pdf_2_p2_c4",1,True,1.0
What method was used to prepare the catalyst samples with enhanced specific surface areas?,1,docstructbench_llm-raw-scihub-o.O-j.apcata.2006.05.010.pdf_2_p2_c8,docstructbench_llm-raw-scihub-o.O-j.apcata.2006.05.010.pdf_2_p2_c7,0,False,0.0
What method was used to prepare the catalyst samples with enhanced specific surface areas?,3,docstructbench_llm-raw-scihub-o.O-j.apcata.2006.05.010.pdf_2_p2_c8,"docstructbench_llm-raw-scihub-o.O-j.apcata.2006.05.010.pdf_2_p2_c7,docstructbench_llm-raw-scihub-o.O-j.apcata.2006.05.010.pdf_2_p2_c8,docstructbench_llm-raw-scihub-o.O-j.apcata.2006.05.010.pdf_2_p2_c9",2,True,1.0
What method was used to prepare the catalyst samples with enhanced specific surface areas?,5,docstructbench_llm-raw-scihub-o.O-j.apcata.2006.05.010.pdf_2_p2_c8,"docstructbench_llm-raw-scihub-o.O-j.apcata.2006.05.010.pdf_2_p2_c7,docstructbench_llm-raw-scihub-o.O-j.apcata.2006.05.010.pdf_2_p2_c8,docstructbench_llm-raw-scihub-o.O-j.apcata.2006.05.010.pdf_2_p2_c9,docstructbench_llm-raw-scihub-o.O-j.apcata.2006.05.010.pdf_2_p2_c6,docstructbench_llm-raw-scihub-o.O-j.apcata.2006.05.010.pdf_2_p2_c5",2,True,1.0
What is the unit cell size of the low USY zeolite?,1,docstructbench_llm-raw-scihub-o.O-j.apcata.2006.05.010.pdf_2_p2_c9,docstructbench_llm-raw-scihub-o.O-j.apcata.2006.05.010.pdf_2_p2_c9,1,True,1.0
What is the unit cell size of the low USY zeolite?,3,docstructbench_llm-raw-scihub-o.O-j.apcata.2006.05.010.pdf_2_p2_c9,"docstructbench_llm-raw-scihub-o.O-j.apcata.2006.05.010.pdf_2_p2_c9,docstructbench_llm-raw-scihub-o.O-j.chroma.2005.03.134.pdf_6_p6_c3,newspaper_2a6b4fa088699701a6fa9ccecfb5c25d_3_p3_c2",1,True,1.0
What is the unit cell size of the low USY zeolite?,5,docstructbench_llm-raw-scihub-o.O-j.apcata.2006.05.010.pdf_2_p2_c9,"docstructbench_llm-raw-scihub-o.O-j.apcata.2006.05.010.pdf_2_p2_c9,docstructbench_llm-raw-scihub-o.O-j.chroma.2005.03.134.pdf_6_p6_c3,newspaper_2a6b4fa088699701a6fa9ccecfb5c25d_3_p3_c2,docstructbench_llm-raw-scihub-o.O-j.chroma.2005.03.134.pdf_6_p6_c4,docstructbench_llm-raw-scihub-o.O-j.chroma.2005.03.134.pdf_6_p6_c2",1,True,1.0
What was the concentration of the PVA aqueous solution used?,1,docstructbench_llm-raw-scihub-o.O-j.apcata.2006.05.010.pdf_2_p2_c10,docstructbench_llm-raw-scihub-o.O-j.apcata.2006.05.010.pdf_2_p2_c10,1,True,1.0
What was the concentration of the PVA aqueous solution used?,3,docstructbench_llm-raw-scihub-o.O-j.apcata.2006.05.010.pdf_2_p2_c10,"docstructbench_llm-raw-scihub-o.O-j.apcata.2006.05.010.pdf_2_p2_c10,docstructbench_llm-raw-scihub-o.O-j.apcata.2006.05.010.pdf_2_p2_c9,docstructbench_llm-raw-scihub-o.O-j.apcata.2006.05.010.pdf_2_p2_c8",1,True,1.0
What was the concentration of the PVA aqueous solution used?,5,docstructbench_llm-raw-scihub-o.O-j.apcata.2006.05.010.pdf_2_p2_c10,"docstructbench_llm-raw-scihub-o.O-j.apcata.2006.05.010.pdf_2_p2_c10,docstructbench_llm-raw-scihub-o.O-j.apcata.2006.05.010.pdf_2_p2_c9,docstructbench_llm-raw-scihub-o.O-j.apcata.2006.05.010.pdf_2_p2_c8,docstructbench_llm-raw-scihub-o.O-j.apcata.2006.05.010.pdf_2_p2_c7,docstructbench_llm-raw-scihub-o.O-bf00151572.pdf_3_p3_c2",1,True,1.0
本报告中的信息是否构成所述证券买卖的出价或征价邀请或要约？,1,yanbaopptmerge_5473246b8da789b9bfdeef53a70c4d72afd480415d5cbcedb83d105856710328.pdf_8_p8_c0,yanbaopptmerge_5473246b8da789b9bfdeef53a70c4d72afd480415d5cbcedb83d105856710328.pdf_8_p8_c0,1,True,1.0
本报告中的信息是否构成所述证券买卖的出价或征价邀请或要约？,3,yanbaopptmerge_5473246b8da789b9bfdeef53a70c4d72afd480415d5cbcedb83d105856710328.pdf_8_p8_c0,"yanbaopptmerge_5473246b8da789b9bfdeef53a70c4d72afd480415d5cbcedb83d105856710328.pdf_8_p8_c0,eastmoney_dcf347592d4160dffacffdf00a9c39aa75cf9859205a7543c283d1df8bb14f90.pdf_1_p1_c0,eastmoney_d2bb183f5254ede5760932ac3118524aa7eddad551935713b435541f1525c1ee.pdf_7_p7_c1",1,True,1.0
本报告中的信息是否构成所述证券买卖的出价或征价邀请或要约？,5,yanbaopptmerge_5473246b8da789b9bfdeef53a70c4d72afd480415d5cbcedb83d105856710328.pdf_8_p8_c0,"yanbaopptmerge_5473246b8da789b9bfdeef53a70c4d72afd480415d5cbcedb83d105856710328.pdf_8_p8_c0,eastmoney_dcf347592d4160dffacffdf00a9c39aa75cf9859205a7543c283d1df8bb14f90.pdf_1_p1_c0,eastmoney_d2bb183f5254ede5760932ac3118524aa7eddad551935713b435541f1525c1ee.pdf_7_p7_c1,eastmoney_d2bb183f5254ede5760932ac3118524aa7eddad551935713b435541f1525c1ee.pdf_7_p7_c0,yanbaopptmerge_0c79d327060dbf9f1582d03c235dadb039533a19091d2c0d24f2ad95d267f79b.pdf_2_p2_c1",1,True,1.0
天风证券是否可能持有本报告中提及公司所发行的证券并进行交易？,1,yanbaopptmerge_5473246b8da789b9bfdeef53a70c4d72afd480415d5cbcedb83d105856710328.pdf_8_p8_c1,yanbaopptmerge_5473246b8da789b9bfdeef53a70c4d72afd480415d5cbcedb83d105856710328.pdf_8_p8_c1,1,True,1.0
天风证券是否可能持有本报告中提及公司所发行的证券并进行交易？,3,yanbaopptmerge_5473246b8da789b9bfdeef53a70c4d72afd480415d5cbcedb83d105856710328.pdf_8_p8_c1,"yanbaopptmerge_5473246b8da789b9bfdeef53a70c4d72afd480415d5cbcedb83d105856710328.pdf_8_p8_c1,yanbaopptmerge_0c79d327060dbf9f1582d03c235dadb039533a19091d2c0d24f2ad95d267f79b.pdf_2_p2_c2,eastmoney_dd8f39ced2188b907304224a635ad605689270486020c34636003e57018c01d8.pdf_2_p2_c2",1,True,1.0
天风证券是否可能持有本报告中提及公司所发行的证券并进行交易？,5,yanbaopptmerge_5473246b8da789b9bfdeef53a70c4d72afd480415d5cbcedb83d105856710328.pdf_8_p8_c1,"yanbaopptmerge_5473246b8da789b9bfdeef53a70c4d72afd480415d5cbcedb83d105856710328.pdf_8_p8_c1,yanbaopptmerge_0c79d327060dbf9f1582d03c235dadb039533a19091d2c0d24f2ad95d267f79b.pdf_2_p2_c2,eastmoney_dd8f39ced2188b907304224a635ad605689270486020c34636003e57018c01d8.pdf_2_p2_c2,eastmoney_dd8f39ced2188b907304224a635ad605689270486020c34636003e57018c01d8.pdf_2_p2_c1,yanbaopptmerge_5473246b8da789b9bfdeef53a70c4d72afd480415d5cbcedb83d105856710328.pdf_8_p8_c0",1,True,1.0
预期股价相对收益20%以上是什么评级？,1,yanbaopptmerge_5473246b8da789b9bfdeef53a70c4d72afd480415d5cbcedb83d105856710328.pdf_8_p8_c2,yanbaopptmerge_5473246b8da789b9bfdeef53a70c4d72afd480415d5cbcedb83d105856710328.pdf_8_p8_c1,0,False,0.0
预期股价相对收益20%以上是什么评级？,3,yanbaopptmerge_5473246b8da789b9bfdeef53a70c4d72afd480415d5cbcedb83d105856710328.pdf_8_p8_c2,"yanbaopptmerge_5473246b8da789b9bfdeef53a70c4d72afd480415d5cbcedb83d105856710328.pdf_8_p8_c1,yanbaopptmerge_5473246b8da789b9bfdeef53a70c4d72afd480415d5cbcedb83d105856710328.pdf_8_p8_c2,eastmoney_dcf347592d4160dffacffdf00a9c39aa75cf9859205a7543c283d1df8bb14f90.pdf_1_p1_c2",2,True,1.0
预期股价相对收益20%以上是什么评级？,5,yanbaopptmerge_5473246b8da789b9bfdeef53a70c4d72afd480415d5cbcedb83d105856710328.pdf_8_p8_c2,"yanbaopptmerge_5473246b8da789b9bfdeef53a70c4d72afd480415d5cbcedb83d105856710328.pdf_8_p8_c1,yanbaopptmerge_5473246b8da789b9bfdeef53a70c4d72afd480415d5cbcedb83d105856710328.pdf_8_p8_c2,eastmoney_dcf347592d4160dffacffdf00a9c39aa75cf9859205a7543c283d1df8bb14f90.pdf_1_p1_c2,eastmoney_dcf347592d4160dffacffdf00a9c39aa75cf9859205a7543c283d1df8bb14f90.pdf_1_p1_c1,eastmoney_dd8f39ced2188b907304224a635ad605689270486020c34636003e57018c01d8.pdf_2_p2_c0",2,True,1.0
哪个地址的邮编是570102？,1,yanbaopptmerge_5473246b8da789b9bfdeef53a70c4d72afd480415d5cbcedb83d105856710328.pdf_8_p8_c3,yanbaopptmerge_5473246b8da789b9bfdeef53a70c4d72afd480415d5cbcedb83d105856710328.pdf_8_p8_c3,1,True,1.0
哪个地址的邮编是570102？,3,yanbaopptmerge_5473246b8da789b9bfdeef53a70c4d72afd480415d5cbcedb83d105856710328.pdf_8_p8_c3,"yanbaopptmerge_5473246b8da789b9bfdeef53a70c4d72afd480415d5cbcedb83d105856710328.pdf_8_p8_c3,eastmoney_8b3e01e3cd92a034f45945887a5170602774a8480effda5bd791451578a93b7d.pdf_5_p5_c0,yanbaopptmerge_0c79d327060dbf9f1582d03c235dadb039533a19091d2c0d24f2ad95d267f79b.pdf_2_p2_c2",1,True,1.0
哪个地址的邮编是570102？,5,yanbaopptmerge_5473246b8da789b9bfdeef53a70c4d72afd480415d5cbcedb83d105856710328.pdf_8_p8_c3,"yanbaopptmerge_5473246b8da789b9bfdeef53a70c4d72afd480415d5cbcedb83d105856710328.pdf_8_p8_c3,eastmoney_8b3e01e3cd92a034f45945887a5170602774a8480effda5bd791451578a93b7d.pdf_5_p5_c0,yanbaopptmerge_0c79d327060dbf9f1582d03c235dadb039533a19091d2c0d24f2ad95d267f79b.pdf_2_p2_c2,color_textbook_zhonggaokao_小学_KET听说读写逐项突破_KET听说读写逐项突破之轻松搞定KET写作25分 【10讲 褚连一】_第10讲第十课写作Part9小作文练习_第十课写作Part9小作文练习_page_010_p10_c1,newspaper_b95d1d8eb0d756cc94a5d8b5db3cf69b_1_p1_c7",1,True,1.0
What is the weight percentage of Si in the as-cast $ \alpha $-Fe?,1,scihub_s11661-013-1726-7.pdf_2_p2_c0,scihub_s11661-013-1726-7.pdf_2_p2_c0,1,True,1.0
What is the weight percentage of Si in the as-cast $ \alpha $-Fe?,3,scihub_s11661-013-1726-7.pdf_2_p2_c0,"scihub_s11661-013-1726-7.pdf_2_p2_c0,scihub_s11661-013-1726-7.pdf_2_p2_c1,scihub_s11661-013-1726-7.pdf_2_p2_c3",1,True,1.0
What is the weight percentage of Si in the as-cast $ \alpha $-Fe?,5,scihub_s11661-013-1726-7.pdf_2_p2_c0,"scihub_s11661-013-1726-7.pdf_2_p2_c0,scihub_s11661-013-1726-7.pdf_2_p2_c1,scihub_s11661-013-1726-7.pdf_2_p2_c3,docstructbench_dianzishu_zhongwenzaixian-o.O-60403612.pdf_179_p179_c2,scihub_s11661-013-1726-7.pdf_2_p2_c2",1,True,1.0
What is the value of the third column for STed β-Fe?,1,scihub_s11661-013-1726-7.pdf_2_p2_c1,scihub_s11661-013-1726-7.pdf_2_p2_c4,0,False,0.0
What is the value of the third column for STed β-Fe?,3,scihub_s11661-013-1726-7.pdf_2_p2_c1,"scihub_s11661-013-1726-7.pdf_2_p2_c4,scihub_s11661-013-1726-7.pdf_2_p2_c0,scihub_s11661-013-1726-7.pdf_2_p2_c1",3,True,1.0
What is the value of the third column for STed β-Fe?,5,scihub_s11661-013-1726-7.pdf_2_p2_c1,"scihub_s11661-013-1726-7.pdf_2_p2_c4,scihub_s11661-013-1726-7.pdf_2_p2_c0,scihub_s11661-013-1726-7.pdf_2_p2_c1,scihub_s11661-013-1726-7.pdf_2_p2_c5,scihub_s11661-013-1726-7.pdf_2_p2_c3",3,True,1.0
What phase becomes unstable after SHTed for 8 hours?,1,scihub_s11661-013-1726-7.pdf_2_p2_c2,scihub_s11661-013-1726-7.pdf_2_p2_c2,1,True,1.0
What phase becomes unstable after SHTed for 8 hours?,3,scihub_s11661-013-1726-7.pdf_2_p2_c2,"scihub_s11661-013-1726-7.pdf_2_p2_c2,scihub_s11661-013-1726-7.pdf_2_p2_c3,scihub_s11661-013-1726-7.pdf_2_p2_c1",1,True,1.0
What phase becomes unstable after SHTed for 8 hours?,5,scihub_s11661-013-1726-7.pdf_2_p2_c2,"scihub_s11661-013-1726-7.pdf_2_p2_c2,scihub_s11661-013-1726-7.pdf_2_p2_c3,scihub_s11661-013-1726-7.pdf_2_p2_c1,scihub_s11661-013-1726-7.pdf_2_p2_c0,scihub_s11661-013-1726-7.pdf_2_p2_c4",1,True,1.0
What is the mean angular deviation value reported in the EBSD results?,1,scihub_s11661-013-1726-7.pdf_2_p2_c3,scihub_s11661-013-1726-7.pdf_2_p2_c3,1,True,1.0
What is the mean angular deviation value reported in the EBSD results?,3,scihub_s11661-013-1726-7.pdf_2_p2_c3,"scihub_s11661-013-1726-7.pdf_2_p2_c3,docstructbench_llm-raw-scihub-o.O-j.chroma.2005.05.085.pdf_4_p4_c6,docstructbench_llm-raw-scihub-o.O-j.chroma.2005.03.134.pdf_6_p6_c4",1,True,1.0
What is the mean angular deviation value reported in the EBSD results?,5,scihub_s11661-013-1726-7.pdf_2_p2_c3,"scihub_s11661-013-1726-7.pdf_2_p2_c3,docstructbench_llm-raw-scihub-o.O-j.chroma.2005.05.085.pdf_4_p4_c6,docstructbench_llm-raw-scihub-o.O-j.chroma.2005.03.134.pdf_6_p6_c4,scihub_bloodadvances.2019030924.pdf_3_p3_c1,eastmoney_e42b6e1cd2d48113ff4db8854e539d828d632bf9b1757e10cb8ddb2cfc7b1393.pdf_12_p12_c1",1,True,1.0
What is the MAD value measured by EBSD for the STed β-Fe?,1,scihub_s11661-013-1726-7.pdf_2_p2_c4,scihub_s11661-013-1726-7.pdf_2_p2_c4,1,True,1.0
What is the MAD value measured by EBSD for the STed β-Fe?,3,scihub_s11661-013-1726-7.pdf_2_p2_c4,"scihub_s11661-013-1726-7.pdf_2_p2_c4,scihub_s11661-013-1726-7.pdf_2_p2_c3,scihub_s11661-013-1726-7.pdf_2_p2_c0",1,True,1.0
What is the MAD value measured by EBSD for the STed β-Fe?,5,scihub_s11661-013-1726-7.pdf_2_p2_c4,"scihub_s11661-013-1726-7.pdf_2_p2_c4,scihub_s11661-013-1726-7.pdf_2_p2_c3,scihub_s11661-013-1726-7.pdf_2_p2_c0,scihub_s11661-013-1726-7.pdf_2_p2_c1,scihub_s11661-013-1726-7.pdf_2_p2_c5",1,True,1.0
What is the structure of the STed β-Fe?,1,scihub_s11661-013-1726-7.pdf_2_p2_c5,scihub_s11661-013-1726-7.pdf_2_p2_c4,0,False,0.0
What is the structure of the STed β-Fe?,3,scihub_s11661-013-1726-7.pdf_2_p2_c5,"scihub_s11661-013-1726-7.pdf_2_p2_c4,scihub_s11661-013-1726-7.pdf_2_p2_c5,scihub_s11661-013-1726-7.pdf_2_p2_c0",2,True,1.0
What is the structure of the STed β-Fe?,5,scihub_s11661-013-1726-7.pdf_2_p2_c5,"scihub_s11661-013-1726-7.pdf_2_p2_c4,scihub_s11661-013-1726-7.pdf_2_p2_c5,scihub_s11661-013-1726-7.pdf_2_p2_c0,scihub_s11661-013-1726-7.pdf_2_p2_c3,scihub_s11661-013-1726-7.pdf_2_p2_c1",2,True,1.0
What is the purpose of reading in lifelong learning according to the text?,1,PPT_1001115_eng_page_005_p5_c0,PPT_1001115_eng_page_005_p5_c0,1,True,1.0
What is the purpose of reading in lifelong learning according to the text?,3,PPT_1001115_eng_page_005_p5_c0,"PPT_1001115_eng_page_005_p5_c0,jiaocaineedrop_jiaocai_needrop_en_377_p377_c3,jiaocaineedrop_jiaocai_needrop_en_2193_p2193_c0",1,True,1.0
What is the purpose of reading in lifelong learning according to the text?,5,PPT_1001115_eng_page_005_p5_c0,"PPT_1001115_eng_page_005_p5_c0,jiaocaineedrop_jiaocai_needrop_en_377_p377_c3,jiaocaineedrop_jiaocai_needrop_en_2193_p2193_c0,notes_f7f010b78016aeebd76e56d9283eb67f_89_p89_c0,jiaocaineedrop_jiaocai_needrop_en_377_p377_c0",1,True,1.0
哪个句子是正确的最高级句型例子？,1,yanbaopptmerge_yanbaoPPT_5945_p5945_c0,yanbaopptmerge_yanbaoPPT_5945_p5945_c0,1,True,1.0
哪个句子是正确的最高级句型例子？,3,yanbaopptmerge_yanbaoPPT_5945_p5945_c0,"yanbaopptmerge_yanbaoPPT_5945_p5945_c0,jiaocaineedrop_jiaocai_needrop_en_2193_p2193_c1,jiaocaineedrop_jiaocai_needrop_en_2193_p2193_c0",1,True,1.0
哪个句子是正确的最高级句型例子？,5,yanbaopptmerge_yanbaoPPT_5945_p5945_c0,"yanbaopptmerge_yanbaoPPT_5945_p5945_c0,jiaocaineedrop_jiaocai_needrop_en_2193_p2193_c1,jiaocaineedrop_jiaocai_needrop_en_2193_p2193_c0,jiaocaineedrop_jiaocai_needrop_en_1836_p1836_c1,notes_f7f010b78016aeebd76e56d9283eb67f_27_p27_c0",1,True,1.0
What are the problems listed in the table?,1,jiaocaineedrop_jiaocai_needrop_en_2884_p2884_c0,jiaocaineedrop_jiaocai_needrop_en_2884_p2884_c0,1,True,1.0
What are the problems listed in the table?,3,jiaocaineedrop_jiaocai_needrop_en_2884_p2884_c0,"jiaocaineedrop_jiaocai_needrop_en_2884_p2884_c0,docstructbench_llm-raw-scihub-o.O-hup.908.pdf_5_p5_c4,newspaper_The Globe and Mail - 2025-1-8@magazinesclubnew_page_014_p14_c4",1,True,1.0
What are the problems listed in the table?,5,jiaocaineedrop_jiaocai_needrop_en_2884_p2884_c0,"jiaocaineedrop_jiaocai_needrop_en_2884_p2884_c0,docstructbench_llm-raw-scihub-o.O-hup.908.pdf_5_p5_c4,newspaper_The Globe and Mail - 2025-1-8@magazinesclubnew_page_014_p14_c4,jiaocaineedrop_jiaocai_needrop_en_3937_p3937_c0,jiaocaineedrop_96657786.pdf_0_p0_c2",1,True,1.0
What is the result of the current situation according to the document fragment?,1,jiaocaineedrop_jiaocai_needrop_en_2884_p2884_c1,jiaocaineedrop_jiaocai_needrop_en_2884_p2884_c1,1,True,1.0
What is the result of the current situation according to the document fragment?,3,jiaocaineedrop_jiaocai_needrop_en_2884_p2884_c1,"jiaocaineedrop_jiaocai_needrop_en_2884_p2884_c1,magazine_TheEconomist.2024.03.02_page_075_p75_c5,newspaper_The Globe and Mail - 2025-1-8@magazinesclubnew_page_014_p14_c4",1,True,1.0
What is the result of the current situation according to the document fragment?,5,jiaocaineedrop_jiaocai_needrop_en_2884_p2884_c1,"jiaocaineedrop_jiaocai_needrop_en_2884_p2884_c1,magazine_TheEconomist.2024.03.02_page_075_p75_c5,newspaper_The Globe and Mail - 2025-1-8@magazinesclubnew_page_014_p14_c4,newspaper_The Globe and Mail - 2025-1-8@magazinesclubnew_page_014_p14_c0,newspaper_The Globe and Mail - 2025-1-8@magazinesclubnew_page_014_p14_c5",1,True,1.0
任务型阅读答案的编号是什么？,1,jiaocaineedrop_jiaocai_needrop_en_2884_p2884_c2,jiaocaineedrop_jiaocai_needrop_en_2884_p2884_c2,1,True,1.0
任务型阅读答案的编号是什么？,3,jiaocaineedrop_jiaocai_needrop_en_2884_p2884_c2,"jiaocaineedrop_jiaocai_needrop_en_2884_p2884_c2,jiaocaineedrop_jiaocai_needrop_en_1836_p1836_c2,jiaocaineedrop_jiaocai_needrop_en_1836_p1836_c1",1,True,1.0
任务型阅读答案的编号是什么？,5,jiaocaineedrop_jiaocai_needrop_en_2884_p2884_c2,"jiaocaineedrop_jiaocai_needrop_en_2884_p2884_c2,jiaocaineedrop_jiaocai_needrop_en_1836_p1836_c2,jiaocaineedrop_jiaocai_needrop_en_1836_p1836_c1,color_textbook_教材全解1+1二年级上册英语上海牛津版_page_067_p67_c3,jiaocaineedrop_jiaocai_needrop_en_1836_p1836_c0",1,True,1.0
解决方法题型中需要列举出解决问题的多种途径吗？,1,notes_f7f010b78016aeebd76e56d9283eb67f_114_p114_c0,notes_f7f010b78016aeebd76e56d9283eb67f_114_p114_c0,1,True,1.0
解决方法题型中需要列举出解决问题的多种途径吗？,3,notes_f7f010b78016aeebd76e56d9283eb67f_114_p114_c0,"notes_f7f010b78016aeebd76e56d9283eb67f_114_p114_c0,notes_f7f010b78016aeebd76e56d9283eb67f_114_p114_c1,jiaocaineedrop_96657786.pdf_0_p0_c3",1,True,1.0
解决方法题型中需要列举出解决问题的多种途径吗？,5,notes_f7f010b78016aeebd76e56d9283eb67f_114_p114_c0,"notes_f7f010b78016aeebd76e56d9283eb67f_114_p114_c0,notes_f7f010b78016aeebd76e56d9283eb67f_114_p114_c1,jiaocaineedrop_96657786.pdf_0_p0_c3,notes_f7f010b78016aeebd76e56d9283eb67f_92_p92_c1,jiaocaineedrop_jiaocai_needrop_en_2884_p2884_c1",1,True,1.0
说明事物现状的结构是什么？,1,notes_f7f010b78016aeebd76e56d9283eb67f_114_p114_c1,notes_f7f010b78016aeebd76e56d9283eb67f_114_p114_c1,1,True,1.0
说明事物现状的结构是什么？,3,notes_f7f010b78016aeebd76e56d9283eb67f_114_p114_c1,"notes_f7f010b78016aeebd76e56d9283eb67f_114_p114_c1,notes_f7f010b78016aeebd76e56d9283eb67f_114_p114_c0,jiaocaineedrop_jiaocai_needrop_en_2193_p2193_c0",1,True,1.0
说明事物现状的结构是什么？,5,notes_f7f010b78016aeebd76e56d9283eb67f_114_p114_c1,"notes_f7f010b78016aeebd76e56d9283eb67f_114_p114_c1,notes_f7f010b78016aeebd76e56d9283eb67f_114_p114_c0,jiaocaineedrop_jiaocai_needrop_en_2193_p2193_c0,notes_1ba14cb325bc448f7201b20502ecf2b5_10_p10_c0,jiaocaineedrop_jiaocai_needrop_en_2193_p2193_c1",1,True,1.0
What is the term for a cold spell in the document fragment?,1,PPT_EnglishtoAmericanTransition_page_017_p17_c0,PPT_EnglishtoAmericanTransition_page_017_p17_c0,1,True,1.0
What is the term for a cold spell in the document fragment?,3,PPT_EnglishtoAmericanTransition_page_017_p17_c0,"PPT_EnglishtoAmericanTransition_page_017_p17_c0,newspaper_The Globe and Mail - 2025-1-8@magazinesclubnew_page_014_p14_c4,newspaper_The Globe and Mail - 2025-1-8@magazinesclubnew_page_014_p14_c5",1,True,1.0
What is the term for a cold spell in the document fragment?,5,PPT_EnglishtoAmericanTransition_page_017_p17_c0,"PPT_EnglishtoAmericanTransition_page_017_p17_c0,newspaper_The Globe and Mail - 2025-1-8@magazinesclubnew_page_014_p14_c4,newspaper_The Globe and Mail - 2025-1-8@magazinesclubnew_page_014_p14_c5,newspaper_The Globe and Mail - 2025-1-8@magazinesclubnew_page_014_p14_c3,color_textbook_zhonggaokao_小学_KET听说读写逐项突破_KET听说读写逐项突破之轻松搞定KET写作25分 【10讲 褚连一】_第10讲第十课写作Part9小作文练习_第十课写作Part9小作文练习_page_010_p10_c0",1,True,1.0
What is the term for a large amount of money?,1,PPT_EnglishtoAmericanTransition_page_017_p17_c1,PPT_EnglishtoAmericanTransition_page_017_p17_c1,1,True,1.0
What is the term for a large amount of money?,3,PPT_EnglishtoAmericanTransition_page_017_p17_c1,"PPT_EnglishtoAmericanTransition_page_017_p17_c1,newspaper_The Globe and Mail - 2025-1-8@magazinesclubnew_page_014_p14_c16,magazine_TheEconomist.2023.11.18_page_071_p71_c2",1,True,1.0
What is the term for a large amount of money?,5,PPT_EnglishtoAmericanTransition_page_017_p17_c1,"PPT_EnglishtoAmericanTransition_page_017_p17_c1,newspaper_The Globe and Mail - 2025-1-8@magazinesclubnew_page_014_p14_c16,magazine_TheEconomist.2023.11.18_page_071_p71_c2,eastmoney_e42b6e1cd2d48113ff4db8854e539d828d632bf9b1757e10cb8ddb2cfc7b1393.pdf_12_p12_c3,jiaocaineedrop_Chapter9.pdf_46_p46_c2",1,True,1.0
哪种振荡电路使用石英晶体构成？,1,docstructbench_dianzishu_zhongwenzaixian-o.O-61465568.pdf_186_p186_c0,docstructbench_dianzishu_zhongwenzaixian-o.O-61465568.pdf_186_p186_c0,1,True,1.0
哪种振荡电路使用石英晶体构成？,3,docstructbench_dianzishu_zhongwenzaixian-o.O-61465568.pdf_186_p186_c0,"docstructbench_dianzishu_zhongwenzaixian-o.O-61465568.pdf_186_p186_c0,jiaocaineedrop_jiaocai_needrop_en_3738_p3738_c1,docstructbench_llm-raw-scihub-o.O-j.chroma.2005.03.134.pdf_6_p6_c0",1,True,1.0
哪种振荡电路使用石英晶体构成？,5,docstructbench_dianzishu_zhongwenzaixian-o.O-61465568.pdf_186_p186_c0,"docstructbench_dianzishu_zhongwenzaixian-o.O-61465568.pdf_186_p186_c0,jiaocaineedrop_jiaocai_needrop_en_3738_p3738_c1,docstructbench_llm-raw-scihub-o.O-j.chroma.2005.03.134.pdf_6_p6_c0,docstructbench_dianzishu_zhongwenzaixian-o.O-60403612.pdf_179_p179_c0,scihub_s11661-013-1726-7.pdf_2_p2_c5",1,True,1.0
What was the main risk in WeWork's model according to the text?,1,magazine_TheEconomist.2023.11.18_page_071_p71_c0,magazine_TheEconomist.2023.11.18_page_071_p71_c0,1,True,1.0
What was the main risk in WeWork's model according to the text?,3,magazine_TheEconomist.2023.11.18_page_071_p71_c0,"magazine_TheEconomist.2023.11.18_page_071_p71_c0,magazine_TheEconomist.2023.11.18_page_071_p71_c1,magazine_TheEconomist.2023.11.18_page_071_p71_c2",1,True,1.0
What was the main risk in WeWork's model according to the text?,5,magazine_TheEconomist.2023.11.18_page_071_p71_c0,"magazine_TheEconomist.2023.11.18_page_071_p71_c0,magazine_TheEconomist.2023.11.18_page_071_p71_c1,magazine_TheEconomist.2023.11.18_page_071_p71_c2,magazine_TheEconomist.2023.12.23_page_012_p12_c9,magazine_TheEconomist.2023.11.25_page_069_p69_c2",1,True,1.0
What was the duration of the leases WeWork took out on properties?,1,magazine_TheEconomist.2023.11.18_page_071_p71_c1,magazine_TheEconomist.2023.11.18_page_071_p71_c0,0,False,0.0
What was the duration of the leases WeWork took out on properties?,3,magazine_TheEconomist.2023.11.18_page_071_p71_c1,"magazine_TheEconomist.2023.11.18_page_071_p71_c0,magazine_TheEconomist.2023.11.18_page_071_p71_c1,magazine_TheEconomist.2023.11.18_page_071_p71_c2",2,True,1.0
What was the duration of the leases WeWork took out on properties?,5,magazine_TheEconomist.2023.11.18_page_071_p71_c1,"magazine_TheEconomist.2023.11.18_page_071_p71_c0,magazine_TheEconomist.2023.11.18_page_071_p71_c1,magazine_TheEconomist.2023.11.18_page_071_p71_c2,newspaper_The Wall Street Journal - 2025-01-08@magazinesclubnew_page_018_p18_c21,yanbaopptmerge_baa6d02928efcac46ccf7dfd3859de565cfb0bea918ae0ec0eed50944a7c20b4.pdf_11_p11_c2",2,True,1.0
What is the new boss's estimate for the duration of WeWork's bankruptcy?,1,magazine_TheEconomist.2023.11.18_page_071_p71_c2,magazine_TheEconomist.2023.11.18_page_071_p71_c2,1,True,1.0
What is the new boss's estimate for the duration of WeWork's bankruptcy?,3,magazine_TheEconomist.2023.11.18_page_071_p71_c2,"magazine_TheEconomist.2023.11.18_page_071_p71_c2,magazine_TheEconomist.2023.11.18_page_071_p71_c1,magazine_TheEconomist.2023.11.18_page_071_p71_c0",1,True,1.0
What is the new boss's estimate for the duration of WeWork's bankruptcy?,5,magazine_TheEconomist.2023.11.18_page_071_p71_c2,"magazine_TheEconomist.2023.11.18_page_071_p71_c2,magazine_TheEconomist.2023.11.18_page_071_p71_c1,magazine_TheEconomist.2023.11.18_page_071_p71_c0,magazine_TheEconomist.2023.11.25_page_069_p69_c5,newspaper_The Wall Street Journal - 2025-01-08@magazinesclubnew_page_018_p18_c17",1,True,1.0
Why do firms still focus on individuals despite the growing importance of teamwork?,1,magazine_TheEconomist.2023.11.18_page_071_p71_c3,magazine_TheEconomist.2023.11.18_page_071_p71_c3,1,True,1.0
Why do firms still focus on individuals despite the growing importance of teamwork?,3,magazine_TheEconomist.2023.11.18_page_071_p71_c3,"magazine_TheEconomist.2023.11.18_page_071_p71_c3,magazine_TheEconomist.2023.11.18_page_071_p71_c2,magazine_TheEconomist.2023.11.18_page_071_p71_c6",1,True,1.0
Why do firms still focus on individuals despite the growing importance of teamwork?,5,magazine_TheEconomist.2023.11.18_page_071_p71_c3,"magazine_TheEconomist.2023.11.18_page_071_p71_c3,magazine_TheEconomist.2023.11.18_page_071_p71_c2,magazine_TheEconomist.2023.11.18_page_071_p71_c6,magazine_TheEconomist.2023.11.18_page_071_p71_c10,magazine_TheEconomist.2023.11.18_page_071_p71_c9",1,True,1.0
What did Google's Project Aristotle identify as a key factor in team performance?,1,magazine_TheEconomist.2023.11.18_page_071_p71_c4,magazine_TheEconomist.2023.11.18_page_071_p71_c5,0,False,0.0
What did Google's Project Aristotle identify as a key factor in team performance?,3,magazine_TheEconomist.2023.11.18_page_071_p71_c4,"magazine_TheEconomist.2023.11.18_page_071_p71_c5,magazine_TheEconomist.2023.11.18_page_071_p71_c4,magazine_TheEconomist.2023.11.18_page_071_p71_c9",2,True,1.0
What did Google's Project Aristotle identify as a key factor in team performance?,5,magazine_TheEconomist.2023.11.18_page_071_p71_c4,"magazine_TheEconomist.2023.11.18_page_071_p71_c5,magazine_TheEconomist.2023.11.18_page_071_p71_c4,magazine_TheEconomist.2023.11.18_page_071_p71_c9,magazine_TheEconomist.2023.11.18_page_071_p71_c6,magazine_TheEconomist.2023.11.18_page_071_p71_c8",2,True,1.0
What do metrics often focus on according to the text?,1,magazine_TheEconomist.2023.11.18_page_071_p71_c6,magazine_TheEconomist.2023.11.18_page_071_p71_c6,1,True,1.0
What do metrics often focus on according to the text?,3,magazine_TheEconomist.2023.11.18_page_071_p71_c6,"magazine_TheEconomist.2023.11.18_page_071_p71_c6,magazine_TheEconomist.2023.11.18_page_071_p71_c5,yanbaor2_f832cad1f46c067198e9df95ae7b150213f16805037c1a5725e72245010d3e97.pdf_3_p3_c1",1,True,1.0
What do metrics often focus on according to the text?,5,magazine_TheEconomist.2023.11.18_page_071_p71_c6,"magazine_TheEconomist.2023.11.18_page_071_p71_c6,magazine_TheEconomist.2023.11.18_page_071_p71_c5,yanbaor2_f832cad1f46c067198e9df95ae7b150213f16805037c1a5725e72245010d3e97.pdf_3_p3_c1,magazine_TheEconomist.2023.11.18_page_071_p71_c3,jiaocaineedrop_jiaocai_needrop_en_2193_p2193_c0",1,True,1.0
What percentage of team members' work did managers fail to recall?,1,magazine_TheEconomist.2023.11.18_page_071_p71_c7,magazine_TheEconomist.2023.11.18_page_071_p71_c7,1,True,1.0
What percentage of team members' work did managers fail to recall?,3,magazine_TheEconomist.2023.11.18_page_071_p71_c7,"magazine_TheEconomist.2023.11.18_page_071_p71_c7,magazine_TheEconomist.2023.11.18_page_071_p71_c6,magazine_TheEconomist.2023.11.18_page_071_p71_c8",1,True,1.0
What percentage of team members' work did managers fail to recall?,5,magazine_TheEconomist.2023.11.18_page_071_p71_c7,"magazine_TheEconomist.2023.11.18_page_071_p71_c7,magazine_TheEconomist.2023.11.18_page_071_p71_c6,magazine_TheEconomist.2023.11.18_page_071_p71_c8,docstructbench_llm-raw-scihub-o.O-hup.908.pdf_5_p5_c2,magazine_TheEconomist.2023.11.18_page_071_p71_c9",1,True,1.0
What is an example of a test used to assess good group member traits?,1,magazine_TheEconomist.2023.11.18_page_071_p71_c8,magazine_TheEconomist.2023.11.18_page_071_p71_c8,1,True,1.0
What is an example of a test used to assess good group member traits?,3,magazine_TheEconomist.2023.11.18_page_071_p71_c8,"magazine_TheEconomist.2023.11.18_page_071_p71_c8,magazine_TheEconomist.2023.11.18_page_071_p71_c9,scihub_ijcac.2012040101.pdf_5_p5_c1",1,True,1.0
What is an example of a test used to assess good group member traits?,5,magazine_TheEconomist.2023.11.18_page_071_p71_c8,"magazine_TheEconomist.2023.11.18_page_071_p71_c8,magazine_TheEconomist.2023.11.18_page_071_p71_c9,scihub_ijcac.2012040101.pdf_5_p5_c1,jiaocaineedrop_jiaocai_needrop_en_3937_p3937_c0,magazine_TheEconomist.2023.11.18_page_071_p71_c4",1,True,1.0
What did the study find about group-based incentives?,1,magazine_TheEconomist.2023.11.18_page_071_p71_c9,magazine_TheEconomist.2023.11.18_page_071_p71_c9,1,True,1.0
What did the study find about group-based incentives?,3,magazine_TheEconomist.2023.11.18_page_071_p71_c9,"magazine_TheEconomist.2023.11.18_page_071_p71_c9,newspaper_The Wall Street Journal - 2025-01-08@magazinesclubnew_page_018_p18_c2,magazine_TheEconomist.2023.11.18_page_071_p71_c7",1,True,1.0
What did the study find about group-based incentives?,5,magazine_TheEconomist.2023.11.18_page_071_p71_c9,"magazine_TheEconomist.2023.11.18_page_071_p71_c9,newspaper_The Wall Street Journal - 2025-01-08@magazinesclubnew_page_018_p18_c2,magazine_TheEconomist.2023.11.18_page_071_p71_c7,yanbaopptmerge_d346b889f1d85c61950a71d4b0ac2752.pdf_89_p89_c2,scihub_ijcac.2012040101.pdf_5_p5_c3",1,True,1.0
What should bosses focus on to get the most out of teams?,1,magazine_TheEconomist.2023.11.18_page_071_p71_c10,magazine_TheEconomist.2023.11.18_page_071_p71_c10,1,True,1.0
What should bosses focus on to get the most out of teams?,3,magazine_TheEconomist.2023.11.18_page_071_p71_c10,"magazine_TheEconomist.2023.11.18_page_071_p71_c10,magazine_TheEconomist.2023.11.18_page_071_p71_c6,magazine_TheEconomist.2023.11.18_page_071_p71_c3",1,True,1.0
What should bosses focus on to get the most out of teams?,5,magazine_TheEconomist.2023.11.18_page_071_p71_c10,"magazine_TheEconomist.2023.11.18_page_071_p71_c10,magazine_TheEconomist.2023.11.18_page_071_p71_c6,magazine_TheEconomist.2023.11.18_page_071_p71_c3,magazine_TheEconomist.2023.11.18_page_071_p71_c5,magazine_TheEconomist.2023.11.18_page_071_p71_c9",1,True,1.0
What is the value of α when C₁ is tangent to L?,1,exam_paper_en-file-putnam-archive_2007_Solutions_2007s_page_001_p1_c0,exam_paper_en-file-putnam-archive_2007_Solutions_2007s_page_001_p1_c2,0,False,0.0
What is the value of α when C₁ is tangent to L?,3,exam_paper_en-file-putnam-archive_2007_Solutions_2007s_page_001_p1_c0,"exam_paper_en-file-putnam-archive_2007_Solutions_2007s_page_001_p1_c2,exam_paper_en-file-putnam-archive_2007_Solutions_2007s_page_001_p1_c0,exam_paper_en-file-putnam-archive_2007_Solutions_2007s_page_001_p1_c1",2,True,1.0
What is the value of α when C₁ is tangent to L?,5,exam_paper_en-file-putnam-archive_2007_Solutions_2007s_page_001_p1_c0,"exam_paper_en-file-putnam-archive_2007_Solutions_2007s_page_001_p1_c2,exam_paper_en-file-putnam-archive_2007_Solutions_2007s_page_001_p1_c0,exam_paper_en-file-putnam-archive_2007_Solutions_2007s_page_001_p1_c1,exam_paper_en-file-putnam-archive_2007_Solutions_2007s_page_001_p1_c3,jiaocaineedrop_jiaocai_needrop_en_1473_p1473_c0",2,True,1.0
What is the simplified equation derived from substituting α into the second equation?,1,exam_paper_en-file-putnam-archive_2007_Solutions_2007s_page_001_p1_c1,exam_paper_en-file-putnam-archive_2007_Solutions_2007s_page_001_p1_c0,0,False,0.0
What is the simplified equation derived from substituting α into the second equation?,3,exam_paper_en-file-putnam-archive_2007_Solutions_2007s_page_001_p1_c1,"exam_paper_en-file-putnam-archive_2007_Solutions_2007s_page_001_p1_c0,exam_paper_en-file-putnam-archive_2000_Solutions_2000s_page_001_p1_c2,exam_paper_en-file-putnam-archive_1999_Solutions_1999s_page_002_p2_c7",0,False,0.0
What is the simplified equation derived from substituting α into the second equation?,5,exam_paper_en-file-putnam-archive_2007_Solutions_2007s_page_001_p1_c1,"exam_paper_en-file-putnam-archive_2007_Solutions_2007s_page_001_p1_c0,exam_paper_en-file-putnam-archive_2000_Solutions_2000s_page_001_p1_c2,exam_paper_en-file-putnam-archive_1999_Solutions_1999s_page_002_p2_c7,yanbaopptmerge_3aa9b6677e17fd012b0a7a230b9f18db.pdf_1327_p1327_c2,jiaocaineedrop_96657786.pdf_0_p0_c3",0,False,0.0
What is the value of x obtained from solving the equation?,1,exam_paper_en-file-putnam-archive_2007_Solutions_2007s_page_001_p1_c2,jiaocaineedrop_96657786.pdf_0_p0_c2,0,False,0.0
What is the value of x obtained from solving the equation?,3,exam_paper_en-file-putnam-archive_2007_Solutions_2007s_page_001_p1_c2,"jiaocaineedrop_96657786.pdf_0_p0_c2,jiaocaineedrop_jiaocai_needrop_en_1564_p1564_c3,jiaocaineedrop_c2-ma-11-q-11-cl.pdf_2_p2_c0",0,False,0.0
What is the value of x obtained from solving the equation?,5,exam_paper_en-file-putnam-archive_2007_Solutions_2007s_page_001_p1_c2,"jiaocaineedrop_96657786.pdf_0_p0_c2,jiaocaineedrop_jiaocai_needrop_en_1564_p1564_c3,jiaocaineedrop_c2-ma-11-q-11-cl.pdf_2_p2_c0,jiaocaineedrop_jiaocai_needrop_en_1564_p1564_c4,jiaocaineedrop_jiaocai_needrop_en_1473_p1473_c3",0,False,0.0
What is the solution for the quadratic equation mentioned in the fragment?,1,exam_paper_en-file-putnam-archive_2007_Solutions_2007s_page_001_p1_c3,newspaper_The Globe and Mail - 2025-1-8@magazinesclubnew_page_014_p14_c12,0,False,0.0
What is the solution for the quadratic equation mentioned in the fragment?,3,exam_paper_en-file-putnam-archive_2007_Solutions_2007s_page_001_p1_c3,"newspaper_The Globe and Mail - 2025-1-8@magazinesclubnew_page_014_p14_c12,exam_paper_en-file-putnam-archive_1995_Solutions_1995s_page_002_p2_c5,book_en_A.Concise.Introduction.to.Linear.Algebra,.Geza.Schay,.Birkhauser,.2012_page_065_p65_c0",0,False,0.0
What is the solution for the quadratic equation mentioned in the fragment?,5,exam_paper_en-file-putnam-archive_2007_Solutions_2007s_page_001_p1_c3,"newspaper_The Globe and Mail - 2025-1-8@magazinesclubnew_page_014_p14_c12,exam_paper_en-file-putnam-archive_1995_Solutions_1995s_page_002_p2_c5,book_en_A.Concise.Introduction.to.Linear.Algebra,.Geza.Schay,.Birkhauser,.2012_page_065_p65_c0,exam_paper_en-file-putnam-archive_2006_Solutions_2006s_page_006_p6_c5,book_en_A.Concise.Introduction.to.Linear.Algebra,.Geza.Schay,.Birkhauser,.2012_page_065_p65_c2",0,False,0.0
What is the equation for $ Q_1(y) $?,1,exam_paper_en-file-putnam-archive_2007_Solutions_2007s_page_001_p1_c4,exam_paper_en-file-putnam-archive_2007_Solutions_2007s_page_001_p1_c5,0,False,0.0
What is the equation for $ Q_1(y) $?,3,exam_paper_en-file-putnam-archive_2007_Solutions_2007s_page_001_p1_c4,"exam_paper_en-file-putnam-archive_2007_Solutions_2007s_page_001_p1_c5,exam_paper_en-file-putnam-archive_2007_Solutions_2007s_page_001_p1_c4,exam_paper_en-file-putnam-archive_2007_Solutions_2007s_page_001_p1_c6",2,True,1.0
What is the equation for $ Q_1(y) $?,5,exam_paper_en-file-putnam-archive_2007_Solutions_2007s_page_001_p1_c4,"exam_paper_en-file-putnam-archive_2007_Solutions_2007s_page_001_p1_c5,exam_paper_en-file-putnam-archive_2007_Solutions_2007s_page_001_p1_c4,exam_paper_en-file-putnam-archive_2007_Solutions_2007s_page_001_p1_c6,book_en_国外数学教材-数论-Melvyn B. Nathanson—Elementary Methods in Number Theory_0035_p35_c0,book_en_国外数学教材-数论-Melvyn B. Nathanson—Elementary Methods in Number Theory_0035_p35_c1",2,True,1.0
What is the result of subtracting $ Q_1(y) $ from $ Q_2(y) $?,1,exam_paper_en-file-putnam-archive_2007_Solutions_2007s_page_001_p1_c5,exam_paper_en-file-putnam-archive_2007_Solutions_2007s_page_001_p1_c4,0,False,0.0
What is the result of subtracting $ Q_1(y) $ from $ Q_2(y) $?,3,exam_paper_en-file-putnam-archive_2007_Solutions_2007s_page_001_p1_c5,"exam_paper_en-file-putnam-archive_2007_Solutions_2007s_page_001_p1_c4,exam_paper_en-file-putnam-archive_2007_Solutions_2007s_page_001_p1_c5,exam_paper_en-file-putnam-archive_2007_Solutions_2007s_page_001_p1_c6",2,True,1.0
What is the result of subtracting $ Q_1(y) $ from $ Q_2(y) $?,5,exam_paper_en-file-putnam-archive_2007_Solutions_2007s_page_001_p1_c5,"exam_paper_en-file-putnam-archive_2007_Solutions_2007s_page_001_p1_c4,exam_paper_en-file-putnam-archive_2007_Solutions_2007s_page_001_p1_c5,exam_paper_en-file-putnam-archive_2007_Solutions_2007s_page_001_p1_c6,book_en_国外数学教材-数论-Melvyn B. Nathanson—Elementary Methods in Number Theory_0035_p35_c0,book_en_国外数学教材-数论-Melvyn B. Nathanson—Elementary Methods in Number Theory_0035_p35_c1",2,True,1.0
What is the condition for the elliptic curve 24A1 over Q to have rank 0?,1,exam_paper_en-file-putnam-archive_2007_Solutions_2007s_page_001_p1_c7,exam_paper_en-file-putnam-archive_2007_Solutions_2007s_page_001_p1_c8,0,False,0.0
What is the condition for the elliptic curve 24A1 over Q to have rank 0?,3,exam_paper_en-file-putnam-archive_2007_Solutions_2007s_page_001_p1_c7,"exam_paper_en-file-putnam-archive_2007_Solutions_2007s_page_001_p1_c8,exam_paper_en-file-putnam-archive_2007_Solutions_2007s_page_001_p1_c7,exam_paper_en-file-putnam-archive_2007_Solutions_2007s_page_001_p1_c6",2,True,1.0
What is the condition for the elliptic curve 24A1 over Q to have rank 0?,5,exam_paper_en-file-putnam-archive_2007_Solutions_2007s_page_001_p1_c7,"exam_paper_en-file-putnam-archive_2007_Solutions_2007s_page_001_p1_c8,exam_paper_en-file-putnam-archive_2007_Solutions_2007s_page_001_p1_c7,exam_paper_en-file-putnam-archive_2007_Solutions_2007s_page_001_p1_c6,exam_paper_en-file-putnam-archive_2007_Solutions_2007s_page_001_p1_c5,newspaper_The Globe and Mail - 2025-1-8@magazinesclubnew_page_014_p14_c6",2,True,1.0
"What is the minimum value achieved by the square with vertices (±1,±1)?",1,exam_paper_en-file-putnam-archive_2007_Solutions_2007s_page_001_p1_c8,exam_paper_en-file-putnam-archive_2007_Solutions_2007s_page_001_p1_c8,1,True,1.0
"What is the minimum value achieved by the square with vertices (±1,±1)?",3,exam_paper_en-file-putnam-archive_2007_Solutions_2007s_page_001_p1_c8,"exam_paper_en-file-putnam-archive_2007_Solutions_2007s_page_001_p1_c8,exam_paper_en-file-putnam-archive_1998_Solutions_1998s_page_002_p2_c0,jiaocaineedrop_96657786.pdf_0_p0_c1",1,True,1.0
"What is the minimum value achieved by the square with vertices (±1,±1)?",5,exam_paper_en-file-putnam-archive_2007_Solutions_2007s_page_001_p1_c8,"exam_paper_en-file-putnam-archive_2007_Solutions_2007s_page_001_p1_c8,exam_paper_en-file-putnam-archive_1998_Solutions_1998s_page_002_p2_c0,jiaocaineedrop_96657786.pdf_0_p0_c1,jiaocaineedrop_jiaocai_needrop_en_1564_p1564_c4,exam_paper_en-file-putnam-archive_1999_Solutions_1999s_page_002_p2_c5",1,True,1.0
What is the maximum size per character for a VARCHAR(1000) column with the utf8 character set?,1,book_en_[搬书匠#375][High Performance MySQL 3rd Edition].2012.英文版_page_153_p153_c0,book_en_[搬书匠#375][High Performance MySQL 3rd Edition].2012.英文版_page_153_p153_c0,1,True,1.0
What is the maximum size per character for a VARCHAR(1000) column with the utf8 character set?,3,book_en_[搬书匠#375][High Performance MySQL 3rd Edition].2012.英文版_page_153_p153_c0,"book_en_[搬书匠#375][High Performance MySQL 3rd Edition].2012.英文版_page_153_p153_c0,docstructbench_llm-raw-scihub-o.O-j.chroma.2005.03.134.pdf_6_p6_c3,docstructbench_dianzishu_zhongwenzaixian-o.O-61323717.pdf_203_p203_c2",1,True,1.0
What is the maximum size per character for a VARCHAR(1000) column with the utf8 character set?,5,book_en_[搬书匠#375][High Performance MySQL 3rd Edition].2012.英文版_page_153_p153_c0,"book_en_[搬书匠#375][High Performance MySQL 3rd Edition].2012.英文版_page_153_p153_c0,docstructbench_llm-raw-scihub-o.O-j.chroma.2005.03.134.pdf_6_p6_c3,docstructbench_dianzishu_zhongwenzaixian-o.O-61323717.pdf_203_p203_c2,eastmoney_e42b6e1cd2d48113ff4db8854e539d828d632bf9b1757e10cb8ddb2cfc7b1393.pdf_12_p12_c1,newspaper_The Globe and Mail - 2025-1-8@magazinesclubnew_page_014_p14_c7",1,True,1.0
What does MySQL store internally for an ENUM column?,1,book_en_[搬书匠#375][High Performance MySQL 3rd Edition].2012.英文版_page_153_p153_c1,book_en_[搬书匠#375][High Performance MySQL 3rd Edition].2012.英文版_page_153_p153_c1,1,True,1.0
What does MySQL store internally for an ENUM column?,3,book_en_[搬书匠#375][High Performance MySQL 3rd Edition].2012.英文版_page_153_p153_c1,"book_en_[搬书匠#375][High Performance MySQL 3rd Edition].2012.英文版_page_153_p153_c1,book_en_[搬书匠#375][High Performance MySQL 3rd Edition].2012.英文版_page_153_p153_c2,book_en_[搬书匠#375][High Performance MySQL 3rd Edition].2012.英文版_page_153_p153_c0",1,True,1.0
What does MySQL store internally for an ENUM column?,5,book_en_[搬书匠#375][High Performance MySQL 3rd Edition].2012.英文版_page_153_p153_c1,"book_en_[搬书匠#375][High Performance MySQL 3rd Edition].2012.英文版_page_153_p153_c1,book_en_[搬书匠#375][High Performance MySQL 3rd Edition].2012.英文版_page_153_p153_c2,book_en_[搬书匠#375][High Performance MySQL 3rd Edition].2012.英文版_page_153_p153_c0,book_en_[搬书匠#375][High Performance MySQL 3rd Edition].2012.英文版_page_153_p153_c3,docstructbench_dianzishu_zhongwenzaixian-o.O-61523162.pdf_276_p276_c1",1,True,1.0
What is the internal integer value of the ENUM field 'e' when it is set to '1'?,1,book_en_[搬书匠#375][High Performance MySQL 3rd Edition].2012.英文版_page_153_p153_c2,book_en_[搬书匠#375][High Performance MySQL 3rd Edition].2012.英文版_page_153_p153_c2,1,True,1.0
What is the internal integer value of the ENUM field 'e' when it is set to '1'?,3,book_en_[搬书匠#375][High Performance MySQL 3rd Edition].2012.英文版_page_153_p153_c2,"book_en_[搬书匠#375][High Performance MySQL 3rd Edition].2012.英文版_page_153_p153_c2,book_en_[搬书匠#375][High Performance MySQL 3rd Edition].2012.英文版_page_153_p153_c1,book_en_[搬书匠#375][High Performance MySQL 3rd Edition].2012.英文版_page_153_p153_c3",1,True,1.0
What is the internal integer value of the ENUM field 'e' when it is set to '1'?,5,book_en_[搬书匠#375][High Performance MySQL 3rd Edition].2012.英文版_page_153_p153_c2,"book_en_[搬书匠#375][High Performance MySQL 3rd Edition].2012.英文版_page_153_p153_c2,book_en_[搬书匠#375][High Performance MySQL 3rd Edition].2012.英文版_page_153_p153_c1,book_en_[搬书匠#375][High Performance MySQL 3rd Edition].2012.英文版_page_153_p153_c3,newspaper_The Globe and Mail - 2025-1-8@magazinesclubnew_page_014_p14_c6,newspaper_The Globe and Mail - 2025-1-8@magazinesclubnew_page_014_p14_c1",1,True,1.0
What is the number provided in the document fragment?,1,book_en_[搬书匠#375][High Performance MySQL 3rd Edition].2012.英文版_page_153_p153_c3,jiaocaineedrop_Chapter9.pdf_46_p46_c0,0,False,0.0
What is the number provided in the document fragment?,3,book_en_[搬书匠#375][High Performance MySQL 3rd Edition].2012.英文版_page_153_p153_c3,"jiaocaineedrop_Chapter9.pdf_46_p46_c0,newspaper_The Globe and Mail - 2025-1-8@magazinesclubnew_page_014_p14_c0,jiaocaineedrop_jiaocai_needrop_en_453_p453_c3",0,False,0.0
What is the number provided in the document fragment?,5,book_en_[搬书匠#375][High Performance MySQL 3rd Edition].2012.英文版_page_153_p153_c3,"jiaocaineedrop_Chapter9.pdf_46_p46_c0,newspaper_The Globe and Mail - 2025-1-8@magazinesclubnew_page_014_p14_c0,jiaocaineedrop_jiaocai_needrop_en_453_p453_c3,docstructbench_dianzishu_zhongwenzaixian-o.O-61323717.pdf_203_p203_c2,color_textbook_教材全解1+1二年级上册英语上海牛津版_page_067_p67_c2",0,False,0.0
胶缝厚度不应小于多少毫米？,1,book_zh_JGJ1022003_extracted_page_27_p27_c0,book_zh_JGJ1022003_extracted_page_27_p27_c0,1,True,1.0
胶缝厚度不应小于多少毫米？,3,book_zh_JGJ1022003_extracted_page_27_p27_c0,"book_zh_JGJ1022003_extracted_page_27_p27_c0,book_zh_JGJ1022003_extracted_page_27_p27_c1,docstructbench_dianzishu_zhongwenzaixian-o.O-61570552.pdf_129_p129_c1",1,True,1.0
胶缝厚度不应小于多少毫米？,5,book_zh_JGJ1022003_extracted_page_27_p27_c0,"book_zh_JGJ1022003_extracted_page_27_p27_c0,book_zh_JGJ1022003_extracted_page_27_p27_c1,docstructbench_dianzishu_zhongwenzaixian-o.O-61570552.pdf_129_p129_c1,jiaocaineedrop_jiaocai_needrop_en_1473_p1473_c0,book_zh_CNASGL0092018_extracted_page_69_p69_c1",1,True,1.0
四点支承玻璃面板的应力和挠度如何计算？,1,book_zh_JGJ1022003_extracted_page_27_p27_c1,book_zh_JGJ1022003_extracted_page_27_p27_c1,1,True,1.0
四点支承玻璃面板的应力和挠度如何计算？,3,book_zh_JGJ1022003_extracted_page_27_p27_c1,"book_zh_JGJ1022003_extracted_page_27_p27_c1,book_zh_JGJ1022003_extracted_page_27_p27_c0,book_zh_JGJ1022003_extracted_page_27_p27_c2",1,True,1.0
四点支承玻璃面板的应力和挠度如何计算？,5,book_zh_JGJ1022003_extracted_page_27_p27_c1,"book_zh_JGJ1022003_extracted_page_27_p27_c1,book_zh_JGJ1022003_extracted_page_27_p27_c0,book_zh_JGJ1022003_extracted_page_27_p27_c2,jiaocaineedrop_jiaocai_needrop_en_1473_p1473_c0,jiaocaineedrop_jiaocai_needrop_en_1473_p1473_c2",1,True,1.0
"What is the formula for the i, j entry of AB?",1,book_en_国外数学教材-非数学专业教材-线性代数-Gilbert Strang—Linear Algebra and Its Applications 4e_0035_p35_c1,book_en_国外数学教材-非数学专业教材-线性代数-Gilbert Strang—Linear Algebra and Its Applications 4e_0035_p35_c1,1,True,1.0
"What is the formula for the i, j entry of AB?",3,book_en_国外数学教材-非数学专业教材-线性代数-Gilbert Strang—Linear Algebra and Its Applications 4e_0035_p35_c1,"book_en_国外数学教材-非数学专业教材-线性代数-Gilbert Strang—Linear Algebra and Its Applications 4e_0035_p35_c1,book_en_国外数学教材-非数学专业教材-线性代数-Gilbert Strang—Linear Algebra and Its Applications 4e_0035_p35_c2,book_en_国外数学教材-非数学专业教材-线性代数-Gilbert Strang—Linear Algebra and Its Applications 4e_0035_p35_c0",1,True,1.0
"What is the formula for the i, j entry of AB?",5,book_en_国外数学教材-非数学专业教材-线性代数-Gilbert Strang—Linear Algebra and Its Applications 4e_0035_p35_c1,"book_en_国外数学教材-非数学专业教材-线性代数-Gilbert Strang—Linear Algebra and Its Applications 4e_0035_p35_c1,book_en_国外数学教材-非数学专业教材-线性代数-Gilbert Strang—Linear Algebra and Its Applications 4e_0035_p35_c2,book_en_国外数学教材-非数学专业教材-线性代数-Gilbert Strang—Linear Algebra and Its Applications 4e_0035_p35_c0,exam_paper_en-file-putnam-archive_2011_Solutions_2011s_page_002_p2_c2,book_en_国外数学教材-非数学专业教材-线性代数-Gilbert Strang—Linear Algebra and Its Applications 4e_0035_p35_c3",1,True,1.0
"What is the formula for the 3,2 entry of AB?",1,book_en_国外数学教材-非数学专业教材-线性代数-Gilbert Strang—Linear Algebra and Its Applications 4e_0035_p35_c2,book_en_国外数学教材-非数学专业教材-线性代数-Gilbert Strang—Linear Algebra and Its Applications 4e_0035_p35_c1,0,False,0.0
"What is the formula for the 3,2 entry of AB?",3,book_en_国外数学教材-非数学专业教材-线性代数-Gilbert Strang—Linear Algebra and Its Applications 4e_0035_p35_c2,"book_en_国外数学教材-非数学专业教材-线性代数-Gilbert Strang—Linear Algebra and Its Applications 4e_0035_p35_c1,book_en_国外数学教材-非数学专业教材-线性代数-Gilbert Strang—Linear Algebra and Its Applications 4e_0035_p35_c2,book_en_国外数学教材-非数学专业教材-线性代数-Gilbert Strang—Linear Algebra and Its Applications 4e_0035_p35_c0",2,True,1.0
"What is the formula for the 3,2 entry of AB?",5,book_en_国外数学教材-非数学专业教材-线性代数-Gilbert Strang—Linear Algebra and Its Applications 4e_0035_p35_c2,"book_en_国外数学教材-非数学专业教材-线性代数-Gilbert Strang—Linear Algebra and Its Applications 4e_0035_p35_c1,book_en_国外数学教材-非数学专业教材-线性代数-Gilbert Strang—Linear Algebra and Its Applications 4e_0035_p35_c2,book_en_国外数学教材-非数学专业教材-线性代数-Gilbert Strang—Linear Algebra and Its Applications 4e_0035_p35_c0,exam_paper_en-file-putnam-archive_1999_Solutions_1999s_page_003_p3_c0,book_en_国外数学教材-非数学专业教材-线性代数-Gilbert Strang—Linear Algebra and Its Applications 4e_0035_p35_c3",2,True,1.0
What is the entry 8 derived from?,1,book_en_国外数学教材-非数学专业教材-线性代数-Gilbert Strang—Linear Algebra and Its Applications 4e_0035_p35_c3,book_en_国外数学教材-非数学专业教材-线性代数-Gilbert Strang—Linear Algebra and Its Applications 4e_0035_p35_c3,1,True,1.0
What is the entry 8 derived from?,3,book_en_国外数学教材-非数学专业教材-线性代数-Gilbert Strang—Linear Algebra and Its Applications 4e_0035_p35_c3,"book_en_国外数学教材-非数学专业教材-线性代数-Gilbert Strang—Linear Algebra and Its Applications 4e_0035_p35_c3,docstructbench_dianzishu_zhongwenzaixian-o.O-61523162.pdf_276_p276_c2,book_en_[搬书匠#893][Pyomo—Optimization Modeling in Python].2012.英文版_page_188_p188_c0",1,True,1.0
What is the entry 8 derived from?,5,book_en_国外数学教材-非数学专业教材-线性代数-Gilbert Strang—Linear Algebra and Its Applications 4e_0035_p35_c3,"book_en_国外数学教材-非数学专业教材-线性代数-Gilbert Strang—Linear Algebra and Its Applications 4e_0035_p35_c3,docstructbench_dianzishu_zhongwenzaixian-o.O-61523162.pdf_276_p276_c2,book_en_[搬书匠#893][Pyomo—Optimization Modeling in Python].2012.英文版_page_188_p188_c0,newspaper_The Globe and Mail - 2025-1-8@magazinesclubnew_page_014_p14_c13,notes_9e951846094758afac08c620144e3a76_17_p17_c0",1,True,1.0
What happens in a matrix-vector multiplication?,1,book_en_国外数学教材-非数学专业教材-线性代数-Gilbert Strang—Linear Algebra and Its Applications 4e_0035_p35_c4,book_en_国外数学教材-非数学专业教材-线性代数-Gilbert Strang—Linear Algebra and Its Applications 4e_0035_p35_c4,1,True,1.0
What happens in a matrix-vector multiplication?,3,book_en_国外数学教材-非数学专业教材-线性代数-Gilbert Strang—Linear Algebra and Its Applications 4e_0035_p35_c4,"book_en_国外数学教材-非数学专业教材-线性代数-Gilbert Strang—Linear Algebra and Its Applications 4e_0035_p35_c4,book_en_国外数学教材-非数学专业教材-线性代数-Gilbert Strang—Linear Algebra and Its Applications 4e_0035_p35_c3,book_en_国外数学教材-非数学专业教材-线性代数-Gilbert Strang—Linear Algebra and Its Applications 4e_0035_p35_c2",1,True,1.0
What happens in a matrix-vector multiplication?,5,book_en_国外数学教材-非数学专业教材-线性代数-Gilbert Strang—Linear Algebra and Its Applications 4e_0035_p35_c4,"book_en_国外数学教材-非数学专业教材-线性代数-Gilbert Strang—Linear Algebra and Its Applications 4e_0035_p35_c4,book_en_国外数学教材-非数学专业教材-线性代数-Gilbert Strang—Linear Algebra and Its Applications 4e_0035_p35_c3,book_en_国外数学教材-非数学专业教材-线性代数-Gilbert Strang—Linear Algebra and Its Applications 4e_0035_p35_c2,exam_paper_en-file-putnam-archive_1995_Solutions_1995s_page_002_p2_c3,book_en_国外数学教材-非数学专业教材-线性代数-Gilbert Strang—Linear Algebra and Its Applications 4e_0035_p35_c1",1,True,1.0
分析师承诺中提到的研究结论是否独立客观？,1,yanbaopptmerge_0c79d327060dbf9f1582d03c235dadb039533a19091d2c0d24f2ad95d267f79b.pdf_2_p2_c0,yanbaopptmerge_0c79d327060dbf9f1582d03c235dadb039533a19091d2c0d24f2ad95d267f79b.pdf_2_p2_c0,1,True,1.0
分析师承诺中提到的研究结论是否独立客观？,3,yanbaopptmerge_0c79d327060dbf9f1582d03c235dadb039533a19091d2c0d24f2ad95d267f79b.pdf_2_p2_c0,"yanbaopptmerge_0c79d327060dbf9f1582d03c235dadb039533a19091d2c0d24f2ad95d267f79b.pdf_2_p2_c0,eastmoney_dcf347592d4160dffacffdf00a9c39aa75cf9859205a7543c283d1df8bb14f90.pdf_1_p1_c0,yanbaopptmerge_5473246b8da789b9bfdeef53a70c4d72afd480415d5cbcedb83d105856710328.pdf_8_p8_c0",1,True,1.0
分析师承诺中提到的研究结论是否独立客观？,5,yanbaopptmerge_0c79d327060dbf9f1582d03c235dadb039533a19091d2c0d24f2ad95d267f79b.pdf_2_p2_c0,"yanbaopptmerge_0c79d327060dbf9f1582d03c235dadb039533a19091d2c0d24f2ad95d267f79b.pdf_2_p2_c0,eastmoney_dcf347592d4160dffacffdf00a9c39aa75cf9859205a7543c283d1df8bb14f90.pdf_1_p1_c0,yanbaopptmerge_5473246b8da789b9bfdeef53a70c4d72afd480415d5cbcedb83d105856710328.pdf_8_p8_c0,eastmoney_dd8f39ced2188b907304224a635ad605689270486020c34636003e57018c01d8.pdf_2_p2_c1,eastmoney_d2bb183f5254ede5760932ac3118524aa7eddad551935713b435541f1525c1ee.pdf_7_p7_c1",1,True,1.0
行业评级为中性时的相对基准指数涨幅范围是什么？,1,yanbaopptmerge_0c79d327060dbf9f1582d03c235dadb039533a19091d2c0d24f2ad95d267f79b.pdf_2_p2_c1,eastmoney_dcf347592d4160dffacffdf00a9c39aa75cf9859205a7543c283d1df8bb14f90.pdf_1_p1_c2,0,False,0.0
行业评级为中性时的相对基准指数涨幅范围是什么？,3,yanbaopptmerge_0c79d327060dbf9f1582d03c235dadb039533a19091d2c0d24f2ad95d267f79b.pdf_2_p2_c1,"eastmoney_dcf347592d4160dffacffdf00a9c39aa75cf9859205a7543c283d1df8bb14f90.pdf_1_p1_c2,yanbaopptmerge_0c79d327060dbf9f1582d03c235dadb039533a19091d2c0d24f2ad95d267f79b.pdf_2_p2_c1,eastmoney_dd8f39ced2188b907304224a635ad605689270486020c34636003e57018c01d8.pdf_2_p2_c0",2,True,1.0
行业评级为中性时的相对基准指数涨幅范围是什么？,5,yanbaopptmerge_0c79d327060dbf9f1582d03c235dadb039533a19091d2c0d24f2ad95d267f79b.pdf_2_p2_c1,"eastmoney_dcf347592d4160dffacffdf00a9c39aa75cf9859205a7543c283d1df8bb14f90.pdf_1_p1_c2,yanbaopptmerge_0c79d327060dbf9f1582d03c235dadb039533a19091d2c0d24f2ad95d267f79b.pdf_2_p2_c1,eastmoney_dd8f39ced2188b907304224a635ad605689270486020c34636003e57018c01d8.pdf_2_p2_c0,yanbaopptmerge_0c79d327060dbf9f1582d03c235dadb039533a19091d2c0d24f2ad95d267f79b.pdf_2_p2_c0,eastmoney_dcf347592d4160dffacffdf00a9c39aa75cf9859205a7543c283d1df8bb14f90.pdf_1_p1_c1",2,True,1.0
客户应如何处理本报告作为投资决策的参考依据？,1,yanbaopptmerge_0c79d327060dbf9f1582d03c235dadb039533a19091d2c0d24f2ad95d267f79b.pdf_2_p2_c2,yanbaopptmerge_0c79d327060dbf9f1582d03c235dadb039533a19091d2c0d24f2ad95d267f79b.pdf_2_p2_c2,1,True,1.0
客户应如何处理本报告作为投资决策的参考依据？,3,yanbaopptmerge_0c79d327060dbf9f1582d03c235dadb039533a19091d2c0d24f2ad95d267f79b.pdf_2_p2_c2,"yanbaopptmerge_0c79d327060dbf9f1582d03c235dadb039533a19091d2c0d24f2ad95d267f79b.pdf_2_p2_c2,yanbaopptmerge_0c79d327060dbf9f1582d03c235dadb039533a19091d2c0d24f2ad95d267f79b.pdf_2_p2_c1,yanbaopptmerge_5473246b8da789b9bfdeef53a70c4d72afd480415d5cbcedb83d105856710328.pdf_8_p8_c0",1,True,1.0
客户应如何处理本报告作为投资决策的参考依据？,5,yanbaopptmerge_0c79d327060dbf9f1582d03c235dadb039533a19091d2c0d24f2ad95d267f79b.pdf_2_p2_c2,"yanbaopptmerge_0c79d327060dbf9f1582d03c235dadb039533a19091d2c0d24f2ad95d267f79b.pdf_2_p2_c2,yanbaopptmerge_0c79d327060dbf9f1582d03c235dadb039533a19091d2c0d24f2ad95d267f79b.pdf_2_p2_c1,yanbaopptmerge_5473246b8da789b9bfdeef53a70c4d72afd480415d5cbcedb83d105856710328.pdf_8_p8_c0,eastmoney_d2bb183f5254ede5760932ac3118524aa7eddad551935713b435541f1525c1ee.pdf_7_p7_c1,yanbaopptmerge_5473246b8da789b9bfdeef53a70c4d72afd480415d5cbcedb83d105856710328.pdf_8_p8_c1",1,True,1.0
文档中提到的公司具备什么业务资格？,1,yanbaopptmerge_0c79d327060dbf9f1582d03c235dadb039533a19091d2c0d24f2ad95d267f79b.pdf_2_p2_c3,yanbaopptmerge_0c79d327060dbf9f1582d03c235dadb039533a19091d2c0d24f2ad95d267f79b.pdf_2_p2_c2,0,False,0.0
文档中提到的公司具备什么业务资格？,3,yanbaopptmerge_0c79d327060dbf9f1582d03c235dadb039533a19091d2c0d24f2ad95d267f79b.pdf_2_p2_c3,"yanbaopptmerge_0c79d327060dbf9f1582d03c235dadb039533a19091d2c0d24f2ad95d267f79b.pdf_2_p2_c2,yanbaopptmerge_0c79d327060dbf9f1582d03c235dadb039533a19091d2c0d24f2ad95d267f79b.pdf_2_p2_c3,eastmoney_dcf347592d4160dffacffdf00a9c39aa75cf9859205a7543c283d1df8bb14f90.pdf_1_p1_c0",2,True,1.0
文档中提到的公司具备什么业务资格？,5,yanbaopptmerge_0c79d327060dbf9f1582d03c235dadb039533a19091d2c0d24f2ad95d267f79b.pdf_2_p2_c3,"yanbaopptmerge_0c79d327060dbf9f1582d03c235dadb039533a19091d2c0d24f2ad95d267f79b.pdf_2_p2_c2,yanbaopptmerge_0c79d327060dbf9f1582d03c235dadb039533a19091d2c0d24f2ad95d267f79b.pdf_2_p2_c3,eastmoney_dcf347592d4160dffacffdf00a9c39aa75cf9859205a7543c283d1df8bb14f90.pdf_1_p1_c0,yanbaopptmerge_5473246b8da789b9bfdeef53a70c4d72afd480415d5cbcedb83d105856710328.pdf_8_p8_c0,yanbaor2_bfe5f11c4ad2e94d966ef6801dc992816f42c9150e2be42b008c95f59713e901.pdf_137_p137_c0",2,True,1.0
学校如何制定和落实岗位安全责任书？,1,docstructbench_dianzishu_zhongwenzaixian-o.O-61571259.pdf_239_p239_c0,docstructbench_dianzishu_zhongwenzaixian-o.O-61571259.pdf_239_p239_c1,0,False,0.0
学校如何制定和落实岗位安全责任书？,3,docstructbench_dianzishu_zhongwenzaixian-o.O-61571259.pdf_239_p239_c0,"docstructbench_dianzishu_zhongwenzaixian-o.O-61571259.pdf_239_p239_c1,docstructbench_dianzishu_zhongwenzaixian-o.O-61571259.pdf_239_p239_c0,jiaocaineedrop_jiaocai_needrop_en_2884_p2884_c2",2,True,1.0
学校如何制定和落实岗位安全责任书？,5,docstructbench_dianzishu_zhongwenzaixian-o.O-61571259.pdf_239_p239_c0,"docstructbench_dianzishu_zhongwenzaixian-o.O-61571259.pdf_239_p239_c1,docstructbench_dianzishu_zhongwenzaixian-o.O-61571259.pdf_239_p239_c0,jiaocaineedrop_jiaocai_needrop_en_2884_p2884_c2,newspaper_e62730aaeb9b509119e0c3699ac18201_1_p1_c6,newspaper_e62730aaeb9b509119e0c3699ac18201_1_p1_c8",2,True,1.0
未签责任书会如何处理？,1,docstructbench_dianzishu_zhongwenzaixian-o.O-61571259.pdf_239_p239_c1,docstructbench_dianzishu_zhongwenzaixian-o.O-61571259.pdf_239_p239_c1,1,True,1.0
未签责任书会如何处理？,3,docstructbench_dianzishu_zhongwenzaixian-o.O-61571259.pdf_239_p239_c1,"docstructbench_dianzishu_zhongwenzaixian-o.O-61571259.pdf_239_p239_c1,newspaper_e62730aaeb9b509119e0c3699ac18201_1_p1_c3,newspaper_e62730aaeb9b509119e0c3699ac18201_1_p1_c4",1,True,1.0
未签责任书会如何处理？,5,docstructbench_dianzishu_zhongwenzaixian-o.O-61571259.pdf_239_p239_c1,"docstructbench_dianzishu_zhongwenzaixian-o.O-61571259.pdf_239_p239_c1,newspaper_e62730aaeb9b509119e0c3699ac18201_1_p1_c3,newspaper_e62730aaeb9b509119e0c3699ac18201_1_p1_c4,docstructbench_dianzishu_zhongwenzaixian-o.O-61571259.pdf_239_p239_c0,newspaper_35bdaa11dec104ccbdc9e19ac8527d21_1_p1_c6",1,True,1.0
临沧市第三次党代会以来的五年取得了哪些成果？,1,docstructbench_dianzishu_zhongwenzaixian-o.O-63678132.pdf_161_p161_c0,docstructbench_dianzishu_zhongwenzaixian-o.O-63678132.pdf_161_p161_c0,1,True,1.0
临沧市第三次党代会以来的五年取得了哪些成果？,3,docstructbench_dianzishu_zhongwenzaixian-o.O-63678132.pdf_161_p161_c0,"docstructbench_dianzishu_zhongwenzaixian-o.O-63678132.pdf_161_p161_c0,newspaper_2c69e142b52dbb30cac2cb11d3eb25e5_1_p1_c8,newspaper_2c69e142b52dbb30cac2cb11d3eb25e5_1_p1_c7",1,True,1.0
临沧市第三次党代会以来的五年取得了哪些成果？,5,docstructbench_dianzishu_zhongwenzaixian-o.O-63678132.pdf_161_p161_c0,"docstructbench_dianzishu_zhongwenzaixian-o.O-63678132.pdf_161_p161_c0,newspaper_2c69e142b52dbb30cac2cb11d3eb25e5_1_p1_c8,newspaper_2c69e142b52dbb30cac2cb11d3eb25e5_1_p1_c7,newspaper_35bdaa11dec104ccbdc9e19ac8527d21_1_p1_c5,newspaper_35bdaa11dec104ccbdc9e19ac8527d21_1_p1_c1",1,True,1.0
数字化解决方案如何帮助研发部门提高效率？,1,yanbaor2_yanbaoPPT_6065_p6065_c0,yanbaor2_yanbaoPPT_6065_p6065_c0,1,True,1.0
数字化解决方案如何帮助研发部门提高效率？,3,yanbaor2_yanbaoPPT_6065_p6065_c0,"yanbaor2_yanbaoPPT_6065_p6065_c0,yanbaor2_7f386f737cb55cffa10c8321a94bd38d7169cd69b3b253b9e2e502c12a68feea.pdf_15_p15_c0,yanbaor2_yanbaoPPT_467_p467_c0",1,True,1.0
数字化解决方案如何帮助研发部门提高效率？,5,yanbaor2_yanbaoPPT_6065_p6065_c0,"yanbaor2_yanbaoPPT_6065_p6065_c0,yanbaor2_7f386f737cb55cffa10c8321a94bd38d7169cd69b3b253b9e2e502c12a68feea.pdf_15_p15_c0,yanbaor2_yanbaoPPT_467_p467_c0,yanbaor2_89c3718f5a45179ef57a5063c6df36fc2c9b7e3ab4275f4905ed89f1c17232ea.pdf_14_p14_c0,yanbaor2_f832cad1f46c067198e9df95ae7b150213f16805037c1a5725e72245010d3e97.pdf_3_p3_c1",1,True,1.0
我国四大牧区具体包括哪些地区？,1,notes_1ba14cb325bc448f7201b20502ecf2b5_74_p74_c0,notes_1ba14cb325bc448f7201b20502ecf2b5_74_p74_c0,1,True,1.0
我国四大牧区具体包括哪些地区？,3,notes_1ba14cb325bc448f7201b20502ecf2b5_74_p74_c0,"notes_1ba14cb325bc448f7201b20502ecf2b5_74_p74_c0,newspaper_0b1bb8d03b4287eb95f67b68c2cf9f92_1_p1_c4,notes_1ba14cb325bc448f7201b20502ecf2b5_74_p74_c1",1,True,1.0
我国四大牧区具体包括哪些地区？,5,notes_1ba14cb325bc448f7201b20502ecf2b5_74_p74_c0,"notes_1ba14cb325bc448f7201b20502ecf2b5_74_p74_c0,newspaper_0b1bb8d03b4287eb95f67b68c2cf9f92_1_p1_c4,notes_1ba14cb325bc448f7201b20502ecf2b5_74_p74_c1,newspaper_0b1bb8d03b4287eb95f67b68c2cf9f92_1_p1_c0,newspaper_eb569707cf5621d4c71d5898216cdb17_1_p1_c5",1,True,1.0
我国农业面临哪些主要问题？,1,notes_1ba14cb325bc448f7201b20502ecf2b5_74_p74_c1,notes_1ba14cb325bc448f7201b20502ecf2b5_74_p74_c1,1,True,1.0
我国农业面临哪些主要问题？,3,notes_1ba14cb325bc448f7201b20502ecf2b5_74_p74_c1,"notes_1ba14cb325bc448f7201b20502ecf2b5_74_p74_c1,notes_1ba14cb325bc448f7201b20502ecf2b5_74_p74_c0,newspaper_eb569707cf5621d4c71d5898216cdb17_1_p1_c3",1,True,1.0
我国农业面临哪些主要问题？,5,notes_1ba14cb325bc448f7201b20502ecf2b5_74_p74_c1,"notes_1ba14cb325bc448f7201b20502ecf2b5_74_p74_c1,notes_1ba14cb325bc448f7201b20502ecf2b5_74_p74_c0,newspaper_eb569707cf5621d4c71d5898216cdb17_1_p1_c3,newspaper_2c69e142b52dbb30cac2cb11d3eb25e5_1_p1_c4,newspaper_2c69e142b52dbb30cac2cb11d3eb25e5_1_p1_c2",1,True,1.0
哪一家公司为重庆荣乾房地产开发有限公司提供连带责任保证担保？,1,yanbaopptmerge_baa6d02928efcac46ccf7dfd3859de565cfb0bea918ae0ec0eed50944a7c20b4.pdf_11_p11_c0,yanbaopptmerge_baa6d02928efcac46ccf7dfd3859de565cfb0bea918ae0ec0eed50944a7c20b4.pdf_11_p11_c0,1,True,1.0
哪一家公司为重庆荣乾房地产开发有限公司提供连带责任保证担保？,3,yanbaopptmerge_baa6d02928efcac46ccf7dfd3859de565cfb0bea918ae0ec0eed50944a7c20b4.pdf_11_p11_c0,"yanbaopptmerge_baa6d02928efcac46ccf7dfd3859de565cfb0bea918ae0ec0eed50944a7c20b4.pdf_11_p11_c0,yanbaopptmerge_baa6d02928efcac46ccf7dfd3859de565cfb0bea918ae0ec0eed50944a7c20b4.pdf_11_p11_c2,yanbaor2_bfe5f11c4ad2e94d966ef6801dc992816f42c9150e2be42b008c95f59713e901.pdf_137_p137_c1",1,True,1.0
哪一家公司为重庆荣乾房地产开发有限公司提供连带责任保证担保？,5,yanbaopptmerge_baa6d02928efcac46ccf7dfd3859de565cfb0bea918ae0ec0eed50944a7c20b4.pdf_11_p11_c0,"yanbaopptmerge_baa6d02928efcac46ccf7dfd3859de565cfb0bea918ae0ec0eed50944a7c20b4.pdf_11_p11_c0,yanbaopptmerge_baa6d02928efcac46ccf7dfd3859de565cfb0bea918ae0ec0eed50944a7c20b4.pdf_11_p11_c2,yanbaor2_bfe5f11c4ad2e94d966ef6801dc992816f42c9150e2be42b008c95f59713e901.pdf_137_p137_c1,yanbaor2_bfe5f11c4ad2e94d966ef6801dc992816f42c9150e2be42b008c95f59713e901.pdf_139_p139_c1,eastmoney_f671ab94bf8b8274d6736f1a3dc775b3b74fa68686df2946aa5307b6b2a32062.pdf_18_p18_c2",1,True,1.0
哪家公司控股子公司挂牌转让上海首驰企业管理有限公司51%股权？,1,yanbaopptmerge_baa6d02928efcac46ccf7dfd3859de565cfb0bea918ae0ec0eed50944a7c20b4.pdf_11_p11_c1,yanbaopptmerge_baa6d02928efcac46ccf7dfd3859de565cfb0bea918ae0ec0eed50944a7c20b4.pdf_11_p11_c1,1,True,1.0
哪家公司控股子公司挂牌转让上海首驰企业管理有限公司51%股权？,3,yanbaopptmerge_baa6d02928efcac46ccf7dfd3859de565cfb0bea918ae0ec0eed50944a7c20b4.pdf_11_p11_c1,"yanbaopptmerge_baa6d02928efcac46ccf7dfd3859de565cfb0bea918ae0ec0eed50944a7c20b4.pdf_11_p11_c1,yanbaopptmerge_baa6d02928efcac46ccf7dfd3859de565cfb0bea918ae0ec0eed50944a7c20b4.pdf_11_p11_c0,yanbaopptmerge_baa6d02928efcac46ccf7dfd3859de565cfb0bea918ae0ec0eed50944a7c20b4.pdf_11_p11_c2",1,True,1.0
哪家公司控股子公司挂牌转让上海首驰企业管理有限公司51%股权？,5,yanbaopptmerge_baa6d02928efcac46ccf7dfd3859de565cfb0bea918ae0ec0eed50944a7c20b4.pdf_11_p11_c1,"yanbaopptmerge_baa6d02928efcac46ccf7dfd3859de565cfb0bea918ae0ec0eed50944a7c20b4.pdf_11_p11_c1,yanbaopptmerge_baa6d02928efcac46ccf7dfd3859de565cfb0bea918ae0ec0eed50944a7c20b4.pdf_11_p11_c0,yanbaopptmerge_baa6d02928efcac46ccf7dfd3859de565cfb0bea918ae0ec0eed50944a7c20b4.pdf_11_p11_c2,yanbaor2_bfe5f11c4ad2e94d966ef6801dc992816f42c9150e2be42b008c95f59713e901.pdf_139_p139_c0,yanbaopptmerge_5473246b8da789b9bfdeef53a70c4d72afd480415d5cbcedb83d105856710328.pdf_8_p8_c2",1,True,1.0
本次发行募集资金共计多少亿元？,1,yanbaopptmerge_baa6d02928efcac46ccf7dfd3859de565cfb0bea918ae0ec0eed50944a7c20b4.pdf_11_p11_c2,yanbaopptmerge_baa6d02928efcac46ccf7dfd3859de565cfb0bea918ae0ec0eed50944a7c20b4.pdf_11_p11_c2,1,True,1.0
本次发行募集资金共计多少亿元？,3,yanbaopptmerge_baa6d02928efcac46ccf7dfd3859de565cfb0bea918ae0ec0eed50944a7c20b4.pdf_11_p11_c2,"yanbaopptmerge_baa6d02928efcac46ccf7dfd3859de565cfb0bea918ae0ec0eed50944a7c20b4.pdf_11_p11_c2,yanbaopptmerge_baa6d02928efcac46ccf7dfd3859de565cfb0bea918ae0ec0eed50944a7c20b4.pdf_11_p11_c1,yanbaopptmerge_baa6d02928efcac46ccf7dfd3859de565cfb0bea918ae0ec0eed50944a7c20b4.pdf_11_p11_c0",1,True,1.0
本次发行募集资金共计多少亿元？,5,yanbaopptmerge_baa6d02928efcac46ccf7dfd3859de565cfb0bea918ae0ec0eed50944a7c20b4.pdf_11_p11_c2,"yanbaopptmerge_baa6d02928efcac46ccf7dfd3859de565cfb0bea918ae0ec0eed50944a7c20b4.pdf_11_p11_c2,yanbaopptmerge_baa6d02928efcac46ccf7dfd3859de565cfb0bea918ae0ec0eed50944a7c20b4.pdf_11_p11_c1,yanbaopptmerge_baa6d02928efcac46ccf7dfd3859de565cfb0bea918ae0ec0eed50944a7c20b4.pdf_11_p11_c0,yanbaopptmerge_51e549c0d1a2669ac976409fcf99ce91908b1e0a07f0fc70d92263abf6d07f18.pdf_1_p1_c1,yanbaopptmerge_2f4902871606698497c53ccb18d3fec2f83d05047d883cd65bbce26bfb27bcd2.pdf_1_p1_c0",1,True,1.0
资料来源的机构名称是什么？,1,yanbaopptmerge_baa6d02928efcac46ccf7dfd3859de565cfb0bea918ae0ec0eed50944a7c20b4.pdf_11_p11_c3,yanbaopptmerge_baa6d02928efcac46ccf7dfd3859de565cfb0bea918ae0ec0eed50944a7c20b4.pdf_11_p11_c3,1,True,1.0
资料来源的机构名称是什么？,3,yanbaopptmerge_baa6d02928efcac46ccf7dfd3859de565cfb0bea918ae0ec0eed50944a7c20b4.pdf_11_p11_c3,"yanbaopptmerge_baa6d02928efcac46ccf7dfd3859de565cfb0bea918ae0ec0eed50944a7c20b4.pdf_11_p11_c3,yanbaopptmerge_5473246b8da789b9bfdeef53a70c4d72afd480415d5cbcedb83d105856710328.pdf_8_p8_c0,yanbaor2_bfe5f11c4ad2e94d966ef6801dc992816f42c9150e2be42b008c95f59713e901.pdf_139_p139_c1",1,True,1.0
资料来源的机构名称是什么？,5,yanbaopptmerge_baa6d02928efcac46ccf7dfd3859de565cfb0bea918ae0ec0eed50944a7c20b4.pdf_11_p11_c3,"yanbaopptmerge_baa6d02928efcac46ccf7dfd3859de565cfb0bea918ae0ec0eed50944a7c20b4.pdf_11_p11_c3,yanbaopptmerge_5473246b8da789b9bfdeef53a70c4d72afd480415d5cbcedb83d105856710328.pdf_8_p8_c0,yanbaor2_bfe5f11c4ad2e94d966ef6801dc992816f42c9150e2be42b008c95f59713e901.pdf_139_p139_c1,yanbaopptmerge_0c79d327060dbf9f1582d03c235dadb039533a19091d2c0d24f2ad95d267f79b.pdf_2_p2_c2,yanbaor2_bfe5f11c4ad2e94d966ef6801dc992816f42c9150e2be42b008c95f59713e901.pdf_137_p137_c1",1,True,1.0
Who are the authors of the 1994a study mentioned in the fragment?,1,docstructbench_llm-raw-scihub-o.O-j.ergon.2004.09.009.pdf_13_p13_c0,docstructbench_llm-raw-scihub-o.O-j.ergon.2004.09.009.pdf_13_p13_c0,1,True,1.0
Who are the authors of the 1994a study mentioned in the fragment?,3,docstructbench_llm-raw-scihub-o.O-j.ergon.2004.09.009.pdf_13_p13_c0,"docstructbench_llm-raw-scihub-o.O-j.ergon.2004.09.009.pdf_13_p13_c0,docstructbench_llm-raw-scihub-o.O-j.ergon.2004.09.009.pdf_13_p13_c1,newspaper_The Wall Street Journal - 2025-01-08@magazinesclubnew_page_018_p18_c3",1,True,1.0
Who are the authors of the 1994a study mentioned in the fragment?,5,docstructbench_llm-raw-scihub-o.O-j.ergon.2004.09.009.pdf_13_p13_c0,"docstructbench_llm-raw-scihub-o.O-j.ergon.2004.09.009.pdf_13_p13_c0,docstructbench_llm-raw-scihub-o.O-j.ergon.2004.09.009.pdf_13_p13_c1,newspaper_The Wall Street Journal - 2025-01-08@magazinesclubnew_page_018_p18_c3,docstructbench_llm-raw-scihub-o.O-j.1365-2818.2003.01210.x.pdf_7_p7_c0,jiaocaineedrop_jiaocai_needrop_en_377_p377_c0",1,True,1.0
Which year did the study on repetitive industrial work and neck and upper limb disorders in females get published?,1,docstructbench_llm-raw-scihub-o.O-j.ergon.2004.09.009.pdf_13_p13_c1,docstructbench_llm-raw-scihub-o.O-j.ergon.2004.09.009.pdf_13_p13_c1,1,True,1.0
Which year did the study on repetitive industrial work and neck and upper limb disorders in females get published?,3,docstructbench_llm-raw-scihub-o.O-j.ergon.2004.09.009.pdf_13_p13_c1,"docstructbench_llm-raw-scihub-o.O-j.ergon.2004.09.009.pdf_13_p13_c1,docstructbench_llm-raw-scihub-o.O-j.ergon.2004.09.009.pdf_13_p13_c2,docstructbench_llm-raw-scihub-o.O-j.ergon.2004.09.009.pdf_13_p13_c0",1,True,1.0
Which year did the study on repetitive industrial work and neck and upper limb disorders in females get published?,5,docstructbench_llm-raw-scihub-o.O-j.ergon.2004.09.009.pdf_13_p13_c1,"docstructbench_llm-raw-scihub-o.O-j.ergon.2004.09.009.pdf_13_p13_c1,docstructbench_llm-raw-scihub-o.O-j.ergon.2004.09.009.pdf_13_p13_c2,docstructbench_llm-raw-scihub-o.O-j.ergon.2004.09.009.pdf_13_p13_c0,scihub_bloodadvances.2019030924.pdf_3_p3_c9,docstructbench_llm-raw-scihub-o.O-j.ergon.2004.09.009.pdf_13_p13_c5",1,True,1.0
Who are the authors of the 1995 study on repetitive industrial work and neck and upper limb disorders in females?,1,docstructbench_llm-raw-scihub-o.O-j.ergon.2004.09.009.pdf_13_p13_c2,docstructbench_llm-raw-scihub-o.O-j.ergon.2004.09.009.pdf_13_p13_c1,0,False,0.0
Who are the authors of the 1995 study on repetitive industrial work and neck and upper limb disorders in females?,3,docstructbench_llm-raw-scihub-o.O-j.ergon.2004.09.009.pdf_13_p13_c2,"docstructbench_llm-raw-scihub-o.O-j.ergon.2004.09.009.pdf_13_p13_c1,docstructbench_llm-raw-scihub-o.O-j.ergon.2004.09.009.pdf_13_p13_c2,docstructbench_llm-raw-scihub-o.O-j.ergon.2004.09.009.pdf_13_p13_c0",2,True,1.0
Who are the authors of the 1995 study on repetitive industrial work and neck and upper limb disorders in females?,5,docstructbench_llm-raw-scihub-o.O-j.ergon.2004.09.009.pdf_13_p13_c2,"docstructbench_llm-raw-scihub-o.O-j.ergon.2004.09.009.pdf_13_p13_c1,docstructbench_llm-raw-scihub-o.O-j.ergon.2004.09.009.pdf_13_p13_c2,docstructbench_llm-raw-scihub-o.O-j.ergon.2004.09.009.pdf_13_p13_c0,docstructbench_llm-raw-scihub-o.O-j.ergon.2004.09.009.pdf_13_p13_c5,docstructbench_llm-raw-scihub-o.O-j.ergon.2004.09.009.pdf_13_p13_c3",2,True,1.0
Which journal published the study on occupational and personal risk factors for carpal tunnel syndrome in industrial workers?,1,docstructbench_llm-raw-scihub-o.O-j.ergon.2004.09.009.pdf_13_p13_c3,docstructbench_llm-raw-scihub-o.O-j.ergon.2004.09.009.pdf_13_p13_c3,1,True,1.0
Which journal published the study on occupational and personal risk factors for carpal tunnel syndrome in industrial workers?,3,docstructbench_llm-raw-scihub-o.O-j.ergon.2004.09.009.pdf_13_p13_c3,"docstructbench_llm-raw-scihub-o.O-j.ergon.2004.09.009.pdf_13_p13_c3,docstructbench_llm-raw-scihub-o.O-j.ergon.2004.09.009.pdf_13_p13_c2,docstructbench_llm-raw-scihub-o.O-j.ergon.2004.09.009.pdf_13_p13_c1",1,True,1.0
Which journal published the study on occupational and personal risk factors for carpal tunnel syndrome in industrial workers?,5,docstructbench_llm-raw-scihub-o.O-j.ergon.2004.09.009.pdf_13_p13_c3,"docstructbench_llm-raw-scihub-o.O-j.ergon.2004.09.009.pdf_13_p13_c3,docstructbench_llm-raw-scihub-o.O-j.ergon.2004.09.009.pdf_13_p13_c2,docstructbench_llm-raw-scihub-o.O-j.ergon.2004.09.009.pdf_13_p13_c1,docstructbench_llm-raw-scihub-o.O-j.ergon.2004.09.009.pdf_13_p13_c0,scihub_bloodadvances.2019030924.pdf_3_p3_c9",1,True,1.0
Which year was the study on highly repetitive work operations in a modern milking system published?,1,docstructbench_llm-raw-scihub-o.O-j.ergon.2004.09.009.pdf_13_p13_c4,docstructbench_llm-raw-scihub-o.O-j.ergon.2004.09.009.pdf_13_p13_c4,1,True,1.0
Which year was the study on highly repetitive work operations in a modern milking system published?,3,docstructbench_llm-raw-scihub-o.O-j.ergon.2004.09.009.pdf_13_p13_c4,"docstructbench_llm-raw-scihub-o.O-j.ergon.2004.09.009.pdf_13_p13_c4,docstructbench_llm-raw-scihub-o.O-j.ergon.2004.09.009.pdf_13_p13_c1,docstructbench_llm-raw-scihub-o.O-j.ergon.2004.09.009.pdf_13_p13_c2",1,True,1.0
Which year was the study on highly repetitive work operations in a modern milking system published?,5,docstructbench_llm-raw-scihub-o.O-j.ergon.2004.09.009.pdf_13_p13_c4,"docstructbench_llm-raw-scihub-o.O-j.ergon.2004.09.009.pdf_13_p13_c4,docstructbench_llm-raw-scihub-o.O-j.ergon.2004.09.009.pdf_13_p13_c1,docstructbench_llm-raw-scihub-o.O-j.ergon.2004.09.009.pdf_13_p13_c2,docstructbench_llm-raw-scihub-o.O-j.ergon.2004.09.009.pdf_13_p13_c0,docstructbench_llm-raw-scihub-o.O-bf00151572.pdf_3_p3_c0",1,True,1.0
What year was the doctoral thesis published?,1,docstructbench_llm-raw-scihub-o.O-j.ergon.2004.09.009.pdf_13_p13_c5,docstructbench_llm-raw-scihub-o.O-j.ergon.2004.09.009.pdf_13_p13_c5,1,True,1.0
What year was the doctoral thesis published?,3,docstructbench_llm-raw-scihub-o.O-j.ergon.2004.09.009.pdf_13_p13_c5,"docstructbench_llm-raw-scihub-o.O-j.ergon.2004.09.009.pdf_13_p13_c5,docstructbench_llm-raw-scihub-o.O-j.ergon.2004.09.009.pdf_13_p13_c4,newspaper_b95d1d8eb0d756cc94a5d8b5db3cf69b_1_p1_c1",1,True,1.0
What year was the doctoral thesis published?,5,docstructbench_llm-raw-scihub-o.O-j.ergon.2004.09.009.pdf_13_p13_c5,"docstructbench_llm-raw-scihub-o.O-j.ergon.2004.09.009.pdf_13_p13_c5,docstructbench_llm-raw-scihub-o.O-j.ergon.2004.09.009.pdf_13_p13_c4,newspaper_b95d1d8eb0d756cc94a5d8b5db3cf69b_1_p1_c1,scihub_prrv.2001.0150.pdf_0_p0_c0,magazine_TheEconomist.2023.12.09_page_082_p82_c2",1,True,1.0
Which year did Westgaard and Winkel publish their ergonomic intervention research?,1,docstructbench_llm-raw-scihub-o.O-j.ergon.2004.09.009.pdf_13_p13_c6,docstructbench_llm-raw-scihub-o.O-j.ergon.2004.09.009.pdf_13_p13_c6,1,True,1.0
Which year did Westgaard and Winkel publish their ergonomic intervention research?,3,docstructbench_llm-raw-scihub-o.O-j.ergon.2004.09.009.pdf_13_p13_c6,"docstructbench_llm-raw-scihub-o.O-j.ergon.2004.09.009.pdf_13_p13_c6,docstructbench_llm-raw-scihub-o.O-j.ergon.2004.09.009.pdf_13_p13_c5,yanbaopptmerge_1c5f17c3dfa38c45b86802b9d014da18.pdf_1372_p1372_c5",1,True,1.0
Which year did Westgaard and Winkel publish their ergonomic intervention research?,5,docstructbench_llm-raw-scihub-o.O-j.ergon.2004.09.009.pdf_13_p13_c6,"docstructbench_llm-raw-scihub-o.O-j.ergon.2004.09.009.pdf_13_p13_c6,docstructbench_llm-raw-scihub-o.O-j.ergon.2004.09.009.pdf_13_p13_c5,yanbaopptmerge_1c5f17c3dfa38c45b86802b9d014da18.pdf_1372_p1372_c5,scihub_s00586-010-1656-7.pdf_3_p3_c0,docstructbench_llm-raw-scihub-o.O-j.ergon.2004.09.009.pdf_13_p13_c0",1,True,1.0
What is the title of the document fragment?,1,scihub_prrv.2001.0150.pdf_0_p0_c0,newspaper_The Globe and Mail - 2025-1-8@magazinesclubnew_page_014_p14_c0,0,False,0.0
What is the title of the document fragment?,3,scihub_prrv.2001.0150.pdf_0_p0_c0,"newspaper_The Globe and Mail - 2025-1-8@magazinesclubnew_page_014_p14_c0,yanbaor2_ey-better-pension-outcomes-reimagined-20180926.pdf_1_p1_c0,eastmoney_dcf347592d4160dffacffdf00a9c39aa75cf9859205a7543c283d1df8bb14f90.pdf_1_p1_c0",0,False,0.0
What is the title of the document fragment?,5,scihub_prrv.2001.0150.pdf_0_p0_c0,"newspaper_The Globe and Mail - 2025-1-8@magazinesclubnew_page_014_p14_c0,yanbaor2_ey-better-pension-outcomes-reimagined-20180926.pdf_1_p1_c0,eastmoney_dcf347592d4160dffacffdf00a9c39aa75cf9859205a7543c283d1df8bb14f90.pdf_1_p1_c0,yanbaopptmerge_5473246b8da789b9bfdeef53a70c4d72afd480415d5cbcedb83d105856710328.pdf_8_p8_c0,jiaocaineedrop_Chapter9.pdf_46_p46_c0",0,False,0.0
What disease is mentioned as having a known genetic abnormality where gene therapy remains?,1,scihub_prrv.2001.0150.pdf_0_p0_c1,scihub_prrv.2001.0150.pdf_0_p0_c2,0,False,0.0
What disease is mentioned as having a known genetic abnormality where gene therapy remains?,3,scihub_prrv.2001.0150.pdf_0_p0_c1,"scihub_prrv.2001.0150.pdf_0_p0_c2,scihub_prrv.2001.0150.pdf_0_p0_c1,scihub_prrv.2001.0150.pdf_0_p0_c5",2,True,1.0
What disease is mentioned as having a known genetic abnormality where gene therapy remains?,5,scihub_prrv.2001.0150.pdf_0_p0_c1,"scihub_prrv.2001.0150.pdf_0_p0_c2,scihub_prrv.2001.0150.pdf_0_p0_c1,scihub_prrv.2001.0150.pdf_0_p0_c5,scihub_prrv.2001.0150.pdf_0_p0_c0,scihub_prrv.2001.0150.pdf_0_p0_c4",2,True,1.0
What is the current status of gene therapy for chronic granulomatous disease?,1,scihub_prrv.2001.0150.pdf_0_p0_c2,scihub_prrv.2001.0150.pdf_0_p0_c2,1,True,1.0
What is the current status of gene therapy for chronic granulomatous disease?,3,scihub_prrv.2001.0150.pdf_0_p0_c2,"scihub_prrv.2001.0150.pdf_0_p0_c2,scihub_prrv.2001.0150.pdf_0_p0_c1,scihub_prrv.2001.0150.pdf_0_p0_c5",1,True,1.0
What is the current status of gene therapy for chronic granulomatous disease?,5,scihub_prrv.2001.0150.pdf_0_p0_c2,"scihub_prrv.2001.0150.pdf_0_p0_c2,scihub_prrv.2001.0150.pdf_0_p0_c1,scihub_prrv.2001.0150.pdf_0_p0_c5,scihub_s00586-010-1656-7.pdf_3_p3_c4,scihub_prrv.2001.0150.pdf_0_p0_c0",1,True,1.0
What is the ultimate hope when the environment cannot be manipulated in certain diseases?,1,scihub_prrv.2001.0150.pdf_0_p0_c3,scihub_prrv.2001.0150.pdf_0_p0_c3,1,True,1.0
What is the ultimate hope when the environment cannot be manipulated in certain diseases?,3,scihub_prrv.2001.0150.pdf_0_p0_c3,"scihub_prrv.2001.0150.pdf_0_p0_c3,scihub_prrv.2001.0150.pdf_0_p0_c2,scihub_prrv.2001.0150.pdf_0_p0_c4",1,True,1.0
What is the ultimate hope when the environment cannot be manipulated in certain diseases?,5,scihub_prrv.2001.0150.pdf_0_p0_c3,"scihub_prrv.2001.0150.pdf_0_p0_c3,scihub_prrv.2001.0150.pdf_0_p0_c2,scihub_prrv.2001.0150.pdf_0_p0_c4,jiaocaineedrop_jiaocai_needrop_en_2884_p2884_c0,yanbaopptmerge_yanbaoPPT_5620_p5620_c0",1,True,1.0
What genetic factor is linked to respiratory syncitial virus-mediated disease severity?,1,scihub_prrv.2001.0150.pdf_0_p0_c4,scihub_prrv.2001.0150.pdf_0_p0_c4,1,True,1.0
What genetic factor is linked to respiratory syncitial virus-mediated disease severity?,3,scihub_prrv.2001.0150.pdf_0_p0_c4,"scihub_prrv.2001.0150.pdf_0_p0_c4,scihub_prrv.2001.0150.pdf_0_p0_c5,scihub_bloodadvances.2019030924.pdf_3_p3_c3",1,True,1.0
What genetic factor is linked to respiratory syncitial virus-mediated disease severity?,5,scihub_prrv.2001.0150.pdf_0_p0_c4,"scihub_prrv.2001.0150.pdf_0_p0_c4,scihub_prrv.2001.0150.pdf_0_p0_c5,scihub_bloodadvances.2019030924.pdf_3_p3_c3,scihub_bloodadvances.2019030924.pdf_3_p3_c0,docstructbench_llm-raw-scihub-o.O-hup.908.pdf_5_p5_c7",1,True,1.0
Which disease is used as a paradigm for gene therapy in respiratory disease?,1,scihub_prrv.2001.0150.pdf_0_p0_c5,scihub_prrv.2001.0150.pdf_0_p0_c5,1,True,1.0
Which disease is used as a paradigm for gene therapy in respiratory disease?,3,scihub_prrv.2001.0150.pdf_0_p0_c5,"scihub_prrv.2001.0150.pdf_0_p0_c5,scihub_prrv.2001.0150.pdf_0_p0_c1,scihub_prrv.2001.0150.pdf_0_p0_c0",1,True,1.0
Which disease is used as a paradigm for gene therapy in respiratory disease?,5,scihub_prrv.2001.0150.pdf_0_p0_c5,"scihub_prrv.2001.0150.pdf_0_p0_c5,scihub_prrv.2001.0150.pdf_0_p0_c1,scihub_prrv.2001.0150.pdf_0_p0_c0,scihub_prrv.2001.0150.pdf_0_p0_c4,scihub_prrv.2001.0150.pdf_0_p0_c3",1,True,1.0
What is the email address of the Paediatric Respiratory Specialist Registrar?,1,scihub_prrv.2001.0150.pdf_0_p0_c6,scihub_prrv.2001.0150.pdf_0_p0_c6,1,True,1.0
What is the email address of the Paediatric Respiratory Specialist Registrar?,3,scihub_prrv.2001.0150.pdf_0_p0_c6,"scihub_prrv.2001.0150.pdf_0_p0_c6,scihub_prrv.2001.0150.pdf_0_p0_c5,scihub_prrv.2001.0150.pdf_0_p0_c0",1,True,1.0
What is the email address of the Paediatric Respiratory Specialist Registrar?,5,scihub_prrv.2001.0150.pdf_0_p0_c6,"scihub_prrv.2001.0150.pdf_0_p0_c6,scihub_prrv.2001.0150.pdf_0_p0_c5,scihub_prrv.2001.0150.pdf_0_p0_c0,eastmoney_8b3e01e3cd92a034f45945887a5170602774a8480effda5bd791451578a93b7d.pdf_5_p5_c1,eastmoney_8b3e01e3cd92a034f45945887a5170602774a8480effda5bd791451578a93b7d.pdf_5_p5_c4",1,True,1.0
对比论证的作用是什么？,1,yanbaopptmerge_yanbaoPPT_825_p825_c0,yanbaopptmerge_yanbaoPPT_825_p825_c0,1,True,1.0
对比论证的作用是什么？,3,yanbaopptmerge_yanbaoPPT_825_p825_c0,"yanbaopptmerge_yanbaoPPT_825_p825_c0,jiaocaineedrop_jiaocai_needrop_en_2193_p2193_c0,jiaocaineedrop_jiaocai_needrop_en_2193_p2193_c1",1,True,1.0
对比论证的作用是什么？,5,yanbaopptmerge_yanbaoPPT_825_p825_c0,"yanbaopptmerge_yanbaoPPT_825_p825_c0,jiaocaineedrop_jiaocai_needrop_en_2193_p2193_c0,jiaocaineedrop_jiaocai_needrop_en_2193_p2193_c1,jiaocaineedrop_jiaocai_needrop_en_377_p377_c3,yanbaopptmerge_yanbaoPPT_6170_p6170_c0",1,True,1.0
What emotion does Poulin experience while standing at centre ice?,1,newspaper_The Globe and Mail - 2025-1-8@magazinesclubnew_page_027_p27_c0,newspaper_The Globe and Mail - 2025-1-8@magazinesclubnew_page_027_p27_c1,0,False,0.0
What emotion does Poulin experience while standing at centre ice?,3,newspaper_The Globe and Mail - 2025-1-8@magazinesclubnew_page_027_p27_c0,"newspaper_The Globe and Mail - 2025-1-8@magazinesclubnew_page_027_p27_c1,newspaper_The Globe and Mail - 2025-1-8@magazinesclubnew_page_027_p27_c0,newspaper_The Globe and Mail - 2025-1-8@magazinesclubnew_page_027_p27_c3",2,True,1.0
What emotion does Poulin experience while standing at centre ice?,5,newspaper_The Globe and Mail - 2025-1-8@magazinesclubnew_page_027_p27_c0,"newspaper_The Globe and Mail - 2025-1-8@magazinesclubnew_page_027_p27_c1,newspaper_The Globe and Mail - 2025-1-8@magazinesclubnew_page_027_p27_c0,newspaper_The Globe and Mail - 2025-1-8@magazinesclubnew_page_027_p27_c3,newspaper_The Globe and Mail - 2025-1-8@magazinesclubnew_page_027_p27_c2,scihub_bloodadvances.2019030924.pdf_3_p3_c2",2,True,1.0
Where did Poulin play her first Olympic hockey game?,1,newspaper_The Globe and Mail - 2025-1-8@magazinesclubnew_page_027_p27_c1,newspaper_The Globe and Mail - 2025-1-8@magazinesclubnew_page_027_p27_c1,1,True,1.0
Where did Poulin play her first Olympic hockey game?,3,newspaper_The Globe and Mail - 2025-1-8@magazinesclubnew_page_027_p27_c1,"newspaper_The Globe and Mail - 2025-1-8@magazinesclubnew_page_027_p27_c1,newspaper_The Globe and Mail - 2025-1-8@magazinesclubnew_page_027_p27_c2,newspaper_The Globe and Mail - 2025-1-8@magazinesclubnew_page_027_p27_c0",1,True,1.0
Where did Poulin play her first Olympic hockey game?,5,newspaper_The Globe and Mail - 2025-1-8@magazinesclubnew_page_027_p27_c1,"newspaper_The Globe and Mail - 2025-1-8@magazinesclubnew_page_027_p27_c1,newspaper_The Globe and Mail - 2025-1-8@magazinesclubnew_page_027_p27_c2,newspaper_The Globe and Mail - 2025-1-8@magazinesclubnew_page_027_p27_c0,newspaper_The Globe and Mail - 2025-1-8@magazinesclubnew_page_027_p27_c3,newspaper_The Globe and Mail - 2025-1-8@magazinesclubnew_page_014_p14_c1",1,True,1.0
What was the score of the game between Victoire and Boston Fleet?,1,newspaper_The Globe and Mail - 2025-1-8@magazinesclubnew_page_027_p27_c2,newspaper_The Globe and Mail - 2025-1-8@magazinesclubnew_page_027_p27_c2,1,True,1.0
What was the score of the game between Victoire and Boston Fleet?,3,newspaper_The Globe and Mail - 2025-1-8@magazinesclubnew_page_027_p27_c2,"newspaper_The Globe and Mail - 2025-1-8@magazinesclubnew_page_027_p27_c2,newspaper_The Globe and Mail - 2025-1-8@magazinesclubnew_page_014_p14_c11,newspaper_The Globe and Mail - 2025-1-8@magazinesclubnew_page_027_p27_c1",1,True,1.0
What was the score of the game between Victoire and Boston Fleet?,5,newspaper_The Globe and Mail - 2025-1-8@magazinesclubnew_page_027_p27_c2,"newspaper_The Globe and Mail - 2025-1-8@magazinesclubnew_page_027_p27_c2,newspaper_The Globe and Mail - 2025-1-8@magazinesclubnew_page_014_p14_c11,newspaper_The Globe and Mail - 2025-1-8@magazinesclubnew_page_027_p27_c1,newspaper_Daily Mirror 2025-1-8@magazinesclubnew_page_058_p58_c1,newspaper_Daily Mirror 2025-1-8@magazinesclubnew_page_058_p58_c0",1,True,1.0
What is the main goal of the PWHL according to Poulin?,1,newspaper_The Globe and Mail - 2025-1-8@magazinesclubnew_page_027_p27_c3,newspaper_The Globe and Mail - 2025-1-8@magazinesclubnew_page_027_p27_c3,1,True,1.0
What is the main goal of the PWHL according to Poulin?,3,newspaper_The Globe and Mail - 2025-1-8@magazinesclubnew_page_027_p27_c3,"newspaper_The Globe and Mail - 2025-1-8@magazinesclubnew_page_027_p27_c3,newspaper_The Globe and Mail - 2025-1-8@magazinesclubnew_page_027_p27_c1,newspaper_The Globe and Mail - 2025-1-8@magazinesclubnew_page_027_p27_c2",1,True,1.0
What is the main goal of the PWHL according to Poulin?,5,newspaper_The Globe and Mail - 2025-1-8@magazinesclubnew_page_027_p27_c3,"newspaper_The Globe and Mail - 2025-1-8@magazinesclubnew_page_027_p27_c3,newspaper_The Globe and Mail - 2025-1-8@magazinesclubnew_page_027_p27_c1,newspaper_The Globe and Mail - 2025-1-8@magazinesclubnew_page_027_p27_c2,newspaper_The Globe and Mail - 2025-1-8@magazinesclubnew_page_027_p27_c0,newspaper_The Globe and Mail - 2025-1-8@magazinesclubnew_page_027_p27_c4",1,True,1.0
What factors are considered when evaluating future markets for the league?,1,newspaper_The Globe and Mail - 2025-1-8@magazinesclubnew_page_027_p27_c4,newspaper_The Globe and Mail - 2025-1-8@magazinesclubnew_page_027_p27_c4,1,True,1.0
What factors are considered when evaluating future markets for the league?,3,newspaper_The Globe and Mail - 2025-1-8@magazinesclubnew_page_027_p27_c4,"newspaper_The Globe and Mail - 2025-1-8@magazinesclubnew_page_027_p27_c4,eastmoney_d2bb183f5254ede5760932ac3118524aa7eddad551935713b435541f1525c1ee.pdf_7_p7_c1,newspaper_The Globe and Mail - 2025-1-8@magazinesclubnew_page_027_p27_c3",1,True,1.0
What factors are considered when evaluating future markets for the league?,5,newspaper_The Globe and Mail - 2025-1-8@magazinesclubnew_page_027_p27_c4,"newspaper_The Globe and Mail - 2025-1-8@magazinesclubnew_page_027_p27_c4,eastmoney_d2bb183f5254ede5760932ac3118524aa7eddad551935713b435541f1525c1ee.pdf_7_p7_c1,newspaper_The Globe and Mail - 2025-1-8@magazinesclubnew_page_027_p27_c3,yanbaor2_930d8c81854d7450cd35af7b050fed88e4e461b4f0ac0dab07e3232a4e703a06.pdf_14_p14_c1,yanbaopptmerge_51e549c0d1a2669ac976409fcf99ce91908b1e0a07f0fc70d92263abf6d07f18.pdf_1_p1_c0",1,True,1.0
What is the new PGA Tour Enterprises' funding source?,1,newspaper_The Globe and Mail - 2025-1-8@magazinesclubnew_page_027_p27_c5,newspaper_The Globe and Mail - 2025-1-8@magazinesclubnew_page_027_p27_c5,1,True,1.0
What is the new PGA Tour Enterprises' funding source?,3,newspaper_The Globe and Mail - 2025-1-8@magazinesclubnew_page_027_p27_c5,"newspaper_The Globe and Mail - 2025-1-8@magazinesclubnew_page_027_p27_c5,newspaper_The Globe and Mail - 2025-1-8@magazinesclubnew_page_027_p27_c7,newspaper_The Globe and Mail - 2025-1-8@magazinesclubnew_page_027_p27_c6",1,True,1.0
What is the new PGA Tour Enterprises' funding source?,5,newspaper_The Globe and Mail - 2025-1-8@magazinesclubnew_page_027_p27_c5,"newspaper_The Globe and Mail - 2025-1-8@magazinesclubnew_page_027_p27_c5,newspaper_The Globe and Mail - 2025-1-8@magazinesclubnew_page_027_p27_c7,newspaper_The Globe and Mail - 2025-1-8@magazinesclubnew_page_027_p27_c6,newspaper_The Globe and Mail - 2025-1-8@magazinesclubnew_page_027_p27_c8,newspaper_The Globe and Mail - 2025-1-8@magazinesclubnew_page_027_p27_c9",1,True,1.0
What is Adam Scott's current sentiment on the progress of PGA Tour's integration with LIV Golf?,1,newspaper_The Globe and Mail - 2025-1-8@magazinesclubnew_page_027_p27_c6,newspaper_The Globe and Mail - 2025-1-8@magazinesclubnew_page_027_p27_c6,1,True,1.0
What is Adam Scott's current sentiment on the progress of PGA Tour's integration with LIV Golf?,3,newspaper_The Globe and Mail - 2025-1-8@magazinesclubnew_page_027_p27_c6,"newspaper_The Globe and Mail - 2025-1-8@magazinesclubnew_page_027_p27_c6,newspaper_The Globe and Mail - 2025-1-8@magazinesclubnew_page_027_p27_c5,newspaper_The Globe and Mail - 2025-1-8@magazinesclubnew_page_027_p27_c8",1,True,1.0
What is Adam Scott's current sentiment on the progress of PGA Tour's integration with LIV Golf?,5,newspaper_The Globe and Mail - 2025-1-8@magazinesclubnew_page_027_p27_c6,"newspaper_The Globe and Mail - 2025-1-8@magazinesclubnew_page_027_p27_c6,newspaper_The Globe and Mail - 2025-1-8@magazinesclubnew_page_027_p27_c5,newspaper_The Globe and Mail - 2025-1-8@magazinesclubnew_page_027_p27_c8,newspaper_The Globe and Mail - 2025-1-8@magazinesclubnew_page_027_p27_c4,newspaper_The Globe and Mail - 2025-1-8@magazinesclubnew_page_027_p27_c9",1,True,1.0
What is the biggest question for golf fans regarding the PGA Tour and PIF deal?,1,newspaper_The Globe and Mail - 2025-1-8@magazinesclubnew_page_027_p27_c7,newspaper_The Globe and Mail - 2025-1-8@magazinesclubnew_page_027_p27_c8,0,False,0.0
What is the biggest question for golf fans regarding the PGA Tour and PIF deal?,3,newspaper_The Globe and Mail - 2025-1-8@magazinesclubnew_page_027_p27_c7,"newspaper_The Globe and Mail - 2025-1-8@magazinesclubnew_page_027_p27_c8,newspaper_The Globe and Mail - 2025-1-8@magazinesclubnew_page_027_p27_c7,newspaper_The Globe and Mail - 2025-1-8@magazinesclubnew_page_027_p27_c6",2,True,1.0
What is the biggest question for golf fans regarding the PGA Tour and PIF deal?,5,newspaper_The Globe and Mail - 2025-1-8@magazinesclubnew_page_027_p27_c7,"newspaper_The Globe and Mail - 2025-1-8@magazinesclubnew_page_027_p27_c8,newspaper_The Globe and Mail - 2025-1-8@magazinesclubnew_page_027_p27_c7,newspaper_The Globe and Mail - 2025-1-8@magazinesclubnew_page_027_p27_c6,newspaper_The Globe and Mail - 2025-1-8@magazinesclubnew_page_027_p27_c5,newspaper_The Globe and Mail - 2025-1-8@magazinesclubnew_page_027_p27_c9",2,True,1.0
What does the PGA Tour's deal with PIF mean for the great divide in golf?,1,newspaper_The Globe and Mail - 2025-1-8@magazinesclubnew_page_027_p27_c8,newspaper_The Globe and Mail - 2025-1-8@magazinesclubnew_page_027_p27_c8,1,True,1.0
What does the PGA Tour's deal with PIF mean for the great divide in golf?,3,newspaper_The Globe and Mail - 2025-1-8@magazinesclubnew_page_027_p27_c8,"newspaper_The Globe and Mail - 2025-1-8@magazinesclubnew_page_027_p27_c8,newspaper_The Globe and Mail - 2025-1-8@magazinesclubnew_page_027_p27_c7,newspaper_The Globe and Mail - 2025-1-8@magazinesclubnew_page_027_p27_c5",1,True,1.0
What does the PGA Tour's deal with PIF mean for the great divide in golf?,5,newspaper_The Globe and Mail - 2025-1-8@magazinesclubnew_page_027_p27_c8,"newspaper_The Globe and Mail - 2025-1-8@magazinesclubnew_page_027_p27_c8,newspaper_The Globe and Mail - 2025-1-8@magazinesclubnew_page_027_p27_c7,newspaper_The Globe and Mail - 2025-1-8@magazinesclubnew_page_027_p27_c5,newspaper_The Globe and Mail - 2025-1-8@magazinesclubnew_page_027_p27_c6,newspaper_The Globe and Mail - 2025-1-8@magazinesclubnew_page_027_p27_c9",1,True,1.0
Which course in Michigan opened only last year?,1,newspaper_The Globe and Mail - 2025-1-8@magazinesclubnew_page_027_p27_c9,newspaper_The Globe and Mail - 2025-1-8@magazinesclubnew_page_027_p27_c9,1,True,1.0
Which course in Michigan opened only last year?,3,newspaper_The Globe and Mail - 2025-1-8@magazinesclubnew_page_027_p27_c9,"newspaper_The Globe and Mail - 2025-1-8@magazinesclubnew_page_027_p27_c9,newspaper_The Globe and Mail - 2025-1-8@magazinesclubnew_page_027_p27_c5,PPT_all655920_page_002_p2_c0",1,True,1.0
Which course in Michigan opened only last year?,5,newspaper_The Globe and Mail - 2025-1-8@magazinesclubnew_page_027_p27_c9,"newspaper_The Globe and Mail - 2025-1-8@magazinesclubnew_page_027_p27_c9,newspaper_The Globe and Mail - 2025-1-8@magazinesclubnew_page_027_p27_c5,PPT_all655920_page_002_p2_c0,jiaocaineedrop_jiaocai_needrop_en_2193_p2193_c0,newspaper_The Globe and Mail - 2025-1-8@magazinesclubnew_page_027_p27_c4",1,True,1.0
Which tour is LIV heavily invested in?,1,newspaper_The Globe and Mail - 2025-1-8@magazinesclubnew_page_027_p27_c10,newspaper_The Globe and Mail - 2025-1-8@magazinesclubnew_page_027_p27_c10,1,True,1.0
Which tour is LIV heavily invested in?,3,newspaper_The Globe and Mail - 2025-1-8@magazinesclubnew_page_027_p27_c10,"newspaper_The Globe and Mail - 2025-1-8@magazinesclubnew_page_027_p27_c10,newspaper_The Globe and Mail - 2025-1-8@magazinesclubnew_page_027_p27_c9,newspaper_The Globe and Mail - 2025-1-8@magazinesclubnew_page_027_p27_c6",1,True,1.0
Which tour is LIV heavily invested in?,5,newspaper_The Globe and Mail - 2025-1-8@magazinesclubnew_page_027_p27_c10,"newspaper_The Globe and Mail - 2025-1-8@magazinesclubnew_page_027_p27_c10,newspaper_The Globe and Mail - 2025-1-8@magazinesclubnew_page_027_p27_c9,newspaper_The Globe and Mail - 2025-1-8@magazinesclubnew_page_027_p27_c6,newspaper_The Globe and Mail - 2025-1-8@magazinesclubnew_page_027_p27_c5,newspaper_The Globe and Mail - 2025-1-8@magazinesclubnew_page_027_p27_c8",1,True,1.0
股票评级中的增持对应的涨幅范围是什么？,1,eastmoney_dd8f39ced2188b907304224a635ad605689270486020c34636003e57018c01d8.pdf_2_p2_c0,eastmoney_dd8f39ced2188b907304224a635ad605689270486020c34636003e57018c01d8.pdf_2_p2_c0,1,True,1.0
股票评级中的增持对应的涨幅范围是什么？,3,eastmoney_dd8f39ced2188b907304224a635ad605689270486020c34636003e57018c01d8.pdf_2_p2_c0,"eastmoney_dd8f39ced2188b907304224a635ad605689270486020c34636003e57018c01d8.pdf_2_p2_c0,yanbaopptmerge_5473246b8da789b9bfdeef53a70c4d72afd480415d5cbcedb83d105856710328.pdf_8_p8_c2,eastmoney_dcf347592d4160dffacffdf00a9c39aa75cf9859205a7543c283d1df8bb14f90.pdf_1_p1_c2",1,True,1.0
股票评级中的增持对应的涨幅范围是什么？,5,eastmoney_dd8f39ced2188b907304224a635ad605689270486020c34636003e57018c01d8.pdf_2_p2_c0,"eastmoney_dd8f39ced2188b907304224a635ad605689270486020c34636003e57018c01d8.pdf_2_p2_c0,yanbaopptmerge_5473246b8da789b9bfdeef53a70c4d72afd480415d5cbcedb83d105856710328.pdf_8_p8_c2,eastmoney_dcf347592d4160dffacffdf00a9c39aa75cf9859205a7543c283d1df8bb14f90.pdf_1_p1_c2,yanbaopptmerge_5473246b8da789b9bfdeef53a70c4d72afd480415d5cbcedb83d105856710328.pdf_8_p8_c1,yanbaopptmerge_0c79d327060dbf9f1582d03c235dadb039533a19091d2c0d24f2ad95d267f79b.pdf_2_p2_c1",1,True,1.0
哪些市场使用沪深300指数作为基准？,1,eastmoney_dd8f39ced2188b907304224a635ad605689270486020c34636003e57018c01d8.pdf_2_p2_c1,eastmoney_dd8f39ced2188b907304224a635ad605689270486020c34636003e57018c01d8.pdf_2_p2_c1,1,True,1.0
哪些市场使用沪深300指数作为基准？,3,eastmoney_dd8f39ced2188b907304224a635ad605689270486020c34636003e57018c01d8.pdf_2_p2_c1,"eastmoney_dd8f39ced2188b907304224a635ad605689270486020c34636003e57018c01d8.pdf_2_p2_c1,eastmoney_dd8f39ced2188b907304224a635ad605689270486020c34636003e57018c01d8.pdf_2_p2_c0,eastmoney_dcf347592d4160dffacffdf00a9c39aa75cf9859205a7543c283d1df8bb14f90.pdf_1_p1_c2",1,True,1.0
哪些市场使用沪深300指数作为基准？,5,eastmoney_dd8f39ced2188b907304224a635ad605689270486020c34636003e57018c01d8.pdf_2_p2_c1,"eastmoney_dd8f39ced2188b907304224a635ad605689270486020c34636003e57018c01d8.pdf_2_p2_c1,eastmoney_dd8f39ced2188b907304224a635ad605689270486020c34636003e57018c01d8.pdf_2_p2_c0,eastmoney_dcf347592d4160dffacffdf00a9c39aa75cf9859205a7543c283d1df8bb14f90.pdf_1_p1_c2,yanbaopptmerge_0c79d327060dbf9f1582d03c235dadb039533a19091d2c0d24f2ad95d267f79b.pdf_2_p2_c0,yanbaopptmerge_5473246b8da789b9bfdeef53a70c4d72afd480415d5cbcedb83d105856710328.pdf_8_p8_c2",1,True,1.0
哪些人可能在报告发布前已经使用或了解其中的信息？,1,eastmoney_dd8f39ced2188b907304224a635ad605689270486020c34636003e57018c01d8.pdf_2_p2_c2,eastmoney_dd8f39ced2188b907304224a635ad605689270486020c34636003e57018c01d8.pdf_2_p2_c2,1,True,1.0
哪些人可能在报告发布前已经使用或了解其中的信息？,3,eastmoney_dd8f39ced2188b907304224a635ad605689270486020c34636003e57018c01d8.pdf_2_p2_c2,"eastmoney_dd8f39ced2188b907304224a635ad605689270486020c34636003e57018c01d8.pdf_2_p2_c2,eastmoney_dd8f39ced2188b907304224a635ad605689270486020c34636003e57018c01d8.pdf_2_p2_c1,eastmoney_d2bb183f5254ede5760932ac3118524aa7eddad551935713b435541f1525c1ee.pdf_7_p7_c1",1,True,1.0
哪些人可能在报告发布前已经使用或了解其中的信息？,5,eastmoney_dd8f39ced2188b907304224a635ad605689270486020c34636003e57018c01d8.pdf_2_p2_c2,"eastmoney_dd8f39ced2188b907304224a635ad605689270486020c34636003e57018c01d8.pdf_2_p2_c2,eastmoney_dd8f39ced2188b907304224a635ad605689270486020c34636003e57018c01d8.pdf_2_p2_c1,eastmoney_d2bb183f5254ede5760932ac3118524aa7eddad551935713b435541f1525c1ee.pdf_7_p7_c1,yanbaopptmerge_0c79d327060dbf9f1582d03c235dadb039533a19091d2c0d24f2ad95d267f79b.pdf_2_p2_c2,eastmoney_d2bb183f5254ede5760932ac3118524aa7eddad551935713b435541f1525c1ee.pdf_7_p7_c0",1,True,1.0
重庆的地址是什么？,1,eastmoney_8b3e01e3cd92a034f45945887a5170602774a8480effda5bd791451578a93b7d.pdf_5_p5_c0,eastmoney_8b3e01e3cd92a034f45945887a5170602774a8480effda5bd791451578a93b7d.pdf_5_p5_c0,1,True,1.0
重庆的地址是什么？,3,eastmoney_8b3e01e3cd92a034f45945887a5170602774a8480effda5bd791451578a93b7d.pdf_5_p5_c0,"eastmoney_8b3e01e3cd92a034f45945887a5170602774a8480effda5bd791451578a93b7d.pdf_5_p5_c0,color_textbook_zhonggaokao_小学_KET听说读写逐项突破_KET听说读写逐项突破之轻松搞定KET写作25分 【10讲 褚连一】_第10讲第十课写作Part9小作文练习_第十课写作Part9小作文练习_page_010_p10_c1,yanbaopptmerge_5473246b8da789b9bfdeef53a70c4d72afd480415d5cbcedb83d105856710328.pdf_8_p8_c3",1,True,1.0
重庆的地址是什么？,5,eastmoney_8b3e01e3cd92a034f45945887a5170602774a8480effda5bd791451578a93b7d.pdf_5_p5_c0,"eastmoney_8b3e01e3cd92a034f45945887a5170602774a8480effda5bd791451578a93b7d.pdf_5_p5_c0,color_textbook_zhonggaokao_小学_KET听说读写逐项突破_KET听说读写逐项突破之轻松搞定KET写作25分 【10讲 褚连一】_第10讲第十课写作Part9小作文练习_第十课写作Part9小作文练习_page_010_p10_c1,yanbaopptmerge_5473246b8da789b9bfdeef53a70c4d72afd480415d5cbcedb83d105856710328.pdf_8_p8_c3,newspaper_The Globe and Mail - 2025-1-8@magazinesclubnew_page_014_p14_c1,notes_1ba14cb325bc448f7201b20502ecf2b5_118_p118_c0",1,True,1.0
What is the email address for 谭世泽?,1,eastmoney_8b3e01e3cd92a034f45945887a5170602774a8480effda5bd791451578a93b7d.pdf_5_p5_c1,eastmoney_8b3e01e3cd92a034f45945887a5170602774a8480effda5bd791451578a93b7d.pdf_5_p5_c2,0,False,0.0
What is the email address for 谭世泽?,3,eastmoney_8b3e01e3cd92a034f45945887a5170602774a8480effda5bd791451578a93b7d.pdf_5_p5_c1,"eastmoney_8b3e01e3cd92a034f45945887a5170602774a8480effda5bd791451578a93b7d.pdf_5_p5_c2,eastmoney_8b3e01e3cd92a034f45945887a5170602774a8480effda5bd791451578a93b7d.pdf_5_p5_c1,newspaper_b95d1d8eb0d756cc94a5d8b5db3cf69b_1_p1_c0",2,True,1.0
What is the email address for 谭世泽?,5,eastmoney_8b3e01e3cd92a034f45945887a5170602774a8480effda5bd791451578a93b7d.pdf_5_p5_c1,"eastmoney_8b3e01e3cd92a034f45945887a5170602774a8480effda5bd791451578a93b7d.pdf_5_p5_c2,eastmoney_8b3e01e3cd92a034f45945887a5170602774a8480effda5bd791451578a93b7d.pdf_5_p5_c1,newspaper_b95d1d8eb0d756cc94a5d8b5db3cf69b_1_p1_c0,newspaper_eb569707cf5621d4c71d5898216cdb17_1_p1_c0,yanbaopptmerge_5473246b8da789b9bfdeef53a70c4d72afd480415d5cbcedb83d105856710328.pdf_8_p8_c3",2,True,1.0
What is the email address for 杜小双?,1,eastmoney_8b3e01e3cd92a034f45945887a5170602774a8480effda5bd791451578a93b7d.pdf_5_p5_c2,eastmoney_8b3e01e3cd92a034f45945887a5170602774a8480effda5bd791451578a93b7d.pdf_5_p5_c2,1,True,1.0
What is the email address for 杜小双?,3,eastmoney_8b3e01e3cd92a034f45945887a5170602774a8480effda5bd791451578a93b7d.pdf_5_p5_c2,"eastmoney_8b3e01e3cd92a034f45945887a5170602774a8480effda5bd791451578a93b7d.pdf_5_p5_c2,newspaper_eb569707cf5621d4c71d5898216cdb17_1_p1_c0,yanbaopptmerge_5473246b8da789b9bfdeef53a70c4d72afd480415d5cbcedb83d105856710328.pdf_8_p8_c3",1,True,1.0
What is the email address for 杜小双?,5,eastmoney_8b3e01e3cd92a034f45945887a5170602774a8480effda5bd791451578a93b7d.pdf_5_p5_c2,"eastmoney_8b3e01e3cd92a034f45945887a5170602774a8480effda5bd791451578a93b7d.pdf_5_p5_c2,newspaper_eb569707cf5621d4c71d5898216cdb17_1_p1_c0,yanbaopptmerge_5473246b8da789b9bfdeef53a70c4d72afd480415d5cbcedb83d105856710328.pdf_8_p8_c3,newspaper_35bdaa11dec104ccbdc9e19ac8527d21_1_p1_c0,eastmoney_8b3e01e3cd92a034f45945887a5170602774a8480effda5bd791451578a93b7d.pdf_5_p5_c3",1,True,1.0
Who is the sales manager in Guangshen?,1,eastmoney_8b3e01e3cd92a034f45945887a5170602774a8480effda5bd791451578a93b7d.pdf_5_p5_c3,eastmoney_8b3e01e3cd92a034f45945887a5170602774a8480effda5bd791451578a93b7d.pdf_5_p5_c1,0,False,0.0
Who is the sales manager in Guangshen?,3,eastmoney_8b3e01e3cd92a034f45945887a5170602774a8480effda5bd791451578a93b7d.pdf_5_p5_c3,"eastmoney_8b3e01e3cd92a034f45945887a5170602774a8480effda5bd791451578a93b7d.pdf_5_p5_c1,eastmoney_8b3e01e3cd92a034f45945887a5170602774a8480effda5bd791451578a93b7d.pdf_5_p5_c4,eastmoney_8b3e01e3cd92a034f45945887a5170602774a8480effda5bd791451578a93b7d.pdf_5_p5_c3",3,True,1.0
Who is the sales manager in Guangshen?,5,eastmoney_8b3e01e3cd92a034f45945887a5170602774a8480effda5bd791451578a93b7d.pdf_5_p5_c3,"eastmoney_8b3e01e3cd92a034f45945887a5170602774a8480effda5bd791451578a93b7d.pdf_5_p5_c1,eastmoney_8b3e01e3cd92a034f45945887a5170602774a8480effda5bd791451578a93b7d.pdf_5_p5_c4,eastmoney_8b3e01e3cd92a034f45945887a5170602774a8480effda5bd791451578a93b7d.pdf_5_p5_c3,eastmoney_8b3e01e3cd92a034f45945887a5170602774a8480effda5bd791451578a93b7d.pdf_5_p5_c2,newspaper_e62730aaeb9b509119e0c3699ac18201_1_p1_c0",3,True,1.0
体育包括哪些要素？,1,jiaocaineedrop_jiaocai_needrop_en_237_p237_c0,jiaocaineedrop_jiaocai_needrop_en_237_p237_c0,1,True,1.0
体育包括哪些要素？,3,jiaocaineedrop_jiaocai_needrop_en_237_p237_c0,"jiaocaineedrop_jiaocai_needrop_en_237_p237_c0,jiaocaineedrop_jiaocai_needrop_en_1836_p1836_c1,jiaocaineedrop_jiaocai_needrop_en_1836_p1836_c0",1,True,1.0
体育包括哪些要素？,5,jiaocaineedrop_jiaocai_needrop_en_237_p237_c0,"jiaocaineedrop_jiaocai_needrop_en_237_p237_c0,jiaocaineedrop_jiaocai_needrop_en_1836_p1836_c1,jiaocaineedrop_jiaocai_needrop_en_1836_p1836_c0,jiaocaineedrop_jiaocai_needrop_en_237_p237_c1,jiaocaineedrop_jiaocai_needrop_en_3274_p3274_c0",1,True,1.0
倡议书中的横线处应填入哪个词语？,1,jiaocaineedrop_jiaocai_needrop_en_237_p237_c1,jiaocaineedrop_jiaocai_needrop_en_237_p237_c1,1,True,1.0
倡议书中的横线处应填入哪个词语？,3,jiaocaineedrop_jiaocai_needrop_en_237_p237_c1,"jiaocaineedrop_jiaocai_needrop_en_237_p237_c1,jiaocaineedrop_jiaocai_needrop_en_1836_p1836_c2,jiaocaineedrop_jiaocai_needrop_en_1836_p1836_c1",1,True,1.0
倡议书中的横线处应填入哪个词语？,5,jiaocaineedrop_jiaocai_needrop_en_237_p237_c1,"jiaocaineedrop_jiaocai_needrop_en_237_p237_c1,jiaocaineedrop_jiaocai_needrop_en_1836_p1836_c2,jiaocaineedrop_jiaocai_needrop_en_1836_p1836_c1,jiaocaineedrop_jiaocai_needrop_en_2193_p2193_c0,jiaocaineedrop_jiaocai_needrop_en_2884_p2884_c2",1,True,1.0
Which country's economy withstood the shock of the war next door in 2023?,1,magazine_TheEconomist.2023.12.23_page_012_p12_c0,magazine_TheEconomist.2023.12.23_page_012_p12_c0,1,True,1.0
Which country's economy withstood the shock of the war next door in 2023?,3,magazine_TheEconomist.2023.12.23_page_012_p12_c0,"magazine_TheEconomist.2023.12.23_page_012_p12_c0,magazine_TheEconomist.2023.12.23_page_012_p12_c2,magazine_TheEconomist.2024.03.02_page_032_p32_c0",1,True,1.0
Which country's economy withstood the shock of the war next door in 2023?,5,magazine_TheEconomist.2023.12.23_page_012_p12_c0,"magazine_TheEconomist.2023.12.23_page_012_p12_c0,magazine_TheEconomist.2023.12.23_page_012_p12_c2,magazine_TheEconomist.2024.03.02_page_032_p32_c0,magazine_TheEconomist.2023.12.23_page_024_p24_c0,magazine_TheEconomist.2023.12.23_page_012_p12_c3",1,True,1.0
Which party was ousted by voters in October?,1,magazine_TheEconomist.2023.12.23_page_012_p12_c1,magazine_TheEconomist.2023.12.23_page_012_p12_c1,1,True,1.0
Which party was ousted by voters in October?,3,magazine_TheEconomist.2023.12.23_page_012_p12_c1,"magazine_TheEconomist.2023.12.23_page_012_p12_c1,newspaper_The Globe and Mail - 2025-1-8@magazinesclubnew_page_014_p14_c11,magazine_TheEconomist.2024.03.02_page_032_p32_c4",1,True,1.0
Which party was ousted by voters in October?,5,magazine_TheEconomist.2023.12.23_page_012_p12_c1,"magazine_TheEconomist.2023.12.23_page_012_p12_c1,newspaper_The Globe and Mail - 2025-1-8@magazinesclubnew_page_014_p14_c11,magazine_TheEconomist.2024.03.02_page_032_p32_c4,magazine_TheEconomist.2024.03.02_page_028_p28_c3,newspaper_The Globe and Mail - 2025-1-8@magazinesclubnew_page_014_p14_c9",1,True,1.0
Which port did Greece sell to a Chinese firm?,1,magazine_TheEconomist.2023.12.23_page_012_p12_c2,magazine_TheEconomist.2023.12.23_page_012_p12_c2,1,True,1.0
Which port did Greece sell to a Chinese firm?,3,magazine_TheEconomist.2023.12.23_page_012_p12_c2,"magazine_TheEconomist.2023.12.23_page_012_p12_c2,newspaper_35bdaa11dec104ccbdc9e19ac8527d21_1_p1_c2,magazine_TheEconomist.2023.12.23_page_012_p12_c3",1,True,1.0
Which port did Greece sell to a Chinese firm?,5,magazine_TheEconomist.2023.12.23_page_012_p12_c2,"magazine_TheEconomist.2023.12.23_page_012_p12_c2,newspaper_35bdaa11dec104ccbdc9e19ac8527d21_1_p1_c2,magazine_TheEconomist.2023.12.23_page_012_p12_c3,exam_paper_2016年安徽省中考英语试题（解析）_page_015_p15_c0,notes_1ba14cb325bc448f7201b20502ecf2b5_118_p118_c0",1,True,1.0
What is the political stance of Greece towards Russia according to the text?,1,magazine_TheEconomist.2023.12.23_page_012_p12_c3,magazine_TheEconomist.2023.12.23_page_012_p12_c2,0,False,0.0
What is the political stance of Greece towards Russia according to the text?,3,magazine_TheEconomist.2023.12.23_page_012_p12_c3,"magazine_TheEconomist.2023.12.23_page_012_p12_c2,magazine_TheEconomist.2023.12.23_page_012_p12_c3,newspaper_The Globe and Mail - 2025-1-8@magazinesclubnew_page_014_p14_c8",2,True,1.0
What is the political stance of Greece towards Russia according to the text?,5,magazine_TheEconomist.2023.12.23_page_012_p12_c3,"magazine_TheEconomist.2023.12.23_page_012_p12_c2,magazine_TheEconomist.2023.12.23_page_012_p12_c3,newspaper_The Globe and Mail - 2025-1-8@magazinesclubnew_page_014_p14_c8,newspaper_The Globe and Mail - 2025-1-8@magazinesclubnew_page_014_p14_c0,magazine_TheEconomist.2023.12.23_page_012_p12_c1",2,True,1.0
What is the total addressable market for under-15-year-olds according to the document fragment?,1,magazine_TheEconomist.2023.12.23_page_012_p12_c4,magazine_TheEconomist.2023.12.23_page_012_p12_c4,1,True,1.0
What is the total addressable market for under-15-year-olds according to the document fragment?,3,magazine_TheEconomist.2023.12.23_page_012_p12_c4,"magazine_TheEconomist.2023.12.23_page_012_p12_c4,eastmoney_e42b6e1cd2d48113ff4db8854e539d828d632bf9b1757e10cb8ddb2cfc7b1393.pdf_12_p12_c1,yanbaopptmerge_5473246b8da789b9bfdeef53a70c4d72afd480415d5cbcedb83d105856710328.pdf_8_p8_c0",1,True,1.0
What is the total addressable market for under-15-year-olds according to the document fragment?,5,magazine_TheEconomist.2023.12.23_page_012_p12_c4,"magazine_TheEconomist.2023.12.23_page_012_p12_c4,eastmoney_e42b6e1cd2d48113ff4db8854e539d828d632bf9b1757e10cb8ddb2cfc7b1393.pdf_12_p12_c1,yanbaopptmerge_5473246b8da789b9bfdeef53a70c4d72afd480415d5cbcedb83d105856710328.pdf_8_p8_c0,yanbaopptmerge_e60b3b61281e87ddf42f9321a9e6ef9d.pdf_159_p159_c1,newspaper_The Globe and Mail - 2025-1-8@magazinesclubnew_page_014_p14_c0",1,True,1.0
Which company is mentioned as printing spare parts using 3D printers?,1,magazine_TheEconomist.2023.12.23_page_012_p12_c5,magazine_TheEconomist.2023.12.23_page_012_p12_c5,1,True,1.0
Which company is mentioned as printing spare parts using 3D printers?,3,magazine_TheEconomist.2023.12.23_page_012_p12_c5,"magazine_TheEconomist.2023.12.23_page_012_p12_c5,yanbaor2_bfe5f11c4ad2e94d966ef6801dc992816f42c9150e2be42b008c95f59713e901.pdf_137_p137_c0,magazine_TheEconomist.2023.12.23_page_012_p12_c6",1,True,1.0
Which company is mentioned as printing spare parts using 3D printers?,5,magazine_TheEconomist.2023.12.23_page_012_p12_c5,"magazine_TheEconomist.2023.12.23_page_012_p12_c5,yanbaor2_bfe5f11c4ad2e94d966ef6801dc992816f42c9150e2be42b008c95f59713e901.pdf_137_p137_c0,magazine_TheEconomist.2023.12.23_page_012_p12_c6,yanbaor2_bfe5f11c4ad2e94d966ef6801dc992816f42c9150e2be42b008c95f59713e901.pdf_139_p139_c0,yanbaopptmerge_2f4902871606698497c53ccb18d3fec2f83d05047d883cd65bbce26bfb27bcd2.pdf_1_p1_c2",1,True,1.0
What is the name of the proprietary chatbot used to field complaints?,1,magazine_TheEconomist.2023.12.23_page_012_p12_c6,magazine_TheEconomist.2023.12.23_page_012_p12_c6,1,True,1.0
What is the name of the proprietary chatbot used to field complaints?,3,magazine_TheEconomist.2023.12.23_page_012_p12_c6,"magazine_TheEconomist.2023.12.23_page_012_p12_c6,magazine_TheEconomist.2023.12.23_page_012_p12_c7,magazine_TheEconomist.2024.03.09_page_064_p64_c3",1,True,1.0
What is the name of the proprietary chatbot used to field complaints?,5,magazine_TheEconomist.2023.12.23_page_012_p12_c6,"magazine_TheEconomist.2023.12.23_page_012_p12_c6,magazine_TheEconomist.2023.12.23_page_012_p12_c7,magazine_TheEconomist.2024.03.09_page_064_p64_c3,magazine_TheEconomist.2024.03.09_page_064_p64_c5,magazine_TheEconomist.2024.03.09_page_064_p64_c1",1,True,1.0
What is the name of the proprietary chatbot mentioned in the document fragment?,1,magazine_TheEconomist.2023.12.23_page_012_p12_c7,magazine_TheEconomist.2023.12.23_page_012_p12_c7,1,True,1.0
What is the name of the proprietary chatbot mentioned in the document fragment?,3,magazine_TheEconomist.2023.12.23_page_012_p12_c7,"magazine_TheEconomist.2023.12.23_page_012_p12_c7,magazine_TheEconomist.2024.03.09_page_064_p64_c3,magazine_TheEconomist.2023.11.25_page_069_p69_c5",1,True,1.0
What is the name of the proprietary chatbot mentioned in the document fragment?,5,magazine_TheEconomist.2023.12.23_page_012_p12_c7,"magazine_TheEconomist.2023.12.23_page_012_p12_c7,magazine_TheEconomist.2024.03.09_page_064_p64_c3,magazine_TheEconomist.2023.11.25_page_069_p69_c5,magazine_TheEconomist.2023.11.25_page_069_p69_c0,newspaper_The Wall Street Journal - 2025-01-08@magazinesclubnew_page_018_p18_c19",1,True,1.0
What is the name of the obesity drug mentioned in the text?,1,magazine_TheEconomist.2023.12.23_page_012_p12_c8,magazine_TheEconomist.2023.12.23_page_012_p12_c8,1,True,1.0
What is the name of the obesity drug mentioned in the text?,3,magazine_TheEconomist.2023.12.23_page_012_p12_c8,"magazine_TheEconomist.2023.12.23_page_012_p12_c8,magazine_TheEconomist.2023.12.23_page_012_p12_c7,scihub_bloodadvances.2019030924.pdf_3_p3_c1",1,True,1.0
What is the name of the obesity drug mentioned in the text?,5,magazine_TheEconomist.2023.12.23_page_012_p12_c8,"magazine_TheEconomist.2023.12.23_page_012_p12_c8,magazine_TheEconomist.2023.12.23_page_012_p12_c7,scihub_bloodadvances.2019030924.pdf_3_p3_c1,docstructbench_llm-raw-scihub-o.O-j.chroma.2005.05.085.pdf_4_p4_c5,docstructbench_enbook-zlib-o.O-19221575.pdf_1173_p1173_c0",1,True,1.0
What is the consequence of the spread of solar panels in America?,1,magazine_TheEconomist.2023.12.23_page_012_p12_c9,magazine_TheEconomist.2023.12.23_page_012_p12_c9,1,True,1.0
What is the consequence of the spread of solar panels in America?,3,magazine_TheEconomist.2023.12.23_page_012_p12_c9,"magazine_TheEconomist.2023.12.23_page_012_p12_c9,newspaper_The Globe and Mail - 2025-1-8@magazinesclubnew_page_014_p14_c3,newspaper_The Globe and Mail - 2025-1-8@magazinesclubnew_page_014_p14_c1",1,True,1.0
What is the consequence of the spread of solar panels in America?,5,magazine_TheEconomist.2023.12.23_page_012_p12_c9,"magazine_TheEconomist.2023.12.23_page_012_p12_c9,newspaper_The Globe and Mail - 2025-1-8@magazinesclubnew_page_014_p14_c3,newspaper_The Globe and Mail - 2025-1-8@magazinesclubnew_page_014_p14_c1,newspaper_2c69e142b52dbb30cac2cb11d3eb25e5_1_p1_c4,newspaper_2c69e142b52dbb30cac2cb11d3eb25e5_1_p1_c5",1,True,1.0
What is the worst-case scenario mentioned in the text?,1,magazine_TheEconomist.2023.12.23_page_012_p12_c10,magazine_TheEconomist.2023.12.23_page_012_p12_c9,0,False,0.0
What is the worst-case scenario mentioned in the text?,3,magazine_TheEconomist.2023.12.23_page_012_p12_c10,"magazine_TheEconomist.2023.12.23_page_012_p12_c9,magazine_TheEconomist.2023.12.23_page_012_p12_c10,newspaper_The Globe and Mail - 2025-1-8@magazinesclubnew_page_014_p14_c8",2,True,1.0
What is the worst-case scenario mentioned in the text?,5,magazine_TheEconomist.2023.12.23_page_012_p12_c10,"magazine_TheEconomist.2023.12.23_page_012_p12_c9,magazine_TheEconomist.2023.12.23_page_012_p12_c10,newspaper_The Globe and Mail - 2025-1-8@magazinesclubnew_page_014_p14_c8,jiaocaineedrop_jiaocai_needrop_en_2884_p2884_c1,newspaper_The Globe and Mail - 2025-1-8@magazinesclubnew_page_014_p14_c11",2,True,1.0
哪些省区市和新疆兵团设立了新闻发言人？,1,newspaper_b95d1d8eb0d756cc94a5d8b5db3cf69b_1_p1_c0,newspaper_b95d1d8eb0d756cc94a5d8b5db3cf69b_1_p1_c0,1,True,1.0
哪些省区市和新疆兵团设立了新闻发言人？,3,newspaper_b95d1d8eb0d756cc94a5d8b5db3cf69b_1_p1_c0,"newspaper_b95d1d8eb0d756cc94a5d8b5db3cf69b_1_p1_c0,newspaper_0b1bb8d03b4287eb95f67b68c2cf9f92_1_p1_c0,newspaper_e62730aaeb9b509119e0c3699ac18201_1_p1_c3",1,True,1.0
哪些省区市和新疆兵团设立了新闻发言人？,5,newspaper_b95d1d8eb0d756cc94a5d8b5db3cf69b_1_p1_c0,"newspaper_b95d1d8eb0d756cc94a5d8b5db3cf69b_1_p1_c0,newspaper_0b1bb8d03b4287eb95f67b68c2cf9f92_1_p1_c0,newspaper_e62730aaeb9b509119e0c3699ac18201_1_p1_c3,newspaper_eb569707cf5621d4c71d5898216cdb17_1_p1_c0,newspaper_b95d1d8eb0d756cc94a5d8b5db3cf69b_1_p1_c1",1,True,1.0
中国口头文学遗产数字化工程计划用多长时间建成数字图书馆？,1,newspaper_b95d1d8eb0d756cc94a5d8b5db3cf69b_1_p1_c1,newspaper_b95d1d8eb0d756cc94a5d8b5db3cf69b_1_p1_c1,1,True,1.0
中国口头文学遗产数字化工程计划用多长时间建成数字图书馆？,3,newspaper_b95d1d8eb0d756cc94a5d8b5db3cf69b_1_p1_c1,"newspaper_b95d1d8eb0d756cc94a5d8b5db3cf69b_1_p1_c1,newspaper_b95d1d8eb0d756cc94a5d8b5db3cf69b_1_p1_c0,yanbaopptmerge_baa6d02928efcac46ccf7dfd3859de565cfb0bea918ae0ec0eed50944a7c20b4.pdf_11_p11_c1",1,True,1.0
中国口头文学遗产数字化工程计划用多长时间建成数字图书馆？,5,newspaper_b95d1d8eb0d756cc94a5d8b5db3cf69b_1_p1_c1,"newspaper_b95d1d8eb0d756cc94a5d8b5db3cf69b_1_p1_c1,newspaper_b95d1d8eb0d756cc94a5d8b5db3cf69b_1_p1_c0,yanbaopptmerge_baa6d02928efcac46ccf7dfd3859de565cfb0bea918ae0ec0eed50944a7c20b4.pdf_11_p11_c1,docstructbench_llm-raw-scihub-o.O-j.apcata.2006.05.010.pdf_2_p2_c11,newspaper_eb569707cf5621d4c71d5898216cdb17_1_p1_c0",1,True,1.0
中俄原油管道每年向中国输油多少万吨？,1,newspaper_b95d1d8eb0d756cc94a5d8b5db3cf69b_1_p1_c2,newspaper_b95d1d8eb0d756cc94a5d8b5db3cf69b_1_p1_c2,1,True,1.0
中俄原油管道每年向中国输油多少万吨？,3,newspaper_b95d1d8eb0d756cc94a5d8b5db3cf69b_1_p1_c2,"newspaper_b95d1d8eb0d756cc94a5d8b5db3cf69b_1_p1_c2,newspaper_b95d1d8eb0d756cc94a5d8b5db3cf69b_1_p1_c3,yanbaor2_ea86fd46182ff9b675775645ecaf43782b996ffaeeb09c679f56a47aabfbf6b7.pdf_9_p9_c0",1,True,1.0
中俄原油管道每年向中国输油多少万吨？,5,newspaper_b95d1d8eb0d756cc94a5d8b5db3cf69b_1_p1_c2,"newspaper_b95d1d8eb0d756cc94a5d8b5db3cf69b_1_p1_c2,newspaper_b95d1d8eb0d756cc94a5d8b5db3cf69b_1_p1_c3,yanbaor2_ea86fd46182ff9b675775645ecaf43782b996ffaeeb09c679f56a47aabfbf6b7.pdf_9_p9_c0,newspaper_eb569707cf5621d4c71d5898216cdb17_1_p1_c2,eastmoney_03e39833d520af7d1abb96dd624dcd15f2b57d061969d196e80922e2f590503f.pdf_22_p22_c1",1,True,1.0
中俄原油管道中国境内段的长度是多少？,1,newspaper_b95d1d8eb0d756cc94a5d8b5db3cf69b_1_p1_c3,newspaper_b95d1d8eb0d756cc94a5d8b5db3cf69b_1_p1_c3,1,True,1.0
中俄原油管道中国境内段的长度是多少？,3,newspaper_b95d1d8eb0d756cc94a5d8b5db3cf69b_1_p1_c3,"newspaper_b95d1d8eb0d756cc94a5d8b5db3cf69b_1_p1_c3,newspaper_b95d1d8eb0d756cc94a5d8b5db3cf69b_1_p1_c2,yanbaor2_ea86fd46182ff9b675775645ecaf43782b996ffaeeb09c679f56a47aabfbf6b7.pdf_9_p9_c0",1,True,1.0
中俄原油管道中国境内段的长度是多少？,5,newspaper_b95d1d8eb0d756cc94a5d8b5db3cf69b_1_p1_c3,"newspaper_b95d1d8eb0d756cc94a5d8b5db3cf69b_1_p1_c3,newspaper_b95d1d8eb0d756cc94a5d8b5db3cf69b_1_p1_c2,yanbaor2_ea86fd46182ff9b675775645ecaf43782b996ffaeeb09c679f56a47aabfbf6b7.pdf_9_p9_c0,jiaocaineedrop_jiaocai_needrop_en_377_p377_c6,docstructbench_llm-raw-scihub-o.O-j.chroma.2005.03.134.pdf_6_p6_c4",1,True,1.0
贵州境内高速公路关闭导致湖南怀新路段出现什么情况？,1,newspaper_b95d1d8eb0d756cc94a5d8b5db3cf69b_1_p1_c4,newspaper_b95d1d8eb0d756cc94a5d8b5db3cf69b_1_p1_c4,1,True,1.0
贵州境内高速公路关闭导致湖南怀新路段出现什么情况？,3,newspaper_b95d1d8eb0d756cc94a5d8b5db3cf69b_1_p1_c4,"newspaper_b95d1d8eb0d756cc94a5d8b5db3cf69b_1_p1_c4,newspaper_b95d1d8eb0d756cc94a5d8b5db3cf69b_1_p1_c3,newspaper_eb569707cf5621d4c71d5898216cdb17_1_p1_c3",1,True,1.0
贵州境内高速公路关闭导致湖南怀新路段出现什么情况？,5,newspaper_b95d1d8eb0d756cc94a5d8b5db3cf69b_1_p1_c4,"newspaper_b95d1d8eb0d756cc94a5d8b5db3cf69b_1_p1_c4,newspaper_b95d1d8eb0d756cc94a5d8b5db3cf69b_1_p1_c3,newspaper_eb569707cf5621d4c71d5898216cdb17_1_p1_c3,newspaper_0b1bb8d03b4287eb95f67b68c2cf9f92_1_p1_c2,newspaper_The Globe and Mail - 2025-1-8@magazinesclubnew_page_014_p14_c5",1,True,1.0
哪部电视剧获得了‘最佳农村题材电视剧’的奖项？,1,newspaper_b95d1d8eb0d756cc94a5d8b5db3cf69b_1_p1_c5,newspaper_b95d1d8eb0d756cc94a5d8b5db3cf69b_1_p1_c5,1,True,1.0
哪部电视剧获得了‘最佳农村题材电视剧’的奖项？,3,newspaper_b95d1d8eb0d756cc94a5d8b5db3cf69b_1_p1_c5,"newspaper_b95d1d8eb0d756cc94a5d8b5db3cf69b_1_p1_c5,newspaper_2c69e142b52dbb30cac2cb11d3eb25e5_1_p1_c9,newspaper_fe2c8b45b2a086cd75984640bb3080e1_1_p1_c7",1,True,1.0
哪部电视剧获得了‘最佳农村题材电视剧’的奖项？,5,newspaper_b95d1d8eb0d756cc94a5d8b5db3cf69b_1_p1_c5,"newspaper_b95d1d8eb0d756cc94a5d8b5db3cf69b_1_p1_c5,newspaper_2c69e142b52dbb30cac2cb11d3eb25e5_1_p1_c9,newspaper_fe2c8b45b2a086cd75984640bb3080e1_1_p1_c7,newspaper_eb569707cf5621d4c71d5898216cdb17_1_p1_c4,newspaper_fe2c8b45b2a086cd75984640bb3080e1_1_p1_c9",1,True,1.0
迪尔玛就职时谁向她递交了象征总统权力的绶带？,1,newspaper_b95d1d8eb0d756cc94a5d8b5db3cf69b_1_p1_c6,newspaper_b95d1d8eb0d756cc94a5d8b5db3cf69b_1_p1_c6,1,True,1.0
迪尔玛就职时谁向她递交了象征总统权力的绶带？,3,newspaper_b95d1d8eb0d756cc94a5d8b5db3cf69b_1_p1_c6,"newspaper_b95d1d8eb0d756cc94a5d8b5db3cf69b_1_p1_c6,newspaper_b95d1d8eb0d756cc94a5d8b5db3cf69b_1_p1_c5,magazine_TheEconomist.2023.12.09_page_082_p82_c1",1,True,1.0
迪尔玛就职时谁向她递交了象征总统权力的绶带？,5,newspaper_b95d1d8eb0d756cc94a5d8b5db3cf69b_1_p1_c6,"newspaper_b95d1d8eb0d756cc94a5d8b5db3cf69b_1_p1_c6,newspaper_b95d1d8eb0d756cc94a5d8b5db3cf69b_1_p1_c5,magazine_TheEconomist.2023.12.09_page_082_p82_c1,newspaper_The Wall Street Journal - 2025-01-08@magazinesclubnew_page_018_p18_c2,magazine_TheEconomist.2023.12.09_page_082_p82_c2",1,True,1.0
谁在新春佳节之际向新老朋友致以祝福？,1,newspaper_b95d1d8eb0d756cc94a5d8b5db3cf69b_1_p1_c7,newspaper_b95d1d8eb0d756cc94a5d8b5db3cf69b_1_p1_c7,1,True,1.0
谁在新春佳节之际向新老朋友致以祝福？,3,newspaper_b95d1d8eb0d756cc94a5d8b5db3cf69b_1_p1_c7,"newspaper_b95d1d8eb0d756cc94a5d8b5db3cf69b_1_p1_c7,newspaper_b95d1d8eb0d756cc94a5d8b5db3cf69b_1_p1_c5,yanbaopptmerge_yanbaoPPT_4975_p4975_c0",1,True,1.0
谁在新春佳节之际向新老朋友致以祝福？,5,newspaper_b95d1d8eb0d756cc94a5d8b5db3cf69b_1_p1_c7,"newspaper_b95d1d8eb0d756cc94a5d8b5db3cf69b_1_p1_c7,newspaper_b95d1d8eb0d756cc94a5d8b5db3cf69b_1_p1_c5,yanbaopptmerge_yanbaoPPT_4975_p4975_c0,newspaper_eb569707cf5621d4c71d5898216cdb17_1_p1_c0,newspaper_b95d1d8eb0d756cc94a5d8b5db3cf69b_1_p1_c0",1,True,1.0
Which sectors were the respondents from?,1,scihub_ijcac.2012040101.pdf_5_p5_c0,scihub_ijcac.2012040101.pdf_5_p5_c0,1,True,1.0
Which sectors were the respondents from?,3,scihub_ijcac.2012040101.pdf_5_p5_c0,"scihub_ijcac.2012040101.pdf_5_p5_c0,scihub_ijcac.2012040101.pdf_5_p5_c1,newspaper_The Wall Street Journal - 2025-01-08@magazinesclubnew_page_018_p18_c1",1,True,1.0
Which sectors were the respondents from?,5,scihub_ijcac.2012040101.pdf_5_p5_c0,"scihub_ijcac.2012040101.pdf_5_p5_c0,scihub_ijcac.2012040101.pdf_5_p5_c1,newspaper_The Wall Street Journal - 2025-01-08@magazinesclubnew_page_018_p18_c1,docstructbench_llm-raw-scihub-o.O-hup.908.pdf_5_p5_c6,yanbaopptmerge_0c79d327060dbf9f1582d03c235dadb039533a19091d2c0d24f2ad95d267f79b.pdf_2_p2_c1",1,True,1.0
What was the range of reliability for items in each construct?,1,scihub_ijcac.2012040101.pdf_5_p5_c1,scihub_ijcac.2012040101.pdf_5_p5_c2,0,False,0.0
What was the range of reliability for items in each construct?,3,scihub_ijcac.2012040101.pdf_5_p5_c1,"scihub_ijcac.2012040101.pdf_5_p5_c2,scihub_ijcac.2012040101.pdf_5_p5_c1,scihub_ijcac.2012040101.pdf_5_p5_c3",2,True,1.0
What was the range of reliability for items in each construct?,5,scihub_ijcac.2012040101.pdf_5_p5_c1,"scihub_ijcac.2012040101.pdf_5_p5_c2,scihub_ijcac.2012040101.pdf_5_p5_c1,scihub_ijcac.2012040101.pdf_5_p5_c3,scihub_ijcac.2012040101.pdf_5_p5_c0,scihub_ijcac.2012040101.pdf_5_p5_c4",2,True,1.0
What was the range of reliability for items in each construct according to the document fragment?,1,scihub_ijcac.2012040101.pdf_5_p5_c2,scihub_ijcac.2012040101.pdf_5_p5_c1,0,False,0.0
What was the range of reliability for items in each construct according to the document fragment?,3,scihub_ijcac.2012040101.pdf_5_p5_c2,"scihub_ijcac.2012040101.pdf_5_p5_c1,scihub_ijcac.2012040101.pdf_5_p5_c2,scihub_ijcac.2012040101.pdf_5_p5_c0",2,True,1.0
What was the range of reliability for items in each construct according to the document fragment?,5,scihub_ijcac.2012040101.pdf_5_p5_c2,"scihub_ijcac.2012040101.pdf_5_p5_c1,scihub_ijcac.2012040101.pdf_5_p5_c2,scihub_ijcac.2012040101.pdf_5_p5_c0,scihub_ijcac.2012040101.pdf_5_p5_c3,newspaper_The Globe and Mail - 2025-1-8@magazinesclubnew_page_014_p14_c4",2,True,1.0
What percentage of respondents were male?,1,scihub_ijcac.2012040101.pdf_5_p5_c3,scihub_ijcac.2012040101.pdf_5_p5_c4,0,False,0.0
What percentage of respondents were male?,3,scihub_ijcac.2012040101.pdf_5_p5_c3,"scihub_ijcac.2012040101.pdf_5_p5_c4,scihub_ijcac.2012040101.pdf_5_p5_c3,docstructbench_dianzishu_zhongwenzaixian-o.O-61323717.pdf_203_p203_c2",2,True,1.0
What percentage of respondents were male?,5,scihub_ijcac.2012040101.pdf_5_p5_c3,"scihub_ijcac.2012040101.pdf_5_p5_c4,scihub_ijcac.2012040101.pdf_5_p5_c3,docstructbench_dianzishu_zhongwenzaixian-o.O-61323717.pdf_203_p203_c2,docstructbench_dianzishu_zhongwenzaixian-o.O-61323717.pdf_203_p203_c1,docstructbench_dianzishu_zhongwenzaixian-o.O-61323717.pdf_203_p203_c3",2,True,1.0
What percentage of respondents were male?,1,scihub_ijcac.2012040101.pdf_5_p5_c4,scihub_ijcac.2012040101.pdf_5_p5_c4,1,True,1.0
What percentage of respondents were male?,3,scihub_ijcac.2012040101.pdf_5_p5_c4,"scihub_ijcac.2012040101.pdf_5_p5_c4,scihub_ijcac.2012040101.pdf_5_p5_c3,docstructbench_dianzishu_zhongwenzaixian-o.O-61323717.pdf_203_p203_c2",1,True,1.0
What percentage of respondents were male?,5,scihub_ijcac.2012040101.pdf_5_p5_c4,"scihub_ijcac.2012040101.pdf_5_p5_c4,scihub_ijcac.2012040101.pdf_5_p5_c3,docstructbench_dianzishu_zhongwenzaixian-o.O-61323717.pdf_203_p203_c2,docstructbench_dianzishu_zhongwenzaixian-o.O-61323717.pdf_203_p203_c1,docstructbench_dianzishu_zhongwenzaixian-o.O-61323717.pdf_203_p203_c3",1,True,1.0
What percentage of variance was explained by the variables in the study?,1,scihub_ijcac.2012040101.pdf_5_p5_c5,scihub_ijcac.2012040101.pdf_5_p5_c5,1,True,1.0
What percentage of variance was explained by the variables in the study?,3,scihub_ijcac.2012040101.pdf_5_p5_c5,"scihub_ijcac.2012040101.pdf_5_p5_c5,docstructbench_llm-raw-scihub-o.O-j.chroma.2005.05.085.pdf_4_p4_c9,scihub_bloodadvances.2019030924.pdf_3_p3_c1",1,True,1.0
What percentage of variance was explained by the variables in the study?,5,scihub_ijcac.2012040101.pdf_5_p5_c5,"scihub_ijcac.2012040101.pdf_5_p5_c5,docstructbench_llm-raw-scihub-o.O-j.chroma.2005.05.085.pdf_4_p4_c9,scihub_bloodadvances.2019030924.pdf_3_p3_c1,docstructbench_llm-raw-scihub-o.O-j.chroma.2005.05.085.pdf_4_p4_c6,scihub_bloodadvances.2019030924.pdf_3_p3_c2",1,True,1.0
What is the F value reported in the study?,1,scihub_ijcac.2012040101.pdf_5_p5_c6,scihub_s11661-013-1726-7.pdf_2_p2_c1,0,False,0.0
What is the F value reported in the study?,3,scihub_ijcac.2012040101.pdf_5_p5_c6,"scihub_s11661-013-1726-7.pdf_2_p2_c1,scihub_bloodadvances.2019030924.pdf_3_p3_c1,docstructbench_llm-raw-scihub-o.O-j.chroma.2005.03.134.pdf_6_p6_c4",0,False,0.0
What is the F value reported in the study?,5,scihub_ijcac.2012040101.pdf_5_p5_c6,"scihub_s11661-013-1726-7.pdf_2_p2_c1,scihub_bloodadvances.2019030924.pdf_3_p3_c1,docstructbench_llm-raw-scihub-o.O-j.chroma.2005.03.134.pdf_6_p6_c4,exam_paper_en-file-putnam-archive_2011_Solutions_2011s_page_002_p2_c2,docstructbench_llm-raw-scihub-o.O-j.chroma.2005.05.085.pdf_4_p4_c6",0,False,0.0
刘云山强调文化服务应作为什么重要内容？,1,newspaper_eb569707cf5621d4c71d5898216cdb17_1_p1_c0,newspaper_eb569707cf5621d4c71d5898216cdb17_1_p1_c0,1,True,1.0
刘云山强调文化服务应作为什么重要内容？,3,newspaper_eb569707cf5621d4c71d5898216cdb17_1_p1_c0,"newspaper_eb569707cf5621d4c71d5898216cdb17_1_p1_c0,jiaocaineedrop_jiaocai_needrop_en_377_p377_c3,newspaper_e62730aaeb9b509119e0c3699ac18201_1_p1_c15",1,True,1.0
刘云山强调文化服务应作为什么重要内容？,5,newspaper_eb569707cf5621d4c71d5898216cdb17_1_p1_c0,"newspaper_eb569707cf5621d4c71d5898216cdb17_1_p1_c0,jiaocaineedrop_jiaocai_needrop_en_377_p377_c3,newspaper_e62730aaeb9b509119e0c3699ac18201_1_p1_c15,newspaper_e62730aaeb9b509119e0c3699ac18201_1_p1_c11,newspaper_eb569707cf5621d4c71d5898216cdb17_1_p1_c11",1,True,1.0
黑龙江粮食总产量突破千亿斤的具体数值是多少？,1,newspaper_eb569707cf5621d4c71d5898216cdb17_1_p1_c1,newspaper_eb569707cf5621d4c71d5898216cdb17_1_p1_c1,1,True,1.0
黑龙江粮食总产量突破千亿斤的具体数值是多少？,3,newspaper_eb569707cf5621d4c71d5898216cdb17_1_p1_c1,"newspaper_eb569707cf5621d4c71d5898216cdb17_1_p1_c1,newspaper_eb569707cf5621d4c71d5898216cdb17_1_p1_c2,newspaper_eb569707cf5621d4c71d5898216cdb17_1_p1_c0",1,True,1.0
黑龙江粮食总产量突破千亿斤的具体数值是多少？,5,newspaper_eb569707cf5621d4c71d5898216cdb17_1_p1_c1,"newspaper_eb569707cf5621d4c71d5898216cdb17_1_p1_c1,newspaper_eb569707cf5621d4c71d5898216cdb17_1_p1_c2,newspaper_eb569707cf5621d4c71d5898216cdb17_1_p1_c0,newspaper_2c69e142b52dbb30cac2cb11d3eb25e5_1_p1_c8,newspaper_2c69e142b52dbb30cac2cb11d3eb25e5_1_p1_c7",1,True,1.0
黑龙江在遭受严重自然灾害时如何应对春播问题？,1,newspaper_eb569707cf5621d4c71d5898216cdb17_1_p1_c2,newspaper_eb569707cf5621d4c71d5898216cdb17_1_p1_c2,1,True,1.0
黑龙江在遭受严重自然灾害时如何应对春播问题？,3,newspaper_eb569707cf5621d4c71d5898216cdb17_1_p1_c2,"newspaper_eb569707cf5621d4c71d5898216cdb17_1_p1_c2,newspaper_eb569707cf5621d4c71d5898216cdb17_1_p1_c3,notes_1ba14cb325bc448f7201b20502ecf2b5_74_p74_c1",1,True,1.0
黑龙江在遭受严重自然灾害时如何应对春播问题？,5,newspaper_eb569707cf5621d4c71d5898216cdb17_1_p1_c2,"newspaper_eb569707cf5621d4c71d5898216cdb17_1_p1_c2,newspaper_eb569707cf5621d4c71d5898216cdb17_1_p1_c3,notes_1ba14cb325bc448f7201b20502ecf2b5_74_p74_c1,newspaper_eb569707cf5621d4c71d5898216cdb17_1_p1_c1,notes_1ba14cb325bc448f7201b20502ecf2b5_74_p74_c0",1,True,1.0
省委书记吉炳轩带领省直有关部门深入到哪些市局检查春播生产？,1,newspaper_eb569707cf5621d4c71d5898216cdb17_1_p1_c3,newspaper_eb569707cf5621d4c71d5898216cdb17_1_p1_c3,1,True,1.0
省委书记吉炳轩带领省直有关部门深入到哪些市局检查春播生产？,3,newspaper_eb569707cf5621d4c71d5898216cdb17_1_p1_c3,"newspaper_eb569707cf5621d4c71d5898216cdb17_1_p1_c3,newspaper_eb569707cf5621d4c71d5898216cdb17_1_p1_c2,newspaper_0b1bb8d03b4287eb95f67b68c2cf9f92_1_p1_c0",1,True,1.0
省委书记吉炳轩带领省直有关部门深入到哪些市局检查春播生产？,5,newspaper_eb569707cf5621d4c71d5898216cdb17_1_p1_c3,"newspaper_eb569707cf5621d4c71d5898216cdb17_1_p1_c3,newspaper_eb569707cf5621d4c71d5898216cdb17_1_p1_c2,newspaper_0b1bb8d03b4287eb95f67b68c2cf9f92_1_p1_c0,newspaper_eb569707cf5621d4c71d5898216cdb17_1_p1_c11,newspaper_2c69e142b52dbb30cac2cb11d3eb25e5_1_p1_c8",1,True,1.0
邮储银行发放的小额贷款解决了多少户农户及小商户的生产经营资金需求问题？,1,newspaper_eb569707cf5621d4c71d5898216cdb17_1_p1_c4,newspaper_eb569707cf5621d4c71d5898216cdb17_1_p1_c4,1,True,1.0
邮储银行发放的小额贷款解决了多少户农户及小商户的生产经营资金需求问题？,3,newspaper_eb569707cf5621d4c71d5898216cdb17_1_p1_c4,"newspaper_eb569707cf5621d4c71d5898216cdb17_1_p1_c4,newspaper_eb569707cf5621d4c71d5898216cdb17_1_p1_c3,newspaper_2c69e142b52dbb30cac2cb11d3eb25e5_1_p1_c11",1,True,1.0
邮储银行发放的小额贷款解决了多少户农户及小商户的生产经营资金需求问题？,5,newspaper_eb569707cf5621d4c71d5898216cdb17_1_p1_c4,"newspaper_eb569707cf5621d4c71d5898216cdb17_1_p1_c4,newspaper_eb569707cf5621d4c71d5898216cdb17_1_p1_c3,newspaper_2c69e142b52dbb30cac2cb11d3eb25e5_1_p1_c11,newspaper_2c69e142b52dbb30cac2cb11d3eb25e5_1_p1_c9,yanbaopptmerge_51e549c0d1a2669ac976409fcf99ce91908b1e0a07f0fc70d92263abf6d07f18.pdf_1_p1_c1",1,True,1.0
青海油菜产业发展的重点是什么？,1,newspaper_eb569707cf5621d4c71d5898216cdb17_1_p1_c6,newspaper_eb569707cf5621d4c71d5898216cdb17_1_p1_c6,1,True,1.0
青海油菜产业发展的重点是什么？,3,newspaper_eb569707cf5621d4c71d5898216cdb17_1_p1_c6,"newspaper_eb569707cf5621d4c71d5898216cdb17_1_p1_c6,newspaper_eb569707cf5621d4c71d5898216cdb17_1_p1_c5,notes_1ba14cb325bc448f7201b20502ecf2b5_74_p74_c0",1,True,1.0
青海油菜产业发展的重点是什么？,5,newspaper_eb569707cf5621d4c71d5898216cdb17_1_p1_c6,"newspaper_eb569707cf5621d4c71d5898216cdb17_1_p1_c6,newspaper_eb569707cf5621d4c71d5898216cdb17_1_p1_c5,notes_1ba14cb325bc448f7201b20502ecf2b5_74_p74_c0,newspaper_eb569707cf5621d4c71d5898216cdb17_1_p1_c11,newspaper_35bdaa11dec104ccbdc9e19ac8527d21_1_p1_c0",1,True,1.0
农村沼气建设数量不断扩大具体体现在哪些方面？,1,newspaper_eb569707cf5621d4c71d5898216cdb17_1_p1_c7,newspaper_eb569707cf5621d4c71d5898216cdb17_1_p1_c7,1,True,1.0
农村沼气建设数量不断扩大具体体现在哪些方面？,3,newspaper_eb569707cf5621d4c71d5898216cdb17_1_p1_c7,"newspaper_eb569707cf5621d4c71d5898216cdb17_1_p1_c7,newspaper_eb569707cf5621d4c71d5898216cdb17_1_p1_c8,newspaper_eb569707cf5621d4c71d5898216cdb17_1_p1_c6",1,True,1.0
农村沼气建设数量不断扩大具体体现在哪些方面？,5,newspaper_eb569707cf5621d4c71d5898216cdb17_1_p1_c7,"newspaper_eb569707cf5621d4c71d5898216cdb17_1_p1_c7,newspaper_eb569707cf5621d4c71d5898216cdb17_1_p1_c8,newspaper_eb569707cf5621d4c71d5898216cdb17_1_p1_c6,newspaper_eb569707cf5621d4c71d5898216cdb17_1_p1_c9,newspaper_2c69e142b52dbb30cac2cb11d3eb25e5_1_p1_c9",1,True,1.0
农村沼气年产量相当于替代多少标准煤？,1,newspaper_eb569707cf5621d4c71d5898216cdb17_1_p1_c8,newspaper_eb569707cf5621d4c71d5898216cdb17_1_p1_c8,1,True,1.0
农村沼气年产量相当于替代多少标准煤？,3,newspaper_eb569707cf5621d4c71d5898216cdb17_1_p1_c8,"newspaper_eb569707cf5621d4c71d5898216cdb17_1_p1_c8,newspaper_eb569707cf5621d4c71d5898216cdb17_1_p1_c7,newspaper_eb569707cf5621d4c71d5898216cdb17_1_p1_c6",1,True,1.0
农村沼气年产量相当于替代多少标准煤？,5,newspaper_eb569707cf5621d4c71d5898216cdb17_1_p1_c8,"newspaper_eb569707cf5621d4c71d5898216cdb17_1_p1_c8,newspaper_eb569707cf5621d4c71d5898216cdb17_1_p1_c7,newspaper_eb569707cf5621d4c71d5898216cdb17_1_p1_c6,newspaper_eb569707cf5621d4c71d5898216cdb17_1_p1_c9,newspaper_2c69e142b52dbb30cac2cb11d3eb25e5_1_p1_c10",1,True,1.0
沼气发展如何实现产业化和社会化服务？,1,newspaper_eb569707cf5621d4c71d5898216cdb17_1_p1_c9,newspaper_eb569707cf5621d4c71d5898216cdb17_1_p1_c9,1,True,1.0
沼气发展如何实现产业化和社会化服务？,3,newspaper_eb569707cf5621d4c71d5898216cdb17_1_p1_c9,"newspaper_eb569707cf5621d4c71d5898216cdb17_1_p1_c9,newspaper_eb569707cf5621d4c71d5898216cdb17_1_p1_c7,newspaper_eb569707cf5621d4c71d5898216cdb17_1_p1_c8",1,True,1.0
沼气发展如何实现产业化和社会化服务？,5,newspaper_eb569707cf5621d4c71d5898216cdb17_1_p1_c9,"newspaper_eb569707cf5621d4c71d5898216cdb17_1_p1_c9,newspaper_eb569707cf5621d4c71d5898216cdb17_1_p1_c7,newspaper_eb569707cf5621d4c71d5898216cdb17_1_p1_c8,newspaper_eb569707cf5621d4c71d5898216cdb17_1_p1_c6,newspaper_2c69e142b52dbb30cac2cb11d3eb25e5_1_p1_c9",1,True,1.0
现代农业产业基地建设的下一步目标是什么？,1,newspaper_eb569707cf5621d4c71d5898216cdb17_1_p1_c10,newspaper_eb569707cf5621d4c71d5898216cdb17_1_p1_c10,1,True,1.0
现代农业产业基地建设的下一步目标是什么？,3,newspaper_eb569707cf5621d4c71d5898216cdb17_1_p1_c10,"newspaper_eb569707cf5621d4c71d5898216cdb17_1_p1_c10,newspaper_eb569707cf5621d4c71d5898216cdb17_1_p1_c9,newspaper_eb569707cf5621d4c71d5898216cdb17_1_p1_c11",1,True,1.0
现代农业产业基地建设的下一步目标是什么？,5,newspaper_eb569707cf5621d4c71d5898216cdb17_1_p1_c10,"newspaper_eb569707cf5621d4c71d5898216cdb17_1_p1_c10,newspaper_eb569707cf5621d4c71d5898216cdb17_1_p1_c9,newspaper_eb569707cf5621d4c71d5898216cdb17_1_p1_c11,newspaper_fe2c8b45b2a086cd75984640bb3080e1_1_p1_c9,newspaper_35bdaa11dec104ccbdc9e19ac8527d21_1_p1_c5",1,True,1.0
钟勉强调农业基础设施建设要落脚步到什么上？,1,newspaper_eb569707cf5621d4c71d5898216cdb17_1_p1_c11,newspaper_eb569707cf5621d4c71d5898216cdb17_1_p1_c11,1,True,1.0
钟勉强调农业基础设施建设要落脚步到什么上？,3,newspaper_eb569707cf5621d4c71d5898216cdb17_1_p1_c11,"newspaper_eb569707cf5621d4c71d5898216cdb17_1_p1_c11,newspaper_eb569707cf5621d4c71d5898216cdb17_1_p1_c10,newspaper_eb569707cf5621d4c71d5898216cdb17_1_p1_c9",1,True,1.0
钟勉强调农业基础设施建设要落脚步到什么上？,5,newspaper_eb569707cf5621d4c71d5898216cdb17_1_p1_c11,"newspaper_eb569707cf5621d4c71d5898216cdb17_1_p1_c11,newspaper_eb569707cf5621d4c71d5898216cdb17_1_p1_c10,newspaper_eb569707cf5621d4c71d5898216cdb17_1_p1_c9,newspaper_2c69e142b52dbb30cac2cb11d3eb25e5_1_p1_c9,newspaper_2c69e142b52dbb30cac2cb11d3eb25e5_1_p1_c4",1,True,1.0
全面模型总表的表格标题是什么？,1,docstructbench_dianzishu_zhongwenzaixian-o.O-61523162.pdf_276_p276_c0,docstructbench_dianzishu_zhongwenzaixian-o.O-61523162.pdf_276_p276_c0,1,True,1.0
全面模型总表的表格标题是什么？,3,docstructbench_dianzishu_zhongwenzaixian-o.O-61523162.pdf_276_p276_c0,"docstructbench_dianzishu_zhongwenzaixian-o.O-61523162.pdf_276_p276_c0,book_en_[搬书匠#893][Pyomo—Optimization Modeling in Python].2012.英文版_page_188_p188_c0,jiaocaineedrop_jiaocai_needrop_en_1836_p1836_c1",1,True,1.0
全面模型总表的表格标题是什么？,5,docstructbench_dianzishu_zhongwenzaixian-o.O-61523162.pdf_276_p276_c0,"docstructbench_dianzishu_zhongwenzaixian-o.O-61523162.pdf_276_p276_c0,book_en_[搬书匠#893][Pyomo—Optimization Modeling in Python].2012.英文版_page_188_p188_c0,jiaocaineedrop_jiaocai_needrop_en_1836_p1836_c1,docstructbench_dianzishu_zhongwenzaixian-o.O-60403612.pdf_179_p179_c0,yanbaopptmerge_2f4902871606698497c53ccb18d3fec2f83d05047d883cd65bbce26bfb27bcd2.pdf_1_p1_c0",1,True,1.0
分系统6包含哪些子系统？,1,docstructbench_dianzishu_zhongwenzaixian-o.O-61523162.pdf_276_p276_c1,docstructbench_dianzishu_zhongwenzaixian-o.O-61523162.pdf_276_p276_c2,0,False,0.0
分系统6包含哪些子系统？,3,docstructbench_dianzishu_zhongwenzaixian-o.O-61523162.pdf_276_p276_c1,"docstructbench_dianzishu_zhongwenzaixian-o.O-61523162.pdf_276_p276_c2,docstructbench_dianzishu_zhongwenzaixian-o.O-61523162.pdf_276_p276_c1,docstructbench_dianzishu_zhongwenzaixian-o.O-61523162.pdf_276_p276_c0",2,True,1.0
分系统6包含哪些子系统？,5,docstructbench_dianzishu_zhongwenzaixian-o.O-61523162.pdf_276_p276_c1,"docstructbench_dianzishu_zhongwenzaixian-o.O-61523162.pdf_276_p276_c2,docstructbench_dianzishu_zhongwenzaixian-o.O-61523162.pdf_276_p276_c1,docstructbench_dianzishu_zhongwenzaixian-o.O-61523162.pdf_276_p276_c0,docstructbench_dianzishu_zhongwenzaixian-o.O-61523162.pdf_276_p276_c3,jiaocaineedrop_96657786.pdf_0_p0_c5",2,True,1.0
分系统9包含哪些子系统？,1,docstructbench_dianzishu_zhongwenzaixian-o.O-61523162.pdf_276_p276_c2,docstructbench_dianzishu_zhongwenzaixian-o.O-61523162.pdf_276_p276_c2,1,True,1.0
分系统9包含哪些子系统？,3,docstructbench_dianzishu_zhongwenzaixian-o.O-61523162.pdf_276_p276_c2,"docstructbench_dianzishu_zhongwenzaixian-o.O-61523162.pdf_276_p276_c2,docstructbench_dianzishu_zhongwenzaixian-o.O-61523162.pdf_276_p276_c3,docstructbench_dianzishu_zhongwenzaixian-o.O-61523162.pdf_276_p276_c0",1,True,1.0
分系统9包含哪些子系统？,5,docstructbench_dianzishu_zhongwenzaixian-o.O-61523162.pdf_276_p276_c2,"docstructbench_dianzishu_zhongwenzaixian-o.O-61523162.pdf_276_p276_c2,docstructbench_dianzishu_zhongwenzaixian-o.O-61523162.pdf_276_p276_c3,docstructbench_dianzishu_zhongwenzaixian-o.O-61523162.pdf_276_p276_c0,docstructbench_dianzishu_zhongwenzaixian-o.O-61523162.pdf_276_p276_c1,notes_9e951846094758afac08c620144e3a76_17_p17_c0",1,True,1.0
What is the first sub-system listed in the table?,1,docstructbench_dianzishu_zhongwenzaixian-o.O-61523162.pdf_276_p276_c3,docstructbench_dianzishu_zhongwenzaixian-o.O-61523162.pdf_276_p276_c0,0,False,0.0
What is the first sub-system listed in the table?,3,docstructbench_dianzishu_zhongwenzaixian-o.O-61523162.pdf_276_p276_c3,"docstructbench_dianzishu_zhongwenzaixian-o.O-61523162.pdf_276_p276_c0,docstructbench_dianzishu_zhongwenzaixian-o.O-61523162.pdf_276_p276_c1,docstructbench_dianzishu_zhongwenzaixian-o.O-61523162.pdf_276_p276_c2",0,False,0.0
What is the first sub-system listed in the table?,5,docstructbench_dianzishu_zhongwenzaixian-o.O-61523162.pdf_276_p276_c3,"docstructbench_dianzishu_zhongwenzaixian-o.O-61523162.pdf_276_p276_c0,docstructbench_dianzishu_zhongwenzaixian-o.O-61523162.pdf_276_p276_c1,docstructbench_dianzishu_zhongwenzaixian-o.O-61523162.pdf_276_p276_c2,docstructbench_dianzishu_zhongwenzaixian-o.O-61523162.pdf_276_p276_c3,scihub_bloodadvances.2019030924.pdf_3_p3_c0",4,True,1.0
What is the value of $ F_1 $ in the Fibonacci sequence as defined in the text?,1,exam_paper_en-file-putnam-archive_2012_Solutions_2012s_page_001_p1_c0,exam_paper_en-file-putnam-archive_1996_Solutions_1996s_page_002_p2_c8,0,False,0.0
What is the value of $ F_1 $ in the Fibonacci sequence as defined in the text?,3,exam_paper_en-file-putnam-archive_2012_Solutions_2012s_page_001_p1_c0,"exam_paper_en-file-putnam-archive_1996_Solutions_1996s_page_002_p2_c8,exam_paper_en-file-putnam-archive_2012_Solutions_2012s_page_001_p1_c1,exam_paper_en-file-putnam-archive_2012_Solutions_2012s_page_001_p1_c0",3,True,1.0
What is the value of $ F_1 $ in the Fibonacci sequence as defined in the text?,5,exam_paper_en-file-putnam-archive_2012_Solutions_2012s_page_001_p1_c0,"exam_paper_en-file-putnam-archive_1996_Solutions_1996s_page_002_p2_c8,exam_paper_en-file-putnam-archive_2012_Solutions_2012s_page_001_p1_c1,exam_paper_en-file-putnam-archive_2012_Solutions_2012s_page_001_p1_c0,exam_paper_en-file-putnam-archive_1996_Solutions_1996s_page_002_p2_c7,docstructbench_llm-raw-scihub-o.O-j.chroma.2005.03.134.pdf_6_p6_c3",3,True,1.0
What is the value of $ d_{12}^2 $ according to the document fragment?,1,exam_paper_en-file-putnam-archive_2012_Solutions_2012s_page_001_p1_c1,exam_paper_en-file-putnam-archive_2012_Solutions_2012s_page_001_p1_c1,1,True,1.0
What is the value of $ d_{12}^2 $ according to the document fragment?,3,exam_paper_en-file-putnam-archive_2012_Solutions_2012s_page_001_p1_c1,"exam_paper_en-file-putnam-archive_2012_Solutions_2012s_page_001_p1_c1,exam_paper_en-file-putnam-archive_2012_Solutions_2012s_page_001_p1_c0,eastmoney_e42b6e1cd2d48113ff4db8854e539d828d632bf9b1757e10cb8ddb2cfc7b1393.pdf_12_p12_c1",1,True,1.0
What is the value of $ d_{12}^2 $ according to the document fragment?,5,exam_paper_en-file-putnam-archive_2012_Solutions_2012s_page_001_p1_c1,"exam_paper_en-file-putnam-archive_2012_Solutions_2012s_page_001_p1_c1,exam_paper_en-file-putnam-archive_2012_Solutions_2012s_page_001_p1_c0,eastmoney_e42b6e1cd2d48113ff4db8854e539d828d632bf9b1757e10cb8ddb2cfc7b1393.pdf_12_p12_c1,docstructbench_llm-raw-scihub-o.O-j.chroma.2005.03.134.pdf_6_p6_c4,book_en_国外数学教材-数论-Melvyn B. Nathanson—Elementary Methods in Number Theory_0451_p451_c1",1,True,1.0
What is the formula for $ g(x) $ as defined in the text?,1,exam_paper_en-file-putnam-archive_2012_Solutions_2012s_page_001_p1_c2,exam_paper_en-file-putnam-archive_2011_Solutions_2011s_page_002_p2_c0,0,False,0.0
What is the formula for $ g(x) $ as defined in the text?,3,exam_paper_en-file-putnam-archive_2012_Solutions_2012s_page_001_p1_c2,"exam_paper_en-file-putnam-archive_2011_Solutions_2011s_page_002_p2_c0,exam_paper_en-file-putnam-archive_2012_Solutions_2012s_page_001_p1_c2,exam_paper_en-file-putnam-archive_2011_Solutions_2011s_page_002_p2_c2",2,True,1.0
What is the formula for $ g(x) $ as defined in the text?,5,exam_paper_en-file-putnam-archive_2012_Solutions_2012s_page_001_p1_c2,"exam_paper_en-file-putnam-archive_2011_Solutions_2011s_page_002_p2_c0,exam_paper_en-file-putnam-archive_2012_Solutions_2012s_page_001_p1_c2,exam_paper_en-file-putnam-archive_2011_Solutions_2011s_page_002_p2_c2,exam_paper_en-file-putnam-archive_2011_Solutions_2011s_page_002_p2_c1,exam_paper_en-file-putnam-archive_2012_Solutions_2012s_page_001_p1_c3",2,True,1.0
What is the limit of $ a_n $ as $ n $ approaches infinity?,1,exam_paper_en-file-putnam-archive_2012_Solutions_2012s_page_001_p1_c3,exam_paper_en-file-putnam-archive_2012_Solutions_2012s_page_001_p1_c3,1,True,1.0
What is the limit of $ a_n $ as $ n $ approaches infinity?,3,exam_paper_en-file-putnam-archive_2012_Solutions_2012s_page_001_p1_c3,"exam_paper_en-file-putnam-archive_2012_Solutions_2012s_page_001_p1_c3,exam_paper_en-file-putnam-archive_2006_Solutions_2006s_page_006_p6_c7,exam_paper_en-file-putnam-archive_2006_Solutions_2006s_page_006_p6_c6",1,True,1.0
What is the limit of $ a_n $ as $ n $ approaches infinity?,5,exam_paper_en-file-putnam-archive_2012_Solutions_2012s_page_001_p1_c3,"exam_paper_en-file-putnam-archive_2012_Solutions_2012s_page_001_p1_c3,exam_paper_en-file-putnam-archive_2006_Solutions_2006s_page_006_p6_c7,exam_paper_en-file-putnam-archive_2006_Solutions_2006s_page_006_p6_c6,exam_paper_en-file-putnam-archive_2006_Solutions_2006s_page_006_p6_c8,exam_paper_en-file-putnam-archive_1995_Solutions_1995s_page_002_p2_c0",1,True,1.0
What is the condition for the set S in the lemma?,1,exam_paper_en-file-putnam-archive_2012_Solutions_2012s_page_001_p1_c4,exam_paper_en-file-putnam-archive_2012_Solutions_2012s_page_001_p1_c7,0,False,0.0
What is the condition for the set S in the lemma?,3,exam_paper_en-file-putnam-archive_2012_Solutions_2012s_page_001_p1_c4,"exam_paper_en-file-putnam-archive_2012_Solutions_2012s_page_001_p1_c7,exam_paper_en-file-putnam-archive_2012_Solutions_2012s_page_001_p1_c3,exam_paper_en-file-putnam-archive_2012_Solutions_2012s_page_001_p1_c6",0,False,0.0
What is the condition for the set S in the lemma?,5,exam_paper_en-file-putnam-archive_2012_Solutions_2012s_page_001_p1_c4,"exam_paper_en-file-putnam-archive_2012_Solutions_2012s_page_001_p1_c7,exam_paper_en-file-putnam-archive_2012_Solutions_2012s_page_001_p1_c3,exam_paper_en-file-putnam-archive_2012_Solutions_2012s_page_001_p1_c6,exam_paper_en-file-putnam-archive_2012_Solutions_2012s_page_001_p1_c4,exam_paper_en-file-putnam-archive_2009_Solutions_2009s_page_003_p3_c5",4,True,1.0
"What is the condition for the elements $b_{1},b_{2},b_{3}$ to be distinct?",1,exam_paper_en-file-putnam-archive_2012_Solutions_2012s_page_001_p1_c5,exam_paper_en-file-putnam-archive_2012_Solutions_2012s_page_001_p1_c6,0,False,0.0
"What is the condition for the elements $b_{1},b_{2},b_{3}$ to be distinct?",3,exam_paper_en-file-putnam-archive_2012_Solutions_2012s_page_001_p1_c5,"exam_paper_en-file-putnam-archive_2012_Solutions_2012s_page_001_p1_c6,exam_paper_en-file-putnam-archive_2012_Solutions_2012s_page_001_p1_c5,book_en_国外数学教材-非数学专业教材-线性代数-Gilbert Strang—Linear Algebra and Its Applications 4e_0035_p35_c0",2,True,1.0
"What is the condition for the elements $b_{1},b_{2},b_{3}$ to be distinct?",5,exam_paper_en-file-putnam-archive_2012_Solutions_2012s_page_001_p1_c5,"exam_paper_en-file-putnam-archive_2012_Solutions_2012s_page_001_p1_c6,exam_paper_en-file-putnam-archive_2012_Solutions_2012s_page_001_p1_c5,book_en_国外数学教材-非数学专业教材-线性代数-Gilbert Strang—Linear Algebra and Its Applications 4e_0035_p35_c0,exam_paper_en-file-putnam-archive_1995_Solutions_1995s_page_002_p2_c1,exam_paper_en-file-putnam-archive_1995_Solutions_1995s_page_002_p2_c3",2,True,1.0
What is the formula for $ a_{4} $ in terms of other variables?,1,exam_paper_en-file-putnam-archive_2012_Solutions_2012s_page_001_p1_c6,exam_paper_en-file-putnam-archive_2012_Solutions_2012s_page_001_p1_c7,0,False,0.0
What is the formula for $ a_{4} $ in terms of other variables?,3,exam_paper_en-file-putnam-archive_2012_Solutions_2012s_page_001_p1_c6,"exam_paper_en-file-putnam-archive_2012_Solutions_2012s_page_001_p1_c7,exam_paper_en-file-putnam-archive_2012_Solutions_2012s_page_001_p1_c3,exam_paper_en-file-putnam-archive_2006_Solutions_2006s_page_006_p6_c5",0,False,0.0
What is the formula for $ a_{4} $ in terms of other variables?,5,exam_paper_en-file-putnam-archive_2012_Solutions_2012s_page_001_p1_c6,"exam_paper_en-file-putnam-archive_2012_Solutions_2012s_page_001_p1_c7,exam_paper_en-file-putnam-archive_2012_Solutions_2012s_page_001_p1_c3,exam_paper_en-file-putnam-archive_2006_Solutions_2006s_page_006_p6_c5,exam_paper_en-file-putnam-archive_1999_Solutions_1999s_page_002_p2_c0,book_en_国外数学教材-非数学专业教材-线性代数-Gilbert Strang—Linear Algebra and Its Applications 4e_0035_p35_c2",0,False,0.0
What is the condition for $ a_{4} $ to belong to S?,1,exam_paper_en-file-putnam-archive_2012_Solutions_2012s_page_001_p1_c7,exam_paper_en-file-putnam-archive_2012_Solutions_2012s_page_001_p1_c6,0,False,0.0
What is the condition for $ a_{4} $ to belong to S?,3,exam_paper_en-file-putnam-archive_2012_Solutions_2012s_page_001_p1_c7,"exam_paper_en-file-putnam-archive_2012_Solutions_2012s_page_001_p1_c6,exam_paper_en-file-putnam-archive_2012_Solutions_2012s_page_001_p1_c7,exam_paper_en-file-putnam-archive_2012_Solutions_2012s_page_001_p1_c3",2,True,1.0
What is the condition for $ a_{4} $ to belong to S?,5,exam_paper_en-file-putnam-archive_2012_Solutions_2012s_page_001_p1_c7,"exam_paper_en-file-putnam-archive_2012_Solutions_2012s_page_001_p1_c6,exam_paper_en-file-putnam-archive_2012_Solutions_2012s_page_001_p1_c7,exam_paper_en-file-putnam-archive_2012_Solutions_2012s_page_001_p1_c3,exam_paper_en-file-putnam-archive_2012_Solutions_2012s_page_001_p1_c4,jiaocaineedrop_jiaocai_needrop_en_1564_p1564_c3",2,True,1.0
What is the value of q in the given example?,1,exam_paper_en-file-putnam-archive_2012_Solutions_2012s_page_001_p1_c8,exam_paper_en-file-putnam-archive_2012_Solutions_2012s_page_001_p1_c8,1,True,1.0
What is the value of q in the given example?,3,exam_paper_en-file-putnam-archive_2012_Solutions_2012s_page_001_p1_c8,"exam_paper_en-file-putnam-archive_2012_Solutions_2012s_page_001_p1_c8,exam_paper_en-file-putnam-archive_1999_Solutions_1999s_page_002_p2_c4,book_en_国外数学教材-非数学专业教材-线性代数-Gilbert Strang—Linear Algebra and Its Applications 4e_0242_p242_c1",1,True,1.0
What is the value of q in the given example?,5,exam_paper_en-file-putnam-archive_2012_Solutions_2012s_page_001_p1_c8,"exam_paper_en-file-putnam-archive_2012_Solutions_2012s_page_001_p1_c8,exam_paper_en-file-putnam-archive_1999_Solutions_1999s_page_002_p2_c4,book_en_国外数学教材-非数学专业教材-线性代数-Gilbert Strang—Linear Algebra and Its Applications 4e_0242_p242_c1,book_en_国外数学教材-数论-Melvyn B. Nathanson—Elementary Methods in Number Theory_0119_p119_c0,jiaocaineedrop_jiaocai_needrop_en_1564_p1564_c3",1,True,1.0
What is the value of k when p = 6r + 1?,1,exam_paper_en-file-putnam-archive_1996_Solutions_1996s_page_002_p2_c1,exam_paper_en-file-putnam-archive_1996_Solutions_1996s_page_002_p2_c2,0,False,0.0
What is the value of k when p = 6r + 1?,3,exam_paper_en-file-putnam-archive_1996_Solutions_1996s_page_002_p2_c1,"exam_paper_en-file-putnam-archive_1996_Solutions_1996s_page_002_p2_c2,exam_paper_en-file-putnam-archive_1996_Solutions_1996s_page_002_p2_c1,exam_paper_en-file-putnam-archive_1996_Solutions_1996s_page_002_p2_c3",2,True,1.0
What is the value of k when p = 6r + 1?,5,exam_paper_en-file-putnam-archive_1996_Solutions_1996s_page_002_p2_c1,"exam_paper_en-file-putnam-archive_1996_Solutions_1996s_page_002_p2_c2,exam_paper_en-file-putnam-archive_1996_Solutions_1996s_page_002_p2_c1,exam_paper_en-file-putnam-archive_1996_Solutions_1996s_page_002_p2_c3,jiaocaineedrop_jiaocai_needrop_en_1564_p1564_c3,docstructbench_dianzishu_zhongwenzaixian-o.O-60403612.pdf_179_p179_c0",2,True,1.0
What is the limit $L$ of the sequence $\{x_n\}$?,1,exam_paper_en-file-putnam-archive_1996_Solutions_1996s_page_002_p2_c4,exam_paper_en-file-putnam-archive_1996_Solutions_1996s_page_002_p2_c4,1,True,1.0
What is the limit $L$ of the sequence $\{x_n\}$?,3,exam_paper_en-file-putnam-archive_1996_Solutions_1996s_page_002_p2_c4,"exam_paper_en-file-putnam-archive_1996_Solutions_1996s_page_002_p2_c4,exam_paper_en-file-putnam-archive_1995_Solutions_1995s_page_002_p2_c4,exam_paper_en-file-putnam-archive_1995_Solutions_1995s_page_002_p2_c3",1,True,1.0
What is the limit $L$ of the sequence $\{x_n\}$?,5,exam_paper_en-file-putnam-archive_1996_Solutions_1996s_page_002_p2_c4,"exam_paper_en-file-putnam-archive_1996_Solutions_1996s_page_002_p2_c4,exam_paper_en-file-putnam-archive_1995_Solutions_1995s_page_002_p2_c4,exam_paper_en-file-putnam-archive_1995_Solutions_1995s_page_002_p2_c3,exam_paper_en-file-putnam-archive_1996_Solutions_1996s_page_002_p2_c6,exam_paper_en-file-putnam-archive_2006_Solutions_2006s_page_006_p6_c7",1,True,1.0
What happens to the sequence $ x_n $ when $ x_0 = 0 $ and $ c > 1/4 $?,1,exam_paper_en-file-putnam-archive_1996_Solutions_1996s_page_002_p2_c5,exam_paper_en-file-putnam-archive_1996_Solutions_1996s_page_002_p2_c5,1,True,1.0
What happens to the sequence $ x_n $ when $ x_0 = 0 $ and $ c > 1/4 $?,3,exam_paper_en-file-putnam-archive_1996_Solutions_1996s_page_002_p2_c5,"exam_paper_en-file-putnam-archive_1996_Solutions_1996s_page_002_p2_c5,exam_paper_en-file-putnam-archive_1996_Solutions_1996s_page_002_p2_c6,exam_paper_en-file-putnam-archive_1996_Solutions_1996s_page_002_p2_c3",1,True,1.0
What happens to the sequence $ x_n $ when $ x_0 = 0 $ and $ c > 1/4 $?,5,exam_paper_en-file-putnam-archive_1996_Solutions_1996s_page_002_p2_c5,"exam_paper_en-file-putnam-archive_1996_Solutions_1996s_page_002_p2_c5,exam_paper_en-file-putnam-archive_1996_Solutions_1996s_page_002_p2_c6,exam_paper_en-file-putnam-archive_1996_Solutions_1996s_page_002_p2_c3,exam_paper_en-file-putnam-archive_1996_Solutions_1996s_page_002_p2_c4,exam_paper_en-file-putnam-archive_2009_Solutions_2009s_page_003_p3_c0",1,True,1.0
What is the definition of $ f_n $ in the context of minimal selfish subsets of [n]?,1,exam_paper_en-file-putnam-archive_1996_Solutions_1996s_page_002_p2_c6,exam_paper_en-file-putnam-archive_1996_Solutions_1996s_page_002_p2_c7,0,False,0.0
What is the definition of $ f_n $ in the context of minimal selfish subsets of [n]?,3,exam_paper_en-file-putnam-archive_1996_Solutions_1996s_page_002_p2_c6,"exam_paper_en-file-putnam-archive_1996_Solutions_1996s_page_002_p2_c7,exam_paper_en-file-putnam-archive_1996_Solutions_1996s_page_002_p2_c8,exam_paper_en-file-putnam-archive_1996_Solutions_1996s_page_002_p2_c6",3,True,1.0
What is the definition of $ f_n $ in the context of minimal selfish subsets of [n]?,5,exam_paper_en-file-putnam-archive_1996_Solutions_1996s_page_002_p2_c6,"exam_paper_en-file-putnam-archive_1996_Solutions_1996s_page_002_p2_c7,exam_paper_en-file-putnam-archive_1996_Solutions_1996s_page_002_p2_c8,exam_paper_en-file-putnam-archive_1996_Solutions_1996s_page_002_p2_c6,exam_paper_en-file-putnam-archive_2007_Solutions_2007s_page_005_p5_c0,exam_paper_en-file-putnam-archive_1996_Solutions_1996s_page_002_p2_c4",3,True,1.0
What is the recurrence relation for the number of minimal selfish subsets of [n]?,1,exam_paper_en-file-putnam-archive_1996_Solutions_1996s_page_002_p2_c7,exam_paper_en-file-putnam-archive_1996_Solutions_1996s_page_002_p2_c7,1,True,1.0
What is the recurrence relation for the number of minimal selfish subsets of [n]?,3,exam_paper_en-file-putnam-archive_1996_Solutions_1996s_page_002_p2_c7,"exam_paper_en-file-putnam-archive_1996_Solutions_1996s_page_002_p2_c7,exam_paper_en-file-putnam-archive_1996_Solutions_1996s_page_002_p2_c8,exam_paper_en-file-putnam-archive_1996_Solutions_1996s_page_002_p2_c6",1,True,1.0
What is the recurrence relation for the number of minimal selfish subsets of [n]?,5,exam_paper_en-file-putnam-archive_1996_Solutions_1996s_page_002_p2_c7,"exam_paper_en-file-putnam-archive_1996_Solutions_1996s_page_002_p2_c7,exam_paper_en-file-putnam-archive_1996_Solutions_1996s_page_002_p2_c8,exam_paper_en-file-putnam-archive_1996_Solutions_1996s_page_002_p2_c6,exam_paper_en-file-putnam-archive_2009_Solutions_2009s_page_003_p3_c2,exam_paper_en-file-putnam-archive_2009_Solutions_2009s_page_003_p3_c5",1,True,1.0
What is the value of f_1 and f_2 according to the document fragment?,1,exam_paper_en-file-putnam-archive_1996_Solutions_1996s_page_002_p2_c8,exam_paper_en-file-putnam-archive_1996_Solutions_1996s_page_002_p2_c7,0,False,0.0
What is the value of f_1 and f_2 according to the document fragment?,3,exam_paper_en-file-putnam-archive_1996_Solutions_1996s_page_002_p2_c8,"exam_paper_en-file-putnam-archive_1996_Solutions_1996s_page_002_p2_c7,exam_paper_en-file-putnam-archive_2012_Solutions_2012s_page_001_p1_c1,exam_paper_en-file-putnam-archive_1996_Solutions_1996s_page_002_p2_c8",3,True,1.0
What is the value of f_1 and f_2 according to the document fragment?,5,exam_paper_en-file-putnam-archive_1996_Solutions_1996s_page_002_p2_c8,"exam_paper_en-file-putnam-archive_1996_Solutions_1996s_page_002_p2_c7,exam_paper_en-file-putnam-archive_2012_Solutions_2012s_page_001_p1_c1,exam_paper_en-file-putnam-archive_1996_Solutions_1996s_page_002_p2_c8,scihub_ijcac.2012040101.pdf_5_p5_c6,exam_paper_en-file-putnam-archive_2006_Solutions_2006s_page_006_p6_c5",3,True,1.0
"What is the formula for $ \frac{a}{b} $ in terms of $ q_{0} $ and the sequence $ \langle q_{1},\cdots,q_{n}\rangle $?",1,book_en_国外数学教材-数论-Melvyn B. Nathanson—Elementary Methods in Number Theory_0035_p35_c1,book_en_国外数学教材-数论-Melvyn B. Nathanson—Elementary Methods in Number Theory_0035_p35_c0,0,False,0.0
"What is the formula for $ \frac{a}{b} $ in terms of $ q_{0} $ and the sequence $ \langle q_{1},\cdots,q_{n}\rangle $?",3,book_en_国外数学教材-数论-Melvyn B. Nathanson—Elementary Methods in Number Theory_0035_p35_c1,"book_en_国外数学教材-数论-Melvyn B. Nathanson—Elementary Methods in Number Theory_0035_p35_c0,book_en_国外数学教材-数论-Melvyn B. Nathanson—Elementary Methods in Number Theory_0035_p35_c1,book_en_国外数学教材-数论-Melvyn B. Nathanson—Elementary Methods in Number Theory_0035_p35_c2",2,True,1.0
"What is the formula for $ \frac{a}{b} $ in terms of $ q_{0} $ and the sequence $ \langle q_{1},\cdots,q_{n}\rangle $?",5,book_en_国外数学教材-数论-Melvyn B. Nathanson—Elementary Methods in Number Theory_0035_p35_c1,"book_en_国外数学教材-数论-Melvyn B. Nathanson—Elementary Methods in Number Theory_0035_p35_c0,book_en_国外数学教材-数论-Melvyn B. Nathanson—Elementary Methods in Number Theory_0035_p35_c1,book_en_国外数学教材-数论-Melvyn B. Nathanson—Elementary Methods in Number Theory_0035_p35_c2,jiaocaineedrop_jiaocai_needrop_en_1564_p1564_c3,jiaocaineedrop_96657786.pdf_0_p0_c1",2,True,1.0
What is the formula for the continued fraction representation of a/b?,1,book_en_国外数学教材-数论-Melvyn B. Nathanson—Elementary Methods in Number Theory_0035_p35_c2,book_en_国外数学教材-数论-Melvyn B. Nathanson—Elementary Methods in Number Theory_0035_p35_c0,0,False,0.0
What is the formula for the continued fraction representation of a/b?,3,book_en_国外数学教材-数论-Melvyn B. Nathanson—Elementary Methods in Number Theory_0035_p35_c2,"book_en_国外数学教材-数论-Melvyn B. Nathanson—Elementary Methods in Number Theory_0035_p35_c0,book_en_国外数学教材-数论-Melvyn B. Nathanson—Elementary Methods in Number Theory_0035_p35_c2,exam_paper_en-file-putnam-archive_1995_Solutions_1995s_page_002_p2_c4",2,True,1.0
What is the formula for the continued fraction representation of a/b?,5,book_en_国外数学教材-数论-Melvyn B. Nathanson—Elementary Methods in Number Theory_0035_p35_c2,"book_en_国外数学教材-数论-Melvyn B. Nathanson—Elementary Methods in Number Theory_0035_p35_c0,book_en_国外数学教材-数论-Melvyn B. Nathanson—Elementary Methods in Number Theory_0035_p35_c2,exam_paper_en-file-putnam-archive_1995_Solutions_1995s_page_002_p2_c4,exam_paper_en-file-putnam-archive_1995_Solutions_1995s_page_002_p2_c3,exam_paper_en-file-putnam-archive_2011_Solutions_2011s_page_002_p2_c0",2,True,1.0
What is the task for problem 2?,1,book_en_国外数学教材-数论-Melvyn B. Nathanson—Elementary Methods in Number Theory_0035_p35_c3,jiaocaineedrop_jiaocai_needrop_en_3937_p3937_c0,0,False,0.0
What is the task for problem 2?,3,book_en_国外数学教材-数论-Melvyn B. Nathanson—Elementary Methods in Number Theory_0035_p35_c3,"jiaocaineedrop_jiaocai_needrop_en_3937_p3937_c0,jiaocaineedrop_jiaocai_needrop_en_1473_p1473_c3,jiaocaineedrop_jiaocai_needrop_en_3738_p3738_c0",0,False,0.0
What is the task for problem 2?,5,book_en_国外数学教材-数论-Melvyn B. Nathanson—Elementary Methods in Number Theory_0035_p35_c3,"jiaocaineedrop_jiaocai_needrop_en_3937_p3937_c0,jiaocaineedrop_jiaocai_needrop_en_1473_p1473_c3,jiaocaineedrop_jiaocai_needrop_en_3738_p3738_c0,yanbaopptmerge_yanbaoPPT_5675_p5675_c0,exam_paper_en-file-putnam-archive_2002_Solutions_2002s_page_001_p1_c5",0,False,0.0
制度史研究中存在什么亟待改进的问题？,1,jiaocaineedrop_jiaocai_needrop_en_377_p377_c0,jiaocaineedrop_jiaocai_needrop_en_377_p377_c0,1,True,1.0
制度史研究中存在什么亟待改进的问题？,3,jiaocaineedrop_jiaocai_needrop_en_377_p377_c0,"jiaocaineedrop_jiaocai_needrop_en_377_p377_c0,jiaocaineedrop_jiaocai_needrop_en_377_p377_c3,jiaocaineedrop_jiaocai_needrop_en_377_p377_c2",1,True,1.0
制度史研究中存在什么亟待改进的问题？,5,jiaocaineedrop_jiaocai_needrop_en_377_p377_c0,"jiaocaineedrop_jiaocai_needrop_en_377_p377_c0,jiaocaineedrop_jiaocai_needrop_en_377_p377_c3,jiaocaineedrop_jiaocai_needrop_en_377_p377_c2,jiaocaineedrop_jiaocai_needrop_en_377_p377_c1,newspaper_2c69e142b52dbb30cac2cb11d3eb25e5_1_p1_c2",1,True,1.0
制度史研究为什么要坚持唯物史观？,1,jiaocaineedrop_jiaocai_needrop_en_377_p377_c1,jiaocaineedrop_jiaocai_needrop_en_377_p377_c1,1,True,1.0
制度史研究为什么要坚持唯物史观？,3,jiaocaineedrop_jiaocai_needrop_en_377_p377_c1,"jiaocaineedrop_jiaocai_needrop_en_377_p377_c1,jiaocaineedrop_jiaocai_needrop_en_377_p377_c0,jiaocaineedrop_jiaocai_needrop_en_377_p377_c2",1,True,1.0
制度史研究为什么要坚持唯物史观？,5,jiaocaineedrop_jiaocai_needrop_en_377_p377_c1,"jiaocaineedrop_jiaocai_needrop_en_377_p377_c1,jiaocaineedrop_jiaocai_needrop_en_377_p377_c0,jiaocaineedrop_jiaocai_needrop_en_377_p377_c2,jiaocaineedrop_jiaocai_needrop_en_377_p377_c3,yanbaopptmerge_yanbaoPPT_825_p825_c0",1,True,1.0
制度史研究需要结合哪些因素进行考察？,1,jiaocaineedrop_jiaocai_needrop_en_377_p377_c2,jiaocaineedrop_jiaocai_needrop_en_377_p377_c2,1,True,1.0
制度史研究需要结合哪些因素进行考察？,3,jiaocaineedrop_jiaocai_needrop_en_377_p377_c2,"jiaocaineedrop_jiaocai_needrop_en_377_p377_c2,jiaocaineedrop_jiaocai_needrop_en_377_p377_c1,jiaocaineedrop_jiaocai_needrop_en_377_p377_c0",1,True,1.0
制度史研究需要结合哪些因素进行考察？,5,jiaocaineedrop_jiaocai_needrop_en_377_p377_c2,"jiaocaineedrop_jiaocai_needrop_en_377_p377_c2,jiaocaineedrop_jiaocai_needrop_en_377_p377_c1,jiaocaineedrop_jiaocai_needrop_en_377_p377_c0,jiaocaineedrop_jiaocai_needrop_en_377_p377_c3,yanbaopptmerge_yanbaoPPT_6170_p6170_c0",1,True,1.0
制度构建与发展受到哪些因素的制约？,1,jiaocaineedrop_jiaocai_needrop_en_377_p377_c3,jiaocaineedrop_jiaocai_needrop_en_377_p377_c2,0,False,0.0
制度构建与发展受到哪些因素的制约？,3,jiaocaineedrop_jiaocai_needrop_en_377_p377_c3,"jiaocaineedrop_jiaocai_needrop_en_377_p377_c2,jiaocaineedrop_jiaocai_needrop_en_377_p377_c1,jiaocaineedrop_jiaocai_needrop_en_377_p377_c3",3,True,1.0
制度构建与发展受到哪些因素的制约？,5,jiaocaineedrop_jiaocai_needrop_en_377_p377_c3,"jiaocaineedrop_jiaocai_needrop_en_377_p377_c2,jiaocaineedrop_jiaocai_needrop_en_377_p377_c1,jiaocaineedrop_jiaocai_needrop_en_377_p377_c3,jiaocaineedrop_jiaocai_needrop_en_377_p377_c0,notes_1ba14cb325bc448f7201b20502ecf2b5_74_p74_c1",3,True,1.0
此次对接任务标志着中国航天的什么能力？,1,jiaocaineedrop_jiaocai_needrop_en_377_p377_c4,jiaocaineedrop_jiaocai_needrop_en_377_p377_c4,1,True,1.0
此次对接任务标志着中国航天的什么能力？,3,jiaocaineedrop_jiaocai_needrop_en_377_p377_c4,"jiaocaineedrop_jiaocai_needrop_en_377_p377_c4,jiaocaineedrop_jiaocai_needrop_en_377_p377_c5,jiaocaineedrop_jiaocai_needrop_en_377_p377_c6",1,True,1.0
此次对接任务标志着中国航天的什么能力？,5,jiaocaineedrop_jiaocai_needrop_en_377_p377_c4,"jiaocaineedrop_jiaocai_needrop_en_377_p377_c4,jiaocaineedrop_jiaocai_needrop_en_377_p377_c5,jiaocaineedrop_jiaocai_needrop_en_377_p377_c6,jiaocaineedrop_jiaocai_needrop_en_377_p377_c3,jiaocaineedrop_jiaocai_needrop_en_377_p377_c8",1,True,1.0
神舟十二号航天员的自信微笑说明了什么？,1,jiaocaineedrop_jiaocai_needrop_en_377_p377_c5,jiaocaineedrop_jiaocai_needrop_en_377_p377_c5,1,True,1.0
神舟十二号航天员的自信微笑说明了什么？,3,jiaocaineedrop_jiaocai_needrop_en_377_p377_c5,"jiaocaineedrop_jiaocai_needrop_en_377_p377_c5,jiaocaineedrop_jiaocai_needrop_en_377_p377_c4,jiaocaineedrop_jiaocai_needrop_en_377_p377_c6",1,True,1.0
神舟十二号航天员的自信微笑说明了什么？,5,jiaocaineedrop_jiaocai_needrop_en_377_p377_c5,"jiaocaineedrop_jiaocai_needrop_en_377_p377_c5,jiaocaineedrop_jiaocai_needrop_en_377_p377_c4,jiaocaineedrop_jiaocai_needrop_en_377_p377_c6,jiaocaineedrop_jiaocai_needrop_en_377_p377_c3,jiaocaineedrop_jiaocai_needrop_en_1118_p1118_c1",1,True,1.0
冯帆为什么决定跳入海中？,1,jiaocaineedrop_jiaocai_needrop_en_377_p377_c6,jiaocaineedrop_jiaocai_needrop_en_377_p377_c6,1,True,1.0
冯帆为什么决定跳入海中？,3,jiaocaineedrop_jiaocai_needrop_en_377_p377_c6,"jiaocaineedrop_jiaocai_needrop_en_377_p377_c6,jiaocaineedrop_jiaocai_needrop_en_377_p377_c8,jiaocaineedrop_jiaocai_needrop_en_377_p377_c7",1,True,1.0
冯帆为什么决定跳入海中？,5,jiaocaineedrop_jiaocai_needrop_en_377_p377_c6,"jiaocaineedrop_jiaocai_needrop_en_377_p377_c6,jiaocaineedrop_jiaocai_needrop_en_377_p377_c8,jiaocaineedrop_jiaocai_needrop_en_377_p377_c7,jiaocaineedrop_jiaocai_needrop_en_1836_p1836_c2,color_textbook_zhonggaokao_小学_KET听说读写逐项突破_KET听说读写逐项突破之轻松搞定KET写作25分 【10讲 褚连一】_第10讲第十课写作Part9小作文练习_第十课写作Part9小作文练习_page_010_p10_c1",1,True,1.0
冯帆为什么觉得蓝水号犯了一个致命的错误？,1,jiaocaineedrop_jiaocai_needrop_en_377_p377_c7,jiaocaineedrop_jiaocai_needrop_en_377_p377_c8,0,False,0.0
冯帆为什么觉得蓝水号犯了一个致命的错误？,3,jiaocaineedrop_jiaocai_needrop_en_377_p377_c7,"jiaocaineedrop_jiaocai_needrop_en_377_p377_c8,jiaocaineedrop_jiaocai_needrop_en_377_p377_c6,jiaocaineedrop_jiaocai_needrop_en_377_p377_c7",3,True,1.0
冯帆为什么觉得蓝水号犯了一个致命的错误？,5,jiaocaineedrop_jiaocai_needrop_en_377_p377_c7,"jiaocaineedrop_jiaocai_needrop_en_377_p377_c8,jiaocaineedrop_jiaocai_needrop_en_377_p377_c6,jiaocaineedrop_jiaocai_needrop_en_377_p377_c7,jiaocaineedrop_jiaocai_needrop_en_377_p377_c4,jiaocaineedrop_jiaocai_needrop_en_377_p377_c5",3,True,1.0
冯帆是如何被送上半空的？,1,jiaocaineedrop_jiaocai_needrop_en_377_p377_c8,jiaocaineedrop_jiaocai_needrop_en_377_p377_c8,1,True,1.0
冯帆是如何被送上半空的？,3,jiaocaineedrop_jiaocai_needrop_en_377_p377_c8,"jiaocaineedrop_jiaocai_needrop_en_377_p377_c8,jiaocaineedrop_jiaocai_needrop_en_377_p377_c7,jiaocaineedrop_jiaocai_needrop_en_377_p377_c6",1,True,1.0
冯帆是如何被送上半空的？,5,jiaocaineedrop_jiaocai_needrop_en_377_p377_c8,"jiaocaineedrop_jiaocai_needrop_en_377_p377_c8,jiaocaineedrop_jiaocai_needrop_en_377_p377_c7,jiaocaineedrop_jiaocai_needrop_en_377_p377_c6,jiaocaineedrop_jiaocai_needrop_en_377_p377_c4,yanbaopptmerge_yanbaoPPT_4975_p4975_c0",1,True,1.0
Which department was responsible for providing LEP guidance to federal agencies according to the Executive Order?,1,PPT_LEP power point presentation-English-FINAL-10-31-07_page_004_p4_c0,PPT_LEP power point presentation-English-FINAL-10-31-07_page_004_p4_c0,1,True,1.0
Which department was responsible for providing LEP guidance to federal agencies according to the Executive Order?,3,PPT_LEP power point presentation-English-FINAL-10-31-07_page_004_p4_c0,"PPT_LEP power point presentation-English-FINAL-10-31-07_page_004_p4_c0,PPT_LEP power point presentation-English-FINAL-10-31-07_page_004_p4_c1,newspaper_fe5ed29024932fad071afc53807b16ba_1_p1_c1",1,True,1.0
Which department was responsible for providing LEP guidance to federal agencies according to the Executive Order?,5,PPT_LEP power point presentation-English-FINAL-10-31-07_page_004_p4_c0,"PPT_LEP power point presentation-English-FINAL-10-31-07_page_004_p4_c0,PPT_LEP power point presentation-English-FINAL-10-31-07_page_004_p4_c1,newspaper_fe5ed29024932fad071afc53807b16ba_1_p1_c1,newspaper_0b1bb8d03b4287eb95f67b68c2cf9f92_1_p1_c5,newspaper_0b1bb8d03b4287eb95f67b68c2cf9f92_1_p1_c11",1,True,1.0
Who is responsible for providing LEP guidance to federal agencies?,1,PPT_LEP power point presentation-English-FINAL-10-31-07_page_004_p4_c1,PPT_LEP power point presentation-English-FINAL-10-31-07_page_004_p4_c1,1,True,1.0
Who is responsible for providing LEP guidance to federal agencies?,3,PPT_LEP power point presentation-English-FINAL-10-31-07_page_004_p4_c1,"PPT_LEP power point presentation-English-FINAL-10-31-07_page_004_p4_c1,PPT_LEP power point presentation-English-FINAL-10-31-07_page_004_p4_c0,newspaper_fe5ed29024932fad071afc53807b16ba_1_p1_c1",1,True,1.0
Who is responsible for providing LEP guidance to federal agencies?,5,PPT_LEP power point presentation-English-FINAL-10-31-07_page_004_p4_c1,"PPT_LEP power point presentation-English-FINAL-10-31-07_page_004_p4_c1,PPT_LEP power point presentation-English-FINAL-10-31-07_page_004_p4_c0,newspaper_fe5ed29024932fad071afc53807b16ba_1_p1_c1,newspaper_The Globe and Mail - 2025-1-8@magazinesclubnew_page_018_p18_c19,newspaper_The Globe and Mail - 2025-1-8@magazinesclubnew_page_018_p18_c20",1,True,1.0
文章的第四部分主要描写什么内容？,1,yanbaopptmerge_yanbaoPPT_4900_p4900_c0,yanbaopptmerge_yanbaoPPT_4900_p4900_c0,1,True,1.0
文章的第四部分主要描写什么内容？,3,yanbaopptmerge_yanbaoPPT_4900_p4900_c0,"yanbaopptmerge_yanbaoPPT_4900_p4900_c0,jiaocaineedrop_jiaocai_needrop_en_1836_p1836_c2,jiaocaineedrop_jiaocai_needrop_en_1836_p1836_c1",1,True,1.0
文章的第四部分主要描写什么内容？,5,yanbaopptmerge_yanbaoPPT_4900_p4900_c0,"yanbaopptmerge_yanbaoPPT_4900_p4900_c0,jiaocaineedrop_jiaocai_needrop_en_1836_p1836_c2,jiaocaineedrop_jiaocai_needrop_en_1836_p1836_c1,jiaocaineedrop_jiaocai_needrop_en_2193_p2193_c0,jiaocaineedrop_jiaocai_needrop_en_1836_p1836_c0",1,True,1.0
2022 Q1公司钢结构加工量是多少？,1,yanbaopptmerge_ee19df4a08e3d07ac1190446f5b3dd3f25438c661b87cf4fbb9040ac5fac443b.pdf_1_p1_c0,yanbaopptmerge_ee19df4a08e3d07ac1190446f5b3dd3f25438c661b87cf4fbb9040ac5fac443b.pdf_1_p1_c0,1,True,1.0
2022 Q1公司钢结构加工量是多少？,3,yanbaopptmerge_ee19df4a08e3d07ac1190446f5b3dd3f25438c661b87cf4fbb9040ac5fac443b.pdf_1_p1_c0,"yanbaopptmerge_ee19df4a08e3d07ac1190446f5b3dd3f25438c661b87cf4fbb9040ac5fac443b.pdf_1_p1_c0,yanbaopptmerge_51e549c0d1a2669ac976409fcf99ce91908b1e0a07f0fc70d92263abf6d07f18.pdf_1_p1_c1,docstructbench_dianzishu_zhongwenzaixian-o.O-60403612.pdf_179_p179_c3",1,True,1.0
2022 Q1公司钢结构加工量是多少？,5,yanbaopptmerge_ee19df4a08e3d07ac1190446f5b3dd3f25438c661b87cf4fbb9040ac5fac443b.pdf_1_p1_c0,"yanbaopptmerge_ee19df4a08e3d07ac1190446f5b3dd3f25438c661b87cf4fbb9040ac5fac443b.pdf_1_p1_c0,yanbaopptmerge_51e549c0d1a2669ac976409fcf99ce91908b1e0a07f0fc70d92263abf6d07f18.pdf_1_p1_c1,docstructbench_dianzishu_zhongwenzaixian-o.O-60403612.pdf_179_p179_c3,eastmoney_8b3e01e3cd92a034f45945887a5170602774a8480effda5bd791451578a93b7d.pdf_5_p5_c0,yanbaopptmerge_ee19df4a08e3d07ac1190446f5b3dd3f25438c661b87cf4fbb9040ac5fac443b.pdf_1_p1_c1",1,True,1.0
What is the P/B ratio in 2022E according to the table?,1,yanbaopptmerge_ee19df4a08e3d07ac1190446f5b3dd3f25438c661b87cf4fbb9040ac5fac443b.pdf_1_p1_c1,yanbaopptmerge_ee19df4a08e3d07ac1190446f5b3dd3f25438c661b87cf4fbb9040ac5fac443b.pdf_1_p1_c1,1,True,1.0
What is the P/B ratio in 2022E according to the table?,3,yanbaopptmerge_ee19df4a08e3d07ac1190446f5b3dd3f25438c661b87cf4fbb9040ac5fac443b.pdf_1_p1_c1,"yanbaopptmerge_ee19df4a08e3d07ac1190446f5b3dd3f25438c661b87cf4fbb9040ac5fac443b.pdf_1_p1_c1,yanbaopptmerge_51e549c0d1a2669ac976409fcf99ce91908b1e0a07f0fc70d92263abf6d07f18.pdf_1_p1_c0,yanbaopptmerge_2f4902871606698497c53ccb18d3fec2f83d05047d883cd65bbce26bfb27bcd2.pdf_1_p1_c0",1,True,1.0
What is the P/B ratio in 2022E according to the table?,5,yanbaopptmerge_ee19df4a08e3d07ac1190446f5b3dd3f25438c661b87cf4fbb9040ac5fac443b.pdf_1_p1_c1,"yanbaopptmerge_ee19df4a08e3d07ac1190446f5b3dd3f25438c661b87cf4fbb9040ac5fac443b.pdf_1_p1_c1,yanbaopptmerge_51e549c0d1a2669ac976409fcf99ce91908b1e0a07f0fc70d92263abf6d07f18.pdf_1_p1_c0,yanbaopptmerge_2f4902871606698497c53ccb18d3fec2f83d05047d883cd65bbce26bfb27bcd2.pdf_1_p1_c0,yanbaopptmerge_ee19df4a08e3d07ac1190446f5b3dd3f25438c661b87cf4fbb9040ac5fac443b.pdf_1_p1_c0,yanbaopptmerge_51e549c0d1a2669ac976409fcf99ce91908b1e0a07f0fc70d92263abf6d07f18.pdf_1_p1_c1",1,True,1.0
What is the interval of possible values mentioned in the document fragment?,1,exam_paper_en-file-putnam-archive_2000_Solutions_2000s_page_001_p1_c0,exam_paper_en-file-putnam-archive_2000_Solutions_2000s_page_001_p1_c0,1,True,1.0
What is the interval of possible values mentioned in the document fragment?,3,exam_paper_en-file-putnam-archive_2000_Solutions_2000s_page_001_p1_c0,"exam_paper_en-file-putnam-archive_2000_Solutions_2000s_page_001_p1_c0,yanbaopptmerge_0c79d327060dbf9f1582d03c235dadb039533a19091d2c0d24f2ad95d267f79b.pdf_2_p2_c1,eastmoney_d2bb183f5254ede5760932ac3118524aa7eddad551935713b435541f1525c1ee.pdf_7_p7_c1",1,True,1.0
What is the interval of possible values mentioned in the document fragment?,5,exam_paper_en-file-putnam-archive_2000_Solutions_2000s_page_001_p1_c0,"exam_paper_en-file-putnam-archive_2000_Solutions_2000s_page_001_p1_c0,yanbaopptmerge_0c79d327060dbf9f1582d03c235dadb039533a19091d2c0d24f2ad95d267f79b.pdf_2_p2_c1,eastmoney_d2bb183f5254ede5760932ac3118524aa7eddad551935713b435541f1525c1ee.pdf_7_p7_c1,docstructbench_dianzishu_zhongwenzaixian-o.O-60403612.pdf_179_p179_c0,eastmoney_e42b6e1cd2d48113ff4db8854e539d828d632bf9b1757e10cb8ddb2cfc7b1393.pdf_12_p12_c1",1,True,1.0
What is the value of x in the third solution?,1,exam_paper_en-file-putnam-archive_2000_Solutions_2000s_page_001_p1_c2,exam_paper_en-file-putnam-archive_2000_Solutions_2000s_page_001_p1_c3,0,False,0.0
What is the value of x in the third solution?,3,exam_paper_en-file-putnam-archive_2000_Solutions_2000s_page_001_p1_c2,"exam_paper_en-file-putnam-archive_2000_Solutions_2000s_page_001_p1_c3,PPT_lay_linalg5_01_05_page_009_p9_c0,book_en_国外数学教材-非数学专业教材-线性代数-Gilbert Strang—Linear Algebra and Its Applications 4e_0119_p119_c3",0,False,0.0
What is the value of x in the third solution?,5,exam_paper_en-file-putnam-archive_2000_Solutions_2000s_page_001_p1_c2,"exam_paper_en-file-putnam-archive_2000_Solutions_2000s_page_001_p1_c3,PPT_lay_linalg5_01_05_page_009_p9_c0,book_en_国外数学教材-非数学专业教材-线性代数-Gilbert Strang—Linear Algebra and Its Applications 4e_0119_p119_c3,PPT_lay_linalg5_01_05_page_004_p4_c0,book_en_A.Concise.Introduction.to.Linear.Algebra,.Geza.Schay,.Birkhauser,.2012_page_065_p65_c0",0,False,0.0
What is the maximum area mentioned in the document fragment?,1,exam_paper_en-file-putnam-archive_2000_Solutions_2000s_page_001_p1_c3,exam_paper_en-file-putnam-archive_2000_Solutions_2000s_page_001_p1_c3,1,True,1.0
What is the maximum area mentioned in the document fragment?,3,exam_paper_en-file-putnam-archive_2000_Solutions_2000s_page_001_p1_c3,"exam_paper_en-file-putnam-archive_2000_Solutions_2000s_page_001_p1_c3,exam_paper_en-file-putnam-archive_2000_Solutions_2000s_page_001_p1_c4,scihub_ijcac.2012040101.pdf_5_p5_c6",1,True,1.0
What is the maximum area mentioned in the document fragment?,5,exam_paper_en-file-putnam-archive_2000_Solutions_2000s_page_001_p1_c3,"exam_paper_en-file-putnam-archive_2000_Solutions_2000s_page_001_p1_c3,exam_paper_en-file-putnam-archive_2000_Solutions_2000s_page_001_p1_c4,scihub_ijcac.2012040101.pdf_5_p5_c6,jiaocaineedrop_jiaocai_needrop_en_1473_p1473_c1,exam_paper_en-file-putnam-archive_2006_Solutions_2006s_page_006_p6_c0",1,True,1.0
What is the area of the octagon expressed as?,1,exam_paper_en-file-putnam-archive_2000_Solutions_2000s_page_001_p1_c4,exam_paper_en-file-putnam-archive_2000_Solutions_2000s_page_001_p1_c4,1,True,1.0
What is the area of the octagon expressed as?,3,exam_paper_en-file-putnam-archive_2000_Solutions_2000s_page_001_p1_c4,"exam_paper_en-file-putnam-archive_2000_Solutions_2000s_page_001_p1_c4,exam_paper_en-file-putnam-archive_2000_Solutions_2000s_page_001_p1_c6,exam_paper_en-file-putnam-archive_2000_Solutions_2000s_page_001_p1_c5",1,True,1.0
What is the area of the octagon expressed as?,5,exam_paper_en-file-putnam-archive_2000_Solutions_2000s_page_001_p1_c4,"exam_paper_en-file-putnam-archive_2000_Solutions_2000s_page_001_p1_c4,exam_paper_en-file-putnam-archive_2000_Solutions_2000s_page_001_p1_c6,exam_paper_en-file-putnam-archive_2000_Solutions_2000s_page_001_p1_c5,scihub_ijcac.2012040101.pdf_5_p5_c6,exam_paper_en-file-putnam-archive_1998_Solutions_1998s_page_002_p2_c1",1,True,1.0
What is the area of the octagon mentioned in the text?,1,exam_paper_en-file-putnam-archive_2000_Solutions_2000s_page_001_p1_c6,exam_paper_en-file-putnam-archive_2000_Solutions_2000s_page_001_p1_c6,1,True,1.0
What is the area of the octagon mentioned in the text?,3,exam_paper_en-file-putnam-archive_2000_Solutions_2000s_page_001_p1_c6,"exam_paper_en-file-putnam-archive_2000_Solutions_2000s_page_001_p1_c6,exam_paper_en-file-putnam-archive_2000_Solutions_2000s_page_001_p1_c5,exam_paper_en-file-putnam-archive_2000_Solutions_2000s_page_001_p1_c4",1,True,1.0
What is the area of the octagon mentioned in the text?,5,exam_paper_en-file-putnam-archive_2000_Solutions_2000s_page_001_p1_c6,"exam_paper_en-file-putnam-archive_2000_Solutions_2000s_page_001_p1_c6,exam_paper_en-file-putnam-archive_2000_Solutions_2000s_page_001_p1_c5,exam_paper_en-file-putnam-archive_2000_Solutions_2000s_page_001_p1_c4,scihub_ijcac.2012040101.pdf_5_p5_c6,jiaocaineedrop_AMC8_V5.pdf_64_p64_c1",1,True,1.0
What is the result of rewriting $ \sin x \sin x^2 $ as?,1,exam_paper_en-file-putnam-archive_2000_Solutions_2000s_page_001_p1_c7,exam_paper_en-file-putnam-archive_2000_Solutions_2000s_page_001_p1_c7,1,True,1.0
What is the result of rewriting $ \sin x \sin x^2 $ as?,3,exam_paper_en-file-putnam-archive_2000_Solutions_2000s_page_001_p1_c7,"exam_paper_en-file-putnam-archive_2000_Solutions_2000s_page_001_p1_c7,exam_paper_en-file-putnam-archive_2000_Solutions_2000s_page_001_p1_c6,exam_paper_en-file-putnam-archive_2009_Solutions_2009s_page_003_p3_c9",1,True,1.0
What is the result of rewriting $ \sin x \sin x^2 $ as?,5,exam_paper_en-file-putnam-archive_2000_Solutions_2000s_page_001_p1_c7,"exam_paper_en-file-putnam-archive_2000_Solutions_2000s_page_001_p1_c7,exam_paper_en-file-putnam-archive_2000_Solutions_2000s_page_001_p1_c6,exam_paper_en-file-putnam-archive_2009_Solutions_2009s_page_003_p3_c9,exam_paper_en-file-putnam-archive_1995_Solutions_1995s_page_002_p2_c2,jiaocaineedrop_jiaocai_needrop_en_1564_p1564_c3",1,True,1.0
What is the result of the integral from ε to B of cos(x² + x) dx?,1,exam_paper_en-file-putnam-archive_2000_Solutions_2000s_page_001_p1_c8,jiaocaineedrop_96657786.pdf_0_p0_c1,0,False,0.0
What is the result of the integral from ε to B of cos(x² + x) dx?,3,exam_paper_en-file-putnam-archive_2000_Solutions_2000s_page_001_p1_c8,"jiaocaineedrop_96657786.pdf_0_p0_c1,jiaocaineedrop_96657786.pdf_0_p0_c4,exam_paper_en-file-putnam-archive_2000_Solutions_2000s_page_001_p1_c8",3,True,1.0
What is the result of the integral from ε to B of cos(x² + x) dx?,5,exam_paper_en-file-putnam-archive_2000_Solutions_2000s_page_001_p1_c8,"jiaocaineedrop_96657786.pdf_0_p0_c1,jiaocaineedrop_96657786.pdf_0_p0_c4,exam_paper_en-file-putnam-archive_2000_Solutions_2000s_page_001_p1_c8,exam_paper_en-file-putnam-archive_2000_Solutions_2000s_page_001_p1_c7,jiaocaineedrop_96657786.pdf_0_p0_c5",3,True,1.0
近视对孩子的学习有什么具体影响？,1,yanbaopptmerge_yanbaoPPT_495_p495_c0,yanbaopptmerge_yanbaoPPT_495_p495_c0,1,True,1.0
近视对孩子的学习有什么具体影响？,3,yanbaopptmerge_yanbaoPPT_495_p495_c0,"yanbaopptmerge_yanbaoPPT_495_p495_c0,jiaocaineedrop_jiaocai_needrop_en_1836_p1836_c1,jiaocaineedrop_jiaocai_needrop_en_1836_p1836_c2",1,True,1.0
近视对孩子的学习有什么具体影响？,5,yanbaopptmerge_yanbaoPPT_495_p495_c0,"yanbaopptmerge_yanbaoPPT_495_p495_c0,jiaocaineedrop_jiaocai_needrop_en_1836_p1836_c1,jiaocaineedrop_jiaocai_needrop_en_1836_p1836_c2,jiaocaineedrop_jiaocai_needrop_en_3274_p3274_c1,jiaocaineedrop_jiaocai_needrop_en_2193_p2193_c0",1,True,1.0
What is the ending for the second person singular in Spanish?,1,PPT_8076_MEYER_Chapter_2_-_Language_Change_page_014_p14_c0,PPT_8076_MEYER_Chapter_2_-_Language_Change_page_014_p14_c0,1,True,1.0
What is the ending for the second person singular in Spanish?,3,PPT_8076_MEYER_Chapter_2_-_Language_Change_page_014_p14_c0,"PPT_8076_MEYER_Chapter_2_-_Language_Change_page_014_p14_c0,exam_paper_2004-2019上海高考英语听力原文和答案_page_017_p17_c0,newspaper_The Globe and Mail - 2025-1-8@magazinesclubnew_page_014_p14_c16",1,True,1.0
What is the ending for the second person singular in Spanish?,5,PPT_8076_MEYER_Chapter_2_-_Language_Change_page_014_p14_c0,"PPT_8076_MEYER_Chapter_2_-_Language_Change_page_014_p14_c0,exam_paper_2004-2019上海高考英语听力原文和答案_page_017_p17_c0,newspaper_The Globe and Mail - 2025-1-8@magazinesclubnew_page_014_p14_c16,notes_f7f010b78016aeebd76e56d9283eb67f_72_p72_c1,notes_f7f010b78016aeebd76e56d9283eb67f_72_p72_c0",1,True,1.0
What is the fourth entry in the table?,1,PPT_8076_MEYER_Chapter_2_-_Language_Change_page_014_p14_c1,book_en_国外数学教材-非数学专业教材-线性代数-Gilbert Strang—Linear Algebra and Its Applications 4e_0035_p35_c3,0,False,0.0
What is the fourth entry in the table?,3,PPT_8076_MEYER_Chapter_2_-_Language_Change_page_014_p14_c1,"book_en_国外数学教材-非数学专业教材-线性代数-Gilbert Strang—Linear Algebra and Its Applications 4e_0035_p35_c3,jiaocaineedrop_jiaocai_needrop_en_3937_p3937_c0,book_en_[搬书匠#375][High Performance MySQL 3rd Edition].2012.英文版_page_153_p153_c2",0,False,0.0
What is the fourth entry in the table?,5,PPT_8076_MEYER_Chapter_2_-_Language_Change_page_014_p14_c1,"book_en_国外数学教材-非数学专业教材-线性代数-Gilbert Strang—Linear Algebra and Its Applications 4e_0035_p35_c3,jiaocaineedrop_jiaocai_needrop_en_3937_p3937_c0,book_en_[搬书匠#375][High Performance MySQL 3rd Edition].2012.英文版_page_153_p153_c2,book_en_[搬书匠#893][Pyomo—Optimization Modeling in Python].2012.英文版_page_188_p188_c0,newspaper_The Wall Street Journal - 2025-01-08@magazinesclubnew_page_018_p18_c2",0,False,0.0
What is an example of a four-dimensional subspace?,1,book_en_国外数学教材-非数学专业教材-线性代数-Gilbert Strang—Linear Algebra and Its Applications 4e_0119_p119_c0,book_en_国外数学教材-非数学专业教材-线性代数-Gilbert Strang—Linear Algebra and Its Applications 4e_0119_p119_c0,1,True,1.0
What is an example of a four-dimensional subspace?,3,book_en_国外数学教材-非数学专业教材-线性代数-Gilbert Strang—Linear Algebra and Its Applications 4e_0119_p119_c0,"book_en_国外数学教材-非数学专业教材-线性代数-Gilbert Strang—Linear Algebra and Its Applications 4e_0119_p119_c0,exam_paper_en-file-putnam-archive_2006_Solutions_2006s_page_006_p6_c0,exam_paper_en-file-putnam-archive_2006_Solutions_2006s_page_006_p6_c3",1,True,1.0
What is an example of a four-dimensional subspace?,5,book_en_国外数学教材-非数学专业教材-线性代数-Gilbert Strang—Linear Algebra and Its Applications 4e_0119_p119_c0,"book_en_国外数学教材-非数学专业教材-线性代数-Gilbert Strang—Linear Algebra and Its Applications 4e_0119_p119_c0,exam_paper_en-file-putnam-archive_2006_Solutions_2006s_page_006_p6_c0,exam_paper_en-file-putnam-archive_2006_Solutions_2006s_page_006_p6_c3,exam_paper_en-file-putnam-archive_2006_Solutions_2006s_page_006_p6_c2,exam_paper_en-file-putnam-archive_2006_Solutions_2006s_page_006_p6_c4",1,True,1.0
What is the dimension of the column space according to the text?,1,book_en_国外数学教材-非数学专业教材-线性代数-Gilbert Strang—Linear Algebra and Its Applications 4e_0119_p119_c1,book_en_国外数学教材-非数学专业教材-线性代数-Gilbert Strang—Linear Algebra and Its Applications 4e_0119_p119_c1,1,True,1.0
What is the dimension of the column space according to the text?,3,book_en_国外数学教材-非数学专业教材-线性代数-Gilbert Strang—Linear Algebra and Its Applications 4e_0119_p119_c1,"book_en_国外数学教材-非数学专业教材-线性代数-Gilbert Strang—Linear Algebra and Its Applications 4e_0119_p119_c1,book_en_国外数学教材-非数学专业教材-线性代数-Gilbert Strang—Linear Algebra and Its Applications 4e_0119_p119_c0,scihub_ijcac.2012040101.pdf_5_p5_c6",1,True,1.0
What is the dimension of the column space according to the text?,5,book_en_国外数学教材-非数学专业教材-线性代数-Gilbert Strang—Linear Algebra and Its Applications 4e_0119_p119_c1,"book_en_国外数学教材-非数学专业教材-线性代数-Gilbert Strang—Linear Algebra and Its Applications 4e_0119_p119_c1,book_en_国外数学教材-非数学专业教材-线性代数-Gilbert Strang—Linear Algebra and Its Applications 4e_0119_p119_c0,scihub_ijcac.2012040101.pdf_5_p5_c6,book_en_国外数学教材-非数学专业教材-线性代数-Gilbert Strang—Linear Algebra and Its Applications 4e_0119_p119_c2,newspaper_The Globe and Mail - 2025-1-8@magazinesclubnew_page_014_p14_c0",1,True,1.0
What is the term for the largest possible number of independent vectors among the given vectors?,1,book_en_国外数学教材-非数学专业教材-线性代数-Gilbert Strang—Linear Algebra and Its Applications 4e_0119_p119_c2,book_en_国外数学教材-非数学专业教材-线性代数-Gilbert Strang—Linear Algebra and Its Applications 4e_0119_p119_c2,1,True,1.0
What is the term for the largest possible number of independent vectors among the given vectors?,3,book_en_国外数学教材-非数学专业教材-线性代数-Gilbert Strang—Linear Algebra and Its Applications 4e_0119_p119_c2,"book_en_国外数学教材-非数学专业教材-线性代数-Gilbert Strang—Linear Algebra and Its Applications 4e_0119_p119_c2,book_en_国外数学教材-非数学专业教材-线性代数-Gilbert Strang—Linear Algebra and Its Applications 4e_0119_p119_c1,book_en_国外数学教材-非数学专业教材-线性代数-Gilbert Strang—Linear Algebra and Its Applications 4e_0119_p119_c3",1,True,1.0
What is the term for the largest possible number of independent vectors among the given vectors?,5,book_en_国外数学教材-非数学专业教材-线性代数-Gilbert Strang—Linear Algebra and Its Applications 4e_0119_p119_c2,"book_en_国外数学教材-非数学专业教材-线性代数-Gilbert Strang—Linear Algebra and Its Applications 4e_0119_p119_c2,book_en_国外数学教材-非数学专业教材-线性代数-Gilbert Strang—Linear Algebra and Its Applications 4e_0119_p119_c1,book_en_国外数学教材-非数学专业教材-线性代数-Gilbert Strang—Linear Algebra and Its Applications 4e_0119_p119_c3,jiaocaineedrop_glossary.pdf_7_p7_c5,exam_paper_en-file-putnam-archive_2011_Solutions_2011s_page_002_p2_c9",1,True,1.0
What is the current number of SberBank Online users mentioned in the text?,1,yanbaor2_a6a80b48db3438977793c75185e980ee4aff22f79083427cb03ea4134f7b241f.pdf_67_p67_c0,yanbaor2_a6a80b48db3438977793c75185e980ee4aff22f79083427cb03ea4134f7b241f.pdf_67_p67_c1,0,False,0.0
What is the current number of SberBank Online users mentioned in the text?,3,yanbaor2_a6a80b48db3438977793c75185e980ee4aff22f79083427cb03ea4134f7b241f.pdf_67_p67_c0,"yanbaor2_a6a80b48db3438977793c75185e980ee4aff22f79083427cb03ea4134f7b241f.pdf_67_p67_c1,yanbaor2_a6a80b48db3438977793c75185e980ee4aff22f79083427cb03ea4134f7b241f.pdf_67_p67_c0,yanbaor2_a6a80b48db3438977793c75185e980ee4aff22f79083427cb03ea4134f7b241f.pdf_67_p67_c3",2,True,1.0
What is the current number of SberBank Online users mentioned in the text?,5,yanbaor2_a6a80b48db3438977793c75185e980ee4aff22f79083427cb03ea4134f7b241f.pdf_67_p67_c0,"yanbaor2_a6a80b48db3438977793c75185e980ee4aff22f79083427cb03ea4134f7b241f.pdf_67_p67_c1,yanbaor2_a6a80b48db3438977793c75185e980ee4aff22f79083427cb03ea4134f7b241f.pdf_67_p67_c0,yanbaor2_a6a80b48db3438977793c75185e980ee4aff22f79083427cb03ea4134f7b241f.pdf_67_p67_c3,yanbaor2_a6a80b48db3438977793c75185e980ee4aff22f79083427cb03ea4134f7b241f.pdf_67_p67_c5,yanbaor2_a6a80b48db3438977793c75185e980ee4aff22f79083427cb03ea4134f7b241f.pdf_67_p67_c6",2,True,1.0
What services does Sber offer clients?,1,yanbaor2_a6a80b48db3438977793c75185e980ee4aff22f79083427cb03ea4134f7b241f.pdf_67_p67_c1,yanbaor2_a6a80b48db3438977793c75185e980ee4aff22f79083427cb03ea4134f7b241f.pdf_67_p67_c1,1,True,1.0
What services does Sber offer clients?,3,yanbaor2_a6a80b48db3438977793c75185e980ee4aff22f79083427cb03ea4134f7b241f.pdf_67_p67_c1,"yanbaor2_a6a80b48db3438977793c75185e980ee4aff22f79083427cb03ea4134f7b241f.pdf_67_p67_c1,yanbaor2_a6a80b48db3438977793c75185e980ee4aff22f79083427cb03ea4134f7b241f.pdf_67_p67_c3,yanbaor2_a6a80b48db3438977793c75185e980ee4aff22f79083427cb03ea4134f7b241f.pdf_67_p67_c2",1,True,1.0
What services does Sber offer clients?,5,yanbaor2_a6a80b48db3438977793c75185e980ee4aff22f79083427cb03ea4134f7b241f.pdf_67_p67_c1,"yanbaor2_a6a80b48db3438977793c75185e980ee4aff22f79083427cb03ea4134f7b241f.pdf_67_p67_c1,yanbaor2_a6a80b48db3438977793c75185e980ee4aff22f79083427cb03ea4134f7b241f.pdf_67_p67_c3,yanbaor2_a6a80b48db3438977793c75185e980ee4aff22f79083427cb03ea4134f7b241f.pdf_67_p67_c2,yanbaor2_a6a80b48db3438977793c75185e980ee4aff22f79083427cb03ea4134f7b241f.pdf_67_p67_c4,yanbaor2_a6a80b48db3438977793c75185e980ee4aff22f79083427cb03ea4134f7b241f.pdf_67_p67_c6",1,True,1.0
What does Sber focus on to meet client needs?,1,yanbaor2_a6a80b48db3438977793c75185e980ee4aff22f79083427cb03ea4134f7b241f.pdf_67_p67_c2,yanbaor2_a6a80b48db3438977793c75185e980ee4aff22f79083427cb03ea4134f7b241f.pdf_67_p67_c2,1,True,1.0
What does Sber focus on to meet client needs?,3,yanbaor2_a6a80b48db3438977793c75185e980ee4aff22f79083427cb03ea4134f7b241f.pdf_67_p67_c2,"yanbaor2_a6a80b48db3438977793c75185e980ee4aff22f79083427cb03ea4134f7b241f.pdf_67_p67_c2,yanbaor2_a6a80b48db3438977793c75185e980ee4aff22f79083427cb03ea4134f7b241f.pdf_67_p67_c3,yanbaor2_a6a80b48db3438977793c75185e980ee4aff22f79083427cb03ea4134f7b241f.pdf_67_p67_c1",1,True,1.0
What does Sber focus on to meet client needs?,5,yanbaor2_a6a80b48db3438977793c75185e980ee4aff22f79083427cb03ea4134f7b241f.pdf_67_p67_c2,"yanbaor2_a6a80b48db3438977793c75185e980ee4aff22f79083427cb03ea4134f7b241f.pdf_67_p67_c2,yanbaor2_a6a80b48db3438977793c75185e980ee4aff22f79083427cb03ea4134f7b241f.pdf_67_p67_c3,yanbaor2_a6a80b48db3438977793c75185e980ee4aff22f79083427cb03ea4134f7b241f.pdf_67_p67_c1,yanbaor2_a6a80b48db3438977793c75185e980ee4aff22f79083427cb03ea4134f7b241f.pdf_67_p67_c4,yanbaor2_a6a80b48db3438977793c75185e980ee4aff22f79083427cb03ea4134f7b241f.pdf_67_p67_c0",1,True,1.0
How many clients does SberHealth have?,1,yanbaor2_a6a80b48db3438977793c75185e980ee4aff22f79083427cb03ea4134f7b241f.pdf_67_p67_c3,yanbaor2_a6a80b48db3438977793c75185e980ee4aff22f79083427cb03ea4134f7b241f.pdf_67_p67_c3,1,True,1.0
How many clients does SberHealth have?,3,yanbaor2_a6a80b48db3438977793c75185e980ee4aff22f79083427cb03ea4134f7b241f.pdf_67_p67_c3,"yanbaor2_a6a80b48db3438977793c75185e980ee4aff22f79083427cb03ea4134f7b241f.pdf_67_p67_c3,yanbaor2_a6a80b48db3438977793c75185e980ee4aff22f79083427cb03ea4134f7b241f.pdf_67_p67_c4,yanbaor2_a6a80b48db3438977793c75185e980ee4aff22f79083427cb03ea4134f7b241f.pdf_67_p67_c1",1,True,1.0
How many clients does SberHealth have?,5,yanbaor2_a6a80b48db3438977793c75185e980ee4aff22f79083427cb03ea4134f7b241f.pdf_67_p67_c3,"yanbaor2_a6a80b48db3438977793c75185e980ee4aff22f79083427cb03ea4134f7b241f.pdf_67_p67_c3,yanbaor2_a6a80b48db3438977793c75185e980ee4aff22f79083427cb03ea4134f7b241f.pdf_67_p67_c4,yanbaor2_a6a80b48db3438977793c75185e980ee4aff22f79083427cb03ea4134f7b241f.pdf_67_p67_c1,yanbaor2_a6a80b48db3438977793c75185e980ee4aff22f79083427cb03ea4134f7b241f.pdf_67_p67_c6,yanbaor2_a6a80b48db3438977793c75185e980ee4aff22f79083427cb03ea4134f7b241f.pdf_67_p67_c5",1,True,1.0
What was the turnover amount in 2021 for SberMarket in the food delivery market?,1,yanbaor2_a6a80b48db3438977793c75185e980ee4aff22f79083427cb03ea4134f7b241f.pdf_67_p67_c4,yanbaor2_a6a80b48db3438977793c75185e980ee4aff22f79083427cb03ea4134f7b241f.pdf_67_p67_c4,1,True,1.0
What was the turnover amount in 2021 for SberMarket in the food delivery market?,3,yanbaor2_a6a80b48db3438977793c75185e980ee4aff22f79083427cb03ea4134f7b241f.pdf_67_p67_c4,"yanbaor2_a6a80b48db3438977793c75185e980ee4aff22f79083427cb03ea4134f7b241f.pdf_67_p67_c4,yanbaor2_a6a80b48db3438977793c75185e980ee4aff22f79083427cb03ea4134f7b241f.pdf_67_p67_c5,yanbaor2_a6a80b48db3438977793c75185e980ee4aff22f79083427cb03ea4134f7b241f.pdf_67_p67_c2",1,True,1.0
What was the turnover amount in 2021 for SberMarket in the food delivery market?,5,yanbaor2_a6a80b48db3438977793c75185e980ee4aff22f79083427cb03ea4134f7b241f.pdf_67_p67_c4,"yanbaor2_a6a80b48db3438977793c75185e980ee4aff22f79083427cb03ea4134f7b241f.pdf_67_p67_c4,yanbaor2_a6a80b48db3438977793c75185e980ee4aff22f79083427cb03ea4134f7b241f.pdf_67_p67_c5,yanbaor2_a6a80b48db3438977793c75185e980ee4aff22f79083427cb03ea4134f7b241f.pdf_67_p67_c2,yanbaor2_a6a80b48db3438977793c75185e980ee4aff22f79083427cb03ea4134f7b241f.pdf_67_p67_c1,magazine_TheEconomist.2023.12.23_page_012_p12_c4",1,True,1.0
What was the turnover amount for SberMarket in the food delivery market?,1,yanbaor2_a6a80b48db3438977793c75185e980ee4aff22f79083427cb03ea4134f7b241f.pdf_67_p67_c5,yanbaor2_a6a80b48db3438977793c75185e980ee4aff22f79083427cb03ea4134f7b241f.pdf_67_p67_c4,0,False,0.0
What was the turnover amount for SberMarket in the food delivery market?,3,yanbaor2_a6a80b48db3438977793c75185e980ee4aff22f79083427cb03ea4134f7b241f.pdf_67_p67_c5,"yanbaor2_a6a80b48db3438977793c75185e980ee4aff22f79083427cb03ea4134f7b241f.pdf_67_p67_c4,yanbaor2_a6a80b48db3438977793c75185e980ee4aff22f79083427cb03ea4134f7b241f.pdf_67_p67_c5,magazine_TheEconomist.2023.12.23_page_012_p12_c4",2,True,1.0
What was the turnover amount for SberMarket in the food delivery market?,5,yanbaor2_a6a80b48db3438977793c75185e980ee4aff22f79083427cb03ea4134f7b241f.pdf_67_p67_c5,"yanbaor2_a6a80b48db3438977793c75185e980ee4aff22f79083427cb03ea4134f7b241f.pdf_67_p67_c4,yanbaor2_a6a80b48db3438977793c75185e980ee4aff22f79083427cb03ea4134f7b241f.pdf_67_p67_c5,magazine_TheEconomist.2023.12.23_page_012_p12_c4,newspaper_The Wall Street Journal - 2025-01-08@magazinesclubnew_page_018_p18_c18,yanbaor2_a6a80b48db3438977793c75185e980ee4aff22f79083427cb03ea4134f7b241f.pdf_67_p67_c2",2,True,1.0
What is the name of the smart media speaker launched by Sber?,1,yanbaor2_a6a80b48db3438977793c75185e980ee4aff22f79083427cb03ea4134f7b241f.pdf_67_p67_c6,yanbaor2_a6a80b48db3438977793c75185e980ee4aff22f79083427cb03ea4134f7b241f.pdf_67_p67_c6,1,True,1.0
What is the name of the smart media speaker launched by Sber?,3,yanbaor2_a6a80b48db3438977793c75185e980ee4aff22f79083427cb03ea4134f7b241f.pdf_67_p67_c6,"yanbaor2_a6a80b48db3438977793c75185e980ee4aff22f79083427cb03ea4134f7b241f.pdf_67_p67_c6,yanbaor2_a6a80b48db3438977793c75185e980ee4aff22f79083427cb03ea4134f7b241f.pdf_67_p67_c5,yanbaor2_a6a80b48db3438977793c75185e980ee4aff22f79083427cb03ea4134f7b241f.pdf_67_p67_c1",1,True,1.0
What is the name of the smart media speaker launched by Sber?,5,yanbaor2_a6a80b48db3438977793c75185e980ee4aff22f79083427cb03ea4134f7b241f.pdf_67_p67_c6,"yanbaor2_a6a80b48db3438977793c75185e980ee4aff22f79083427cb03ea4134f7b241f.pdf_67_p67_c6,yanbaor2_a6a80b48db3438977793c75185e980ee4aff22f79083427cb03ea4134f7b241f.pdf_67_p67_c5,yanbaor2_a6a80b48db3438977793c75185e980ee4aff22f79083427cb03ea4134f7b241f.pdf_67_p67_c1,yanbaor2_a6a80b48db3438977793c75185e980ee4aff22f79083427cb03ea4134f7b241f.pdf_67_p67_c4,yanbaor2_a6a80b48db3438977793c75185e980ee4aff22f79083427cb03ea4134f7b241f.pdf_67_p67_c3",1,True,1.0
What is the purpose of the listed number?,1,yanbaor2_a6a80b48db3438977793c75185e980ee4aff22f79083427cb03ea4134f7b241f.pdf_67_p67_c7,newspaper_2a6b4fa088699701a6fa9ccecfb5c25d_3_p3_c0,0,False,0.0
What is the purpose of the listed number?,3,yanbaor2_a6a80b48db3438977793c75185e980ee4aff22f79083427cb03ea4134f7b241f.pdf_67_p67_c7,"newspaper_2a6b4fa088699701a6fa9ccecfb5c25d_3_p3_c0,jiaocaineedrop_biz-96816.pdf_48_p48_c5,book_en_[搬书匠#893][Pyomo—Optimization Modeling in Python].2012.英文版_page_188_p188_c0",0,False,0.0
What is the purpose of the listed number?,5,yanbaor2_a6a80b48db3438977793c75185e980ee4aff22f79083427cb03ea4134f7b241f.pdf_67_p67_c7,"newspaper_2a6b4fa088699701a6fa9ccecfb5c25d_3_p3_c0,jiaocaineedrop_biz-96816.pdf_48_p48_c5,book_en_[搬书匠#893][Pyomo—Optimization Modeling in Python].2012.英文版_page_188_p188_c0,newspaper_The Globe and Mail - 2025-1-8@magazinesclubnew_page_014_p14_c1,jiaocaineedrop_jiaocai_needrop_en_1118_p1118_c0",0,False,0.0
What is the value in the second row and third column of the table?,1,book_en_[搬书匠#893][Pyomo—Optimization Modeling in Python].2012.英文版_page_188_p188_c0,book_en_国外数学教材-非数学专业教材-线性代数-Gilbert Strang—Linear Algebra and Its Applications 4e_0035_p35_c3,0,False,0.0
What is the value in the second row and third column of the table?,3,book_en_[搬书匠#893][Pyomo—Optimization Modeling in Python].2012.英文版_page_188_p188_c0,"book_en_国外数学教材-非数学专业教材-线性代数-Gilbert Strang—Linear Algebra and Its Applications 4e_0035_p35_c3,book_en_[搬书匠#375][High Performance MySQL 3rd Edition].2012.英文版_page_153_p153_c2,exam_paper_en-file-putnam-archive_1995_Solutions_1995s_page_002_p2_c3",0,False,0.0
What is the value in the second row and third column of the table?,5,book_en_[搬书匠#893][Pyomo—Optimization Modeling in Python].2012.英文版_page_188_p188_c0,"book_en_国外数学教材-非数学专业教材-线性代数-Gilbert Strang—Linear Algebra and Its Applications 4e_0035_p35_c3,book_en_[搬书匠#375][High Performance MySQL 3rd Edition].2012.英文版_page_153_p153_c2,exam_paper_en-file-putnam-archive_1995_Solutions_1995s_page_002_p2_c3,newspaper_The Globe and Mail - 2025-1-8@magazinesclubnew_page_014_p14_c12,book_en_[搬书匠#893][Pyomo—Optimization Modeling in Python].2012.英文版_page_188_p188_c0",5,True,1.0
What is the third row of the solved sudoku puzzle?,1,book_en_[搬书匠#893][Pyomo—Optimization Modeling in Python].2012.英文版_page_188_p188_c1,newspaper_The Globe and Mail - 2025-1-8@magazinesclubnew_page_014_p14_c12,0,False,0.0
What is the third row of the solved sudoku puzzle?,3,book_en_[搬书匠#893][Pyomo—Optimization Modeling in Python].2012.英文版_page_188_p188_c1,"newspaper_The Globe and Mail - 2025-1-8@magazinesclubnew_page_014_p14_c12,book_en_[搬书匠#893][Pyomo—Optimization Modeling in Python].2012.英文版_page_188_p188_c1,newspaper_The Globe and Mail - 2025-1-8@magazinesclubnew_page_014_p14_c15",2,True,1.0
What is the third row of the solved sudoku puzzle?,5,book_en_[搬书匠#893][Pyomo—Optimization Modeling in Python].2012.英文版_page_188_p188_c1,"newspaper_The Globe and Mail - 2025-1-8@magazinesclubnew_page_014_p14_c12,book_en_[搬书匠#893][Pyomo—Optimization Modeling in Python].2012.英文版_page_188_p188_c1,newspaper_The Globe and Mail - 2025-1-8@magazinesclubnew_page_014_p14_c15,newspaper_The Globe and Mail - 2025-1-8@magazinesclubnew_page_014_p14_c14,exam_paper_en-file-putnam-archive_1995_Solutions_1995s_page_002_p2_c3",2,True,1.0
What is the name of the example that provides a Pyomo script implementing the hybrid search?,1,book_en_[搬书匠#893][Pyomo—Optimization Modeling in Python].2012.英文版_page_188_p188_c2,book_en_[搬书匠#893][Pyomo—Optimization Modeling in Python].2012.英文版_page_188_p188_c3,0,False,0.0
What is the name of the example that provides a Pyomo script implementing the hybrid search?,3,book_en_[搬书匠#893][Pyomo—Optimization Modeling in Python].2012.英文版_page_188_p188_c2,"book_en_[搬书匠#893][Pyomo—Optimization Modeling in Python].2012.英文版_page_188_p188_c3,book_en_[搬书匠#893][Pyomo—Optimization Modeling in Python].2012.英文版_page_188_p188_c2,book_en_[搬书匠#893][Pyomo—Optimization Modeling in Python].2012.英文版_page_188_p188_c1",2,True,1.0
What is the name of the example that provides a Pyomo script implementing the hybrid search?,5,book_en_[搬书匠#893][Pyomo—Optimization Modeling in Python].2012.英文版_page_188_p188_c2,"book_en_[搬书匠#893][Pyomo—Optimization Modeling in Python].2012.英文版_page_188_p188_c3,book_en_[搬书匠#893][Pyomo—Optimization Modeling in Python].2012.英文版_page_188_p188_c2,book_en_[搬书匠#893][Pyomo—Optimization Modeling in Python].2012.英文版_page_188_p188_c1,book_en_[搬书匠#893][Pyomo—Optimization Modeling in Python].2012.英文版_page_188_p188_c0,book_en_[搬书匠#893][Pyomo—Optimization Modeling in Python].2012.英文版_page_188_p188_c4",2,True,1.0
What attributes are defined as raw Python data types in Pyomo?,1,book_en_[搬书匠#893][Pyomo—Optimization Modeling in Python].2012.英文版_page_188_p188_c3,book_en_[搬书匠#893][Pyomo—Optimization Modeling in Python].2012.英文版_page_188_p188_c4,0,False,0.0
What attributes are defined as raw Python data types in Pyomo?,3,book_en_[搬书匠#893][Pyomo—Optimization Modeling in Python].2012.英文版_page_188_p188_c3,"book_en_[搬书匠#893][Pyomo—Optimization Modeling in Python].2012.英文版_page_188_p188_c4,book_en_[搬书匠#893][Pyomo—Optimization Modeling in Python].2012.英文版_page_188_p188_c3,book_en_[搬书匠#893][Pyomo—Optimization Modeling in Python].2012.英文版_page_188_p188_c2",2,True,1.0
What attributes are defined as raw Python data types in Pyomo?,5,book_en_[搬书匠#893][Pyomo—Optimization Modeling in Python].2012.英文版_page_188_p188_c3,"book_en_[搬书匠#893][Pyomo—Optimization Modeling in Python].2012.英文版_page_188_p188_c4,book_en_[搬书匠#893][Pyomo—Optimization Modeling in Python].2012.英文版_page_188_p188_c3,book_en_[搬书匠#893][Pyomo—Optimization Modeling in Python].2012.英文版_page_188_p188_c2,notes_f7f010b78016aeebd76e56d9283eb67f_72_p72_c1,docstructbench_dianzishu_zhongwenzaixian-o.O-61523162.pdf_276_p276_c0",2,True,1.0
What are pts_LS and pts_LI attributes considered as according to the text?,1,book_en_[搬书匠#893][Pyomo—Optimization Modeling in Python].2012.英文版_page_188_p188_c4,book_en_[搬书匠#893][Pyomo—Optimization Modeling in Python].2012.英文版_page_188_p188_c4,1,True,1.0
What are pts_LS and pts_LI attributes considered as according to the text?,3,book_en_[搬书匠#893][Pyomo—Optimization Modeling in Python].2012.英文版_page_188_p188_c4,"book_en_[搬书匠#893][Pyomo—Optimization Modeling in Python].2012.英文版_page_188_p188_c4,book_en_[搬书匠#893][Pyomo—Optimization Modeling in Python].2012.英文版_page_188_p188_c3,docstructbench_llm-raw-scihub-o.O-j.chroma.2005.05.085.pdf_4_p4_c6",1,True,1.0
What are pts_LS and pts_LI attributes considered as according to the text?,5,book_en_[搬书匠#893][Pyomo—Optimization Modeling in Python].2012.英文版_page_188_p188_c4,"book_en_[搬书匠#893][Pyomo—Optimization Modeling in Python].2012.英文版_page_188_p188_c4,book_en_[搬书匠#893][Pyomo—Optimization Modeling in Python].2012.英文版_page_188_p188_c3,docstructbench_llm-raw-scihub-o.O-j.chroma.2005.05.085.pdf_4_p4_c6,newspaper_The Globe and Mail - 2025-1-8@magazinesclubnew_page_014_p14_c7,scihub_bloodadvances.2019030924.pdf_3_p3_c2",1,True,1.0
What is the minimum length of the uncovered interval I?,1,exam_paper_en-file-putnam-archive_1999_Solutions_1999s_page_002_p2_c1,exam_paper_en-file-putnam-archive_1999_Solutions_1999s_page_002_p2_c1,1,True,1.0
What is the minimum length of the uncovered interval I?,3,exam_paper_en-file-putnam-archive_1999_Solutions_1999s_page_002_p2_c1,"exam_paper_en-file-putnam-archive_1999_Solutions_1999s_page_002_p2_c1,exam_paper_en-file-putnam-archive_2007_Solutions_2007s_page_001_p1_c8,scihub_bloodadvances.2019030924.pdf_3_p3_c2",1,True,1.0
What is the minimum length of the uncovered interval I?,5,exam_paper_en-file-putnam-archive_1999_Solutions_1999s_page_002_p2_c1,"exam_paper_en-file-putnam-archive_1999_Solutions_1999s_page_002_p2_c1,exam_paper_en-file-putnam-archive_2007_Solutions_2007s_page_001_p1_c8,scihub_bloodadvances.2019030924.pdf_3_p3_c2,eastmoney_e42b6e1cd2d48113ff4db8854e539d828d632bf9b1757e10cb8ddb2cfc7b1393.pdf_12_p12_c1,exam_paper_en-file-putnam-archive_1998_Solutions_1998s_page_002_p2_c0",1,True,1.0
"What is the lower bound for the integral of |P(x)| over [0,1]?",1,exam_paper_en-file-putnam-archive_1999_Solutions_1999s_page_002_p2_c2,exam_paper_en-file-putnam-archive_1999_Solutions_1999s_page_002_p2_c1,0,False,0.0
"What is the lower bound for the integral of |P(x)| over [0,1]?",3,exam_paper_en-file-putnam-archive_1999_Solutions_1999s_page_002_p2_c2,"exam_paper_en-file-putnam-archive_1999_Solutions_1999s_page_002_p2_c1,exam_paper_en-file-putnam-archive_1999_Solutions_1999s_page_002_p2_c5,exam_paper_en-file-putnam-archive_1999_Solutions_1999s_page_002_p2_c4",0,False,0.0
"What is the lower bound for the integral of |P(x)| over [0,1]?",5,exam_paper_en-file-putnam-archive_1999_Solutions_1999s_page_002_p2_c2,"exam_paper_en-file-putnam-archive_1999_Solutions_1999s_page_002_p2_c1,exam_paper_en-file-putnam-archive_1999_Solutions_1999s_page_002_p2_c5,exam_paper_en-file-putnam-archive_1999_Solutions_1999s_page_002_p2_c4,exam_paper_en-file-putnam-archive_1999_Solutions_1999s_page_002_p2_c2,exam_paper_en-file-putnam-archive_1999_Solutions_1999s_page_002_p2_c3",4,True,1.0
"What is the condition for R(x) in the interval [0,1]?",1,exam_paper_en-file-putnam-archive_1999_Solutions_1999s_page_002_p2_c3,exam_paper_en-file-putnam-archive_1999_Solutions_1999s_page_002_p2_c3,1,True,1.0
"What is the condition for R(x) in the interval [0,1]?",3,exam_paper_en-file-putnam-archive_1999_Solutions_1999s_page_002_p2_c3,"exam_paper_en-file-putnam-archive_1999_Solutions_1999s_page_002_p2_c3,exam_paper_en-file-putnam-archive_1999_Solutions_1999s_page_002_p2_c4,exam_paper_en-file-putnam-archive_1999_Solutions_1999s_page_002_p2_c5",1,True,1.0
"What is the condition for R(x) in the interval [0,1]?",5,exam_paper_en-file-putnam-archive_1999_Solutions_1999s_page_002_p2_c3,"exam_paper_en-file-putnam-archive_1999_Solutions_1999s_page_002_p2_c3,exam_paper_en-file-putnam-archive_1999_Solutions_1999s_page_002_p2_c4,exam_paper_en-file-putnam-archive_1999_Solutions_1999s_page_002_p2_c5,exam_paper_en-file-putnam-archive_1999_Solutions_1999s_page_002_p2_c1,exam_paper_en-file-putnam-archive_2012_Solutions_2012s_page_001_p1_c3",1,True,1.0
What is the value of P(0) according to the document fragment?,1,exam_paper_en-file-putnam-archive_1999_Solutions_1999s_page_002_p2_c4,exam_paper_en-file-putnam-archive_1999_Solutions_1999s_page_002_p2_c2,0,False,0.0
What is the value of P(0) according to the document fragment?,3,exam_paper_en-file-putnam-archive_1999_Solutions_1999s_page_002_p2_c4,"exam_paper_en-file-putnam-archive_1999_Solutions_1999s_page_002_p2_c2,exam_paper_en-file-putnam-archive_1999_Solutions_1999s_page_002_p2_c1,exam_paper_en-file-putnam-archive_1999_Solutions_1999s_page_003_p3_c2",0,False,0.0
What is the value of P(0) according to the document fragment?,5,exam_paper_en-file-putnam-archive_1999_Solutions_1999s_page_002_p2_c4,"exam_paper_en-file-putnam-archive_1999_Solutions_1999s_page_002_p2_c2,exam_paper_en-file-putnam-archive_1999_Solutions_1999s_page_002_p2_c1,exam_paper_en-file-putnam-archive_1999_Solutions_1999s_page_003_p3_c2,docstructbench_llm-raw-scihub-o.O-j.chroma.2005.03.134.pdf_6_p6_c2,docstructbench_llm-raw-scihub-o.O-j.chroma.2005.03.134.pdf_6_p6_c5",0,False,0.0
What is the minimum value achieved by the integral over the product of intervals for the roots?,1,exam_paper_en-file-putnam-archive_1999_Solutions_1999s_page_002_p2_c5,exam_paper_en-file-putnam-archive_1999_Solutions_1999s_page_002_p2_c5,1,True,1.0
What is the minimum value achieved by the integral over the product of intervals for the roots?,3,exam_paper_en-file-putnam-archive_1999_Solutions_1999s_page_002_p2_c5,"exam_paper_en-file-putnam-archive_1999_Solutions_1999s_page_002_p2_c5,exam_paper_en-file-putnam-archive_1999_Solutions_1999s_page_002_p2_c1,exam_paper_en-file-putnam-archive_2007_Solutions_2007s_page_001_p1_c8",1,True,1.0
What is the minimum value achieved by the integral over the product of intervals for the roots?,5,exam_paper_en-file-putnam-archive_1999_Solutions_1999s_page_002_p2_c5,"exam_paper_en-file-putnam-archive_1999_Solutions_1999s_page_002_p2_c5,exam_paper_en-file-putnam-archive_1999_Solutions_1999s_page_002_p2_c1,exam_paper_en-file-putnam-archive_2007_Solutions_2007s_page_001_p1_c8,exam_paper_en-file-putnam-archive_1998_Solutions_1998s_page_002_p2_c0,jiaocaineedrop_glossary.pdf_7_p7_c6",1,True,1.0
What is the equation obtained after rearranging the given equation?,1,exam_paper_en-file-putnam-archive_1999_Solutions_1999s_page_002_p2_c6,exam_paper_en-file-putnam-archive_1999_Solutions_1999s_page_002_p2_c7,0,False,0.0
What is the equation obtained after rearranging the given equation?,3,exam_paper_en-file-putnam-archive_1999_Solutions_1999s_page_002_p2_c6,"exam_paper_en-file-putnam-archive_1999_Solutions_1999s_page_002_p2_c7,exam_paper_en-file-putnam-archive_1999_Solutions_1999s_page_002_p2_c6,book_en_国外数学教材-数论-Melvyn B. Nathanson—Elementary Methods in Number Theory_0451_p451_c2",2,True,1.0
What is the equation obtained after rearranging the given equation?,5,exam_paper_en-file-putnam-archive_1999_Solutions_1999s_page_002_p2_c6,"exam_paper_en-file-putnam-archive_1999_Solutions_1999s_page_002_p2_c7,exam_paper_en-file-putnam-archive_1999_Solutions_1999s_page_002_p2_c6,book_en_国外数学教材-数论-Melvyn B. Nathanson—Elementary Methods in Number Theory_0451_p451_c2,book_en_国外数学教材-数论-Melvyn B. Nathanson—Elementary Methods in Number Theory_0451_p451_c3,jiaocaineedrop_jiaocai_needrop_en_2518_p2518_c1",2,True,1.0
What is the formula for $ a_{n} $?,1,exam_paper_en-file-putnam-archive_1999_Solutions_1999s_page_002_p2_c7,exam_paper_en-file-putnam-archive_2006_Solutions_2006s_page_006_p6_c6,0,False,0.0
What is the formula for $ a_{n} $?,3,exam_paper_en-file-putnam-archive_1999_Solutions_1999s_page_002_p2_c7,"exam_paper_en-file-putnam-archive_2006_Solutions_2006s_page_006_p6_c6,exam_paper_en-file-putnam-archive_1999_Solutions_1999s_page_002_p2_c7,exam_paper_en-file-putnam-archive_2006_Solutions_2006s_page_006_p6_c5",2,True,1.0
What is the formula for $ a_{n} $?,5,exam_paper_en-file-putnam-archive_1999_Solutions_1999s_page_002_p2_c7,"exam_paper_en-file-putnam-archive_2006_Solutions_2006s_page_006_p6_c6,exam_paper_en-file-putnam-archive_1999_Solutions_1999s_page_002_p2_c7,exam_paper_en-file-putnam-archive_2006_Solutions_2006s_page_006_p6_c5,exam_paper_en-file-putnam-archive_2007_Solutions_2007s_page_005_p5_c1,exam_paper_en-file-putnam-archive_2006_Solutions_2006s_page_006_p6_c7",2,True,1.0
What is the formula number for the first displayed formula?,1,book_en_国外数学教材-数论-Melvyn B. Nathanson—Elementary Methods in Number Theory_0451_p451_c1,jiaocaineedrop_jiaocai_needrop_en_2518_p2518_c1,0,False,0.0
What is the formula number for the first displayed formula?,3,book_en_国外数学教材-数论-Melvyn B. Nathanson—Elementary Methods in Number Theory_0451_p451_c1,"jiaocaineedrop_jiaocai_needrop_en_2518_p2518_c1,yanbaopptmerge_3aa9b6677e17fd012b0a7a230b9f18db.pdf_1327_p1327_c0,jiaocaineedrop_jiaocai_needrop_en_2518_p2518_c0",0,False,0.0
What is the formula number for the first displayed formula?,5,book_en_国外数学教材-数论-Melvyn B. Nathanson—Elementary Methods in Number Theory_0451_p451_c1,"jiaocaineedrop_jiaocai_needrop_en_2518_p2518_c1,yanbaopptmerge_3aa9b6677e17fd012b0a7a230b9f18db.pdf_1327_p1327_c0,jiaocaineedrop_jiaocai_needrop_en_2518_p2518_c0,exam_paper_en-file-putnam-archive_2006_Solutions_2006s_page_006_p6_c5,book_en_A.Concise.Introduction.to.Linear.Algebra,.Geza.Schay,.Birkhauser,.2012_page_065_p65_c1",0,False,0.0
What is the formula number for the equation that includes the summation with u squared and d delta equal to n?,1,book_en_国外数学教材-数论-Melvyn B. Nathanson—Elementary Methods in Number Theory_0451_p451_c2,book_en_国外数学教材-数论-Melvyn B. Nathanson—Elementary Methods in Number Theory_0451_p451_c0,0,False,0.0
What is the formula number for the equation that includes the summation with u squared and d delta equal to n?,3,book_en_国外数学教材-数论-Melvyn B. Nathanson—Elementary Methods in Number Theory_0451_p451_c2,"book_en_国外数学教材-数论-Melvyn B. Nathanson—Elementary Methods in Number Theory_0451_p451_c0,book_en_国外数学教材-数论-Melvyn B. Nathanson—Elementary Methods in Number Theory_0451_p451_c1,book_en_国外数学教材-数论-Melvyn B. Nathanson—Elementary Methods in Number Theory_0451_p451_c2",3,True,1.0
What is the formula number for the equation that includes the summation with u squared and d delta equal to n?,5,book_en_国外数学教材-数论-Melvyn B. Nathanson—Elementary Methods in Number Theory_0451_p451_c2,"book_en_国外数学教材-数论-Melvyn B. Nathanson—Elementary Methods in Number Theory_0451_p451_c0,book_en_国外数学教材-数论-Melvyn B. Nathanson—Elementary Methods in Number Theory_0451_p451_c1,book_en_国外数学教材-数论-Melvyn B. Nathanson—Elementary Methods in Number Theory_0451_p451_c2,book_en_国外数学教材-数论-Melvyn B. Nathanson—Elementary Methods in Number Theory_0451_p451_c3,book_zh_JGJ1022003_extracted_page_27_p27_c2",3,True,1.0
What type of exam will be conducted?,1,PPT_all655920_page_001_p1_c0,PPT_all655920_page_001_p1_c0,1,True,1.0
What type of exam will be conducted?,3,PPT_all655920_page_001_p1_c0,"PPT_all655920_page_001_p1_c0,jiaocaineedrop_jiaocai_needrop_en_377_p377_c3,jiaocaineedrop_Chapter9.pdf_46_p46_c0",1,True,1.0
What type of exam will be conducted?,5,PPT_all655920_page_001_p1_c0,"PPT_all655920_page_001_p1_c0,jiaocaineedrop_jiaocai_needrop_en_377_p377_c3,jiaocaineedrop_Chapter9.pdf_46_p46_c0,exam_paper_2004-2019上海高考英语听力原文和答案_page_017_p17_c2,jiaocaineedrop_jiaocai_needrop_en_237_p237_c0",1,True,1.0
哪个选项最能表示该投票结果？,1,jiaocaineedrop_jiaocai_needrop_en_3274_p3274_c1,jiaocaineedrop_jiaocai_needrop_en_3274_p3274_c1,1,True,1.0
哪个选项最能表示该投票结果？,3,jiaocaineedrop_jiaocai_needrop_en_3274_p3274_c1,"jiaocaineedrop_jiaocai_needrop_en_3274_p3274_c1,jiaocaineedrop_jiaocai_needrop_en_3274_p3274_c0,jiaocaineedrop_96657786.pdf_0_p0_c3",1,True,1.0
哪个选项最能表示该投票结果？,5,jiaocaineedrop_jiaocai_needrop_en_3274_p3274_c1,"jiaocaineedrop_jiaocai_needrop_en_3274_p3274_c1,jiaocaineedrop_jiaocai_needrop_en_3274_p3274_c0,jiaocaineedrop_96657786.pdf_0_p0_c3,jiaocaineedrop_jiaocai_needrop_en_1564_p1564_c0,jiaocaineedrop_96657786.pdf_0_p0_c0",1,True,1.0
What is the observed number of cases for oropharynx/tonsil in the first primary NHL subtype CLL/SLL?,1,scihub_bloodadvances.2019030924.pdf_3_p3_c0,scihub_bloodadvances.2019030924.pdf_3_p3_c0,1,True,1.0
What is the observed number of cases for oropharynx/tonsil in the first primary NHL subtype CLL/SLL?,3,scihub_bloodadvances.2019030924.pdf_3_p3_c0,"scihub_bloodadvances.2019030924.pdf_3_p3_c0,scihub_bloodadvances.2019030924.pdf_3_p3_c2,scihub_bloodadvances.2019030924.pdf_3_p3_c3",1,True,1.0
What is the observed number of cases for oropharynx/tonsil in the first primary NHL subtype CLL/SLL?,5,scihub_bloodadvances.2019030924.pdf_3_p3_c0,"scihub_bloodadvances.2019030924.pdf_3_p3_c0,scihub_bloodadvances.2019030924.pdf_3_p3_c2,scihub_bloodadvances.2019030924.pdf_3_p3_c3,scihub_bloodadvances.2019030924.pdf_3_p3_c1,scihub_bloodadvances.2019030924.pdf_3_p3_c9",1,True,1.0
What is the 95% CI for the third row in the Stomach section?,1,scihub_bloodadvances.2019030924.pdf_3_p3_c1,scihub_bloodadvances.2019030924.pdf_3_p3_c1,1,True,1.0
What is the 95% CI for the third row in the Stomach section?,3,scihub_bloodadvances.2019030924.pdf_3_p3_c1,"scihub_bloodadvances.2019030924.pdf_3_p3_c1,scihub_bloodadvances.2019030924.pdf_3_p3_c4,scihub_bloodadvances.2019030924.pdf_3_p3_c3",1,True,1.0
What is the 95% CI for the third row in the Stomach section?,5,scihub_bloodadvances.2019030924.pdf_3_p3_c1,"scihub_bloodadvances.2019030924.pdf_3_p3_c1,scihub_bloodadvances.2019030924.pdf_3_p3_c4,scihub_bloodadvances.2019030924.pdf_3_p3_c3,scihub_bloodadvances.2019030924.pdf_3_p3_c0,scihub_bloodadvances.2019030924.pdf_3_p3_c5",1,True,1.0
What is the P value for the cervix uteri subtype?,1,scihub_bloodadvances.2019030924.pdf_3_p3_c2,scihub_bloodadvances.2019030924.pdf_3_p3_c2,1,True,1.0
What is the P value for the cervix uteri subtype?,3,scihub_bloodadvances.2019030924.pdf_3_p3_c2,"scihub_bloodadvances.2019030924.pdf_3_p3_c2,scihub_bloodadvances.2019030924.pdf_3_p3_c3,scihub_bloodadvances.2019030924.pdf_3_p3_c8",1,True,1.0
What is the P value for the cervix uteri subtype?,5,scihub_bloodadvances.2019030924.pdf_3_p3_c2,"scihub_bloodadvances.2019030924.pdf_3_p3_c2,scihub_bloodadvances.2019030924.pdf_3_p3_c3,scihub_bloodadvances.2019030924.pdf_3_p3_c8,scihub_bloodadvances.2019030924.pdf_3_p3_c0,scihub_bloodadvances.2019030924.pdf_3_p3_c1",1,True,1.0
What was the SIR for gastric MZL survivors?,1,scihub_bloodadvances.2019030924.pdf_3_p3_c3,scihub_bloodadvances.2019030924.pdf_3_p3_c4,0,False,0.0
What was the SIR for gastric MZL survivors?,3,scihub_bloodadvances.2019030924.pdf_3_p3_c3,"scihub_bloodadvances.2019030924.pdf_3_p3_c4,scihub_bloodadvances.2019030924.pdf_3_p3_c6,scihub_bloodadvances.2019030924.pdf_3_p3_c3",3,True,1.0
What was the SIR for gastric MZL survivors?,5,scihub_bloodadvances.2019030924.pdf_3_p3_c3,"scihub_bloodadvances.2019030924.pdf_3_p3_c4,scihub_bloodadvances.2019030924.pdf_3_p3_c6,scihub_bloodadvances.2019030924.pdf_3_p3_c3,scihub_bloodadvances.2019030924.pdf_3_p3_c8,scihub_bloodadvances.2019030924.pdf_3_p3_c7",3,True,1.0
What was the SIR for stomach cancer among survivors of nodal DLBCL?,1,scihub_bloodadvances.2019030924.pdf_3_p3_c5,scihub_bloodadvances.2019030924.pdf_3_p3_c4,0,False,0.0
What was the SIR for stomach cancer among survivors of nodal DLBCL?,3,scihub_bloodadvances.2019030924.pdf_3_p3_c5,"scihub_bloodadvances.2019030924.pdf_3_p3_c4,scihub_bloodadvances.2019030924.pdf_3_p3_c5,scihub_bloodadvances.2019030924.pdf_3_p3_c6",2,True,1.0
What was the SIR for stomach cancer among survivors of nodal DLBCL?,5,scihub_bloodadvances.2019030924.pdf_3_p3_c5,"scihub_bloodadvances.2019030924.pdf_3_p3_c4,scihub_bloodadvances.2019030924.pdf_3_p3_c5,scihub_bloodadvances.2019030924.pdf_3_p3_c6,scihub_bloodadvances.2019030924.pdf_3_p3_c8,scihub_bloodadvances.2019030924.pdf_3_p3_c7",2,True,1.0
What was the SIR for liver cancer among DLBCL survivors diagnosed before age 60 years?,1,scihub_bloodadvances.2019030924.pdf_3_p3_c6,scihub_bloodadvances.2019030924.pdf_3_p3_c7,0,False,0.0
What was the SIR for liver cancer among DLBCL survivors diagnosed before age 60 years?,3,scihub_bloodadvances.2019030924.pdf_3_p3_c6,"scihub_bloodadvances.2019030924.pdf_3_p3_c7,scihub_bloodadvances.2019030924.pdf_3_p3_c6,scihub_bloodadvances.2019030924.pdf_3_p3_c5",2,True,1.0
What was the SIR for liver cancer among DLBCL survivors diagnosed before age 60 years?,5,scihub_bloodadvances.2019030924.pdf_3_p3_c6,"scihub_bloodadvances.2019030924.pdf_3_p3_c7,scihub_bloodadvances.2019030924.pdf_3_p3_c6,scihub_bloodadvances.2019030924.pdf_3_p3_c5,scihub_bloodadvances.2019030924.pdf_3_p3_c8,scihub_bloodadvances.2019030924.pdf_3_p3_c4",2,True,1.0
What was the SIR for liver cancer among DLBCL survivors diagnosed before age 60 years?,1,scihub_bloodadvances.2019030924.pdf_3_p3_c7,scihub_bloodadvances.2019030924.pdf_3_p3_c7,1,True,1.0
What was the SIR for liver cancer among DLBCL survivors diagnosed before age 60 years?,3,scihub_bloodadvances.2019030924.pdf_3_p3_c7,"scihub_bloodadvances.2019030924.pdf_3_p3_c7,scihub_bloodadvances.2019030924.pdf_3_p3_c6,scihub_bloodadvances.2019030924.pdf_3_p3_c5",1,True,1.0
What was the SIR for liver cancer among DLBCL survivors diagnosed before age 60 years?,5,scihub_bloodadvances.2019030924.pdf_3_p3_c7,"scihub_bloodadvances.2019030924.pdf_3_p3_c7,scihub_bloodadvances.2019030924.pdf_3_p3_c6,scihub_bloodadvances.2019030924.pdf_3_p3_c5,scihub_bloodadvances.2019030924.pdf_3_p3_c8,scihub_bloodadvances.2019030924.pdf_3_p3_c4",1,True,1.0
What software was used to create the figures mentioned in the text?,1,scihub_bloodadvances.2019030924.pdf_3_p3_c9,scihub_bloodadvances.2019030924.pdf_3_p3_c9,1,True,1.0
What software was used to create the figures mentioned in the text?,3,scihub_bloodadvances.2019030924.pdf_3_p3_c9,"scihub_bloodadvances.2019030924.pdf_3_p3_c9,newspaper_The Wall Street Journal - 2025-01-08@magazinesclubnew_page_018_p18_c1,newspaper_The Globe and Mail - 2025-1-8@magazinesclubnew_page_014_p14_c5",1,True,1.0
What software was used to create the figures mentioned in the text?,5,scihub_bloodadvances.2019030924.pdf_3_p3_c9,"scihub_bloodadvances.2019030924.pdf_3_p3_c9,newspaper_The Wall Street Journal - 2025-01-08@magazinesclubnew_page_018_p18_c1,newspaper_The Globe and Mail - 2025-1-8@magazinesclubnew_page_014_p14_c5,docstructbench_llm-raw-scihub-o.O-j.chroma.2005.05.085.pdf_4_p4_c5,newspaper_The Globe and Mail - 2025-1-8@magazinesclubnew_page_014_p14_c4",1,True,1.0
From where was the file downloaded?,1,scihub_bloodadvances.2019030924.pdf_3_p3_c10,color_textbook_教材全解1+1二年级上册英语上海牛津版_page_067_p67_c1,0,False,0.0
From where was the file downloaded?,3,scihub_bloodadvances.2019030924.pdf_3_p3_c10,"color_textbook_教材全解1+1二年级上册英语上海牛津版_page_067_p67_c1,jiaocaineedrop_jiaocai_needrop_en_453_p453_c0,scihub_bloodadvances.2019030924.pdf_3_p3_c10",3,True,1.0
From where was the file downloaded?,5,scihub_bloodadvances.2019030924.pdf_3_p3_c10,"color_textbook_教材全解1+1二年级上册英语上海牛津版_page_067_p67_c1,jiaocaineedrop_jiaocai_needrop_en_453_p453_c0,scihub_bloodadvances.2019030924.pdf_3_p3_c10,docstructbench_dianzishu_zhongwenzaixian-o.O-61570552.pdf_129_p129_c0,jiaocaineedrop_c2-ma-11-q-11-cl.pdf_2_p2_c0",3,True,1.0
What is the maximum number of points in Z that can be contained in any affine k-dimensional plane in R^n?,1,exam_paper_en-file-putnam-archive_2006_Solutions_2006s_page_006_p6_c0,exam_paper_en-file-putnam-archive_2006_Solutions_2006s_page_006_p6_c0,1,True,1.0
What is the maximum number of points in Z that can be contained in any affine k-dimensional plane in R^n?,3,exam_paper_en-file-putnam-archive_2006_Solutions_2006s_page_006_p6_c0,"exam_paper_en-file-putnam-archive_2006_Solutions_2006s_page_006_p6_c0,exam_paper_en-file-putnam-archive_2006_Solutions_2006s_page_006_p6_c4,exam_paper_en-file-putnam-archive_2006_Solutions_2006s_page_006_p6_c1",1,True,1.0
What is the maximum number of points in Z that can be contained in any affine k-dimensional plane in R^n?,5,exam_paper_en-file-putnam-archive_2006_Solutions_2006s_page_006_p6_c0,"exam_paper_en-file-putnam-archive_2006_Solutions_2006s_page_006_p6_c0,exam_paper_en-file-putnam-archive_2006_Solutions_2006s_page_006_p6_c4,exam_paper_en-file-putnam-archive_2006_Solutions_2006s_page_006_p6_c1,jiaocaineedrop_jiaocai_needrop_en_1564_p1564_c3,exam_paper_en-file-putnam-archive_2002_Solutions_2002s_page_001_p1_c2",1,True,1.0
What is the condition for $ V \cap V_0 $ and $ V \cap V_1 $?,1,exam_paper_en-file-putnam-archive_2006_Solutions_2006s_page_006_p6_c1,exam_paper_en-file-putnam-archive_2006_Solutions_2006s_page_006_p6_c1,1,True,1.0
What is the condition for $ V \cap V_0 $ and $ V \cap V_1 $?,3,exam_paper_en-file-putnam-archive_2006_Solutions_2006s_page_006_p6_c1,"exam_paper_en-file-putnam-archive_2006_Solutions_2006s_page_006_p6_c1,exam_paper_en-file-putnam-archive_2006_Solutions_2006s_page_006_p6_c0,book_en_国外数学教材-非数学专业教材-线性代数-Gilbert Strang—Linear Algebra and Its Applications 4e_0119_p119_c1",1,True,1.0
What is the condition for $ V \cap V_0 $ and $ V \cap V_1 $?,5,exam_paper_en-file-putnam-archive_2006_Solutions_2006s_page_006_p6_c1,"exam_paper_en-file-putnam-archive_2006_Solutions_2006s_page_006_p6_c1,exam_paper_en-file-putnam-archive_2006_Solutions_2006s_page_006_p6_c0,book_en_国外数学教材-非数学专业教材-线性代数-Gilbert Strang—Linear Algebra and Its Applications 4e_0119_p119_c1,jiaocaineedrop_Evans_PDE_Solution_Chapter_6_Second-Order_Elliptic_Equations.pdf_5_p5_c2,exam_paper_en-file-putnam-archive_2006_Solutions_2006s_page_006_p6_c4",1,True,1.0
What is the field denoted by $\mathbb{F}_2$?,1,exam_paper_en-file-putnam-archive_2006_Solutions_2006s_page_006_p6_c2,exam_paper_en-file-putnam-archive_1996_Solutions_1996s_page_002_p2_c8,0,False,0.0
What is the field denoted by $\mathbb{F}_2$?,3,exam_paper_en-file-putnam-archive_2006_Solutions_2006s_page_006_p6_c2,"exam_paper_en-file-putnam-archive_1996_Solutions_1996s_page_002_p2_c8,exam_paper_en-file-putnam-archive_2007_Solutions_2007s_page_001_p1_c6,scihub_ijcac.2012040101.pdf_5_p5_c6",0,False,0.0
What is the field denoted by $\mathbb{F}_2$?,5,exam_paper_en-file-putnam-archive_2006_Solutions_2006s_page_006_p6_c2,"exam_paper_en-file-putnam-archive_1996_Solutions_1996s_page_002_p2_c8,exam_paper_en-file-putnam-archive_2007_Solutions_2007s_page_001_p1_c6,scihub_ijcac.2012040101.pdf_5_p5_c6,jiaocaineedrop_jiaocai_needrop_en_1564_p1564_c3,exam_paper_en-file-putnam-archive_2012_Solutions_2012s_page_001_p1_c1",0,False,0.0
What is the cardinality of the subspace containing $\bar{S}$?,1,exam_paper_en-file-putnam-archive_2006_Solutions_2006s_page_006_p6_c3,exam_paper_en-file-putnam-archive_2006_Solutions_2006s_page_006_p6_c3,1,True,1.0
What is the cardinality of the subspace containing $\bar{S}$?,3,exam_paper_en-file-putnam-archive_2006_Solutions_2006s_page_006_p6_c3,"exam_paper_en-file-putnam-archive_2006_Solutions_2006s_page_006_p6_c3,exam_paper_en-file-putnam-archive_2006_Solutions_2006s_page_006_p6_c1,exam_paper_en-file-putnam-archive_2006_Solutions_2006s_page_006_p6_c2",1,True,1.0
What is the cardinality of the subspace containing $\bar{S}$?,5,exam_paper_en-file-putnam-archive_2006_Solutions_2006s_page_006_p6_c3,"exam_paper_en-file-putnam-archive_2006_Solutions_2006s_page_006_p6_c3,exam_paper_en-file-putnam-archive_2006_Solutions_2006s_page_006_p6_c1,exam_paper_en-file-putnam-archive_2006_Solutions_2006s_page_006_p6_c2,newspaper_The Globe and Mail - 2025-1-8@magazinesclubnew_page_014_p14_c3,newspaper_The Globe and Mail - 2025-1-8@magazinesclubnew_page_014_p14_c1",1,True,1.0
What is the maximum number of elements in V ∩ Z according to the third solution?,1,exam_paper_en-file-putnam-archive_2006_Solutions_2006s_page_006_p6_c4,exam_paper_en-file-putnam-archive_2006_Solutions_2006s_page_006_p6_c4,1,True,1.0
What is the maximum number of elements in V ∩ Z according to the third solution?,3,exam_paper_en-file-putnam-archive_2006_Solutions_2006s_page_006_p6_c4,"exam_paper_en-file-putnam-archive_2006_Solutions_2006s_page_006_p6_c4,exam_paper_en-file-putnam-archive_2006_Solutions_2006s_page_006_p6_c1,exam_paper_en-file-putnam-archive_2006_Solutions_2006s_page_006_p6_c0",1,True,1.0
What is the maximum number of elements in V ∩ Z according to the third solution?,5,exam_paper_en-file-putnam-archive_2006_Solutions_2006s_page_006_p6_c4,"exam_paper_en-file-putnam-archive_2006_Solutions_2006s_page_006_p6_c4,exam_paper_en-file-putnam-archive_2006_Solutions_2006s_page_006_p6_c1,exam_paper_en-file-putnam-archive_2006_Solutions_2006s_page_006_p6_c0,exam_paper_en-file-putnam-archive_2006_Solutions_2006s_page_006_p6_c3,exam_paper_en-file-putnam-archive_2000_Solutions_2000s_page_001_p1_c3",1,True,1.0
What is the answer to B–5?,1,exam_paper_en-file-putnam-archive_2006_Solutions_2006s_page_006_p6_c5,exam_paper_en-file-putnam-archive_2006_Solutions_2006s_page_006_p6_c5,1,True,1.0
What is the answer to B–5?,3,exam_paper_en-file-putnam-archive_2006_Solutions_2006s_page_006_p6_c5,"exam_paper_en-file-putnam-archive_2006_Solutions_2006s_page_006_p6_c5,exam_paper_en-file-putnam-archive_1995_Solutions_1995s_page_002_p2_c5,newspaper_The Wall Street Journal - 2025-01-08@magazinesclubnew_page_018_p18_c2",1,True,1.0
What is the answer to B–5?,5,exam_paper_en-file-putnam-archive_2006_Solutions_2006s_page_006_p6_c5,"exam_paper_en-file-putnam-archive_2006_Solutions_2006s_page_006_p6_c5,exam_paper_en-file-putnam-archive_1995_Solutions_1995s_page_002_p2_c5,newspaper_The Wall Street Journal - 2025-01-08@magazinesclubnew_page_018_p18_c2,exam_paper_en-file-putnam-archive_1995_Solutions_1995s_page_002_p2_c3,newspaper_The Wall Street Journal - 2025-01-08@magazinesclubnew_page_018_p18_c3",1,True,1.0
What is the bound on $ a_n $ as $ n $ approaches infinity?,1,exam_paper_en-file-putnam-archive_2006_Solutions_2006s_page_006_p6_c6,exam_paper_en-file-putnam-archive_2012_Solutions_2012s_page_001_p1_c3,0,False,0.0
What is the bound on $ a_n $ as $ n $ approaches infinity?,3,exam_paper_en-file-putnam-archive_2006_Solutions_2006s_page_006_p6_c6,"exam_paper_en-file-putnam-archive_2012_Solutions_2012s_page_001_p1_c3,exam_paper_en-file-putnam-archive_2006_Solutions_2006s_page_006_p6_c6,exam_paper_en-file-putnam-archive_2006_Solutions_2006s_page_006_p6_c7",2,True,1.0
What is the bound on $ a_n $ as $ n $ approaches infinity?,5,exam_paper_en-file-putnam-archive_2006_Solutions_2006s_page_006_p6_c6,"exam_paper_en-file-putnam-archive_2012_Solutions_2012s_page_001_p1_c3,exam_paper_en-file-putnam-archive_2006_Solutions_2006s_page_006_p6_c6,exam_paper_en-file-putnam-archive_2006_Solutions_2006s_page_006_p6_c7,exam_paper_en-file-putnam-archive_2006_Solutions_2006s_page_006_p6_c8,exam_paper_en-file-putnam-archive_2007_Solutions_2007s_page_005_p5_c1",2,True,1.0
What is the limit of the difference between consecutive terms of the sequence $ a_{n+1}^{(k+1)/k} $ and $ a_{n}^{(k+1)/k} $?,1,exam_paper_en-file-putnam-archive_2006_Solutions_2006s_page_006_p6_c7,exam_paper_en-file-putnam-archive_2006_Solutions_2006s_page_006_p6_c6,0,False,0.0
What is the limit of the difference between consecutive terms of the sequence $ a_{n+1}^{(k+1)/k} $ and $ a_{n}^{(k+1)/k} $?,3,exam_paper_en-file-putnam-archive_2006_Solutions_2006s_page_006_p6_c7,"exam_paper_en-file-putnam-archive_2006_Solutions_2006s_page_006_p6_c6,exam_paper_en-file-putnam-archive_2006_Solutions_2006s_page_006_p6_c7,exam_paper_en-file-putnam-archive_2006_Solutions_2006s_page_006_p6_c8",2,True,1.0
What is the limit of the difference between consecutive terms of the sequence $ a_{n+1}^{(k+1)/k} $ and $ a_{n}^{(k+1)/k} $?,5,exam_paper_en-file-putnam-archive_2006_Solutions_2006s_page_006_p6_c7,"exam_paper_en-file-putnam-archive_2006_Solutions_2006s_page_006_p6_c6,exam_paper_en-file-putnam-archive_2006_Solutions_2006s_page_006_p6_c7,exam_paper_en-file-putnam-archive_2006_Solutions_2006s_page_006_p6_c8,exam_paper_en-file-putnam-archive_1995_Solutions_1995s_page_002_p2_c0,exam_paper_en-file-putnam-archive_2009_Solutions_2009s_page_003_p3_c1",2,True,1.0
线段 c 是 a 和 b 的比例中项，则 c 等于多少？,1,jiaocaineedrop_jiaocai_needrop_en_1141_p1141_c0,jiaocaineedrop_jiaocai_needrop_en_1141_p1141_c0,1,True,1.0
线段 c 是 a 和 b 的比例中项，则 c 等于多少？,3,jiaocaineedrop_jiaocai_needrop_en_1141_p1141_c0,"jiaocaineedrop_jiaocai_needrop_en_1141_p1141_c0,jiaocaineedrop_96657786.pdf_0_p0_c2,jiaocaineedrop_96657786.pdf_0_p0_c4",1,True,1.0
线段 c 是 a 和 b 的比例中项，则 c 等于多少？,5,jiaocaineedrop_jiaocai_needrop_en_1141_p1141_c0,"jiaocaineedrop_jiaocai_needrop_en_1141_p1141_c0,jiaocaineedrop_96657786.pdf_0_p0_c2,jiaocaineedrop_96657786.pdf_0_p0_c4,jiaocaineedrop_96657786.pdf_0_p0_c3,jiaocaineedrop_96657786.pdf_0_p0_c1",1,True,1.0
