user_input,retrieved_contexts,response,faithfulness,answer_relevancy
What is the value for ToolA in the first column?,"['8</td><td>920.1</td><td>402.7</td><td>268.5</td><td>60.9</td><td>559.1</td><td>731.6</td><td>691.1</td></tr><tr><td>ToolA</td><td>833.8</td><td>194.9</td><td>299.0</td><td>264.4</td><td>258.4</td><td>220.2</td><td>448.8</td><td>52.8</td><td>112.2</td><td>309.2</td></tr><tr><td>ToolB</td><td>699.2</td><td>171.4</td><td>215.9</td><td>207.3</td><td>346.0</td><td>281.0</td><td>642.4</td><td>136.2</td><td>82.4</td><td>334.1</td></tr><tr><td>ToolC</td><td>1240.5</td><td>395.4</td><td>342.1</td><td>437.3</td><td>176.5</td><td>251.8</td><td>507.9</td><td>212.2</td><td>274.0</td><td>57.', '8</td><td>1398.8</td><td>1034.2</td><td>1421.6</td><td>1000.1</td><td>2313.6</td><td>2348.9</td><td>303.2</td><td>248.9</td><td>283.1</td></tr><tr><td>ToolB</td><td>6202.4</td><td>3264.8</td><td>1643.6</td><td>2919.5</td><td>1692.3</td><td>3351.2</td><td>3470.5</td><td>1325.7</td><td>539.8</td><td>1029.2</td></tr><tr><td>ToolC</td><td>3540.', '0^a $\n##table\n<table><tr><td>$ \\chi^{2} $</td><td>Build</td><td>WoBA</td><td>WoBB</td><td>WoBC</td><td>WoBD</td><td>Cycl</td><td>Sand</td><td>ToolA</td><td>ToolB</td><td>ToolC</td></tr><tr><td>Build</td><td>136.1</td><td>353.1</td><td>523.7</td><td>352.9</td><td>1340.8</td><td>647.1</td><td>1411.8</td><td>715.5</td><td>618.7</td><td>1215.1</td></tr><tr><td>WoBA</td><td>613.5</td><td>57.9</td><td>236.0</td><td>249.4</td><td>345.8</td><td>168.3</td><td>482.3</td><td>144.0</td><td>141.4</td><td>395.9</td></tr><tr><td>WoBB</td><td>517.8</td><td>204.0</td><td>51.6</td><td>255.3</td><td>463.1</td><td>240.7</td><td>608.5</td><td>240.7</td><td>177.7</td><td>359.4</td></tr><tr><td>WoBC</td><td>484.3</td><td>264.3</td><td>234.5</td><td>85.2</td><td>656.9</td><td>362.7</td><td>787.3</td><td>286.1</td><td>254.7</td><td>517.8</td></tr><tr><td>WoBD</td><td>1703.0</td><td>565.1</td><td>670.5</td><td>740.2</td><td>59.7</td><td>315.8</td><td>404.0</td><td>368.5</td><td>465.3</td><td>259.6</td></tr><tr><td>Cycl</td><td>753.3</td><td>164.0</td><td>311.6</td><td>325.3</td><td>273.1</td><td>25.9</td><td>193.6</td><td>182.2</td><td>234.5</td><td>309.0</td></tr><tr><td>Sand</td><td>1834.4</td><td>587.9</td><td>939.', '7</td><td>951.9</td><td>1915.3</td><td>1100.7</td><td>1835.8</td><td>1692.4</td><td>1889.2</td><td>1978.0</td><td>3546.3</td><td>2322.3</td></tr><tr><td>WoBA</td><td>2018.0</td><td>490.5</td><td>1695.2</td><td>982.4</td><td>1284.4</td><td>2488.2</td><td>2458.4</td><td>466.6</td><td>1214.3</td><td>592.0</td></tr><tr><td>WoBB</td><td>4201.7</td><td>2514.2</td><td>603.6</td><td>1993.4</td><td>1000.8</td><td>1564.0</td><td>1825.9</td><td>1240.0</td><td>578.6</td><td>1167.5</td></tr><tr><td>WoBC</td><td>1197.9</td><td>843.8</td><td>740.2</td><td>469.7</td><td>381.7</td><td>1299.2</td><td>949.0</td><td>1040.3</td><td>1584.1</td><td>1028.1</td></tr><tr><td>WoBD</td><td>4045.1</td><td>3050.5</td><td>493.5</td><td>2246.2</td><td>1033.4</td><td>803.2</td><td>1182.5</td><td>2003.1</td><td>1443.4</td><td>2012.2</td></tr><tr><td>Cycl</td><td>983.1</td><td>1309.7</td><td>934.9</td><td>1097.0</td><td>1158.9</td><td>399.3</td><td>490.4</td><td>1925.1</td><td>2691.5</td><td>2238.1</td></tr><tr><td>Sand</td><td>1453.0</td><td>1154.3</td><td>1339.9</td><td>737.9</td><td>1115.1</td><td>1240.1</td><td>1037.5</td><td>1820.1</td><td>2609.2</td><td>2133.4</td></tr><tr><td>ToolA</td><td>3305.', '##number\n26\n##header\nChapter 1 Matrices and Gaussian Elimination\ncolumns $b_{1}, b_{2}, b_{3}$, the columns of AB should be $Ab_{1}, Ab_{2}, Ab_{3}$!Multiplication by columns\n##display_formula\n $$ \\boldsymbol{A}\\boldsymbol{B}=\\boldsymbol{A}\\begin{bmatrix}b_{1}\\\\ b_{2}\\\\ b_{3}\\end{bmatrix}=\\begin{bmatrix}\\boldsymbol{A}\\boldsymbol{b}_{1}\\\\ \\boldsymbol{A}\\boldsymbol{b}_{2}\\\\ \\boldsymbol{A}\\boldsymbol{b}_{3}\\end{bmatrix}.$$ \nOur first requirement had to do with rows, and this one is concerned with columns.A third approach is to describe each individual entry in AB and hope for the best.In fact, there is only one possible rule, and I am not sure who discovered it.It makes everything work.It does not allow us to multiply every pair of matrices.If they are square, they must have the same size.If they are rectangular, they must not have the same shape; the number of columns in A has to equal the number of rows in B.Then A can be multiplied into each column of B.If A is m by n, and B is n by p, then multiplication is possible.The product AB will be m by p.We now find the entry in row i and column j of AB.1C The i, j entry of AB is the inner product of the ith row of A and the jth column of B.']",The value for ToolA in the first column is 833.8 [1].,1.0,0.9999999999996275
What happens when you tap the ☻ button once?,"[""##image\n\nit.) Each time you tap it, you rotate to the next keyboard you requested earlier.The new language’s name appears briefly on the space bar to identify it.Thanks to that 🎥 button, you can freely mix languages and alphabets within the same document without having to duck back to some control panel to make the change.And thanks to the iPhone’s virtual keyboard, the actual letters on the “keys” change in real time.The ☻ button works in three ways:\n• Tap it once to restore the most recent keyboard.Great if you’re frequently flipping back and forth between two languages.• Tap it rapidly to cycle among all the keyboards you've selected.(The name of the language appears briefly on the space bar to help you out.)\n• If you, some United Nations translator, like to write in a lot of different languages, you don't have to tap that ✎ key over and over again to cycle through the keyboard layouts.Instead, hold your finger down\n##footer\nTyping, Editing & Searching\n##number\n85"", '', '', '##header\nModule 2 My favourite things\n##header_image\n\n##image\n\n##paragraph_title\n互动学习\n##paragraph_title\n重点讲解·吃透教材\n##paragraph_title\n字母 h 在单词中的发音\n辅音字母 h 在单词里发声门摩擦音/h/的音，发音时，气流经过声门摩擦，由口腔而出，声带不振动。/h/是清辅音。这个音只出现在字首、字中位置。##paragraph_title\n指点迷津·提升能力\n字母 h 的发音规律：\n③在字母 r, g 或字母组合 ex-之后, h 不发音, 如:\nrhyme /raɪm/ (押韵)\n##image\n\n##paragraph_title\n小试牛刀\nLook and read(认读下面单词,并为你会读的单词下面的笑脸涂色。)\n##table\n<table><tr><td>hat</td><td>horse</td><td>happy</td><td>hop</td><td>hot</td></tr><tr><td>😊</td><td>😊</td><td>😊</td><td>😊</td><td>😊</td></tr><tr><td>house</td><td>have</td><td>has</td><td>he</td><td>hamburger</td></tr><tr><td>😊</td><td>😊</td><td>😊</td><td>😊</td><td>😊</td></tr><tr><td>hi</td><td>hello</td><td>his</td><td>honey</td><td>how</td></tr><tr><td>😊</td><td>😊</td><td>😊</td><td>😊</td><td>😊</td></tr></table>\n##image\n\n##paragraph_title\n单元复习\n##paragraph_title\n能力要求\n综合运用本单元所学的词汇和句型，对喜欢的食物进行描述和交流。##paragraph_title\n方法指导\n一、Introduction 介绍自己喜欢的食物\n1.英语中通常使用“I like eating…”句型来介绍自己喜欢的食物。注意区分食物的单复数。回答用“I like eating+食物名词”来表达，注意食物名词如果是可数名词，必须用复数。', ""##table\n<table><tr><td>Constant</td><td>Value</td><td>Meaning</td></tr><tr><td>kAlertStdAlertOKButton</td><td>1</td><td>The OK push button.The default text for this push button is “OK”.</td></tr><tr><td>kAlertStdAlertCanceIButton</td><td>2</td><td>The Cancel push button (optional).The default text for this push button is “Cancel”.</td></tr><tr><td>kAlertStdAlertOtherButton</td><td>3</td><td>A third push button (optional).The default text for this push button is “Don’t Save”.</td></tr><tr><td>kAlertStdAlertHelpButton</td><td>4</td><td>The Help push button (optional).</td></tr></table>\n##paragraph_title\nCreating Dialog Boxes\nDialog boxes may be created in one of two ways:\n- Using the function GetNewDialog, which takes descriptive information about the dialog from dialog ('DLOG') and extended dialog ('d1gx') resources.The resource ID of the 'DLOG' and 'd1gx' resources must be the same, and is passed in the first parameter of this function.- Using NewDialog, NewColorDialog, or NewFeaturesDialog, which take descriptive information passed in the parameters of those functions.##paragraph_title\nHistorical Note\nThe extended dialog resource and the NewFeaturesDialog function were introduced with OS 8 and the Appearance Manager.""]",Tapping the ☻ button once restores the most recent keyboard [1].,1.0,0.9582801777431112
Which agencies manage the extant natural and introduction sites?,"['##doc_title\n水产种质资源保护区管理暂行办法\n##doc_title\n中华人民共和国农业部令\n2011年第1号\n《水产种质资源保护区管理暂行办法》已于2010年12月30日经农业部第12次常务会议审议通过，现予公布，自2011年3月1日起施行。部长 韩长赋\n二〇一一年一月五日\n##paragraph_title\n第一章 总则\n第一条 为规范水产种质资源保护区的设立和管理，加强水产种质资源保护，根据《渔业法》等有关法律法规，制定本办法。第二条 本办法所称水产种质资源保护区，是指为保护水产种质资源及其生存环境，在具有较高经济价值和遗传育种价值的水产种质资源的主要生长繁育区域，依法划定并予以特殊保护和管理的水域、滩涂及其毗邻的岛礁、陆域。第三条 在中华人民共和国领域和中华人民共和国管辖的其他水域内设立和管理水产种质资源保护区，从事涉及水产种质资源保护区的有关活动，应当遵守本办法。第四条 农业部主管全国水产种质资源保护区工作。县级以上地方人民政府渔业行政主管部门负责辖区内水产种质资源保护区工作。第五条 农业部组织省级人民政府渔业行政主管部门制定全国水产种质资源保护区总体规划，加强水产种质资源保护区建设。省级人民政府渔业行政主管部门应当根据全国水产种质资源保护区总体规划，科学制定本行政区域内水产种质资源保护区具体实施计划，并组织落实。渔业行政主管部门应当积极争取各级人民政府支持，加大水产种质资源保护区建设和管理投入。第六条 对破坏、侵占水产种质资源保护区的行为，任何单位和个人都有权向渔业行政主管部门或者其所属的渔政监督管理机构、水产种质资源保护区管理机构举报。接到举报的渔业行政主管部门或机构应当依法调查处理，并将处理结果告知举报人。##paragraph_title\n第二章 水产种质资源保护区设立\n第七条 下列区域应当设立水产种质资源保护区：\n(一)国家和地方规定的重点保护水生生物物种的主要生长繁育区域；\n(二)我国特有或者地方特有水产种质资源的主要生长繁育区域；\n(三)重要水产养殖对象的原种、苗种的主要天然生长繁育区域；\n(四)其他具有较高经济价值和遗传育种价值的水产种质资源的主要生长繁育区域。第八条 水产种质资源保护区分为国家级水产种质资源保护区和省级水产种质资源保护区。根据保护对象资源状况、自然环境及保护需要，水产种质资源保护区可以划分为核心区和实验区。农业部和省级人民政府渔业行政主管部门分别设立国家级和省级水产种质资源保护区评审委员会，对申报的水产种质资源保护区进行评审。水产种质资源保护区评审委员会应当由渔业、环保、水利、交通、海洋、生物保护等方面的专家组成。第九条 设立省级水产种质资源保护区，由县、市级人民政府渔业行政主管部门征得本级人民政府同意后，向省级人民政府渔业行政主管部门申报。经省级水产种质资源保护区评审委员会评审后，由省级人民政府渔业行政主管部门批准设立，并公布水产种质资源保护区的名称、位置、范围和主要保护对象等内容。', '105-57), have facilitated conservation efforts that have reduced the threats to the relict leopard frog.NPS and BLM manage all extant relict leopard frog sites except Pupfish Refuge and Corn Creek.The Pupfish Refuge occurs in a protected area of Hoover Dam and Corn Creek, and is an experimental population on a Service National Wildlife Refuge.NPS provides the captive-rearing facility, which is important for establishing and augmenting relict leopard frog populations.BLM uses their regulatory mechanisms and authority to provide sites to establish new populations of relict leopard frog, a BLM sensitive species, and complete habitat improvements to benefit the species.BLM’s manual (6840—Special Status Species Management) establishes policy for management of BLM sensitive species under the Federal Land Policy and Management Act of 1976 (43 U.', '##header\nFederal Register / Vol.81, No.194 / Thursday, October 6, 2016 / Rules and Regulations\n##number\n69437\ncontrol crayfish, maintain habitat conditions by removing excess vegetation, and inform the public about the species.NPS and BLM authorities and regulatory mechanisms have successfully provided or facilitated conservation of the species (see “Conservation Actions Implemented,” above).NPS, BLM, BR, and the Service are signatories on the Conservation Agreement and actively involved in all actions of the Conservation Team.Each agency coordinates development of annual work plans and utilizes their authority to implement conservation actions that benefit the species.Federal authorities and regulatory mechanisms have successfully provided or facilitated conservation of the species.We did not find any stressors examined under the Act’s threat factors A, B, C, and E to rise to the level of a threat that would cause us to determine listing of the relict leopard frog is warranted.Based on our review of the stressors combined with the beneficial effects that the various conservation efforts and regulatory mechanisms provided to the species, we find that the existing regulatory mechanisms (Factor D) are adequate to address the stressors currently impacting the relict leopard frog and its habitat.', 'The Northshore Springs Complex and Black Canyon populations represent distinct relict leopard frog metapopulations, wherein each metapopulation consists of smaller, spatially separated populations that occasionally interact through the movement of individuals between them, but do not interact with the other metapopuation.Within the Northshore Springs Complex, dispersal of relict leopard frogs may be possible between Blue Point and Rogers Springs.Migration and dispersal among sites also appears likely in Black Canyon but not between the two metapopulations.In addition to natural sites, relict leopard frogs were introduced to 15 sites, 11 of which are extant.Introduction sites are those estimated by deliberately translocating relict leopard frogs to suitable habitat within the assumed historical range.All extant natural and introduction sites occur on lands managed by the National Park Service (NPS), Bureau of Land Management (BLM), Bureau of Reclamation (BR), and the Service.', '']",The National Park Service (NPS) and the Bureau of Land Management (BLM) manage the extant natural and introduction sites [2].,1.0,0.9999999999997553
What is the value for Japan in the third column?,"['3</td><td>2.9</td><td>-19.0</td><td>0.93</td><td>1.1</td></tr><tr><td>France</td><td>0.7</td><td>Q4</td><td>-0.1</td><td>0.9</td><td>3.4</td><td>Jan</td><td>5.7</td><td>7.3</td><td>Dec</td><td>-1.1</td><td>-4.9</td><td>2.8</td><td>-8.0</td><td>0.93</td><td>1.1</td></tr><tr><td>Germany</td><td>-0.2</td><td>Q4</td><td>-1.1</td><td>-0.2</td><td>3.1</td><td>Jan</td><td>6.0</td><td>3.1</td><td>Dec</td><td>5.6</td><td>-2.2</td><td>2.3</td><td>-7.8</td><td>0.93</td><td>1.1</td></tr><tr><td>Greece</td><td>1.8</td><td>Q3</td><td>0.1</td><td>2.2</td><td>3.2</td><td>Jan</td><td>4.2</td><td>9.2</td><td>Dec</td><td>-5.7</td><td>-2.1</td><td>3.4</td><td>-87.0</td><td>0.93</td><td>1.1</td></tr><tr><td>Italy</td><td>0.5</td><td>Q4</td><td>0.7</td><td>0.7</td><td>0.9</td><td>Jan</td><td>5.9</td><td>7.2</td><td>Dec</td><td>0.5</td><td>-5.4</td><td>3.9</td><td>-48.0</td><td>0.93</td><td>1.1</td></tr><tr><td>Netherlands</td><td>-0.5</td><td>Q4</td><td>1.3</td><td>0.1</td><td>3.1</td><td>Jan</td><td>4.1</td><td>3.6</td><td>Jan</td><td>9.4</td><td>-2.1</td><td>2.6</td><td>-12.0</td><td>0.93</td><td>1.1</td></tr><tr><td>Spain</td><td>2.0</td><td>Q4</td><td>2.5</td><td>2.3</td><td>3.5</td><td>Jan</td><td>3.', '1</td><td>Q4</td><td>3.3</td><td>2.5</td><td>3.1</td><td>Jan</td><td>4.1</td><td>3.7</td><td>Jan</td><td>-3.0</td><td>-6.3</td><td>4.3</td><td>43.0</td><td>-</td><td></td></tr><tr><td>China</td><td>5.2</td><td>Q4</td><td>4.1</td><td>5.2</td><td>-0.8</td><td>Jan</td><td>0.3</td><td>5.1</td><td>Dec $ \\dagger $ $ \\dagger $</td><td>1.7</td><td>-3.8</td><td>2.4</td><td>55</td><td>-37.0</td><td>7.19</td></tr><tr><td>Japan</td><td>1.', '5</td></tr><tr><td>South Korea</td><td>2.2</td><td>Q4</td><td>2.5</td><td>1.3</td><td>2.8</td><td>Jan</td><td>3.6</td><td>3.7</td><td>Jan</td><td>2.1</td><td>-2.7</td><td>3.5</td><td>1.0</td><td>1,335</td><td>-2.9</td></tr><tr><td>Taiwan</td><td>5.1</td><td>Q4</td><td>8.8</td><td>1.4</td><td>1.8</td><td>Jan</td><td>2.5</td><td>3.4</td><td>Dec</td><td>13.2</td><td>-0.1</td><td>1.2</td><td>2.0</td><td>31.5</td><td>-3.6</td></tr><tr><td>Thailand</td><td>1.5</td><td>Q3</td><td>3.1</td><td>2.5</td><td>-1.1</td><td>Jan</td><td>1.2</td><td>0.8</td><td>Dec</td><td>0.8</td><td>-2.7</td><td>2.8</td><td>6.0</td><td>35.9</td><td>-3.6</td></tr><tr><td>Argentina</td><td>-0.8</td><td>Q3</td><td>11.3</td><td>-1.0</td><td>254</td><td>Jan</td><td>133.5</td><td>5.7</td><td>Q3</td><td>-3.5</td><td>-6.0</td><td>na</td><td>na</td><td>838</td><td>-76.9</td></tr><tr><td>Brazil</td><td>2.0</td><td>Q3</td><td>0.6</td><td>2.9</td><td>4.5</td><td>Jan</td><td>4.6</td><td>7.4</td><td>Dec $ \\dagger $ $ \\dagger $</td><td>-1.2</td><td>-7.5</td><td>10.8</td><td>-258</td><td>4.93</td><td>4.6</td></tr><tr><td>Chile</td><td>0.6</td><td>Q3</td><td>1.3</td><td>nil</td><td>3.2</td><td>Jan</td><td>7.6</td><td>8.5</td><td>Dec $ \\dagger $ $ \\dagger $</td><td>-3.', '53</td><td>-4.5</td></tr><tr><td>Hong Kong</td><td>4.3</td><td>Q4</td><td>2.0</td><td>3.4</td><td>2.4</td><td>Dec</td><td>2.1</td><td>2.9</td><td>Dec $ \\dagger $ $ \\dagger $</td><td>7.2</td><td>-1.7</td><td>3.8</td><td>12.0</td><td>7.82</td><td>0.3</td></tr><tr><td>India</td><td>7.6</td><td>Q3</td><td>8.6</td><td>6.9</td><td>5.1</td><td>Jan</td><td>5.7</td><td>6.8</td><td>Jan</td><td>-0.5</td><td>-5.9</td><td>7.1</td><td>-26.0</td><td>83.0</td><td>-0.2</td></tr><tr><td>Indonesia</td><td>5.0</td><td>Q4</td><td>na</td><td>5.0</td><td>2.6</td><td>Jan</td><td>3.7</td><td>5.3</td><td>Q3</td><td>0.4</td><td>-2.5</td><td>6.6</td><td>-12.0</td><td>15,635</td><td>-2.8</td></tr><tr><td>Malaysia</td><td>3.0</td><td>Q4</td><td>na</td><td>3.8</td><td>1.5</td><td>Dec</td><td>2.5</td><td>3.3</td><td>Dec</td><td>1.5</td><td>-5.1</td><td>3.8</td><td>-7.0</td><td>4.79</td><td>-7.', '##header\nNO.Date\n##paragraph_title\n3.经济发展差异\n(1)各国经济差异及划分标准\n##table\n<table><tr><td>发达国家</td><td>日本、以色列</td></tr><tr><td>发展中国家</td><td>亚洲除日本、以色列之外的</td></tr><tr><td rowspan=""2"">划分标准</td><td>人均GDP</td></tr><tr><td>产业结构</td></tr></table>\n一般来说，人均GDP越高，第三产业比重越大的国家，经济越发达\n(2)三类产业的划分：\n① 第一产业：农业\n②第二产业：工业、建筑业\n③第三产业：流通、服务部门\n##number\n25']",The value for Japan in the third column is Q4 [2].,0.0,0.9999999999997525
Who died in his sleep while traveling with Franklin Pierce?,"[""S.consul to the city of Liverpool, England.He held that position for four years.Then he toured Italy and returned to England to write his last complete novel, The Marble Faun.By 1860, he returned to the United States—in ill health, struggling to continue writing, and despondent.Four years later, while traveling with Franklin Pierce, Hawthorne died in his sleep.“Mr.Hawthorne's distinctive trait is invention, creation, imagination.”\n—Edgar Allan Poe\n“What other dungeon is so dark as one’s own heart!What jailer so inexorable as one’s self!"", '', '', '谁带着泡泡旅行呢？', 'Among 11 patients with metastases 9 died']",Answer: Nathaniel Hawthorne died in his sleep while traveling with Franklin Pierce [1].,1.0,0.4693786663639477
本报告的版权归谁所有？,"['版权所有，不得转载。', '3</td></tr></table>\n##footer\n本报告版权属于安信证券股份有限公司。##footer\n各项声明请参见报告尾页。##number\n3', '本报告仅供本公司境内客户使用。本公司不会因接收人收到本报告而视其为客户。本报告仅为参考之用，并不构成对客户的投资建议，不应被视为买卖任何证券、金融工具的要约或要约邀请。本报告所包含的观点及建议并未考虑个别客户的特殊状况、目标或需要，客户应当充分考虑自身特定状况，不应单纯依靠本报告所载的内容而取代个人的独立判断。在任何情况下，本公司不对任何人因使用本报告中的任何内容而导致的任何可能的损失负任何责任。本报告是基于已公开信息撰写，但本公司不保证该等信息的准确性或完整性。本报告所载的资料、意见及预测仅反映本公司于发布本报告当日的判断，且预测方法及结果存在一定程度局限性。在不同时期，本公司可发出与本报告所刊载的意见、预测不一致的报告，但本公司没有义务和责任及时更新本报告所涉及的内容并通知客户。在法律允许的情况下，本公司及其附属机构可能持有报告中提及的公司所发行证券的头寸并进行交易，也可能为这些公司提供或正在争取提供投资银行、财务顾问、咨询服务等相关服务，本公司的员工可能担任本报告所提及的公司的董事。客户应充分考虑可能存在的利益冲突，勿将本报告作为投资决策的唯一参考依据。若本公司以外的金融机构发送本报告，则由该金融机构独自为此发送行为负责。该机构的客户应联系该机构以交易本报告提及的证券或要求获悉更详细的信息。本报告不构成本公司向发送本报告金融机构之客户提供的投资建议。本公司不会因任何机构或个人从其他机构获得本报告而将其视为本公司客户。本报告的版权仅归本公司所有，未经书面许可，任何机构或个人不得以任何形式、任何目的进行翻版、转载、发表、篡改或引用。所有在本报告中使用的商标、服务标识及标记，除非另有说明，均为本公司的商标、服务标识及标记。本公司版权所有并保留一切权利。', '投资者应注意，在法律允许的情况下，本公司及其本公司的关联机构可能会持有报告中涉及的公司所发行的证券并进行交易，并可能为这些公司正在提供或争取提供投资银行、财务顾问和金融产品等各种金融服务。本公司及其本公司的关联机构或个人可能在本报告公开发布之前已经使用或了解其中的信息。本报告版权归“中泰证券股份有限公司”所有。未经事先本公司书面授权，任何人不得对本报告进行任何形式的发布、复制。如引用、刊发，需注明出处为“中泰证券研究所”，且不得对本报告进行有悖原意的删节或修改。##number\n3\n##footer\n请务必阅读正文之后的重要声明部分', '(工信部)\n##footer\n本报告版权属于中原证券股份有限公司 www.ccnew.com\n请阅读最后一页各项声明\n##number\n第7页 / 共17页']",本报告的版权归安信证券股份有限公司所有[2]。,1.0,0.9736351359018606
What cameras are used for viewing direction in the flow from above?,"['4.PIV cameras and viewing direction (flow from above)', '##number\n786\n##chart\n\n##chart\n\n##figure_title\nFig.4 Histogram of measured streamwise (U-component) and cross-stream (V-component) velocities in the illuminated plane\nThis example was specifically selected to show a QD with large enough displacement to be discernible with naked eye.The actual displacements were determined by a direct spatial correlation approach.Results are shown in Fig.4 in terms of the histograms of the measured streamwise (U-component) and cross-stream (V-component) velocities in the illuminated plane.The overall mean velocities were measured to be  $ U_{mean} = 18.4 \\, \\mu m/s $ and  $ V_{mean} = -0.18 \\, \\mu m/s $.The small nonzero value of mean cross-stream velocity is consistent with a slight  $ (0.5^\\circ) $ rotational misalignment between the camera and the mean flow direction.We note that both distributions are nearly Gaussian with comparable velocity fluctuation levels (the difference between the fluctuation levels is expected to be mostly due to the relatively small sample size).The high level of velocity fluctuation, 57% of the mean for the streamwise velocity, is expected because of the significant random motion superposed onto the mean flow by Brownian motion of small QDs.', '##aside_text\n故事中的科学\nGUSHIZHONGDEKEXUE\n##header\n<<<<延伸阅读\n##paragraph_title\n旗语、灯塔、红绿灯\n视觉通信直接作用于人的眼睛，具有直观、简洁的特点。除了前面章节提到的烽火通信和遥望通信之外，属于这类通信方式的还有古老的旗语、灯塔、红绿灯，以及近代的传真、电视、电视电话等。早在18世纪，法国水手德·拉·博丹纳斯就曾用鲜艳的各色彩旗代表0～9十个数字，用不同的旗子组合表示不同的意思。这大概便是在航海上使用旗语的开始。大约在1800年，英国海军也开始使用旗语；1856年英国陆军军医发明了通过摇摆一面旗子便能表示不同意思的旗语。旗语简洁明了，基本上能表达水手们在海上航行时所要经常传递的一些信息。通过一本旗语手册，任何国籍的水手都能不受语言的影响而彼此沟通。由于这种方式的简便性和有效性，它至今仍为航海者所青睐，成为他们共同的“语言”。##vision_footnote\n灯塔指引\n着航海者的方向\n旗语也用在其他一些场合。在建筑工地和一些比赛现场，我们经常可以看到有人在摇着各色旗子。例如，在赛车时，一旦车道上出现事故，指挥员就会摇动红色旗子中止比赛；打出红黄条纹旗，代表车道打滑；打出蓝旗，代表有超车情况出现，等等。', 'g.Grant 1994).##paragraph_title\nCameras and light sheet traverses\nThe PIV system consisted of five digital cameras and three double-pulse Nd:YAG lasers (2×320 mJ each).The output beams from the laser systems were combined to produce an intense light sheet that was approximately 1.5 m wide and 7 mm thick.The resulting sheet was oriented at an angle of 30.6° with respect to the axis of the wind tunnel (Fig.4).Cameras, lasers and light sheet optics were mounted on a traversing system (the common support system of the DNW-LLF).In this set-up, the distance between the cameras and the light sheet could be kept constant during all PIV measurements.Therefore, a pixel-to-length re-calibration and camera alignment (which usually has to be performed after each change in the set-up) could be avoided.Additional traverses were mounted to the tower of the common support (Fig.4) in order to move the cameras parallel to the light sheet in an up and down direction (along the z axis).The common support itself allows for positioning the camera view along three axes (Fig.5), two lateral axes (x and y) and one rotation\n##image\n\n##image\n\n##figure_title\nFig.3.The distribution of seed particles in the settling chamber and in the test section\n##image\n\n##image\n\n##figure_title\nFig.', 'One, called SP80, has its origins in the Swiss Federal Institute of Technology Lausanne.The other comes from Syroco, a marine-technology startup based in Marseille, in France.The SP80 (pictured) resembles a futuristic jet fighter.Rather than a sail or a wing-sail, the vessel is propelled by a kite.At high speeds, only the front of the boat and the two pods on either side are in contact with the water, minimising drag.The pilot sits in the front of the cockpit and steers.The co-pilot, in the back seat, is in charge of the kite.""At these high speeds it\'s best to be focused on only one crucial task,"" says Laura Manon, one of the team.They have a set up base in Leucate, on the coast of southern France, to prepare for a record attempt next year.Syroco is also going for a two-seater, although its craft is even more unusual.It too is powered by a kite.The body of the boat is a torpedo-shaped compartment in which the crew sit.As the kite pulls the compartment faster, it rises out of the sea and into the air, reducing drag as much as possible.Only a small hydrofoil remains in the water, anchoring the craft and stopping it from flying away entirely.Alexandre Caizergues, one of Syroco\'s co-founders (and the holder of several kite-surfing records), will be the pilot in charge.']",The PIV cameras are used for viewing direction in the flow from above [1].,0.5,0.662385890422763
What is the title of the study on occupational disorders in women with repetitive industrial work?,"['Economic consequences of occupational disorders in women with repetitive industrial work.European Journal of Public Health 10, 127–132.##reference_content\nNRC, 2001.Musculoskeletal Disorders and the Workplace.Low Back and Upper Extremities.National Research Council.National Academy Press, Washington, DC, p.492.', '##reference_content\nOfficial Statistics of Sweden, 2000.Occupational Diseases and Occupational Accidents 1998.National Board of Occupational Safety and Health, Stockholm, Sweden.##reference_content\nOhlsson, K., Attewell, R.G., Johnsson, B., Ahlm, A., Skerfving, S., 1994a.An assessment of neck and upper extremity disorders by questionnaire and clinical examination.Ergonomics 37, 891–897.##reference_content\nOhlsson, K., Hansson, G.-A., Balogh, I., Strömberg, U., Pållsson, B., Nordander, C., Rylander, L., Skerfving, S., 1994b.Disorders of the neck and upper limbs in women in the fish processing industry.Occupational and Environmental Medicine 51, 826–832.##reference_content\nOhlsson, K., Attewell, R.G., Pålsson, B., Karlsson, B., Balogh, I., Johnsson, B., Ahlm, A., Skerfving, S., 1995.Repetitive industrial work and neck and upper limb disorders in females.American Journal of Industrial Medicine 27, 731–747.##reference_content\nPålsson, B., Strömberg, U., Ohlsson, K., Skerfving, S., 1998.', 'Absence attributed to incapacity and occupational disease/accidents among females and males workers in the fish-processing industry.Occupational Medicine 48, 289–295.##reference_content\nPersson, R., Garde, A.H., Hansen, A.M., Ørbæk, P., Ohlsson, K., 2003.', '##reference_content\n1997.Occupational and personal risk factors for carpel tunnel syndrome in industrial workers.Scandinavian Journal of Work, Environment & Health 23, 364–369.##reference_content\nSluiter, J.K., Rest, K.M., Frings-Dresen, M.H.W., 2001.', 'Methods for evaluating work-related musculoskeletal neck and upper-extremity disorders in epidemiological studies.Doctoral Thesis, National Institute of Working Life, Stockholm.http://ebib.arbetslivsinstitutet.se/ah/1998/ah1998_06\n##reference_content\nUnge Byström, J., Hansson, G.-A., Rylander, L., Ohlsson, K., Källrot, G., Skerfving, S., 2002.Physical workload on neck and upper limb using two CAD applications.Applied Ergonomics 33, 63–74.##reference_content\nViikari-Juntura, E., Riihimäki, H., 1999.New avenues in research on musculoskeletal disorders.Scandinavian Journal of Work Environment & Health 25, 564–568.##reference_content\nWestgaard, R.H., Winkel, J., 1996.Guidelines for occupational musculoskeletal load as a basis for intervention: a critical review.Applied Ergonomics 27, 79–88.##reference_content\nWestgaard, R.H., Winkel, J., 1997.Ergonomic intervention research for improved musculoskeletal health: a critical review.International Journal of Industrial Ergonomics 20, 456–500.']","The title of the study on occupational disorders in women with repetitive industrial work is ""Economic consequences of occupational disorders in women with repetitive industrial work."" [1]",1.0,0.9999999999997916
刘殿明如何发现芹菜芽的品质优势？,"['商，后来回村干起了村支书。回到村里的刘殿明决定从村民们人人熟悉的芹菜入手，让大家走上富裕路。2007年底，他先是联合54个农户成立了鲍家蔬菜种植专业合作社。但要把芹菜种植做成产业，仅靠成立合作社还不够。刘殿明又在产品细分上下起了功夫。他发现，经过地窖储存后芹菜芯中长出的芹菜芽，由于不见阳光，只能吸收根部和外面老茎的营养，不但鲜嫩，可生吃，而且口感发甜，是芹菜中品质最好的，但长期以来却被大家忽略了。2008年12月，他将精选出的芹菜芽送到首届鲍家芹菜推介会上，每斤价格就达到15元。鲍家芹菜由此一炮打响。鲍家芹菜的发展引起了辛寨镇党委政府的重视，镇党政一班人决定扶持鲍芹产业做大做强，以现代农业管理理念和方法对鲍芹发展进行重新认识和定位，确定了“市场定位于高端、质量定位于精品、价格定位于高位”的特色农业发展思路，决定把鲍家芹菜做成有机食品。在此基础上，镇政府申请注册了“丰辛”牌商标，成立了鲍芹产销合作社，实行统一供种、统一种植、统一管理、统一收获、统一价格。同时，要求菜农以施用有机肥为主，在种植中不使用任何农药，还在芹菜生长期间按照比例喷施牛奶，促使叶茎更加翠绿，色泽更加鲜亮，香味更加醇厚，确保了芹菜品质。好马还需配好鞍。', '但是由于产品的市场化水平较低、不成规模、缺乏品牌和包装的支撑，一直处于分散经营的状态。近年来，在当地政府部门的帮助下，“姬桥”牌实秆芹菜成功注册。如今，“姬桥”牌实秆芹菜已大批量地走进各大超市，名声越来越响，价格也越来越高，由原来的几毛钱一斤卖到现在的八九元钱一斤。桓台县盛产细毛山药、白莲藕、四色韭黄、实秆芹菜、红皮圆葱、金丝鸭蛋等传统特色农产品。', '12月15日，刚刚从上海世博会载誉归来的“章丘鲍芹”又赴京城，亮相人民大会堂。把推介会开到人民大会堂，“小芹菜”为何有如此的“大气魄”？“这源于我们对做大做强现代农业的信心。”章丘市辛寨镇党委书记王其坤激动地说。辛寨镇鲍家村所处位置曾是漯河故道，长期的流水冲击形成了得天独厚的土壤条件。鲍家芹菜在唐朝就已经开始种植，经过千百年的选育，鲍家芹菜形成了色泽青翠、芹香浓郁、实心无筋、鲜嫩甜脆的独特品质，被烹饪界称为“鲍芹”。在鲍家村，村民们8月播种，11月收获。在过去的10年内，每年到11月份，地里近200万斤的芹菜全部被采光，但采下的芹菜当时并不销售，而是移到地窖内储存一两个月后春节期间上市。储存后的芹菜脆嫩发甜，口感更好。可2008年前，村民们一直用地窖储存芹菜，但怎么使劲也卖不出好价钱，这让村民们非常苦恼。他们又是如何将只有两元钱一斤的芹菜在短短三年内卖出90元天价的呢？他们找到了隐藏在芹菜当中的什么秘密呢？', '##vision_footnote\n李铁成 摄\n安徽省农业委员会\n##doc_title\n章丘举办名优农产品颁奖大会\n章丘大葱、鲍家芹菜、明水白莲藕、柴家韭菜、曹范薄壳核桃、双山土猪肉……近日，在山东省章丘市举办的名优农产品颁奖大会上，琳琅满目的名优农产品让人目不暇接，集体亮相的章丘品牌农业，展示让人惊喜的发展成果。“章丘农业能有今天的成就，得益于我们的一个个精彩的‘点子’，毫不夸张的说，这是我们创意农业的成果。”章丘市委副秘书长、市农工办主任李忠新说。“吃鲍鱼不如吃鲍芹”，一句简短的宣传语，让人牢牢记住了鲍家芹菜。', 'com\n##header_image\n\n##paragraph_title\n信息快递\n##doc_title\n中国成立种业知识产权联盟以增强种业竞争力\n为增强中国种业竞争实力，在农业部倡议下，中国种业知识产权联盟于2010年11月30日在北京正式成立。据介绍，全国种业行业50多家有重要影响的农业科教单位、企业、社会团体发起成立了中国种业知识产权联盟，截至目前还有许多大学、种业公司和农业科研院所纷纷申请加入，规模还在不断扩大。此外，针对当前中国种业侵权案件层出不穷、屡禁不绝的现象依然严重，联盟将在倡导联盟成员自律守法、尊重他人知识产权的同时，对重点侵权案件提供法律援助，并代表联盟会员参与国际知识产权谈判和争议解决，维护联盟会员合法权益。农业部副部长张桃林表示，中国要以建设种业大国和强国为目标，构建以产业为导向、企业为主体、基地为依托、产学研结合、育繁推一体化的现代种业体系，全面提升中国种业发展水平。潘林青\n##doc_title\n成都市展开2011年\n大春品种筛选工作\n四川成都市种子管理站2010年12月16日在金堂绿园酒店组织召开了成都市粮经产业双创双建示范工程水稻、玉米新品种筛选试验总结会。会上，各试验点承试人员介绍了情况，筛选出表现较好的品种，水稻包括：川农优498、宜香2084、中优31、F优498、K优8602等；玉米包括：正红311、先玉508、金玉608、渝单7号、先玉335等。其中，建议宜香2084进入今年主导品种，中优31和玉米正红311在适宜地区扩大试种。会议要求各区(市)县种子站:一是务必继续做好2011年水稻、玉米新品种筛选试验,提早落实试验田块,保证试验数据的真实性和准确性。二是提高主导品种使用率,要求核心示范片达100%,示范片达95%。春玉\n##doc_title\n湖南试点良种直销\n价格至少降一成\n湖南省农业厅2010年12月22日联合隆平种业、亚华种业等9家种子龙头企业在湖南临湘、攸县等20个县市区开展良种直销。凡进入直销示范点的种子，最高零售价将低于湖南省物价局核定零售价的10%以上。湖南省农业厅副厅长李志纯介绍说，共有包括早中晚稻的47个品种参与本次直销供种试点。具体做法是：按照每个试点县建设一个配送中心，每个乡镇建设1个直销网点的办法，在20个试点县市区统一式样建设20个配送中心和500个标准良种直销网点。直销网点试点县农业行政部门验收合格后，统一授予“湖南省良种直销示范店”标牌。周勉\n##doc_title\n宁夏压砂西瓜\n为瓜农节省用种量\n宁夏农科院专家精心培育的宁夏压砂地专用西瓜自主选育新品种——“宁农科1号”，近日通过了“国考”，获得了国家相关管理机构的认可。据介绍，该品种推向市场后，可以为瓜农节省一半用种费用。宁夏农林科学院从2000年开始组织科技人员，自筹经费开展西瓜品种资源收集、组合创制、南繁北育等工作，初步选出了几个适于压砂地种植的耐旱西瓜新组合。']",刘殿明发现芹菜芽的品质优势是因为他注意到经过地窖储存后芹菜芯中长出的芹菜芽，由于不见阳光，只能吸收根部和外面老茎的营养，不但鲜嫩，可生吃，而且口感发甜，是芹菜中品质最好的，但长期以来却被大家忽略了[1]。,1.0,0.8389222315906283
What is the definition of 'doctor' according to the fragment?,"['', '', '##paragraph_title\nDialogue 1\nNURSE: Good morning.May I help you?PATIENT: Yes, please.I am here for some blood tests.NURSE: Sure.', 'nithologist n.鸟类学者\noutgoing adj.友善的，将离去的\noveracted adj.行为夸张的\npartnership n.合作\npatient a.耐心的 n.病人\npeacefully ad.和平地\npeanut n.花生\nperfect vt.', 'STRANKS/FOX\nIn spite of the efforts of creator Barbie Kingman (“Magnum, PI”), Parker and the rest of the cast, “Doc” never co-alesces into a coherent and functional TV show.It flatlines from its first few moments.Amy is every stereotype TV has ever developed about an unfeeling doctor who is brilliant but lacks bedside manner.Her patients hate hanging out with her, but she gets results, gosh darn it.She’s chief of internal medicine at a Minneapolis hospital where she annoys her ex-husband and hospital administrator Michael (Omar Metwally), stands in the way of ambitious hack Dr.Richard Miller (Scott Wolf) and makes time for discreet rendezvous with young hunk Dr.Jake Eller (Jon-Michael Ecker).']","The definition of 'doctor' according to the fragment is a medical practitioner, specifically mentioned as ""chief of internal medicine at a Minneapolis hospital"" [5].",0.6666666666666666,0.9999999999997637
What items are listed in the vocabulary section?,"['##image\n\n##paragraph_title\n拓宽视野\n● 我们在本单元学习了一些有关服装的单词，除了 trousers, sweater, shirt, coat 外，下面的有关服装的单词你认识吗？来读一读，学一学吧！##image\n\n##paragraph_title\n家长帮一帮\n请按照下表所列内容与具体要求，复习本单元重点知识，不积跬步，无以至千里，小朋友加油哦！##table\n<table><tr><td colspan=""2"">项目与要求</td><td>内容</td><td>复习方式</td></tr><tr><td rowspan=""2"">词汇</td><td>三会（听说读）</td><td>trousers(长裤),sweater(毛衣),shirt(衬衫),coat(外套)</td><td>★熟读熟记★学会运用</td></tr><tr><td>二会（听说）</td><td>listen(听),woof(狗叫声),too(也),school(学校),together(在一起),ring(铃响),time(时间)</td><td>★指读</td></tr><tr><td colspan=""2"">句子（听说读）</td><td>Summer is hot.What do you have for...?I have...</td><td>★大声朗读★熟读熟记★学会运用</td></tr><tr><td colspan=""2"">口语（听说）</td><td>Time for class./I&#x27;m sorry./That&#x27;s all right.</td><td>★指读★对话</td></tr><tr><td colspan=""2"">语音（听读）</td><td>字母l、r的发音(见教材P37)</td><td>★大声朗读★熟读熟记</td></tr></table>\n##number\n77\n##footer\n关注微信公众号“教辅资料站”获取更多学习资料', '##image\n\n##paragraph_title\n家长帮一帮\n请按照下表所列内容与具体要求,复习本单元重点知识,不积跬步,无以至千里,小朋友加油哦!##table\n<table><tr><td colspan=""2"">项目与要求</td><td>内容</td><td>复习方式</td></tr><tr><td rowspan=""2"">词汇</td><td>三会（听说读）</td><td>autumn(秋天),winter(冬天),cool(凉爽的),cold(寒冷的)</td><td>★大声朗读★熟读熟记</td></tr><tr><td>二会（听说）</td><td>sunny(阳光充足的),windy(有风的),cloudy(多云的),skate(溜冰),ice(冰),outside(在外面),snowmen(雪人)</td><td>★听懂会说</td></tr><tr><td colspan=""2"">句子（听说读）</td><td>I like(doing)...in/on...Do you like...?Yes,I do./No,I don&#x27;t.</td><td>★大声朗读★熟读熟记</td></tr><tr><td colspan=""2"">口语（听说）</td><td>In...(季节),I/We like(doing)...</td><td>★指读★对话</td></tr><tr><td colspan=""2"">语音（听读）</td><td>字母s,z的发音(见教材P29)</td><td>★大声朗读★熟读熟记</td></tr></table>\n##number\n62\n##footer\n关注微信公众号“教辅资料站”获取更多学习资料', '##header\nNO.Date\n##doc_title\n词类总结笔记\n##paragraph_title\n一.词类和句子成分\n12.名词(n.)：表示人、事物、地点或抽象概念的名词。如：boy, morning, ball.2).代词(pron.): 主要用来代替名词。如: Who, she, you, it.3).形容词(adj.)：表示人或事物的性质或特征。如：good, right, white.4).数词 (num.): 表示数目或事物的顺序。如: one, two, first, second, fourth.5).动词(v.): 表示动作或状态。如: am, is, are, have, see.6).副词(adv.): 修饰动词、形容词或其他副词，说明时间、地点、程度等。如: now, very, here, often, quietly, slowly.7).', '##paragraph_title\n附录四 总词汇表\n(注：红色词为本册的重点词汇；绿色词为本册复现的1-4册中出现过的、与本册话题相关的词汇)\n##paragraph_title\nA.....across from 对面（4）\nAustralia 澳大利亚（60）\n##paragraph_title\nB\nball 球\nbank 银行（4）\nbefore 在……之前（6）\nbetween 在……之间（4）\nBig Ben 大本钟（61）\nbookshop 书店\nbusy 忙碌的（15）\nbuy toys 买玩具（15）\n##paragraph_title\nC.....campfire 篝火（62）\nCanada 加拿大（60）\ncatch 抓住（42）\ncentral 中心的（16）\nChina 中国（60）\ncity 城市（14）\ncollecting erasers 收集橡皮（40）\ncountry 国家（62）\ncrossroads 十字路口（5）\ncute 可爱的（62）\n\n##paragraph_title\nD.....dancing 跳舞 (40)\ndifferent 不同的 (40)\nDisneyland\n迪斯尼乐园 (61)\ndo the housework\n做家务 (50)\ndoing jigsaw puzzles\n拼拼图 (40)\ndream 梦 (16)\n##paragraph_title\nE ……\neat seafood 吃海鲜（24）\n##paragraph_title\nF.....free 空闲的 (50)\n##paragraph_title\nG.....get 得到 (6)\nget to 到达 (6)\ngo boating 划船 (15)\ngo camping 去野营 (50)\n##number\n82', '##header\nNO.Date\n##header\n中考英语.##paragraph_title\n目录\n##content\n词汇归纳整理笔记\n中考英语必备词组\n一、动词词组(包括短语动词)、介词词组和其他词组\n二、动词短语、介词短语和其他词组\n三、量词词组和其他词组\n中考易混淆英语词组详细解析\n词类总结笔记\n一、词类和句子成分\n1.词类：英语词类分十种\n2.句子成分：英语句子成分分为七种\n二、名词\n三、代词\n四、数词\n五、冠词\n六、形容词、副词\n七、介词\n八、连词\n中考完形填空备考笔记\n历年中考阅读完形核心单词\n历年中考完形填空核心短语\n完形填空解题技巧\n完形填空题的常设考点\n完形填空题的题型特点\n完形填空的解题技巧\n英语完形填空的五个注意点\n##aside_text\n逢考必過\n##aside_text\n逢考必過\n##aside_text\n逢考必過']","The items listed in the vocabulary section include trousers, sweater, shirt, coat, listen, woof, too, school, together, ring, time, autumn, winter, cool, cold, sunny, windy, cloudy, skate, ice, outside, snowmen, I like (doing), do you like, yes, I do, no, I don't, In..., I/We like (doing), and letters l, r, s, z [1], [2].",0.9354838709677419,0.9999999999997002
What parameters were varied in the micromodel study?,"['2b).The macromodel was also used to simulate the wedge casting (Fig.2d) and metallographic examination (Fig.2c) again shows a reasonable correlation between the predicted porosity and that observed experimentally (outlined in black in Fig.2c and d).The thermophysical parameters used in the macromodel were available in the literature [23]; however, this is not the case for the micromodel.Therefore, the micromodel was first run using a simplified domain whilst varying the values of several of these unknown parameters over an\n##image\n\n##image\n\n##image\n\n##figure_title\nFig.1.Microstructure of an investment cast titanium test wedge.(a) Macroscale over of the structure across the wedge and (b), (c) the microstructure at the mold–metal interface at increasing magnification.##image\n\n##image\n\n##image\n\n##image\n\n##figure_title\nFig.2.Ti crown casting illustrating macroporosity observed (a) experimentally using X-ray micro-tomographic imaging and (b) model prediction.Investment cast Ti test wedge showing macroporosity (c) experimentally and (d) model prediction.estimate of their possible range.The variables studies were (i) nucleation—both surface and bulk, as given by the number of nucleation sites per unit area or volume; (ii) the rate of dissolution of the mold, as given by a multiplier of an initial assumed temperature-dependent dissolution rate; and (iii) the rate of cooling of the casting, as given by the isotherm velocity.', ""The analysis was also conducted using a measure of the moon's actual visibility above the horizon net of atmospheric conditions that might preclude such visibility.These models yielded no significant differences in parameter magnitudes or significance levels.Since the same pattern of significant and non-significant results was obtained, the initial results were retained and presented in this article.Those seeking further information pertaining to these alternative modeling efforts can direct inquires to the second author.##paragraph_title\nReferences\n##reference_content\nAtlas, R.(1984).Violence in prison: Environmental influences.Environment and Behavior, 16, 275–306.##reference_content\nBauer, S.F., & Hornick, E.J.(1968)."", '##number\n258\n##header\nR.C.Atwood et al./ Materials Science and Engineering C 25 (2005) 255–262\ncasting (Fig.1).The grain structure near to the mold is very fine (approximately 10–20 μm), with a very sharp transition to much larger grains (>100 μm) at approximately 50 μm below the surface (Fig.1b).This change in grain size is very abrupt, even considering the chill zone influence of the mold.Going to even higher magnification (Fig.1c), intergranular precipitates can be seen in the fine-grained region, as well as surface irregularity and gas porosity.These micrographs illustrate both the fine scale of the microstructures that must be simulated and the possible presence of a layer where the microstructure might be affected by contamination from the mold.The Ti investment crown casting was imaged using a X-ray micro-tomographic unit (Phoenix]X-ray Systems and Services GmbH) and a projection of the reconstruction shows the presence of shrinkage porosity inside this complex shape (indicated by arrows in Fig.2a).The usefulness of performing macromodeling alone is illustrated by its ability to correctly predict the formation of shrinkage porosity in the cusps of this crown casting (indicated by arrows in Fig.', 'Aromatic compounds were sampled and analyzed using a methodology based on US-EPA methods (1998).Aromatic compounds were sampled by drawing air through tubes 7 cm long, 4 mm ID, containing 2 sections of activated coconut shell charcoal (main section 100 mg, second section 50 mg) separated by a 2 mm urethane foam (SKC Inc), during 1 h, at a flow rate of 1.0 L min $ ^{-1} $.The second section of tube was analyzed in order to detect breakthrough.Charcoal beds in the sorbent tubes were transferred to 2 mL vials and extracted by adding 1.0 mL of  $ CH_{2}Cl_{2} $ with occasional agitation for 30 min.Bromofluorbenzene was added prior to extraction as internal standard.The samples were analyzed using a Trace GC coupled DSQ Quadrupole Mass Spectrometer (Thermo Finnigan).The column used was a DB-5 (5% phenyl-methyl-siloxane) – J&W Scientifics, 60 m long with 0.25 mm internal diameter and 0.25 μm thickness phase.Carrier gas was helium at 1 mL min $ ^{-1} $ and 25 cm s $ ^{-1} $ linear velocity.The injection mode was splitless with inlet temperature of 250°C.Temperature program was: 45°C, held for 2 min, 45–200°C at 6°C min $ ^{-1} $, held for 5 min.Mass spectrometer ionization was electronic impact and ion source, quadrupole and GC/MS interface temperatures were 230, 150 and 250°C, respectively.', 'Data Analysis and Statistics.Miniature IPSC amplitudes, frequencies, and kinetics were determined using Minianalysis software (Synaptosoft, Decatur, USA).Detection threshold for mIPSCs was set at 8–10 pA.Selection of mIPSCs was performed manually and events with rise-time higher than 3 ms were usually discarded (the exclusion of slower events did not affect the results of the analysis).Analysis of mIPSCs was performed on the same time window (10 min) during control and when the BDNF effect was stabilized.##footer\nDevelopmental Neurobiology.DOI 10.1002/dneu']","The parameters varied in the micromodel study were nucleation (both surface and bulk), the rate of dissolution of the mold, and the rate of cooling of the casting [1].",0.6,0.9999999999997208
What is the weather like in Beijing according to Peter?,"[""( )1.half past nine\n##figure_title\nA.##image\n\n( )2.play football\n##figure_title\nB.##image\n\n( )3.have a picnic\n##image\n\n( )4.cloudy and windy\n##image\n\n##paragraph_title\n六、阅读感悟，判断下列句子主（T）谓（B）。Peter: Hi, Amy!What's the weather like in Shanghai today?Amy: Hello,Peter!It's sunny and warm here.I'm going to the zoo this afternoon.Peter: That's cool!Amy: Peter, how is the weather in Beijing now?Peter: It's cloudy.It's going to rain.So I can't fly a kite in the park.Amy: Oh, I see.Peter: Do you know the weather in Guangzhou?Amy: It's very hot there.The children there usually go swimming in the sea.It's going to rain this afternoon.Peter: Oh,I like swimming too.But I can't swim now.It's a little cold.( )1.It's fine in Shanghai.( )2.Peter is in Guangzhou.( )3.It's cloudy in Beijing.( )4.It's cool in Guangzhou.( )5.Amy is going to swim.##number\n12\n##footer\n关注微信公众号“教辅资料站”获取更多学习资料"", 'The China Earthquake Networks Center has recorded multiple aftershocks and expects more in coming days.Tibet sits on the seismically active Himalayan region and is prone to earthquakes because of the collision of the Indian and Eurasian tectonic plates.Chinese leader Xi Jinping called for an all-out search-and-rescue effort to minimize casualties.“We must...repair damaged infrastructure as soon as possible, arrange basic living arrangements for the people, and ensure people are safe and warm through the winter,” CCTV reported him as saying.Some 1,500 firefighters were searching the rubble for signs of life.Around noon, a child was rescued from a collapsed residential building, CCTV reported.Several hundred rescuers who arrived before noon began providing medical aid and relief to displaced residents.Another team, involving hundreds of rescuers and six helicopters, was expected to follow.Sitting high on the Tibetan plateau at an elevation of 14,100 feet and 236 miles from the regional capital of Lhasa, Dingri is a major stop on the way to the North Base Camp, where adventurers set out climbing Mount Everest from the north face.The region can be bitterly cold in January, with temperatures often plunging as low as 5 degrees Fahrenheit (minus-15 degrees Celsius).', '', '', 'm.at a depth of 6.2 miles in Dingri County, near one of Tibet’s most historic cities, in western China, state media reported.The quake was the country’s deadliest since December 2023, when 151 people were killed in a 6.2 magnitude temblor in the northwestern provinces of Gansu and Qinghai.China’s state broadcaster reported that more than 1,000 houses had experienced some form of damage in Dingri County, where the average altitude is around 15,000 feet, along the Himalayan border with Nepal.Frantic rescue efforts were being conducted without heavy equipment, underscoring the challenge of delivering resources to the largely isolated communities damaged by the quake.With temperatures in the region dipping as low as 5 degrees Fahrenheit, rescue workers have a short window in which to locate survivors.It was not immediately clear how many residents had been left homeless.Several aftershocks were felt in the area, including in Nepal.The quake had a magnitude of 7.1, according to the US Geological Survey, though it was measured as 6.8 by the China Earthquake Networks Center.The nearest city to the earthquake’s epicenter was Shigatse, the second-largest city in Tibet, with a population of 640,000.']",The weather in Beijing is cloudy according to Peter [1].,1.0,0.9965251333715449
What was the quarter-on-quarter growth rate compared to the previous three months?,"['42%</td><td>18.96%</td><td>13.93%</td><td>14.48%</td><td>15.68%</td></tr><tr><td>拨备前利润增速</td><td>-0.47%</td><td>8.05%</td><td>7.96%</td><td>8.07%</td><td>10.73%</td></tr><tr><td>税前利润增速</td><td>6.93%</td><td>19.52%</td><td>14.10%</td><td>14.42%</td><td>15.47%</td></tr><tr><td>营业收入增速</td><td>3.40%</td><td>11.37%</td><td>9.64%</td><td>9.72%</td><td>10.56%</td></tr><tr><td>净利息收入增速</td><td>5.48%</td><td>6.32%</td><td>5.34%</td><td>7.19%</td><td>7.99%</td></tr><tr><td>手续费及佣金增速</td><td>-3.45%</td><td>33.42%</td><td>36.70%</td><td>28.75%</td><td>28.19%</td></tr><tr><td>业务管理费用增速</td><td>5.78%</td><td>13.55%</td><td>10.85%</td><td>10.85%</td><td>10.42%</td></tr><tr><td>其他业务成本增速</td><td>-55.45%</td><td>-32.81%</td><td>-32.17%</td><td>12.45%</td><td>-13.82%</td></tr><tr><td>规模增长</td><td></td><td></td><td></td><td></td><td></td></tr><tr><td>生息资产增速</td><td>11.02%</td><td>10.78%</td><td>12.08%</td><td>10.33%</td><td>10.20%</td></tr><tr><td>贷款增速</td><td>14.65%</td><td>13.15%</td><td>11.60%</td><td>12.53%</td><td>10.49%</td></tr><tr><td>同业资产增速</td><td>23.95%</td><td>15.23%</td><td>11.26%</td><td>10.51%</td><td>10.30%</td></tr><tr><td>证券投资增速</td><td>6.39%</td><td>10.95%</td><td>9.97%</td><td>7.64%</td><td>9.', '2% bigger than over the previous three months.The quarter-on-quarter rate came in below forecasts and was the slowest pace in a year.Household spending was flat in the Lucky Country, as inflation, interest rates and the end of a tax-offset scheme took their toll on personal finances.', '2</td></tr></table>\n##table\n<table><tr><td>（百万元）</td><td>2020</td><td>2021</td><td>2022E</td><td>2023E</td><td>2024E</td></tr><tr><td>成长性</td><td></td><td></td><td></td><td></td><td></td></tr><tr><td>营业收入增长率</td><td>39.6%</td><td>45.8%</td><td>12.0%</td><td>22.3%</td><td>21.2%</td></tr><tr><td>营业利润增长率</td><td>19.7%</td><td>68.3%</td><td>-1.5%</td><td>20.3%</td><td>24.9%</td></tr><tr><td>净利润增长率</td><td>2.1%</td><td>76.7%</td><td>1.5%</td><td>23.3%</td><td>21.7%</td></tr><tr><td>EBITDA增长率</td><td>34.9%</td><td>59.3%</td><td>-11.8%</td><td>25.5%</td><td>19.9%</td></tr><tr><td>EBIT增长率</td><td>34.3%</td><td>61.6%</td><td>-12.2%</td><td>27.0%</td><td>20.8%</td></tr><tr><td>NOPLAT增长率</td><td>17.5%</td><td>54.3%</td><td>0.5%</td><td>30.2%</td><td>17.8%</td></tr><tr><td>投资资本增长率</td><td>37.9%</td><td>-12.8%</td><td>11.9%</td><td>17.3%</td><td>21.6%</td></tr><tr><td>净资产增长率</td><td>7.7%</td><td>8.4%</td><td>22.6%</td><td>15.5%</td><td>40.1%</td></tr><tr><td>利润率</td><td></td><td></td><td></td><td></td><td></td></tr><tr><td>毛利率</td><td>19.0%</td><td>17.7%</td><td>17.7%</td><td>17.8%</td><td>17.8%</td></tr><tr><td>营业利润率</td><td>8.7%</td><td>10.0%</td><td>8.8%</td><td>8.7%</td><td>8.9%</td></tr><tr><td>净利润率</td><td>6.', '9%（vs-19.7%，23Q1），22H1占比达到10%。分板块来看，公司村镇银行业务表现保持强势，上半年实现营收同比增长22.4%，占公司营收比重较22年提升2pct至24%。■ 息差小幅收窄，看好微贷持续复苏。公司上半年年化净息差 3.00%（vs 3.02%，23Q1），保持相对稳定，我们按期初期末余额测算 2 季度单季净息差较 1 季度环比收窄 15BP 至 2.78%，背后可以看到资负两端均有拖累，2 季度生息资产收益率环比下降 9BP 至 4.94%，计息负债收益率环比抬升 7BP 至 2.34%，预计主要与贷款利率的持续下行和存款定期化趋势的延续有关。规模方面，上半年末公司总资产较年初增长 10.4%，同比增速（15.6%）较 1 季度（18.0%）有所放缓，其中贷款较年初增长 11.0%，存款较年初增长 13.5%。不过从信贷增量结构来看，2 季度零售端投放力度加大，贡献了 71% 的信贷增量（vs 38%，23Q1），其中个人经营性贷款投放为主要驱动因素，较年初增长 14.0%（vs 零售贷款较年初增长 9.8%），展望全年，我们继续看好区域经济修复背景下公司微贷投放的持续复苏。资产质量优异，风险抵补能力夯实。2 季度末不良率 0.75%，环比持平，保持近年来最优。前瞻性指标方面，2 季度末关注率环比 1 季度抬升 1BP 至 0.83%，仍然位于同业低位，公司整体资产质量处于同业优异水平。拨备方面，2 季度拨备覆盖率 550%，环比提升 3pct，保持在同业高位，拨贷比环比持平于 4.12%，风险抵补能力仍然保持突出。##table\n<table><tr><td></td><td>2021A</td><td>2022A</td><td>2023E</td><td>2024E</td><td>2025E</td></tr><tr><td>营业收入（百万元）</td><td>7,655</td><td>8,809</td><td>10,122</td><td>11,775</td><td>13,727</td></tr><tr><td>YOY(%)</td><td>16.3</td><td>15.1</td><td>14.9</td><td>16.3</td><td>16.6</td></tr><tr><td>归母净利润（百万元）</td><td>2,188</td><td>2,744</td><td>3,426</td><td>4,177</td><td>5,063</td></tr><tr><td>YOY(%)</td><td>21.4</td><td>25.4</td><td>24.8</td><td>21.9</td><td>21.2</td></tr><tr><td>ROE(%)</td><td>11.6</td><td>13.2</td><td>15.', '3%</td></tr><tr><td>净利润增速</td><td>178.9%</td><td>174.0%</td><td>43.4%</td><td>7.8%</td><td>94.5%</td><td>-18.7%</td></tr><tr><td>毛利率</td><td>79.4%</td><td>81.2%</td><td>79.2%</td><td>80.2%</td><td>79.8%</td><td>77.8%</td></tr><tr><td>销售费用率</td><td>22.2%</td><td>21.5%</td><td>29.0%</td><td>28.0%</td><td>21.8%</td><td>27.0%</td></tr><tr><td>净利率</td><td>29.5%</td><td>30.1%</td><td>22.7%</td><td>22.4%</td><td>30.9%</td><td>23.']",The quarter-on-quarter growth rate was 2% bigger than over the previous three months [2].,0.3333333333333333,0.9999999999997673
What is the projected annual growth rate of the virtual health market in the United States over the next five years?,"['##header\nExecutives see industrywide investments on the horizon\nconsumers opting for care at home, in outpatient or retail settings, or even on the go via mobile devices.With the proliferation of technologies such as AI, we can picture a world where you wake up in the morning and your personalized smart device tells you exactly which supplements to take based on your nutrition profile, environment, activity, and stress levels over the past week.The device might know when you are coming down with the flu before symptoms appear.It might know when you need more sleep, or even predict risks of a mental health disorder, based on changes in speech patterns.Over the last several years, hospital inpatient revenue has been shrinking as more care shifts to outpatient settings, according to a recent Deloitte analysis of hospital revenue trends.$ ^{2} $ In the future, we expect some outpatient care will shift to virtual settings.To prepare, health care organizations should think about how these industry trends might line up with their investments in the coming years.##paragraph_title\nThree out of four executives think that in the next decade, industrywide investments in virtual health will be significantly higher than today\nThe virtual health market in the United States is projected to grow more than 23 percent annually over the next five years, reaching close to US100 billion by 2025, according to a recent estimate.', '$ ^{3} $ Our surveyed executives predict industrywide investments in the next decade will be significantly higher than today—74 percent anticipate that investments in virtual health will increase by 25 percent or more (figure 3).Some of our interviewees noted that virtual visits and virtual consults have the potential to offset or\n##figure_title\nBy 2030, industrywide investments in virtual health will increase significantly\n##vision_footnote\nIndustrywide investments in virtual health by 2030\n##chart\n\n##vision_footnote\nNote: Total responses = 50.Source: Deloitte analysis.ameliorate the shortages or uneven distribution of specialists such as nutritionists, genetic counselors, and palliative care.Other services ripe for significant virtual health migration include:\n- Behavioral health: In-person office visits for behavioral health will be the exception, and telehealth visits will be the rule, according to many of our interviewees.Executives discussed the potential of tele-behavioral health to treat depression, anxiety, substance abuse, and weight management, to name a few.Having access to behavioral health could help improve the prevention and treatment of chronic conditions.People who struggle with depression, for example, can find it difficult to adhere to treatment regimens or stick to a healthy diet or fitness plan.', 'In adapting care to meet patients\' needs during the pandemic, what has ultimately occurred is a shift in long-held beliefs around what it takes to provide a digital-first health care experience.##figure_title\nFigure 5: In the next decade features of the health industry in the United States will include\n##image\n\n##image\n\n##vision_footnote\nSmart hospitals\nwill use innovative technologies to transform patient care and run more efficiently\n##image\n\n##image\n\n##vision_footnote\nwill be used as an alternative to in-patient care for many conditions\n##image\n\n##image\n\n##paragraph_title\nVirtual hospitals\n##vision_footnote\nwill deliver basic medical care through a combination of human interaction, digital consultations, and remote monitoring\n##image\n\n##image\n\n##paragraph_title\nVirtual presence\n##vision_footnote\nthrough a virtual reality headset is a substitute for a health professional being present in person\n##vision_footnote\n""To what extent do you believe the following will likely occur in the US health industry in the next 10 years?""\nRatings: Top 3 (5-7) ratings on a 7-point scale, where 7 is ""Strongly Agree"" | Physicians (n)= 300; Consumers (n)= 2,032\n##footer\nSource: EY NextWave Health US Consumer and Physician survey, 2020.', '##paragraph_title\nBuilding on the momentum of telehealth\nOne silver lining of the pandemic is that the US health system has taken a significant step toward providing a more integrated, seamless and smarter health care experience (Figure 5).It has challenged preconceived notions of how health care needs to be delivered and has eliminated existing barriers to digital health adoption.Not only have health systems and physicians learned how to provide remote care, they intend to do it in the future as an integral part of their service mix.Consumers have seen firsthand how health technologies can simplify, enhance and personalize their care experiences, and they will increasingly demand such care in the future.Much has been learned about how to integrate and align care across physical, remote and virtual environments.And more learnings lie ahead as organizations take necessary steps to continue the transition to smarter health.This includes developing shared technical and communications standards; allowing the permissioned, secure exchange of health information; and building the capabilities to draw actionable insights from the vast amounts of structured and unstructured health data.These technical elements are critical to create the right data environment for a connected health ecosystem and are covered in a recent EY paper on health information architecture.', '##header\n2023年中国生命科学与医疗行业投融资与并购市场展望 | 2.生命科学与医疗行业一级市场回顾\n##paragraph_title\n2.5.生命科学与医疗行业出入境投资深度分析\n##paragraph_title\n中国出海投资热度仍受疫情影响\n受全球疫情及中美贸易摩擦影响，2020年中国企业出海投资数量相比2019年大幅下降，2021年中国企业出海投资热度回升，出海交易数量较2020年增加46%。2022年上半年，由于疫情反复及市场信心欠缺，出境交易数量同比下滑33%。（图23）\n\n##figure_title\n图23：中国企业出海投资交易数量（2019年至2022年上半年）\n##chart\n\n##vision_footnote\n资料来源：投中数据，德勤研究\n自2019年以来，中国资本出海投资生命科学与医疗行业交易共263笔。中国资本投资足迹已遍布北美、亚洲、欧洲等地，其中以美国相关的交易占比最大（图24）。2019年至2022年6月，美国市场投资交易占总投资事件的67%，亚洲作为第二市场，亦占有17%的份额，主要包括新加坡、以色列、印度等国家。##figure_title\n图24：按目标区域划分的出海投资交易数量占比（2019年至2022年上半年）\n##chart\n\n##vision_footnote\n资料来源：投中数据，德勤研究\n##number\n27']",The projected annual growth rate of the virtual health market in the United States over the next five years is more than 23 percent [1].,1.0,0.9999999999997998
供电电压变化的不确定度分量如何计算？,"['5 被测样供电电压变化引入的不确定度分量  $ u(\\delta P_{v}) $\n在测试期间，实验室供电电压可控范围为 0.1V，根据 ETSI TR 100 028 表 F.1 - 均值 10% (p)/V\n- 标准差 3%(p)/V\n##display_formula\n $$ u\\big(\\delta P_{_{T}}\\big)==\\frac{0.1V\\times\\sqrt{\\left(10\\%/V\\right)^{2}+\\left(3\\%/V\\right)^{2}}}{\\sqrt{3}\\times23.0}=0.026dB $$ \n5.5.3.6 时间周期变化引入的不确定度分量  $ u(\\delta P_{D}) $\n根据 ETSI TR 100 028 表 F.1，时间周期误差为  $ 2\\%(d)(p)(\\sigma) $\n##display_formula\n $$ u\\big(\\delta\\boldsymbol{P}_{D}\\big)==\\frac{2\\%}{23.0}=0.087dB $$ \n##paragraph_title\n5.5.4 不确定度概算\n##figure_title\n表 5-10 传导杂散发射测量不确定度概算表\n##table\n<table><tr><td>分量</td><td>概率分布</td><td>灵敏系数</td><td>不确定度分量值（dB）</td></tr></table>\n##footer\n2018年03月01日发布\n##footer\n2018年09月01日实施', '3 稳压源波动不确定度分量 $ u_{4} $\n稳压源稳压精度 0.2%，故\n##display_formula\n $$ U=(1\\pm0.2\\%)U_{ 骊 } $$ \n##display_formula\n $$ I_{ 实 }=\\frac{(1\\pm0.2\\%)U_{ 额 }}{R_{A}+R_{W}+R} $$ \n##display_formula\n $$ \\Delta=\\pm0.2\\%I_{ 实 } $$ \n##display_formula\n $$ \\frac{\\Delta}{I_{ 实 }}=\\pm0.2\\% $$ \n均匀分布，估计其可靠性10%。##display_formula\n $$ u_{4}=0.2\\%/\\sqrt{3}=0.12\\% $$ \n##display_formula\n $$ v=(1/2)(10/100)^{-2}=50 $$ \n##paragraph_title\n6.2 功率\n##paragraph_title\n6.2.1 示值不确定度分量 $ u_{2} $\n瓦特表 0.5 级合格，极限误差为  $ \\pm 0.5\\% $，均匀分布，估计其可靠性 10%。##display_formula\n $$ u_{2}=0.5\\%/\\sqrt{3}=0.29\\% $$ \n##display_formula\n $$ \\nu=(1/2)(10/100)^{-2}=50 $$ \n##paragraph_title\n6.2.2 读数不确定度分量 $ u_{3} $\n测量中采用 600w 量程，分 120 格，估读误差为 1/10 格，实际测时读数为 38 格，均匀分布，估计其可靠性 10%。##display_formula\n $$ u_{3}=\\frac{0.1}{38}\\times100\\%=0.26\\% $$ \n##display_formula\n $$ v=(1/2)(10/100)^{-2}=50 $$ \n##paragraph_title\n6.2.3 稳压源波动引起的不确定度 $ u_{4} $\n##display_formula\n $$ P=\\frac{U^{2}}{R},\\Delta P=\\frac{\\partial P}{\\partial U}\\Delta U=\\frac{2U}{R}\\Delta U $$ \n故\n##display_formula\n $$ \\frac{\\Delta P}{P}=\\frac{2\\Delta U}{U} $$ \n##footer\n2018年03月01日发布\n##footer\n2018年09月01日实施', '##header\nCNAS-GL009:2018\n##header\n第68页共86页\n转化为标准不确定度为 0.0001g。由试样称量引入的标准不确定度为：\n##display_formula\n $$ w(m_{ 珙 })=1.00\\times10^{-4}\\quad g $$ \n##display_formula\n $$ u_{s}(m_{ 基 })=u(m_{ 基 })/m_{ 基 }=(1.0\\times10^{-4})/2.4520=4.08\\times10^{-5} $$ \n##paragraph_title\n4.1.1.1.3 容量瓶体积定值的相对标准不确定度 $ u_{t}(V_{容}) $\n系统效应引入的容量计量器具（包括容量瓶、移液管、滴定管等）的不确定度来源于器具体积定值的准确性引入的不确定度。根据 GB/T 12806-2011《实验室玻璃仪器单标线容量瓶》可知 V mL 器具的最大允许差为 x mL，其不确定度区间的半宽为 x mL，允许出现在此区间的概率是均匀的，即服从均匀分布，所以由定值准确性引入的不确定度为  $ (x/\\sqrt{3}) $ mL；由系统效应引入的容量计量器具的相对标准不确定度可表示为：\n##display_formula\n $$ u_{v}(V)=\\frac{(x/\\sqrt{3})}{V} $$ \n##formula_number\n(C.1.4)\n配制重铬酸钾标准溶液所用容量瓶为 A 级 1000 mL, 查 GB 12806-2011《实验室玻璃仪器单标线容量瓶》可知最大允许差为 0.40 mL, 由式(C.1.4) 可知由此引入的相对标准不确定度为:\n##display_formula\n $$ u_{r}(V_{ 容 })=\\frac{(x/\\sqrt{3})}{V_{ 容 }}=\\frac{(0.4/\\sqrt{3})}{1000}=2.31\\times10^{-4} $$ \n##paragraph_title\n4.1.1.1.4 重铬酸钾分子量的相对标准不确定度 $ u_{r}(M_{基}) $\n查 1993 年国际公布的元素相对原子质量表得：\n##display_formula\n $$ A_{ 乚 }\\left(K\\right)=39.0983(1),A_{ 乚 }\\left(Cr\\right)=51.996(6),A_{ 乚 }\\left(O\\right)=15.9994(3) $$ \n##display_formula\n $$ u\\big[A_{\\tau}\\big(K\\big)\\big]=0.0001,\\quad u\\big[A_{\\tau}\\big(C r\\big)\\big]=0.0006,\\quad u\\big[A_{\\tau}\\big(O\\big)\\big]=0.0003 $$ \n##display_formula\n $$ M_{ 基 }=39.', '##header\nGB 14536.1—1998\n注：如果电压切断持续时间会影响控制器的固有安全或2型控制器的输出，在具体产品的特殊要求标准中可规定从1个波形周期到60s间隔的其他点电压切断。##table\n<table><tr><td></td><td>$ \\Delta U $</td><td>持续时间</td></tr><tr><td rowspan=""2"">电压降落</td><td>30%</td><td>0.5 s</td></tr><tr><td>60%</td><td>0.5 s</td></tr><tr><td rowspan=""3"">电压切断</td><td rowspan=""3"">100%</td><td>电源波形一个周期</td></tr><tr><td>0.5 s</td></tr><tr><td>60.0 s</td></tr></table>\n本试验进行三次。註\n1 应注意控制器对电压降落或切断可能特别敏感的操作模式。2 在三相设备的情况下，可按需要三相同时施加电压降落或只是一相或两相施加电压降落。##image\n\n##figure_title\n图 H26.5\n控制卷应经受一个以每秒40% $ V_{R} $速度，电压由20% $ V_{R} $到100% $ V_{x} $连续上升的功率增加（试验）。该试验重复5次。控制器应经受一个以每秒40% $ V_{R} $速度，电压由100% $ V_{R} $到20% $ V_{R} $连续下降的功率减小（试验）。该试验重复5次。H26.6 电压不平衡的影响试验\n本试验只适用于使用三相电源的设备。託\n1 本试验的目的是研究三相电压系统不平衡的这种干扰类质对设备的影响，例如：\n——交流旋转机器的过热：\n——在电子电源转换器中带特征谱波的发生。2 由不平衡因数决定不平衡程度：\n##display_formula\n $$ T_{*}=\\frac{U_{s}}{U_{a}}=\\frac{ 负序电压 }{ 正序电压 } $$ \n##paragraph_title\nH26.6.', '##header\nCNAS-GL08: 2006\n##number\n第 49 页 共 119 页\n##display_formula\n $$ P_{x}=\\frac{w}{t} $$ \n##display_formula\n $$ w=\\frac{n}{N}\\times3.6\\times10^{6} 瓦秒 $$ \n $ P_{x} $ ——被测功率 W;\nw——电度表累积测得电能；\nN——电度表每千瓦时盘转动数：\nn——电度表的转数 转：\nt——测量时间 s\n##paragraph_title\n3 方差与传播系数\n##display_formula\n $$ u^{2}\\big(P_{x}\\big)=\\left(\\frac{\\partial f}{\\partial w}\\right)^{2}u^{2}\\big(w\\big)+\\left(\\frac{\\partial f}{\\partial t}\\right)^{2}u^{2}\\big(t\\big)=c^{2}\\big(w\\big)u^{2}\\big(w\\big)+c^{2}\\big(t\\big)u^{2}\\big(t\\big) $$ \n##display_formula\n $$ c(w)=\\frac{1}{t} $$ \n##display_formula\n $$ c(t)=-\\frac{w}{t^{2}} $$ \n##display_formula\n $$ u^{2}\\big(P_{x}\\big)=\\frac{1}{t^{2}}u^{2}\\big(w\\big)\\div\\frac{w^{2}}{t^{4}}u^{2}\\big(t\\big) $$ \n##display_formula\n $$ \\left(\\frac{u\\left(P_{x}\\right)}{P_{x}}\\right)^{2}=\\frac{u^{2}\\left(w\\right)}{w^{2}}+\\frac{u^{2}\\left(t\\right)}{t^{2}} $$ \n##paragraph_title\n本不确定度分析以榨汁机为例\n##paragraph_title\n4 标准不确定度一览表\n##figure_title\n表 4-1\n##figure_title\n标准不确定度一览表\n##table\n<table><tr><td>标准不确定度分量  $ u_{i} $</td><td>不确定度来源</td><td>标准不确定度值</td><td>$ c_{i}=\\tilde{c}_{f}/\\tilde{c}_{x_{i}} $</td><td>$ |c_{i}|\\times u(x_{i}) $</td><td>自由度</td></tr><tr><td>$ u_{1} $</td><td>重复性误差</td><td>0.2%</td><td>1</td><td>0.']","供电电压变化的不确定度分量计算公式为：  
$$ u\big(\delta P_{_{T}}\big)==\frac{0.1V\times\sqrt{\left(10\%/V\right)^{2}+\left(3\%/V\right)^{2}}}{\sqrt{3}\times23.0}=0.026dB $$ [1]",0.6666666666666666,0.8180627144350406
从上面看到的图形是怎样的？,"['##paragraph_title\n答案与详解\n##paragraph_title\n1 观察物体(三)\n##paragraph_title\n第 1 课时 观察物体(三)(1)\n1.左上正\n解析: 几何体从正面看到的是三个小正方形排成一排；从左面看到的是两个小正方形排成一排；从上面看到的小正方形有两排，上面一排只有最左面一个小正方形，下面一排有三个小正方形。2.(1)①和③\n##image\n\n##image\n\n##image\n\n##image\n\n(2) $ ④ $  $ ③ $\n##image\n\n##image\n\n##image\n\n解析: 观察可知③是由4个小正方体摆成的, 若要从上面看到的图形不变, 则最下面一层的3个小正方体不动, 上面的1个可以放在这3个小正方体任意一个的上面, 即还有2种摆法。3.(1)D 解析:A项是从正面看到的图形,B项是从上面看到的图形,C项是从右面看到的图形,D项是从左面看到的图形。##image\n\n(3)D 解析:要使从左面看到的图形不变,添加的小正方体应放在几何体的左面或右面,一共有4种摆法。4.$ \\left(\\sqrt{}\\right)\\left(\\sqrt{}\\right) $\n( ) (√)\n##image\n\n5.(1)6\n##image\n\n解析:从上面看到的图形是 $ \\boxed{\\text{ }} $，用了3个小正方体。如果用5个小正方体摆，另外2个小正方体可以放在这3个小正方体的任意1个或2个上面(如图)，这样从上面看到的图形不变。##image\n\n(2)(答案不唯一)如果从上面看到的图形不变,用6个同样的小正方体摆一摆,有几种不同的摆法?10种\n解析:从上面看到的图形是 $ \\boxed{\\text{ }} $，用了3个小正方体。如果用6个小正方体，另外3个小正方体可以放在这3个小正方体的任意1个或2个上面，也可以这3个小正方体，每个上面放1个，这样从上面看到的图形不变。##image\n\n6.4\n解析：\n如上图，一共有4个小正方体三面涂红色（图中阴影部分）。可以逐个思考每个小正方体涂红色的面数。##image\n\n快乐口算\n##paragraph_title\n第 2 课时 观察物体(三)(2)\n1.(1)②③④ (2)①⑥\n解析:②③④从正面看是___，从左面看是___；\n①⑥从正面看是___，从左面看是___。2.从正面看：从上面看：从左面看\n##image\n\n解析:从不同的方向观察同一个几何体所看到的形状\n##number\n69\n##footer\n关注微信公众号“教辅资料站”获取更多学习资料', 'In this example both velocities are almost identical.', '##header\n整理和复习\n##doc_title\n第 4 课时 图形的认识与测量(4)\n##paragraph_title\n基础训练\n1.选择题。(1) 观察下面立体图形，从右面看，看到的形状相同的是( A )。##image\n\n①\n##image\n\n##image\n\n②\n##image\n\n③\n④\nA.①和③ B.①和② C.②和④ D.③和④\n(2) 用 5 块体积都是  $ 1 \\, cm^{3} $ 的正方体积木搭建一个模型，下图分别是从上面和左面看到的图形，这个图形可能是( D )。##image\n\n从上面看\n##image\n\n从左面看\n##image\n\nA\n##image\n\nB\n##image\n\nC\n##image\n\nD\n(3)一个物体从上面和正面看到的形状如图，它的体积是( C )cm $ ^{3} $。##image\n\n从上面看\n##image\n\n从正面看\nA.', 'jpg"" alt=""Image"""" /></td></tr></table>\n##table\n<table><tr><td>T</td><td>I</td><td>C</td></tr><tr><td></td><td>N</td><td></td></tr><tr><td>E</td><td>E</td><td>K</td></tr></table>\n##image\n\n##image\n\n##image\n\n##image\n\n##image\n\n##image\n\n##paragraph_title\nARROW\nWORD\nThe arrows show the direction in which the answer to each clue should be placed.##table\n<table><tr><td>Fitting</td><td>Sheep</td><td>Gripped</td><td>Ale</td><td>Flexible pipe</td><td>Bravery</td><td>Urban areas</td><td>Jamaica</td><td>Cornish novel</td><td>Female person</td><td>Plural of is</td><td>Element</td><td>Verge</td></tr><tr><td>Stage</td><td></td><td></td><td></td><td>On top of</td><td></td><td></td><td></td><td>Mature</td><td></td><td>Rent</td><td></td><td></td></tr><tr><td>Plant part</td><td></td><td></td><td></td><td>Total up</td><td></td><td></td><td></td><td></td><td>Info</td><td></td><td></td><td></td></tr><tr><td></td><td></td><td></td><td>Relieve</td><td></td><td></td><td>Roamed</td><td></td><td></td><td></td><td></td><td></td><td></td></tr><tr><td>Grieving wife</td><td>Celtic language</td><td></td><td>Be in debt</td><td></td><td></td><td></td><td></td><td></td><td>Fishing tool</td><td></td><td>Mistake</td><td></td></tr><tr><td></td><td></td><td></td><td></td><td></td><td></td><td></td><td></td><td></td><td></td><td></td><td></td><td></td></tr><tr><td rowspan=""2"">Ascend</td><td></td><td>Wager</td><td></td><td></td><td>Drink</td><td></td><td></td><td>Mineral</td><td>Spike of wheat</td><td>Epoch</td><td></td><td>Colour hair</td></tr><tr><td></td><td>Snow runner</td><td></td><td>Male child</td><td></td><td></td><td></td><td>Ocean</td><td></td><td></td><td></td><td></td></tr><tr><td></td><td></td><td></td><td>Operate</td><td></td><td></td><td>Price</td><td></td><td></td><td>Peruse writing</td><td></td><td></td><td></td></tr><tr><td>Heavens</td><td></td><td></td><td>Pyre</td><td></td><td></td><td></td><td></td><td></td><td>Truck</td><td></td><td></td><td></td></tr><tr><td>Not that</td><td></td><td></td><td>Finish</td><td></td><td></td><td>Beloved</td><td></td><td></td><td>Evaluate</td><td></td><td></td><td></td></tr></table>', '']",从上面看到的图形是三个小正方形排成一排 [1]。,0.0,0.9388041784993209
工作人员为什么让胡代书离开？,"['”2008年2月3日，胡代书来到山西省临汾的一个农科所推广稻种。那时已近年关，胡代书在外面整整跑了一年，人瘦得皮包骨头。胡代书想，这是自己旧历年的最后一站，等和这里的科研人员接洽上了，就回家过年。然而，当胡代书来到农科所大门口时，传达室的工作人员一看他那模样，就捏着鼻子轰他走：“一个穷要饭的，一身臭，还敢冒充科学家，现在骗子真多！”胡代书正想拿证件证明，工作人员对他摆摆手：“我们这里不是收容所。快走！走！', '胡代书的鬓角渐渐长出了白发。欧银琴也不知道丈夫在忙活啥，他脾气犟，想怎样折腾就怎样折腾吧。1986年7月，胡代书又在进行一对花粉杂交试验。十几天后，他发现这对花粉的表层和颜色都有了些微的变化。再几日，两种花粉开始相融。半个月后，花粉依旧呈现鲜红的样子，胡代书不禁惊喜，悄悄将花粉储藏了起来。1988年初春，他将花粉撒向了田里，每天都观察着地里的变化。绿叶萌芽，禾苗初长，稻茎生成，抽穗结籽。快到成熟季节时，胡代书的心越来越紧张，一刻也不离开这株稻子。稻粒结得比普通栽培稻多，但形状不大，颜色较白，米质像糯米有粘性，它们已有野生稻的部分基因了，胡代书极力压抑着自己的兴奋。第二年初春，当这株稻子像野生稻一样从老茎泛出新\n最初，胡代书把自家的田里全种上了再生稻，并不断地改进种植方法。除了将免耕免栽的优势保持外，对收割的方法也进行了改进。新方法从水稻的根部割起，留下稻桩，来年再长新茎，就像韭菜一样，一茬接一茬。这样稻茎更加结实，抗倒伏性更强。掌握了最优的种植方法后，胡代书将收上来的再生稻，除留够自家吃的外，其余全赠给了乡邻。只要一出去，胡代书就提着一大袋稻种，见谁给谁，方圆十几里的人都渐渐种起了再生稻。2003年4月，胡代书以为再生稻的春天来了。当时，任重庆市政府参事、市政协农业委员会副主任的张学良，在接见胡代书时，兴奋地说：“再生稻只栽种一次就可多年收获，你让人们实现了几千年的梦想，是对人类的一大贡献啊！”不久，他就向市委、市政府提出了在全市推广越年再生稻的建议。胡代书十分高兴，心想，有了政府的力量，在全市推广再生稻应该指日可待。朝地上一扔，一屁股坐在了上面。他赌气地说：“我非见到所长不可。”\n大年初八一大早，\n再看到胡代书，农科所\n传达室的工作人员呆\n住了。胡代书终于如\n愿以偿地见到了所长。从西到东，从北到南，胡代书几乎跑了大\n半个中国。2009年3月，胡代书来到了海南儋州市推广自己的再生稻。当地的科学协会虽看了胡代书的发明专利和获奖证书，还是将信将疑：“我们这里的气候跟重庆差异太大，而且产的又是两季稻，这种稻子肯定种不了。”胡代书当场给他们在田里种起来了：“咱就比比，哪种可以再生？哪种更高产？”一直到6月、10月两季再生稻都收成很好时，科协的人员才信了。2010年，胡代书和再生稻终于走向了春天。经过胡代书20年的努力，再生稻已在全国11个省市、1000个多个县的2万多亩地里试种，亩产约550公斤。再生稻市场价格每斤2.5元至3元，高过普通大米近三分之一。今年7月，胡代书接到忠县龄童米业有限公司的电话。公司说，已检测越年再生稻蛋白质含量为8.7%，而普通大米不到8%；出米率72%，超过普通稻谷平均67%的出米率。胡代书终于舒了一口气，再生稻的春天真的来了。', '然而，胡代书远远没有想到，屡屡获得国内外大奖的这项农业成果，真正运用和推广起来却比发明它还难。##image\n\n##vision_footnote\n胡得弗也观落色势舒弥忍直惜\n然而，一年过去了，虽然张学良的建议当时得到多位领导签字批示，但最终未能引起足够重视，不了了之。连本市都不能大规模种植，还怎样向全国推广？胡代书伤心极了，他一个人默默地来到试验田边，思绪难平：这样好的新型稻子，自己现在不要一分钱，免费给大家种，怎么会有这么大的阻力？自己错了吗？胡代书望着两棵已长得如高粱秆粗的野生稻，想找到答案。这时，风吹过，野生稻依然挺立。胡代书转过身，似乎有了答案。##paragraph_title\n举债20万,自费推广再生稻\n胡代书偷偷向朋友借了5万元钱，背着一袋稻子离开了重庆。他要去的是以前收集稻种的地方。没有那些乡亲们，没有那一粒粒的稻种，哪有今天的再生稻！现在把再生稻再反赠给乡亲们，是让种子再回到那片土地上。半年后，胡代书两手空空地回来了。欧银琴不理他，儿子也不知道跟爹说什么。然而，胡代书并没有跟家里人解释什么，而是又向两家亲戚借了3万多块钱走了。欧银琴哭红了眼睛，对儿子说：“你爹犟起来，10头牛都拉不回来。这一身的债，他一走，我们娘俩咋还呀！', '胡代书却抬起头，望了望四周，村民们三三两两，都在跟他们一样躬着腰，低着头，机械地重复忙碌着。他心里有些酸：“要是真有人发明这种‘懒人稻’，农民就不会这样受苦受累了。”\n稻子栽好后，胡代书到梁平县走亲戚，走到精华山山坡上，看到一片植物，颜色墨绿，半尺高，跟稻子有些像。全国正在普查野生稻，这会不会就是呢？', '”\n胡代书一个人到外面去推广，但家里却乱成一片。胡代书走后的两个月，他的朋友到胡代书家里来要钱，欧银琴和儿子这才知道胡代书原来是借了这么多钱走的。第二天，胡代书在旅馆里洗了澡再来农科所时，农科所已经放假了。胡代书犟脾气又上来了，把包裹\n胡代书为自己的异想天开兴奋着。1983年底，胡代书就决定自己做试验。他跟妻子商量，把自家的田空出3分来，他要种些想种的稻子。妻子担心会少打稻谷，胡代书只得以保证用剩余的地增收来交换。##doc_title\n他，经过数年潜心研究，培育出了一季种植多年收获的“懒人稻”。亩产高过普通杂交稻，并获得国家专利。目前，已在全国11个省市100多个县进行试种。请看——\n有了空地，接下来就要找各种各样栽培稻的稻种。胡代书把整个四川都跑遍了，才找到20多种。他不甘心，又到全国各地跑。两个月后，带回了近百种稻种。当他站在自家门口时，欧银琴看到眼前一个穿\n第二年春天，胡代书发现，原来落下的野生稻的谷粒已经破土而出，冒出一片片新芽。两棵野生稻的老茎也渐渐泛出新绿，开始了新一年的生长。野生稻不光繁殖了，而且不需要再栽培！如果这种稻子能像杂交稻或普通稻子那样高产，不就是儿子说的只种一次，能永远收获的懒人稻吗？粒。半个月后，野生稻的谷粒自然脱落，撒落在周围，叶子慢慢枯萎，稻茎却高高挺立。##doc_title\n胡代书:栽一次稻可多年收获\n进行配对。然而一年过去了，但最终长出的不是野生稻，就是栽培稻，或者是瞎稻，没有一对试验成功的。']",工作人员让胡代书离开是因为他看起来像一个穷要饭的人，一身臭气，还冒充科学家，工作人员认为他可能是骗子，因此不让他进入农科所 [1]。,0.8333333333333334,0.6971060377372714
What is the title of the test paper?,"['##aside_text\n学校\n##aside_text\n姓名\n##aside_text\n班级\n##header\n夺冠新课堂·三年级英语(上)·PEP\n##doc_title\nUnit 4 测试卷\n时间:90 分钟\n##table\n<table><tr><td>题号</td><td>Ⅰ</td><td>Ⅱ</td><td>Ⅲ</td><td>Ⅳ</td><td>Ⅴ</td><td>Ⅵ</td><td>Ⅶ</td><td>Ⅷ</td><td>Ⅸ</td><td>总分</td><td>等级</td></tr><tr><td>得分</td><td></td><td></td><td></td><td></td><td></td><td></td><td></td><td></td><td></td><td></td><td></td></tr></table>\n满分:100 分\n##paragraph_title\nⅠ．写出下列图片对应的字母。(8 分)\n1.##image\n\n_____\n_____\n_____\n2.##image\n\n_____\n_____\n_____\n_____\n3.##image\n\n_____\n_____\n_____\n4.##image\n\n_____\n_____\n_____\n_____\n##paragraph_title\nⅡ．根据图片选择正确的单词。(8 分)\n( )1.##image\n\nA.dog B.bag\n( )2.##image\n\nA.pig B.pen\n( )3.##image\n\nA.elephant    B.ear\n( )4.##image\n\nA.blue B.bear\n##paragraph_title\nⅢ.单项选择。(12 分)\n( )1.It ___ a dog.A.is\nB.are\nC.have\n##number\n63\n##footer\n关注微信公众号“教辅资料站”获取更多学习资料', '##aside_text\n学校：___\n##aside_text\n①请写清校名、班级和姓名。②请看清题意后仔细答题。书写工整，字迹清楚，卷面整洁。##aside_text\n班级：___\n##aside_text\n姓名：___\n##header_image\n\n##header\nYL·六年级英语（上）\n##doc_title\nUnit 1 能力检测卷\n(时间:90 分钟 满分:100 分 得分:___ 分)\n##table\n<table><tr><td rowspan=""2"">题型</td><td colspan=""3"">听力部分</td><td colspan=""8"">笔试部分</td></tr><tr><td>一</td><td>二</td><td>三</td><td>一</td><td>二</td><td>三</td><td>四</td><td>五</td><td>六</td><td>七</td><td>八</td></tr><tr><td>得分</td><td></td><td></td><td></td><td></td><td></td><td></td><td></td><td></td><td></td><td></td><td></td></tr></table>\n##paragraph_title\n听力部分(30 分)\n##paragraph_title\n一、听录音，选出你所听到的内容。(10分)\n( )1.A.foolish B.clever C.food\n( )2.A.garden B.arm C.card\n( )3.A.jeans B.shorts C.kilt\n( )4.A.ago B.another C.along\n( )5.A.pointed B.shouted C.showed\n##paragraph_title\n二、听录音，根据所听问句选答句。(10分)\n( )1.A.Yes, he was.B.Yes, they are.C.No, they weren\'t.( )2.A.We have magic clothes.', '##aside_text\n学校\n##aside_text\n姓名___\n##aside_text\n班级\n##header\n夺冠新课堂·五年级英语(下)·KP\n##doc_title\nLessons 1~2 测试卷\n时间:90 分钟\n满分:100 分\n##table\n<table><tr><td>题号</td><td>Ⅰ</td><td>Ⅱ</td><td>Ⅲ</td><td>Ⅳ</td><td>Ⅴ</td><td>Ⅵ</td><td>Ⅶ</td><td>Ⅷ</td><td>Ⅸ</td><td>Ⅹ</td><td>总分</td><td>等级</td></tr><tr><td>得分</td><td></td><td></td><td></td><td></td><td></td><td></td><td></td><td></td><td></td><td></td><td></td><td></td></tr></table>\n##paragraph_title\n听力部分(30 分)\n##paragraph_title\nⅠ.听录音，选出你所听到的单词。(10 分)\n( )1.A.must B.much C.may\n( )2.A.put B.eat C.sit\n( )3.A.seat B.street C.skate\n( )4.A.line B.learn C.light\n( )5.A.too B.into C.in\n##paragraph_title\nⅡ.听录音, 按你所听内容, 用数字“1～5”给下列图片排序。(10 分)\n##image\n\n##image\n\n( )\n##image\n\n( )\n##image\n\n( )\n##image\n\n( )\n##paragraph_title\nⅢ.听录音, 选择正确的答语。(10 分)\n( )1.A.Good afternoon,Mrs Read.B.', '##aside_text\n准考证号\n##aside_text\n卷\n##aside_text\n裘\n##aside_text\n此\n##aside_text\n姓名\n##aside_text\n考场号\n##aside_text\n订\n##aside_text\n封\n##aside_text\n阁\n##doc_title\n2023 年 1 月份成都市高三第一次诊断文理试卷\n##doc_title\n数学\n本试卷共 4 页，22 题．全卷满分 150 分, 考试用时 120 分钟.1.答卷前, 考生务必将自己的姓名、准考证号填写在答题卡上.2.回答选择题时, 用铅笔把答题卡上对应题目的答案标号涂黑, 写在本试卷上无效.3.考试结束后, 将本试卷和答题卡一并交回.4.本试卷由 kmath.cn 自动生成.##table\n<table><tr><td>得分</td><td></td></tr><tr><td>阅卷人</td><td></td></tr></table>\n##paragraph_title\n一、单选题：本题共 12 小题，每小题 5 分，共 40 分．在每小题给出的四个选项中，只有一项是符合题目要求的．\n1.设集合  $ A = \\{x \\mid -1 < x \\leqslant 2\\} $,  $ B = \\{x \\mid x^2 - 4x + 3 \\leqslant 0\\} $, 则  $ A \\cap B = $\n\nA.$ \\{x \\mid -1 < x \\leqslant 3\\} $  B.$ \\{x \\mid -1 < x \\leqslant 1\\} $  C.$ \\{x \\mid 1 \\leqslant x \\leqslant 2\\} $  D.$ \\{x \\mid 1 \\leqslant x \\leqslant 3\\} $\n\n[答案]: C [解析]:\n2.满足  $ (1 + i)z = 3 + i $ (i 为虚数单位) 的复数 z =\nA.2 - i B.$ 2 + i $ C.$ 1 + 2i $ D.1 - 2i\n3.抛物线  $ x^{2}=2y $ 的焦点坐标为\nA.$ (0,1) $ B.$ \\left(0,\\frac{1}{2}\\right) $ C.$ \\left(\\frac{1}{4},0\\right) $ D.$ \\left(\\frac{1}{8},0\\right) $\n[答案]:B [解析]:\n4.下图为 2012 年一 2021 年我国电子信息制造业企业和工业企业利润总额增速情况折线图.##chart\n\n##number\n数学试题第 1 页（共 6 页）\nC.2012 年一 2017 年电子信息制造业企业利润总额均较上一年实现增长, 且其增速均快于当年工业企业利润总额增速\nD．2012年－2021年工业企业利润总额增速的均值大于电子信息制造业企业利润总额增速的均值[答案]:C [解析]:\n5.', ""##header\nJournal of Perinatology (2017) 00, 1–7\n© 2017 Nature America, Inc., part of Springer Nature.All rights reserved 0743-8346/17\n##header\nwww.nature.com/jp\nORIGINAL ARTICLE\n##doc_title\nField testing of decision coaching with a decision aid for parents facing extreme prematurity\nGP Moore $ ^{1,2,3} $, B Lemyre $ ^{1,2,3} $, T Daboval $ ^{1,2,3} $, S Ding $ ^{2} $, S Dunn $ ^{2,4} $, S Akiki $ ^{2} $, N Barrowman $ ^{2} $, AL Shephard $ ^{2,3} $ and ML Lawson $ ^{2,3} $\n##abstract\nOBJECTIVE: The objective of this study is to assess and modify an existing decision aid and field-test decision coaching with the modified aid during consultations with parents facing potential delivery at 23 to 24 weeks gestation.STUDY DESIGN: International Patient Decision Aid Standards instrument (IPDASi) scoring deficits, multi-stakeholder group feedback and α-testing guided modifications.Feasibility/acceptability were assessed.The Decisional Conflict Scale was used to measure participants' decisional conflict before (T1) and immediately after (T2) the consultation.RESULTS: IPDASi assessment of the existing aid (score 11/35) indicated it required updated data, more information and a palliative care description.""]","The title of the test paper is ""2023 年 1 月份成都市高三第一次诊断文理试卷"" [4].",0.5,0.9999999999995725
What is the title of the paper by A.F.Agarap?,"['##number\n350\n##header\nSTENKAMP ET AL.##reference_content\nKimura A, Singh D, Wawrousek EF, Kikuchi M, Nakamura M, Shinohara T.2000.', ""##number\n286\n##header\nM.Yoshikawa et al./Sensors and Actuators B 104 (2005) 282–288\n##chart\n\n##chart\n\n##chart\n\n##figure_title\nFig.5.Adsorption isotherms of Ac-Trp's and adsorption selectivity of the Ac-D-Trp imprinted ODMAAN-533.[(Ac-D-Trp)/(ODMA) = 0.17,  $ K_{S,\\text{app}} = 5.5 \\times 10^3 \\, \\text{mol}^{-1} \\, \\text{dm}^3 $].##chart\n\n##chart\n\n##chart\n\n##figure_title\nFig.6."", '##number\n156\n##header\nP.A.Tate, J.G.Dorsey / J.Chromatogr.A 1103 (2006) 150–157\n##chart\n\n##figure_title\nFig.9.', 'Atmos Environ 28:3145–3154\n##reference_content\nKumar R, Rani Abha, Singh SP, Kumari MK, Srivastava SS (2002) A long term study on chemical composition of rainwater at Dayalbagh, a Suburban site of semiarid region.J Atmos Chem 41:265–279\n##reference_content\nLin CC, Liu JX, Cai YY, Li BL, Wang ZL, Chen BB (2009) Study on the relationship between meteorological conditions and acid rain in mid-eastern Fujian.Bull Environ Contam Toxicol 83:180–187\n##reference_content\nMouli CP, Venkatamohan S, Reddy JS (2005) Rainwater chemistry at a regional representative urban site: influence of terrestrial sources on ionic composition.Atmos Environ 39:999–1008\n##reference_content\nNaik MS, Momin GA, Rao PSP, Safai PD, Ali K (2002) Chemical composition of rainwater around an industrial region in Mumbai.Curr Sci 82:1131–1137\n##reference_content\nParashar DC, Kulshrestha UC, Jain M (2001) Rainwater chemistry and aerosol studies in India.Environ Monit Assess 66:47–61\n##reference_content\nRamsey MH, Thompson M, Hale M (1992) Objective evaluation of precision requirements for geochemical analysis using robust analysis of variance.J Geochem Explor 44:23–36\n##reference_content\nRao PSP, Momin GA, Safai PD, Pillai AG, Khemani LT (1995) Rainwater and throughfall chemistry in silent valley forest in south India.', '##header\nX.-S.Wang, et al.##header\nComparative Biochemistry and Physiology, Part B 237 (2019) 110324\n##chart\n\n##chart\n\n##chart\n\n##chart\n\n##figure_title\nFig.5.The expression profiles of ATF/CREBs in XX and XY gonads based on transcriptome data from gonads of tilapia at 5, 30, 90 and 180 dah.Four pairs of RNA preparations from gonads of XX and XY tilapia at 5, 30, 90 and 180 dah were sequenced using Illumina 2000 HiSeq technology in our previous study.A normalized measure of RPKM (reads per kb per million reads) was used to normalize the expression profiles of ATF/CREBs.##figure_title\nTable 2\nStatistics of ATF/CREB gene expression in tilapia gonads at four developmental stages.##table\n<table><tr><td></td><td colspan=""2"">5 dah</td><td colspan=""2"">30 dah</td><td colspan=""2"">90 dah</td><td colspan=""2"">180 dah</td></tr><tr><td></td><td>XX</td><td>XY</td><td>XX</td><td>XY</td><td>XX</td><td>XY</td><td>XX</td><td>XY</td></tr><tr><td>Total</td><td>132</td><td>197</td><td>770</td><td>1116</td><td>1247</td><td>1269</td><td>1171</td><td>1313</td></tr><tr><td>Average</td><td>6.9</td><td>10.4</td><td>40.5</td><td>58.8</td><td>65.6</td><td>66.8</td><td>61.6</td><td>69.1</td></tr><tr><td>Most diff</td><td>atf5a</td><td></td><td>atf4b</td><td></td><td>creb1b</td><td></td><td>creb1b</td><td></td></tr></table>\n##vision_footnote\n“Total” indicates the total RPKM of all ATF/CREBs.']",The question cannot be answered based on the provided context passages.,1.0,0.0
Which specific streams and rivers are used by the sicklefin redhorse sucker for spawning?,"['Subsequent detailed morphological and behavioral studies and genetic studies have concluded that the sicklefin redhorse sucker is, in fact, a distinct species.The Service has reviewed the available taxonomic literature, and is not aware of any challenges to the validity of this conclusion.over gravel, cobble, boulder, and bedrock substrates with no, or very little, silt overlay.The species is currently known to occupy cool to warm, moderate-gradient creeks and rivers and, during at least parts of its early life, large reservoirs.In streams, adults of the species are generally associated with moderate to fast currents, in riffles, runs, and well-flowing pools, while juveniles show a preference for moderate to deep pools with slow currents and large boulder crevice cover.Adults feed and spawn\nPast and recent collection records of the sicklefin redhorse sucker, together with what is known about the habitat utilization of the species, indicate that the sicklefin redhorse sucker once inhabited the majority, if not all, of the rivers and large creeks in the Blue Ridge portion of the Hiwassee and Little Tennessee River systems in North Carolina, Tennessee, and Georgia.Currently, there are only two metapopulations of the sicklefin redhorse sucker known to remain: One in the Hiwassee River system and one in the Little Tennessee River system.', 'Estimated occupied stream habitat in the Hiwassee river systems totals about 53.0 river miles (rm).However, use of various streams/stream reaches within this total appears to be seasonal.Available information indicates that the sicklefin redhorse sucker uses Brasstown Creek, Hanging Dog Creek, Beaverdam Creek, Nottely River, and the mid and upper reaches of the Valley River, primarily for spawning.No spawning or courting behavior was observed within the mainstem of the Hiwassee River; the mid and lower Hiwassee River or lower reaches of the spawning tributaries primarily from the post-spawning period through the fall and early winter; or the lower un-impounded reaches of the Hiwassee River, and to a lesser extent, the lower Valley River, during the winter months.The Little Tennessee River system metapopulation of the sicklefin redhorse sucker includes a total of approximately 59.15 rm of creek and river reaches plus near-shore areas of Fontana Reservoir, including: (1) The main stem of the Little Tennessee River in Macon and Swain Counties, North Carolina, between the Franklin Dam and Fontana Reservoir (approximately 23.2 rm), and its tributaries, Burningtown Creek (approximately 5.', 'The trend of high suspended sediment yield in the range of the sicklefin redhorse sucker appears to have improved over the last few decades.Increasing environmental regulation, greater public awareness, and the actions of governmental and nongovernmental organizations to improve water quality conditions have resulted in considerable improvements in suspended sediment rates.Therefore, we expect existing regulations for land development and water quality to adequately maintain habitat quality, and we anticipate that the species is likely to persist into the future even with the expected increase in development.The sicklefin redhorse sucker is provided additional protection by State endangered species regulations and association with other federally listed species.It is listed as threatened by the State of North Carolina and endangered by the State of Georgia.Both States prohibit direct take of the species and the collection of the fish for scientific purposes without a valid State collecting permit.In the unimpounded portions of the mainstems of the Little Tennessee River and Tuckasegee River where the sicklefin redhorse sucker occurs, the species’ habitat is indirectly provided Federal protection through the Act, where the mainstem portions of both of these rivers are designated as critical habitat for the endangered Appalachian elktoe (Alasmidonta raveneliana) (a mussel).', '##header\nFederal Register / Vol.81, No.194 / Thursday, October 6, 2016 / Rules and Regulations\n##number\n69439\nbelieved to be affecting the species at present, it appears many of them were largely historical, were less significant than previously thought, have been mitigated, or could be managed to alleviate many of the effects on the species.The sicklefin redhorse sucker likely experienced substantial range contraction associated with dam construction, power generation, and historical habitat degradation early in the 20th century, but the remaining populations appear to have stabilized within the present conditions and are successfully spawning and recruiting in four primary river drainages accessible from Hiwassee and Fontana Reservoirs.In the future, we expect human population growth and land development to be primary factors affecting habitat quality in the range of the sicklefin redhorse sucker.However, compared to historical land use effects, we expect the effect of these future activities to be minimized by more stringent State and local land quality regulations, such as are required by current regulations for land development and water quality, and a trend of diminishing agriculture in the area.', ""Additionally, we evaluated the current range of the sicklefin redhorse sucker to determine if there is any apparent geographic concentration of potential threats for the species.The current range of the species is relatively small and limited to two river systems in western North Carolina and northwestern Georgia.We examined potential threats from: (1) Hydroelectric operations, inadequate erosion/sedimentation control during agricultural, timbering, and construction activities; (2) runoff and discharge of organic and inorganic pollutants from industrial, municipal, agricultural, and other point and nonpoint sources; (3) habitat alterations associated with channelization and instream dredging/mining activities; (4) predation and habitat suitability impacts by nonnative species; (5) fragmentation and isolation of surviving populations; and (6) other natural and human-related factors that adversely modify the aquatic environment.We found no portions of the species' range where potential threats are significantly concentrated or substantially greater than in other portion of its range so as to suggest that the species may be in danger of extinction in a portion of its range.Therefore, we find that factors affecting the sicklefin redhorse sucker are essentially uniform throughout its range, indicating no portion of the range warrants further consideration of possible endangered or threatened status under the Act.""]","The sicklefin redhorse sucker uses Brasstown Creek, Hanging Dog Creek, Beaverdam Creek, Nottely River, and the mid and upper reaches of the Valley River for spawning [2].",1.0,0.9003364628053331
What is the deadline for submitting the Group Presentation Topic and Description?,"[""##paragraph_title\nIMPORTANT DATES\nYou should:\nBy Jan 24, 2016;\nForm groups with 4 students; and\n☐ Determine your presentation topic; and\nBy Jan 31, 2016;\nSubmit the Group Presentation Topic and Desc;\nDon't miss the due dates!!!☐ We suggest you taking action as early as possible;\n##number\n7\n##footer\nENGG1000 Presentation Specification\n##footer\n5/21/2025"", '##paragraph_title\nREQUIREMENTS-1\nEach group is required to present, with TWO options:\n##table\n<table><tr><td>1-min video by Mar 11</td><td>Tutorial: 6-8 min classroom live presentation</td><td>7-10 min tutorial discussion, Q&amp;A</td></tr></table>\n2.A full video presentation in 5-7 min;\n##table\n<table><tr><td>~6-min full video by Mar 11</td><td>Tutorial: introduction and view video presentation</td><td>7-10 min tutorial discussion, Q&amp;A</td></tr></table>\n##paragraph_title\n☐ ALL videos due on  $ \\underline{\\text{Mar 11, 2016}} $;\n##number\n10\nENGG1000 Presentation Specification\n##footer\n5/21/2025', '##paragraph_title\n背景资料\n##number\n2\n2022年10月19日，香港联合交易所有限公司（“联交所”）刊发 $ \\underline{\\text{咨询文件}} $（“咨询文件”），就特专科技公司 $ ^{3} $在联交所主板（“主板”）上市的建议咨询市场意见。就咨询文件提交意见的截止日期为2022年12月18日。', ""This notice informs the public of the filing, invites public comment, and takes other administrative steps.DATES: Comments are due: July 13, 2015.ADDRESSES: Submit comments electronically via the Commission’s Filing Online system at http://www.prc.gov.Those who cannot submit comments electronically should contact the person identified in the FOR FURTHER INFORMATION CONTACT section by telephone for advice on filing alternatives.FOR FURTHER INFORMATION CONTACT: David A.Trissell, General Counsel, at 202-789-6820.##paragraph_title\nTable of Contents\nI.Introduction\nII.Notice of Commission Action\nIII.Ordering Paragraphs\n##paragraph_title\nI.Introduction\nIn accordance with 39 U.S.C.3642 and 39 CFR 3020.30 et seq., the Postal Service filed a formal request and associated supporting information to add Priority Mail Contract 128 to the competitive product list.$ ^{1} $\nThe Postal Service contemporaneously filed a redacted contract related to the proposed new product under 39 U.S.C.3632(b)(3) and 39 CFR 3015.5.Id.Attachment B.To support its Request, the Postal Service filed a copy of the contract, a copy of the Governors' Decision authorizing the product, proposed changes to the Mail Classification Schedule, a Statement of Supporting Justification, a certification of\n##footnote\n $ ^{1} $Request of the United States Postal Service to Add Priority Mail & First-Class Package Service Contract 6 to Competitive Product List and Notice of Filing (Under Seal) of Unredacted Governors' Decision, Contract, and Supporting Data, July 2, 2015 (Request)."", '##number\n1762\n##header\nFederal Register / Vol.84, No.24 / Tuesday, February 5, 2019 / Notices\nas amended.The grant applications and the discussions could disclose confidential trade secrets or commercial property such as patentable material, and personal information concerning individuals associated with the grant applications, the disclosure of which would constitute a clearly unwarranted invasion of personal privacy.Melanie J.Pantoja,\nProgram Analyst, Office of Federal Advisory Committee Policy.[FR Doc.2019-01001 Filed 2-4-19; 8:45 am]\nBILLING CODE 4140-01-P\n##paragraph_title\nDEPARTMENT OF HEALTH AND\nHUMAN SERVICES\nNational Institutes of Health\nCenter For Scientific Review; Notice of\nClosed Meeting\nPursuant to section 10(d) of the Federal Advisory Committee Act, as amended, notice is hereby given of the following meeting.The meeting will be closed to the public in accordance with the provisions set forth in sections 552b(c)(4) and 552b(c)(6), Title 5 U.S.C., as amended.The grant applications and the discussions could disclose confidential trade secrets or commercial property such as patentable material, and personal information concerning individuals associated with the grant applications, the disclosure of which would constitute a clearly unwarranted invasion of personal privacy.']","The deadline for submitting the Group Presentation Topic and Description is Jan 31, 2016 [1].",1.0,0.9999999999997812
What is the name of the determinant that generalizes to a corresponding $ n 	imes n $ determinant?,"['Thus $ax + by + cz$ divides the determinant.In particular, all of the factors of (3) divide the determinant; since both (3) and the determinant have degree $p^2 + p + 1$, they agree up to a scalar multiple.Moreover, they have the same coefficient of $z^{p^2}y^{p}x$ (since this term only appears in the expansion of (3) when you choose the first term in each factor).Thus the determinant is congruent to (3), as desired.Either argument can be used to generalize to a corresponding  $ n \\times n $ determinant, called a Moore determinant; we leave the precise formulation to the reader.Note the similarity with the classical Vandermonde determinant: if A is the  $ n \\times n $ matrix with  $ A_{ij} = x_i^j $ for  $ i, j = 0, \\ldots, n - 1 $, then\n##display_formula\n $$ \\det(A)=\\prod_{1\\leq i<j\\leq n}(x_{j}-x_{i}).$$', '##number\n7\nidentity matrix), the bottom right block is  $ M_{n-2k-1,k} $, and the other two blocks are zero.We conclude that\n##display_formula\n $$ \\det(M_{n,k})\\equiv\\det(M_{n-2k-1,k})\\pmod{2}, $$ \nproving the desired congruence.To prove the desired result, we must now check that  $ F_{0,k}, F_{1,k} $ are odd and  $ F_{2,k}, \\ldots, F_{2k,k} $ are even.For  $ n = 0, \\ldots, k + 1 $, the matrix  $ M_{n,k} $ consists of all ones, so its determinant is 1 if  $ n = 0, 1 $ and 0 otherwise.(Alternatively, we have  $ F_{n,k} = n!$ for  $ n = 0, \\ldots, k + 1 $, since every permutation of  $ \\{1, \\ldots, n\\} $ is  $ k $-limited.) For  $ n = k + 2, \\ldots, 2k $, observe that rows  $ k $ and  $ k + 1 $ of  $ M_{n,k} $ both consist of all ones, so  $ \\det(M_{n,k}) = 0 $ as desired.Third solution: (by Tom Belulovich) Define  $ M_{n,k} $ as in the second solution.We prove  $ \\det(M_{n,k}) $ is odd for  $ n \\equiv 0, 1 \\pmod{2k+1} $ and even otherwise, by directly determining whether or not  $ M_{n,k} $ is invertible as a matrix over the field of two elements.Let  $ r_i $ denote row  $ i $ of  $ M_{n,k} $.We first check that if  $ n \\equiv 2, \\ldots, 2k $ ( $ \\bmod 2k + 1 $), then  $ M_{n,k} $ is not invertible.', '', '', '##number\n4\nfor $i = 1, \\ldots, n$ will have the properties that $N \\equiv 1$ (mod $b$) and $b^2 < N < 2b^2$ for $m$ sufficiently large.Note (due to Russ Mann): one can also give a “nonconstructive” argument.Let N be a large positive integer.For  $ b \\in (N^2, N^3) $, the number of 3-digit base-b palindromes in the range  $ [b^2, N^6 - 1] $ is at least\n##display_formula\n $$ \\left\\lfloor\\frac{N^{6}-b^{2}}{b}\\right\\rfloor-1\\geq\\frac{N^{6}}{b^{2}}-b-2, $$ \nsince there is a palindrome in each interval  $ [kb,(k+1)b-1] $ for  $ k=b,\\ldots,b^{2}-1 $.Thus the average number of bases for which a number in  $ [1,N^{6}-1] $ is at least\n##display_formula\n $$ \\frac{1}{N^{6}}\\sum_{b=N^{2}+1}^{N^{3}-1}\\left(\\frac{N^{6}}{b}-b-2\\right)\\geq\\log(N)-c $$ \nfor some constant c > 0.Take N so that the right side exceeds 2002; then at least one number in  $ [1, N^6 - 1] $ is a base-b palindrome for at least 2002 values of b.B–6 We prove that the determinant is congruent modulo $p$ to\n##display_formula\n $$ x\\prod_{i=0}^{p-1}(y+i x)\\prod_{i,j=0}^{p-1}(z+i x+j y).$$ \n##formula_number\n(3)\n##display_formula\n $$ \\prod_{i=0}^{p-1}(y+i x)\\equiv y^{p}-x^{p-1}y\\pmod{p}.$$ \nWe first check that\n##formula_number\n(4)\nSince both sides are homogeneous as polynomials in x and y, it suffices to check (4) for x = 1, as a congruence between polynomials.']",The name of the determinant that generalizes to a corresponding $ n \times n $ determinant is the Moore determinant [1].,0.5,0.8891107675834183
红莲稻的成功展示了什么规划？,"['##image\n\n红莲稻取得的辉煌成绩,展示了新品种研发不可逾越的规划,那就是基础研究、应用育种与产业化的完美结合。在这个方面没有任何捷径可言,也不会投机取巧就能成功。在水稻以外的农作物品种研发中,如果国内科研院所和企业都能像朱英国团队那样把品种研发的三个方面做到有机结合,中国种业研发优势就不会只是水稻一枝独秀,别的领域也将会迎头赶上。——编者\n##doc_title\n武大红莲稻 40 年产学研联动发展启示\n“一粒种子可以改变一个世界，一个品种可以造福一个民族。”抱此信念，中国工程院院士朱英国和他的科研团队一起求索了近40年。因为执著，他们培育的“红莲型”杂交水稻一路飘香，与日本培育的“包台型”和中国工程院院士袁隆平培育的“野败型”一起成为同行公认的三大细胞质雄性不育类型，种子远销东南亚和非洲。源于热爱，他们40多年来一直专注于水稻雄性不育与杂交水稻研究，形成了一支基础研究、应用育种与产业化相结合的“魔稻”团队。武汉大学，这所拥有悠久历史的综合性学府，为中国红莲稻的孕育注入了优良血统。如今，红莲花开，香溢四方。', '##paragraph_title\n坚持原始创新\n事实上，基础研究的薄弱一直是世界杂交水稻发展的软肋。武汉大学以基础研究为主体的研究特色正好为红莲型杂交稻的自主原始创新提供了肥沃的土壤。早在20世纪70年代，朱英国及其团队就成功培育出红莲型细胞质雄性不育系红莲A，成为我国杂交水稻发展的重要基石之一，该研究成果于1978年荣获全国科学大会奖。随后，他们利用各种分子标记结合RNA表达分析，成功克隆了与红莲型细胞质雄性不育相关的嵌合基因orfH79，和育性恢复基因Rf5、Rf6。“基因成功克隆是理论上的重大突破。”朱英国说，这搞清楚了“不育”与“恢复”之间的关系，为指导红莲型杂交稻新不育系、强恢复系选育和强优势新组合选配提供了坚实的理论基础，在国内属首例。上世纪80年代，朱英国又突破了理论界认定的水稻雄性不育资源只能从野生稻中获得的定式，从水稻农家品种中发现了雄性不育细胞质新类型，培育出马协型水稻不育系马协A，马协型不育细胞质的创建与利用研究成果荣获2002年国家技术发明奖二等奖。', '##paragraph_title\n注重出好产品\n“应用研究必须从基础研究入手。”在朱英国看来，做科研不仅要发论文，更重要的是出产品。稻实现产业化奠定了坚实基础。针对我国杂交水稻高产而不优质、优质而不高产这一难题，他们从水稻优质种质筛选入手，通过分析不育系的综合性状，选择外观好、食味优良、抗逆和抗病性较强、开花习性好、配合力强的优质品种作为骨干亲本，培育不育系和恢复系。为了确保繁殖优质、高产、亲本，减少杂交稻生产用种的风险，朱英国团队研究出红莲型杂交稻提纯技术，建立了亲本提纯繁殖体系，使红莲不育系大面积繁殖的纯度达到99.96%以上，为红莲型杂交\n坚持“从基础研究中来、再到应用育种中去”，是朱英国团队不断取得成功的法宝。近10年来，他们成功选育出优质的红莲型不育系珞红3A和红莲型杂交稻组合红莲优6、珞优8号和粤优9号等优质组合，获2004年湖北省科技进步奖一等奖，为优质杂交稻的发展起到重要推动作用。其中，珞优8号最高亩产达876公斤，达到了国家二级优质米标准，2009年被农业部确认为我国第三批示范推广的超级杂交稻品种。试验表明，红莲型杂交稻在长江流域、四川盆地、华南地区和河南南部均能种植。经过连续多年在菲律宾、越南、斯里兰卡、孟加拉国、莫桑比克等国试种，比当地品种增产20%～50%，出口良种潜力巨大。##paragraph_title\n育种推广并行\n朱英国的团队由3支队伍组成。一支做基础研究，算上研究生有150多人；一支做应用育种，他们常年在田间工作，有的已经坚持了30多年；还有一支负责产业化推广，目前已经成立了两家种业公司。经过40年发展，在朱英国的团队中，目前已逐步形成了一支结构合理、学风严谨、团结奋斗、相对稳定的学术队伍，先后被评为国家创新研究群体、教育部创新团队、湖北省创新团队等。2002年，在武汉大学产业部的支持下，武汉武大天源生物工程公司成立，负责推广红莲优6。2006年，课题组采用转让形式，将珞优8号品种权转让给深圳市俊达成股份公司，成立武汉国英种业有限公司。统计表明，红莲型及其姊妹系列马协型这两个新的细胞质雄性不育系和多个籼粳光敏核不育系新品种，在湖南、河南等全国20多个省市累计推广种植面积达4000余万亩。2009年，红莲型杂交水稻珞优8号在越南创下3项第一：单个品种销售量第一，单个品种种植范围第一，品种综合质量评比第一，并被越南农业部授予粮食安全金奖。鲁伟 张全友\n##doc_title\n滑丰种业蝉联全国骨干企业揭秘\n最近，记者到河南省滑县采访了滑丰种业科技有限公司，欣闻该公司在全国种业骨干企业评选中榜上有名。这已是第三次蝉联了。此前不到10年内，全国8700多家持证种子公司经历过两次大型评选，首届评出“全国百强”种企，第二届评出“全国五十强”种企，滑丰种业均在“百强”、“五十强”之列。由此记者在思考：一个县级种子公司凭什么跻身全国骨干企业？', '该镇境内因烧窑形成的一条2公里长的荒山洼地，多年来一直闲置。近几年来，通过土地复垦和高标准建设，废地变成了良田，粮食亩产已经达到500公斤以上。2010年，金坛市水稻种植面积30.92万亩，亩产622公斤，高标准农田建设在稳粮增产上发挥了不可替代的作用。(下转第二版)\n##doc_title\n兽医工作再上新台阶\n☑☑本报记者 赵经平\n今年以来，面对国内外动物疫情形势复杂多变，自然灾害多发频发等一系列严峻挑战，各级畜牧兽医部门认真贯彻落实中央和农业部党组部署，确保全年没有发生区域性重大动物疫情和重大动物产品质量安全事件，有力地保障了畜牧业生产安全、动物产品消费安全和公共卫生安全。坚决落实动物疫病综合防控措施，努力确保不发生区域性重大动物疫情。坚持预防为主，落实免疫、监测、流调、扑杀等综合防控措施，禽流感、高致病性猪蓝耳病、口蹄疫和猪瘟等4种重大动物疫病免疫密度均达到95%以上，抗体合格率达到国家规定要求。一些省份严重自然灾害发生后，第一时间部署灾后动物防疫工作，派出工作组和专家组，调运防疫物资，扎实开展因灾死亡动物无害化处理、消毒和紧急免疫工作，确保了“大灾之后无大疫”。（下转第六版）\n\n##doc_title\n畜牧业发展亮点多成效大\n☑☑本报记者 刘远\n2010年畜牧业发展亮点多，成效大。生猪生产稳定发展，奶业恢复步伐加快，饲料工业持续增长，草原政策取得历史性重大突破，应对突发事件及时有力，畜产品质量安全水平不断提高，为保持农业农村经济发展良好势头和国家管理通胀预期作出了重要贡献。圆满完成了保障畜产品有效供给的目标任务，实现了产业平稳发展。今年，各地开展标准化养殖示范创建活动，千方百计稳基础母畜、扩规模养殖、调生产结构，努力保持畜牧业平稳运行。生猪生产效益回升，启动遗传改良计划，加大调出大县奖励力度，强化监测预警，实施预案调控，推动冻猪肉收储，保护生产者积极性；全年生猪生产没有因价格下跌而萎缩，养殖效益没有因成本上升而亏损。蛋鸡生产扭亏为盈。', '“好的思路只有加实干才能有好的出路。”黄家培说，算投入产出账、算时间账、算科技账，地尽其力，物尽其用，“185工程”的核心是算农民增收账。2009年该州共实施“185工程”24.18万亩，辐射带动100多万亩，实现产值16.7亿元，带动农民人均增收433元；2010年尽管遭遇百年特大旱灾，全州仍成功实施67万亩，带动100多万亩。##doc_title\n新特菜成红古区农民摇钱树\n本报讯（记者 吴晓燕）甘肃兰州市红古区农民昔日靠大白菜盖起了新瓦房，靠日光温室盖起了小洋楼。如今，他们又种上了新特菜，红古区通过政府推动、技术驱动、政策拉动、市场牵动和农民主动“五轮驱动”不断壮大新特菜产业，让新特菜变成农民发家致富的“摇钱树”。2010年以来，红古区在充分调查研究的基础上，针对当地水资源丰富、土壤肥沃等得天独厚的种植优势，全力打造新特蔬菜基地。“2010年初，区上引进了一批适合本地种植的新特蔬菜，并积极与兰州种苗繁育中心联系进行培育，这样不但提高了秧苗的成活率，而且还满足了菜农对秧苗不同时期的需求。”该区农牧局负责人李金录告诉记者，“像宝塔菜这种蔬菜，种一亩的种子钱就要1000多元，2010年的种植户由区农牧局全部免费发放种子。”\n在水车湾村，前来采购新特菜的经销商陈飞对记者说，上次他发往南方的一批蔬菜在当地销得很好，这次他准备多发一些过去。陈飞说，尽管目前红古区的新特菜种植面积已达到了500亩，但要吸引更多的客商来红古，还得在继续扩大种植面积和不断引进增加新品种上做文章。据了解，目前红古区的新特菜主要集中在水车湾村、柳家村和青土坡村3个自然村，下一步区上还要扩大生产规模，增加新品种，集中连片发展，争取达到“一村一品”的发展目标。“为打消农民的顾虑，扩大种植规模，我们对农民作出了承诺，如果种植新特菜的收益低于每亩1000斤小麦的收益，差额部分由区农牧局补偿。”区农牧局负责人李金录说，2010年区农牧局在新特菜的生产过程中已投入了2万多元，主要用于动员、育苗、产销衔接等。“2010年我种了半亩地的苦苣，收入就达3000多元，这是往年种植其他蔬菜收入的4至6倍……”种了大半辈子菜的红古乡农民师永忠高兴地告诉记者，“开始乡上鼓励我种植新特菜时我还犹豫不决，没想到有这么好的收入。”\n红古区把发展新特菜纳入扶持城乡一体化发展实施方案的重点项目，在政策上也给予了很大的扶持。2010年区上对集中连片500亩以上的新特菜基地建设，以奖代补5万元。市农委免费提供价值14万元的新特菜种子。市农研中心从育苗、定植到生产全程提供了指导。##paragraph_title\n开展创先争优 推动科学发展\n##doc_title\n莘县创先争优出真招见实效\n本报讯 深冬时节，寒气袭人，走进山东莘县莘州街道办事处辖区内，你却会发觉这里处处涌动着发展的热流：占地1000余亩的工业集聚区从这里建起，新上的聊城绿洁木塑制品有限公司、联泰砼业、服装加工和兽药生产等总投资达1.']",红莲稻的成功展示了基础研究、应用育种与产业化的完美结合规划 [1]。,0.75,0.573046587180228
Which Gulf state is supplying weapons to the RSF according to the U.S. Treasury Department?,"[""S.Secretary of State Antony Blinken said in a statement.“Those same militias have targeted fleeing civilians, murdering innocent people escaping conflict, and prevented remaining civilians from accessing lifesaving supplies,” he said.“Based on this information, I have now concluded that members of the RSF and allied militias have committed genocide in Sudan.”\nThe Biden administration also announced sanctions against the RSF’s long-time commander, General Mohamed Hamdan Dagalo, known as Hemedti, along with seven companies controlled by the RSF in the United Arab Emirates, a wealthy Gulf state that is reportedly supplying weapons to the paramilitary\ngroup.Several of the UAE-based companies were providing weapons or money to the RSF, while another was buying gold from the RSF's mining operations in Sudan, the U.S.Treasury Department said in its sanctions decision.The war in Sudan, which erupted 21 months ago in a power struggle between the RSF and the Sudanese military, has killed tens of thousands and triggered the world's biggest humanitarian catastrophe.More than 12 million people have been forced from their homes and 30 million are in dire need of emergency aid.A year ago, Mr.Blinken said the RSF and the Sudanese military had both committed war crimes."", 'Despite the evidence of genocide, the RSF was later brought into Sudan’s government and built a vast arsenal of weapons and fighters.Human rights groups welcomed the U.S.announcement.""RSF leader General Hemedti is ultimately responsible for some of the most heinous atrocities being committed anywhere in the world today,"" said John Prendergast, co-founder of The Sentry, a U.S.-based watchdog group that focuses on Sudan and South Sudan.“Without serious measures of legal and financial accountability, the RSF will continue its rampage,” he said.The Montreal-based Raoul Wallenberg Centre for Human Rights said the sanctions were “a significant step toward justice.” It called on Canada and other countries to impose similar sanctions on Gen.Dagalo.Some critics noted that the U.S.', 'In recent months, families who fled their homes in Gaza have had little access to clean water or enough food to eat, and they struggle to cope with harsh winter conditions that have killed several babies from hypothermia in recent weeks.Meanwhile, the Biden administration in its final days is shifting more than $100 million in military aid from Israel and Egypt to Lebanon as it tries to bolster a cease-fire agreement it helped mediate between Israel and Hezbollah.In separate notices sent to Congress, the State Department said it was moving $95 million in military assistance intended for Egypt and $7.5 million for Israel toward supporting the Lebanese army and its government.The notices were dated Jan.3 and obtained by the Associated Press on Tuesday.Most of the money will go to the Lebanese Armed Forces, which have a critical role in standing up the cease-fire that was agreed to in November following an all-out war between Israeli and Hezbollah that battered much of southern and eastern Lebanon for two months.It is intended to help the LAF deploy in the south of the country and supplement the role of the UN peacekeeping mission patrolling the so-called Blue Line, which has separated Israel and Lebanon since the end of a monthlong Israel-Hezbollah war in 2006.', 'Both Israel and Hezbollah agreed to pull their forces out of southern Lebanon before the end of January, with compliance to be overseen by the Lebanese army and UN peacekeepers.“US security assistance to the LAF increases its capacity as the country’s only legitimate military force and defender of Lebanon’s territorial integrity, enables the LAF to prevent potential destabilization from ISIS and other terrorist groups, and enables the LAF to provide security both for the Lebanese people and for US personnel,” the State Department said.Pro-Israel members of Congress and others have in the past complained about any diversion of US assistance to Israel, although it was not immediately clear if there would be objections to such a small amount of shifted money.At the same time, some of those who have been forceful advocates of Israel and critics of US assistance to the Lebanese military have often complained that it has been infiltrated by Hezbollah.', ""##header\nWEDNESDAY, JANUARY 8, 2025 | THE GLOBE AND MAIL\n##header\nNEWS\n##number\nA3\n##doc_title\nU.S.says genocide under way in Sudan\nSecretary of State\nannounces sanctions\nagainst RSF commander,\nand seven companies\ncontrolled by the militia\n##image\n\nGEOFFREY YORK\nAFRICA BUREAU CHIEF\nJOHANNESBURG\nSudan’s powerful Rapid Support Forces militia has committed genocide by systematically perpetrating murder and sexual violence against adults and children from minority ethnic groups, the United States says.##vision_footnote\nPeople displaced by conflict in Sudan ride aboard a bus Tuesday to return home to the southern city of Singah in Sennar province, which was retaken by the Sudanese army forces from the Rapid Support Forces in November, 2024.AFP VIA GETTY IMAGES\nThe long-awaited genocide declaration had been contemplated by the Joe Biden administration for many months, but it was finally announced on Tuesday as one of the administration's last acts, less than two weeks before Mr.Biden hands over the presidency to Donald Trump.“The RSF and allied militias have systematically murdered men and boys – even infants – on an ethnic basis, and deliberately targeted women and girls from certain ethnic groups for rape and other forms of brutal sexual violence,” U.""]",The Gulf state supplying weapons to the RSF according to the U.S. Treasury Department is the United Arab Emirates [1].,0.5,0.9999999999997252
Which river were the specimens collected from?,"['Robert Jenkins obtained and examined two specimens that had been collected in 1981 and 1982 from the Little Tennessee River by Dr.Edward Menhinick (University of North Carolina at Charlotte, Charlotte, North Carolina).Based on the characteristics of the specimens’ lower lips, dorsal fins, and pharyngeal teeth, Jenkins recognized the species as possibly a previously unidentified species or a hybrid of the smallmouth redhorse (M.breviceps) and the river redhorse (M.carinatum).', '##paragraph_title\nIdentification of Isolated Bacteria and Fungi\nDNA was extracted from bacterial isolates using the DNeasy $ ^{\\circledR} $ Blood and Tissue kit (Qiagen, Venlo, Netherlands) and from fungal isolates using the DNeasy $ ^{\\circledR} $ PowerSoil $ ^{\\circledR} $ kit (Qiagen,\n##image\n\n##figure_title\nFIGURE 1 | Schematic overview of the sampling site and sampling locations.Soil samples (surface soil, -1, -1.5, and -2 m) and samples of root and rhizosphere of grass were taken in an area of one meter around OW149-4 and OW175-4 (n = 4).Root and rhizosphere samples of poplar were taken of the trees growing closest to the two observation wells, with four repetitions for each tree.', '##header\nJambon et al.##header\nBiodegradation of Chlorendic Acid\nthe groundwater.Based on these measurements, a gradient in chlorendic acid pollution was observed (Figure 1).In March 2013, 24 4-m long hybrid poplar cuttings of the Grimminge cultivar [Populus deltoides × (Populus trichocarpa × Populus deltoides)] were planted on the field for future phytoremediation purposes.The trees were distributed over a defined rectangular grid of 10 m by 35 m, enclosing the area with the highest concentrations of chlorendic acid in the groundwater (>100 mg l $ ^{-1} $) (Figure 1).In 2015, samples for isolation of cultivable fungal strains were collected from soil, rhizosphere and roots of common bent and hybrid poplar.Four soil samples were taken in a 1-m perimeter around observation wells OW175-4 and OW149-4 (Figure 1), from surface soil, –1, –1.5, and –2 m.Common bent rhizosphere and roots were sampled inside the 1-m perimeter around each of the observation wells.Poplar rhizosphere and root samples were taken from three trees growing in the zones with high concentrations of chlorendic acid (Figure 1).From each tree, four sample repetitions were taken.In total, 32 soil samples were collected (4 × 4 depths × 2 locations), 8 bentgrass root and rhizosphere samples (4 × 2 locations) and 12 poplar rhizosphere and root samples (4 × 3 trees).', '', '']",The specimens were collected from the Little Tennessee River [1].,0.5,0.8603716772353778
What is the condition for the sum to be nonzero when z has negative real part?,"[""To show this, it suffices to show that if the roots of P lie on one side of a line, say on the positive side of the imaginary axis, then  $ P' $ has no roots on the other side.That follows because if  $ r_{1}, \\ldots, r_{n} $ are the roots of P,\n##display_formula\n $$ \\frac{P^{\\prime}(z)}{P(z)}=\\sum_{i=1}^{n}\\frac{1}{z-r_{i}} $$ \nand if $z$ has negative real part, so does $1/(z-r_i)$ for $i=1,\\ldots,n$, so the sum is nonzero.The above argument also carries through if z lies on the imaginary axis, provided that z is not equal to a root of.Thus we also have that no roots of P lie on the sides of the convex hull of P, unless they are also roots of P.From this we conclude that if r is a root of P which is a vertex of the convex hull of the roots, and which is not also a root of  $ P' $, then f has a single pole at r (as r cannot be a root of  $ P'' $).On the other hand, if r is a root of P which is also a root of  $ P' $, it is a multiple root, and then f has a double pole at r.If P has roots not all equal, the convex hull of its roots has at least two vertices."", '##number\n186\n##header\nChapter 7.THE ZETA FUNCTION AND PRIME NUMBER THEOREM\nwhich holds for  $ 0 \\leq x < 1 $, we find that\n##display_formula\n $$ \\log\\zeta(s)=\\log\\prod_{p}\\frac{1}{1-p^{-s}}=\\sum_{p}\\log\\left(\\frac{1}{1-p^{-s}}\\right)=\\sum_{p,m}\\frac{p^{-m s}}{m}.$$ \nSince the double sum converges absolutely, we need not specify the order of summation.See the Note at the end of this chapter.The formula then holds for all  $ \\mathrm{Re}(s) > 1 $ by analytic continuation.Note that, by Theorem 6.2 in Chapter 3,  $ \\log \\zeta(s) $ is well defined in the simply connected half-plane  $ \\mathrm{Re}(s) > 1 $, since  $ \\zeta $ has no zeros there.Finally, it is clear that we have\n##display_formula\n $$ \\sum_{p,m}\\frac{p^{-m s}}{m}=\\sum_{n=1}^{\\infty}c_{n}n^{-s}, $$ \nwhere  $ c_{n}=1/m $ if  $ n=p^{m} $ and  $ c_{n}=0 $ otherwise.The proof of the theorem we shall give depends on a simple trick that is based on the following inequality.Lemma 1.4 If  $ \\theta \\in \\mathbb{R} $, then  $ 3 + 4 \\cos \\theta + \\cos 2\\theta \\geq 0 $.This follows at once from the simple observation\n##display_formula\n $$ 3+4\\cos\\theta+\\cos2\\theta=2(1+\\cos\\theta)^{2}.$$ \nCorollary 1.5 If  $ \\sigma > 1 $ and t is real, then\n##display_formula\n $$ \\log|\\zeta^{3}(\\sigma)\\zeta^{4}(\\sigma+i t)\\zeta(\\sigma+2i t)|\\geq0.', ""Hence the equation  $ P_n(z)(1-z)=0 $ has no solutions with  $ |z|\\geq1 $ other than the trivial solution z=1.Since\n##display_formula\n $$ P_{n}(x)(1-x)^{2}=1-(n+1)x^{n}+nx^{n+1}, $$ \nit now suffices to check that the curves\n##display_formula\n $$ C_{n}=\\left\\{z\\in\\mathbb{C}:0<|z|<1,|z|^{n}|n+1-zn|=1\\right\\} $$ \nare pairwise disjoint as n varies over positive integers.Write  $ z = u + iv $; we may assume without loss of generality that  $ v \\geq 0 $.Define the function\n##display_formula\n $$ E_{z}(n)=n\\log|z|+\\log|n+1-z n|.$$ \nOne computes that for  $ n \\in \\mathbb{R} $,  $ E_z''(n) < 0 $ if and only if\n##display_formula\n $$ \\frac{u-v-1}{(1-u)^{2}+v^{2}}<n<\\frac{u+v-1}{(1-u)^{2}+v^{2}}.$$ \nIn addition,  $ E_{z}(0) = 0 $ and\n##display_formula\n $$ E_{z}^{\\prime}(0)=\\frac{1}{2}\\log(u^{2}+v^{2})+(1-u)\\geq\\log(u)+1-u\\geq0 $$ \nsince  $ \\log(u) $ is concave.From this, it follows that the equation  $ E_{z}(n) = 0 $ can have at most one solution with n > 0.Remark: The reader may notice a strong similarity between this solution and the first solution.The primary difference is we compute that  $ E_{z}^{\\prime}(0) \\geq 0 $ instead of discovering that  $ E_{z}(-1) = 0 $.Remark: It is also possible to solve this problem using a p-adic valuation on the field of algebraic numbers in place of the complex absolute value; however, this leads to a substantially more complicated solution."", '$$ \nThus,  $ \\mathcal{G} $ is generated by the nonzero  $ x - 1 $ for  $ x \\in G $.Suppose that  $ \\sum_{x \\neq 1} n_x(x - 1) = 0 $.Then  $ \\sum_{x \\neq 1} n_x x - (\\sum_{x \\neq 1} n_x) 1 = 0 $ in  $ \\mathbb{Z}G $, which, as an abelian group, is free abelian with basis the elements of  $ G $.Hence,  $ n_x = 0 $ for all  $ x \\neq 1 $.Therefore, the nonzero  $ x - 1 $ comprise a basis of  $ \\mathcal{G} $.We begin by examining homology groups.Proposition 10.104.If A is a G-module, then\n##display_formula\n $$ H_{0}(G,A)=\\mathbb{Z}\\otimes_{G}A\\cong A/\\mathcal{G}A.$$ \nProof.By definition,  $ H_0(G, A) = \\text{Tor}_0^{\\mathbb{Z}G}(\\mathbb{Z}, A) = \\mathbb{Z} \\otimes_G A $.Applying the right exact functor  $ \\otimes_G A $ to the exact sequence\n##display_formula\n $$ 0\\to\\mathcal{G}\\to\\mathbb{Z}G\\to\\mathbb{Z}\\to0 $$ \ngives exactness of the first row of the following commutative diagram:\n##display_formula\n\\[\\begin{array}{c}\\mathcal{G}\\otimes_{G}A\\longrightarrow\\mathbb{Z}G\\otimes_{G}A\\longrightarrow\\mathbb{Z}\\otimes_{G}A\\longrightarrow0\\\\\\downarrow\\quad\\quad\\quad\\quad\nThe two solid vertical arrows are given by  $ u \\otimes a \\mapsto ua $.By Proposition 8.93, there is an isomorphism  $ \\mathbb{Z} \\otimes_G A \\cong A/\\mathcal{GA} $.', ""e.,  $ B=\\pi/2 $).B-4 For convenience, define  $ f_{m,n}(i) = \\lfloor \\frac{i}{m} \\rfloor + \\lfloor \\frac{i}{n} \\rfloor $, so that the given sum is  $ S(m,n) = \\sum_{i=0}^{mn-1}(-1)^{f_{m,n}(i)} $.If m and n are both odd, then  $ S(m,n) $ is the sum of an odd number of  $ \\pm 1 $'s, and thus cannot be zero.Now consider the case where m and n have opposite parity.Note that  $ \\lfloor \\frac{i}{m} \\rfloor + \\lfloor k - \\frac{i+1}{m} \\rfloor = k - 1 $ for all integers  $ i,k,m $.Thus  $ \\lfloor \\frac{i}{m} \\rfloor + \\lfloor \\frac{mn-i-1}{m} \\rfloor = n - 1 $ and  $ \\lfloor \\frac{i}{n} \\rfloor + \\lfloor \\frac{mn-i-1}{n} \\rfloor = m - 1 $; this implies that  $ f_{m,n}(i) + f_{m,n}(mn-i-1) = m + n - 2 $ is odd, and so  $ (-1)^{f_{m,n}(i)} = -(-1)^{f_{m,n}(mn-i-1)} $ for all i.It follows that  $ S(m,n) = 0 $ if m and n have opposite parity.Now suppose that m = 2k and n = 2l are both even.Then  $ \\lfloor \\frac{2j}{2m} \\rfloor = \\lfloor \\frac{2j+1}{2m} \\rfloor $ for all j, so S can be computed as twice the sum over only even indices:\n##display_formula\n $$ S(2k,2l)=2\\sum_{i=0}^{2kl-1}(-1)^{f_{k,l}(i)}=S(k,l)(1+(-1)^{k+l}).$$ \nThus  $ S(2k,2l) $ vanishes if and only if  $ S(k,l) $ vanishes (if  $ 1+(-1)^{k+l}=0 $, then k and l have opposite parity and so  $ S(k,l) $ also vanishes).""]","The sum is nonzero when $ z $ has negative real part because $ 1/(z - r_i) $ for each root $ r_i $ of $ P $ also has negative real part, ensuring the sum is nonzero [1].",0.5,0.9354412355860835
小伟为什么在体育课跑步时突然栽倒在地？,"['##paragraph_title\n爱护身体\n##paragraph_title\n探究与分享\n小伟喜欢踢足球，也喜欢看足球比赛。世界杯足球赛期间，他常常半夜悄悄起来看比赛，然后在网上跟球友一起聊天，早上再急急忙忙赶到学校。一天，在体育课跑步时，小伟突然栽倒在地，经医院抢救才转危为安。针对小伟的情况，一些同学发表了自己的看法。', '', '', ""“Nothing felt right.”\n\nBut he eventually cracked the code when he met actor/dancer Warren Yang, an Olympic-trained gymnast who now serves as the production’s acrobatics captain.“I was on Instagram and I saw a video of Warren literally changing his clothes while he was doing a handstand,” Gattelli says.“I was like, ‘Wait a minute.’ I reached out to him and was like, ‘I can see a world where there’s a pommel horse routine down a flight of stairs.’ And he was like, ‘Oh, I’m all in – let’s play.’”\nGattelli calls the sequence a “true collaborative effort,” working with lighting designer Justin Townsend (“Moulin Rouge!The Musical”) and costume designer Paul Tazewell (“Wicked”) to cleverly achieve the illusion that it’s actually Hilty and not Yang toppling down the stairs.He also had to find other dancers with that particular skill set, should Yang ever need to call out of a performance.“It’s an epic moment that everyone is waiting for and I was just thrilled where it landed,” Gattelli says.“Warren stops the show every night with it.There are no wires – he’s literally doing these handstands and cartwheels and flips.It’s a total free fall and I just cannot believe he can do that.”\n##doc_title\nFox's 'Doc' is a drama to forget\nKelly Lawler USA TODAY\nNot long into watching Fox’s new amnesia drama “Doc,” I had a desperate desire to turn the TV off."", 'ARMANDO L.SANCHEZ/CHICAGO TRIBUNE PHOTOS\nBULLS TAKEAWAYS\n##doc_title\nSuitable for framing\n##image\n\nWith dunk, White\nput Wembanyama\non a poster to lead\ncomeback win\n##vision_footnote\nBulls guard Zach LaVine slides on the court during the fourth quarter against the Spurs on Monday night.By Julia Poe\nChicago Tribune\nCoby White is not a dunker.Before Monday’s 114-110 win over the San Antonio Spurs, the Bulls guard had attempted only two dunks this season.He dunked only 14 times last season.It’s just not a part of his bag that White likes to dig into often.Maybe, he joked after the win, he would try it more if he had the athleticism of Zach LaVine or the wingspan of Patrick Williams.But in the final 30 seconds, with a one-point lead over the Spurs, White didn’t have another choice.So he put his head down and charged to the rim.And if the tallest man in the NBA was in his way?Well, all the better.Victor Wembanyama already had blocked three of White’s shots before the final minute, but that didn’t slow White’s approach.It couldn’t.After falling behind by 19 points in the first half, the Bulls couldn’t collapse at the rim just because the 7-foot-3 Wembanyama was waiting.In the locker room at halftime, the entire Bulls roster shared the same sentiment: We have to do something.']",小伟因为熬夜看足球比赛和与球友聊天，导致身体疲劳，最终在体育课跑步时突然栽倒在地 [1]。,0.6666666666666666,0.9968565679070233
What is the PM's official spokesman's stance on further inquiries?,"[""'This is still happening today.I'm sure the perpetrators of this kind of abuse will look for different ways of manipulating the system, so we have to look at this as a whole and have a broader conversation.'\n\nHowever, Downing Street warned that the planned Tory amendment would wreck the Children’s Wellbeing and Schools Bill – which MPs are set to debate today.The PM’s official spokesman also said further inquiries were unnecessary, adding that Sir Keir was ‘completely focused on’ tackling sexual abuse."", ""##doc_title\nKemi's push for vote on abuse inquiry today\nKEMI Badenoch will push for a Commons vote today on whether to hold a public inquiry into the grooming gangs scandal - as campaigners warned that abuse of young girls is still going on.The Tory leader will ramp up pressure on the Prime Minister by tabling an amendment which would force his Government to act.But Downing Street last night indicated it would block the move by ordering MPs to opt against the vote.In response, Shadow Home Secretary\nBy Jason Groves\nPolitical Editor\n\nChris Philp said the decision showed ‘total moral cowardice from Keir Starmer and his Labour Party’.‘The victims of these heinous child rape gangs deserve honesty, and they deserve the truth,’ he added.Ms Badenoch’s push for an inquiry follows recent pressure on the PM over his role as Director of Public Prosecutions and the rape of thousands of young girls by predominantly Pakistani-origin men.Campaigners against child sex abuse have also urged Sir Keir to reconsider.Dame Jasvinder Sanghera, for example, said she ‘fully supported’ a public inquiry - and warned that abuse of young girls by male gangs continues.'This isn't something that used to happen,' she told Times Radio."", '##number\n4\n##header\n时事新闻\n##header\n2011年1月1日 星期六\n##header\n编辑：冯克 校对：王春明 新闻热线：01085831572 E-mail: zbs2250@263.net\n##header_image\n\n##doc_title\n三部门再次公布举报电话\n严查虚假报道\n新华社北京12月31日电 为深入推动全国新闻战线开展“杜绝虚假报道、增强社会责任、加强新闻职业道德建设”专项教育活动，国家广电总局、新闻出版总署、中国记协近日再次向社会公布举报电话。三部门有关负责人表示，有关单位和社会各界群众发现媒体刊载虚假报道的，可拨打相关举报电话，三部门将对举报内容进行认真核查，一经核实确为虚假报道的，将严肃查处，绝不姑息；造成恶劣社会影响和严重后果的，将依法依规追究相关责任人和新闻单位责任。各新闻单位和新闻从业人员要加强自律，自觉接受社会监督；对出现虚假报道问题的，要做到不回避、不护短，勇于承认错误，及时更正致歉，挽回不良影响。要通过新闻界的自律和社会化的监督网络构筑防治虚假报道的“防火墙”，确保新闻报道客观真实，切实维护新闻真实性和媒体公信力，维护新闻工作者良好社会形象。据悉，各省、自治区、直辖市有关部门和单位也将陆续公布举报电话。国家广电总局举报电话：\n010—86093956\n新闻出版总署举报电话：\n010-65212787\n中国记协举报电话:010-58262800\n##doc_title\n2011年中国工程院\n增选60名院士\n本报讯(记者 张丛 实习生 胡月)记者从中国工程院获悉,该院院士增选工作1月1日正式启动,增选名额为60名。最新修改完善的《中国工程院院士增选实施办法》中对增选院士的学术道德做了更严格的规定,除了增加候选人材料在“基层单位和内网公示”,也首次明确对违规行为进行直接处罚。此次增选中开始实施的《院士增选办法》规定，被提名人报送的材料“一旦发现材料不实、弄虚作假，经审核后以学风和道德问题作出处理，终止该被提名人的评审与选举”；提名单位报送的候选人材料“一旦发现材料有严重不实、弄虚作假等情况，经审查审核，将终止该候选人的评审与选举、取消下一次提名的资格”。', 'Theresa May, as home secretary, irresponsibly echoed this hysteria by stating in November 2014 that Operation Midland was merely “the tip of the iceberg”.It wasn’t even the tip of an ice cube.Let us not forget that the IICSA was a product of political pressure, launched not to investigate grooming gangs nor to address systemic failures but to appease MPs hoping to make political capital by pushing for answers to the fabricated claims of abuse at the hands of VIPs.When Operation Midland collapsed, the inquiry scrambled to pivot its focus elsewhere, including grooming gangs\n— an area in which its work was neither comprehensive nor free from political undertones.If Jay is genuinely concerned about politicisation, she must confront the uncomfortable reality that her inquiry, too, was born from it.While the IICSA may have brought some clarity, it left key questions unanswered: chiefly, why Pakistani grooming gangs were allowed to operate with impunity for so long.Communities in northern towns and cities deserve justice for the systemic failures that enabled such horrors.Yet these same failures remain largely unexamined.It is time to focus on meaningful reforms as well as focused and truly independent inquiries, not on perpetuating the culture of suspicion and slander that brought about this inquiry in the first place.', '']",The PM's official spokesman stated that further inquiries were unnecessary [1].,1.0,0.0
What is the ratio of rotor frequency to flash lamp rate?,"['##image\n\n##figure_title\nFig.2.Diagram of trigger system for rotor-laser synchronization\n##figure_title\nTable 1.Example solution for rotor-laser synchronization\n##table\n<table><tr><td>Rotor</td><td>Laser flash lamps</td><td>Rotor frequency/flash lamp rate</td><td>Camera and q-switch</td></tr><tr><td>1,041 RPM~17.35 Hz</td><td>9.914 Hz</td><td>$ m/n=7/4 $</td><td>2.479 Hz</td></tr></table>\nconstant rotor frequency, a very accurate and stable phase shift could be achieved.##paragraph_title\n3\n##paragraph_title\nFlow seeding\nDi-ethyl-hexyl-sebacat (DEHS) atomized by Laskin nozzle particle generators was used to seed the flow.The particles were pumped through a distribution rake mounted in the settling chamber of the wind tunnel.The rake was remotely traversed to guide the homogeneous seed stream to the region of interest.The DEHS droplets generated and distributed by this arrangement have a mean diameter below 1  $ \\mu $m as confirmed by previous tests.The rake and the resulting particle distribution during testing can be seen in Fig.3.Although seed particles are visible inside the tip vortex, the seeding density is noticeably lower than in the remainder of the flow field.This can be explained by the reduced air density inside the core and centrifugal forces that affect the particle distribution (for a more detailed discussion of particle behaviour, see e.', '', '', '© 2014 WILEY-VCH Verlag GmbH & Co.KGaA, Weinheim\n1 Introduction Despite the progress made in the field of polymer-based organic light emitting diodes (PLEDs) during the last years, continuing efforts in research are necessary for a substantial breakthrough in commercialization.The lifetime and stability of the devices are still one of the main issues in need of improvement [1–5].Usually, luminance degradation and an increase in operating voltage with prolonged electrical driving are typical features of electrical fatigue in polymer-based OLEDs [4].Thereby the device lifetime is normally defined as the  $ t_{50} $ or half lifetime – the time in which the luminance decreases to 50% from the initial value during operation at constant current.According to spin statistics, the ratio of singlet to triplet excitons in OLEDs is 1:3.However, differing ratios have been reported for many materials [6–9] but no consensus on the value has been reached.Nevertheless, due to the high lifetime of triplet excitons on the order of several  $ \\mu $s to ms [10, 11], high triplet densities are reached in fluorescent devices.The influence of these non-radiatively decaying excitons on the lifetime [12] or efficiency [13–15] of fluorescent OLEDs has been investigated in only few publications.', '##paragraph_title\n2.Estimating a cutoff frequency for zero-point fluctuations\nIf Planck [1] and Nernst [3] had used the relation  $ \\rho(\\nu, T) = 8\\pi h\\nu^2\\bar{U}(\\nu, T)/c^3 $, then instead of Eq.(2) they would have obtained\n\n##display_formula\n $$ \\begin{align*}\\rho(\\nu,T)=&\\frac{8\\pi\\nu^{2}}{c^{3}}\\Bigg[\\frac{1}{2}h\\nu+\\frac{h\\nu}{\\exp(h\\nu/kT)-1}\\Bigg]\\\\=&\\frac{4\\pi h\\nu^{3}}{c^{3}}\\Bigg[1+\\frac{2}{\\exp(h\\nu/kT)-1}\\Bigg]\\\\=&\\frac{4\\pi h\\nu^{3}}{c^{3}}\\coth\\Bigg(\\frac{h\\nu}{kT}\\Bigg).\\end{align*} $$ \n##formula_number\n(3)\nEq.(3), which is correct from the perspective of quantum electrodynamics [22], predicts that if all frequencies  $ \\nu $ are taken into account then there should be an infinite energy per unit volume since\n##display_formula\n $$ \\lim_{\\nu_{c}\\to\\infty}\\int\\limits_{0}^{\\nu_{c}}\\rho\\left(\\nu,T\\right)d\\nu $$ \ndiverges.To avoid this one could introduce a cutoff frequency  $ \\nu_c < \\infty $.Split the total energy density into\n##display_formula\n $$ \\rho(\\nu,T)=\\rho_{\\mathrm{v a c}}(\\nu)+\\rho_{\\mathrm{r a d}}(\\nu,T), $$ \n##formula_number\n(4)\nwhere\n##display_formula\n $$ \\rho_{vac}(\\nu)=\\frac{4\\pi h\\nu^{3}}{c^{3}} $$ \n##formula_number\n(5)\nis due to zero-point fluctuations, and\n##display_formula\n $$ \\rho_{\\mathrm{r a d}}(\\nu,T)=\\frac{8\\pi h\\nu^{3}}{c^{3}}\\frac{1}{\\exp{(h\\nu/k T)}-1} $$ \n##formula_number\n(6)\ncorresponds to the radiation energy density generated by photons of energy  $ h\\nu $.']",The ratio of rotor frequency to flash lamp rate is $ m/n = 7/4 $ [1].,0.75,0.9999999999997665
What is the rate at which the floating film was compressed?,"['e., the horizontal precipitation Langmuir–Blodgett method (HP-LB) allowing the deposition of high quality films by reducing to a minimum the lateral stresses on the films [9].The paper is aimed to show that the different polymer phases observed for the various blend composition by scanning probe microscopies (SPM) techniques can be effectively analysed using ToF-SIMS chemical mapping and that the morphological features substantially coincide with a specific chemical structure.##paragraph_title\n2.Experimental\nPoly(vinylpyridine) (P2VP,  $ M_w = 200 $ kDa, Polysciences, Inc.) and poly(styrene) (PS,  $ M_w = 280 $ kDa,  $ Sp^2 $, Scientific Polymer Products, Inc.) have been dissolved in chloroform with different relative weight ratios of the two polymers (P2VP/PS = 1/1, 1/5, 1/10, 1/15) but keeping a constant total polymer concentration of 0.5 g/L.These solutions were used for preparation of Langmuir polymer layers at the water/air interface in a computer-controlled trough (LT-102, MicrotestMachines, Belarus).The floating film was compressed at a rate of 0.5 mm/s (or 0.75 cm²/s) and the corresponding isotherms were acquired.LB films of each mixture (applied pressure 11–14 mN/m) were transferred on cleaned silicon (100) or freshly cleaved mica substrates by means of horizontal precipitation (HP-LB) method [9].', 'To examine the impact of agitation on the filtration flux in FSTR, increases in pump suction head during filtration were measured at 100 and 200 rpm, with (0.4 vvm) or without aeration.Agitation rates above 200 rpm were not tested due to possible shear damage on the Anchusa cells (Lei, 1994).The result of the filtration experiment without aeration is shown in Fig.2.The cell concentration in the reactor was 35 g dry weight/L (PCV = 80%).Pump speed was set at a constant level that gave a water flux of 1.2 cm³/cm²·min.Surprisingly, a higher suction head was attained at 200 rpm than at 100 rpm.Immediately after the filtration was initiated, a very sharp increase in the suction head was observed, which was followed by a more gradual increase.During the early stages of\n##number\n261', 'Concerning the quality of the film transfer, for HP-LB method we cannot define a transfer ratio.While vertical deposition is usu-\n##image\n\n##image\n\n##image\n\n##figure_title\nFig.2.AFM height images for 1/5 (a), 1/10 (b), 1/15 (c) respectively.ally characterized by measurement of the transfer ratio, that is the decrease of the area occupied by the monolayer (held at constant pressure) on the water surface divided by the coated area of the solid substrate, instead in HP method, it is not significant to define the decrease of area of the monolayer and therefore the transfer ratio because film is held at constant pressure during the deposition.Si substrates were cleaned either in a  $ H_{2}SO_{4}/H_{2}O_{2} $ mixture or by UV- $ O_{3} $ treatment, rinsed in ultra pure (MQ $ ^{\\circledR} $) water and dried in  $ N_{2} $ flux before deposition.', '##number\n786\n##chart\n\n##chart\n\n##figure_title\nFig.4 Histogram of measured streamwise (U-component) and cross-stream (V-component) velocities in the illuminated plane\nThis example was specifically selected to show a QD with large enough displacement to be discernible with naked eye.The actual displacements were determined by a direct spatial correlation approach.Results are shown in Fig.4 in terms of the histograms of the measured streamwise (U-component) and cross-stream (V-component) velocities in the illuminated plane.The overall mean velocities were measured to be  $ U_{mean} = 18.4 \\, \\mu m/s $ and  $ V_{mean} = -0.18 \\, \\mu m/s $.The small nonzero value of mean cross-stream velocity is consistent with a slight  $ (0.5^\\circ) $ rotational misalignment between the camera and the mean flow direction.We note that both distributions are nearly Gaussian with comparable velocity fluctuation levels (the difference between the fluctuation levels is expected to be mostly due to the relatively small sample size).The high level of velocity fluctuation, 57% of the mean for the streamwise velocity, is expected because of the significant random motion superposed onto the mean flow by Brownian motion of small QDs.', 'The measurement temperature was 25 °C, and shear rate was 6 s $ ^{-1} $ unless otherwise noted.The atom force electron micrographs were made using a Digital Instruments Nanoscope III controller with a Dimension 3100 microscope, and all measurements were performed in tapping mode.Mica wafers were employed as the substrate for the measurements and the sample was prepared by dip-coating and drying up.Dynamic light scattering studies were performed at 60–120° and the signals were processed with a Brookhaven Instruments BI-2030AT autocorrelator.Effective hydrodynamic diameters were calculated using the algorithm CONTIN and associated software.']",The floating film was compressed at a rate of 0.5 mm/s (or 0.75 cm²/s) [1].,0.6666666666666666,0.9907191511058216
河北省今年冬小麦播种面积比上年增加多少万亩？,"['##image\n\n■本报记者 刘伟建 李杰\n##doc_title\n力争粮食生产再上新台阶\n今年以来，河北省克服几十年来罕见的低温冻害，粮食生产实现了“三增两创”，即粮食产量“夏增”、“秋增”、“全年增”，单产、总产创历史最好水平，实现了建国以来首次连续七年增产。日前，河北省委常委、省纪委书记、省委省政府农村工作领导小组组长臧胜业接受记者采访时表示，全省各级党委、政府和广大干部群众认真贯彻落实党中央、国务院和省委、省政府关于“三农”工作的总体部署，坚持以科学发展观统揽全局，以发展现代农业为主攻方向，夯实农业基础，促进了农业增效和农民增收。尤其是面对严重的自然灾害，省委、省政府及时出台了一系列政策措施，先后投入1.08亿元用于三类麦苗促弱转壮补贴和“一喷三防”\n##doc_title\n天津市副市长李文喜——\n物化补贴，积极组织开展“抓春管、保转化、保夏收”麦田管理“百日会战”，强化“三秋”生产10项关键技术落实等，广大农民的种粮积极性被充分调动起来。从全年看，不仅粮食生产有了显著提高，而且在畜牧、蔬菜、水产、农垦等方面，也取得了快速发展，较好完成了全年的目标任务。针对当前农业生产形势，臧胜业分析说，随着党的惠农强农政策深入落实，加上近期农产品需求旺盛、市场价格有利，广大农民生产积极性进一步提高，全省农业生产形势稳定。今年，全省冬小麦播种面积3664万亩，比上年增加40万亩。综合分析各方面因素，预计明年全省农业将继续保持稳定发展的好势头，粮食单产和总产将迈上一个新台阶。☐ 本报记者 金慧英\n臧胜业表示，2011年是实施“十二五”规划的第一年，全省农业工作将以加快转变农业农村经济发展方式为主线，围绕建设现代农业，认真落实强农惠农政策，强化农业基础建设，增强农业综合生产能力，积极推进农业科技进步，着力加快农业产业化经营步伐，努力拓宽农民增收渠道，促进农业稳定发展、农民持续增收。##doc_title\n五年打造“三个高地”“两个基地”\n##image\n\n##doc_title\n河北省委常委、省纪委书记臧胜业\n回顾过去的五年，天津市副市长李文喜说，五年来天津郊区经济社会发展全面加快，“十一五”规划确定的各项目标任务，基本上都是在提高发展水平的前提下，超额完成。一是农村综合实力显著增强。今年郊区生产总值达到2560亿元，区县财政收入达到675亿元。二是农村载体功能显著提升。区县开发区支撑作用得到强化，高标准规划建设了31个区县示范工业园区，成为经济发展龙头。城镇规划布局和建设水平大大提高，城市化率达到60%。三是农村民生显著改善。农民收入较快增长，今年预计达到1.18万元，并建立了统筹城乡的医疗保障制度，农村社会保障基本实现全覆盖，农民教育培训成果明显。', '新华社记者黄宗治摄\n本报讯(记者 肖力伟 江娜)12月23日,全国种植业工作会议在北京召开,农业部副部长危朝安在会上提出,明年种植业工作重中之重的任务是,力争夏粮增产、早稻恢复、秋粮稳定,力争减产的省份恢复增产、增产的省份稳定不减,确保粮食产量在1万亿斤以上,全力以赴争取实现继续增产。围绕实现这一目标，危朝安要求，要统筹安排，协调推进，拓展和深化八项重点工作：\n##doc_title\n全力以赴争取粮食继续增产\n##doc_title\n全国种植业工作会议提出\n大力发展紧缺农产品生产。继续扩大粳稻生产；力争明年棉花种植面积恢复到8000万亩；增加双低油菜种植面积，发展东北农牧交错区春花生，稳定东北地区大豆种植面积；稳定发展糖料生产，因地制宜发展小杂粮生产。大规模开展粮棉油糖高产创建。在全国建设1万个粮棉油糖高产创建万亩示范片，并选择基础条件好、增产潜力大的50个县(市)、500个乡(镇)，开展整乡整县整建制推进试点。大规模开展园艺作物标准园创建。推进由“园”到“区”的拓展，实施范围逐步由1000亩扩大到5000亩以上，在园艺作物专业村实施整村推进，有条件的优势产区实施整乡整建制推进。加快推进现代种业发展。加快构建以产业为主导、大企业为主体、大基地为依托、产学研结合、育繁推一体化的现代种业体系，全面提高我国种业科技创新能力、企业竞争能力、供种保障能力、市场监管能力。大力推进病虫专业化统防统治。力争到“十二五”末全国重大病虫统防统治率达到30%以上、增加18个百分点，实现主要作物、关键区域全覆盖。同时积极推广绿色防控技术。大力推广节本增效技术。切实提高测土配方施肥技术覆盖率，特别是要在果树、蔬菜等园艺作\n物推广应用上有新突破。完善重点地区、优势作物的节水技术，确立不同区域的主推技术模式。扩大土壤有机质提升项目实施范围。强化农资市场监管。强化对生产经营主体的监管，加大监督抽查和执法力度，严格登记审批，完善品种淘汰和退出机制。继续开展种子执法年和农药市场监管年活动。切实抓好防灾减灾工作。制定完善防灾减灾预案，适时发布预警信息。对突发的灾害，要适时启动应急响应。同时，要大力推广成熟的防灾增产技术，加快构建防灾减灾长效机制。##doc_title\n内蒙古分阶段救助雪灾地区牧民\n##doc_title\n打通嘎查村道路面临困难 饲草料缺口依然较大\n本报讯(记者 张五四)记者从内蒙古自治区相关部门获悉,由于通往嘎查村的雪阻道路难以打通,再加上连续强低温天气,内蒙古主要受灾地区近日开始采取分阶段办法,来救助受灾牧民。锡林郭勒盟和兴安盟是雪灾最严重地区，自遭灾以来，抢通道路成为了当地政府的一项主要的救灾任务。尽管部分乡镇苏木的道路已经抢通，但由于强低温天气和“白毛风”原因，打通嘎查村道路面临很大困难，即使抢通的道路，也常常因为“白毛风”而复阻。', '吕兵兵 陈常领\n##doc_title\n徐水农技小分队活跃小麦冬管一线\n连日来，河北省保定市徐水县采取多种措施加强冬小麦管理，确保71万亩小麦安全过冬。该县从农业、教育、科协、乡镇等部门抽调50多名技术人员组成14支下乡助农小分队，做好苗情、墒情、病虫草情调查，掌握生产动态，并向农民讲解冬小麦管理知识，解答农民疑问；该县还印发5万张冬小麦冬灌技术标准明白纸，下发到小麦种植户手中，让农户们学会科学浇水；农资部门配齐化肥、农药，确保物资供应到位；供电公司对所有技术人员进行了再培训，并成立17支冬灌服务小分队，对全县所有IC卡机井箱进行了消缺检查，及时处理安全隐患800多处。他们还开辟冬灌业扩绿色通道，配备20辆抢险车随时待命，确保农民冬灌用电。马立涛 常新社\n\n近日，湖北省孝感市汉川脉旺镇两台大型挖掘机正在疏通一横渠。这是孝感市今冬明春计划建设的众多农田水利项目中的一个。截至12月2日，孝感市已开工各类水利工程3600多处，完成投资5亿元，累计完成土石方1600万方，为发展现代农业打造基础保障。##doc_title\n孝感为发展现代农业打造基础保障\n孝感北高南低，易旱易涝。该市因地制宜，在南部平原湖区重点进行堤防整治和深沟大渠疏竣，提高防洪排涝标准；在北部山丘地从今年起，该市计划用3年时间，筹资15亿元，基本解决小塘堰、小泵站、小渠道等方面的突出问题。孝感市整合涉农专项资金用于农田水利设施建设，每年政策性资金投入在3亿元以上。在财力紧张的情况下，市县两级共落实3000余万元“以奖代补”资金，撬动民间资本投入8696万元。区，重点进行塘堰改造和末级渠系建设，提高供水保证率。', '针对发现的干旱、旺长、病虫草害等问题，专家组提出了三项指导意见：一是把浇好冬水、抗旱保苗作为当前麦田管理的首要任务。二是增加抗旱专项资金投入，为抗旱保苗提供强有力的物质保障。三是以抗旱为重点，做好冬前及冬季的麦田管理技术指导工作，针对今年冬前温度偏高，冬前生长量较大的实际情况，各地要因地制宜，做好中耕镇压、病虫草害防治、浇后划锄。12月17日，山东省财政厅紧急向临沂、日照等10个小麦播种面积大、旱情严重的市，拨付特大抗旱补助资金2000万元，支持重旱地区开展生产自救。同时，山东还组织万名农业科技人员，深入田间地头指导抗旱工作，利用电视、广播、发放明白纸等方式，指导农民抗旱保苗。', '##paragraph_title\n种植速递\n##doc_title\n“济麦22”亩产\n达世界平均水平3倍\n山东省农业科学院培育的“济麦22”小麦新品种日前通过专家鉴定，研究成果总体达到国际领先水平，亩产可达世界平均水平的3倍。目前世界小麦平均单产在200公斤/亩左右，我国平均单产为330公斤/亩。新通过验收的“济麦22”在我国气候条件和一年两熟耕作制度下大面积突破600公斤/亩，是世界平均水平的3倍，超过了欧洲等世界小麦生产先进国家。据了解，“济麦22”已经在国内进行推广种植，2010年秋季播种面积为3567万亩，约占我国小麦面积的10%，是我国播种面积最大的小麦品种。']",河北省今年冬小麦播种面积比上年增加40万亩 [1]。,1.0,0.6806697352111559
What is the main goal of the paper?,"['本文希望通过权威的数据、直观的图表与清晰易懂的阐述一一向读者展示。##footer\n德勤新视界\n##number\n27', '', '', ""##header_image\n\n##header\nFARMERS' DAILY 中国农业新闻网: www.farmer.com.cn\n##header\n2011年1月1日 星期六 农历庚寅年十一月廿七 十二月初三小寒 第8715期(今日四版)\n##header\n国内统一刊号：CN11-0055 邮发代号：1-39 新闻热线：01085831572 E-mail：zbs2250@263.net\n##doc_title\n崇农立言 惟仁求真\n##doc_title\n——改版致读者\n新年新起点！当您拿到今天的《农民日报》，呈现在您面前的是一份风格全新的报纸。我们秉承“崇农立言，惟仁求真”的办报理念，对报纸进行了新一轮重大改版！这次改版，为“三农”工作服务的思想更加强化，版面的功能定位力求更为清晰明确，版式设计更加简洁清新。我们追求的是权威性、新闻性、实用性、服务性的和谐统一。这次改版，我们对报纸的版面功能、定位、风格做出了相应调整。1至4版为新闻版块，功能定位为及时突出地宣传党中央国务院关于“三农”工作的重大决策部署和方针政策，深入报道“三农”领域的重大新闻，全面关注“三农”领域的热点焦点话题；第5至8版为专业版块，定位为集新闻性、实用性、专业性、服务性为一体，服务产业，服务农民。从今天\n我们的改版,我们所有的努力,都是为了提供更有价值的新闻产品,为了更好地满足广大读者的需求。起，我们将陆续推出种植业、农经、科教、农家书屋、农资、文化与生活共6个专刊。感谢读者朋友的一路相随，感谢广大读者对《农民日报》的钟爱与支持。##doc_title\n国家主席胡锦涛发表2011年新年贺词\n##doc_title\n共同增进各国人民福祉\n##image\n\n##vision_footnote\n新年前夕，国家主席胡锦涛通过中国国际广播电台、中央人民广播电台、中央电视台，发表题为《共同增进各国人民福祉》的新年贺词。##vision_footnote\n新华社记者 兰红光 摄\n未来，我们仍将携手前行。新华社北京12月31日电 新年前夕，国家主席胡锦涛通过中国国际广播电台、中央人民广播电台、中央电视台，发表了题为《共同增进各国人民福祉》的新年贺词。全文如下：\n新年钟声即将敲响，人类就要进入2011年。在这辞旧迎新的美好时刻，我很高兴通过中国国际广播电台、中央人民广播电台和中央电视台，向全国各族人民，向香港特别行政区同胞、澳门特别行政区同胞、台湾同胞和海外侨胞，向世界各国的朋友们，致以新年的祝福！2010年，对中国人民来说是很不平凡的一年。面对国际国内环境的复杂变化，中国人民团结一心、开拓前进，成功举办上海世博会、广州亚运会，战胜青海玉树强烈地震、甘肃舟曲特大山洪泥石流等重大自然灾害，保持经济平稳较快发展，着力提高人民生活水平和质量，胜利实现“十一五”规划确定的目标任务，经济实力和综合国力进一步增强。"", '##header_image\n\n##header\n2011年1月3日 星期一\n##header\n编辑：崔丽 新闻热线：01084395158 E-mail：nmrbzzy1@126.com\n##number\n5\n##doc_title\n种植业导刊\n##paragraph_title\n[导读]\n##doc_title\n2011年种植业8大着力点\n##image\n\n2010年，我国在实现粮食“七连增”的同时，保持了种植业各业的稳定发展；2011年，是“十二五”的开头年，也是加快转变农业发展方式的关键之年。如何在转变农业发展方式中保持种植业发展的良好势头？近日召开的全国种植业工作会议给出了答案：千方百计促进粮食生产稳定发展，努力增加紧缺农产品生产，努力确保蔬菜均衡供应，努力提升农产品质量。重中之重的任务是，力争夏粮增产、早稻恢复、秋粮稳定，力争减产的省份恢复增产、增产的省份稳定不减，确保粮食产量在1万亿斤以上，全力以赴争取实现继续增产。如何确保这些主要任务落实到位，不打折不走样？全国种植业会议提出要扎实抓好大力发展紧缺农产品生产等八项重点工作，本刊特编发摘要，以飨读者。——编者\n##paragraph_title\n关键词\n##paragraph_title\n【高产创建】\n高产创建要在更大规模、更广范围、更高层次上深入推进，加大投入、创新机制，发挥更大的辐射带动作用。2011年，粮棉油糖高产创建万亩示范片安排1万个，增加1倍。因地制宜地实施整乡整县整建制推进 覆盖更大范围，实现更大面积均衡增产。2011年选择基础条件好、增产潜力大的50个县（市）、500个乡（镇），开展整乡整县整建制推进试点。开展大协作 整建制推进高产创建，需要加强协调配合，实行行政、科研、生产大协作，推进各项措施落实。要积极争取财政、发展改革、综合开发、国土、水利等涉农部门的支持，充分发挥科研院校专家的作用，引导他们投身到高产创建中来。统筹利用好各种投资项目，集中资源、集中力量、集约项目，合力推进。创新机制 注重发挥行政的引导和技术的指导作用，形成工作合力；注重科研成果的转化应用，加快新品种新技术的推广；注重探索社会化服务的新模式，推进规模化经营和专业化服务。推进标准化生产 做到设施标准化、技术模式化、管理规范化，在更高层次上提升生产水平。2011年，园艺标准园创建安排1000个，增加800个。标准园创建要在拓展上下功夫，扩大规模，提升层次。##doc_title\n【标准园创建】\n推进由“园”到“区”的拓展 要转变观念，不能仅仅把园艺作物标准园创建规模局限在一个千亩的小园，而应该把工作的着力点放在扩大规模、逐步由“园”向“区”拓展，提升标准园创建的层次和水平。实施范围逐步由1000亩扩大到5000亩以上，在园艺作物专业村实施整村推进，有条件的优势产区实施整乡整建制推进。推进由产向销拓展 标准园不仅要实现生产标准化，而且要实现产品品牌化，实现产加销一体化。']","The main goal of the paper is to provide authoritative data, intuitive charts, and clear explanations to inform readers about agricultural developments and policies. [1]",0.6666666666666666,0.9999999999998225
What is the maximum duration a detention warrant can last according to the document?,"['Korea court\nissues new arrest\nwarrant for Yoon\nSEOUL — South Korea’s anticorruption agency said it received a new court warrant on Tuesday to detain impeached President Yoon Suk Yeol after its previous attempt was blocked by the presidential security service last week.The Corruption Investigation Office for High-Ranking Officials, which plans to question the embattled president on rebellion allegations over his short-lived martial law decree on Dec.3, didn’t confirm how long the warrant would remain valid.Chief prosecutor Oh Dong-woon refused to answer when asked by lawmakers when the warrant would expire, saying the information is sensitive.Detention warrants typically last seven days but can be extended to around 10 days.Oh didn’t say when investigators planned to make their next attempt to detain Yoon.The Seoul Western District Court last week had initially issued a warrant to detain Yoon and a separate warrant to search his residence after he repeatedly defied authorities by refusing to appear for questioning.', '', '', ', Washington, DC 20549-2736.Extension:\nForm T-1.Notice is hereby given that, pursuant to the Paperwork Reduction Act of 1995 (44 U.S.C.3501 et seq.), the Securities and Exchange Commission (“Commission”) has submitted to the Office of Management and Budget this request for extension of the previously approved collection of information discussed below.Form T−1 (17 CFR 269.1) is a statement of eligibility and qualification under the Trust Indenture Act of 1939 (15 U.S.C.77aaa et seq.) of a corporation designated to act as a trustee under an indenture.The information is used to determine whether the corporation is qualified to serve as a trustee.Form T−1 is filed on occasion.The information required by Form T−1 is mandatory.This information is publicly available on EDGAR.Form T−1 takes approximately 15 hours per response to prepare and is filed by approximately 2 respondents.We estimate that 25% of the 15 hours (4 hours) is prepared by the company for a total annual reporting burden of 8 hours (4 hours per response × 2 responses).An agency may not conduct or sponsor, and a person is not required to respond to, a collection of information unless it displays a currently valid control number.', 'S.C.3501 et seq.), the Securities and Exchange Commission (“Commission”) has submitted to the Office of Management and Budget this request for extension of the previously approved collection of information discussed below.Form T–2 (17 CFR 269.2) is a statement of eligibility of an individual trustee under the Trust Indenture Act of 1939.The information is used to determine whether the individual is qualified to serve as a trustee under the indenture.Form T–2 is filed on occasion.The information required by Form T–2 is mandatory.This information is publicly available on EDGAR.Form T–2 takes approximately 9 hours per response to prepare and is filed by approximately 9 respondents.We estimate that 25% of the 9 hours per response (2 hours) is prepared by the filer for a total annual reporting burden of 18 hours (2 hours per response × 9 responses).An agency may not conduct or sponsor, and a person is not required to respond to, a collection of information unless it displays a currently valid control number.The public may view the background documentation for this information collection at the following Web site, www.reginfo.gov.Comments should be directed to: (i) Desk Officer for the Securities and Exchange Commission, Office of Information and Regulatory Affairs, Office of Management and']",The maximum duration a detention warrant can last according to the document is around 10 days [1].,1.0,0.9999999999997664
Where will Meta base its US content moderation teams after the shift?,"[""In their place?Mob rule.Zuckerberg has said that the platform, which has more than 3 billion people worldwide logging on to its apps every day, will be adopting an Elon Musk-style community notes format for policing what is and isn't acceptable speech on its platforms.Starting in the US, the company will be dramatically shifting the Overton window towards whoever can shout the loudest.The Meta CEO all but admitted that the move was politically motivated.“It’s time to get back to our roots around free expression,” he said, confessing that “restrictions on topics like immigration and gender [...] are out of touch with mainstream discourse”.He admitted to past “censorship mistakes” - here, probably meaning the past four years of tamping down political speech while a Democratic president was in office - and said he would “work with President Trump to push back against foreign governments going after American companies to censor more”.The most dog-whistle comment was a throwaway remark that Meta would be moving what remained of its trust and safety and content moderation teams out of liberal California, and its US content moderation would now be based in staunchly Republican Texas.To be completely clear: all businesspeople make shrewd moves to accommodate the changing political weather."", 'But few people’s decisions matter more than Zuckerberg’s.He has found himself, in the past 21 years, a central part of western society.Where Meta goes, the world - both online and offline - follows.And Meta has just decided to take a drastic, dramatic handbrake turn to the right.Don’t believe me - believe the watchdogs.“Meta’s announcement today is a retreat from any sane and\nChris\nStokel-Walker\nis the author of\nTikTok Boom:\nThe Inside Story\nof the World’s\nFavourite App\nsafe approach to content moderation,” said the Real Facebook Oversight Board, an independent, self-appointed arbiter of Meta’s moves.Outrage and lies can spread easily on social media, and have only been kept partly in check by platforms’ ability to intervene when things get out of hand.Social networks have always struggled to moderate speech.Those platforms haven’t helped themselves with chronic underinvestment in favour of growing their business at all costs.They have long said effective moderation is an unsolvable issue of scale, but it’s a problem they created with an untrammelled pursuit of scale at all costs.Certainly, policing online discourse is difficult, and certainly, content moderation at the level firms like Meta have been trying to operate has not worked.', ""##number\n4\n##header\nThe Guardian Wednesday 8 January 2025\n##header\nopinion\n##image\n\n##image\n\n##doc_title\nAn extinction-\nlevel reversal for\ntruth-seeking\n##image\n\nsocial media has always acted as something of a funhouse mirror to society as a whole.The algorithms and amplifications of an always online existence have helped accentuate the worst parts of our lives, while tucking in and hiding the best.It's part of why we're so polarised today.Which is what makes a declaration by one titan of big tech this week so worrying.Less than two weeks before Donald Trump returns to the White House, Meta, the parent company of Facebook, WhatsApp, Instagram and Threads, has made major changes to content moderation, and in doing so appears to align itself with the views of the incoming president.In a bizarre video message posted to his personal Facebook page yesterday, Meta’s chief executive officer, Mark Zuckerberg, announced that the platform is getting rid of its factcheckers."", 'But forswearing it entirely in favour of community notes is not the answer.Suggesting that it is a rational, evidence-based decision hides the reality: this is an expedient move for a man who this week saw the departure of a self-described “radical” centrist, Nick Clegg, as his global policy chief in favour of a Republican-leaning one.And who also appointed Dana White, the Ultimate Fighting Championship CEO and close Trump ally, to Meta’s board.In many ways, you can’t blame Zuckerberg for bending the knee to Donald Trump.The problem is his decision has huge ramifications.This is an extinction-level event for the idea of objective truth on social media - an organism that was already on life support, but was clinging on in part because Meta was willing to fund independent factchecking organisations in order to try to maintain some element of truthfulness, free from political bias.Night is day.Up is down.Meta is X.Mark Zuckerberg is Elon Musk.Buckle up for a turbulent, vitriolic and fact-free four years online.', '']",Meta will base its US content moderation teams in Texas [1].,1.0,0.9485457898309965
本版编辑的电话号码是多少？,"['##header\n本版编辑：孙维福 冯克 校对：李柏 电话：(010)84395001\n##header\n2010年12月27日 星期一\n##header\n专 版\n##header\nE-mail: zbs2250@263.', '##header\n本版编辑：刘远 校对：李柏 电话：(010)84395043\n##header_image\n\n##header\n要闻·综合\n##header\nE-mail: zbs2250@263.', '##number\n第4版\n##header\n本版编辑:李朝民 校对:邰技钢 电话:(010)84395001\n##header\n2010年12月24日 星期五\n##header\n要闻·综合\n##header\nE-mail: zbs2250@263.', '##number\n第4版\n##header\n本版编辑:王会 王腾飞 校对:李柏 电话:(010)84395241\n##header\n2010年12月25日 星期六\n##header\n专 版\n##header\nE-mail:wenhua_guangchang@126.', '##header\n本版编辑：彭电子 电话：(010)86876365\n##header\n2010年12月16日 星期四\n##header\n打工者天地\n##header\nE-mail: bdz6965@yahoo.']",本版编辑的电话号码是(010)84395001 [1]。,1.0,0.9158404953380921
哪些省份的市场化营商环境排名在2000—2017年间下降幅度较大？,"['##figure_title\n表3.5(续)\n##table\n<table><tr><td>省份</td><td>2000</td><td>2004</td><td>2008</td><td>2012</td><td>2013</td><td>2014</td><td>2015</td><td>2016</td><td>2017</td></tr><tr><td>贵州</td><td>29</td><td>30</td><td>29</td><td>26</td><td>24</td><td>27</td><td>28</td><td>10</td><td>9</td></tr><tr><td>云南</td><td>21</td><td>16</td><td>28</td><td>27</td><td>28</td><td>20</td><td>21</td><td>29</td><td>30</td></tr><tr><td>陕西</td><td>15</td><td>15</td><td>15</td><td>13</td><td>16</td><td>18</td><td>14</td><td>14</td><td>19</td></tr><tr><td>甘肃</td><td>13</td><td>19</td><td>14</td><td>21</td><td>20</td><td>21</td><td>20</td><td>24</td><td>22</td></tr><tr><td>青海</td><td>16</td><td>18</td><td>10</td><td>14</td><td>17</td><td>16</td><td>17</td><td>21</td><td>20</td></tr><tr><td>宁夏</td><td>6</td><td>7</td><td>19</td><td>15</td><td>18</td><td>19</td><td>13</td><td>17</td><td>12</td></tr><tr><td>新疆</td><td>10</td><td>8</td><td>8</td><td>12</td><td>12</td><td>12</td><td>9</td><td>11</td><td>15</td></tr></table>\n##paragraph_title\n3.4.2.2 市场化营商环境的进展与比较\n表 3.6 给出了中国各省份主要年份市场化营商环境指标的排名。据表 3.6 可知，上海、广东、江苏、山东、河南和福建长期处于领先地位，除了河南属于中部地区以外，其他皆在东部地区，反映出东部地区的市场化水平领先于其他地区；北京市场化营商环境建设在 2016 年以前一直处于中游水平，但到了 2017 年其全国排名第 4，实现了排名的飞跃 $ ^{①} $；安徽、江西从 2000 年全国排名第 20、19 名分别上升到 2017 年的第 10、5 名，排名进步很大，且达到中国前列之后这两省名次较稳定，说明这两个省份市场化建设取得了瞩目成效；2000—2017 年，浙江、海南和四川这三省市场化营商环境分别从第 6、2、12 名跌落至第 14、12、21 名，下降幅度较大，查找这几个省份具体得分可知，浙江和海南两省评分一直稳定增加，其落后的原因是其他地区市场化速度快于这两个省，导致这两省的排名相对落后，四川省评分在 2015—2017 年出现了下降态势，是市场化程度下降导致了四川省排名的滑落。', '##figure_title\n表 3.6 中国各省份主要年份市场化营商环境得分排名\n##table\n<table><tr><td>省份</td><td>2000</td><td>2004</td><td>2008</td><td>2012</td><td>2013</td><td>2014</td><td>2015</td><td>2016</td><td>2017</td></tr><tr><td>北京</td><td>17</td><td>10</td><td>18</td><td>20</td><td>20</td><td>19</td><td>18</td><td>16</td><td>4</td></tr><tr><td>天津</td><td>7</td><td>18</td><td>3</td><td>3</td><td>2</td><td>1</td><td>1</td><td>2</td><td>1</td></tr><tr><td>河北</td><td>9</td><td>9</td><td>12</td><td>11</td><td>9</td><td>13</td><td>13</td><td>13</td><td>13</td></tr></table>\n##footnote\n① 通过查找北京营商环境得分变化可发现，北京市2016—2017得分变化绝对值为0.37，即其市场化营商环境改善幅度相对较大。##footer\n3 中国民营企业营商环境评价体系构建与测度\n##number\n49', '##header\nNO.Date\n##table\n<table><tr><td>山西省</td><td>晋</td><td>太原</td></tr><tr><td>内蒙古自治区</td><td>内蒙古</td><td>呼和浩特</td></tr><tr><td>辽宁省</td><td>辽</td><td>沈阳</td></tr><tr><td>吉林省</td><td>吉</td><td>长春</td></tr><tr><td>黑龙江省</td><td>黑</td><td>哈尔滨</td></tr><tr><td>上海市</td><td>沪</td><td>上海</td></tr><tr><td>江苏省</td><td>苏</td><td>南京</td></tr><tr><td>浙江省</td><td>浙</td><td>杭州</td></tr><tr><td>湖南省</td><td>湘</td><td>长沙</td></tr><tr><td>广东省</td><td>粤</td><td>广州</td></tr><tr><td>广西壮族自治区</td><td>桂</td><td>南宁</td></tr><tr><td>海南省</td><td>琼</td><td>海口</td></tr><tr><td>重庆市</td><td>渝</td><td>重庆</td></tr><tr><td>四川省</td><td>川</td><td>成都</td></tr><tr><td>贵州省</td><td>贵</td><td>贵阳</td></tr><tr><td>云南省</td><td>云</td><td>昆明</td></tr><tr><td>西藏自治区</td><td>藏</td><td>拉萨</td></tr><tr><td>陕西省</td><td>陕</td><td>西安</td></tr><tr><td>甘肃省</td><td>陇</td><td>兰州</td></tr><tr><td>安徽省</td><td>皖</td><td>合肥</td></tr><tr><td>福建省</td><td>闽</td><td>福州</td></tr><tr><td>江西省</td><td>赣</td><td>南昌</td></tr><tr><td>山东省</td><td>鲁</td><td>济南</td></tr><tr><td>河南省</td><td>豫</td><td>郑州</td></tr></table>\n##number\n52', '4%</td></tr></table>\n##vision_footnote\n数据来源：Wind、开源证券研究所\n二季度江苏、安徽疫情影响较小，消费场景复苏较快，大众高端白酒表现相对较好。江苏省和安徽省经济增速居全国前列，为省内消费升级和白酒扩容提供基础。此外，二季度疫情影响相对较小，主要城市未出现较大规模疫情管控，消费场景在5、6月快速恢复，省内龙头酒企凭借扎实的渠道基础建设和当地较强的品牌影响力，整体动销表现良好。分品牌看，古井贡酒和今世缘保持较高业绩增速，且利润增速快于收入增速，盈利能力同比2021Q2也有所提升；口子窖业绩表现略低于预期，主要系疫情影响发货进度，同时公司未向经销商压货，导致二季度经营节奏略慢。迎驾贡酒二季度业绩微增，省内动销趋势向好，但省外华东地区受疫情影响较大，业绩增长阶段性承压。展望下半年，在江苏、安徽在疫情扰动因素减弱和经济快速发展下，大众高端白酒仍将以结构升级和市场拓张为主，全年业绩有望顺利完成。', '##table\n<table><tr><td>3</td><td>安徽省砀山县</td><td>水果罐头、樱桃、梨</td><td>安徽省砀山县</td><td>水果罐头、樱桃、梨</td></tr><tr><td>4</td><td>湖南省平江县</td><td>豆腐干、面筋制品</td><td>重庆市丰都县</td><td>牛肉</td></tr><tr><td>5</td><td>西藏自治区城关区</td><td>牛肉、冬虫夏草</td><td>湖南省平江县</td><td>豆腐干、面筋制品</td></tr><tr><td>6</td><td>甘肃省岷县</td><td>黄芪、枸杞、党参</td><td>重庆市奉节县</td><td>脐橙</td></tr><tr><td>7</td><td>甘肃省广河县</td><td>冬虫夏草</td><td>河北省涞水县</td><td>糙米、面粉</td></tr><tr><td>8</td><td>河北省万全区</td><td>鲜食玉米</td><td>江西省遂川县</td><td>腊肉</td></tr><tr><td>9</td><td>河北省涞水县</td><td>糙米、面粉</td><td>甘肃省岷县</td><td>黄芪、枸杞、党参</td></tr><tr><td>10</td><td>河南省虞城县</td><td>牛奶、牛肉</td><td>河南省虞城县</td><td>牛奶、牛肉</td></tr></table>\n##chart\n\n##figure_title\n图 4 各省（区、市）农产品电商消费额\n农产品电商消费方面，TOP10 分别为广东、浙江、江苏、山东、上海、福建、北京、河南、四川、安徽。中西部地区占了三席。农产品线上消费增幅前五位的分别为云南、浙江、广东、湖北、福建。##paragraph_title\n（二）农产品数字化百强县排名\n本课题组综合考虑国家数字乡村试点地区、国家现代农业产业园、农业产业强镇、地理标志产品、区域公用品牌等情况，以及阿里巴巴农产品电商交易、网商银行数字普惠金融相关数据，形成农产品数字化百强县名单。考虑到各市辖区经济相对较为发达，此次排名暂未将市辖区列入排名。排名前 10 位的分别为福建安溪、江苏沭阳、福建武夷山、福建福鼎、江苏\n##number\n11']",浙江、海南和四川这三省市场化营商环境排名在2000—2017年间下降幅度较大 [1]。,1.0,0.867008135192703
Where were the bioassay arenas along the walls placed?,"['Bioassay arena 2 was placed in between two large pieces of milling equipment and pneumatic conveying ducts.Bioassay arena 7 was placed underneath a piece of milling equipment.Relative to the application locations, bioassay arena 1 was placed directly in front of aerosol application location 1 and bioassay arena 9 and 4 were placed next to aerosol application locations 2 and 3, respectively.After aerosol applications, each bioassay arena was covered and transported back to the USDA-ARS-CGAHR and held at 27°C, 60% RH, and 0:24 (L:D) in an environmental chamber.At 2, 4, and 6 wk post-aerosol application, five (3–4 wk old) T.confusum larvae along with ~400 mg of diet were added to one concrete arena from each bioassay arena position.Number of larvae available for bioassays was limited, but five larvae per dish does provide sufficient resolution to evaluate IGR effects on development.Larvae were examined twice weekly, up to 4 wk, for adult emergence.Emerged adults were removed from dishes to prevent cannibalism.At the end of 4 wk, all five individuals were classified as larvae, pupae, or adults.Means and SEs were calculated for adult emergence and data analyzed using statistical analysis software (version 9.', 'Concrete dishes were prepared based on Arthur (2015).Briefly, a dry powder driveway patching material (Rockite, Hartline Product Co., Inc., Cleveland, OH) was mixed with water to create a thin slurry, poured in the bottom of Petri dishes to a depth of  $ \\sim 0.5 \\, cm $, and held at ambient conditions for approximately 7 d.Inside each Petri dish, four concrete arenas were placed.Three of the arenas were used in the current study for residual bioassays at 2, 4, and 6 wk post-aerosol treatment and contained no diet at time of exposure to aerosol.The other arena was used as described by Scheff et al.(2018).These groups of testing arenas were placed at ten different positions on the third floor (Fig.1).Nine positions also had aerodynamic particle sizer units (APS 3321, TSI Inc., Shoreview, MN) placed to collect data on aerosol particle concentration and size distribution.Two additional testing arenas were placed on the first floor of the mill during each aerosol treatment and served as untreated controls.Arenas were placed in each of the four major corners of the mill floor (arenas 4, 5, 8, 10).Bioassay arenas along walls were placed approximately 0.5 m away from the wall (arenas 4, 5, 6, 8, 9, 10).', ""The aerosol application position was changed after each treatment and each aerosol application location was repeated twice for each aerosol formulation.Due to logistical constraints of the milling facility (time available for testing) and time required for each aerosol application the pyrethrin + pyriproxyfen aerosol treatments were conducted first, followed by the pyrethrin + methoprene aerosol treatments.Day 1 of testing had five trials, day 2 had six trials, and day 3 had five trials, for a total of 16 aerosol applications.##paragraph_title\nBioassays\nThe T.confusum larvae used in the study were from a pesticide-susceptible strain maintained at the United States Department of Agriculture–Agricultural Research Service–Center for Grain and Animal Health Research (USDA-ARS-CGAHR, Manhattan, KS).Tribolium confusum colonies are reared on 95% organic whole-wheat flour and 5% brewer's yeast at 27°C, 60% RH, and 0:24 (L:D) h in an environmental chamber.These colonies have been maintained at the USDA-ARS-CGAHR for more than 30 yr.Testing arenas used in this study were individual  $ 60 \\times 15 \\, mm $ ( $ \\sim 22 \\, cm^{2} $) Petri dishes partially filled with concrete and placed inside larger  $ 150 \\times 20 \\, mm $ ( $ \\sim 137 \\, cm^{2} $) plastic Petri dishes."", '##header\nJournal of Economic Entomology, 2020, Vol.XX, No.XX\n##number\n3\n##image\n\n##figure_title\nFig.1.General schematic of the third floor of the pilot-scale flour mill used for all experiments.The black boxes, white circles, and rectangles represent large structural features on the third floor such as support columns, milling equipment, sifters, and large storage bins.The bioassay area positions are numbered 1–10.The location of each aerosol application position is denoted as A1, A2, and A3 inside the gray squares.Aerosol application 4 was released from all three locations A1, A2, and A3 (1/3 dose at each position).Source: Scheff et al.(2018), used by permission.of the mill at an approximate 45° angle and applied using a sideways sweeping motion toward the left and right sides of the floorspace.The total aerosol application time was approximately 2–5 min, followed by a 1-h exposure period.After the 1-h exposure, the air ventilation system was turned on for approximately 10 min to remove any residual aerosol particles that may be present in the ambient air.The next step was to pick up all bioassay arenas that were exposed to the aerosol insecticide treatment and replace with new bioassay arenas for the next aerosol treatment, which took approximately 5–15 min.', '##image\n\n##image\n\n新落成的建筑物位于历史公园内的美第奇要塞附近，包括主要的法庭和司法大厅的主席办公室，并与一栋曾是大型医院的新古典风格的大楼连接，这栋大楼被翻修后用来办公和存放档案。新侧楼的设计体现了它周边的环境：公园里茂盛的植物和城市的中世纪结构，一边被海螺墙包围着，另一边则对广场、花园和管区开放。此外，在北边，一面黑灰色调的火烧黑色花岗岩砖砌成的凹圆墙包围着新侧楼。在南边，以许多生物皮肤（包括树叶）为特色的几何变形图形塑造了起伏的、透明的、防晒的不锈钢门面。只用直线元素就可以塑造这些复杂的曲线形状。因此，银色的有关生物与气候的叶饰利用发亮的阴影保护了室内空间，与邻近的新古典主义建筑元素交织在一起。室内，镜子般的黑色磨光花岗岩地板的强烈反射与绿色玻璃包封和横向灰色音响平板形成对比。']",The bioassay arenas along the walls were placed approximately 0.5 m away from the wall [2].,0.5,0.9350268488867783
2022年基金规模回升至多少万亿元？,"['##paragraph_title\n国资背景基金情况\n2022年备案基金规模小幅回升，但仍未恢复至资管新规出台前的水平\n##figure_title\n2014年-2023Q3国资背景基金的备案数量及规模\n##chart\n\n##figure_title\n2014年-2023Q3国资背景基金数量TOP10地区\n##chart\n\n##paragraph_title\n核心发现\n2018年4月资管新规出台后，国资背景基金备案数量增速放缓且规模骤减，受新冠疫情影响，2021年新增基金规模再次下降，虽然2022年基金规模回升至1.25万亿元，但仍未恢复至资管新规出台前的水平，2023前三季度新增规模略低于2022年同期。截至2023Q3全国国资背景基金备案数量累计9196只，基金规模累计8.91万亿元。基金注册区域集中于广东省、浙江省和江苏省，广东省国资背景基金总规模遥遥领先。备案基金数量前10的省份基金数量占全国总量的73%，规模占全国总量的68%。##footer\nCVINFO 投中信息', '99/4.62/5.75 亿元，（调整比例为 -5.2%/-5.1%/-5.1%）。但公司整体盈利能力好于我们此前预计，小幅调整 2022-2024 年归母净利润至 0.59/0.79/1.05 亿元，（调整比例为 -2.6%/-2.5%/-2.8%），以当前总股本计算的摊薄 EPS0.', '23</td><td>43,886.66</td><td>3年</td></tr><tr><td>2</td><td>年产190吨高端医药产品项目</td><td>40,000.00</td><td>28,656.10</td><td>3年</td></tr><tr><td>3</td><td>补充流动资金</td><td>7,457.24</td><td>7,457.24</td><td></td></tr><tr><td></td><td>总计</td><td>99,718.47</td><td>80,000.00</td><td></td></tr></table>\n##vision_footnote\n资料来源：公司招股书，华金证券研究所\n##paragraph_title\n（五）同行业上市公司指标对比\n2022 年度，公司实现营业收入 7.17 亿元，同比增长 30.50%；实现归属于母公司净利润 1.61 亿元，同比增长 90.96%。', '46%</td></tr></table>\n##vision_footnote\n来源：Wind、国金证券研究所\n■ 从个股退出重仓市值看，化工行业共有 40 个标的在 2022Q1 重仓而在 2022Q2 未重仓。从 2022Q2 退出前的持仓市值来看，排名前十的分别为新凤鸣（5.58 亿元）、三孚股份（2.75 亿元）、海利尔（1.89 亿元）、安利股份（1.86 亿元）、三聚环保（0.76 亿元）、湖南海利（0.6 亿元）、沧州大化（0.58 亿元）、红星发展（0.55 亿元）、天原股份（0.54 亿元）、翔丰华（0.52 亿元）。', '以吉林碳谷(836077.BJ)为例。以目前披露出的2023年公募基金持仓情况来看，2023Q4吉林碳谷的公募基金总持仓为641.11万股，占流通A股的2.35%，对应总市值（以2024年1月23日市价计算）8719.10万元。##figure_title\n表4：2023Q4 吉林碳谷的公募基金总持仓为 641.11 万股，占流通 A 股的 2.35%\n##table\n<table><tr><td>序号</td><td>机构名称</td><td>机构类型</td><td>方向</td><td>合并数量（万股）</td><td>占流通A股比例（%）</td><td>合并数量变动（万股）</td><td>合并持股比例变动（%）</td><td>合并数量（只）</td></tr><tr><td>1</td><td>嘉实基金管理有限公司</td><td>基金</td><td>减持</td><td>93.39</td><td>0.34</td><td>-25.51</td><td>-0.09</td><td>2</td></tr><tr><td>2</td><td>万家基金管理有限公司</td><td>基金</td><td>增持</td><td>79.08</td><td>0.29</td><td>56.67</td><td>0.21</td><td>1</td></tr><tr><td>3</td><td>广发基金管理有限公司</td><td>基金</td><td>增持</td><td>73.76</td><td>0.27</td><td>35.29</td><td>0.13</td><td>1</td></tr><tr><td>4</td><td>招商基金管理有限公司</td><td>基金</td><td>增持</td><td>62.56</td><td>0.23</td><td>13.2</td><td>0.05</td><td>1</td></tr><tr><td>5</td><td>易方达基金管理有限公司</td><td>基金</td><td>减持</td><td>59.93</td><td>0.22</td><td>-16.31</td><td>-0.06</td><td>1</td></tr><tr><td>6</td><td>大成基金管理有限公司</td><td>基金</td><td>减持</td><td>59.30</td><td>0.22</td><td>-34.09</td><td>-0.13</td><td>1</td></tr><tr><td>7</td><td>华夏基金管理有限公司</td><td>基金</td><td>增持</td><td>51.36</td><td>0.19</td><td>23.4</td><td>0.09</td><td>1</td></tr><tr><td>8</td><td>工银瑞信基金管理有限公司</td><td>基金</td><td>增持</td><td>41.']",2022年基金规模回升至1.25万亿元[1]。,1.0,0.8058140267004964
What is the name of the mysterious socialite who gives the potion to the characters?,"['', '', '##number\n4D\n##header\nWEDNESDAY JANUARY 8, 2025 USA TODAY\n##header\nLIFE\n##doc_title\nAudiences will fall for the stage magic in ‘Death Becomes Her’\nPatrick Ryan USA TODAY\n##image\n\nSevered noggins, staircase tumbles and gaping stomach wounds.##vision_footnote\nJennifer Simard, left, and Christopher Sieber in ""Death Becomes Her."" PROVIDED BY MATTHEW MURPHY AND EVAN ZIMMERMAN\nWith all the onstage magic happening in “Death Becomes Her,” it’s enough to make your head spin.Adapted from the 1992 camp classic starring Meryl Streep and Goldie Hawn, the lavish new Broadway musical serves up irreverent comedy with dumbfounding feats of theatrical sorcery.The show tells the story of caustic best frenemies Madeline (Megan Hilty) and Helen (Jennifer Simard), who ingest a purple potion from a mysterious socialite (Michelle Williams) that gives them eternal youth.But the transformative elixir has unsavory side effects: Even the slightest knock to their va-va-voom figures causes irreparable blemishes.So when the gloves come off and the ladies brawl, all manner of absurd body horror ensues.The movie won an Oscar for its outrageous visual effects.So naturally, illusionist Tim Clothier was daunted when he got the call about helping bring “Death Becomes Her” to the New York stage (taking the mantle from Rob Lake, who oversaw the effects for the show’s Chicago tryout early last year).', '谁带着泡泡旅行呢？', ""“Nothing felt right.”\n\nBut he eventually cracked the code when he met actor/dancer Warren Yang, an Olympic-trained gymnast who now serves as the production’s acrobatics captain.“I was on Instagram and I saw a video of Warren literally changing his clothes while he was doing a handstand,” Gattelli says.“I was like, ‘Wait a minute.’ I reached out to him and was like, ‘I can see a world where there’s a pommel horse routine down a flight of stairs.’ And he was like, ‘Oh, I’m all in – let’s play.’”\nGattelli calls the sequence a “true collaborative effort,” working with lighting designer Justin Townsend (“Moulin Rouge!The Musical”) and costume designer Paul Tazewell (“Wicked”) to cleverly achieve the illusion that it’s actually Hilty and not Yang toppling down the stairs.He also had to find other dancers with that particular skill set, should Yang ever need to call out of a performance.“It’s an epic moment that everyone is waiting for and I was just thrilled where it landed,” Gattelli says.“Warren stops the show every night with it.There are no wires – he’s literally doing these handstands and cartwheels and flips.It’s a total free fall and I just cannot believe he can do that.”\n##doc_title\nFox's 'Doc' is a drama to forget\nKelly Lawler USA TODAY\nNot long into watching Fox’s new amnesia drama “Doc,” I had a desperate desire to turn the TV off.""]",The name of the mysterious socialite who gives the potion to the characters is Michelle Williams [3].,0.5,0.9902588913202175
What are the RU final values for 1E5 alone and the mixture of 1E5 with the noncompeting peptide?,"['In all cases, binding between the surface and components of the mixture of antibody with or without peptide was detected.The upper curve shows the response of the binding between the mixture of 1E5 and peptide [145–165] and the surface with the antigen bPrP.The responses corresponding to 1E5 alone and the mixture of 1E5 with the noncompeting peptide are relatively close; the RU values after the injection (RU $ _{final} $) are 460 and 470, respectively, so the binding is quite similar in those', '##header\nAntibody–antigen interactions / C.Bich et al./ Anal.Biochem.375 (2008) 35–45\n##number\n39\n##chart\n\n##chart\n\n##chart\n\n##figure_title\nFig.1.Detection of the binding between the two partners of a specific complex.(A) High-mass MALDI mass spectrum of the bPrP and an antibody, 1E5, against bPrP without cross-linking.(B) Detection of the  $ [1E5\\bullet bPrP] $ and  $ [1E5\\bullet 2bPrP] $ complexes after cross-linking.(C) Sensorgram of binding and dissociation between the immobilized ligand, 1E5, and the analyte, bPrP.The beginning of the sensorgram shows the level of response from the surface with only 1E5, the middle section shows the binding of bPrP with the surface during the injection, and the last section corresponds to the dissociation of the complex.[1E5•bPrP] and [1E5•2bPrP] complexes are still present, albeit in a much lower quantity.In the reference experiment (Fig.4A), if one assumes that the peaks from the two complexes represent 100% of the intensity of the signal, the two peaks corresponding to the complexes with bPrP in the cases of peptides [140–160] and [145–165] represent only 36 and 42%, respectively, of the total intensity of all three peaks.This suggests that these peptides effectively compete with bPrP for binding with the antibody.', 'The characterization of the binding between 1E5 and the three selected peptides, two of which are assumed to be competing, was performed with a different procedure using SPR.A modified protocol (similar to the one described earlier for MS) was developed and tested.Rather than the antibody, the antigen was immobilized and the antibody, after mixing with the peptides, was flowed across the surface.The binding response was followed on the sensorgram (Fig.4E).', '5 (12.5-18.1)</td><td>&gt;32.2</td><td>54.0 (38.1-74.9)</td><td>&gt;9.3</td><td>50.5 (23.9-87.8)</td><td>&gt;9.9</td><td>76.3 (64.0-90.7)</td><td>&gt;6.6</td><td>1250</td><td>NA</td><td></td></tr><tr><td>Phenytoin</td><td>65.5 (52.5-72.1)</td><td>9.5 (8.1-10.4)</td><td>6.9</td><td>300 no protection</td><td>&lt;0.2</td><td>100 no protection</td><td>&lt;0.7</td><td>100 no protection</td><td>&lt;0.7</td><td>55-1000b</td><td>&lt;0.7</td><td></td></tr><tr><td>Phenobarbital</td><td>69.0 (62.8-72.9)</td><td>21.8 (15.0-25.5)</td><td>3.2</td><td>13.2 (5.9-15.9)</td><td>5.2</td><td>37.7 (26.5-47.4)</td><td>1.8</td><td>27.5 (20.9-34.8)</td><td>2.5</td><td>95.3 (91.3-99.5)</td><td>0.7</td><td></td></tr><tr><td>Valproate</td><td>425.8 (369-450)</td><td>272 (247-338)</td><td>1.6</td><td>148.6 (123-177)</td><td>2.9</td><td>359.9 (294-439)</td><td>1.2</td><td>387.2 (341-444)</td><td>1.1</td><td>292.9 (261-323)</td><td>1.5</td><td></td></tr><tr><td>Ethosuximide</td><td>440.8 (383-485)</td><td>1,000 no protection</td><td>&lt;0.4</td><td>130.3 (111-151)</td><td>3.4</td><td>459.0 (350-633)</td><td>1.0</td><td>243 (228-255)</td><td>1.8</td><td>250-1,000c</td><td>&lt;0.4</td><td></td></tr><tr><td colspan=""13"">Maximum protection, 37.', '2014).The efficacy index ranged from 1, the weakest efficacy response with five adults, to 21, the strongest response with five larvae.All of the index values with the corresponding numbers of adults, pupae, and larvae indicated in brackets were the following: 1 [5,0,0], 2 [4,1,0], 3 [4,0,1], 4 [3,2,0], 5 [3,1,1], 6 [3,0,2], 7 [2,3,0], 8 [2,2,1], 9 [2,1,2], 10 [2,0,3], 11 [1,4,0], 12 [1,3,1], 13 [1,2,2], 14 [1,1,3], 15 [1,0,4], 16 [0,5,0], 17 [0,4,1], 18 [0,3,2], 19 [0,2,3], 20 [0,1,4], 21 [0,0,5].##aside_text\nDownloaded from https://academic.oup.com/jee/advance-article-abstract/doi/10.1093/jee/toa103/5848239 by guest on 01 June 2020']","The RU final values for 1E5 alone and the mixture of 1E5 with the noncompeting peptide are 460 and 470, respectively [1].",1.0,0.9999999999997532
谁在会议上作了工作报告？,"[""##header_image\n\n##header\nFARMERS' DAILY 中国农业新闻网: www.farmer.com.cn\n##header\n2011年1月3日 星期一 农历庚寅年十一月廿九 十二月初三小寒 第8716期(今日八版)\n##header\n国内统一刊号：CN11-0055 邮发代号：1-39 新闻热线：01085831572 E-mail：zbs2250@263.net\n##doc_title\n全国政协举行新年茶话会\n据新华社北京1月1日电(记者 张宗堂 吴晶晶)新年伊始，万象更新。中国人民政治协商会议全国委员会1日上午在全国政协礼堂举行新年茶话会。胡锦涛、吴邦国、温家宝、贾庆林、李长春、习近平、李克强、贺国强、周永康等党和国家领导人同各民主党派中央、全国工商联领导人和无党派人士代表、中央和国家机关有关方面负责人以及首都各族各界人士代表欢聚一堂，共庆2011年元旦。中共中央总书记、国家主席、中央军委主席胡锦涛在茶话会上发表重要讲话(讲话全文另发)。他强调,经过5年不懈努力,“十一五”规划确定的目标任务胜利完成,我国经济实力、综合国力、人民生活水平迈上新的台阶。5年的实践再次证明,有中国共产党的坚强领导,有中国特色社会主义道路和中国特色社会主义理论体系,有全党全国各族人民的紧密团结,我们一定能战胜前进道路上的任何艰难险阻,坚定不移推进全面建设小康社会进程,朝着中华民族伟大复兴的光明前景阔步前进。我们必须再接再厉、同心协力、锐意进取,增强全党全国各族人民走中国特色社会主义道路和实现中华民族伟大复兴的理想信念,紧紧依靠最广大人民群众,勇于变革、勇于创新,奋发有为开创党和国家各项工作新局面。茶话会上，胡锦涛等领导同志来到各界人士中间，亲切地同大家握手交谈，互致问候。文艺工作者表演了歌舞、曲艺等精彩节目。"", '新华社记者 刘建生 摄\n新华社北京12月22日电(记者 车玉明 董峻)中央农村工作会议21日至22日在北京举行。会议认真贯彻落实党的十七大和十七届三中、四中、五中全会以及中央经济工作会议精神，系统总结2010年农业农村工作，科学谋划“十二五”时期农业农村发展，重点研究加快水利改革发展问题，全面部署2011年农业农村工作。党中央、国务院高度重视这次会议。会前，中央政治局常委会议、国务院常务会议和中央农村工作领导小组会议专门研究了会议文件，对做好明年农业农村工作提出了明确要求。会议讨论了《中共中央、国务院关于加快水利改革发展的决定(讨论稿)》。中共中央政治局委员、国务院副总理回良玉出席会议并讲话。会议指出，2010年是我国经济社会发展极不平凡的一年，也是“三农”工作历尽艰辛、砥砺奋进、再创佳绩的一年。全国上下在党中央、国务院的坚强领导下，齐心协力，成功应对了极为严重的自然灾害、农产品市场价格异常波动和非常复杂的外部环境，农业农村发展取得了极不平常的显著成就。全年粮食总产10928亿斤，增产312亿斤，实现了半个世纪以来的首次“七连增”。预计全年农民人均纯收入超过5800元，实际增长10%左右。农村民生和公共事业快速发展，体制机制创新深入推进，农村社会保持和谐稳定。我国“三农”发展取得的显著成就，为巩固和扩大应对国际金融危机冲击成果、保持国民经济平稳较快发展提供了有力支撑，为战胜各种风险挑战、维护改革发展稳定大局奠定了坚实基础。会议指出，“十一五”的5年，是“重中之重”战略思想不断丰富发展、强农惠农政策体系加快完善、农民物质利益和民主权利得到有效保障的5年，是现代农业加快发展、新农村建设加快推进、城乡关系发生深刻变化的5年。我们不仅创造了巨大的物质财富，而且积累了解决“三农”问题的宝贵经验，进一步探索和拓宽了适合我国国情的农业农村发展道路。会议强调,明年农业农村发展还面临着很多新的困难和问题,粮食生产和农民收入要在连续7年增产增收的高基数上继续前行,农产品供给和市场价格要在多种影响因素叠加交织的高变数中保持稳定,农业农村发展要在经济社会发展全局提出的高要求下延续向好势头,面临的困难之多、压力之重、挑战之大,是这些年来从未有过的。我们必须进一步增强危机感、紧迫感、责任感,切实做好应对各种风险挑战的准备,不断加大强农惠农力度,创新农村工作思路,凝聚支持“三农”力量,奋力夺取明年农业农村工作新胜利。会议指出，“十二五”时期，农业农村工作的指导思想是：全面贯彻党的十七大和十七届三中、四中、五中全会精神，以邓小平理论和“三个代表”重要思想为指导，深入贯彻落实科学发展观，牢固树立“重中之重”战略思想，按照在工业化、城镇化深入发展中同步推进农业现代化的要求，在经济结构战略性调整中着力夯实农业农村发展基础，在收入分配格局调整中着力促进农民增收，在保障和改善民生中着力强化农村基础设施和公共服务，不断加大强农惠农政策力度，深入推进农村改革创新，加快转变农业发展方式，加快推进社会主义新农村建设，加快形成城乡经济社会发展一体化新格局，为促进经济长期平稳较快发展和社会和谐稳定提供有力支撑。', '古语云：“求木之长者，必固其根本；欲流之远者，必浚其泉源。”我们欣喜地看到，在党中央国务院“重中之重”科学理论体系的推动下，统筹城乡，科学发展，建设社会主义新农村，一系列生动实践给农业农村经济发展、农村社会的全面进步、农民素质的提高以及农民命运的转机带来了真正的福祉。在新的一年即将到来之际，在“十二五”铿锵的脚步迈近之时，让我们为亿万农民日新月异的新生活祝福、喝彩，让我们期待亿万农民拥有更加辉煌灿烂的明天！(上接第一版)\n今天上午，人民大会堂大礼堂鲜花吐艳，华灯璀璨，洋溢着喜庆热烈的气氛。上午10时，吴邦国宣布大会开始。全体起立，高唱国歌。大会宣读了《关于表彰探月工程嫦娥二号任务突出贡献单位和突出贡献者的决定》。在雄壮的乐曲声中，胡锦涛等领导同志为获奖代表颁发了奖章和证书。全场响起长时间的热烈掌声。胡锦涛在大会上发表了重要讲话。他首先代表党中央、国务院和中央军委，向参加嫦娥二号任务的广大科技工作者、干部职工、解放军指战员，向受到表彰的先进单位和先进个人，表示热烈的祝贺。胡锦涛强调，实施探月工程，是我们从建设创新型国家、推动经济社会又好又快发展的高度作出的战略决策。嫦娥二号任务工程目标和科学目标的实现，不仅突破了一批核心技术和关键技术、取得了一系列重大科技创新成果，而且带动了我国基础科学和应用技术深入发展，推动了信息技术和工业技术交叉融合，进一步形成和积累了中国特色重大科技工程管理方式和经验，培养造就了高素质科技人才和管理人才队伍。这对深入开展深空探测活动、推进我国航天事业、建设先进国防科技工业具有重大意义。胡锦涛高度评价探月工程嫦娥二号任务实施以来参加工程的全体同志作出的突出贡献。他指出，参加嫦娥二号任务的全体同志，面对困难和风险，面对压力和挑战，坚持国家利益至上，牢记历史使命，不负人民重托，始终秉持高度的责任感和使命感；坚持发挥我国社会主义制度能够集中力量办大事的政治优势，万众一心、群策群力，始终大力协同、团结奋战；坚持弘扬求真务实精神，讲科学、重实践、鼓实劲、求实效，始终开拓进取、真抓实干；坚持保质量、保进度、保安全、保成功的目标要求，精益求精、一丝不苟，始终勇于探索、勇于超越、勇于奉献。这种高尚精神和优良作风，值得在全社会发扬光大。同志们为祖国、为人民、为民族作出的贡献彪炳史册。党和人民感谢你们！祖国不会忘记你们！', '##vision_footnote\n新闻出版总署署长、农家书屋工程建设领导小组组长柳斌杰在大会上作报告。##paragraph_title\n明确责任,加快进度\n整体推进建设工作。各省(区、市)要把今明两年建设任务分解落实到每个县(市、区)、乡(镇)、村,明确工作标准和时间进度,督促各地做好基础性工作。2011年是农家书屋工程建设决胜之年,资金已经下达,《2010—2011年农家书屋重点出版物推荐目录》也已经出台,各省(区、市)要认真谋划,统筹安排,把全年工作往前赶。总署的要求是,2010年的建设计划要在今年4月底之前完成,2011年的建设计划要在8月底之前完成,有的省可能将两年的计划一并实施。不论采取何种方式,到9月份,今年这20万家农家书屋务必全部建成,留下时间充实完善,进行验收,填报电子地图,更重要的是有足够的时间为2012年农家书屋工程全面收官工作做好准备。我们的目标是,2012年6月底之前农家书屋工程基本竣工,以优异的成绩向建党90周年和“十八大”召开献礼。一是做好规划和选址。农家书屋越往后推难度越大,很多还没有建书屋的村庄地处偏远、交通不便、基\n##paragraph_title\n抓住重点,解决问题,扎实做好各项具体工作\n##doc_title\n科技兴农知识富农\n促进发展方式转变\n础设施落后，因此，要积极与有关部门沟通协调，充分利用农村现有公共设施，特别是村级党组织活动场所、已经撤销的小学校都是可以利用的有利条件，要加强资源整合，实现综合利用。二是进一步做好选书配书工作。要深入调研，多倾听基层群众的意见，多研究新农村建设的实际情况，多了解农民群众读书学习的新要求、新期待。要把配书的重点放在促进农民增收致富，提高农民文化素质，引领农民生活风尚，关注青少年健康成长上。配书不能搞一刀切，不要简单化，尽可能做到根据各地实际情况进行差异化配书。同时，出版物的选配要严格按照规定和全国推荐目录执行，品种、数量、选配比例都要符合要求。各省局要加强审查把关，坚决不允许用库存书、图书馆下架的旧书、“关系书”以及质次价高的伪劣图书抵顶农家书屋图书数量，捐赠旧书不能计算在财政资金购书的数量中。三是合理安全使用资金。要严格按照规定加强资金管理，提高资金使用效益，要将财政资金全部用于购买出版物，避免出现结余资金；要认真研究制定政府采购方案，避免采购价格过高或过低，杜绝资金使用和采购当中出现违规违纪问题。四是严格督查验收。督查要注意方式方法，注重细节，提高工作实效性，避免形\n式主义、大而化之。督查验收是手段，目的是要通过检查发现问题，通过整改解决问题，加强薄弱环节，推动整个工作。五是提高信息系统填报质量。要充分认识信息系统在加强监管方面的作用，切实把信息系统建设作为农家书屋工程重要的一项工作来抓，采取必要措施，做到随建随验随填，提高信息的完整性和准确性，建设和使用好“电子地图”。', '##table\n<table><tr><td colspan=""2"">2、本组织于（2019）年（12）月（05）日召开（1）届（10）次理事会议</td></tr><tr><td>会议时间</td><td>2019-12-05</td></tr><tr><td>会议地点</td><td>重庆市渝中区民族路188号4301会议室</td></tr><tr><td>会议议题</td><td>基金会《章程》修改，社区投资（公益专业服务类）管理方法调整，公益专业服务费批准，智启非凡计划项目进展，其它项目进展。</td></tr><tr><td>出席理事名单</td><td>徐璐、张鹏、王拓轩、吴嘉源、苏国元、葛明、李思嘉</td></tr><tr><td>未出席理事名单</td><td>陈玘、曾顺福、吴苹</td></tr><tr><td>出席监事名单</td><td>李茂龙、蔡永忠、邓迎章、洪嘉禧、卢伯卿</td></tr><tr><td>未出席监事名单</td><td>无</td></tr><tr><td>会议决议</td><td>1.理事会批准对基金会《章程》的修改；2.理事会批准德勤审计咨询团队对腾讯公益众筹平台财批培训提供公益专业服务。']",胡锦涛在茶话会上发表了重要讲话[1]。,1.0,0.5499986906325658
What is the score for E.Bridgewater in the table?,"['Bridgewater 25</td></tr><tr><td>Somerset Berkley 42</td><td>Seekonk 31</td></tr></table>\n##table\n<table><tr><td>Abington 44</td><td>Mashpee 38</td></tr><tr><td>Norwell 51</td><td>E.Bridgewater 30</td></tr><tr><td>Sandwich 46</td><td>Middleboro 42</td></tr></table>\n##table\n<table><tr><td>Durfee 47</td><td>Brockton 27</td></tr></table>\n##table\n<table><tr><td>Dedham 51</td><td>Westwood 38</td></tr><tr><td>Hopkinton 51</td><td>Ashland 33</td></tr><tr><td>Medfield 49</td><td>Millis 44</td></tr><tr><td>Medway 44</td><td>Norton 33</td></tr></table>\n##table\n<table><tr><td>Algonquin 54</td><td>Wayland 26</td></tr><tr><td>Arlington Cath.46</td><td>Ursuline 41</td></tr><tr><td>Beverly 51</td><td>Malden 30</td></tr><tr><td>Cambridge 46</td><td>Winthrop 39 (OT)</td></tr><tr><td>Cape Cod Tech 40</td><td>Sturgis West 18</td></tr><tr><td>Card.Spellman 32</td><td>Randolph 23</td></tr><tr><td>Concord-Carlisle 36</td><td>Waltham 31</td></tr><tr><td>Fontbonne 57</td><td>Notre Dame (W) 26</td></tr><tr><td>Littleton 41</td><td>Maynard 39</td></tr><tr><td>Malden Cath.46</td><td>Bp.Fenwick 41</td></tr><tr><td>Neighborhood House 51</td><td>Fenway 48</td></tr><tr><td>Newton South 51</td><td>Bedford 43</td></tr><tr><td>N.', 'Andover 42</td><td>Whittier 33</td></tr><tr><td>Notre Dame (H) 80</td><td>Abp.Williams 56</td></tr><tr><td>Oakmont 45</td><td>Fitchburg 21</td></tr><tr><td>Prospect Hill 80</td><td>Weston 40</td></tr><tr><td>Rockport 51</td><td>Chelsea 25</td></tr><tr><td>Ruth Batson 28</td><td>Kennedy Academy 27</td></tr><tr><td>St.Mary&#x27;s 55</td><td>Bridge-Raynham 48</td></tr><tr><td>Swampscott 57</td><td>Lynn Tech 31</td></tr><tr><td>Tyngsboro 39</td><td>Quabbin 31</td></tr><tr><td>Wareham 43</td><td>Nauset 35</td></tr></table>\n##figure_title\nNONLEAGUE\n##paragraph_title\nINDOOR TRACK\n##table\n<table><tr><td>Abp.Williams 53</td><td>Arlington Cath.21</td></tr></table>\n##figure_title\nGIRLS\nCATHOLIC CENTRAL\n##table\n<table><tr><td>Abp.Williams 62</td><td>Ursuline 20</td></tr><tr><td>Arlington Cath.51</td><td>St.Mary&#x27;s 40</td></tr></table>\n##table\n<table><tr><td>Hingham 65</td><td>Silver Lake 29</td></tr></table>\n##table\n<table><tr><td>Bp.Fenwick 49</td><td>Fontbonne 19</td></tr><tr><td>Bp.Fenwick 43</td><td>Malden Cath.39</td></tr><tr><td>Card.Spellman 54</td><td>Arlington Cath.32</td></tr><tr><td>Card.Spellman 52</td><td>St.Mary&#x27;s 39</td></tr><tr><td>Malden Cath.66</td><td>Fontbonne 36</td></tr><tr><td>St.', ""000</td><td>4</td></tr></table>\n##figure_title\nTUESDAY'S RESULTS\n##table\n<table><tr><td>Indiana 118</td><td>Maine 115</td></tr><tr><td>Long Island 112</td><td>Birmingham 104</td></tr><tr><td>Greensboro 92</td><td>Motor City 75</td></tr><tr><td>Santa Cruz 112</td><td>Iowa 101</td></tr><tr><td>Capital City 133</td><td>Cleveland 108</td></tr><tr><td>Oklahoma City 130</td><td>Rio Grande 125</td></tr><tr><td>Delaware</td><td>at South Bay</td></tr><tr><td>Salt Lake City</td><td>at San Diego</td></tr></table>\n##figure_title\nWEDNESDAY'S GAMES\n##paragraph_title\nAHL\n##figure_title\nEASTERN CONFERENCE\nAtlantic Division\n##table\n<table><tr><td></td><td>W</td><td>L</td><td>OL</td><td>SL</td><td>Pts.</td></tr><tr><td>Hershey</td><td>21</td><td>11</td><td>3</td><td>0</td><td>45</td></tr><tr><td>Charlotte</td><td>19</td><td>8</td><td>1</td><td>2</td><td>41</td></tr><tr><td>WB/Scranton</td><td>18</td><td>8</td><td>3</td><td>0</td><td>39</td></tr><tr><td>Providence</td><td>17</td><td>12</td><td>3</td><td>1</td><td>38</td></tr><tr><td>Lehigh Valley</td><td>16</td><td>13</td><td>4</td><td>1</td><td>37</td></tr><tr><td>Hartford</td><td>15</td><td>14</td><td>2</td><td>1</td><td>33</td></tr><tr><td>Springfield</td><td>13</td><td>15</td><td>2</td><td>1</td><td>29</td></tr><tr><td>Bridgeport</td><td>7</td><td>21</td><td>2</td><td>2</td><td>18</td></tr></table>\n##table\n<table><tr><td>Rochester</td><td>21</td><td>9</td><td>3</td><td>0</td><td>45</td></tr><tr><td>Cleveland</td><td>20</td><td>10</td><td>1</td><td>3</td><td>44</td></tr><tr><td>Laval</td><td>20</td><td>10</td><td>1</td><td>1</td><td>42</td></tr><tr><td>Toronto</td><td>17</td><td>8</td><td>2</td><td>3</td><td>39</td></tr><tr><td>Syracuse</td><td>15</td><td>9</td><td>5</td><td>3</td><td>38</td></tr><tr><td>Belleville</td><td>14</td><td>10</td><td>1</td><td>4</td><td>33</td></tr><tr><td>Utica</td><td>7</td><td>17</td><td>2</td><td>2</td><td>18</td></tr></table>\n##figure_title\nWESTERN CONFERENCE\nCentral Division\n##table\n<table><tr><td></td><td>W</td><td>L</td><td>OL</td><td>SL</td><td>Pts."", '97</td><td>Billerica 48</td></tr><tr><td>Lawrence 67</td><td>Dracut 53</td></tr><tr><td>Lowell 58</td><td>Haverhill 55</td></tr><tr><td>Tewksbury 58</td><td>Methuen 51</td></tr></table>\n##table\n<table><tr><td>Clinton 59</td><td>Lunenburg 56</td></tr><tr><td>Shrewsbury 52</td><td>Wachusett 43</td></tr><tr><td>Westboro 75</td><td>Marlborough 40</td></tr></table>\n##figure_title\nMIDDLESEX\n##table\n<table><tr><td>Arlington 54</td><td>Burlington 53</td></tr><tr><td>Lexington 70</td><td>Wilmington 62</td></tr><tr><td>Wakefield 56</td><td>Belmont 51</td></tr><tr><td>Watertown 73</td><td>Woburn 45</td></tr><tr><td>Winchester 75</td><td>Melrose 48</td></tr></table>\n##table\n<table><tr><td>Bourne 82</td><td>Apponequet 67</td></tr><tr><td>Gr.New Bedford 77</td><td>Joseph Case 65</td></tr><tr><td>Old Rochester 67</td><td>W.Bridgewater 54</td></tr><tr><td>Somerset Berkley 78</td><td>Seekonk 39</td></tr></table>\n##figure_title\nSOUTH SHORE\n##table\n<table><tr><td>Bridge.-Raynham 63</td><td>New Bedford 59</td></tr><tr><td>Durfee 66</td><td>Brockton 53</td></tr></table>\n##table\n<table><tr><td>Dedham 46</td><td>Westwood 44</td></tr><tr><td>Dover-Sherborn 54</td><td>Bellingham 39</td></tr><tr><td>Hopkinton 93</td><td>Ashland 31</td></tr><tr><td>Medfield 75</td><td>Millis 67</td></tr><tr><td>Medway 56</td><td>Norton 38</td></tr><tr><td>Norwood 50</td><td>Holliston 37</td></tr></table>\n##figure_title\nNONLEAGUE\n##table\n<table><tr><td>Acton-Boxboro 65</td><td>Bedford 55</td></tr><tr><td>Algonquin 62</td><td>Hudson 46</td></tr><tr><td>Abp.', 'Williams 58</td><td>Southeastern 57</td></tr><tr><td>Cape Cod Tech 37</td><td>Sturgis West 23</td></tr><tr><td>Cathedral 48</td><td>Cristo Rey 38</td></tr><tr><td>Gardner 72</td><td>W.Boylston 54</td></tr><tr><td>Lynn Classical 69</td><td>Swampscott 59</td></tr><tr><td>Maynard 47</td><td>Littleton 39</td></tr><tr><td>Newton South 62</td><td>Everett 50</td></tr><tr><td>N.Middlesex 58</td><td>Groton-Dunstable 51</td></tr><tr><td>Oakmont 52</td><td>Nashoba 47</td></tr><tr><td>Quabbin 56</td><td>Tyngsboro 53</td></tr><tr><td>Waltham 48</td><td>Arlington Cath.40</td></tr><tr><td>Wareham 74</td><td>Nauset 57</td></tr></table>\n##table\n<table><tr><td>Frontier 50</td><td>1</td></tr></table>\n##figure_title\nBAY STATE\n##table\n<table><tr><td>Braintree 61</td><td>Newton North 52</td></tr><tr><td>Framingham 47</td><td>Brookline 38</td></tr><tr><td>Natick 50</td><td>Wellesley 30</td></tr><tr><td>Needham 47</td><td>Milton 33</td></tr><tr><td>Walpole 57</td><td>Weymouth 29</td></tr></table>\n##figure_title\nBOSTON CITY\n##table\n<table><tr><td>New Mission 42</td><td>Boston United 28</td></tr><tr><td>Snowden 52</td><td>CASH 17</td></tr></table>\n##figure_title\nCAPE & ISLANDS\n##table\n<table><tr><td>Barnstable 50</td><td>Monomoy 40</td></tr><tr><td>Denn.']",The score for E.Bridgewater is 30. [1],0.5,0.9313694398872636
文中提到的翘舌音字有哪些？,"['##paragraph_title\n【正音】\n1.义兴人谓为三[横](hèng)\n2.或[说]处杀虎斩蛟(shuì)\n3.而年已[蹉跎](cuōtuó)\n4.不[彰][邪](zhāngyé)\n周处\n周处年少时，凶强侠气，为乡里所患。又义兴水中有蛟，山中有白额虎，并皆暴犯百姓。义兴人谓为三横，而处尤剧。或说处杀虎斩蛟，实冀三横唯余其一。处即刺杀虎，又入水击蛟。蛟或浮或没，行数十里，处与之俱。经三日三夜，乡里皆谓已死，更相庆。竟杀蛟而出，闻里人相庆，始知为人情所患，有自改意。乃入吴寻二陆。平原不在，正见清河，具以情告，并云欲自修改而年已蹉跎，终无所成。清河曰：“古人贵朝闻夕死，况君前途尚可。且人患志之不立，何忧令名不彰邪？”处遂改励，终为忠臣。', '</td><td>风筝</td><td>I can fly a kite.我会放风筝。</td></tr><tr><td>lion</td><td>/ˈlaɪən/</td><td>n.</td><td>狮子</td><td>Look at the lion.It&#x27;s so big.看这头狮子，它好大。</td></tr></table>\n##image\n\n##paragraph_title\n互动学习\n重点讲解·吃透教材\n##image\n\n##paragraph_title\n指点迷津·提升能力\n字母 K 的发音是清辅音/k/，声带不振动。发音时舌后部隆起紧贴软腭，憋住气，然后突然分开，气流送出口腔，形成爆破音。字母 L 的发音是/l/，舌端齿\n##number\n54\n##footer\n关注微信公众号“教辅资料站”获取更多学习资料', '##header\n课后习题解析\n##paragraph_title\n一、朗读课文。背诵课文。点拨：朗读时需注意“之、初、善、专”都是翘舌音。人/之初⌒，性/本善△，性/相近⌒，习/相远△。苟/不教⌒，性/乃迁△，教/之道⌒，贵/以专△。子/不学⌒，非/所宜△。幼/不学⌒老/何为？玉/不琢⌒，不/成器△。人/不学⌒，不/知义△。', '①“潮”字的部首是___，带这个部首的字大多和水有关，我还知道其他带这个部首的字：___、___、___。②“直”字共有___画，中间有___条短横，可组词为___。③圈出“加”字在田字格中的正确书写：加加。##paragraph_title\n二、会用\n3.选择正确的感叹词或疑问词填空。(每个字只用一次)\n(1) 小白兔大声喊：“燕子，燕子，你为什么飞得这么低？”\n呢（2）小鱼说：“小白兔，你快回家___，小心淋着雨。”\n呀 （3）一只大蚂蚁说：“是要下雨了，我们正忙着搬东西！”\n##number\n7\n##footer\n一年级·下·要下雨了', '同学们，通过学习刚才的古诗，你都学会了哪些字？一去二三里，\n烟村四五家。亭台六七座，\n八九十枝花。']",“之、初、善、专”都是翘舌音 [3]。,1.0,0.4679463543562193
What was the most commonly cited major burden by patients with BPD according to the study?,"[""0%) involved the same persons.Both rates represent about one-third of all treated patients with BPD sampled, indicating that some degree of treatment-nonadherence may be quite prevalent among contemporary American BPD patients.The apparently large disparity between physicians' impressions and patient self-reports is noteworthy, but may reflect differences in definitions of “nonadherence,” such that physicians self-defined nonadherence was likely to reflect clinically important levels of missed dosing over undefined periods of risk, whereas patients were asked about even single missed doses within 10 recent days.##paragraph_title\nPatient assessments of illness and its treatment\nWhen asked a general question about major frustrations of having BPD, patients cited factors related to the illness as well as its treatment (Table 3).Most commonly cited major burdens involving ≥ 40% of 423 patients providing such data were: mood swings (66.4%) > depression (56.3%) > need for daily self-medication (51.1%) > stigma of being considered mentally ill (43.5%) > uncertain interpersonal relationships (40.4%) ≥ medication side-effects (40.2%)."", '##figure_title\nTable 3.Major frustrations reported by BPD patients\n##table\n<table><tr><td>Characteristic</td><td>n (%)</td></tr><tr><td colspan=""2"">Illness-related factors</td></tr><tr><td>Mood swings</td><td>281 (66.4)</td></tr><tr><td>Depressions</td><td>238 (56.3)</td></tr><tr><td>Others&#x27; perceptions/stigma</td><td>184 (35.5)</td></tr><tr><td>Problems with trust/relationships/social interactions</td><td>171 (40.4)</td></tr><tr><td>Holding down a job</td><td>152 (35.9)</td></tr><tr><td>Hospitalization</td><td>118 (27.9)</td></tr><tr><td>Highs of mood</td><td>115 (27.2)</td></tr><tr><td>Lack of information</td><td>26 (6.15)</td></tr><tr><td colspan=""2"">Treatment-related factors</td></tr><tr><td>Taking medication every day</td><td>216 (51.1)</td></tr><tr><td>Medication side-effects</td><td>170 (40.2)</td></tr><tr><td>Cost of treatment</td><td>3 (0.71)</td></tr><tr><td colspan=""2"">Miscellaneous factors</td></tr><tr><td>Other</td><td>34 (8.04)</td></tr></table>\n##vision_footnote\nResponding patients (N=423; 98.6%) cited four major frustrations/person (1708/423).##paragraph_title\nPhysician assessments of treatment\nWhen psychiatrists were asked to report improvements in treatments for BPD patients needed to increase acceptance and adherence to treatment, the most common response was the need for better mood-stabilization in 48.', 'Psychiatrists reported further that 30.5% of their 429 BPD patients had experienced weight-gain in association with current treatment, with substantial prevalence of hyperlipidemia (19.1%) and diabetes (8.62%) and identified these as problems of particular clinical concern.##paragraph_title\nUnivariate analyses of factors associated with treatment-nonadherence\nWe compared treatment-nonadherent with treatment-adherent patients on a list of factors identified in the PSF and PRF questionnaires, which yielded a total of 59 variables tentatively related to treatment adherence, based on initial univariate comparisons ( $ p \\leq 0.10 $), and 43 significantly (p < 0.', '0% of their BPD patients had experienced adverse effects of psychotropic medications at some time in the past, that adverse effects were of current concern to 14.0% of patients (60/429), and were considered by their physicians to be severe in 15.0% (9/60) of that subgroup.', '##header\nTREATMENT ADHERENCE BY BIPOLAR DISORDER PATIENTS\n##number\n99\nof patient-reported nonadherence equivalent to major defaulting on 20–30% of days would be needed to accord with comparable nonadherence estimates of 6% of patients made by their physicians (Table 2).These self-reports of incomplete adherence with prescribed treatments for BPD in one-third of patients are unverified, but the risk of under-reporting may be limited by the very sensitive standard applied in an effort to detect the “worst case” for incomplete treatment-adherence.In addition to the self-reported, recent incomplete treatment-adherence just noted, 32.9% [137/417] of patients also reported having discontinued all recommended medications for BPD at some point in the past, without informing their physicians.Leading reasons given for such patient-initiated discontinuation of treatment, among 130 patients providing such information, ranked: (a) not needing it any longer (22.3%) > (b) no longer wanting to take it (18.5%) > (c) side effects (13.1%) > (d) feeling better at the time (10.8%).The rate of reported major defaulting in the past (32.9%) and the rate of missing recent single doses (33.8%) is similar, and many cases of previous and current nonadherence (45.']","The most commonly cited major burden by patients with BPD according to the study was mood swings, reported by 66.4% of the patients [1].",1.0,0.9999999999997237
哪些是目前主流的灯光照明系统制造商？,"['##header\n全球灯塔网络：69家灯塔工厂\n全球灯塔网络新添 15 名成员，总数升至 69 家。##image\n\n爱立信\n电子设备，美国\n宝洁\n消费品，美国\n宝洁\n消费品，法国\n汉高\n消费品，西班牙\n西门子\n工业自动化产品，德国\n强生消费者保健\n个人护理品，瑞典\nSTAR 炼油厂\n油气，土耳其\nReNew Power\n可再生能源,印度\n塔塔钢铁\n钢铁制品，印度\n富士康\n电子设备，中国\n惠普\n电子设备，新加坡\n美的\n家用电器，中国\n注释：欲知之前甄选灯塔工厂的详细信息，请参阅世界经济论坛白皮书《全球灯塔网络：四大持久转变助力制造业实现大规模重建》（Four Durable Shifts for a Great Reset in Manufacturing），2020年。青岛啤酒\n消费品，中国\n\n纬创资通\n电子设备，中国\n博世\n汽车，中国\n资料来源：世界经济论坛和麦肯锡公司。##image', '灯光系统在接收牵引系统给予的外部触发信号后，能实现灯光的推进（Boost）功能；同时，灯光系统也能将自己系统的相关工作状态信息反馈给牵引控制系统，便于试验人员对灯光系统的工作状态进行监控。目前，主流的灯光照明系统制造商有 Atlas（美国）、Visol（韩国）、Messring（德国）。##paragraph_title\n8) 假人及标定系统\n假人是在碰撞试验中用来模拟真实交通事故乘员的装置。假人的质量、部件中心与标准人体（欧美）相似，由钢、铝、硬塑料等材料模拟人体骨骼，柔软塑料和橡胶模拟人体肌肉和皮肤。假人的头、颈、胸、腰、骨盆、大腿、小腿和脚上装有各种传感器用来测量加速度、力、力矩、转角及位移等数据。利用这些数据，再按照车辆法规', '灯塔起源于土耳其。据说，公元7世纪，土耳其人在达达尼尔海峡的巴巴角上建起一座像钟楼一般的灯塔，这便是灯塔的“始祖”。18世纪以前的灯塔都以点燃木柴作为光源；1780年瑞士人阿尔岗制成了采用扁平灯芯的油灯，以它作为灯塔的光源。此后，以油灯为光源的灯塔技术不断发展，反光镜、凸透镜等也开始被用来增加光的强度。从1859年开始，一些灯塔采用了电气照明，大大改善了照明效果。在城市街头司空见惯的红绿灯，也已有近百年的历史。1920年，美国底特律有位警察叫威廉·彼茨，他在伍德沃德大街和福特大街交叉路口的一个岗亭上，安装了红、黄、绿3种颜色的灯，用来指挥交通。据说，这就是世界上最早的红绿灯。1929年，洛杉矶成为世界上第一个为过马路的人安装交通指示灯的城市。今天，红绿灯依然是城市管理交通的重要工具。', '', '']",目前主流的灯光照明系统制造商有 Atlas（美国）、Visol（韩国）、Messring（德国）[2]。,1.0,0.869739335542789
Who published an academic article about flaws in OpenAI’s approach to AI safety?,"[""To understand all these implications, start with what happened.OpenAI’s board fired Mr Altman for not being “consistently candid in his communications”.One factor that may have influenced the decision was disagreement over whether OpenAI had struck the right balance between the speed and safety of its products.Insiders say that OpenAI had made a breakthrough that enabled models to get better at solving problems without additional data.This spooked Ilya Sutskever, a co-founder and\n→ Also in this section\n54 OpenAI’s weird governance\n55 China's soap power\n56 Chinese-made in Mexico\n56 Riyadh Air's lofty goals\n57 Bartleby: How to motivate staff\n58 Regulators' CFIUS envy\n59 Schumpeter: Who is Sam Altman?board member.Helen Toner, a board member affiliated with Georgetown University, had published an academic article that laid out what she saw as flaws in OpenAI’s approach to AI safety.On November 21st the New York Times reported that Mr Altman, worried about the negative press, had moved to oust Ms Toner.There were also concerns over Mr Altman’s side-projects, including a planned AI-semiconductor venture that sent him to the Persian Gulf to court billions in Saudi money.In the end it was Ms Toner and three other board members that ousted him instead."", ""##header\nBusiness\n##header\nThe Economist November 25th 2023\n##number\n53\n##image\n\nArtificial intelligence\n##doc_title\nOpenAI v CloseAI\nSAN FRANCISCO\nEVEN BY TECH'S fast-moving standards, the past week in the world of artificial intelligence (AI) was head-spinning.On November 17th the board of OpenAI booted out Sam Altman, the ChatGPT-maker's boss.By November 20th Mr Altman had been offered refuge at Microsoft, the start-up's biggest backer.The same day nearly all of OpenAI's 770 employees signed a letter threatening to quit unless the board members who dismissed Mr Altman reinstate him and resign.On November 21st Mr Altman was back in his old job.Heads have, then, spun back more or less to where they started.Or have they?In fact, the OpenAI saga marks the start of a new, more grown-up phase for the AI industry.For OpenAI, Mr Altman’s triumphant return may supercharge its ambitions.For Microsoft, which stood by Mr Altman in his hour of need, the episode may result in greater sway over AI’s hottest startup.For AI companies everywhere it may herald a broader shift away from academic idealism and towards greater commercial pragmatism.And for the technology’s users, it may, with luck, usher in more competition and more choice."", '##header\n大开“智”界：人工智能监管日趋严格\n同时属于供应商的人工智能使用者。许多科技互联网平台和应用均大量采用其直接销售或用于执行自身业务模式（或两者）的相同人工智能技术。这些技术中，常见的包括人脸识别、舆情探测和行业预测，均是可能会引发争议的人工智能功能。监管机构及社会。法规制定机构本身也面临多重挑战，需要有效平衡快速变化的技术发展与一系列利益相关方顾虑之间的关系。他们将需要清晰明确地阐述全球和国家政策目标，从而制定符合自身实际的相关法律、法规和行为规范。一个灵活敏捷、以改进为导向的监管策略，将比缺乏弹性、以规则为导向的法律更加有效。最后，尽管监管机构和整体社会目标是相互联系的，但彼此又互为分开、截然不同，有时未必能保持一致。##paragraph_title\n小结\n未来两年，我们可能会见证不同情景的发展。首先，利益相关方受通过实施的监管法规影响，可能会在部分辖区关闭由人工智能驱动的功能，或完全停止在部分辖区的运营——或继续正常运营，受到处罚，然后支付相关罚款作为业务运营的成本。第二，欧盟、美国和中国等大型重要市场有可能会通过相互冲突的人工智能监管法规，企业无法——遵循。第三, 某一套人工智能监管法规有可能会成为占据主导的“黄金标准”, 正如欧盟针对隐私保护的《通用数据保护法案》一样, 有助于简化跨境合规的复杂度。第四，人工智能供应商及平台甚至有可能抱团组建联合体，引领针对人工智能工具如何使用及如何提升透明度和可审查性的探讨——采用一定程度的自我监督，以期弱化监管机构认为需要从上至下开展监管的认知。即便实际出现的是最后一个情景，监管机构也不太可能完全坐视不管。几乎可以断定，未来短期内将有更多监管法规实施生效。尽管无法准确预知将会出现何种法规，但很大可能将会对人工智能应用带来巨大的影响。', 'Familiarity may also counter the human instinct to be wary of automation.A paper by Siliang Tong of Nanyang Technological University and his co-authors that was published in 2021, before generative AI was all the rage, captured this suspicion neatly.It showed that AI-generated feedback improved employee performance more than feedback from human managers.However, disclosing that the feedback came from a machine had the opposite effect: it undermined trust, stoked fears of job insecurity and hurt performance.Exposure to LLMs could soothe concerns.Or not.Complicating things are flaws in the technology.The Cambridge Dictionary has named “hallucinate” as its word of the year, in tribute to the tendency of LLMs to spew out false information.The\n##image\n\n##image\n\n##paragraph_title\nListen to Boss Class\nIn a new subscriber-only podcast series, our Bartleby columnist searches for the secrets of being a good manager.Learn more at economist.com/bossclass models are evolving rapidly and ought to get better on this score, at least.But some problems are baked in, according to a new paper by R.Thomas McCoy of Princeton University and his co-authors.Because off-the-shelf models are trained on internet data to predict the next word in an answer on a probabilistic basis, they can be tripped up by surprising things.', '##reference_content\n[10] S.Lawrence, C.L.Giles, A.C.Tsoi, et al.Face recognition: A convolutional neural-network approach [J].IEEE transactions on neural networks, 1997, 8(1):98–113.##reference_content\n[11] Z.Zhang, J.Yan, S.Liu, et al.A face antispoofing database with diverse attacks [C].2012 5th IAPR international conference on Biometrics (ICB), 2012, 26–31.##reference_content\n[12] G.Albakri and S.Alghowinem.The effectiveness of depth data in liveness face authentication using 3D sensor cameras [J].Sensors, 2019, 19(8):1928.##reference_content\n[13] J.Dai, Y.Li, K.He, et al.R-fcn: Object detection via region-based fully convolutional networks [C].Advances in neural information processing systems, 2016, 379–387.##reference_content\n[14] C.-L.Zhang, J.-H.Luo, X.-S.Wei, et al.In defense of fully connected layers in visual representation transfer [C].Pacific Rim Conference on Multimedia, 2017, 807–817.##reference_content\n[15] J.Konečny, J.Liu, P.Richtárik, et al.Mini-batch semi-stochastic gradient descent in the proximal setting [J].IEEE Journal of Selected Topics in Signal Processing, 2015, 10(2):242–255.##reference_content\n[16] A.F.Agarap.Deep learning using rectified linear units (relu) [J].']",Helen Toner published an academic article about flaws in OpenAI’s approach to AI safety [1].,0.6666666666666666,0.792073831305141
优质红皮小麦生产基地面积是多少？,"['专家组现场收打了村民强道周等6个农户种植的“川麦42”，6个田块面积8.14亩，现场挖方收打，实收面积1512.3平方米，平均亩产645.46公斤，其中村民强道周种植的1.14亩“川麦42”，亩产达到710.7公斤，创四川省小麦亩产最高纪录。##paragraph_title\n防治小麦病虫害\n纹枯病、条锈病、白粉病等灾害是影响小麦大面积稳产、高产的主要因素。产业体系病虫害防控研究室的岗位科学家围绕该区域小麦重大病虫的监测与预报、主要小麦品种抗病虫鉴定等方面开展系统研究，提出综合防治病虫害有效措施，适时举办小麦病虫害综合防治培训班，保障了北纬33度地区小麦大面积增产。植保专家针对主要病虫的为害特征提出了重点防治对象，并构建了适宜于四川、陕西、湖北、河南、江苏、安徽等省区麦区病虫的防控技术体系。在江苏省姜堰市娄庄高产创建万亩示范区内，他们设立了小麦病虫害综合示范区，核心示范区面积500亩，示范区面积1.95万亩。', '砂姜黑土是河南省主要土类之一，主要分布在北纬33度小麦玉米轮作区。该地区处于热带向暖温带过渡地带，属亚湿润大陆性季风型气候，年降雨量在800毫米以上。生产上存在主要问题是：降水量较大，但集中在夏季，秋播和冬春季节土壤墒情不足，易造成苗期干旱，群众习惯抢墒播种；土壤类型为砂姜黑土（粘盖石灰性砂姜黑土），土壤保水保肥能力强，但供肥强度较弱，耕性差；土壤肥力不均衡，微量元素锌、硼等缺乏；秸秆还田率低，土壤活性有机质组分不高，制约了小麦产量进一步提高。##image\n\n##vision_footnote\n2010年以来，山东省阳谷县大力实施“科技入户”工程，组织农技人员结合镇农技站下村入户，加大服务力度，建立了镇有农技站、村有示范田、户有技术员的科技推广机制。图为安乐镇刘庙村刘桂军（右）种的美国红提葡萄获得大丰收，镇农技人员与她共同分享科技服务带来的成果。肖明磊 张培月 摄\n##paragraph_title\n我当技术指导员\n##doc_title\n农民喜爱的推广站长\n河北省高碑店市方官镇八堵墙村的董善泽成了名人，他家的小麦在2010年气候条件相当不利的情况下，创下了亩产650公斤的纪录。可老董却说，别把功劳全记在他身上，农业技术推广站站长李国峰才是最大的功臣。2010 年，老董种的是新品种——中麦175，被老百姓称为“白脸小麦”，是一种加工成面粉后“面相”更白的新品种。由于农民盲目施肥，尤其是氮肥施用量偏大，造成成本的增加，同时也带来了倒伏、白粉病、蚜虫等危害，李国峰为老董推荐了“土肥药方”，要点是“减氮、控磷、增钾”、氮肥后移和节水，大力减少氮肥用量，同时推迟春季第一水时间，不浇返青，才能在生产条件极为不利的情况下取得了亩产650公斤的好收成。现年 39 岁的李国峰是高碑店市最年轻的高级农艺师。自 1991 年 8 月参加工作以来，十九年如一日，一直站在农业技术推广的最前沿，把全部理想和追求都献给了基层农技推广事业。作为高碑店市农业技术骨干，他连续多年主持制定了高碑店市小麦、玉米、大豆等大宗农作物管理技术意见 30 余万份发至农户手中，并为上级及时提供调查数据和技术意见，大大提升了技术推广效果。常去农业局的人都知道，找推广站的农民最多，李国峰的办公室最土气、也最热闹，农民来了推门就进。农户有了疑难问题，他的手机就是服务热线，24小时随时提供指导服务，农户都称他“贴心人”、“李技术”。作为一名农技推广人员，李国峰思考最多的总是“我该为农民做什么，我能为农民做什么，我为农民做了些什么”。几年来，他先后参加和主持了新型农民技术培训和科技提升、科技入户项目，特别是在科技提升和科技入户培训中，作为市级主要骨干教师，他承担了对10个项目乡镇50名技术指导员、1000户科技示范户的技术培训工作。李光宇\n##doc_title\n有科技产品还要有优质服务\n本报记者 王会\n45岁的黄凤刚是河北省九天农业工程有限公司的老总，见到记者时他踌躇满志，因为2010年他的公司生产销售将近50多万平方米的温室，实现销售3亿多元，在全国同类企业中排名第一。', '##paragraph_title\n种植速递\n##doc_title\n“济麦22”亩产\n达世界平均水平3倍\n山东省农业科学院培育的“济麦22”小麦新品种日前通过专家鉴定，研究成果总体达到国际领先水平，亩产可达世界平均水平的3倍。目前世界小麦平均单产在200公斤/亩左右，我国平均单产为330公斤/亩。新通过验收的“济麦22”在我国气候条件和一年两熟耕作制度下大面积突破600公斤/亩，是世界平均水平的3倍，超过了欧洲等世界小麦生产先进国家。据了解，“济麦22”已经在国内进行推广种植，2010年秋季播种面积为3567万亩，约占我国小麦面积的10%，是我国播种面积最大的小麦品种。', '在培训过程中，他们以农民为主体，充分调研、了解掌握农民想学什么，想问什么，做到自下而上。依托农技部门试验示范基地，以田间为课堂，以实践为手段，运用互动式、参与式方法组织培训，课堂分小组进行。要求参加培训的农民动口、动手、动脑，思考问题，解决问题。新的培训理念、方式、方法，打破了传统灌输式、上大课、边听边忘的模式。根据成人教育特点和学习规律，尊重农民，活跃气氛，交流经验，增强协作，加深感情，达到主动学习的目的与效果。该县通过开办农民田间学校，项目区内，水稻主导品种、优质稻、超级杂交稻的应用率达到90%以上\n##paragraph_title\n农技推广在行动\n上，测土配方施肥、水稻绿色防控综合技术、双杂配套高产栽培等主推技术得到了广泛的推广，应用面积达80%以上。项目区农民学员李高明感慨地说：“农业综合开发，修渠道、建机埠，帮我们搞好了农业生产的硬件设施。‘农民田间学校’的开办，新方式、新理念、传授农业新技术帮我们抓好了农业生产的‘软件’建设。农业生产大有奔头了。”\n##doc_title\n北纬 33 度地区——\n赵建成 晏红安 黄秋成\n##doc_title\n小麦是如何连续三年大幅增产的\n☐☐ 本报记者 李亚玲\n北纬33度地区，是包括江苏、安徽、河南、湖北、四川5省。多年来，这一地区的小麦单产虽然较低，但这里的自然条件十分优越。它的光热资源丰富，降水量较多，地下水位偏高，是提高小麦单产、确保总产潜力最大的地区。经过科学工作者的技术攻关，三年来这一地区小麦比前三年净增产324.51亿公斤，为我国粮食连续七年丰收做出了重要贡献。国家小麦产业技术体系岗位科学家于振文告诉记者说，“十一五”期间，小麦产业技术体系启动了“北纬33度地区小麦大面积增产关键技术研究”项目，此项目组织8个省市（含山东省、陕西省、重庆市）高校和科研院所的国家小麦产业体系岗位科学家在内的500多名科技人员参与，围绕区域内生态生产条件选育新品种，推广栽培管理技术，进行病虫害防控与土壤肥水治理等工作，连续3年对小麦大面积增产关键技术问题开展“集团军”式综合研究与示范，形成北纬33度地区各生态生产条件下的小麦生产技术规范、小麦产业各环节技术支撑体系，占领小麦科技制高点。同时，项目组还与当地政府和农技、种子、土肥、植保、农机等方面的技术推广单位密切配合，组建技术培训和推广队伍，促进了本地区小麦大面积增产。##paragraph_title\n选育推广优良品种\n选育高产、优质、抗病新品种是提高小麦单产的基础工作。体系内小麦育种科研人员分工协作，筛选和新选育了适合各地种植的小麦优良品种153个。这些品种在8个省85个示范县推广种植，良种覆盖率达到95%以上。烟农 19, 是由烟台市农业科学院选育而成。作为安徽省主产麦区亩产 500 公斤高产品种得到大面积推广, 成为该省小麦高产攻关和良种补贴的第一大主栽品种。三年期间, 小麦品种烟农 19 在安徽省累计种植面积达 2036.', '1 万亩, 平均每亩增产 46.2 公斤, 共增产小麦 9.407 亿公斤。##paragraph_title\n创新栽培技术\n良种良法配套，推广标准化的高产、优质、高效栽培技术是提高小麦单产的重要保证。三年来，科研人员分析影响北纬33度地区小麦单产潜力提高的栽培技术制约因素，研究与集成了适于该地区不同生产、生态条件下的高产、优质、高效栽培技术。如四川旱地套作麦带式机播技术大力普及推广取得实效。2010年5月，农业部小麦专家指导组成员及省内有关专家，对江油市进行测产验收，江油市大堰乡和武都镇的10481亩小麦高产创建万亩示范片平均亩产425.6公斤，比江油市小麦平均每亩增产106.6公斤，增幅为33.4%。']",根据提供的参考内容，没有直接提到优质红皮小麦生产基地的具体面积。因此，无法从给定资料中得出答案。,1.0,0.0
What is the title of the book by Alexander?,"['', '', 'He also published', 'Alexander, X-ray Diffraction Procedures, Wiley, New York, 1962.##reference_content\n[26] Y.Hu, E.Ruckenstein, J.Catal.184 (1999) 298.##reference_content\n[27] K.S.W.Sing, D.H.Everett, R.A.W.Haul, L.Moscou, R.A.Pietotti, J.Rouquerol, T.Siemienieska, Pure Appl.Chem.57 (1985) 603.##reference_content\n[28] C.', '""\nHistory books\n##doc_title\nColour by numbers\nA History of the World in 12 Shipwrecks.By David Gibbins.St Martin\'s Press; 304\npages; $32.W&N; £25\nA SPECTRE IS haunting history—the listicle.You know the formula: a history of something enormous in an intriguingly specific number of unexpected things.In 2023 alone readers were met with new books about the history of baseball in 50 moments, the West in 14 lives, the information age in five hacks, women in 101 objects and the world in eight plagues, ten dinners or 50 lies.Call it history-by-numbers, or, if you must, the ""histicle"".The oldest histicle of all may be the seven wonders of the world, a list of marvels from around 300BC.But the modern vogue for history-by-numbers began in 2010, when Neil MacGregor\'s ""A History of the World in 100 Objects"" became a bestseller.Mr MacGregor, who was then director of the British Museum, highlighted treasures from the collection.Breaking down history is appealingly accessible—no need to read a tome to understand the Silk Road, just look at this Korean roof tile.But without care and a certain amount of panache, it risks giving the impression that history is merely, as Arnold Toynbee, a historian, characterised the views of less diligent colleagues, ""One damned thing after another.']","The title of the book by Alexander is ""X-ray Diffraction Procedures"" [4].",1.0,0.9892048991008382
What is the main goal of the IDB's operations in the region?,"[""##header\nExecutive focus\n##number\n15\n##image\n\n##image\n\n##image\n\n##paragraph_title\nHelp us build institutional capacity and develop the finance sector across Latin America and the Caribbean.Sector Manager, Institutions for Development, Washington DC\nThe leading source of development finance for Latin America and the Caribbean, the IDB partners with 48 member countries to promote inclusive, sustainable and climate-friendly development that reduces poverty and inequality.Reporting to the Vice President for Sectors and Knowledge, you will lead a high-calibre team helping us to conceptualize, prepare, implement and supervise our operations and knowledge work in the areas of governance, citizen security and justice, public sector strengthening and reform, decentralization and fiscal and economic issues.This will require extensive experience in senior leadership roles within international organizations focusing on Latin America and the Caribbean.Naturally, you will be capable of thinking strategically and developing innovative solutions to meet diverse clients' needs, adept at forging partnerships across countries and sectors, and skilled in building successful teams with a strong client service orientation."", '', '', '尤溪县、邵武市、连城县、永安市\n##paragraph_title\n江西省\n鄱阳县、丰城市、高安市、南昌县、新建县、余干县、金溪县、\n上高县、永新县、渝水区、泰和县、吉安县、都昌县\n齐河县、滕州市、平度市、章丘市、商河县、莱西市、桓台县、广饶县、莱阳市、诸城市、高密市、汶上县、梁山县、岱岳区、东平县、莒县、乳山市、邹平县、阳信县、临邑县、陵县、冠县、莘县、沂南县、沂水县、郓城县、东明县、肥城市\n##paragraph_title\n河南省\n滑县、固始县、浚县、新郑市、开封县、尉氏县、洛宁县、伊川县、叶县、郏县、安阳县、卫辉市、长垣县、修武县、濮阳县、南乐县、许昌县、鄢陵县、舞阳县、灵宝市、邓州市、唐河县、新野县、永城市、夏邑县、虞城县、柘城县、息县、潢川县、罗山县、太康县、淮阳县、项城市、西华县、商水县、西平县、上蔡县、汝南县、正阳县、民权县\n##paragraph_title\n湖北省\n襄州区、监利县、枣阳市、随县、钟祥市、沙洋县、仙桃市、京山县、洪湖市、天门市、宜城市、麻城市、公安县、汉川市、当\n##paragraph_title\n湖南省\n赫山区、汨罗市、湘潭县、湘乡市、醴陵市、攸县、衡南县、衡阳县、祁东县、汉寿县、望城县、浏阳市、永兴县、零陵区、新化县、溆浦县、靖州苗族侗族自治县\n廉江市、罗定市、信宜市、高要市、恩平市、阳东县、连州市、\n##paragraph_title\n广西壮族自治区\n阳川县、港南区、宾阳县、临桂县、灌阳县、藤县、容县、八步\n##paragraph_title\n海南省\n琼海市、儋州市、定安县\n##paragraph_title\n重庆市\n开县、合川区、大足县、涪陵区、永川区、荣昌县、云阳县\n平昌县、宣汉县、富顺县、金堂县、合江县、广汉市、威远县、犍为县、三台县、苍溪县、剑阁县、大英县、南部县、营山县、江安县、渠县、岳池县、巴州区、仁寿县、简阳市、乐至县、西县\n凤冈县、开阳县、水城县、关岭布依族苗族自治县、黄平县、\n临潼区、扶风县、乾县、临渭区、耀州区、城固县、汉滨区、洛南县、宁津县、普定县\n安定区、肃州区、甘州区、永靖县、静宁县、镇原县、永昌县、\n同心县、平罗县、青铜峡市、永宁县、西吉县\n##paragraph_title\n新疆维吾尔自治区\n塔城市、奇台县、温宿县、察布查尔锡伯自治县、墨玉县、焉\n##paragraph_title\n黑龙江省农垦总局\n友谊农场、二九〇农场、绥滨农场、八五二农场、胜利农场、红卫农场、八五四农场、八五七农场、查哈阳农场\n##paragraph_title\n五、全国粮食生产先进工作者\n##paragraph_title\n北京市\n徐凯 房山区农业科学研究所\n杜壮 延庆县农业机械研究所\n赵明 中国农业科学院作物科学研究所\n李秋菊 宝坻区种植业发展服务中心\n龚海生 蓟县良种繁殖场\n张文军 河北省农业厅  \n金宇 河北省农业厅  \n刘伟 河北省农业机械化管理局  \n杨瑞让 河北省土壤肥料总站  \n张书敏 河北省植保植检站  \n孙佩然 河北省种子管理总站  \n崔彦生 河北省农业技术推广总站  \n刘彦涛 石家庄市辛集市农牧局  \n马同刚 石家庄市新乐市农业畜牧局  \n李双保 邯郸市农业局植物检疫站  \n张建宏 邯郸市农业局  \n吕先 保定市农业局  \n韩昌顺 保定市定兴县农牧局  \n姜泽德 承德市农牧局  \n唐成 张家口市涿鹿县农牧局  \n闫树军 廊坊市农业局  \n曹滨 秦皇岛市农业局  \n钱建农 邢台市农业局  \n高振宏 邢台市宁晋县农业局  \n史云程 沧州市献县农业局  \n李向红 沧州市农牧局  \n陈孟君 衡水市武强县农牧局  \n石柱 唐山市滦县农牧局\n##paragraph_title\n山西省\n郑戈文 山西省农业种子总站  \n宋巨明 忻州市农业委员会  \n段爱民 长治市农业委员会  \n张铁栓 运城市夏县农业委员会  \n任晋安 临汾市安泽县农业委员会  \n郭廷荣 山西省农机局  \n赵建华 忻州市农业机械管理局  \n赵拴柱 晋中市榆次区农机局\n兰惊雷 山西省农业技术推广总站  \n段忠红 山西省农业技术推广总站\n##doc_title\n2010年全国粮食生产先进单位、个人及标兵名单\n##paragraph_title\n内蒙古自治区\n##paragraph_title\n吉林省\n贾跃峰 内蒙古自治区农牧业厅\n王建明 呼伦贝尔市阿荣旗农牧业局\n郭跃 内蒙古自治区农牧业厅农牧业机械化管理局\n刘家骧 内蒙古自治区植保植检站\n杨秀清 内蒙古自治区种子管理站\n连万全 呼伦贝尔市农牧业局\n高忱 呼伦贝尔市莫力达瓦达斡尔族自治旗委员会\n刘耀军 呼伦贝尔市大兴安岭农场管理局国营甘河农场\n陈海涛 兴安盟突泉县农牧业局\n张果轮 通辽市农牧业局\n卢景会 通辽市农牧业局\n郭建伟 通辽市科尔沁左翼中旗委员会\n杨薇 赤峰市农牧业局\n翁发满 锡林郭勒盟农牧业局\n叶俊 乌兰察布市凉城县农业局\n郑建中 呼和浩特市农牧业局\n杨惦恩 包头市固阳县农牧业局\n郭海渊 鄂尔多斯市农牧业局\n代安喜 巴彦淖尔市杭锦后旗农业局\n陈温福 沈阳农业大学\n陈健 辽宁省农村经济委员会\n侯艳华 辽宁省农村经济委员会\n马永生 阜新市农村经济委员会\n黄承均 朝阳市农村经济委员会\n乔梁 铁岭市农村经济委员会\n王跃 铁岭市昌图县人民政府\n李光昕 营口市大石桥市农村经济发展局\n颜倍友 阜新市阜新蒙古族自治县农业局\n祝素文 盘锦市大洼县农村经济局\n韩树立 铁岭市开原市农村经济委员会\n杨中学 朝阳市建平县农村经济局\n李吉峰 盘锦市大洼县平安农场\n刘爱民 辽宁省农业机械化管理局\n王勇 阜新市农业机械化局\n李占启 铁岭市开原市农机局\n于文波 吉林省农业委员会\n刘明富 四平市公主岭市农业局\n杨树久 吉林省农业委员会\n成 洪 吉林省农业委员会\n丁万志 吉林省种子管理总站\n徐 莉 吉林省农业机械化技术推广总站\n刘振刚 吉林省土壤肥料总站\n张德祥 长春市农业委员会\n赵春贵 吉林市农业委员会\n宫启宽 白城市农业委员会\n赵志刚 松原市农业委员会\n滕显龙 四平市农业委员会\n赵英烈 长春市榆树市农业局\n张国恩 长春市德惠市农业机械服务总站\n王 铜 松原市前郭尔罗斯蒙古族自治县农业局\n苏景礼 松原市长岭县农业机械管理局\n刘兴业 四平市双辽市农业局\n王富江 吉林市磐石市农业局\n周海田 白城市镇赉县农业局\n谷 勇 辽源市东丰县农业局\n霍向龙 辽源市东辽县农业局\n李学哲 白城市洮南市农业机械局\n咸树良 通化市辉南县农业机械管理局\n张兴顺 长春市农安县农业局\n葛景良 吉林市蛟河市农业局\n邱信臣 长春市九台市农业技术推广中心\n张玉欣 四平市伊通满族自治县农业技术推广总站\n赵丽娟 四平市梨树县农业技术推广总站\n刁玉先 松原市扶余县农业技术推广中心\n王小霞 吉林市舒兰市农业技术推广中心\n宿其正 四平市辽河农垦管理区辽河农场\n##paragraph_title\n黑龙江省\n李炯道 黑龙江省农业技术推广站  \n王国良 黑龙江省土肥管理站  \n肖志敏 黑龙江省农业科学院  \n李世润 黑龙江省农业委员会  \n张侃 黑龙江省农业委员会农业机械化管理  \n李伟 黑龙江省农业委员会  \n刘凯 黑龙江省农业委员会  \n孙景峰 黑龙江省农产品质量安全监管局  \n芦玉双 黑龙江省农业技术推广站  \n陈继光 黑龙江省植检植保站  \n康忠宝 黑龙江省种子管理局  \n张少良 哈尔滨市人民政府  \n关少林 哈尔滨市农业委员会  \n何晓刚 哈尔滨市五常市人民政府  \n文立恒 哈尔滨市双城市人民政府  \n任玉良 齐齐哈尔市人民政府  \n马占江 齐齐哈尔市市委  \n周维友 齐齐哈尔市农业委员会  \n潘长胜 牡丹江市农业技术推广总站  \n陈庆军 牡丹江市宁安市农业委员会  \n黄福清 佳木斯市人民政府  \n刘臣 佳木斯市富锦市市委  \n田凤春 大庆市人民政府  \n张世民 大庆市农业委员会  \n王吉利 鸡西市密山市市委  \n李树海 鸡西市鸡东县县委  \n董玉慧 双鸭山市农业委员会  \n刘庆琥 双鸭山市宝清县农业局  \n赵智哲 伊春市农业委员会  \n刘东 七台河市农业委员会  \n庄乾义 鹤岗市农业委员会  \n王殿东 黑河市爱辉区区委  \n姜福 黑河市北安市市委  \n邱奎忠 绥化市市委  \n贾鹆宾 绥化市农业委员会  \n张锡才 绥化市肇东市市委  \n王忠波 绥化市海伦市农业委员会\n陈兴林 大兴安岭地区岭南生态农业示范区管委会  \n张建夫 哈尔滨市巴彦县农业机械管理总站  \n初 江 哈尔滨市方正县农业机械技术推广站  \n姜明海 黑龙江省农业机械工程科学研究院  \n姜尧勤 黑河市北安市农业机械管理局\n##paragraph_title\n上海市\n郭玉人 上海市农业技术推广服务中心\n蒋其根 青浦区农业技术推广服务中心\n##paragraph_title\n江苏省\n余义斌 江苏省农业委员会农业局  \n王绪奎 江苏省土壤肥料技术指导站  \n俞春涛 江苏省作物栽培技术指导站  \n杨荣明 江苏省植物保护站  \n毛从亚 江苏省种子管理站  \n丁艳锋 南京农业大学农学院  \n王增春 南京市农业技术推广站  \n李育娟 无锡市农业技术推广总站  \n秦建国 苏州市农业委员会  \n赖清云 常州市农业技术推广中心  \n梁明华 镇江市句容市作物栽培指导站  \n王永芳 南通市如东县作物栽培指导站  \n王义贵 泰州市姜堰市农业技术推广中心  \n滕友仁 盐城市农业委员会  \n袁秋勇 扬州市农业委员会  \n吕伟 连云港市东海县农业委员会  \n陈建领 徐州市农业委员会  \n王建忠 淮安市农业委员会  \n陈之政 宿迁市农业技术综合服务中心  \n徐启来 江苏省国营新洋农场  \n王建明 苏州市太仓市农业委员会  \n王珏 江苏省农业机械技术推广站  \n莫黎明 无锡市江阴市水利农机局  \n丁汉平 镇江市丹阳市农业委员会  \n王玉芹 徐州市农业机械管理局  \n唐世安 徐州市丰县农业机械管理局  \n钱兆兵 连云港市灌南县农业机械管理局\n##paragraph_title\n浙江省\n王岳钧 浙江省农业厅农作物管理局  \n傅苗良 绍兴市诸暨市农业局  \n黄洪明 金华市兰溪市粮油技术推广站  \n苏加前 温州市苍南县种子站  \n谢宝玉 台州市农业局植物保护检疫站  \n李兰珍 宁波市余姚市农业机械化管理局\n##paragraph_title\n安徽省\n马超 亳州市涡阳县农业委员会\n徐启发 芜湖市农业技术中心\n耿言安 合肥市长丰县农业委员会\n樊洪金 亳州市谯城区农业技术推广中心\n卢灿坤 宿州市泗县农业委员会\n苏培民 蚌埠市怀远县农业技术推广中心\n李如林 阜阳市农业委员会\n丁广礼 阜阳市阜南县农业科学研究所\n朱玉峰 淮南市凤台县农业委员会\n李广厚 滁州市农业委员会\n陈晓学 滁州市明光市农业委员会\n谢申海 六安市农业委员会\n潘学锋 六安市霍邱县种植业发展局\n侯宗红 马鞍山市当涂县农业技术推广中心\n程良怀 巢湖市居巢区农业委员会\n张平 淮北市濉溪县农林委员会\n刘平 宣城市泾县农业技术推广中心\n章胜 铜陵市铜陵县农业局\n史雨生 池州市贵池区农技推广中心\n王树松 安庆市怀宁县农业委员会\n何平安 黄山市黄山区农技推广中心\n孔庆松 合肥市长丰县农业机械管理局\n张学仓 淮北市濉溪县农机管理局\n秦文礼 亳州市利辛县农业机械化管理局\n王言军 宿州市灵璧县农业机械管理局\n陈华道 淮南市凤台县农业机械管理局\n陈春林 巢湖市居巢区农机管理局\n阮德贵 池州市东至县农业机械管理局\n##paragraph_title\n福建省\n林京元 福建省农业厅\n郑云锡 宁德市农业局\n林永忠 漳州市农业技术推广站\n江添茂 龙岩市农业技术推广站\n官贵德 三明市宁化县农业局农技站\n张启松 南平市顺昌县农业技术推广站\n##paragraph_title\n江西省\n##paragraph_title\n山东省\n##paragraph_title\n河南省\n郭天财 河南农业大学  \n张维霞 河南省农业厅  \n和学民 南阳市唐河县委员会  \n李明枝 河南省农业机械管理局  \n魏蒙关 河南省农业厅  \n雷田雨 河南省农业厅  \n陈杰生 河南省种子管理站  \n徐献军 河南省种子管理站  \n董家胜 河南省农业技术推广总站  \n李好海 河南省植物保护植物检疫站  \n王俊忠 河南省土壤肥料站  \n马海生 河南省农药检定所  \n何景新 黄泛区农场  \n李国亮 郑州市农业农村工作委员会  \n李国恒 开封市农业技术推广站  \n王须才 洛阳市农业局  \n徐龙欣 洛阳市农业局  \n李庆豪 平顶山市农业局  \n朱丽英 安阳市农业局  \n梁少军 安阳市安阳县农业局  \n韦泽淇 鹤壁市农业局  \n王小兴 新乡市农业局  \n郜文玉 新乡市延津县农业局  \n王万泉 焦作市农业技术推广站  \n付全民 濮阳市农业局  \n袁德立 许昌市农业局  \n刘贵玲 漯河市农业局  \n邓仲民 三门峡市农业局  \n李玉生 南阳市农业局  \n宋广德 商丘市农业局  \n王景忠 商丘市柘城县农业局  \n张继敬 信阳市人民政府  \n鲁忠耀 信阳市农业局  \n李金明 周口市郸城县农业局  \n牛玉华 周口市扶沟县农业局  \n段文卿 周口市鹿邑县农业局  \n冯绍武 驻马店市农业局  \n彭春喜 驻马店市农业技术推广站  \n邱治民 驻马店市上蔡县农业局  \n代保平 济源市农业技术推广中心  \n李潮海 河南农业大学  \n崔党群 河南农业大学  \n李书勤 河南省农业科学院  \n王振华 河南省农业科学院  \n王树山 河南省农业机械管理局  \n张竹民 安阳市农机管理局  \n李兴华 周口市农业机械管理局  \n高立 信阳市农业机械管理局  \n马子斌 南阳市农业机械管理局  \n弓旭东 三门峡市农业局  \n郑路明 郑州市新密市农业机械管理局  \n王建军 商丘市宁陵县农业机械管理局  \n李宪章 安阳市滑县农机管理局\n周开平 湖北省农业厅\n王道山 襄阳市枣阳市农业局\n祝金水 湖北省农业厅\n彭传华 湖北省植物保护总站\n胡国平 随州市广水市农业局\n郭力 黄冈市浠水县农业局\n徐和木 黄冈市蕲春县人民政府\n张羽 黄冈市黄梅县农业局\n汪光友 襄阳市南漳县农业技术推广中心\n郭平 潜江市人民政府\n郭栋林 孝感市安陆市农业局\n黄星 荆州市荆州区区委\n曾寿生 孝感市应城市农业局\n赵显改 襄阳市老河口市农业局\n陈兴国 黄冈市武穴市农业局\n秦少兰 湖北省农业机械化管理办公室\n胡平均 黄冈市农业机械管理局\n吴昌玉 宜昌市枝江市农业机械局\n琚兆海 襄阳市枣阳市农业机械化管理办公室\n陈秋林 荆州市公安县农业机械管理局\n小目\n张伯汉 茂名市高州市农业局\n江奕君 广东省农业科学院水稻研究所\n江锦祥 广东省农业厅\n彭传武 揭阳市揭东县种子站\n曾佛应 梅州市农业局\n陈少华 汕头市农业局\n吴惠龙 广州市农业局\n陈玉 湛江市农业局\n李敏怀 清远市农业局\n刘仕启 惠州市农业局\n钟保迁 阳江市农业和林业局\n\n##paragraph_title\n湖南省\n李克勤 湖南省农业厅\n刘征鹏 益阳市南县茅草街镇农业综合服务站\n张华山 长沙市长沙县农业局\n胡里仁 株洲市农业局\n刘子忠 湘潭市湘乡市农业局\n林忠秀 衡阳市衡阳县农业局\n董柏平 衡阳市衡东县农业局\n黄炯祥 邵阳市邵东县仙槎桥镇农业技术推广站\n陈晓华 岳阳市岳阳县农业局\n彭爱立 常德市桃源县农业局\n杨光辉 益阳市农业局\n张陆林 娄底市新化县农业局\n欧君华 郴州市宜章县农业局\n周军旗 永州市祁阳县大村甸镇农业技术推广站\n王圣爱 怀化市农业局\n王先顺 湘西土家族苗族自治州永顺县农业局\n周洪武 湖南省农业机械管理局\n张永华 邵阳市武冈市农业机械管理局\n沈建祥 常德市鼎城区农业机械化管理局\n邓瑞仁 郴州市宜章县农业机械管理局\n##paragraph_title\n广西壮族自治区\n李华胜 广西壮族自治区种子管理总站  \n徐世宏 广西壮族自治区农业技术推广总站  \n李瑞将 广西壮族自治区粮食高产创建活动领导小组  \n彭景东 防城港市农业委员会  \n余伟红 贵港市农业局  \n梁仲达 百色市农业局  \n劳太文 北海市农业局  \n罗远宁 钦州市灵山县农业局  \n唐海千 玉林市兴业县农业局  \n唐音凯 河池市南丹县农业技术推广站  \n陈世凡 广西壮族自治区农业机械化技术推广总站  \n李天绍 南宁市农业机械化管理局\n陈海洁 三亚市儋州市农业委员会\n符 斋 海南省农业技术推广服务中心\n##paragraph_title\n重庆市\n宋启禄 大足县农业委员会  \n刘乾毅 潼南县农业技术推广站  \n宋敏 南川区农业技术推广站  \n邓世友 永川区粮油作物技术推广站  \n朱美蓉 万州区农业技术推广站  \n陈道友 开县农技土肥技术推广站  \n李剑波 忠县农业委员会  \n袁德胜 重庆市农业委员会  \n汤长生 重庆市农机管理办公室  \n郭定荣 江津区农业委员会\n##paragraph_title\n四川省\n肖小东 四川省农业厅\n\n青致刚 攀枝花市农牧局农业技术推广站\n邓学东 自贡市贡井区农林局农业技术推广站\n练宝田 泸州市泸县农业局\n\n付书明 德阳市绵竹市农业局农业技术推广站\n叶开友 内江市东兴区农业技术推广站\n熊毅 乐山市农业局\n\n郭大明 绵阳市江油市农业局农业技术推广站\n夏劲松 遂宁市农业局\n\n刘文义 广元市旺苍县农业局农业技术推广站\n朱旭霞 南充市阆中市农业技术推广站\n赵文军 南充市仪陇县农业技术推广站\n李正宏 宜宾市翠屏区农牧局\n贺声明 广安市武胜县农业技术推广站\n王良平 达州市农业局\n\n石勇 眉山市农业技术推广站\n谢贻奎 资阳市安岳县农业技术推广中心\n曾晖 资阳市简阳市农业技术推广站\n刘定远 巴中市南江县农业局农业技术推广站\n李良 甘孜藏族自治州农技土肥站\n曹晋福 凉山彝族自治州农业局马铃薯产业办公室\n徐先林 凉山彝族自治州盐源县农业局农业技术推广站\n周杉 四川省农业厅\n\n杨小萍 泸州市农机事业局\n\n徐文金 德阳市绵竹市农业机械局\n袁勋 南充市南部县农业机械事业管理局\n王凌燕 广安市广安区农业机械事业局\n廖明 达州市大竹县农业机械化管理局\n汪云朗 安顺市农业技术推广站\n高雪 贵州省土壤肥料工作总站\n郑满江 贵阳市息烽县农业局农业技术推广站\n陈应祝 六盘水市盘县农业局\n犹世政 遵义市农业委员会\n金鲁林 黔南布依族苗族自治州农业委员会\n谭甫成 黔东南苗族侗族自治州农业技术推广站\n杨继勇 黔西南布依族苗族自治州兴仁县农业林业\n扶贫开发局\n徐守波 铜仁地区铜仁市农业技术推广站\n李丹 毕节地区植保植检站\n陈晓云 陇南市农牧局\n史兴隆 平凉市农牧局\n张法霖 张掖市种子管理稽查站\n郭振斌 兰州市永登县农业技术推广中心\n\n##paragraph_title\n贵州省\n##paragraph_title\n云南省\n杨丹 云南省农业厅\n蔡晓琳 云南省农业技术推广总站\n赵永平 曲靖市师宗县农业局\n李国平 红河哈尼族彝族自治州石屏县农业局\n李建华 楚雄彝族自治州楚雄市农业技术推广中心\n王子乔 文山壮族苗族自治州种子管理站\n刘坤 丽江市农业局\n鲁强 临沧市农业技术推广站\n高世华 曲靖市农业局\n段家友 保山市农业科学研究所\n杨晓金 玉溪市易门县农业局\n张德鹏 大理白族自治州农业局\n蒋银勇 昭通市盐津县农业局\n赖伟利 宁夏回族自治区农牧厅\n袁志明 宁夏回族自治区国营暖泉农场\n温茂林 吴忠市青铜峡市农牧局\n满红 银川市永宁县农牧局\n马吉芳 吴忠市同心县农牧局\n余建军 固原市原州区清河镇农业服务中心\n\n李洪运 新疆维吾尔自治区农业厅\n冯卫 昌吉回族自治州昌吉市农业局\n罗丽华 阿勒泰地区农业局\n王占生 伊犁哈萨克自治州新源县农业局\n杜勇军 巴音郭楞蒙古自治州农业局\n阿尔吐克·牙库甫 阿克苏地区乌什县农业局\n阿不都热依木·肉孜 克孜勒苏柯尔克孜自治州阿克陶县农业局\n司马义·阿不都色力木 喀什地区叶城县人民政府\n郭康 新疆维吾尔自治区农牧业机械管理局\n艾买提尼亚孜·艾萨 喀什地区莎车县农牧业机械局\n塔吾兰·伊斯木 伊犁哈萨克自治州伊宁县农牧业机械\n##paragraph_title\n黑龙江省农垦总局\n##paragraph_title\n西藏自治区\n彭红 林芝地区波密县农业技术推广站  \n土登昌都地区农业技术推广总站\n##paragraph_title\n陕西省\n秦云泽 陕西省农业厅  \n孙建阁 陕西省农业技术推广总站  \n刘俊伟 宝鸡市农业局  \n许会林 咸阳市旬邑县农业局  \n刘博 渭南市农业局  \n沙永秀 汉中市勉县农业技术推广中心  \n刘占和 榆林市农业局  \n陈新胜 陕西省农垦国营沙苑农场  \n赵鹏飞 陕西省农业机械管理局  \n刘辉 咸阳市农业机械管理中心\n马德全 黑龙江省农垦总局农业局\n徐学阳 黑龙江省农垦总局\n蒋长春 黑龙江省农垦总局宝泉岭分局\n刘中滨 黑龙江省农垦总局红兴隆分局农业局\n刘相增 黑龙江省农垦总局友谊农场\n陶喜军 黑龙江省农垦总局建三江分局\n殷松 黑龙江省农垦总局八五四农场\n许先珠 黑龙江省农垦总局北安分局\n张宏雷 黑龙江省农垦总局九三分局\n李晓光 黑龙江省农垦总局查哈阳农场\n邹林 黑龙江省农垦总局农业机械化管理局\n迟立军 黑龙江省农垦总局建三江分局农机局\n##paragraph_title\n新疆生产建设兵团\n##paragraph_title\n甘肃省\n张元华 农八师农业局\n李春生 农一师四团\n种广虑 农九师一六八团\n##paragraph_title\n六、全国粮食生产大户\n梁仲科 甘肃省农牧厅\n刘祎鸿 甘肃省农业技术推广总站\n刘健 甘肃省农业节水与土壤肥料管理总站\n马宗明 临夏回族自治州广河县县委\n燕胜三 定西市通渭县县委\n##paragraph_title\n天津市\n张文武 房山区石楼镇二站村  \n陈向阳 密云县河南寨镇北单家庄\n董文森 宁河县芦台镇北新区银河花园  \n李永军 宝坻区八门城镇欢喜庄村\n辛俊银 唐山市玉田县杨家板桥镇辛庄户村\n李全友 唐山市唐海县第十农场李八廒生产队\n郭井珍 承德市隆化县张三营镇河东村\n贾连海 衡水市景县龙华镇贾吕村\n卢志敏 唐山市丰南区西葛镇东尖坨三村\n李久合 唐山市丰南区大新庄镇芝麻坨村\n赵砚波 廊坊市霸州市霸州乡赵家庄村\n孙连久 唐山市唐海县第八农场小戟门村\n闫风建 邯郸市馆陶县柴堡镇东广才村\n刘永利 廊坊市文安县文安镇三村\n崔军学 邢台市宁晋县苏家庄乡段木庄村\n张立军 邢台市宁晋县凤凰镇孟村\n邱振京 邢台市内丘县内丘乡东庞前街村\n连增根 邢台市柏乡县原种场\n苗永智 衡水市武邑县审坡镇苗小庄村\n周新房 石家庄市正定县曲阳桥乡高平村\n单国学 承德市围场满族蒙古族自治县御道口乡御\n郑树军 张家口市宣化县沙岭子镇南兴渠村\n赵东霞 邢台市临城县临城镇黑沙二村\n于皂有 邢台市宁晋县大陆村镇常家庄一村\n钱桂增 承德市平泉县党坝镇大吉口村\n刘计东 邢台市柏乡县王家庄乡小里村\n赵之飞 唐山市唐海县唐海乡东辛庄村\n张献军 邯郸市馆陶县南徐村乡西马兰村\n刘海军 张家口市怀安县原种场\n王现辉 邢台市巨鹿县原种场\n赵希忠 秦皇岛市昌黎县刘台庄镇高坨村\n##paragraph_title\n山西省\n于会怀 沈阳市辽中县六间房乡许家村  \n周文江 锦州市北镇市柳家乡东青村  \n宋艳辉 锦州市黑山县常兴镇八旗村  \n张爱忠 沈阳市沈北新区兴隆台锡伯族镇兴隆台村  \n赵国清 铁岭市昌图县大兴乡陈家村  \n伍桂松 营口市大石桥市周家镇三道岭村  \n韩慧楠 丹东市宽甸满族自治县青椅山镇太平村  \n汪丽娟 铁岭市昌图县曲家店镇厂子村  \n杨德权 沈阳市辽中县养士堡镇腰屯村  \n刘亚东 锦州市凌海市三台子镇四海屯  \n钱玉平 沈阳市沈北新区新城子乡新台子村  \n范香久 铁岭市铁岭县平顶堡镇建设村\n##paragraph_title\n吉林省\n宋相池 松原市前郭尔罗斯蒙古族自治县平凤\n金洪岩 吉林市永吉县万昌镇东莲花村\n张殿锡 松原市长岭县北正镇后四十七村\n王福龙 长春市榆树市秀水镇大于村\n关长海 通化市辉南县朝阳镇兴德村\n金英敏 松原市乾安县赞字乡父字村\n乔桂余 长春市榆树市刘家镇福利村\n辛冶 四平市梨树县林海镇七一水库村\n池忠田 长春市九台市其塔木镇红旗村\n任志国 白城市镇赉县大屯镇大官营子村\n石建军 长春市榆树市先锋乡忠善村\n郑佰文 四平市双辽市双山镇秀水村\n李雨田 长春市九台市西营城乡榛楷泡村\n齐永生 四平市公主岭市环玲乡高家岗村\n于湘 松原市乾安县严字乡性字村\n于连志 长春市榆树市红星乡红星村\n吕亚玲 长春市农安县新农乡源成功村\n盛立国 四平市双辽市茂林镇新发村\n王世军 松原市扶余县弓棚子镇前号村\n武士军 长春市榆树市城发乡双合村\n尚云峰 松原市宁江区大洼镇伊尔丹村\n吕文彬 呼伦贝尔市陈巴尔虎旗鄂温克苏木恩和嘎查  \n魏淑云 通辽市开鲁县东来镇兴蒙村  \n郝龙海 呼伦贝尔市扎兰屯市浩饶山镇东平台村  \n魏显彬 呼伦贝尔市阿荣旗得力其尔鄂温克族乡忠城堡  \n孟宝永 呼伦贝尔市莫力达瓦达斡尔族自治旗阿尔拉镇拉力浅村  \n丁晓明 兴安盟农场管理局国营吐列毛杜农场第四生产队  \n宝良 兴安盟科尔沁右翼中旗扎木钦工作部扎木钦嘎查  \n郭俊华 通辽市科尔沁区辽河良种繁殖场  \n毕长俊 通辽市扎鲁特旗乌力吉木仁苏木团结村  \n高栓 通辽市库伦旗库伦镇三家子嘎查  \n郭殿君 赤峰市克什克腾旗芝瑞镇上柜村  \n肖士杰 赤峰市翁牛特旗海金山种牛场东分场  \n李景山 锡林郭勒盟乌拉盖牧场  \n于天龙 乌兰察布市察哈尔右翼中旗铁沙盖乡白家村  \n张忠在 呼和浩特市土默特左旗察素齐镇那什图村  \n田丰 包头市达尔罕茂明安联合旗石宝镇温都不令村  \n白娥 鄂尔多斯市杭锦旗伊和乌素苏木敖楞布拉格嘎查  \n张志德 巴彦淖尔市临河区双河镇进步村  \n贾永 巴彦淖尔市乌拉特前旗大佘太镇苗二壕村  \n辽宁省\n徐迪 哈尔滨市方正县德善乡正义村\n王宝贵 哈尔滨市巴彦县洼兴乡增收村\n梁存柱 哈尔滨市依兰县愚公乡永红村\n季云祥 哈尔滨市通河县祥顺镇西六方村\n韩雪山 哈尔滨市五常市拉林满族镇石人村\n杨海军 齐齐哈尔市龙江县黑岗乡三家子村\n宋传文 齐齐哈尔市依安县新兴乡东荣村\n贾守军 齐齐哈尔市拜泉县兴农镇建国村\n王福生 齐齐哈尔市甘南县巨宝镇金星村\n邵洪俊 牡丹江市穆棱市八面通镇四合村\n王文彬 牡丹江市林口县古城镇第四村\n刘贵 佳木斯市桦川县新城镇同力村\n孙斌 佳木斯市桦南县梨树乡和平村\n徐贞洲 佳木斯市富锦市兴隆岗镇东风村\n刘宏伟 大庆市肇源县和平乡华原村\n谷立文 大庆市林甸县东兴乡红阳村\n金昌义 鸡西市虎林市阿北乡阿北村\n王海军 鸡西市密山市知一镇向化村\n刘春平 双鸭山市集贤县永安乡兴华村\n赵志仁 双鸭山市饶河县山里乡二林村\n兰兴 伊春市铁力市双丰镇朝阳村\n罗加波 七台河市茄子河区宏伟镇三合村\n金日焕 鹤岗市萝北县东明朝鲜族乡黎明村\n高兰清 黑河市爱辉区二站乡卧东河村\n韩福平 黑河市嫩江县多宝山镇盘龙山村\n吴德显 黑河市孙吴县沿江满达乡大桦林子满族村\n张希范 绥化市肇东市西八里乡西八里村\n徐德顺 绥化市北林区绥胜满族镇胜利四村\n佟忠文 绥化市绥棱县长山乡幸福村\n兰义臣 绥化市庆安县久胜镇久旭村\n王双喜 大兴安岭地区行政公署岭南生态农业示范区\n##paragraph_title\n上海市\n邬龙官 奉贤区奉城镇白衣聚村\n陈永华 嘉定区外冈镇大陆村\n##paragraph_title\n江苏省\n赵庆州 南京市江宁区淳化街道办事处青龙社区\n胡晓祥 镇江市京口区国营共青团农场\n陈金锁 常州市金坛市直溪镇西溪村\n汤觉清 常州市溧阳市社渚镇河口村\n陈伟强 无锡市宜兴县和桥镇北新村\n毛盘良 无锡市惠山区钱桥镇西漳村\n徐小毛 苏州市吴江市同里镇北联村\n姜义祥 苏州市张家港市锦丰镇协仁村\n张洪元 苏州市昆山市千灯镇吴桥村\n季明 南通市通州区十总镇柏树墩村\n许浩 南通市如东县马塘镇马北村\n许传六 泰州市靖江市西来乡普福村\n张凤兴 泰州市兴化市周奋乡仲寨北村\n韦圣虎 扬州市高邮市郭集镇槽坊村\n姚俊峰 扬州市仪征市谢集乡铁坝村\n冷翔 盐城市大丰市金海农场\n何红梅 盐城市东台市黄海原种场\n卢经元 盐城市建湖县九龙口镇蒋营居民委员会\n龚秀炬 淮安市盱眙县淮河镇杨嘴村\n高见 淮安市金湖县前锋镇白马湖村\n滕云飞 宿迁市沭阳县国营青伊湖农场\n姚士进 宿迁市泗阳县众兴镇姚圩居民委员会\n吕秀收 连云港市东海县黄川镇前元村\n耿东明 连云港市灌云县圩丰镇洋桥村\n盛守国 徐州市沛县国营湖西农场四分场\n张成建 徐州市铜山区沿湖农场\n顾洪林 盐城市射阳县国营淮海农场四分场\n陈钦生 淮北市濉溪县百善镇前营村\n赵其瑞 蚌埠市怀远县马城镇五淮村\n徐长仁 淮南市田家庵区曹庵镇宋王村\n苏少山 合肥市肥西县严店乡西郑岗村\n刘桂银 滁州市全椒县马厂镇复兴村\n张献国 滁州市天长市冶山镇草洲村\n王厚云 六安市霍邱县宋店乡砖店村\n李景龙 六安市寿县板桥镇南庄村\n周多平 六安市金安区东桥镇潘店村\n朱为山 巢湖市无为县泉塘镇罗山村\n吴文艺 宣城市宣州区朱桥乡塘溪村\n曹仁宏 芜湖市繁昌县平铺镇平铺村\n李敏涛 马鞍山市当涂县护河镇护河村\n魏绍彬 马鞍山市当涂县石桥镇石桥村\n吴正国 铜陵市铜陵县天门镇高联村\n陈法田 池州市青阳县新河镇向阳村\n陈长水 安庆市望江县鸦滩镇码头村\n宣益彬 安庆市怀宁县月山镇黄岭村\n张广斌 安庆市枞阳县金社乡鳌山村\n\n##paragraph_title\n福建省\n##paragraph_title\n浙江省\n陈建新 金华市婺城区洋埠镇后彰陈村  \n丁海洋 杭州市萧山区义桥镇丁家庄村  \n包碎云 温州市乐清市乐成镇包山村  \n单海明 台州市临海市东塍镇东溪单村  \n莘红霞 湖州市南浔区旧馆镇港胡村  \n廖林杰 丽水市庆元县黄田镇双溪村\n徐天林 莆田市城厢区灵川镇青山村  \n陈振华 福州市连江县敖江镇幕浦村  \n林和杰 泉州市晋江市陈埭镇洋埭村  \n林水英 莆田市涵江区白塘镇镇前村  \n黄小明 漳州市龙海市海澄镇溪北村  \n陈幕龙 龙岩市长汀县河田镇南塘村\n##paragraph_title\n江西省\n##paragraph_title\n安徽省\n张寅虎 宣城市广德县邱村镇新桥村  \n李伟 宿州市埇桥区解集乡桥桂村  \n潘永 亳州市涡阳县义门镇刘老村  \n葛海涛 亳州市蒙城县马集镇驼涧村  \n李小光 亳州市利辛县孙庙乡前刘村  \n李希珍 宿州市萧县新庄镇小集子村  \n葛浩新 阜阳市颍州区颍西街道办事处搬井社区  \n高东方 阜阳市太和县双浮镇双兴村  \n张友成 阜阳市临泉县姜寨镇张小庄村  \n张小凤 南昌市进贤县南台乡  \n高彩霞 上饶市鄱阳县乐丰镇东风村  \n凌继河 南昌市安义县鼎湖镇西路村  \n姜园华 南昌市进贤县三阳集乡凤凰村  \n范文根 南昌市高新开发区昌东镇五爱村  \n陈茂胜 萍乡市芦溪县宣风镇竹垣村  \n范长青 九江市瑞昌市横港镇繁荣村  \n严丛新 鹰潭市贵溪市塘湾镇唐甸村  \n彭富洪 吉安市吉水县盘谷镇小祠下村  \n曾森申 宜春市丰城市荣塘镇北湖村  \n李检发 抚州市临川区罗针镇长湖村  \n朱正党 抚州市临川区唱凯镇古港村  \n占仕梅 抚州市东乡县马圩镇梁家村  \n何志忠 抚州市东乡县小璜镇小璜村  \n吴克丙 上饶市余干县瑞洪镇东一村  \n朱紫丹 上饶市余干县大溪乡大溪村  \n吴重金 上饶市鄱阳县油墩街油墩村  \n叶富生 上饶市鄱阳县饶丰镇红土山村\n\n##paragraph_title\n山东省\n张道立 济宁市汶上县苑庄镇王庄村\n王发亮 临沂市苍山县南桥乡石埠村\n冯承虎 济南市历城区遥墙街道办事处南河套村\n张承印 济南市平阴县安城镇西张营村\n王玉芹 青岛市平度市兰底镇桑园村\n郭文行 青岛市胶州市李哥庄镇双京村\n王志涛 青岛市莱西市李权庄镇兴隆屯村\n王克亮 淄博市高新区石桥街道办事处甘家村\n成希武 淄博市高新区石桥街道办事处赵庄村\n丁磊 枣庄市峄城区古邵镇坊上村\n魏洪光 枣庄市山亭区城头镇时村\n李金永 东营市广饶县大王镇大王西村\n辛光敏 烟台市海阳市留格庄镇大辛家村\n杨凯 烟台市牟平区水道镇徐家寨村\n丛乐栋 潍坊市寒亭区固堤街道办事处高庄村\n王守新 潍坊市寒亭区固堤街道办事处高庄村\n高四信 潍坊市高密市密水街道办事处拒城河村\n张忠友 济宁市曲阜市王庄镇孟李村\n杨建军 济宁市兖州市新兖镇杨庄村\n姬风英 泰安市岱岳区马庄镇大寺村\n段思全 泰安市东平县州城街道办事处文庙街居民委\n刘东华 泰安市肥城市王瓜店街道办事处穆庄村\n亓圣来 莱芜市钢城区辛庄镇赵家泉村\n李光成 日照市岚山区碑廓镇西秋齐园村\n于维阳 威海市荣成市上庄镇院前村\n于守强 威海市乳山市徐家镇洋村\n程国明 滨州市惠民县桑落墅镇刘家店村\n高喜 滨州市邹平县孙镇新高村\n魏德东 德州市临邑县德平镇魏家村\n张文亮 德州市陵县良种场\n张增超 聊城市冠县桑阿镇白集西街村\n张凡菊 聊城市阳谷县高庙王乡前仓村\n王洪鹏 临沂市河东区汤头街道办事处集沂庄村\n吴哲 临沂市临沭县南古镇寨西村\n张桂德 菏泽市单县南城办事处孙庄村\n郭宪峰 菏泽市牡丹区黄堽镇泉庄村\n##paragraph_title\n河南省\n曹金花 周口市沈丘县付井镇西李楼村  \n苏柯楠 周口市商水县姚集乡前刘村  \n刘洋 驻马店市遂平县石寨铺镇李集村  \n周道坤 驻马店市正阳县永兴镇永兴村  \n邝四堂 驻马店市上蔡县杨集镇大张村  \n蒋海涛 驻马店市西平县盆尧镇叶李村  \n吕振波 济源市承留镇南石村  \n张国红 黄泛区农场四分场  \n张纯杰 黄泛区丰润农业示范场  \n姜雪峰 黄泛区丰成农业示范场\n吴松胜 漯河市临颍县台陈镇大周村\n毛仲乾 濮阳市范县辛庄乡毛岗村\n张领义 郑州市新郑市观音寺镇姚张村\n许国志 开封市杞县裴村店乡许岗村\n薛会贤 开封市兰考县三义寨乡蔡楼村\n王松涛 洛阳市偃师市城关镇北窑村\n王力奇 平顶山市郏县薛店镇下宫村\n李卫东 平顶山市舞钢市枣林镇直李村\n于相国 安阳市内黄县马上乡西马上村\n唐本来 安阳市滑县新区北董古村\n李彦飞 鹤壁市浚县黎阳镇东长村\n刘天合 鹤壁市淇滨区钜桥镇岗坡村\n李修立 新乡市新乡县七里营镇七里营四村\n杜素芹 新乡市延津县胙城乡兽医庄村\n陈鹏瑾 焦作市温县岳村乡岳村\n史其卫 濮阳市清丰县六塔乡王留固村\n耿红要 许昌市鄢陵县陶城乡追岗村\n李怀江 三门峡市灵宝市函谷关镇西留村\n田明丽 南阳市唐河县桐河乡邱庄村\n张涛雄 南阳市邓州市裴营乡裴营村\n周荣杰 南阳市镇平县城关镇北关村\n蒋金超 南阳市新野县施庵镇卢大桥村\n门永胜 商丘市梁园区张阁镇张堂村\n李福珍 商丘市虞城县城郊乡牛楼村\n谢红兵 商丘市虞城县闻集乡郭老家村\n张起绅 商丘市虞城县界沟镇张集村\n陈贵权 信阳市罗山县子路镇朱湾村\n杨震 信阳市息县小茴店镇谭楼村\n简海峰 信阳市淮滨县三空桥乡吕庄村\n贾奎 信阳市淮滨县马集镇郭集村\n赵亚东 周口市太康县独塘乡赵胡同村\n马家杰 周口市淮阳县曹河乡徐营村\n##paragraph_title\n湖北省\n李功成 襄阳市襄州区峪山镇宋冲村  \n刘若峥 荆门市京山县永兴镇苏余畈村  \n徐犹钱 黄石市阳新县太子镇四门村  \n宋红林 天门市拖市镇何场村  \n吴尚文 荆门市钟祥市旧口镇高集村  \n王泽清 仙桃市沙湖镇棕树湾村  \n管龙 黄冈市团风县马曹庙镇大路岗村  \n魏红平 孝感市孝南区毛陈镇双龙村  \n周文军 武汉市江夏区法泗镇菱米村  \n王四元 仙桃市沙湖镇滩湖村  \n梁光群 襄阳市襄州区程河镇邓岗村  \n李忠标 武汉市蔡甸区消泗乡罗汉村  \n王明开 黄石市大冶市金山店镇仕秦村  \n刘军红 黄石市大冶市金山店镇仕秦村  \n余圣读 黄石市阳新县荆头山农场  \n王海军 随州市随县高城镇高城居民委员会  \n柯珍珠 黄冈市黄梅县独山镇东观村  \n罗正 黄冈市团风县团风镇罗家沟村  \n鲁晓勇 黄冈市蕲春县管窑镇寒婆岭村  \n肖保新 随州市随县安居镇张家井湾村  \n缪斌 武汉市黄陂区王家河街道办事处玉枝  \n倪生浩 荆州市洪湖市新堤办事处洪林村\n##paragraph_title\n湖南省\n##paragraph_title\n广东省\n郑四海 益阳市大通湖区南湾湖办事处\n肖一帆 衡阳市衡阳县台源乡长青村\n熊伟 长沙市望城县乔口镇田心坪村\n巫启凤 株洲市醴陵市泗汾镇双塘村\n谢树雪 株洲市醴陵市船湾乡船湾村\n朱国林 株洲市攸县上云桥镇侯联村\n彭满珍 株洲市株洲县渌口镇松西子社区\n肖艾增 湘潭市湘乡市壶天镇牌子石村\n胡冬生 衡阳市衡南县宝盖镇龙丰村\n龚瑛 衡阳市祁东县金桥镇金桥村\n李建明 邵阳市邵阳县谷洲镇鸟山村\n叶新花 岳阳市临湘市江南镇新洲村\n李勇 岳阳市平江县三市镇永安村\n秦希良 岳阳市湘阴县新泉镇小北湖村\n孙文献 常德市汉寿县大南湖乡永红居民委员会\n夏根固 益阳市沅江市四季红镇阳雀洪村\n许铁军 益阳市大通湖区金盆镇格子湖村\n王雪尤 益阳市资阳区茈湖口镇邹家窑村\n李旭芳 益阳市赫山区兰溪镇沙岭村\n唐彩凤 永州市零陵区石山脚乡悟山里村\n何广南 郴州市安仁县牌楼乡神洲村\n贺青松 娄底市双峰县永丰镇松坪村\n郑泽禹 张家界市慈利县高桥镇四坪村\n曾海萍 怀化市靖州苗族侗族自治县渠阳镇飞山\n会尧管村\n胡成来 惠州市惠东县铁涌镇三堆岭村  \n李乃忠 惠州市惠东县平山街道办事处三联村  \n曾令绿 阳江市阳西县程村镇黄什村  \n郑汉文 潮州市潮安县浮洋镇仙庭村  \n林辉苑 梅州市蕉岭县长潭镇金融街8号  \n孙国欢 惠州市惠城区汝湖镇村尾村  \n张隆辉 清远市连州市沿江花园C座701室  \n陈植桓 阳江市阳东县大沟镇大沟村  \n魏法赐 梅州市五华县横陂镇  \n朱丽沂 广州市从化市鳌头镇江埔街  \n李志新 梅州市兴宁市新陂镇新金村  \n梁定妹 东莞市麻涌镇漳澎村  \n邝国材 珠海市斗门区斗门镇南门村  \n孙亚桂 湛江市吴川市黄坡镇康基村\n##paragraph_title\n广西壮族自治区\n戴史东 贵港市平南县上渡镇下渡社区  \n梁天银 贵港市平南县平南镇遥望村  \n叶零梅 贺州市八步区八步街道办事处光明社区  \n庞信凤 玉林市福绵管理区福绵镇十丈村  \n黄富英 玉林市兴业县城隍镇城隍村  \n莫桥养 桂林市平乐县张家镇朝仙村  \n韦瑞光 钦州市灵山县那隆镇塘表村  \n李凤定 贵港市港北区庆丰镇夏里村  \n李文照 贵港市桂平市西山镇福山村  \n黄超松 贵港市桂平市南木镇三鼎村  \n梁耀斌 贵港市港北区县大圩镇大圩村  \n李贵荣 贵港市桂平市江口镇盘石村  \n莫小妙 贺州市八步区铺门镇铺门村  \n唐连裕 桂林市全州县全州镇竹溪田村\n##paragraph_title\n海南省\n白焕宋 三亚市儋州市雅星镇东光农场  \n王元成 三亚市儋州市东成镇抱舍村\n##paragraph_title\n重庆市\n毛良模 巴南区天星寺镇芙蓉村  \n梁兴成 垫江县桂溪镇工农路57号  \n梁兴国 奉节县红土乡白鹤村  \n李荣芳 奉节县草堂镇东坡村  \n徐德成 开县温泉镇和平村  \n彭兴芳 梁平县梁山街道  \n刘化雨 江津区慈云镇刁家社区  \n吴昌木 南川区大观镇铁桥村  \n冉云 巫溪县古路镇白家村  \n黄泽兵 永川区临江镇普安村\n##paragraph_title\n四川省\n黄明水 德阳市广汉市连山镇乌木村  \n卢建文 宜宾市兴文县大坝苗族乡红旗村  \n冷小波 德阳市广汉市连山镇锦花村  \n冷世模 德阳市广汉市连山镇锦花村  \n邓育银 绵阳市江油市太平镇古柏村  \n袁斌 资阳市简阳市云龙镇千佛村  \n陈建东 德阳市旌阳区黄许镇双原村  \n贾永恒 德阳市绵竹市广济镇新和村  \n刘吉良 成都市金堂县竹蒿镇凤凰村  \n刘兴全 凉山彝族自治州西昌市小庙乡安宁村  \n陈朝顺 德阳市广汉市连山镇双堰村  \n雷宇刚 泸州市泸县云龙镇杨高村  \n廖述全 德阳市旌阳区黄许镇江林村  \n陈登许 德阳市广汉市和兴镇国防村  \n梁国林 成都市金堂县五凤镇白岩村  \n陈福望 德阳市广汉市新平镇联合村  \n李少木 资阳市乐至县大佛镇大佛李村\n李年康 德阳市广汉市连山镇五一村  \n尹燕刚 德阳市广汉市新平镇桂红村  \n李小平 德阳市广汉市南丰镇槐树村  \n向泽刚 德阳市广汉市连山镇石梯村  \n黄政 德阳市广汉市兴隆镇寨子村  \n刘汉东 巴中市巴州区关公乡风华村  \n雷天平 泸州市泸县方洞镇薛湾村  \n张邦心 绵阳市江油市大堰乡泉水村  \n刘根生 内江市东兴区同福乡佛祖岩村  \n彭仕选 巴中市巴州区关公乡风华村  \n石志勇 广元市剑阁县高观乡向阳村  \n王斌 资阳市乐至县东山镇踏水村\n\n##paragraph_title\n贵州省\n李小刚 铜仁地区思南县塘头镇沙都村  \n李之明 贵阳市息烽县永靖镇坪上村  \n陈乃祥 六盘水市六枝特区木岗镇木岗场村  \n郭明何 安顺市平坝县羊昌布依族苗族乡新居村  \n吴永强 遵义市湄潭县永兴镇共和村  \n周道明 黔南布依族苗族自治州荔波县朝阳镇八烂村  \n何君龙 黔南布依族苗族自治州荔波县朝阳镇八烂村  \n杨秀华 黔东南苗族侗族自治州黄平县新州镇罗西村  \n朱正丽 黔东南苗族侗族自治州施秉县城关镇中沙村  \n向忠辉 黔西南布依族苗族自治州贞丰县者相镇纳孔村  \n廖启贵 铜仁地区松桃苗族自治县普觉镇普觉村  \n马豪 毕节地区威宁彝族回族苗族自治县草海镇白岩村\n王长宝 曲靖市沾益县盘江镇松林社区  \n付荣贵 文山壮族苗族自治州丘北县曰者镇打磨山村  \n谢林荣 曲靖市沾益县炎方乡炎方村  \n何猛 文山壮族苗族自治州砚山县稼依镇大稼依村  \n唐朝富 文山壮族苗族自治州砚山县江那镇书院社区  \n潘洪泽 昭通市巧家县白鹤滩镇七里村  \n张海生 曲靖市陆良县小百户镇老母村  \n鲁跃刚 昆明市宜良县狗街镇龙保村  \n黄涛见 曲靖市陆良县中枢镇北门社区  \n岩怕 西双版纳傣族自治州勐海县勐遮镇曼恩村  \n俸卫国 临沧市耿马傣族佤族自治县耿马镇允捧村  \n胡金梁 怒江傈僳族自治州兰坪白族普米族自治县金顶镇箐门村  \n岩光代 西双版纳傣族自治州勐海县勐混镇曼赛村  \n李继新 大理白族自治州剑川县金华镇庆华村  \n李玉才 曲靖市师宗县丹凤镇糯白村  \n卢银贵 临沧市凤庆县营盘镇营盘村  \n车云灿 保山市隆阳区瓦房彝族苗族乡麦庄村\n##paragraph_title\n西藏自治区\n##paragraph_title\n陕西省\n欧 珠 日喀则地区江孜县年堆乡曲乃村\n拉 姆 拉萨市林周县强嘎乡连布村\n##paragraph_title\n甘肃省\n薛拓 西安市长安区斗门街道办事处中丰店村  \n杨文强 宝鸡市麟游县九成宫镇石臼山村  \n刘武 咸阳市泾阳县桥底镇褚牛村  \n张庆勇 渭南市临渭区向阳街道办事处赤水村  \n张俊良 铜川市宜君县城关镇南塔村  \n冯忠诚 汉中市汉台区宗营镇韩塘村  \n张治斌 延安市黄龙县三岔乡陈村  \n赵云 榆林市靖边县东坑镇新建村  \n卜崇俊 榆林市横山县白界乡新开沟村  \n张明厚 榆林市神木县锦界镇河则沟村  \n王志兰 榆林市定边县郝滩乡李坑村\n##paragraph_title\n青海省\n潘进勇 酒泉市玉门市黄闸湾乡梁子沟村\n郑小琴 酒泉市肃州区泉湖乡四坝村\n许万海 酒泉市肃州区银达镇明沙窝村\n刘尚红 临夏回族自治州永靖县岘塬镇刘家村\n孙武华 金昌市永昌县水源乡新沟村\n徐逢林 张掖市山丹县陈户乡东门村\n郑永生 武威市古浪县土门镇永丰东村\n周德仁 白银市景泰县一条山镇石门村\n李存林 平凉市灵台县龙门乡枣子川村\n马福清 甘肃省国营八一农场天生炕分场\n候光生 海西蒙古族藏族自治州德令哈市柯鲁柯镇\n刘生强 海东地区化隆回族自治县巴燕镇下加合村\n##paragraph_title\n宁夏回族自治区\n包立新 吴忠市青铜峡市叶升镇地三村  \n吴世强 银川市贺兰县金贵镇关渠村  \n杨光明 银川市灵武市梧桐树乡李家圈村  \n周玉海 中卫市中宁县长山头农场  \n熊志忠 固原市西吉县红耀乡小庄村  \n赵连吉 固原市原州区张易镇盐泥村\n##paragraph_title\n新疆维吾尔自治区\n阿不来提·托合提 喀什地区莎车县塔尕其乡库木奇巴\n顾炎珺 昌吉国家农业科技园区\n周武 昌吉回族自治州呼图壁县二十里店镇东滩村\n胡安 塔城地区塔城市恰夏乡切特吉也克村\n袁卫华 博尔塔拉蒙古自治州温泉县哈日布呼镇\n刘学辉 哈密地区巴里坤哈萨克自治县石人子乡大泉湾村\n杨海福 伊犁哈萨克自治州尼勒克县胡吉尔台乡吉仁台村\n包爱莲 巴音郭楞蒙古自治州和静县哈尔莫敦镇哈尔莫敦村\n王国光 阿克苏地区库车县二八台农场五队\n玉素甫·卡德尔 阿克苏地区拜城县温巴什乡10村\n吾斯曼·依敏 喀什地区岳普湖县铁力木乡5村\n艾沙·阿瓦孜 克孜勒苏柯尔克孜自治州阿克陶县皮拉\n##paragraph_title\n黑龙江省农垦总局\n梁彦和 齐齐哈尔分局泰来农场  \n王淑琴 牡丹江分局八五四农场  \n张树华 宝泉岭分局绥滨农场  \n王新江 绥化分局海伦农场  \n王虎 牡丹江分局庆丰农场  \n张海峰 宝泉岭分局军川农场  \n古云平 建三江分局八五九农场  \n谷丽 红兴隆分局八五二农场  \n刘宪成 建三江分局七星农场  \n刘志民 北安分局赵光农场  \n侯忠道 牡丹江分局八五四农场  \n李岩 建三江分局红卫农场  \n杜勇宏 建三江分局大兴农场  \n焦政河 九三分局七星泡农场  \n李崇杰 绥化分局嘉荫农场  \n胡长青 建三江分局前锋农场  \n张德财 红兴隆分局二九一农场\n##paragraph_title\n新疆生产建设兵团\n石国强 农四师七十七团\n李建 农四师七十七团\n卜现运 农五师八十四团\n洪杰昌 农八师一四三团\n宋文辉 农九师一六八团', 'The purpose of the EIS was to analyze the impacts of additional oil and gas development within the San Juan Basin in northwestern New\nMexico, as well as decisions related to lands and realty, BLM-managed lands with wilderness characteristics, and vegetation management.The EIS was also to evaluate alternatives and issues related to the BIA’s authority over mineral leasing and associated activity decisions on Navajo Tribal Trust Lands and Navajo Indian allotments.The Notice of Availability for the Draft EIS published in the Federal Register on February 28, 2020 (85 FR 12012).The bureaus distributed the Draft EIS to various Federal, State, and local agencies, elected officials, special interest groups, interested individuals, and the media.Due to the COVID–19 pandemic and restrictions placed on in-person meetings, virtual public hearings were held on May 14, 15, 16, and 18, 2020, as well as on August 26, 27, 28, and 29, 2020.Since the initial publication of the Notices of Intent in 2014 and 2016, and the publication of the draft RMP Amendment and EIS in 2020, there have been many changes relevant to the plan amendment and associated EIS, such as a change in the development trends in the San Juan Basin; the withdrawal of 336,404 acres from mineral entry around the Chaco Culture National Historical Park; the preparation of BIA-funded ethnographic studies for the region; the establishment of the Honoring Chaco Initiative; and an increase in outdoor recreation in the region.']","The main goal of the IDB's operations in the region is to promote inclusive, sustainable and climate-friendly development that reduces poverty and inequality [1].",1.0,0.9999999999997217
