user_input,retrieved_contexts,response,faithfulness,answer_relevancy
How many trials were conducted on day 2?,"['The aerosol application position was changed after each treatment and each aerosol application location was repeated twice for each aerosol formulation. Due to logistical constraints of the milling facility (time available for testing) and time required for each aerosol application the pyrethrin + pyriproxyfen aerosol treatments were conducted first, followed by the pyrethrin + methoprene aerosol treatments. Day 1 of testing had five trials, day 2 had six trials, and day 3 had five trials, for a total of 16 aerosol applications.\n##paragraph_title\nBioassays\nThe T', ""Day 1 of testing had five trials, day 2 had six trials, and day 3 had five trials, for a total of 16 aerosol applications.\n##paragraph_title\nBioassays\nThe T. confusum larvae used in the study were from a pesticide-susceptible strain maintained at the United States Department of Agriculture–Agricultural Research Service–Center for Grain and Animal Health Research (USDA-ARS-CGAHR, Manhattan, KS). Tribolium confusum colonies are reared on 95% organic whole-wheat flour and 5% brewer's yeast at 27°C, 60% RH, and 0:24 (L:D) h in an environmental chamber. These colonies have been maintained at the USDA-ARS-CGAHR for more than 30 yr"", '为检验分装效果,工厂对这两台机器分装的成品进行了抽样和分析,过程如下:\n\n【收集数据】从甲、乙两台机器分装的成品中各随机抽取20袋', '##paragraph_title\nResults and Discussion\nCompounds were monitored in L1 gallery in two locations: station 1 (S1), roughly 500 m from the entrance, and station 2 (S2) about 1000 m apart from S1. A total of five samples were collected, in each location, in 20 October 2005 (at 11:00 am and 1:00 pm) and on 21 October 2005 (at 9:00 am, 11:00 am and 1:00 pm).\nTraffic volume through the tunnel is currently counted. As shown in Fig. 1, the fleet profile is quite constant with time between 9:00 am and 8:00 pm. Also the vehicular flux during the two sampling days was very similar to mean values for 2005, showing that those days may be considered representative of the current conditions within the tunnel', '##number\n291\n##table\n<table><tr><td></td><td colspan=""5"">50 days</td><td colspan=""5"">100 days</td></tr><tr><td></td><td>F*</td><td>P</td><td>G</td><td>S</td><td>B</td><td>F</td><td>P</td><td>G</td><td>S</td><td>B</td></tr><tr><td>Anurida forsslundi</td><td>0</td><td>0.05</td><td>0</td><td>0</td><td>0</td><td>0.04</td><td>0</td><td>0.06</td><td>0</td><td>0.06</td></tr><tr><td>Isotomiella minor</td><td>0</td><td>0.39</td><td>0.05</td><td>0.31</td><td>0</td><td>0.03</td><td>0.59</td><td>0.65</td><td>0.03</td><td>0.65</td></tr><tr><td>Pseudachorutes subcrassus</td><td>0</td><td>0.15</td><td>0.07</td><td>0.1</td><td>0</td><td>0</td><td>0.04</td><td>0</td><td>0.09</td><td>0.16</td></tr><tr><td>Pseudanurophorus binoculatus</td><td>0</td><td>0.05</td><td>0</td><td>0</td><td>0']",Answer: Six trials were conducted on day 2 [2].,1.0,0.9999999999997722
What does the isotherm indicate about the pigment crystals?,"['##header\nK.E. Fagelman, J.T. Guthrie / J. Chromatogr. A 1095 (2005) 145–155\n##number\n151\n##chart\n\n##figure_title\nFig. 4. The BET adsorption/desorption isotherms of C.I. Pigment Blue 15:4 and C.I. Pigment Red 122.\nent levels of interaction, with associated energies, take place for the adsorption and the desorption processes.\nThe isotherms in Fig. 4 indicate that both pigments are quite strongly coherent as there is little low-pressure hysteresis. This suggests that the pigment crystals are sufficiently well packed to prevent significant amounts of nitrogen entering into any void spaces. C.I. Pigment Blue 15:4 gives more high pressure hysteresis than that provided by C.I. Pigment Red 122. This implies that the phthalocyanine pigment (C.I', 'However, there was significant variation in the values of the dispersive component of the surface energy as the temperature increased. Further experimental work is necessary to understand the reason for such variation, although owing to the high quality of experimental consistency, it is felt that the variation is indicative of the changing nature of the pigment (steric, chemical) as a function of temperature.\nDetermination of the specific component of the surface free energy of C.I. Pigment Red 122 and of C.I. Pigment Blue 15.4. The behaviour of a range of polar probes was used to determine the specific component of the surface free energy. The acidic probes that were studied were trichloromethane (TCM) and dichloromethane (DCM)', '##number\n50\n##header\nV. Torrisi et al. / Materials Science and Engineering B 169 (2010) 49–54\n##chart\n\n##figure_title\nFig. 1. Isotherms of different ratios (1/1, 1/5, 1/10, 1/15) are displayed. Arrows indicate surface pressure deposition (12 mN/m for 1/1, 1/5, 1/10 films and 15 mN/m for 1/15 film). (For interpretation of the references to color in this figure legend, the reader is referred to the web version of the article).\nacterisation of the structured monolayers by means of a combined approach to obtain both compositional and topographical aspects [6,7].\nIn this paper we report the multitechnique study of the chemical patterns obtained by LB technique on polymer blend monolayer, consisting of a variable ratio of poly(2-vinylpyridine) (P2VP) and polystyrene (PS)', 'I. Pigment Red 122\n##table\n<table><tr><td>Temperature (°C)</td><td>$ \\gamma_{s}^{d} $ (mJ/m $ ^{2} $)</td></tr><tr><td>80</td><td>49.72</td></tr><tr><td>90</td><td>46.72</td></tr><tr><td>100</td><td>42.62</td></tr><tr><td>110</td><td>34.09</td></tr><tr><td>120</td><td>32.46</td></tr></table>', '10 mmol) at 50°C for 2 h followed by column chromatography on silica gel with toluene afforded 7 (700 mg, 84%). Green crystals; m.p. 200.0–205.0°C (AcOEt); IR (KBr disk):  $ \\bar{\\nu}_{\\text{max}} = 2957 $ (m), 2197 (m), 1693 (s), 1578 (m), 1508 (m), 1148 (s), 1414 (s), 1371 (m), 1215 (s), 1165 cm $ ^{-1} $ (m); UV/Vis (CH $ _2 $Cl $ _2 $):  $ \\lambda_{\\text{max}} $ (log $ \\varepsilon $) = 248 (4.96), 274 sh (4.85), 312 (5.09), 342 (4.92), 400 (4.71), 416 (4.66), 568 (3.37), 608 sh (3.28), 684 nm sh (2.68);  $ {}^{1}\\text{H NMR} (500\\ \\text{MHz}, \\text{CDCl}_3): \\delta = 9.76\\ \\text{dd}, \\text{H}_3\\text{H}_8 $, 8.71 (d, 3H, J = 9.5 Hz, H $ _2 $), 8.50 (s, 3H, H $ _2 $), 7.84 (d, 3H, J = 10.5 Hz, H $ _6 $), 7.79 (s, 3H, Bz-H $ _2 $,4.6), 7.57 (dd, 3H, J = 9.5, 10.5 Hz, H $ _3 $), 3']",The isotherm indicates that the pigment crystals are sufficiently well packed to prevent significant amounts of nitrogen entering into any void spaces [1].,1.0,0.8850879187136508
What is the kernel of the homomorphism from the multiplicative group into {±1}?,"['Recall that we have seen, in Exercise 8.37 on page 573, that  $ \\varepsilon $ is a surjective ring homomorphism, and so its kernel, G, is a two-sided ideal in ZG, called the augmentation ideal. Thus, there is an exact sequence\n##display_formula\n $$ 0\\to\\mathcal{G}\\to\\mathbb{Z}G\\stackrel{\\varepsilon}{\\longrightarrow}\\mathbb{Z}\\to0. $$ \nProposition 10.103. Let $G$ be a group with augmentation ideal $\\mathcal{G}$. As an abelian group, $\\mathcal{G}$ is free abelian with basis $G-1=\\{x-1:x\\in G,x\\neq1\\}$.\nProof. An element  $ u = \\sum_x m_x x \\in \\mathbb{Z} G $ lies in  $ \\ker \\varepsilon = \\mathcal{G} $ if and only if  $ \\sum_x m_x = 0 $. Therefore, if  $ u \\in \\mathcal{G} $, then\n##display_formula\n $$ u=u-\\big(\\sum_{x}m_{x}\\big)1=\\sum_{x}m_{x}(x-1)', 'Prove that there exists an element  $ a \\in G $ such that  $ \\psi(x) = a\\phi(x) $ is a homomorphism (i.e.  $ \\psi(xy) = \\psi(x)\\psi(y) $ for all  $ x,y \\in G $).\nA–5 Let  $ N_{n} $ denote the number of ordered n-tuples of positive integers  $ (a_{1}, a_{2}, \\ldots, a_{n}) $ such that  $ 1/a_{1} + 1/a_{2} + \\ldots + 1/a_{n} = 1 $. Determine whether  $ N_{10} $ is even or odd.\nA–6 For a positive integer n and any real number c, define  $ x_k $ recursively by  $ x_0 = 0 $,  $ x_1 = 1 $, and for  $ k \\geq 0 $,\n##display_formula\n $$ x_{k+2}=\\frac{cx_{k+1}-(n-k)x_{k}}{k+1}. $$ \nFix $n$ and then take $c$ to be the largest value for which $x_{n+1}=0$. Find $x_{k}$ in terms of $n$ and $k$, $1\\leq k\\leq n$.\nB-1 Let $\\{x\\}$ denote the distance between the real number $x$ and the nearest integer', '##header\n3.4 Quadratic Residues\n##number\n107\n8. Let p be an odd prime. Prove that the Legendre symbol is a homomorphism from the multiplicative group  $ (\\mathbf{Z}/p\\mathbf{Z})^{\\times} $ into  $ \\{\\pm1\\} $. What is the kernel of this homomorphism?\n9. For every odd prime p, define the Mersenne number\n##display_formula\n $$ M_{p}=2^{p}-1. $$ \nA prime number of the form  $ M_{p} $ is called a Mersenne prime (see Exercise 5 in Section 1.5).\nLet q be a prime divisor of  $ M_{p} $.\n(a) Prove that 2 has order p modulo q, and so p divides q - 1.\nHint: Fermat’s theorem.\n(b) Prove that p divides  $ (q-1)/2 $, and so\n##display_formula\n $$ q\\equiv1\\pmod{2p} $$ \nand\n##display_formula\n $$ 2^{(q-1)/2}\\equiv1\\pmod{q}. $$ \nHint: Both p and q are odd', '##header\nSec. 10.7 Cohomology of Groups\n##number\n871\nthe form  $ frf^{-1}r^{-1} $ for  $ f \\in F $ and  $ r \\in R $. These results led S. Eilenberg, S. Mac Lane, Hopf, H. Freudenthal, and B. Eckmann to create cohomology of groups.\nIn what follows, we will write  $ \\text{Hom}_G $ instead of  $ \\text{Hom}_{\\mathbb{Z}G} $ and  $ \\otimes_G $ instead of  $ \\otimes_{\\mathbb{Z}G} $. Because of the special role of the trivial  $ G $-module  $ \\mathbb{Z} $, the augmentation\n##display_formula\n $$ \\varepsilon\\colon\\mathbb{Z}G\\to\\mathbb{Z}, $$ \ndefined by\n##display_formula\n $$ \\varepsilon:\\sum_{x\\in G}m_{x}x\\mapsto\\sum_{x\\in G}m_{x}, $$ \nis important. Recall that we have seen, in Exercise 8', 'B−6 Obviously $\\alpha, \\beta, \\gamma$ have to be greater than 1, and no two can both be rational, so without loss of generality assume that $\\alpha$ and $\\beta$ are irrational. Let $\\{x\\} = x - [x]$ denote the fractional part of $x$. Then $m \\in S(\\alpha)$ if and only if $f(m/\\alpha) \\in (1 - 1/\\alpha, 1) \\cup \\{0\\}$. In particular, this means that $S(\\alpha) \\cap \\{1, \\ldots, n\\}$ contains $\\lceil(n+1)/\\alpha\\rceil - 1$ elements, and similarly. Hence for every integer $n$,\n##display_formula\n $$ n=\\left\\lceil\\frac{n+1}{\\alpha}\\right\\rceil+\\left\\lceil\\frac{n+1}{\\beta}\\right\\rceil+\\left\\lceil\\frac{n+1}{\\gamma}\\right\\rceil-3. $$ \nDividing through by $n$ and taking the limit as $n \\to \\infty$ shows that $1/\\alpha + 1/\\beta + 1/\\gamma = 1$']",The kernel of the homomorphism from the multiplicative group $(\mathbf{Z}/p\mathbf{Z})^{\times}$ into $\{\pm1\}$ is the set of quadratic residues modulo $p$ [3].,1.0,0.7994308708724193
根据减法算式写出一道减法算式和一道加法算式是什么？,"['##display_formula\n $$ 120+58=178 $$ \n##display_formula\n $$ 98+49=147 $$ \n2. 根据减法算式写出一道减法算式和一道加法算式。\n##display_formula\n $$ 310-150=160 $$ \n##display_formula\n $$ 152-58=94 $$ \n##number\n42\n##footer\n关注微信公众号“小学家委会”免费下载最新学习资料！\n##footer\n小学家委会\n免费下载最新学习资料！', 'A. 加法交换律 B. 加法结合律 C. 加法交换律和加法结合律\n5.一个长方体被挖去一小块(如下图)，下面说法完全正确的是()。\nA.体积减小,表面积也减少\nB.体积减小,表面积增加\nC.体积减小,表面积不变\n##image\n\n##paragraph_title\n四、看清题目,我会算。(26分)\n1. 看谁算得又对又快。(8 分)\n##display_formula\n $$ 1-\\frac{9}{10}=\\quad\\quad\\frac{4}{3}+\\frac{2}{3}=\\quad\\quad\\frac{1}{5}-\\frac{1}{6}=\\quad\\quad\\frac{6}{7}-\\frac{1}{2}+\\frac{1}{7}= $$ \n##display_formula\n $$ \\frac{1}{5}+\\frac{3}{5}=\\quad\\frac{11}{12}-\\frac{1}{3}=\\quad\\frac{7}{9}-\\frac{2}{9}=\\quad1-\\frac{2}{19}-\\frac{17}{19}= $$ \n##number\n78\n##footer\n【更多课程加微信：412642105 或 公众号：四小圈】', '##header\n除数是一位数的除法\n##doc_title\n第 9 课时 用估算解决问题(2)\n##paragraph_title\n基础训练\n1. 我会选。\n(1)下面各除法算式的商最接近80的是()。\nA.  $ 500 \\div 7 $\nB.  $ 562 \\div 7 $\nC.  $ 620 \\div 8 $\nD.  $ 700 \\div 9 $\n(2) 有 156 颗糖果，每 8 颗装一盒，大约可以装( )盒。\nA. 15 B. 20 C. 25 D. 30\n2. 估一估，连一连。\n##image\n\n3. 水果店运来 306 千克苹果，每筐装 9 千克，一共有 42 个筐，够装吗？\n4. 小丽每分钟能打 82 个字，一篇文章有 450 个字，小丽 6 分钟能打完吗？\n5. 花店购进 475 朵鲜花，每个花篮里装 8 朵，61 个花篮能装完吗？\n##paragraph_title\n能力提升\n##table\n<table><tr><td>姓名</td><td>时间/小时</td><td>纸鹤/只</td></tr><tr><td>小琳</td><td>4</td><td>162</td></tr><tr><td>小颖</td><td>3</td><td>100</td></tr><tr><td>小霞</td><td>5</td><td>248</td></tr></table>\n6.下面是3名同学折纸鹤的情况，哪个同学平均每小时折的纸鹤只数最多？\n##image\n\n7. 实验小学 6 名老师带领 177 名学生去参观科技馆，如果每辆车限乘 28 人，那么租 6 辆车够吗？（用两种方法解答）\n##paragraph_title\n思维拓展\n8. 想一想，☐里分别可以填哪些数？\n(1) 商中间有零', '##paragraph_title\n情境导入\n小朋友们正在游泳呢！我们根据这个图能列出几个加减法算式呢？\n##image', '1+0.9= $$ \n##display_formula\n $$ \\frac{1}{2}+\\frac{1}{3}= $$ \n##display_formula\n $$ 91-28\\approx $$ \n##display_formula\n $$ \\frac{3}{10}+\\frac{7}{10}= $$ \n##display_formula\n $$ 9.32-1.8= $$ \n##display_formula\n $$ \\frac{1}{2}-\\frac{1}{3}= $$ \n##display_formula\n $$ \\frac{1}{8}+\\frac{7}{8}= $$ \n##display_formula\n $$ \\frac{8}{9}-\\frac{1}{9}= $$ \n##display_formula\n $$ \\frac{11}{12}-\\frac{1}{12}= $$ \n##display_formula\n $$ \\frac{11}{14}-\\frac{1}{2}= $$ \n##display_formula\n $$ \\frac{3}{4}+\\frac{1}{2}= $$ \n##display_formula\n $$ 1-\\frac{2}{5}= $$ \n##display_formula\n $$ 4.6-1.7= $$ \n##display_formula\n $$ \\frac{3}{5}+\\frac{1}{5}= $$ \n##display_formula\n $$ \\frac{1}{3}-\\frac{1}{5}= $$ \n##paragraph_title\nB组 ▶ 变式口算题\n1. 根据加法算式写出两道减法算式']",根据减法算式写出一道减法算式和一道加法算式是根据已有的减法算式，写出另一个减法算式和对应的加法算式。例如，对于减法算式 $310 - 150 = 160$，可以写出另一个减法算式 $150 = 310 - 160$，以及对应的加法算式 $150 + 160 = 310$ [1]。,1.0,0.9100556094543376
What fraction represents the portion of time Natalie spent washing dishes?,"['Natalie has washed the dishes 8 out of the last 12 nights. Which fraction shows the portion of time spent washing dishes?\n##image\n\n##vertical_text\nA  $ \\frac{1}{3} $ C  $ \\frac{2}{3} $\n\nB  $ \\frac{1}{2} $ D  $ \\frac{5}{6} $\n4. Emilia used 4 of her 8 stamps to mail letters. Which fraction is less than  $ \\frac{4}{8} $?\n\nF  $ \\frac{5}{8} $\n\nH  $ \\frac{1}{2} $\n\nG  $ \\frac{3}{4} $\n\nJ  $ \\frac{3}{7} $\n5. Which is a prime factor of the composite number 32?\nA 2\nB 3\nC 4\nD 5\n6. The table shows the number of bills of each value that Bree received for her birthday', '##header\n9\n##header\nmacmillanmh.com\n##header\n• Test Practice\n##doc_title\nISAT Practice\n##doc_title\nCumulative, Chapters 1–9\n##paragraph_title\nPART 1 Multiple Choice\nRead each question. Then fill in the correct answer on the answer sheet provided by your teacher or on a sheet of paper.\n1. Sancho picked up a handful of coins from a jar without looking. He got 7 pennies, 5 nickels, 3 dimes, and 2 quarters. What fraction of the coins that he picked were nickels?\nA  $ \\frac{2}{17} $\nB  $ \\frac{3}{17} $\nC  $ \\frac{5}{17} $\nD  $ \\frac{7}{17} $\n2. Paige cut a cake into 20 pieces. If 14 pieces have been eaten, what fraction of the cake remains?\n##image\n\nF  $ \\frac{1}{10} $ H $ \\frac{3}{10} $\nG  $ \\frac{1}{5} $ J  $ \\frac{2}{5} $\n3. Natalie has washed the dishes 8 out of the last 12 nights', '##header_image\n\n##header\nwww.Jinghua.com “在线名师” → 答疑室 随时随地提问互动\n##paragraph_title\n十、文段表达（共15分）\n75. One possible version:\nNowadays, most middle school students have pocket money every month, and we did a survey in Class 1, Grade 9.\nAs the result shows, among the thirty students taking part in the survey, most of them often buy snacks; about a half spend their pocket money on books, and a few save some of it.\nHowever, things on me are quite different. I usually spend most of the money buying good and educational books which I think make me more knowledgeable. Only a small part is spent on snacks as most of the snacks are in fact unhealthy for us. And I save the rest against a rainy day.\nIt is true that we have more and more pocket money now', ""##doc_title\nThe 65th William Lowell Putnam Mathematical Competition\nSaturday, December 4, 2004\nA1 Basketball star Shanille O'Keal's team statistician keeps track of the number,  $ S(N) $, of successful free throws she has made in her first N attempts of the season. Early in the season,  $ S(N) $ was less than 80% of N, but by the end of the season,  $ S(N) $ was more than 80% of N. Was there necessarily a moment in between when  $ S(N) $ was exactly 80% of N?\nA2 For $i=1,2$ let $T_i$ be a triangle with side lengths $a_i,b_i,c_i$, and area $A_i$. Suppose that $a_1\\leq a_2,b_1\\leq b_2,c_1\\leq c_2$, and that $T_2$ is an acute triangle"", '5</td><td>6</td><td>24 July 2011</td><td>Naxi</td><td>80.8</td><td>31</td></tr><tr><td>49010</td><td>150</td><td>123</td><td>15.2</td><td>6</td><td>23 October 2011</td><td>Naxi</td><td>395</td><td>288</td></tr><tr><td>175</td><td>141</td><td>118</td><td>12.8</td><td>6</td><td>23 October 2011</td><td>Naxi</td><td>ND</td><td>ND</td></tr><tr><td>49021</td><td>137</td><td>113</td><td>13.8</td><td>6</td><td>23 October 2011</td><td>Naxi</td><td>ND</td><td>ND</td></tr><tr><td>49009</td><td>146</td><td>123</td><td>16.3</td><td>6</td><td>23 October 2011</td><td>Naxi</td><td>395</td><td>167</td></tr><tr><td>169</td><td>158</td><td>130</td><td>14.0</td><td>6</td><td>23 October 2011</td><td>Naxi</td><td>395</td><td>224</td></tr><tr><td>8267 $ ^{a} $</td><td>170</td><td>144</td><td>33']","The fraction representing the portion of time Natalie spent washing dishes is $ \frac{8}{12} $, which simplifies to $ \frac{2}{3} $ [1].",1.0,0.9405332451169778
What is the result of adding the last four equations and subtracting the first equation and twice the second equation?,"[""$$ \nIf we add the last four equations, then subtract the first equation and twice the second equation, we obtain  $ 0 = 4f(P) $, whence  $ f(P) = 0 $.\nRemark. Problem 1 of the 1996 Romanian IMO team selection exam asks the same question with squares replaced by regular polygons of any (fixed) number of vertices.\nA–2 Multiplying the first differential equation by gh, the second by fh, and the third by fg, and summing gives\n##display_formula\n $$ (fgh)^{\\prime}=6(fgh)^{2}+6. $$ \nWrite  $ k(x) = f(x)g(x)h(x) $; then  $ k' = 6k^2 + 6 $ and  $ k(0) = 1 $. One solution for this differential equation with this initial condition is  $ k(x) = \\tan(6x + \\pi/4) $; by standard uniqueness, this must necessarily hold for x in some open interval around 0"", ""The next-to-last and last inequalities each follow from the monotonicity of the  $ r_i $'s, the former by pairing the  $ i^{\\text{th}} $ term with the  $ (2p+1-i)^{\\text{th}} $.\nNote: Compare the closely related Problem 6 from the 2000 USA Mathematical Olympiad: prove that for any nonnegative real numbers  $ a_{1}, \\ldots, a_{n}, b_{1}, \\ldots, b_{n} $, one has\n##display_formula\n $$ \\sum_{i,j=1}^{n}\\min\\{a_{i}a_{j},b_{i}b_{j}\\}\\leq\\sum_{i,j=1}^{n}\\min\\{a_{i}b_{j},a_{j}b_{i}\\}. $$"", '18) by 16 and add to equation (14.16), then multiply equation (14.17) by 40/3 and subtract. We obtain\n##display_formula\n $$ \\sum_{\\substack{u^{2}+d\\delta=n\\\\ \\delta\\equiv1\\pmod{2}}}(-1)^{(\\delta-1)/2}(n-11u^{2})(16d^{4}+\\delta^{4})+\\sum_{\\substack{u^{2}+d\\delta=n\\\\ \\delta\\equiv1\\pmod{2}}}(-1)^{(\\delta-1)/2} $$', 'A. 加法交换律 B. 加法结合律 C. 加法交换律和加法结合律\n5.一个长方体被挖去一小块(如下图)，下面说法完全正确的是()。\nA.体积减小,表面积也减少\nB.体积减小,表面积增加\nC.体积减小,表面积不变\n##image\n\n##paragraph_title\n四、看清题目,我会算。(26分)\n1. 看谁算得又对又快。(8 分)\n##display_formula\n $$ 1-\\frac{9}{10}=\\quad\\quad\\frac{4}{3}+\\frac{2}{3}=\\quad\\quad\\frac{1}{5}-\\frac{1}{6}=\\quad\\quad\\frac{6}{7}-\\frac{1}{2}+\\frac{1}{7}= $$ \n##display_formula\n $$ \\frac{1}{5}+\\frac{3}{5}=\\quad\\frac{11}{12}-\\frac{1}{3}=\\quad\\frac{7}{9}-\\frac{2}{9}=\\quad1-\\frac{2}{19}-\\frac{17}{19}= $$ \n##number\n78\n##footer\n【更多课程加微信：412642105 或 公众号：四小圈】', '\\end{aligned} $$ \nSince the left side is increasing as a function of $b$, we have equality if and only if $b^{2}=a^{2}+c^{2}$.\nB−3 For $n=1$ we obviously get 45, while for $n=3$ the answer is 0 because it both changes sign (because determinants are alternating) and remains unchanged (by symmetry) when you switch any two rows other than the first one. So only $n=2$ is left. By the multilinearity of the determinant, the answer is the determinant of the matrix whose first (resp. second) row is the sum of all possible first (resp. second) rows. There are 90 first rows whose sum is the vector (450, 405), and 100 second rows whose sum is (450, 450). Thus the answer is $450 \\times 450 - 450 \\times 405 = 45 \\times 450 = 20250$']","The result of adding the last four equations and subtracting the first equation and twice the second equation is $0 = 4f(P)$, which implies $f(P) = 0$ [1].",1.0,0.9999999999997901
What factors influence N₂O emission according to the results reported?,"['Most research so far provides emissions for animal manure as such without discriminating between a range of manure qualities that are found in agricultural practice. The results reported here suggest that N₂O emission may be quite different depending on manure species and related quality and on manure management and handling. Most of these effects can be attributed to specific manure or fertilizer characteristics. Even though our results are from laboratory incubations using a soil with relatively low organic matter content and low pH, they may form the basis for designed testing and verification methods in field conditions and eventually lead to the formulation of', '##number\n226\n##figure_title\nFig. 3 Time course of the N₂O fluxes from the control (ON) and (NH₄)₂SO₄ (upper figure) and liquid fattening pig manure (traditional farming; lower figure) applied to soil at four application rates: 25 mg N kg⁻¹ (25N), 50 mg N kg⁻¹ (50N), 100 mg N kg⁻¹ (100N), 200 mg N kg⁻¹ (200N). At day 57 water was added (see Fig. 2)\n##chart\n\n##chart\n\n##figure_title\nTable 4 Total N₂O emission after application of NH₄NO₃ and liquid pig manure (traditional farming) with different application techniques. For each column, different letters indicate statistically\n##figure_title\nsignificant differences ( $ \\alpha=0', 'For each column, different letters indicate statistically\n##figure_title\nsignificant differences ( $ \\alpha=0.05 $) in log-transformed N₂O emission between treatments\n##table\n<table><tr><td rowspan=""3"">Application method</td><td colspan=""6"">N_{2}O emission</td></tr><tr><td colspan=""4"">(mg N kg^{-1})</td><td colspan=""2"">(% of N applied)</td></tr><tr><td colspan=""2"">NH_{4}NO_{3}</td><td colspan=""2"">Liquid pig manure</td><td>NH_{4}NO_{3}</td><td>Liquid pig manure</td></tr><tr><td>Homogeneously mixed into soil</td><td>2.7</td><td>b</td><td>7.9</td><td>b</td><td>2.1</td><td>7.3</td></tr><tr><td>Surface applied</td><td>1.5</td><td>a</td><td>5.5</td><td>b</td><td>0.9</td><td>4.9</td></tr><tr><td>Placed at 5 cm depth</td><td>3.7</td><td>c</td><td>7.5</td><td>b</td><td>3.1</td><td>6', '5</td><td>a</td><td>5.5</td><td>b</td><td>0.9</td><td>4.9</td></tr><tr><td>Placed at 5 cm depth</td><td>3.7</td><td>c</td><td>7.5</td><td>b</td><td>3.1</td><td>6.9</td></tr><tr><td>Placed at 10 cm depth</td><td>4.6</td><td>c</td><td>4.0</td><td>a</td><td>4.0</td><td>3.4</td></tr><tr><td>Placed in a row at 5 cm depth</td><td>4.9</td><td>c</td><td>12.9</td><td>c</td><td>4.3</td><td>12.3</td></tr></table>\n##paragraph_title\nDiscussion\nApplication of manure and fertilizer increases the amount of mineral N in soil and leads to higher emission of N₂O. Most research so far provides emissions for animal manure as such without discriminating between a range of manure qualities that are found in agricultural practice', '##image\n\n##figure_title\nFigure 5.8.2: Nitrogen dioxide (NO₂) is a reddish-brown toxic gas that is a prominent air pollutant produced by internal combustion engines.\nNaming binary (two-element) molecular compounds is similar to naming simple ionic compounds. The first element in the formula is simply listed using the name of the element. The second element is named by taking the stem of the element name and adding the suffix -ide. A system of numerical prefixes is used to specify the number of atoms in a molecule. Table 5.8.1 lists these numerical prefixes.\n##figure_title\nTable 5.8']","The factors influencing N₂O emission according to the results reported are manure species and related quality, manure management, and handling. These factors contribute to variations in N₂O emissions, which can be attributed to specific manure or fertilizer characteristics [1].",1.0,0.9947721393841805
What is the age range of the Aboriginal and Torres Strait Islander women mentioned in the document?,"[""According to the Australian Bureau of Statistics there are more than 23000 Aboriginal and Torres Strait Islander women aged 40 and over. $ ^{5} $ This belies the often claimed notion that the age profile of the Aboriginal and Torres Strait Islander reduces the importance of breast cancer.\nThe benefit from this audit study will be the intention for all future patients to be included prospectively in the Royal Australasian College of Surgeons' Breast Cancer Surgical Audit. This will allow the trends found in the present study to be followed to see if the apparent later presentation of indigenous patients continues. If so, strategies currently in place in Far North Queensland to detect early breast cancer can then be reviewed"", 'These figures may be extrapolated to support epidemiological findings that breast cancer in indigenous women has a higher mortality rate. $ ^{2} $\nDespite larger tumour size, indigenous women were considered suitable for breast conservation surgery at a rate similar to the non-indigenous population. All patients received adjuvant therapy as directed by visiting oncologists although completion was not recorded in all cases. As such, it would be hoped that stage-for-stage, indigenous women will have the same choices and outcomes as non-indigenous women.\nAccording to the Australian Bureau of Statistics there are more than 23000 Aboriginal and Torres Strait Islander women aged 40 and over', ""##paragraph_title\nREFERENCES\n##reference_content\n1. National Breast Cancer Centre. NHMRC National Breast Cancer Centre Breast Cancer and Aboriginal and Torres Strait Islander Women Executive Summary. Canberra: National Breast Cancer Centre, 15 July 1999. Available from URL: http://www.nbcc.org.au Accessed on: 20 January 2002.\n##reference_content\n2. Australian Institute of Health and Welfare. Australia's Health 1992: The Third Biennial Report of the Australian Institute of Health and Welfare. Canberra: AGPS, 1992.\n##reference_content\n3. Scrimgeour D, Bartlett B. Cancer Screening in Aboriginal Populations. Cancer Forum 1998; 22: 36–9.\n##reference_content\n4. Kricker A, Jeffs P. Breast Cancer in Australian Women 1921–1994. Canberra: Australian Institute of Health and Welfare, 1996"", 'Aust. N. Z. J. Pub. Health 2000; 24: 515–19.\n##reference_content\n7. Kirk M, McMichael C, Potts H, Hoban E, Hill D, Manderson L. Breast Cancer: Screening, Diagnosis, Treatment and Care for Aboriginal Women and Torres Strait Islander Women in Queensland Report. Brisbane: Queensland Health, 2000', '</td><td>Tribal elder interview guide.</td><td>20</td><td>1</td><td>1</td><td>20</td></tr><tr><td>Caregiver.</td><td>Tribal caregiver focus group moderator guide.</td><td>87</td><td>1</td><td>2</td><td>174</td></tr><tr><td>Total.</td><td>.</td><td>267</td><td>.</td><td>.</td><td>474</td></tr></table>\nDated: May 12, 2020.\n\nMary Lazare,\nPrincipal Deputy Administrator.\n[FR Doc. 2020-10671 Filed 5-18-20; 8:45 am]\nBILLING CODE 4154-01-P\n##paragraph_title\nDEPARTMENT OF HEALTH AND\nHUMAN SERVICES\n##paragraph_title\nFood and Drug Administration\nCOVID–19: Developing Drugs and Biological Products for Treatment or Prevention; Guidance for Industry; Availability\nAGENCY: Food and Drug Administration, HHS.\nACTION: Notice of availability']",The age range of the Aboriginal and Torres Strait Islander women mentioned in the document is 40 and over [1].,1.0,0.9999999999997004
What is the P/E ratio for 2024E according to the table?,"['##header_image\n\n##header\n证券研究报告\n##table\n<table><tr><td>预测指标</td><td>2022A</td><td>2023E</td><td>2024E</td><td>2025E</td></tr><tr><td>营业收入（百万元）</td><td>8369</td><td>19212</td><td>25711</td><td>26621</td></tr><tr><td>增长率（%）</td><td>-23</td><td>130</td><td>34</td><td>4</td></tr><tr><td>归母净利润（百万元）</td><td>-3036</td><td>1740</td><td>3862</td><td>3357</td></tr><tr><td>增长率（%）</td><td>-7862</td><td>157</td><td>122</td><td>-13</td></tr><tr><td>摊薄每股收益（元）</td><td>-3.10</td><td>1.78</td><td>3.95</td><td>3.43</td></tr><tr><td>ROE(%)</td><td>-22</td><td>11</td><td>20</td><td>15</td></tr><tr><td>P/E</td><td>—</td><td>35.08</td><td>15.81</td><td>18.19</td></tr><tr><td>P/B</td><td>4.59</td><td>3.96</td><td>3.16</td><td>2.70</td></tr><tr><td>P/S</td><td>7.51</td><td>3.18</td><td>2.37</td><td>2', '##table\n<table><tr><td>盈利预测和财务指标</td><td>2020</td><td>2021</td><td>2022E</td><td>2023E</td><td>2024E</td></tr><tr><td>营业收入（百万元）</td><td>15,134</td><td>24,865</td><td>44,837</td><td>56,437</td><td>68,664</td></tr><tr><td>(+/-%)</td><td>7.8%</td><td>64.3%</td><td>80.3%</td><td>25.9%</td><td>21.7%</td></tr><tr><td>净利润（百万元）</td><td>1336</td><td>5003</td><td>12156</td><td>16027</td><td>20406</td></tr><tr><td>(+/-%)</td><td>-16.3%</td><td>274.4%</td><td>143.0%</td><td>31.8%</td><td>27.3%</td></tr><tr><td>每股收益（元）</td><td>0.20</td><td>0.76</td><td>1.85</td><td>2.44</td><td>3.11</td></tr><tr><td>EBIT Margin</td><td>20.2%</td><td>31.5%</td><td>40.5%</td><td>40.7%</td><td>41.8%</td></tr><tr><td>净资产收益率（ROE）</td><td>8.0%</td><td>23.9%</td><td>43.1%</td><td>40.6%</td><td>38', '##table\n<table><tr><td>主要财务指标</td><td>2021</td><td>2022E</td><td>2023E</td><td>2024E</td></tr><tr><td>营业收入</td><td>416</td><td>399</td><td>462</td><td>575</td></tr><tr><td>收入同比（%）</td><td>24.0%</td><td>-4.2%</td><td>15.9%</td><td>24.6%</td></tr><tr><td>归属母公司净利润</td><td>60</td><td>59.3</td><td>78.9</td><td>104.9</td></tr><tr><td>净利润同比（%）</td><td>57.1%</td><td>-0.7%</td><td>33.0%</td><td>33.0%</td></tr><tr><td>毛利率（%）</td><td>34.5%</td><td>34.9%</td><td>36.6%</td><td>37.6%</td></tr><tr><td>ROE(%)</td><td>11.2%</td><td>8.3%</td><td>8.7%</td><td>10.7%</td></tr><tr><td>每股收益（元）</td><td>0.42</td><td>0.42</td><td>0.56</td><td>0.74</td></tr><tr><td>P/E</td><td>24.18</td><td>24.36</td><td>18.34</td><td>13.79</td></tr><tr><td>P/B</td><td>2.59</td><td>1.66</td><td>1.54</td><td>1', '754</td><td>29,534</td><td>33,338</td><td>37,497</td><td>42,971</td><td>48,990</td></tr></table>\n##table\n<table><tr><td colspan=""7"">比率分析</td></tr><tr><td></td><td>2019</td><td>2020</td><td>2021</td><td>2022E</td><td>2023E</td><td>2024E</td></tr><tr><td>每股指标</td><td></td><td></td><td></td><td></td><td></td><td></td></tr><tr><td>每股收益</td><td>1', '23</td><td>1.90</td><td>1.82</td><td>1.68</td><td>1.53</td></tr><tr><td>P/E</td><td>17.47</td><td>24.78</td><td>20.87</td><td>17.27</td><td>15.28</td></tr></table>\n##vision_footnote\n数据来源：Wind资讯，安信证券研究中心预测\n##footer\n本报告版权属于安信证券股份有限公司，各项声明请参见报告尾页']",The P/E ratio for 2024E is 18.19 [1].,1.0,0.9550739823932194
辽宁省今年粮食总产是多少亿斤？,"['全区粮食产量由2005年的332亿斤增加到2010年的431.6亿斤。畜牧业实现了稳步发展，2005年以来全区牧畜存栏连续五年稳定在1亿头只以上。主要畜产品产量稳定增长。\n农牧业结构调整不断优化。畜牧业成为第一产业的主要增长点。2009年，全区畜牧业产值占第一产业比重达到46.7%，比2005年增长了1.4个百分点。种植业向高产、优质、高效、安全方向发展，2010年高产、优质、高效、安全的作物比重上交作物种植面积的\n保持了稳定发展的良好势头。\n农牧业产业化获得突破性进展。2009年，全区销售收入百万元以上农畜产品加工企业实现销售收入2200.9亿元，是2005年的4.63倍。农畜产品加工转化率达到64.5%。\n\n“十一五”期间，黄河等大江大河及其重要支流堤防建设总长度达到6115公里，达标堤防累计长度为1947公里。海勃湾水利枢纽、三座店水库、红花尔基水利枢纽等重点水利工程相继开工建设，已建成水库493座，总库容达到77.14亿立方米。解决了农村牧区481万人的安全饮水问题。建成万亩以上灌区157处，2010年，全区农田有效灌溉面积达到4424.7万亩。\n农牧民收入持续增加。“十一五”期间，农牧民人均纯收入年均纯收入先后跨越了3000元、4000元大关，2009年农牧民人均纯收入达到4938元。\n■本报记者 于险峰 张仁军\n\n##image\n\n“十一五”期间，辽宁省农业农村工作坚持以科学发展观为指导，认真贯彻落实中央1号文件精神和中央关于农业农村工作的各项战略部署，突出发展县域经济，狠抓农村工业化、城镇化和农业产业化，全省实现了主要农产品有效供给，农民收入持续增加，农村社会和谐稳定的良好局面，为“十二五”农业与农村经济又好又快发展奠定了坚实基础', '（下转第四版）\n\n##doc_title\n回良玉就黑龙江粮食总产达千亿斤作出重要批示\n##doc_title\n农业部向黑龙江省委省政府发出贺信\n本报讯(记者 宁启文)近日,中共中央政治局委员、国务院副总理回良玉就黑龙江省粮食生产取得的成绩作出重要批示。回良玉指出,黑龙江省今年粮食总产达千亿斤,这是国家粮食安全建设的一大喜事,是今年我国粮食生产和农业工作的一大亮点。\n回良玉指出，黑龙江粮食获得丰收，为全国粮食实现“七连增”做出了重大贡献，有关部门对黑龙江省农业发展的成就、贡献、做法和经验要予以认真总结和大力宣传。\n\n12月20日，农业部向黑龙江省委、省政府发出贺信。贺信说，近年来黑龙江省紧紧围绕实现“建设现代化大农业，把肥沃黑土地建成可靠大粮仓”的目标，坚持不懈抓好粮食生产，积极出台扶持政策，强化科技支持，狠抓措施落实，粮食生产稳定发展。农业部将认真贯彻中央的决策部署，积极与黑龙江省一起，进一步加大支持力度，强化农业基础设施建设，着力提高粮食综合生产能力，共同努力把黑龙江建成全国可靠的大粮仓，推动粮食生产稳定发展，为保障国家粮食安全做出更大贡献。\n\n\n今年以来，黑龙江省克服历史罕见低温、多雨、春涝等严重自然灾害，全力开展抗灾夺丰收，粮食生产取得巨大成绩，首次突破千亿斤大关。\n##doc_title\n迈向现代化大农业的中国粮仓\n##doc_title\n——黑龙江粮食总产突破千亿斤纪实\n☑☑本报记者 刘伟林\n国家统计局黑龙江调查总队的实割实测结果显示，今年黑龙江省粮食总产量为1002.6亿斤，比上年增加132亿斤，增长15.2%。这是黑龙江省粮食生产连续第7年夺得大丰收，总产量历史性地突破千亿斤大关，成为全国第二个跨越千亿斤的省份。\n千亿斤，意味着粮食商品量全国第一的黑龙江省，用1/10的耕地面积生产了全国1/4的商品粮', '赵化明表示，2011年是“十二五”规划的开局起步之年，全省将按照“十二五”规划的总体思路，重点发展现代设施农业园区、都市农业示范区、休闲观光农业示范区、高科技农业产业区等现代农业园区400个，促进园区产业升级100个。加快发展农业产业化，重点抓好36个产粮大县和1000万亩中低产田改造、1000万亩水稻单产提升两大工程。\n##image\n\n##doc_title\n辽宁省副省长赵化明——\n##doc_title\n力争“十二五”跨入农业强省\n☑☑本报记者阎红玉\n今年吉林省把转变农业发展方式作为贯穿全省农业农村的工作主线，按照“重统筹、强基础、抓改革、惠民生”的工作思路，围绕粮食增产、农业\n5840元，实现了连续7年增收。五是农业基础明显改善。全省增产百亿斤商品粮能力建设稳步推进；重大水利工程进展顺利，农田水利建设进一步增强。\n吉林省副省长王守臣告诉记者，2010年，吉林省全年农业农村发展的良好形势具体体现在：一是粮食综合生产能力不断提高。“十一五”期间全省粮食总产达到2722亿斤，粮食综合生产能力比“十五”期间提高了80亿斤。二是畜牧业和园艺特产业加快发展。全省人均肉类占有量连续13年居全国前列。园艺特产业实现产值700亿元左右。三是农产品加工业迅速崛起。“十一五”时期，农产品加工业实现了超常规、跨越式发展，特别是在今年，农产品加工比上年增长17%，农产品加工销售收入实现2550亿元。四是农民收入持续稳定增长。今年，吉林省农民人均收入在粮食增产和农产品市场价格的双重拉动下达到了\n☑本报记者 刘伟林\n增效和农村繁荣稳定为重点，切实强化农业基础，着力推进农村改革发展，让农业农村步入了新的发展时期', '这是黑龙江省粮食生产连续第7年夺得大丰收，总产量历史性地突破千亿斤大关，成为全国第二个跨越千亿斤的省份。\n千亿斤，意味着粮食商品量全国第一的黑龙江省，用1/10的耕地面积生产了全国1/4的商品粮。对于遭受严重自然灾害的黑龙江来说，能够在极端不利气候条件下获得丰收，堪称是一个奇迹，这一奇迹表明，一个迈向现代化大农业的、保障国家粮食安全的大粮仓，在祖国东北诞生了。\n\n##paragraph_title\n用现代化大农业观指导粮食生产\n建设现代化大农业需要统筹安排、统一规划、统一行动。在目前以家庭联产承包责任制为基础的农业生产模式下，黑龙江创新农业管理模式，大项目带动，大手笔推进，全省一盘棋，实现了粮食增产和农民增收有机统一。全省成为一个以粮食生产为主业，持续增长，收益可观的统一经济体系。\n今年4月末的一天，兰西县红光乡红光村农民刘志国望着自己的90亩玉米地发呆，阳坡满是稀泥，阴坡还有冰渣。他愁容满面地告诉记者，已是播种的时候了，可这种地况，播下的种子不仅出不了苗，还会“粉籽”，如果不播，玉米的生长期又不够，到秋收的是劣质“水苞米”。\n\n就在这个时候，省委省政府的相关领导和刘志国们在同样焦虑。摆在领导们面前的局面是：去冬以来黑龙江全省降雪量较历史同期高出了90%，3月份气温比历年同期低4℃，尤其进入4月份，全省持续出现大范围雷雨天气，降水多、气温低、回暖慢，出现历史罕见的气象条件，造成农时严重拖后。部分县市经历强降水过程，大部分农田土壤饱和，出现积水，人畜和机械无法进地，春播春种被迫停止。到5月8日，全省仅完成大田播种6297万亩，比上年同期少播5260万亩，慢了33个百分点。春播进度差不多向后拖了一个节气。4000-5000万亩耕地有种不上的危险。\n\n面对严峻形势，省委省政府先后7次召开推进会议，下发紧急通知，研究部署抗灾保种和粮食生产工作', '特别是粮食产量达到10928亿斤，再创历史新高，实现半个世纪以来首次连续7年增产，首次连续4年保持在1万亿斤以上，为管理好通胀预期、保持经济平稳较快发展提供了有力支撑。农业科技装备水平明显提高，农业技术推广体系不断健全，农业科技创新步伐进一步加快，为农业稳定发展作出了突出贡献。\n\n为进一步调动地方政府重农抓粮、农民务农种粮和农业部门科技兴粮的积极性，营造全社会重视农业、重视科技的良好氛围，农业部对在2010年粮食生产和农业科技中做出重大贡献、取得突出成绩的单位和个人进行表彰与奖励，授予吉林省榆树市等30个市（县、区、旗、农场）“全国粮食生产先进县标兵”称号，授予河南省郭天财等30名同志“全国粮食生产先进工作者标兵”称号，授予内蒙古自治区吕文彬等30名同志“全国粮食生产大户标兵”称号；授予山东省平度市等市（县、区、旗、农场）“全国粮食生产先进县”称号，授予河北省金宇等同志“全国粮食生产先进工作者”称号，授予黑龙江省徐迪等同志“全国粮食生产大户”称号；授予“超级粳稻生产技术集成与示范”等348个项目为农业技术推广成果奖，授予黑龙江省青冈县祯祥镇农业技术服务中心叶志等381位同志为农业技术推广贡献奖，授予“小麦超高产综合配套技术示范与推广”等10个项目为农业技术推广合作奖。\n##doc_title\n农业部关于表彰2010年全国粮食生产先进单位和个人的决定\n各省、自治区、直辖市、计划单列市农业(农牧、农村经济)、农机、农垦厅(委、局、办)，黑龙江省农垦总局，新疆生产建设兵团农业局：\n今年，在党中央、国务院的正确领导下，各级党委政府、农业部门以及广大农民群众，克服了异常严重的自然灾害、异常波动的农产品市场、异常复杂的外部环境等严峻考验，全年粮食产量达到10928亿斤，实现半个世纪以来首次连续7年增产，首次连续4年保持在1万亿斤以上，总产创历史新高']",辽宁省今年粮食总产的具体数值在提供的参考内容中没有直接提及。[3],1.0,0.0
Which compound showed the highest antiviral activity?,"['##number\n2004\n##header\nPyrrole derivatives\nPyrrole derivatives\nR 0120\n27-104\nAnti-HIV-1 Activity of Pyrryl Aryl Sulfone (PAS) Derivatives: Synthesis and SAR Studies of Novel Esters and Amides at the Position 2 of the Pyrrole Nucleus. — Of all tested compounds, compound (IVa) shows the highest antiviral activity. — (SILVESTRI*, R.; ARTICO, M.; LA REGINA, G.; DE MARTINO, G.; LA COLLA, M.; LODDO, R.; COLLA*, P.; Farmaco 59 (2004) 3, 201-210; Dip. Stud. Farm., Univ. La Sapienza, I-00185 Roma, Italy; Eng.) — C. Oppel\n\n##image\n\n##image', '43aD</td></tr><tr><td>MII</td><td>1.63cH</td><td>1.09cI</td><td>1.63aH</td><td>3.80cF</td><td>2.70bG</td><td>3.26aFG</td><td>6.79bC</td><td>4.84aE</td><td>3.04bG</td><td>5.86bD</td><td>6.57bCD</td><td>10.65aB</td><td>12.54aA</td><td>3.26aFG</td></tr><tr><td>MII</td><td>4.34bH</td><td>8.14aD</td><td>3.26aI</td><td>8.14aD</td><td>6.51aF</td><td>1.63aJ</td><td>13.03aB</td><td>4.34aH</td><td>13.57aB</td><td>17.92aA</td><td>14.60aB</td><td>10.04aC</td><td>7.33bE</td><td>5.43aG</td></tr><tr><td>MIV</td><td>6.50aC</td><td>7.60bB</td><td>2.71aI</td><td>3.40cH</td><td>3.26bH</td><td>2.17aI</td><td>6.41bD</td><td>3.64aGH</td><td>12.43aA</td><td>6.19bD</td><td>7.00bB</td><td>5.21bE</td><td>3.80cG</td><td>4.34aF</td></tr><tr><td colspan=""15"">Specific activity (U/mg)</td></tr><tr><td>MI</td><td>0', '89bC</td></tr><tr><td>MII</td><td>1.09cF</td><td>1.09cF</td><td>2.70aBE</td><td>4.34aD</td><td>3.80aD</td><td>6.50aC</td><td>10.26aA</td><td>5.37aC</td><td>8.47bB</td><td>5.10cC</td><td>7.00bB</td><td>8.88aB</td><td>10.29aA</td><td>5.90bC</td></tr><tr><td>MII</td><td>4.89bC</td><td>5.97bC</td><td>3.80aD</td><td>5.43aC</td><td>3.26aD</td><td>2.17bD</td><td>14.86aA</td><td>6.75aB</td><td>10.97aA</td><td>13.06aA</td><td>12.22aA</td><td>7.53bB</td><td>7.89bB</td><td>7.06aB</td></tr><tr><td>MIV</td><td>10.31aA</td><td>8.69aB</td><td>3.80aD</td><td>4.80aD</td><td>2.70aD</td><td>2.17bD</td><td>8.31bB</td><td>6.47aC</td><td>12.19aA</td><td>8.98bB</td><td>8.34bB</td><td>5.95cC</td><td>7.45bC</td><td>4.34cD</td></tr><tr><td colspan=""15"">Specific activity (U/mg)</td></tr><tr><td>MI</td><td>0', '31bB</td><td>6.47aC</td><td>12.19aA</td><td>8.98bB</td><td>8.34bB</td><td>5.95cC</td><td>7.45bC</td><td>4.34cD</td></tr><tr><td colspan=""15"">Specific activity (U/mg)</td></tr><tr><td>MI</td><td>0.22aA</td><td>0.10aB</td><td>0.05bCD</td><td>0.11bB</td><td>0.09bB</td><td>0.04bD</td><td>0.07cCD</td><td>0.06cCD</td><td>0.03cD</td><td>0.13cB</td><td>0.11dB</td><td>0.06cCD</td><td>0.12cB</td><td>0.06cD</td></tr><tr><td>MII</td><td>0.29aH</td><td>0.29aH</td><td>1.34aE</td><td>1.17aF</td><td>1.06aF</td><td>0.90aD</td><td>2.58aC</td><td>1.38aE</td><td>3.71aB</td><td>1.32aE</td><td>0.84bG</td><td>1.93aD</td><td>23.93aA</td><td>0.29aH</td></tr><tr><td>MII</td><td>0.14aF</td><td>0.13aF</td><td>0.09bG</td><td>0.09bG</td><td>0.04bG</td><td>0.03bG</td><td>1.06bC</td><td>0.54bE</td><td>1.36bB</td><td>1', '5% protection; Table 1). Overall, the general order of potency in these chemically induced seizure tests was phenobarbital  $ \\geq $ rufinamide  $ \\gg $ valproate = ethosuximide > phenytoin (Table 1). In the strychnine-induced tonic seizure test, phenytoin had the lowest  $ ED_{50} $ value, suggesting the greatest potency. However, it is important to note that 50% protection was the maximum achieved with this AED. Phenytoin failed to provide protection against bicuculline- and picrotoxin-induced clonic seizures in mice.\n##paragraph_title\nEvaluation of behavioral toxicity in mice\nThe median toxic dose of intraperitoneal rufinamide (TD $ _{50} $) in the rotorod test of behavioral impairment was 500–1,000 mg/kg']",The compound (IVa) showed the highest antiviral activity [1].,0.5,0.999999999999769
What are reserve raisins used for according to the document?,"[')\nIn addition to the 10 plus 10 offers, § 989.67(j) of the order provides authority for sales of reserve raisins to handlers under certain conditions such as a national emergency, crop failure, change in economic or marketing conditions, inadequate carryover, or if free tonnage shipments in the current crop year exceed shipments of a comparable period of the prior crop year. Such reserve raisins may be sold by handlers to any market. When implemented, the additional offers of reserve raisins make even more raisins available to primary markets, which is consistent with USDA’s Guidelines.\nThe Committee plans to offer 5,714 tons of 2002–03 NS reserve raisins for sale to handlers for free use pursuant to § 989.67(j)', 'Reserve raisins must be held in a pool for the account of the Committee and are disposed of through certain programs authorized under the order.\nVolume regulation is warranted this season for NS raisins because acquisitions of 296,625 tons through the week ending June 19, 2004, combined with the carryin inventory of 129,345 tons, results in a total available supply of 425,970 tons, which is about 200 percent higher than the 211,493-ton trade demand. (Oleate inventory was included in this computation because, as previously stated, Oleates were combined with the NS varietal type beginning with the 2003–04 crop year', 'Free tonnage raisins may be sold by handlers to any market. Reserve raisins must be held in a pool for the account of the Committee and are disposed of through various programs authorized under the order. For example, reserve raisins may be sold by the Committee to handlers for free use or to replace part of the free tonnage raisins they exported; used in diversion programs; carried over as a hedge against a short crop; or disposed of in other outlets not competitive with', 'The Committee’s calculations to arrive at final percentages for NS raisins are shown in the table below:\n##figure_title\nFINAL VOLUME REGULATION PERCENT-\nAGES (NATURAL CONDITION TONS)\n##table\n<table><tr><td></td><td>NS raisins</td></tr><tr><td>Trade demand</td><td>211,493</td></tr><tr><td>Divided by crop estimate</td><td>304,072</td></tr><tr><td>Equals free percentage</td><td>70</td></tr><tr><td>100 minus free percentage equals reserve percentage</td><td>30</td></tr></table>\nIn addition, USDA’s “Guidelines for Fruit, Vegetable, and Specialty Crop Marketing Orders” (Guidelines) specify that 110 percent of recent years’ sales should be made available to primary markets each season for marketing orders utilizing reserve pool authority', 'The order contains authority to, among other things, limit the portion of a given year’s crop that can be marketed freely in any outlet by raisin handlers. This volume control mechanism is used to stabilize supplies and prices and strengthen market conditions.\nPursuant to § 989.54(d) of the order, this rule continues in effect final volume regulation percentages for 2003–04 crop NS raisins. The volume regulation percentages are 70 percent free and 30 percent reserve. Free tonnage raisins may be sold by handlers to any market. Reserve raisins must be held in a pool for the account of the Committee and are disposed of through certain programs authorized under the order']","Reserve raisins are used for various purposes such as being sold by handlers to any market, sold by the Committee to handlers for free use or to replace part of the free tonnage raisins they exported, used in diversion programs, carried over as a hedge against a short crop, or disposed of in other outlets not competitive with [1]. They are also held in a pool for the account of the Committee and are disposed of through various programs authorized under the order [2].",0.875,0.851766165936171
Which counties have parcels of public lands for the proposed sale?,"['Any land lacking access from a public road or highway will be conveyed as such, and acquiring future access will be the responsibility of the buyer.\nOf the seven (7) parcels of public lands that the BLM proposes to offer, four (4) are within the Lincoln County jurisdiction and three (3) are within the White Pine County jurisdiction. More specifically, of the four (4) parcels in Lincoln County, one (1) is in the community of Alamo, one (1) is in the community of Caliente, and two (2) are in the community of Panaca, and of the three (3) parcels in White Pine County, two (2) are in the community of Ely and one (1) is in the community of McGill.\n\nThe subject public lands for the proposed sale, which aggregate 571', '##number\n57162\n##header\nFederal Register / Vol. 89, No. 134 / Friday, July 12, 2024 / Notices\n##paragraph_title\nDEPARTMENT OF THE INTERIOR\nBureau of Land Management\n[BLM_NV_FRN_MO#4500177325]\n##paragraph_title\nNotice of Realty Action: Modified Competitive Sale of 7 Parcels of Public Land in Lincoln County and White Pine County, Nevada\nSUMMARY: The Bureau of Land Management (BLM) proposes to offer seven (7) parcels of public land totaling 571.53 acres in Lincoln County and White Pine County by modified competitive sale at no less than each parcel’s Fair Market Value (FMV) pursuant to the Lincoln County Conservation, Recreation, and Development Act of 2004 (LCCRDA) and the White Pine County Conservation, Recreation, and Development Act of 2006 (WPCCRDA)', 'Additionally, five percent of the revenue will go to the State of Nevada General Education Fund and 10 percent of the revenue will go to Lincoln or White Pine County respectively.\nThe following National Environmental Policy Act documents apply to this proposed land sale. Separate environmental assessments were prepared for the parcels in each county. The Lincoln County parcels are analyzed in DOI–BLM–NV–L030–2015–0027–EA (https://eplanning.blm.gov/eplanning-ui/project/56542/510) and DOI–BLM–NV–L030–2015–0026–EA (https://eplanning.blm.gov/eplanning-ui/project/72496/510). The White Pine County parcels are analyzed in DOI–BLM–NV–L060–2018–0002–EA (https://eplanning.blm.gov/eplanning-ui/project/104342/510).\n\nSubmit comments to the address in the ADDRESSES section', 'The subject public lands for the proposed sale, which aggregate 571.53 acres, are legally described as:\n##paragraph_title\nLincoln County Parcels\nThe area described contains 10 acres, according to the official plat of the survey of the said land on file with the BLM.\n##paragraph_title\nNVN-92816\nThe area described contains 80 acres, according to the official plat of the survey of the said land on file with the BLM.\n##paragraph_title\nNVN-95800\nMount Diablo Meridian, Nevada\nThe area described contains 10 acres, according to the official plat of the survey of the said land on file with the BLM.\n##paragraph_title\nNVN-95801\nMount Diablo Meridian, Nevada\nThe area described contains 40 acres, according to the official plat of the survey of the said land on file with the BLM', ""Trustees' file number 23-000038-MD-F-1.\nUnder a power of sale contained in a certain Deed of Trust dated April 3, 2001, recorded in Liber 10323, Folio 392 among the Land Records of Anne Arundel County, MD, with an original principal balance of $330,000.00, default having occurred under the terms thereof, the Sub. Trustees will sell at public auction at the Circuit Court for Anne Arundel County, at the Court House Door, 8 Church Circle, Annapolis, MD 21401, on\n\n##paragraph_title\nJANUARY 28, 2025 AT 9:24 AM\nALL THAT FEE SIMPLE LOT OF GROUND, together with any buildings or improvements thereon located in Anne Arundel County, MD and more fully described in the aforesaid Deed of Trust""]",Answer: Lincoln County and White Pine County [2].,1.0,0.561495723079202
What is the default sorting order for the priority queue?,"['##header\nStanding on the Shoulders of Giants\n##image\n\nThe sink and swim methods were inspired by the book Algorithms by Sedgewick and Wayne, Fourth Edition, Section 2.4.\nThe structure accepts any type that conforms to the Comparable protocol. The single initializer allows you to optionally specify the sorting order and a list of starting values. The default sorting order is descending and the default starting values are an empty collection:\n##algorithm\n/// Initialization\nvar priorityQueue = PriorityQueue<String>(ascending: true)\n\n/// Initializing with starting values\npriorityQueue = PriorityQueue<String>(ascending: true, startingValues:\n    [""Coldplay"", ""OneRepublic"", ""Maroon 5"", ""Imagine Dragons"", ""The Script""))\n\nvar x = priorityQueue.pop()\n\n/// Coldplay\n\nx = priorityQueue', 'pop()\n\n/// Coldplay\n\nx = priorityQueue.pop()\n\n/// Imagine Dragons\n##paragraph_title\nProtocols\nThe PriorityQueue conforms to sequence, collection, and IteratorProtocol, so you can treat it like any other Swift sequence and collection:\n##algorithm\nextension PriorityQueue:IteratorProtocol {\n    public typealias Element = T\n    mutating public func next() -> Element? { return pop() }\n}\n\nextension PriorityQueue:Sequence {\n    public typealiasIterator = PriorityQueue\n    public func makeIterator() ->Iterator { return self }\n}\nThis allows you to use Swift standard library functions on a PriorityQueue and iterate through a PriorityQueue like this:\n##algorithm\nfor x in priorityQueue {\n    print(x)\n}\n// Coldplay\n##number\n[97]', '<table><tr><td>1st</td><td>first</td><td>9th</td><td>ninth</td><td>17th</td><td>seventeenth</td><td>21st</td><td>twenty-first</td></tr><tr><td>2nd</td><td>second</td><td>10th</td><td>tenth</td><td>18th</td><td>eighteenth</td><td>22nd</td><td>twenty-second</td></tr><tr><td>3rd</td><td>third</td><td>11th</td><td>eleventh</td><td>19th</td><td>nineteenth</td><td>23rd</td><td>twenty-third</td></tr><tr><td>4th</td><td>fourth</td><td>12th</td><td>twelfth</td><td>20th</td><td>twentieth</td><td>35th</td><td>thirty-fifth</td></tr><tr><td>5th</td><td>fifth</td><td>13th</td><td>thirteenth</td><td>30th</td><td>thirtieth</td><td>101st</td><td>one hundred</td></tr><tr><td>6th</td><td>sixth</td><td>14th</td><td>fourteenth</td><td>80th</td><td>eightieth</td><td>and', 'colspan=""2"">FRIDAY</td></tr><tr><td>AMSTERDAM</td><td>6/0</td><td>PC</td><td>5/2</td><td>PC</td><td>6/1</td><td>RS</td></tr><tr><td>ATHENS</td><td>16/11</td><td>C</td><td>16/10</td><td>PC</td><td>16/11</td><td>S</td></tr><tr><td>BANGKOK</td><td>33/23</td><td>S</td><td>34/24</td><td>S</td><td>32/22</td><td>S</td></tr><tr><td>BELJING</td><td>-1/7</td><td>S</td><td>1/7</td><td>S</td><td>1/5</td><td>S</td></tr><tr><td>BERLIN</td><td>4/0</td><td>PC</td><td>2/0</td><td>SN</td><td>2/1</td><td>C</td></tr><tr><td>BRUSSELS</td><td>3/1</td><td>C</td><td>2/2</td><td>PC</td><td>1/3</td><td>PC</td></tr><tr><td>COPENHAGEN</td><td>5/2</td><td>PC</td><td>3/1</td><td>PC</td><td>2/0</td><td>SN</td></tr><tr><td>FRANKFURT</td><td>1/1</td><td>SN</td><td>8/3</td><td>R</td><td>0/7</td><td>PC</td></tr><tr><td>HONG', '<table><tr><td>序号</td><td>国家</td><td>1997</td><td>1998</td><td>1999</td><td>2000</td><td>2001</td><td>2002</td><td>2003</td><td>2004</td><td>2005</td><td>2006</td><td>2007</td><td>2008</td><td>2009</td><td>2010</td><td>2011</td><td>2012</td><td>2013</td><td>2014</td><td>2015</td><td>2016</td><td>2017</td><td>2018</td><td>2019</td><td>2020</td><td>2021</td><td>2022</td></tr><tr><td>1</td><td>中国</td><td>1</td><td>1</td><td>-</td><td>4</td><td>4</td><td>2</td><td>3</td><td>20</td><td>33</td><td>71</td><td>80</td><td>114</td><td>115</td><td>107</td><td>126</td><td>144</td><td>193</td><td>315</td><td>398</td><td>468</td><td>506</td><td>777</td><td>865</td><td>835</td><td>1019</td><td>567</td></tr><tr><td>2</td><td>美国</td><td>5</td><td>8</td><td>6</td><td>12</td><td>7</td><td>23</td><td>28</td><']",The default sorting order for the priority queue is descending [1].,1.0,0.9887934346095083
"What is the dual of the problem that asks to minimize $ x_{1} + x_{2} $ subject to $ x_{1} \geq 0 $, $ x_{2} \geq 0 $, $ 2x_{1} \geq 4 $, $ x_{1} + 3x_{2} \geq 11 $?","['$$ \nIt is this result that leads to a “nonconstructive proof” of the duality theorem.\n##paragraph_title\nProblem Set 8.3\n1. What is the dual of the following problem: Minimize  $ x_{1} + x_{2} $, subject to  $ x_{1} \\geq 0 $,  $ x_{2} \\geq 0 $,  $ 2x_{1} \\geq 4 $,  $ x_{1} + 3x_{2} \\geq 11 $? Find the solution to both this problem and its dual, and verify that minimum equals maximum.\n2. What is the dual of the following problem: Maximize  $ y_{2} $ subject to  $ y_{1} \\geq 0 $,  $ y_{2} \\geq 0 $,  $ y_{1} + y_{2} \\leq 3 $? Solve both this problem and its dual.\n3. Suppose A is the identity matrix (so that $m=n$), and the vectors $b$ and $c$ are nonnegative', '3. Suppose A is the identity matrix (so that $m=n$), and the vectors $b$ and $c$ are nonnegative. Explain why $x^{*}=b$ is optimal in the minimum problem, find $y^{*}$ in the maximum problem, and verify that the two values are the same. If the first component of $b$ is negative, what are $x^{*}$ and $y^{*}$?\n4. Construct a 1 by 1 example in which  $ Ax \\geq b, x \\geq 0 $ is unfeasible, and the dual problem is unbounded.\n5. Starting with the 2 by 2 matrix  $ A = \\begin{bmatrix} 1 & 0 \\\\ 0 & -1 \\end{bmatrix} $, choose b and c so that both of the feasible sets  $ Ax \\geq b $,  $ x \\geq 0 $ and  $ yA \\leq c $,  $ y \\geq 0 $ are empty.\n6. If all entries of A, b, and c are positive, show that both the primal and the dual are feasible.\n7', '所以  $ x_{1} + x_{2} = \\frac{8k^{2}}{3 + 4k^{2}} $,  $ x_{1}x_{2} = \\frac{4k^{2} - 12}{3 + 4k^{2}} $,\n##inline_formula\n $$ \\left|A F_{2}\\right|\\cdot\\left|F_{2}B\\right|=(1+k^{2})\\left|x_{1}x_{2}-(x_{1}+x_{2})+1\\right|=(1+k^{2})\\left|\\frac{4k^{2}-12}{3+4k^{2}}-\\frac{8k^{2}}{3+4k^{2}}+1\\right|=(1+k^{2})\\left|\\frac{9}{3+4k^{2}}\\right|=(1+ $$ \n##inline_formula\n $$ k^{2})\\frac{9}{3+4k^{2}}=\\frac{9}{4}\\Big(1+\\frac{1}{3+4k^{2}}\\Big) $$ \n##inline_formula\n $$ k^{2}=0 $$ \n##inline_formula\n $$ \\left|AF_{2}\\right|\\cdot\\left|F_{2}B\\right| $$ \n##inline_formula\n $$ (\\frac{9}{4}', '1. 若集合  $ M = \\{x \\mid \\ln x < 1\\} $,  $ N = \\left\\{x \\mid \\frac{x + 1}{x} < 2\\right\\} $, 则  $ M \\cap N = $\n\nA.  $ \\{x \\mid x > 1\\} $\n\nB.  $ \\{x \\mid 1 < x < e\\} $\n\nC.  $ \\{x \\mid x < e\\} $\n\nD.  $ \\varnothing $\n[答案]:B [解析]:\n2. 设 a > 0, b > 0，则  $ a \\ln a < b \\ln b $ 是 b > a > 1 的 （ ）条件\n\nA. 充分不必要\nB. 必要不充分\nC. 充要\nD. 既不充分也不必要\n[答案]:B [解析]:\n3. 在  $ \\triangle ABC $ 中,  $ \\angle CAB = 60^{\\circ} $, AB = 2, AC = 1, D 为边 BC 上一点, 且 CD = 2BD, 则  $ |\\overrightarrow{AD}| = $\n\nA.  $ \\frac{\\sqrt{21}}{3} $\n\nB.  $ \\frac{2\\sqrt{3}}{3} $\n\nC.  $ \\frac{\\sqrt{7}}{3} $\n\nD.  $ \\frac{\\sqrt{5}}{3} $\n[答案]:A [解析]:\n4. 已知  $ f(x) = |\\lg x| - c $ 有两个下不同零点 a, b，则下列结论成立的是\n\nA.  $ a^2 + b^2 $ 最小值为 2\n\nB.  $ a + b $ 最小值为 2\n\nC.  $ 4a^2 + b^2 $ 最小值为 4\n\nD.  $ a^2 + b^2 - ab $ 最小值为 1\n[答案]:C [解析]:\n5', ""设  $ f(x,y)=x^{3}-3x^{2}y-y^{3}+x^{2}-y. $ (1) 证明：存在  $ \\delta>0 $ ，以及定义于  $ (-δ,\\delta) $ 上的连续可微函数  $ y=y(x) $，满足  $ y(0)=0 $ ，以及  $ f(x,y(x))=0. $ (2) 证明：x=0 时 (1) 中的  $ y(x) $ 取到极小值.\n[答案]: 证明 (1) 注意到  $ f(0,0) = 1, \\frac{\\partial f}{\\partial y}(0,0) = -3x^{2} - 3y^{2} - 1 \\big|_{(0,0)} = -1 \\neq 0. $ (2) 在  $ x^{3} - 3x^{2}y - y^{3} + x^{2} - y = 0 $ 两边同时对 x 求导, 有\n##display_formula\n $$ 3x^{2}-6xy-3x^{2}y^{\\prime}-3y^{2}y^{\\prime}+2x-y^{\\prime}=0. $$ \n代入 x=0 和  $ y(0)=0 $，得到  $ y'(0)=0 $""]","The dual of the given problem is to maximize $ 4y_1 + 11y_2 $ subject to $ y_1 + y_2 \leq 1 $, $ 2y_1 \leq 0 $, $ 3y_2 \leq 0 $, and $ y_1, y_2 \geq 0 $. This is derived from the primal constraints and objective function using the duality rules for linear programming [1].",0.42857142857142855,0.6227668047796787
What percentage of BPD patients experienced weight-gain in association with current treatment?,"['1% of their patients, and improvement of treatment-unresponsive depression in 30.8%. They also estimated that at least 59.0% of their BPD patients had experienced adverse effects of psychotropic medications at some time in the past, that adverse effects were of current concern to 14.0% of patients (60/429), and were considered by their physicians to be severe in 15.0% (9/60) of that subgroup. Psychiatrists reported further that 30.5% of their 429 BPD patients had experienced weight-gain in association with current treatment, with substantial prevalence of hyperlipidemia (19.1%) and diabetes (8.62%) and identified these as problems of particular clinical concern', '04)</td></tr></table>\n##vision_footnote\nResponding patients (N=423; 98.6%) cited four major frustrations/person (1708/423).\n##paragraph_title\nPhysician assessments of treatment\nWhen psychiatrists were asked to report improvements in treatments for BPD patients needed to increase acceptance and adherence to treatment, the most common response was the need for better mood-stabilization in 48.0% of their 429 patients. In addition, they identified freedom from weight-gain as important for treatment-acceptance among 29.1% of their patients, and improvement of treatment-unresponsive depression in 30.8%. They also estimated that at least 59', '##paragraph_title\nPatient assessments of illness and its treatment\nWhen asked a general question about major frustrations of having BPD, patients cited factors related to the illness as well as its treatment (Table 3). Most commonly cited major burdens involving ≥ 40% of 423 patients providing such data were: mood swings (66.4%) > depression (56.3%) > need for daily self-medication (51.1%) > stigma of being considered mentally ill (43.5%) > uncertain interpersonal relationships (40.4%) ≥ medication side-effects (40.2%). Prominent adverse effects associated with treatment-nonadherence, as identified by the 145 patients with self-reported nonadherence, ranked: weight-gain (58.5%) ≥ excessive sedation (54.2%) > physical awkwardness or tremor (33.1%).\n##figure_title\nTable 3', ""9%) and the rate of missing recent single doses (33.8%) is similar, and many cases of previous and current nonadherence (45.0%) involved the same persons. Both rates represent about one-third of all treated patients with BPD sampled, indicating that some degree of treatment-nonadherence may be quite prevalent among contemporary American BPD patients. The apparently large disparity between physicians' impressions and patient self-reports is noteworthy, but may reflect differences in definitions of “nonadherence,” such that physicians self-defined nonadherence was likely to reflect clinically important levels of missed dosing over undefined periods of risk, whereas patients were asked about even single missed doses within 10 recent days"", '9% [137/417] of patients also reported having discontinued all recommended medications for BPD at some point in the past, without informing their physicians. Leading reasons given for such patient-initiated discontinuation of treatment, among 130 patients providing such information, ranked: (a) not needing it any longer (22.3%) > (b) no longer wanting to take it (18.5%) > (c) side effects (13.1%) > (d) feeling better at the time (10.8%).\nThe rate of reported major defaulting in the past (32.9%) and the rate of missing recent single doses (33.8%) is similar, and many cases of previous and current nonadherence (45.0%) involved the same persons']",Answer: 30.5% of BPD patients experienced weight-gain in association with current treatment [1].,0.6666666666666666,0.9928157732048355
What is the condition for $f(n)$ in the problem?,"['$\n(b)  $ f(2) > 2f(1) - f(0). $\n(c)  $  f(3) > 3f(2) - 3f(1) + f(0).  $\n(d)  $  f(n + 4) > 4f(n + 3) - 6f(n + 2) + 4f(n + 1) - f(n)  $ for every  $ n \\in \\mathbb{N} $.\nProve that  $ f(n) > 0 $ for every  $ n \\in \\mathbb{N} $.\n##footnote\n $ ^{4} $For other approaches to this problem, see Problem 11, page 386, and Problem 4, page 444.\n##footnote\n $ ^{5} $For another approach to this problem, see Problem 3, page 444', 'However (as noted by Noam Elkies), a hexagonal swatch of a triangular lattice, with the boundary as close to regular as possible, achieves asymptotically  $ \\frac{1}{6}n^{2} $ triangles.\nB-1 The problem fails if $f$ is allowed to be constant, e.g., take $f(n) = 1$. We thus assume that $f$ is nonconstant. Write $f(n) = \\sum_{i=0}^{d} a_i n^i$ with $a_i > 0$. Then\n##display_formula\n $$ \\begin{align*}f(f(n)+1)&=\\sum_{i=0}^{d}a_{i}(f(n)+1)^{i}\\\\&\\equiv f(1)\\pmod{f(n)}.\\end{align*} $$ \nIf $n=1$, then this implies that $f(f(n)+1)$ is divisible by $f(n)$. Otherwise, $0<f(1)<f(n)$ since $f$ is non-constant and has positive coefficients, so $f(f(n)+1)$ cannot be divisible by $f(n)$', 'Hence\n##display_formula\n $$ \\begin{align*}f(n)&\\leq2^{n}\\frac{n!}{1!}\\cdots\\frac{n!}{n!}\\\\&=2^{n}2^{1}3^{2}\\cdots n^{n-1}\\\\&\\leq n^{n^{2}/2+C_{3}n}e^{-n^{2}/4}.\\end{align*} $$ \nFor a lower bound on $f(n)$, we note that if $0 \\leq a_i < (n-1)! / i$! for $i = 2, \\ldots, n-1$ and $a_n = 0$, then $0 \\leq a_2 2! + \\cdots + a_n n! \\leq n!,$ so there is a unique choice of $a_1$ to complete this to a solution of $a_1 1! + \\cdots + a_n n! = n!$. Hence\n##display_formula\n $$ \\begin{aligned}f(n)&\\geq\\frac{(n-1)!}{2!}\\cdots\\frac{(n-1)!}{(n-1)!}\\\\&=3^{1}4^{2}\\cdots(n-1)^{n-3}\\\\&\\geq n^{n^{2}/2+C_{4}n}e^{-n^{2}/4}.\\end{aligned} $$', 'One solution for this differential equation with this initial condition is  $ k(x) = \\tan(6x + \\pi/4) $; by standard uniqueness, this must necessarily hold for x in some open interval around 0. Now the first given equation becomes\n##display_formula\n $$ \\begin{aligned}f^{\\prime}/f&=2k(x)+1/k(x)\\\\&=2\\tan(6x+\\pi/4)+\\cot(6x+\\pi/4);\\end{aligned} $$ \nintegrating both sides gives\n##display_formula\n $$ \\ln(f(x))=\\frac{-2\\ln\\cos(6x+\\pi/4)+\\ln\\sin(6x+\\pi/4)}{6}+c, $$ \nwhence  $  f(x) = e^{c} \\left( \\frac{\\sin(6x + \\pi/4)}{\\cos^{2}(6x + \\pi/4)} \\right)^{1/6}  $. Substituting  $  f(0) = 1  $ gives  $  e^{c} = 2^{-1/12}  $ and thus  $  f(x) = 2^{-1/12} \\left( \\frac{\\sin(6x + \\pi/4)}{\\cos^{2}(6x + \\pi/4)} \\right)^{1/6}  $.\nRemark. The answer can be put in alternate forms using trigonometric identities', '\\end{cases} $$ \nConsequently, if we write $n$ in base 3, then $f(n) = 0$ unless the expansion ends with 2 followed by a string of 1s of length $k \\geq 0$, in which case $f(n) = (-1)^{k+1}$.\nIn this notation, we have $s_{n} \\equiv 2015 \\pmod{10000}$ if and only if $n = 3m + 1$ for some nonnegative integer $m$ for which $m \\equiv 400 \\pmod{1000}$ and $f(m) = -1$. Since $400 = 112211_{(3)}$, the first such term in the sequence is in fact $s_{1201} = 12015$.\nB3 First solution: Any element of $S$ can be written as $M = \\alpha A + \\beta B$, where $A = \\begin{pmatrix} 1 & 1 \\\\ 1 & 1 \\end{pmatrix}$, $B = \\begin{pmatrix} -3 & -1 \\\\ 1 & 3 \\end{pmatrix}$, and $\\alpha, \\beta \\in \\mathbb{R}$']","The condition for $ f(n) $ in the problem is that $ f(n) > 0 $ for every $ n \in \mathbb{N} $. This is to be proven based on the given inequalities:

$$
\begin{align*}
(b) \quad & f(2) > 2f(1) - f(0), \\
(c) \quad & f(3) > 3f(2) - 3f(1) + f(0), \\
(d) \quad & f(n + 4) > 4f(n + 3) - 6f(n + 2) + 4f(n + 1) - f(n) \quad \text{for every } n \in \mathbb{N}.
\end{align*}
$$

These inequalities are used to establish that $ f(n) > 0 $ for all $ n \in \mathbb{N} $. [1]",1.0,0.8952057399370643
What is the largest such k mentioned in the text?,"['php?f=80&t=616731.\nA6 The largest such $k$ is $n^n$. We first show that this value can be achieved by an explicit construction. Let $e_1,\\ldots,e_n$ be the standard basis of $\\mathbb{R}^n$. For $i_1,\\ldots,i_n \\in \\{1,\\ldots,n\\}$, let $M_{i_1,\\ldots,i_n}$ be the matrix with row vectors $e_{i_1},\\ldots,e_{i_n}$, and let $N_{i_1,\\ldots,i_n}$ be the transpose of $M_{i_1,\\ldots,i_n}$. Then $M_{i_1,\\ldots,i_n} N_{j_1,\\ldots,j_n}$ has $k$-th diagonal entry $e_{i_k} \\cdot e_{j_k}$, proving the claim.\nWe next show that for any families of matrices  $ M_i, N_j $ as described, we must have  $ k \\leq n^n $. Let  $ V $ be the  $ n $-fold tensor product of  $ \\mathbb{R}^n $, i.e', '##doc_title\nSolutions to the 71st William Lowell Putnam Mathematical Competition\nSaturday, December 4, 2010\nKiran Kedlaya and Lenny Ng\nA−1 The largest such k is  $ \\lfloor\\frac{n+1}{2}\\rfloor = \\lceil\\frac{n}{2}\\rceil $. For n even, this value is achieved by the partition\n##display_formula\n $$ \\{1,n\\},\\{2,n-1\\},\\ldots; $$ \nfor $n$ odd, it is achieved by the partition\n##display_formula\n $$ \\{n\\},\\{1,n-1\\},\\{2,n-2\\},\\cdots. $$ \nOne way to see that this is optimal is to note that the common sum can never be less than n, since n itself belongs to one of the boxes. This implies that  $ k \\leq (1 + \\cdots + n)/n = (n+1)/2 $', 'Remark: One may similarly ask for the radius of the largest $k$-dimensional ball inside an $n$-dimensional unit hypercube; the given problem is the case $(n,k)=(4,2)$. Daniel Kane gives the following argument to show that the maximum radius in this case is $\\frac{1}{2}\\sqrt{\\frac{n}{k}}$. (Thanks for Noam Elkies for passing this along.)\nWe again scale up by a factor of 2, so that we are trying to show that the maximum radius  $ r $ of a  $ k $-dimensional ball contained in the hypercube  $ [-1, 1]^n $ is  $ \\sqrt{\\frac{n}{k}} $. Again, there is no loss of generality in centering the ball at the origin. Let  $ T : \\mathbb{R}^k \\to \\mathbb{R}^n $ be a similitude carrying the unit ball to this embedded  $ k $-ball', '##number\n6\nZaslavsky, Extremal arrangements of hyperplanes, Ann. N. Y. Acad. Sci. 440 (1985), 69-87.\nB−4 The maximum is  $ 2^{k} $, achieved for instance by the sub-space\n##display_formula\n $$ \\left\\{\\left(x_{1},\\cdots,x_{n}\\right)\\in\\mathbb{R}^{n}:x_{1}=\\cdots=x_{n-k}=0\\right\\}. $$ \nFirst solution: More generally, we show that any affine k-dimensional plane in  $ R^n $ can contain at most  $ 2^k $ points in Z. The proof is by induction on  $ k+n $; the case  $ k=n=0 $ is clearly true.\nSuppose that V is a k-plane in  $ \\mathbb{R}^n $. Denote the hyperplanes  $ \\{x_n = 0\\} $ and  $ \\{x_n = 1\\} $ by  $ V_0 $ and  $ V_1 $, respectively', 'The primary difference is we compute that  $ E_{z}^{\\prime}(0) \\geq 0 $ instead of discovering that  $ E_{z}(-1) = 0 $.\n\nRemark: It is also possible to solve this problem using a p-adic valuation on the field of algebraic numbers in place of the complex absolute value; however, this leads to a substantially more complicated solution. In lieu of including such a solution here, we refer to the approach described by Victor Wang here: http://www.artofproblemsolving.com/Forum/viewtopic.php?f=80&t=616731.\nA6 The largest such $k$ is $n^n$. We first show that this value can be achieved by an explicit construction. Let $e_1,\\ldots,e_n$ be the standard basis of $\\mathbb{R}^n$']",The largest such $ k $ mentioned in the text is $ n^n $ [1].,1.0,0.8375052779864675
What is the score for the game between Nauset and Wareham?,"['40</td></tr><tr><td>Wareham 74</td><td>Nauset 57</td></tr></table>\n##table\n<table><tr><td>Frontier 50</td><td>1</td></tr></table>\n##figure_title\nBAY STATE\n##table\n<table><tr><td>Braintree 61</td><td>Newton North 52</td></tr><tr><td>Framingham 47</td><td>Brookline 38</td></tr><tr><td>Natick 50</td><td>Wellesley 30</td></tr><tr><td>Needham 47</td><td>Milton 33</td></tr><tr><td>Walpole 57</td><td>Weymouth 29</td></tr></table>\n##figure_title\nBOSTON CITY\n##table\n<table><tr><td>New Mission 42</td><td>Boston United 28</td></tr><tr><td>Snowden 52</td><td>CASH 17</td></tr></table>\n##figure_title\nCAPE & ISLANDS\n##table\n<table><tr><td>Barnstable 50</td><td>Monomoy 40</td></tr><tr><td>Denn.-Yarmouth 44</td><td>Martha&#x27;s Vnyd. 26</td></tr><tr><td>Falmouth 43</td><td>St', 'Methuen</td><td>5-0-1</td><td>6</td></tr><tr><td>7. North Andover</td><td>5-0-2</td><td>7</td></tr><tr><td>8. Bishop Feehan</td><td>5-1-1</td><td>9</td></tr><tr><td>9. Archbishop Williams</td><td>3-3-0</td><td>14</td></tr><tr><td>10. Winthrop</td><td>4-0-1</td><td>10</td></tr><tr><td>11. Westwood</td><td>7-0-1</td><td>12</td></tr><tr><td>12. Nauset</td><td>4-3-1</td><td>8</td></tr><tr><td>13. Billerica</td><td>6-1-0</td><td>16</td></tr><tr><td>14. St. Mary&#x27;s</td><td>2-4-1</td><td>11</td></tr><tr><td>15. Falmouth</td><td>3-3-0</td><td>18</td></tr><tr><td>16. Sandwich</td><td>3-3-1</td><td>13</td></tr><tr><td>17. Bishop Stang</td><td>6-1-0</td><td>—</td></tr><tr><td>18. Natick</td><td>6-0-1</td><td>20</td></tr><tr><td>19. Milton</td><td>5-3-0</td><td>17</td></tr><tr><td>20', 'United</td><td>20</td><td>6</td><td>5</td><td>9</td><td>23</td></tr><tr><td>West Ham</td><td>20</td><td>6</td><td>5</td><td>9</td><td>23</td></tr><tr><td>Crystal Palace</td><td>20</td><td>4</td><td>9</td><td>7</td><td>21</td></tr><tr><td>Everton</td><td>19</td><td>3</td><td>8</td><td>8</td><td>17</td></tr><tr><td>Wolverhampton</td><td>20</td><td>4</td><td>4</td><td>12</td><td>16</td></tr><tr><td>Ipswich Town</td><td>20</td><td>3</td><td>7</td><td>10</td><td>16</td></tr><tr><td>Leicester City</td><td>20</td><td>3</td><td>5</td><td>12</td><td>14</td></tr><tr><td>Southampton</td><td>20</td><td>1</td><td>3</td><td>16</td><td>6</td></tr></table>\n##paragraph_title\nPWHL\n##table\n<table><tr><td></td><td>W-L</td><td>OW-L</td><td>Pts', '-Wenham 72</td><td>Amesbury 41</td></tr><tr><td>Lynnfield 58</td><td>Essex Tech 29</td></tr><tr><td>Manchester 63</td><td>Georgetown 60</td></tr><tr><td>Newburyport 79</td><td>N. Reading 35</td></tr><tr><td>Rockport 58</td><td>Ipswich 44</td></tr><tr><td>Triton 47</td><td>Pentucket 45</td></tr></table>\n##figure_title\nCATHOLIC CONFERENCE\n##table\n<table><tr><td>BC High 54</td><td>St. John&#x27;s (S) 43</td></tr><tr><td>Malden Cath. 65</td><td>Xaverian 61</td></tr></table>\n##table\n<table><tr><td>Assabet 54</td><td>Parker Charter 27</td></tr><tr><td>Worcester Tech 49</td><td>Monty Tech 42</td></tr></table>\n##figure_title\nCOMMONWEALTH\n##table\n<table><tr><td>Gr. Lawrence 52</td><td>Shawsheen 48</td></tr><tr><td>Gr', 'She’s skilled and she’s aggressive in the best way possible, and she can go and go and never worry about running out of steam.”\n##footnote\nCorrespondent Matty Wasserman contributed to this story.\n##paragraph_title\nScoreboard\n##paragraph_title\nSchools\n##paragraph_title\nBASKETBALL\n##table\n<table><tr><td>Needham 41</td><td>Milton 36</td></tr><tr><td>Newton North 54</td><td>Braintree 41</td></tr><tr><td>Walpole 67</td><td>Weymouth 55</td></tr><tr><td>Wellesley 56</td><td>Natick 52</td></tr></table>\n##table\n<table><tr><td>English High 62</td><td>Fenway 61</td></tr><tr><td>Holland Tech 82</td><td>Brighton 57</td></tr><tr><td>New Mission 56</td><td>Boston United 35</td></tr><tr><td>Snowden 59</td><td>CASH 57</td></tr></table>\n##figure_title\nCAPE ANN\n##table\n<table><tr><td>Ham']",The score for the game between Nauset and Wareham is 57-74 [1].,1.0,0.9751335685259654
我国地势西高东低对气候有什么影响？,"['##header\nNO.\nDate\n##paragraph_title\n笔记十二 中国的自然环境\n##paragraph_title\n地势和地形\n##paragraph_title\n1. 地势呈阶梯状分布\n(1)地势特点：西高东低，呈阶梯状分布。西部多为山地、高原和盆地，东部则以平原和丘陵为主。\n##table\n<table><tr><td>阶梯名称</td><td>海拔高度</td><td>主要地形类型</td><td>主要地形区</td></tr><tr><td>第一级阶梯</td><td>4000米以上</td><td>高原</td><td>青藏高原、柴达木盆地</td></tr><tr><td colspan=""4"">界线：昆仑山-祁连山-横断山脉东缘</td></tr><tr><td>第二级阶梯</td><td>1000～2000米</td><td>高原、盆地</td><td>内蒙古高原、云贵高原、黄土高原、四川盆地、塔里木盆地、准噶尔盆地</td></tr><tr><td>第三级阶梯</td><td>500米以下</td><td>丘陵、山地、平原、盆地相间分布</td><td>东南丘陵、东北平原、华北平原、长江中下游平原</td></tr></table>\n(2)三级阶梯概况\n(3)我国地势西高东低呈阶梯状分布对我国气候、河流、交通产生的影响：\n①对气候的影响: 我国地势西高东低向海洋倾斜, 有利于海上的湿润气流向我国内陆推进, 为我国广大地区带来了丰沛的降水.\n②对河流的影响：西高东低的地势，造成我国的大江大河自东奔入海洋；河流从高一级阶梯向低一级阶梯流动时，落差大，产生巨大的水能。\n③对交通的影响: 向东流淌的大河沟通了我国东西的交通, 方便了沿海和内陆的联系, 但阶梯交界处的高大山脉成为我国东西交通上的巨大障碍', '##paragraph_title\n课堂小结\n##vertical_text\n地形和地势\n地形类型多样\n山区面积广大\n四大高原\n\n四大盆地\n三大平原\n主要山脉\n山区面积大的利与弊\n地势西高东低\n呈阶梯状分布\n三级阶梯的界线、海拔、主要地形\n\n地势特点对我国的影响', '</td></tr><tr><td>与南</td><td></td></tr><tr><td>方地</td><td>气候</td><td>温带季风气候</td><td>亚热带、热带季风气候</td></tr><tr><td>区的</td><td>1月平均气温</td><td>低于0℃</td><td>高于0℃</td></tr><tr><td>自然差异</td><td>河流</td><td>水量较小，汛期短，冬季有结冰现象</td><td>水量大，汛期长</td></tr><tr><td></td><td>植被</td><td>温带落叶阔叶林为主</td><td>亚热带常绿阔叶林为主</td></tr></table>\n##paragraph_title\n2', '##header\nNO.\nDate\n##doc_title\n笔记十一 从世界看中国(“金砖四国”之一)\n##paragraph_title\n辽阔的疆域\n##paragraph_title\n1. 位置优越\n(1)半球位置：东半球，北半球.\n(2) 海陆位置：亚洲东部，太平洋西岸\n(3)纬度位置：大部分位于中纬度地区，属北温带，南部少数地区位于北回归线以南的热带，没有寒带。\n(4) 位置优点\n##table\n<table><tr><td>发展农业生产</td><td>我国地域广大，南北、东西气候差异大，为发展多种农业经济提供了有利条件。</td></tr><tr><td>对外交往与合作</td><td>东濒太平洋，多优良港湾，海上交通便利，有利于同海外各国友好往来；西部深入亚欧大陆内部，与多国接壤，使我国陆上交通能与中亚、西亚、欧洲直接往来。</td></tr><tr><td>发展海洋事业</td><td>东临太平洋，沿海多优良港湾，便于开发各种海洋资源</td></tr><tr><td>其他</td><td>造就了我国丰富的旅游资源，如北国冰雪、南国热带风光。</td></tr></table>\n##paragraph_title\n2. 国土打阔\n(1) 陆地面积：约960万 $ km^{2} $，差不多与整个欧洲的面积相等，仅次于俄罗斯，加拿大，在世界各国中居第3位，是世界上面积较大的国家。\n(2)领土四至：\n最东：黑龙江与乌苏里江主航道中心线的相交处( $ 135^{\\circ}E $)；\n最西：新疆的帕米尔高原(73°E)；\n最南：南海的南沙群岛中的曾母暗沙(4°A)；\n##number\n50', '##header\nNO.\nDate\n平高；交通便利：市场广阔；工业比较发达；农业生产过程的自然条件相似。\n不同点：经营方式不同，美国以家庭农场主生产为主，我国以国营农场为主；科技水平存在差异；专业化水平不高；粮食单产不同，美国粮食单产高\n##paragraph_title\n3. 我国水稻种植业\n典型地区：太湖平原、珠江三角洲等\n分析区位因素：\n(1)自然因素：热量充足，雨热同期；三角洲地形平坦；土壤肥沃；河网密布，水源充足。\n(2)社会经济因素：机械化水平高；交通便利；市场广阔；工业比较发达；科技发达；国家政策扶持。\n不足：人多地少；受台风、暴雨造成的洪涝灾害影响；酸雨危害。\n##paragraph_title\n4.畜牧业\n典型地区：内蒙古草原(四大草场：内蒙古、青海、新疆、西藏)\n分析区位因素：\n(1)自然因素：草场面积广阔；没有大型食肉动物；东部地区夏季降水多些，有利于牧草生长(降水从东向西递减)。\n(2)社会经济因素：牧业生产经验丰富；市场潜力广阔；国家政策扶持等\n不足：气候干旱，降水少；草场退化；荒漠化加剧；冬季暴风雪、寒潮影响；鼠灾、蝗灾严重。\n##paragraph_title\n5. 乳畜业\n典型地区：西欧、美国东北部、新西兰等地区的国家\n##number\n99']",我国地势西高东低向海洋倾斜，有利于海上的湿润气流向我国内陆推进，为我国广大地区带来了丰沛的降水[1]。,1.0,0.8207058089886287
What is the value of b in the singular system described?,"['Note that R denotes the set of real numbers.\nB−1 Define a selfish set to be a set which has its own cardinality (number of elements) as an element. Find, with proof, the number of subsets of  $ \\{1,2,\\ldots,n\\} $ which are minimal selfish sets, that is, selfish sets none of whose proper subsets is selfish.\n\nB−2 Show that for every positive integer n,\n##display_formula\n $$ \\left(\\frac{2n-1}{e}\\right)^{\\frac{2n-1}{2}}<1\\cdot3\\cdot5\\cdots(2n-1)<\\left(\\frac{2n+1}{e}\\right)^{\\frac{2n+1}{2}}. $$ \nB−3 Given that $\\{x_1, x_2, \\ldots, x_n\\} = \\{1, 2, \\ldots, n\\}$, find, with proof, the largest possible value, as a function of $n$ (with $n \\geq 2$), of\n##display_formula\n $$ x_{1}x_{2}+x_{2}x_{3}+\\cdots+x_{n-1}x_{n}+x_{n}x_{1}', 'Prove that there exists a one-to-one function $g$ from $A$ to $R$ such that $g(a) < g(b) < g(c)$ implies $(a,b,c) \\in S$. Note: $R$ is the set of real numbers.\nA−5 If $p$ is a prime number greater than 3 and $k=\\lfloor2p/3\\rfloor$, prove that the sum\n##display_formula\n $$ \\binom{p}{1}+\\binom{p}{2}+\\cdots+\\binom{p}{k} $$ \nof binomial coefficients is divisible by  $ p^{2} $.\nA–6 Let c > 0 be a constant. Give a complete description, with proof, of the set of all continuous functions  $ f : R \\to R $ such that  $ f(x) = f(x^2 + c) $ for all  $ x \\in R $. Note that R denotes the set of real numbers.\nB−1 Define a selfish set to be a set which has its own cardinality (number of elements) as an element', '$$ \nA direct computation shows that\n##display_formula\n $$ \\sin B=\\left(\\begin{array}{cc}\\sin x&y\\cdot\\cos x\\\\ 0&\\sin x\\end{array}\\right). $$ \nSince  $ \\sin A $ and  $ \\sin B $ are conjugate, their eigenvalues must be the same, and so we must have  $ \\sin x = 1 $. This implies  $ \\cos x = 0 $, so that  $ \\sin B $ is the identity matrix, as must be  $ \\sin A $, a contradiction. Thus A cannot exist.\nAlternate solution (due to Craig Helfgott and Alex Popa): Define both  $ \\sin A $ and  $ \\cos A $ by the usual power series. Since A commutes with itself, the power series identity\n##display_formula\n $$ \\sin^{2}A+\\cos^{2}A=I $$ \nholds', ""Let B denote the set of positive integers b that can be written in the form  $ b = a - a' $ with  $ a \\in A $ and  $ a' \\in A $. Let  $ b_1 < b_2 < \\cdots $ be the members of B, listed in increasing order. Show that if the sequence  $ b_{i+1} - b_i $ is unbounded, then\n##display_formula\n $$ \\lim_{x\\to\\infty}N(x)/x=0. $$"", '5: Singular cases: no solution for (a), (b), or (d), an infinity of solutions for (c).\nThe most common difficulty is shown in Figure 1.5b. From the end view the planes form a triangle. Every pair of planes intersects in a line, and those lines are parallel. The third plane is not parallel to the other planes, but it is parallel to their line of intersection. This corresponds to a singular system with  $ b = (2, 5, 6) $:\nNo solution, as in Figure 1.5b\n##display_formula\n $$ \\begin{array}{lllllll}  &u&+&\\nu&+&w&=&2\\\\ &2u& & &+&3w&=&5\\\\ &3u&+&\\nu&+&4w&=&6. \\end{array} $$ \n##formula_number\n(3)\nThe first two left sides add up to the third. On the right side that fails:  $ 2+5 \\neq 6 $. Equation 1 plus equation 2 minus equation 3 is the impossible statement 0 = 1']","The value of $ b $ in the singular system described is $ (2, 5, 6) $ [5].",0.5,0.9817720920604124
2009年乡镇企业从业人员比2005年增加多少万人？,"['2009年乡镇企业里的中专及技校以上文化程度的职工人数达到3456万人，比2005年增长68.9%，占从业人员的比重由2005年的14.3%提高到22.2%；具有初级及以上技术职称人数达到1339万人，比2005年增长67.4%，占从业人员的比重由2005年的5.6%提高到8.6%。\n\n乡镇企业又好又快发展，增强了对“三农”的支持带动作用。乡镇企业已成为统筹城乡发展的重要力量。2009年，全国乡镇企业从业人员比2005年增加1316万人；乡镇从业人员占乡村就业人员的比重达到33.3%，比2005年提高了3.9个百分点，成为农民非农就业的主要载体；乡镇企业支付劳动报酬17347亿元，比2005年增长56.0%；农村居民人均从乡镇企业获得的收入从2005年的1121元增加到1807元，增长61.2%，占农民人均纯收入的比重35.1%，比2005年提高了0.7个百分点；支农建农及补助社会性支出总额394亿元，比2005年增长110.3%，“十一五”以来累计达到1100多亿元。\n##doc_title\n巩固农村基层民主建设成果 丰富完善村民自治实践\n(上接第一版)一些地方还创造了“村务大事村民公决”、农村“民主日”、设立村务监督委员会等办法，有效保障了村民群众的知情权、决策权和监督权。\n记者:今年10月28日,第十一届全国人大常委会第17次会议审议通过了修改后的《中华人民共和国村民委员会组织法》。请问,今后在落实这个法律中,村级组织和村民需要注意哪些问题?\n李立国:村级组织和广大村民是《村民委员会组织法》的实践主体,也是保证法律正确实施的关键所在。落实好这部法律,村级组织和村民重点需要做好以下几项工作:\n一是要认真学习法律', '农产品贸易保持良好发展势头，促进了农业结构调整和比较优势发挥，增加了农产品有效供给，带动农民持续增收，为农业农村经济发展作出重要贡献。\n\n(下转第二版)\n##doc_title\n乡镇企业实现又好又快发展\n☑☑本报记者 赵经平\n“十一五”期间，乡镇企业经历国际金融危机的考验，继续高歌猛进，实现了又好又快发展，取得了突出成就，为国民经济发展和推动“三农”工作做出了重要贡献。\n经济总量持续增长。2009年乡镇企业增加值93532亿元，比2005年增长了85.1%，年均实际增长12.3%。乡镇企业增加值占国内生产总值的比重从2005年的27.7%上升到28.1%。乡镇企业已吸纳从业人员15588万人，占全国就业人口的比重由2005年的18.8%上升到20.0%。乡镇企业在县域经济中的作用日益突出，在地区增加值和工商税收中的比重普遍达到60%左右，成为经济支柱。\n产业结构得到明显优化，二三产业发展迅速。2009年，乡镇企业第一、二、三产业的增加值分别是873亿元、71351亿元、21344亿元，占乡镇企业增加值的0.9%、76.3%、22.8%。规模工业的支撑作用得到增强，2009年，全国乡镇规模以上工业实现增加值49146亿元，年均实际增长16.5%，占全部乡镇企业增加值的比重为52.5%，比2005年提高9.1个百分点。第三产业迅速发展，2009年，乡镇企业第三产业比2005年增长了92.2%，年均实际递增12.4%，所占比重比2005年提高了0.9个百分点。（下转第二版）\n刚刚闭幕的中央农村工作会议，深刻分析当前农业农村形势，精心谋划“十二五”农业农村发展，全面部署明年农业农村工作，重点研究加快水利改革发展，制定出台一系列政策措施，对于继续保持农业农村发展良好势头，为“十二五”时期“三农”工作开好局起好步具有重要的指导意义', '”同时，在法律责任一章增加“违反本法规定，开办生产建设项目或者从事其他生产建设活动造成水土流失，不进行治理的，由县级以上人民政府水行政主管部门责令限期治理；逾期仍不治理的，县级以上人民政府水行政主管部门可以指定有治理能力的单位代为治理，所需费用由违法行为人承担”的规定。\n##doc_title\n乡镇企业实现又好又快发展\n(上接第一版)\n加快产业转移步伐，区域结构逐步改善。2009年，中西部地区的乡镇企业实现增加值29528亿元，占全国乡镇企业增加值的31.6%，比2005年提高了0.8个百分点；东北地区实现增加值9062亿元，占全国乡镇企业增加值的9.7%，比2005年提高0.8个百分点；东部地区实现增加值54942亿元，占全国乡镇企业增加值的58.7%，比2005年下降了1.6个百分点。\n产业集聚水平不断提高，园区经济快速发展。2009年，全国建成乡镇企业园区9712个，入驻企业775191家，从业人员2387万人，比2005年增长19.8%；完成总产值101431亿元，比2005年增长138.5%，占全部乡镇企业总产值的比重达到25.5%，比2005年提高6个百分点。集聚效应还带动促进了城镇化进程。\n技术创新能力不断增强，人员素质产生可喜变化。2009年末，乡镇企业已建立技术创新中心和研发机构39550个，比2005年增长54.8%。在我国的转让专利中，约有60%被乡镇企业购买。2009年乡镇企业里的中专及技校以上文化程度的职工人数达到3456万人，比2005年增长68.9%，占从业人员的比重由2005年的14.3%提高到22.2%；具有初级及以上技术职称人数达到1339万人，比2005年增长67.4%，占从业人员的比重由2005年的5.6%提高到8.6%。\n\n乡镇企业又好又快发展，增强了对“三农”的支持带动作用。乡镇企业已成为统筹城乡发展的重要力量', '2010年以来，全国乡镇企业就业形势稳中趋好，劳动者的报酬得到较大幅度增加。预计全国农民工回乡创业的企业数将超过15万个，带动就业120万人左右。对口支援西部的各省市，在乡镇上建设工业小区，把有实力的企业和先进技术引过去，吸收了大量返乡农民工和富裕劳动力就地\n##doc_title\n草原保护建设迎来黄金期\n就近就业。在东部地区，自2010年初，大部分劳动力密集企业的外贸接单量迅速提高，促进了就业形势进一步好转，企业用工呈增长趋势。预计乡镇企业全年新增就业240万人以上，年末从业总人数可达1.58亿人。自2010年下半年开始，绝大多数省市不同程度地提高了行业最低工资标准，一般增幅为10%~20%，预计全年支付劳动者报酬达20100亿元，比上年增长11.32%，农村居民人均从乡镇企业获得工资性收入将突破2000元，比上年增加200元左右。\n(上接第一版)\n草原牧区可持续发展的路径已经清晰。即：“减畜、转人、转方式”。减畜：把超载的牲畜减下来，逐步达到草畜平衡。转人：通过实行社会保险制度使年老的牧民安养晚年，通过转产转业培训等措施使部分中青年牧民外出打工，通过延长免费义务教育阶段以缩小牧民的后备军队伍。转方式：实行科技兴牧以转变草原畜牧业生产方式，实行牧民定居以改变生活方式。\n草原牧区可持续发展的物质基础已经具备。明年开始实行的草原生态保护补助奖励制度，投入资金每年达134亿元，5年即为670亿元。牧区社会发展和基础设施建设投入也将增加。\n草原牧区可持续发展的体制机制已基本形成。草原家庭承包制度进一步完善，牧民保护建设草原的积极性得到进一步发挥。合作社、联户、产业化经营发展迅速，牧区经营机制更加充满活力。植被恢复费的征收，为草原管护提供了新的制度保障。草原管理体制改革日益引起广泛关注，重视草原的氛围已经形成', '四是资源养护取得显著进展，增殖放流渐成社会事业。全国各地组织开展水生生物资源增殖放流活动逾千次，投入资金7.1亿元，放流苗种超过280亿尾，生态经济效益显著，产生了广泛而良好的社会反响。新设立国家级水产种质资源保护区60个，海洋牧场和人工鱼礁建设也积极推进。\n五是妥善应对各类突发事件，维权护渔和海难救助成绩显著。各级渔业部门积极开展海难救助工作，1~11月参与救助遇险渔船1263艘次，渔民5182人次，挽回经济损失超过3.9亿元。\n\n\n(上接第一版)预计2010年,全国乡镇企业固定资产投资将突破40000亿元,比上年增长20%。投资的行业结构和产业结构更趋合理。江苏、浙江、山东、广东等沿海发达省份的传统劳动密集型行业,正在加快向省内相对落后地区和中西部地区的转移步伐,并代之以科技含量更高的新兴产业。北京、上海等很多大中城市郊区按照统筹城乡发展的要求,结合发展都市型农业,大力投资休闲农业等第三产业,促进了城乡协调发展。河北、山西、陕西等省针对“两高”行业较多的现状,把固定资\n六是远洋渔业发展，渔业国际合作加强。远洋渔业克服印度洋海盗袭击等不利影响，积极开发新渔场，预计全年产量102万吨、同比增长4%。国际渔业资源利用能力进一步增强，南极海洋生物资源探捕项目成功实施，实现了对南极磷虾的生产性探捕，取得了历史性突破。\n产投资的重点放在新能源、新材料、农产品加工业和第三产业等行业上面，改变了以往大量投资到钢铁、水泥、煤炭、玻璃等耗能高、污染严重行业的现象。\n2010年以来，全国乡镇企业就业形势稳中趋好，劳动者的报酬得到较大幅度增加。预计全国农民工回乡创业的企业数将超过15万个，带动就业120万人左右。对口支援西部的各省市，在乡镇上建设工业小区，把有实力的企业和先进技术引过去，吸收了大量返乡农民工和富裕劳动力就地\n##doc_title\n草原保护建设迎来黄金期\n就近就业']",2009年乡镇企业从业人员比2005年增加1316万人 [1]。,1.0,0.7913208140540172
What is the condition for $ 1 - \frac{m}{6n} = \left\{\frac{m}{6n}\right\} \leq \left\{\frac{m}{3n}\right\} $?,"['By the Perron-Frobenius theorem, A has a unique eigenvector with positive entries, whose eigenvalue has modulus greater than or equal to that of any other eigenvalue, which proves the claim.\nB-1 It is trivial to check that  $ \\frac{m}{6n} = \\left\\{\\frac{m}{6n}\\right\\} \\leq \\left\\{\\frac{m}{3n}\\right\\} $ for  $ 1 \\leq m \\leq 2n $, that  $ 1 - \\frac{m}{3n} = \\left\\{\\frac{m}{3n}\\right\\} \\leq \\left\\{\\frac{m}{6n}\\right\\} $ for  $ 2n \\leq m \\leq 3n $, that  $ \\frac{m}{3n} - 1 = \\left\\{\\frac{m}{3n}\\right\\} \\leq \\left\\{\\frac{m}{6n}\\right\\} $ for  $ 3n \\leq m \\leq 4n $, and that  $ 1 - \\frac{m}{6n} = \\left\\{\\frac{m}{6n}\\right\\} \\leq \\left\\{\\frac{m}{3n}\\right\\} $ for  $ 4n \\leq m \\leq 6n $', ""Therefore the desired sum is\n##display_formula\n $$ \\sum_{m=1}^{2n-1}\\frac{m}{6n}+\\sum_{m=2n}^{3n-1}\\left(1-\\frac{m}{3n}\\right) $$ \n##display_formula\n $$ +\\sum_{m=3n}^{4n-1}\\left(\\frac{m}{3n}-1\\right)+\\sum_{m=4n}^{6n-1}\\left(1-\\frac{m}{6n}\\right)=n. $$ \nB–2 It suffices to show that  $ |f(x)| $ is bounded for  $ x \\geq 0 $, since  $ f(-x) $ satisfies the same equation as  $ f(x) $. But then\n##display_formula\n $$ \\begin{align*}\\frac{d}{dx}\\left((f(x))^{2}+(f^{\\prime}(x))^{2}\\right)&=2f^{\\prime}(x)(f(x)+f^{\\prime \\prime}(x))\\\\&=-2xg(x)(f^{\\prime}(x))^{2}\\leq0,\\end{align*} $$ \nso that  $ (f(x))^2 \\leq (f(0))^2 + (f'(0))^2 $ for  $ x \\geq 0 $.\nB–3 The only such n are the numbers 1–4, 20–24, 100–104, and 120–124"", 'This completes the induction step and the proof.\nRemark: We can refine the bound  $ A_n $ somewhat. Supposing that  $ a_i \\geq 3 $ for all  $ i $, the fact that  $ a_1 + \\cdots + a_n \\leq 4n - 6 $ implies that there are at least six more indices  $ i $ with  $ a_i = 3 $ than with  $ a_i \\geq 5 $. Thus there exist six sequences with degrees  $ 3, 4, \\ldots, 4, 3 $, of total length at most  $ n + 6 $. We may thus choose a sequence of length  $ k \\leq \\lfloor \\frac{n}{6} \\rfloor + 1 $, so we may improve the upper bound to  $ A_n = A_{n-1} + 2 \\lfloor \\frac{n}{6} \\rfloor + 1 $, or asymptotically  $ \\frac{1}{6}n^2 $', '$$ \n(b) Find  $ a, b, c, d \\in \\mathbb{R} $ for which\n##display_formula\n $$ \\frac{1}{(1-x)(1-x^{2})(1-x^{3})}=\\frac{a}{(1-x)^{3}}+\\frac{b}{(1-x)^{2}}+\\frac{c}{1-x^{2}}+\\frac{d}{1-x^{3}}. $$ \n(c) Conclude that\n##display_formula\n $$ a_{n}=\\left\\{\\begin{array}{l}\\frac{1}{6}\\binom{n+2}{2}+\\frac{1}{4}(n+1)+\\frac{7}{12},\\text{if}6\\mid n\\\\\\frac{1}{6}\\binom{n+2}{2}+\\frac{1}{4}(n+1)+\\frac{1}{4},\\text{if}2\\mid n\\text{but}3\\nmid n\\\\\\frac{1}{6}\\binom{n+2}{2}+\\frac{1}{4}(n+1)+\\frac{1}{3},\\text{if}2\\nmid n\\text{but}3\\mid n\\\\\\frac{1}{6}\\binom{n+2}{2}+\\frac{1}{4}(n+1),\\text{if}2,3\\nmid n\\end{array}\\right. $$', '9. For item (a), if every prime divisor of  $ 2^n - 1 $ was congruent to  $ \\pm 1 $ modulo 12, we would have  $ 2^n - 1 \\equiv \\pm 1 \\pmod{12} $; show that this is impossible. For (b), if  $ (2^n - 1) \\nmid (3^m - 1) $ and  $ p $ is as in (a), then  $ 3^m \\equiv 1 \\pmod{p} $ or, which is the same,  $ 3^{m+1} \\equiv 3 \\pmod{p} $; since  $ m + 1 $ is even, it would follow that 3 would be']",The condition for $ 1 - \frac{m}{6n} = \left\{\frac{m}{6n}\right\} \leq \left\{\frac{m}{3n}\right\} $ is $ 4n \leq m \leq 6n $ [1].,0.5,0.9999999999996688
商险公司如何优化员工价值主张以吸引必要人才？,"['味着有25%的商险公司劳动力将在未来10年内退休。同时，由于在新冠疫情后缺乏办公室现场互动，知识分享空间受到限制，而紧俏的劳动力市场会挑战商险公司吸引和留存必要人才的能力。的确，对于专业核保人、理赔员以及数据和分析人才的需求增长远远超过供给。管理型总代理、保险科技公司和其他行业（如消费和科技行业）也都在争夺有限的人才，而商险公司并非总是首选雇主。\n##paragraph_title\n利用商险条线业务模式打造\n独特的人才价值主张\n随着承保向分析驱动和半自动化发展, 保险公司可进一步赋能核保人, 让其从单一的风险承保工作转向数据驱动的承保组合管理。这将需要强有力的变革管理和能力培养举措, 如知识编码、资深核保人的“传帮带”以及新工具和技能培训。\n在寻求自身承保职能现代化之际, 险企必须谨慎平衡 “艺术” 与 “科学”、自动化与经验判断以及自主性与工作流程之间的生产力效果。承保的成功已不仅仅局限于风险选择和定价; 还需要覆盖各条产品线的量化能力和定性技能。\n商业财产险公司可优化自身的员工价值主张以吸引必要人才。鉴于其承保组合通常具有全球性和跨行业的特点，商险公司可强调自身优势，即能够为人才提供独一无二的机会去接触多样的职位、行业、地域及职能领域，并给出跨职能的职业发展路径。在商险公司向跨职能团队转型（包括理赔、风险工程、销售和承保管理经理）以应对不断变化的风险格局之际，这一点尤为切题。商险公司还需要丰富自身的人才库，将目光扩展到保险行业之外的非传统人才，如具有深度技术专业知识或拥有网络科学背景的人才。\n\n商业财产险公司正处于十字路口，并面临持续的长期挑战：高通胀、利率波动、净零转型、不断演变的风险性质、持续收紧的承保能力以及收缩的劳动力市场。然而，对于能够为客户、投资者和人才提供独特价值主张并创新风险减量解决方案的险企，这些挑战也带来了在风险变化中领先一步并领跑行业的重大机遇', '商险公司还需要丰富自身的人才库，将目光扩展到保险行业之外的非传统人才，如具有深度技术专业知识或拥有网络科学背景的人才。\n\n商业财产险公司正处于十字路口，并面临持续的长期挑战：高通胀、利率波动、净零转型、不断演变的风险性质、持续收紧的承保能力以及收缩的劳动力市场。然而，对于能够为客户、投资者和人才提供独特价值主张并创新风险减量解决方案的险企，这些挑战也带来了在风险变化中领先一步并领跑行业的重大机遇。\n\n通过采取大胆果决的行动, 保险公司可与 “市” 俱进, 推进提升社会安全和韧性的重大使命。\n##footnote\nSusanne Ebert是麦肯锡全球董事合伙人，常驻法兰克福分公司；Robin Huettemann是麦肯锡咨询顾问，常驻慕尼黑分公司；Kia Javanmardian是麦肯锡全球资深董事合伙人，常驻芝加哥分公司；James Polyblank和Leda Zaharieva是麦肯锡全球董事合伙人，常驻伦敦分公司；Sirus Ramezani是麦肯锡全球资深董事合伙人，常驻苏黎世分公司；Shannon Varney是麦肯锡全球董事合伙人，常驻波士顿分公司。\n##footnote\n作者感谢Mahima Agarwal、Selma Belghiti、Chien-Teng Chia、Jonas Chinczewski、Emmanuel Clarke、Deniz Cultu、Philipp Horsch、Varun John Jacob、Sylvain Johansson、Philipp Klais、Bernhard Kotanko、Christie McNeill、Jörg Mußhoff和Fritz Nauck对本报告的贡献。\n##footnote\n版权所有©2023麦肯锡公司。保留所有权利', '但是，在更高的层面上，两者又是和谐统一的——公司需要敬业和有能力的员工，业务才能进行；员工必须依赖公司的业务平台才能获得物质报酬和满足才能施展及精神需求。因此，双方实为相互依存的整体。\n敬业是职场中最应值得重视的美德。只有每个员工敬业，才能发挥出团队的力量，才能拧成一股绳，劲儿往一处使，推动企业走向成功。一个公司的生存依靠少数员工的能力和智慧，但更需要绝大多数员工的敬业和勤奋。\n老板在用人时不仅仅看重个人能力，更看重个人品质，而品质中最关键的就是忠诚度。在这个世界上，并不缺乏有能力的人，那种既有能力又忠诚的人才是每一个企业企求的理想人才。人们宁愿信任一个能力差一些却足够敬业的人，而不愿重用一个朝三暮四、视敬业为无物的人，哪怕他能力非凡。如果你是老板，你肯定也会这样做。\n当你的敬业精神增加一分,别人对你的尊敬也会增加一分。不管你的能力如何,老板会乐意在你身上投资,给你培训的机会,提高你的技能。因为他认为,你是值得他信赖和培养的。因为他相信,当公司面临危难的时候,你会和公司同舟共济。\n老板是人，也有缺点，也可能因为太主观而无法对你做出客观的判断，这个时候你应该学会自我肯定。只要你竭尽所能，做到问心无愧，你就在不知不觉中提高了自己的能力，争取到了未来事业成功的砝码。\n##doc_title\n敬业是职场最重视的美德\n忠诚是一种职业敬业精神。如果你选择了某一个工作，那就真诚地、负责地干吧，你的事业之帆已在启航。\n##doc_title\n如何将自卑感化为前行动力？\n##paragraph_title\n心理门诊\n我们每个人都有不同程度的自卑感，只是表现形式不同而已。当我们面对一个无法处理的问题或绝无办法解决的问题时，就会体会到这种自卑情绪。没有人能长期地忍受自卑感，他一定会采取某种行动来解除自己的紧张。但也应看到，当人们发现自己所处的位置是可以加以改善时，面对更高的愿景，定会产生内在动力', '监管规范性政策，利好行业中长期良性发展。行业整体主要从产品创设、团队培训、附加服务等方面进行销售策略的调整，在产品结构优化的同时寻求新的增长曲线，我们持续看好后续保费收入及新业务价值的修复。与此同时，财险业务贡献主要保费增速，其中财险业务贡献较高的公司保费收入增速受影响较小。维持行业“超配”评级，建议关注负债端相对受益、资产端弹性较高的新华保险和中国人寿', '与此同时，财险业务贡献主要保费增速，其中财险业务贡献较高的公司保费收入增速受影响较小。维持行业“超配”评级，建议关注负债端相对受益、资产端弹性较高的新华保险和中国人寿。\n##paragraph_title\n重点个股估值表\n##figure_title\n重点公司盈利预测及投资评级\n##table\n<table><tr><td>公司</td><td>公司</td><td>投资</td><td>昨收盘</td><td>总市值</td><td colspan=""2"">EPS</td><td colspan=""2"">P/EV</td></tr><tr><td>代码</td><td>名称</td><td>评级</td><td>（元）</td><td>（亿元）</td><td>2023E</td><td>2024E</td><td>2023E</td><td>2024E</td></tr><tr><td>601628</td><td>中国人寿</td><td>买入</td><td>27.92</td><td>7891.5</td><td>49.10</td><td>55.04</td><td>0.71</td><td>0.64</td></tr><tr><td>601336</td><td>新华保险</td><td>增持</td><td>30.12</td><td>939.6</td><td>5.12</td><td>8.21</td><td>0.56</td><td>0.51</td></tr></table>\n##vision_footnote\n资料来源：Wind、国信证券经济研究所预测\n##footer\n请务必阅读正文之后的免责声明及其项下所有内容\n##number\n8']",商险公司可通过强调自身优势，即能够为人才提供独一无二的机会去接触多样的职位、行业、地域及职能领域，并给出跨职能的职业发展路径，从而优化员工价值主张以吸引必要人才 [1]。此外，商险公司还需要丰富自身的人才库，将目光扩展到保险行业之外的非传统人才，如具有深度技术专业知识或拥有网络科学背景的人才 [2]。,1.0,0.9848559288475104
Which disease is used as a paradigm for gene therapy in respiratory disease?,"['One such example is respiratory syncitial virus-mediated disease in which a polymorphism of the host interleukin (IL) 8 promoter region has been related to disease severity. Some known genetic contributions to lung disease and its expression are summarised in Table I.\nCurrent attempts at therapeutic measures include overcoming the abnormalities caused by the gene or introducing a functioning gene through gene therapy. Cystic fibrosis (CF) is the paradigm for gene therapy in respiratory disease. Since the gene was localised more than 100 patients have received the gene in CF clinical trials.\n##footnote\nCorrespondence to: Dr. Adam Jaffé, Paediatric Respiratory Specialist Registrar. Telephone: +44(0)207-351-8754; Fax: +44(0)207-351-8763; E-mail: ajaffe@doctors.org', '##abstract\nSummary Epidemiological studies have suggested that many rare diseases with respiratory involvement have a genetic component. Molecular advances have increased the understanding of the pathophysiology of these diseases which has led to better diagnostic and prognostic methods. There may be many genes responsible for diseases such as primary ciliary dyskinesia and systemic lupus erythematosus in addition to the effect of modifier genes. The genotype:phenotype correlation in these diseases remains to be elucidated. In some diseases, such as familial dysautonomia and sickle cell, the gene has been identified which allows for accurate pre-natal testing', '##header\nPAEDIATRIC RESPIRATORY REVIEWS (2001) 2, 268–275\ndoi:10.1053/prrv.2001.0150, available online at http://www.idealibrary.com on IDEAL®\nSERIES: GENETICS OF PAEDIATRIC LUNG DISEASE\n##doc_title\nGenetic contributions to rare childhood\nlung diseases\nA. Jaffé and A. Bush\nDepartment of Respiratory Paediatrics, Level 4, Chelsea Wing, Royal Brompton and Harefield NHS Trust, Sydney Street, London SW3 6NP, England, UK\nKEYWORDS\ngene therapy, modifier\ngene, polymorphism,\nprimary ciliary\ndyskinesia, sickle cell,\nimmunodeficiencies,\nstorage diseases, sickle\ncell, obstructive sleep\napnoea, fibrosis,\nauto-immune.\n##abstract\nSummary Epidemiological studies have suggested that many rare diseases with respiratory involvement have a genetic component', 'This has enabled further understanding of the molecular pathophysiology and causation of many diseases and the interaction between the host and the environment that influences expression (Fig. 1). In those diseases in which the environment cannot be manipulated, the ultimate hope is to identify and correct the molecular defects or manipulate them in an attempt to overcome the abnormalities they cause. This article examines the genetic contribution in rare diseases that have pulmonary involvement and in which there has been a significant genetic contribution with the potential for future gene therapy', '##paragraph_title\nTHE GENETIC POTENTIAL\nThe identification of gene defects will lead to a greater understanding of the pathophysiology of disease, should increase diagnostic sensitivity and, by understanding genotype:phenotype correlation, lead to more accurate prognosis. In many diseases, it is likely that there is a genetic influence from modifier genes and understanding more about these genes offers the promise of therapeutic advances. Molecular techniques also help to identify other potential factors which may be implicated in diseases thought previously not to have a genetic predisposition. One such example is respiratory syncitial virus-mediated disease in which a polymorphism of the host interleukin (IL) 8 promoter region has been related to disease severity']",The disease used as a paradigm for gene therapy in respiratory disease is cystic fibrosis (CF) [1].,1.0,0.9983989734453645
What percentage of revenues did the sector generate from foreign operations?,"[""3 percent in FY2018, 2.3 percentage points more than the previous year. The sector also achieved the highest return on assets (9.4 percent), 1.6 percentage points higher than in FY2017. Retailers in this sector were the most international, generating 38.5 percent of revenues from foreign operations, in 30 countries on average. However, the sector's contribution to the total revenue of the Top 250 global retailers was just 9.7 percent, with companies recording average revenue of US$11.8 billion.\nSome of the key factors that have led to the sector's positive momentum, amid store closures of various department stores, are the greater focus on omni-channel presence, a steady increase in e-commerce websites, and greater emphasis on improvements in in-store shopping experience for customers"", '42%</td><td>18.96%</td><td>13.93%</td><td>14.48%</td><td>15.68%</td></tr><tr><td>拨备前利润增速</td><td>-0.47%</td><td>8.05%</td><td>7.96%</td><td>8.07%</td><td>10.73%</td></tr><tr><td>税前利润增速</td><td>6.93%</td><td>19.52%</td><td>14.10%</td><td>14.42%</td><td>15.47%</td></tr><tr><td>营业收入增速</td><td>3.40%</td><td>11.37%</td><td>9.64%</td><td>9.72%</td><td>10.56%</td></tr><tr><td>净利息收入增速</td><td>5.48%</td><td>6.32%</td><td>5.34%</td><td>7.19%</td><td>7.99%</td></tr><tr><td>手续费及佣金增速</td><td>-3.45%</td><td>33.42%</td><td>36.70%</td><td>28.75%</td><td>28.19%</td></tr><tr><td>业务管理费用增速</td><td>5.78%</td><td>13.55%</td><td>10.85%</td><td>10.85%</td><td>10.42%</td></tr><tr><td>其他业务成本增速</td><td>-55.45%</td><td>-32.81%</td><td>-32.17%</td><td>12.45%</td><td>-13', '9%</td><td>6.0%</td><td>5.4%</td><td>5.5%</td><td>6.0%</td><td>6.0%</td></tr><tr><td>管理费用</td><td>-290</td><td>-361</td><td>-394</td><td>-407</td><td>-465</td><td>-519</td></tr><tr><td>%销售收入</td><td>1.5%</td><td>1.6%</td><td>1.6%</td><td>1.5%</td><td>1.6%</td><td>1.6%</td></tr><tr><td>研发费用</td><td>-587</td><td>-712</td><td>-772</td><td>-766</td><td>-895</td><td>-1,024</td></tr><tr><td>%销售收入</td><td>3.0%</td><td>3.1%</td><td>3.1%</td><td>2.9%</td><td>3.0%</td><td>3.1%</td></tr><tr><td>息税前利润(EBIT)</td><td>5,753</td><td>6,961</td><td>6,926</td><td>7,157</td><td>8,297</td><td>9,768</td></tr><tr><td>%销售收入</td><td>29.1%</td><td>30.5%</td><td>27.7%</td><td>27.1%</td><td>27.8%</td><td>29', '##header_image\n\n##header\n公司研究/公司快报\n期内公司毛利率 41.94% (+10.83pct)，净利率 9.83% (+10.84pct)。整体费用率 31.99% (-2.28pct)，其中销售费用率 7.55% (-0.47pct)、管理费用率 19.7% (-2.39pct)、研发费用率 0.21% (-0.07pct)、财务费用率 4.74% (+0.58pct) 系欧元银行同业拆放利率持续上涨致境外企业借款利息支出同比增加。经营性活动现金流净额 26.83 亿元 (+244.11%) 系境内外有限服务型酒店运营情况较上年大幅改善。\n##paragraph_title\n投资建议\n年内休闲旅游和商务差旅消费需求释放明显，境内酒店市场信心逐步恢复、经营情况改善明显。7月境内、境外酒店RevPAR分别恢复至2019年同期116%、113%，8月前三周恢复至2019年同期117%。预计公司2023Q3境内、境外酒店整体平均RevPAR分别为2019年同期115%-120%、110%-115%。我们预计公司2023-2025年EPS分别为1.3\\1.86\\2.06元，对应公司8月30日收盘价38.4元，2023-2025年PE分别为29.5\\20.6\\18.7倍，维持“增持-A”评级。\n##paragraph_title\n风险提示\n公司经营成本上升风险；居民消费需求恢复不及预期风险；市场竞争加剧风险', '1%</td></tr><tr><td>医药医疗产业</td><td>9,465</td><td>10,984</td><td>12,880</td><td>8.0%</td></tr><tr><td>研发、设计和技术服务业</td><td>7,215</td><td>8,708</td><td>10,953</td><td>11.0%</td></tr><tr><td>环保产业</td><td>2,424</td><td>2,748</td><td>3,419</td><td>9.0%</td></tr></table>\n##vision_footnote\n来源：国家统计局、农银国际证券\n##number\n4']",The sector generated 38.5 percent of revenues from foreign operations [1].,1.0,0.9999999999998036
明年天津将新建种植业设施多少万亩？,"['##paragraph_title\n天津市农委主任张国庆——\n##paragraph_title\n明年加快构筑现代农业高地\n☑☑本报记者 金慧英\n天津市农委主任张国庆说，过去的五年，天津市郊区经济社会发展全面加快，天津农村工作在示范小城镇建设、现代农业建设、区县重大项目建设、示范工业园区建设以及新农村建设等方面取得了显著成就，促进了各项事业又好又快发展。\n张国庆说，明年是“十二五”规划的第一年，天津将全面贯彻落实中央1号文件和中央农村工作会议精神，按照天津市“三个层面”联动和农村“三区”统筹联动发展的思路，围绕“十二五”打造经济社会发展、现代农业、生态宜居“三个高地”和先进制造业、现代服务业“两个基地”规划目标，强载体、调结构、促转变、上水平，实现郊区经济社会发展的高起步。\n谈到发展现代农业，确保农产品有效供给问题，张国庆说，天津市将继续推进现代化农业发展，加快构筑现代农业高地。首先，将圆满完成天津市设施农业“4412”目标任务。明年作为这项任务的最后一年，将新建种植业设施10万亩，即实现4年新建种植业设施面积40万亩，12个有农业区县各建有一个现代农业示范园区。同时启动实施种植业设施提升工程，重点是抓好三个提升：技术装备提升，重点是完善水电路等基础设施和推广应用水肥一体化等先进技术；产品结构提升，以农业高新技术为引领，积极引进设施农业新品种和新技术；质量安全提升，加强无公害农产品质量安全认证体系建设，完成农产品无公害产地认证和复查换证50万亩，认证产品50个以上。二是加快推进农业示范园区建设。加快9个现代农业示范园区建设，完成40个现代畜牧养殖园区建设任务。三是提高农民组织化程度。出台《天津市农民专业合作社促进条例》，重点扶持10个合作社联盟和10个示范社发展，扩大农超对接', '王孝东介绍说，近年来北京市在良种培育、示范推广、教育培训等诸多方面，都取得了巨大的成效。据测算，目前科技进步对农业增长的贡献率已达65%左右。目前全市已有设施农业28万亩，而且随着新一轮“菜篮子”工程的启动实施，每年还将增加4万亩，为市民的“菜篮子”、“果盘子”提供了基本保障，也为应急保障奠定了可靠的基础。北京不是农产品生产大市，但正在成为农产品加工大市。目前，全市已建成一批产业聚集、辐射带动能力强的农产品加工示范基地和创业基地，规模以上农产品加工企业达到502家，产值达到600亿元。目前全市实际经营的农业观光园超千家，乡村旅游接待游客近3000万人次，总收入超过20亿元。\n王孝东表示，与一般意义上的农业不同，都市型现代农业功能大大拓展了。今天，它已不单是物质生产，还是一种精神现象，一种文化体验，它除了提供农产品，满足人们胃的需要外，还能提供生态服务和休闲娱乐服务，满足人们眼的需要、肺的需要和心的需要。目前北京的GDP已经达到1万亿元，而整个郊区农林水的生态服务价值也已超过了1万亿。农业以其独有的功能为“世界城市”建设提供了强有力的支持。\n##paragraph_title\n天津市农委主任张国庆——\n##paragraph_title\n明年加快构筑现代农业高地\n☑☑本报记者 金慧英\n天津市农委主任张国庆说，过去的五年，天津市郊区经济社会发展全面加快，天津农村工作在示范小城镇建设、现代农业建设、区县重大项目建设、示范工业园区建设以及新农村建设等方面取得了显著成就，促进了各项事业又好又快发展', '☐ 本报记者 金慧英\n臧胜业表示，2011年是实施“十二五”规划的第一年，全省农业工作将以加快转变农业农村经济发展方式为主线，围绕建设现代农业，认真落实强农惠农政策，强化农业基础建设，增强农业综合生产能力，积极推进农业科技进步，着力加快农业产业化经营步伐，努力拓宽农民增收渠道，促进农业稳定发展、农民持续增收。\n##doc_title\n五年打造“三个高地”“两个基地”\n##image\n\n##doc_title\n河北省委常委、省纪委书记臧胜业\n回顾过去的五年，天津市副市长李文喜说，五年来天津郊区经济社会发展全面加快，“十一五”规划确定的各项目标任务，基本上都是在提高发展水平的前提下，超额完成。一是农村综合实力显著增强。今年郊区生产总值达到2560亿元，区县财政收入达到675亿元。二是农村载体功能显著提升。区县开发区支撑作用得到强化，高标准规划建设了31个区县示范工业园区，成为经济发展龙头。城镇规划布局和建设水平大大提高，城市化率达到60%。三是农村民生显著改善。农民收入较快增长，今年预计达到1.18万元，并建立了统筹城乡的医疗保障制度，农村社会保障基本实现全覆盖，农民教育培训成果明显。\n\n##doc_title\n山西省委副书记金道铭——\n位。郊区生产总值年均增长达到16%以上；财政收入和固定资产投资年均增长20%以上；农民人均纯收入年均增长10%以上。现代农业高地：以农业高新技术产业为引领，大力发展精品农业、品牌农业、功能化农业，农业劳动生产率提高一倍以上，农业科技进步贡献率达到65%以上。生态宜居高地：向小城镇镇区转移人口100万人，农村城市化率达到75%以上，林木覆盖率达到23%以上。先进制造业基地：实施载体支撑、项目带动和创新三大战略，努力打造企业创新能力强、产品技术含量高、资源利用效果好的高端高质高新制造业基地', '新华社记者黄宗治摄\n本报讯(记者 肖力伟 江娜)12月23日,全国种植业工作会议在北京召开,农业部副部长危朝安在会上提出,明年种植业工作重中之重的任务是,力争夏粮增产、早稻恢复、秋粮稳定,力争减产的省份恢复增产、增产的省份稳定不减,确保粮食产量在1万亿斤以上,全力以赴争取实现继续增产。\n\n围绕实现这一目标，危朝安要求，要统筹安排，协调推进，拓展和深化八项重点工作：\n##doc_title\n全力以赴争取粮食继续增产\n##doc_title\n全国种植业工作会议提出\n大力发展紧缺农产品生产。继续扩大粳稻生产；力争明年棉花种植面积恢复到8000万亩；增加双低油菜种植面积，发展东北农牧交错区春花生，稳定东北地区大豆种植面积；稳定发展糖料生产，因地制宜发展小杂粮生产。\n大规模开展粮棉油糖高产创建。在全国建设1万个粮棉油糖高产创建万亩示范片，并选择基础条件好、增产潜力大的50个县(市)、500个乡(镇)，开展整乡整县整建制推进试点。\n大规模开展园艺作物标准园创建。推进由“园”到“区”的拓展，实施范围逐步由1000亩扩大到5000亩以上，在园艺作物专业村实施整村推进，有条件的优势产区实施整乡整建制推进。\n加快推进现代种业发展。加快构建以产业为主导、大企业为主体、大基地为依托、产学研结合、育繁推一体化的现代种业体系，全面提高我国种业科技创新能力、企业竞争能力、供种保障能力、市场监管能力。\n大力推进病虫专业化统防统治。力争到“十二五”末全国重大病虫统防统治率达到30%以上、增加18个百分点，实现主要作物、关键区域全覆盖。同时积极推广绿色防控技术。\n大力推广节本增效技术。切实提高测土配方施肥技术覆盖率，特别是要在果树、蔬菜等园艺作\n物推广应用上有新突破。完善重点地区、优势作物的节水技术，确立不同区域的主推技术模式。扩大土壤有机质提升项目实施范围。\n强化农资市场监管', '“明年我们将采取有效措施，大力推进高标准农田建设。”王建国介绍说：“农业综合开发资金和项目进一步向粮食主产区和产粮大县集中，重点加大对13个粮食主产区和800个产粮大县的投入力度。大力推进改造中低产田、建设高标准农田，抓紧组织编制《全国农业综合开发标准农田建设规划》，注重把农业综合开发纳入农业农村经济及整个国民经济发展的全局中去研究，统筹规划，突出重点，提高前瞻性和指导性，重点加强灌排渠道和机耕路等农业基础设施建设，发展高效节水灌溉和旱作农业技术。促进农业科技进步，用足用好农业科技投入，加强技术培训，提高农民科学种田水平，使项目区农业优良品种覆盖率和先进适用技术普及率明显高于非项目区，要支持农技服务组织增强服务能力，推进农科教结合，把项目区建设成为现代农业科技示范区，条件较好的要率先实现农业现代化，并发挥示范带动作用。保护和改善生态环境，要加强农田林网建设，以西北、内蒙古、河北坝上等生态脆弱地区为重点，加强小流域综合治理、草原（场）建设和土地沙化治理等，为改造中的产田、建设高标准农田提供重要的生态屏障。”\n##doc_title\n努力为人民群众提供高质量的文化服务\n(上接第一版)广泛开展文化服务，把美好的精神食粮提供给亿万人民，让人民群众共享文化改革发展成果，是全面建设小康社会新阶段赋予宣传思想文化工作的重要使命，是宣传思想文化战线必须履行好的重要职责。\n刘云山强调，要始终把人民大众作为文化服务主体，牢记文化发展的根在基层、在群众，站在群众立场考虑问题，着眼群众需要改进工作，把对群众的真挚情感转化为服务群众的内在动力']",明年天津将新建种植业设施10万亩 [1]。,1.0,0.9967922565380875
世纪星网站如何提高返奖额吸引用户？,"['由于没有什么知名度，世纪星网站起初的彩票销售量很小。为此，李贺推出了两项举措：一是建立QQ群扩大宣传，二是采用代理制和会员制。李贺选取了四个不同地区的网友作为彩票销售的全权总代理，李贺只和四个总代理通过QQ联系，总代理还往下发展代理，代理再层层往下发展小代理和会员。这类似于传销中的金字塔形组织结构，李贺处于金字塔的顶端，只要有会员投注，李贺便拿出投注额的12%返还给总代理，总代理再将这12%的提成进行逐级分配。\n这一招很奏效，各级代理为了多拿返还的提成，开始拼命发展下级代理和会员，在世纪星网站注册的会员人数陡增，网站的赢利状况也大为改观，所有会员的投注总额，去掉支付的奖金和代理的返点，剩下的利润都被李贺尽收囊中。\n资。案发后他坦言：“我知道我们这个黑彩网站是没有任何手续的，是政府不允许的，这么干肯定是违法行为。但会员投注的钱太多，赚的钱太多，也就管不了那么多了。”\n\n表弟王文进在李贺手下做客服，他向公安机关“详解”了世纪星网站和国家合法彩票的区别：“我们自己不开彩，利用正规彩票的号码兑奖，除去支付奖金和代理提成，剩下的钱都归世纪星，也不用交税，相对成本就很低了。因为我们提高了中奖奖金的支付额度，是正规网站中奖额的1.7倍，所以世纪星的生意非常火爆。”据王文进估计，世纪星网站正常的“纯利”每天在20万元以上。“毕竟彩票的中奖率是相对固定的，所有会员的投注金额中，大概有50%支付奖金，12%支付代理的提成，剩余的利润38%”。截至今年5月份，公安机关查明，在世纪星网站注册的会员已达9万多人，总交易额达到3.9亿余元，网站主要经营者李贺获得了6000多万元的丰厚“利润”。\n##paragraph_title\n第三方支付平台\n公安机关在侦查中发现这样一个疑惑:对于世纪星的“黑彩”网站性质,世纪星的9万多会员是深知的,为何广知情。\n\n“壹支付应该知道世纪星是干什么的', '截至今年5月份，公安机关查明，在世纪星网站注册的会员已达9万多人，总交易额达到3.9亿余元，网站主要经营者李贺获得了6000多万元的丰厚“利润”。\n##paragraph_title\n第三方支付平台\n公安机关在侦查中发现这样一个疑惑:对于世纪星的“黑彩”网站性质,世纪星的9万多会员是深知的,为何广知情。\n\n“壹支付应该知道世纪星是干什么的。”李贺向公安机关交代，“世纪星是壹支付一个主要的大客户，网站运营后期世纪星每天的资金流量大体在七八百万元，壹支付不可能注意不到，壹支付的后台完全能追踪到世纪星网站的地址。”之所以能“相安无事”，李贺认为双方在一定程度上已经达成了某种默契——“世纪星不会告诉壹支付自己是卖私彩的，壹支付也不会透露从世纪星的流动资金里面赚了多少差价。”\n##paragraph_title\n揭秘壹支付\n2010年春节后，李涛以“酬谢壹支付大客户”的名义邀请李贺到郑州见面吃饭。经李涛介绍，李贺认识了壹支付的高层。这次会面给李贺带来了实惠。壹支付把收取客户手续费的费率从最高的百分之一调整到了最低标准\n——千分之四。李涛在接受公安机关调查时解释，“公司的客户本来就不多，像世纪星这样交易额度大的大客户更少，为了留住世纪星，所以给了他们最低的费率。”\n这与李贺在公安机关的交代“不谋而合”：“壹支付之所以没有封掉世纪星的账户，应该是为了发展他们的业务。仟博网、大博金网的私彩，这三个网站和世纪星相似，返奖比例都是官方合法彩票的1.7倍，也都是通过第三方支付平台进行“黑彩”交易。\n\n“借用官方正规彩票的品种、玩法及中奖规则等资源，将返奖比例提高至1.7倍，‘黑彩’网站来势汹汹，并能够在短时间内套取大量彩民的资金，‘黑彩’的存在已经严重扰乱了国家合法彩票行业的市场秩序，后果不可小觑。”某业内人士对此感到担忧', '李贺主要通过QQ和壹支付一个叫“李涛”的业务员联系业务。壹支付从未封过世纪星的账号，也未设置过障碍，似乎对世纪星的相关业务情况并不因为所有会员往世纪星在壹支付的账户充钱，而壹支付从银行获得的费率肯低于百分之一，他们从中赚取差价。”\n\n对世纪星而言，依托壹支付可以取得广大会员对投注资金安全的信任，第三方支付平台会为交易双方提供资金担保。对壹支付而言，选择世纪星，本应承担相关的认证、审核义务。但因为利润的驱动，他们“忽略”了这些。\n正当李贺还沉浸在做大做强世纪星网站这一美梦的时候，枣庄警方在侦查中发现了世纪星在网上非法销售彩票这一线索。5月31日，公安部指定“世纪星”特大网络赌博案由枣庄市公安机关全力侦破。6月11日，李贺被枣庄警方刑事拘留。\n##paragraph_title\n“黑彩”网站势头凶猛\n世纪星仅是网络上众多“黑彩”网站的一个缩影。与李贺同时被公安机关抓获的，还包括世纪星网站直属的四大总代理之一白宽(化名)。除了在世纪星担任总代理，白宽还代理中体网、\n##doc_title\n“黑彩”老板的“炼金术”\n##doc_title\n一起特大网络赌博案曝出的“黑彩”内幕\n时乐”、“3D”、“P3”等六种彩票品种，其投注玩法及中奖规则完全依据正规彩票的模式，就连开奖时间和中奖结果也与官方彩票一模一样。不过，李贺把世纪星的返奖额提高到了官方正规彩票返奖额的1.7倍；即购买官方彩票返奖如果是10元，那么购买世纪星网站的彩票可以得到17元。\n由于没有什么知名度，世纪星网站起初的彩票销售量很小。为此，李贺推出了两项举措：一是建立QQ群扩大宣传，二是采用代理制和会员制。李贺选取了四个不同地区的网友作为彩票销售的全权总代理，李贺只和四个总代理通过QQ联系，总代理还往下发展代理，代理再层层往下发展小代理和会员', '李贺急需增加人手和改革资金管理模式，他把堂兄弟李明亮招至麾下管理资金，又让表兄弟王文进、王文清、王庆等人负责世纪星网站的客服和网络维护工作。随着在线会员的剧增，李贺又把世纪星网站彩票管理平台从1条增加到12条，每条线设有5个不同的网址，5个不同的网址分别放在5个不同的跳转服务器上。跳转服务器是李贺故意设置的一个“障眼法”，其主要功能就是隐藏真实服务器的IP地址。\n\n解决了技术难题后，李贺又在老家周口市购买了一套130平方米的住宅作为世纪星的“工作区”，所有下属的吃住都限制在这套房屋里。不过，李贺也没有亏待这些跟着他干的亲戚，每月的工资由早期的5000元涨到了后来的月薪4万元。堂兄李明亮跟着李贺负责了一年的财务工作，一共领了37万元的工大彩民敢冒被骗的风险甘心掏钱购买“黑彩”？世纪星上亿元的交易资金又是如何安全流转的？\n\n“秘密”出现在第三方支付平台上。为了打消广大会员对资金安全的顾虑，李贺选择第三方支付平台和会员进行彩票交易，第三方支付平台通常会为交易双方提供资金上的担保。依托第三方支付平台，李贺还有深层次的考虑：如果直接通过银行或者网上银行交易，外人就会知道世纪星的银行账号，这样就可能增大被警方发现的风险。一开始，李贺选择了“支付宝”和“易支付宝”作为第三方支付平台。过了一段时间后，支付宝和易支付宝不约而同地封掉了世纪星的账户，原因是“世纪星网站私自买卖彩票，系非法网站。”\n后来，李贺在网上找到了另外一家不太显眼的第三方支付平台——“壹支付”。李贺主要通过QQ和壹支付一个叫“李涛”的业务员联系业务。壹支付从未封过世纪星的账号，也未设置过障碍，似乎对世纪星的相关业务情况并不因为所有会员往世纪星在壹支付的账户充钱，而壹支付从银行获得的费率肯低于百分之一，他们从中赚取差价。”\n\n对世纪星而言，依托壹支付可以取得广大会员对投注资金安全的信任，第三方支付平台会为交易双方提供资金担保', '仟博网、大博金网的私彩，这三个网站和世纪星相似，返奖比例都是官方合法彩票的1.7倍，也都是通过第三方支付平台进行“黑彩”交易。\n\n“借用官方正规彩票的品种、玩法及中奖规则等资源，将返奖比例提高至1.7倍，‘黑彩’网站来势汹汹，并能够在短时间内套取大量彩民的资金，‘黑彩’的存在已经严重扰乱了国家合法彩票行业的市场秩序，后果不可小觑。”某业内人士对此感到担忧。\n笔者注意到，最高人民法院、最高人民检察院《关于办理赌博刑事案件具体应用法律若干问题的解释》中第二条规定，“以营利为目的，在计算机网络上建立赌博网站，或者为赌博网站担任代理，接受投注的，属于刑法第303规定的‘开设赌场’。”该《解释》第六条还规定，“未经国家批准擅自发行、销售彩票，构成犯罪的，依照刑法第225条规定，以非法经营罪定罪处罚。”\n办理世纪星案的枣庄市市中区检察院侦查监督科负责人说：“李贺等人涉嫌非法经营罪，情节特别严重，我院已以涉嫌非法经营罪将李贺、李明亮等人依法批准逮捕。目前，该案还在进一步侦查中。”\n武兴才 汪文涛 黄建军\n##doc_title\n法援为外来讨薪民工撑腰\n2010年9月30日，内蒙古磴口县法律援助中心收到一面写有“人民公仆，品德高尚”的锦旗，这是26名甘肃籍农民工给他们送来的，正是经过磴口县法律援助中心的积极联络协调，才使这26名农民工讨回被拖欠的20余万元工资。\n事情的经过是这样的:2010年8月中旬的一天下午,20多名农民工突然涌进了磴口县法律援助中心的接待室,法律援助中心主任问清事由后得知,这些人是来自甘肃省漳县、岷县的农民工。2010年5月,他们经人介绍到磴口县阳光新居建筑工地干木工,当时承包商承诺工资一个月一发,谁知他们干了一个半月以后也不见发工资。拿不到工资,这些农民工在磴口县的吃、喝、住等生活费用接济不上']",世纪星网站通过将返奖额提高到了官方正规彩票返奖额的1.7倍来吸引用户，即购买官方彩票返奖如果是10元，那么购买世纪星网站的彩票可以得到17元[3]。,1.0,0.7273913804950306
What is the lower bound for the sum from k=2 to n of 1/k?,"[""$$ \nNow, from L'Hôpital's rule we get\n##display_formula\n $$ \\frac{2}{n}\\sum_{k=1}^{n}\\frac{1}{k}<\\frac{2}{n}\\left(1+\\int_{1}^{n}\\frac{1}{t}dt\\right)=\\frac{2}{n}(\\log n+1)\\rightarrow0 $$ \nas  $ n \\rightarrow +\\infty $. Hence,\n##display_formula\n $$ \\lim_{n\\to+\\infty}\\left(\\frac{2}{n}\\sum_{k=1}^{n}\\frac{1}{k}-\\frac{1}{n}\\right)=0, $$ \nand our previous estimates assure that"", ""We conclude that  $ \\sum_{n=1}^{\\infty}\\frac{1}{f(n)} $ converges to a limit less than or equal to L.\nNote: the above argument proves that the sum for $b=2$ is at most $L<2.417$. One can also obtain a lower bound by the same technique, namely $1+\\frac{1}{2}+\\frac{1}{6(1-c')}$ with $c'=\\log 2$. This bound exceeds 2.043. (By contrast, summing the first 100000 terms of the series only yields a lower bound of 1.906.) Repeating the same arguments with $d\\geq4$ as the cutoff yields the upper bound 2.185 and the lower bound 2.079.\nB−1 The probability is 1/99. In fact, we show by induction on n that after n shots, the probability of having made any number of shots from 1 to n−1 is equal to 1/(n−1). This is evident for n = 2"", '$$ \nOne way to see that this is optimal is to note that the common sum can never be less than n, since n itself belongs to one of the boxes. This implies that  $ k \\leq (1 + \\cdots + n)/n = (n+1)/2 $. Another argument is that if  $ k > (n+1)/2 $, then there would have to be two boxes with one number each (by the pigeonhole principle), but such boxes could not have the same sum.\nRemark. A much subtler question would be to find the smallest  $ k $ (as a function of  $ n $) for which no such arrangement exists.\nA–2 The only such functions are those of the form  $ f(x) = cx + d $ for some real numbers c, d (for which the property is obviously satisfied). To see this, suppose that f has the desired property', '$$ \nIndeed,\n##display_formula\n $$ \\begin{aligned}\\frac{n}{k}-1<\\left\\lfloor\\frac{n}{k}\\right\\rfloor\\leq\\frac{n}{k}&\\Rightarrow\\frac{n^{2}}{k^{2}}-\\frac{2n}{k}+1<\\left\\lfloor\\frac{n}{k}\\right\\rfloor^{2}\\leq\\frac{n^{2}}{k^{2}}\\\\&\\Rightarrow\\frac{1}{k^{2}}-\\frac{2}{kn}+\\frac{1}{n^{2}}<\\frac{1}{n^{2}}\\left\\lfloor\\frac{n}{k}\\right\\rfloor^{2}\\leq\\frac{1}{k^{2}}\\\\&\\Rightarrow0\\leq\\frac{1}{k^{2}}-\\frac{1}{n^{2}}\\left\\lfloor\\frac{n}{k}\\right\\rfloor^{2}<\\frac{2}{kn}-\\frac{1}{n^{2}},\\end{aligned} $$ \nas wished.\nBack to (9.15), we obtain from the above estimates that\n##display_formula\n $$ \\left|P_{n}-\\sum_{k=1}^{n}\\frac{\\mu(k)}{k^{2}}\\right|<\\sum_{k=1}^{n}\\left(\\frac{2}{nk}-\\frac{1}{n^{2}}\\right)=\\frac{2}{n}\\sum_{k=1}^{n}\\frac{1}{k}-\\frac{1}{n}', '##doc_title\nSolutions to the 71st William Lowell Putnam Mathematical Competition\nSaturday, December 4, 2010\nKiran Kedlaya and Lenny Ng\nA−1 The largest such k is  $ \\lfloor\\frac{n+1}{2}\\rfloor = \\lceil\\frac{n}{2}\\rceil $. For n even, this value is achieved by the partition\n##display_formula\n $$ \\{1,n\\},\\{2,n-1\\},\\ldots; $$ \nfor $n$ odd, it is achieved by the partition\n##display_formula\n $$ \\{n\\},\\{1,n-1\\},\\{2,n-2\\},\\cdots. $$ \nOne way to see that this is optimal is to note that the common sum can never be less than n, since n itself belongs to one of the boxes. This implies that  $ k \\leq (1 + \\cdots + n)/n = (n+1)/2 $']","The lower bound for the sum from $ k=2 $ to $ n $ of $ \frac{1}{k} $ is $ 1 + \frac{1}{2} + \frac{1}{6(1 - c')} $ with $ c' = \log 2 $, which exceeds 2.043 [2].",0.5,0.7948542035579651
When does the redemption period expire for the sold property?,"['24-28-107-019-0000 This notice is to advise you that the above property has been sold for delinquent taxes and that the period of redemption from the sale will expire on May 7, 2025. The amount to redeem is subject to increase at 6 month intervals from the date of sale and may be further increased if the purchaser at the tax sale or his or her assignee pays any subsequently accruing taxes or special assessments to redeem the property from subsequent forfeitures or tax sales. Check with the county clerk as to the exact amount you owe before redeeming. This notice is also to advise you that a petition has been filed for a tax deed which will transfer title and the right to possession of this property if redemption is not made on or before May 7, 2025', '25-01-222-032-0000 This notice is to advise you that the above property has been sold for delinquent taxes and that the period of redemption from the sale will expire on May 7, 2025. The amount to redeem is subject to increase at 6 month intervals from the date of sale and may be further increased if the purchaser at the tax sale or his or her assignee pays any subsequently accruing taxes or special assessments to redeem the property from subsequent forfeitures or tax sales. Check with the county clerk as to the exact amount you owe before redeeming. This notice is also to advise you that a petition has been filed for a tax deed which will transfer title and the right to possession of this property if redemption is not made on or before May 7, 2025', '25-18-207-005-0000 This notice is to advise you that the above property has been sold for delinquent taxes and that the period of redemption from the sale will expire on May 7, 2025. The amount to redeem is subject to increase at 6 month intervals from the date of sale and may be further increased if the purchaser at the tax sale or his or her assignee pays any subsequently accruing taxes or special assessments to redeem the property from subsequent forfeitures or tax sales. Check with the county clerk as to the exact amount you owe before redeeming. This notice is also to advise you that a petition has been filed for a tax deed which will transfer title and the right to possession of this property if redemption is not made on or before May 7, 2025', '25-21-121-031-0000 This notice is to advise you that the above property has been sold for delinquent taxes and that the period of redemption from the sale will expire on May 7, 2025. The amount to redeem is subject to increase at 6 month intervals from the date of sale and may be further increased if the purchaser at the tax sale or his or her assignee pays any subsequently accruing taxes or special assessments to redeem the property from subsequent forfeitures or tax sales. Check with the county clerk as to the exact amount you owe before redeeming. This notice is also to advise you that a petition has been filed for a tax deed which will transfer title and the right to possession of this property if redemption is not made on or before May 7, 2025', '28-01-204-009-0000. This notice is to advise you that the above property has been sold for delinquent taxes and that the period of redemption from the sale will expire on 4/14/2025. The amount to redeem is subject to increase at 6 month intervals from the date of sale and may be further increased if the purchaser at the tax sale or his or her assignee pays any subsequently accruing taxes or special assessments to redeem the property from subsequent forfeitures or tax sales. Check with the county clerk as to the exact amount you owe before redeeming. This notice is also to advise you that a petition has been filed for a tax deed which will transfer title and the right to possession of this property if redemption is not made on or before 4/14/2025']","The redemption period expires on May 7, 2025 [1].",1.0,0.8711378252920748
When was the interim final rule published in the Federal Register?,"['An interim final rule concerning this action was published in the Federal Register on April 22, 2004 (69 FR 21695). Copies of the rule were mailed to all Committee members and alternates, the Raisin Bargaining Association, handlers, and dehydrators. In addition, the rule was made available through the Internet by the Office of the Federal Register and USDA. That rule provided for a 60-day comment period that ended on June 21, 2004. No comments were received.\nA small business guide on complying with fruit, vegetable, and specialty crop marketing agreements and orders may be viewed at: http://www.ams.usda.gov/fv/moab.html. Any questions about the compliance guide should be sent to Jay Guerber at the previously mentioned address in the FOR FURTHER INFORMATION CONTACT section', '##paragraph_title\nPART 989—RAISINS PRODUCED FROM GRAPES GROWN IN CALIFORNIA\nAccordingly, the interim final rule amending 7 CFR part 989 which was published at 69 FR 21695 on April 22, 2004, is adopted as a final rule without change.\nDated: August 10, 2004.\nA.J. Yates,\nAdministrator, Agricultural Marketing Service.\n[FR Doc. 04-18613 Filed 8-13-04; 8:45 am]\nBILLING CODE 3410-02-P\n##paragraph_title\nFundamental Change in Asset Composition of a Bank\nAGENCY: Office of the Comptroller of the Currency, Treasury.\nACTION: Final rule', 'ams.usda.gov/fv/moab.html. Any questions about the compliance guide should be sent to Jay Guerber at the previously mentioned address in the FOR FURTHER INFORMATION CONTACT section.\nAfter consideration of all relevant material presented, including the Committee’s recommendation, and other information, it is found that finalizing the interim final rule, without change, as published in the Federal Register (69 FR 22377, April 26, 2004) will tend to effectuate the declared policy of the Act.\nMarketing agreements, Onions,\nReporting and recordkeeping\nrequirements', 'ACTION: Final rule.\nSUMMARY: The Department of Agriculture (USDA) is adopting, as a final rule, without change, an interim final rule that established final volume regulation percentages for 2003–04 crop Natural (sun-dried) Seedless (NS) raisins covered under the Federal marketing order for California raisins (order). The order regulates the handling of raisins produced from grapes grown in California and is locally administered by the Raisin Administrative Committee (Committee). The volume regulation percentages are 70 percent free and 30 percent reserve. The percentages are intended to help stabilize raisin supplies and prices, and strengthen market conditions.\nEFFECTIVE DATE: Effective September 15, 2004', 'DATES: The announcement of the guidance is published in the Federal Register on May 19, 2020. The guidance document is immediately in effect, but it remains subject to comment in accordance with the Agency’s good guidance practices.\nADDRESSES: You may submit electronic or written comments on Agency guidances at any time as follows:\nSubmit electronic comments in the following way:\n• Federal eRulemaking Portal: https://www.regulations.gov. Follow the instructions for submitting comments. Comments submitted electronically,']","The interim final rule was published in the Federal Register on April 22, 2004 [1].",1.0,0.9999999999996388
水的沸点是多少摄氏度？,"['80\\times10^{5} $Pa，锅内水的最高温度( )\nA. 可达 $ 100^{\\circ} $C\nB. 可达 $ 117^{\\circ} $C\nC. 可达 $ 121^{\\circ} $C\nD. 取决于加热时间\n6. (2012·德州)祖国的山河一年四季美景如画，如图中的描述属于液化的是()\n##image\n\nA. 春天，冰雪融化\nB. 夏天，草叶上形成露珠\n\n##image\n\n##image\n\nC. 秋天，枝头挂满白霜  \nD. 冬天，冰雕逐渐变小\n\n##image\n\n7. 如图所示，正确反映 “探究水的沸腾” 过程中温度随时间变化关系是()\n##image\n\n##image\n\n##image\n\n##image\n\n##number\n2', '27. 在 “观察水的沸腾的实验” 中，小明的实验记录表格如下:\n(1)在烧杯上盖上硬纸片，是为了___。观察到当水沸腾时，水中形成大量的气泡上升到水面破裂开来，里面的水蒸气散发到空气中。从实验可得出，沸腾是从液体___和___同时发生的剧烈的___现象。液体在沸腾过程中要___热，但温度___。\n(3)由表可知，加热了___分钟水开始沸腾，水的沸点是___℃，水上方的大气压强___一个大气压(填“大于”或“小于”)。\n\n##table\n<table><tr><td>时间（分）</td><td>0</td><td>1</td><td>2</td><td>3</td><td>4</td><td>5</td><td>6</td><td>7</td><td>8</td></tr><tr><td>温度（℃）</td><td>90℃</td><td>92℃</td><td>94℃</td><td>96℃</td><td>98℃</td><td>99℃</td><td>99℃</td><td>96℃</td><td>99℃</td></tr></table>\n(4)小丽观察到沸腾前和沸腾时水中气泡上升过程中的两种情况，如图(a)、(b)所示，则图___是水沸腾前的情况，图___是水沸腾时的情况。\n##image\n\n##figure_title\n(a)\n##image\n\n##figure_title\n(b)\n28. 如图乙所示，是探究某液态物质凝固过程中温度随时间变化的实验装置，依据实验数据描绘出了该液态物质在凝固过程中温度随时间变化的图像，如图甲所示。由图像可知该物质是___(填“晶体”或“非晶体”)，该液态物质从开始凝固到完全凝固所用的时间是___min，8s末温度计的示数如图乙所示，温度计的示数是___℃', '2 situated in the northern part of a university in Wuhan, China. The water quality is shown in Tab. 1.\n##figure_title\nTable 1. Water quality in the experiments.\n##table\n<table><tr><td>$ \\text{COD}_{cr} $(mg/L)</td><td>pH</td><td>Turbidity(NTU)</td><td>SS(mg/L)</td><td>$ \\zeta $-potential(mV)</td><td>Water Temperature( $ ^{\\circ} $C)</td></tr><tr><td>310-740</td><td>5-8</td><td>100-500</td><td>400-800</td><td>-18.4--22.6</td><td>15-25</td></tr></table>\n##paragraph_title\n3 Results and Discussion\n##paragraph_title\n3', '2. 关于物态变化, 下列说法正确的是( )\n\nC. 雾的形成, 属于汽化现象\n\nC. 雾的形成, 属于汽化现象\n\nD. 霜的形成, 属于凝华现象\n\nD. 霜的形成, 属于凝华现象\n3. 下列现象中属于蒸发的是(    )\nA. 铁块变成铁水\nB. 夏天从冰箱拿出的苹果“冒汗”\nC. 霜的形成\nD. 把酒精擦在手背上, 一会儿不见了\n4. 下列做法能使水的蒸发加快的是()\nA. 用电热吹风机将湿头发吹干\nB. 用扫帚把地面的积水向周围扫开\nC. 把粮食拿到向阳的地方晒\nD. 把水果用保鲜膜包好放在冷藏柜里\n5\\.  $ (2012\\cdot广州) $下表为不同气压下水的沸点\n##table\n<table><tr><td>$ P/\\times 10^{5} $Pa</td><td>0.98</td><td>1.01</td><td>1.13</td><td>1.29</td><td>1.48</td><td>1.69</td><td>1.80</td><td>2.05</td></tr><tr><td>t/℃</td><td>99</td><td>100</td><td>103</td><td>107</td><td>111</td><td>115</td><td>117</td><td>121</td></tr></table>\n压力锅工作时锅内气体压强最大可达 $ 1.80\\times10^{5} $Pa，锅内水的最高温度( )\nA. 可达 $ 100^{\\circ} $C\nB. 可达 $ 117^{\\circ} $C\nC. 可达 $ 121^{\\circ} $C\nD. 取决于加热时间\n6. (2012·德州)祖国的山河一年四季美景如画，如图中的描述属于液化的是()\n##image\n\nA. 春天，冰雪融化\nB', '地壳的厚度约为 8 到 40km，在地表以下不太深的地方，温度可按  $ y=3.5x+t $ 计算，其中 x 是深度，t 是地球表面温度，y 是所达深度的温度.\n（1）在这个变化过程中，自变量和因变量分别是什么？\n（2）如果地表温度为  $ 2^{\\circ} $C，计算当 x 为 5km 时地壳的温度.\n##number\n第 2 页\n##footer\n在线学习网址：www.Jinghua.com\n客服热线：400-650-7766（9:00—21:00 everyday）\n##footer\n版权所有 北京天地精华教育科技有限公司']",根据参考内容，当压力锅工作时锅内气体压强最大可达 $ 1.80\times10^{5} $Pa，对应的水的最高温度是 $ 117^{\circ} $C [4]。,1.0,0.6705923218194808
Which state's LEP plan is available in several languages?,"['<table><tr><td></td><td>Minnesota</td><td>California</td><td>Georgia</td><td>Texas</td></tr><tr><td>Department Responsible for LEP</td><td>Department of Human Services</td><td>Department of Social Services</td><td>Department of Human Resources</td><td>Department of Human Services</td></tr><tr><td>LEP Plan on website</td><td>✓</td><td>✓</td><td>✓</td><td></td></tr><tr><td>State/County Roles</td><td>State oversees county implementation responsibilities</td><td>State oversees county implementation responsibilities</td><td>State/County share implementation responsibilities</td><td>State oversees county implementation responsibilities</td></tr><tr><td>Languages Served</td><td>10 Languages</td><td>18 Languages</td><td>6 Languages</td><td>5 Languages</td></tr><tr><td>Translation/Interpreter', 'lep.gov</td><td>Forms and brochures provided in Spanish</td></tr><tr><td>State/County Roles</td><td></td><td>State oversees county/local implementation responsibilities</td><td></td><td></td><td></td></tr><tr><td>Languages Served</td><td>8 Languages</td><td></td><td></td><td></td><td>1 Language</td></tr><tr><td>Translation/ Interpreter Services</td><td>Contracted services, bilingual staff</td><td>Contracted services, bilingual staff</td><td></td><td></td><td></td></tr><tr><td>Training</td><td></td><td>✓ Initial training</td><td></td><td></td><td></td></tr><tr><td>Monitoring/ Tracking</td><td></td><td>Annual evaluations of LEP plan</td><td></td><td></td><td></td></tr></table>', '##table\n<table><tr><td></td><td>Connecticut</td><td>Mississippi</td><td>Florida</td><td>Oregon</td><td>Illinois</td></tr><tr><td>Department Responsible for LEP</td><td>Department of Children and Families</td><td>Division of Medicaid</td><td>Department of Children &amp; Families</td><td>Department of Human Resources</td><td>Dept. of Children &amp; Family Services.</td></tr><tr><td>LEP Plan on Website</td><td>✓</td><td>✓</td><td>Forms in several languages</td><td>Provides links to www.lep', '##paragraph_title\nExecutive Order No. 13166: Improving Access to Services for Persons with Limited English Proficiency (LEP)\nAugust 11, 2000: President Bill Clinton issued the Executive Order 13166.\nDesigned to improve access to federally conducted and federally assisted programs/activities for LEP persons\nFederal agencies were asked to develop and implement a system to provide LEP persons access to services.\nEach federal agency was asked to prepare a plan to improve access to LEP persons, and submit plans to the U.S. Department of Justice.\nExecutive Order charged the Department of Justice with the responsibility of providing LEP guidance to federal agencies', 'NEBRASKA Lincoln: Gov. Jim Pillen announced that Jewel Rodgers of Omaha will be the new state poet, KOLN reported.\nNEVADA Carson City: The U.S. Department of Justice announced an agreement with Nevada in which the state promised to improve services for children who have behavioral health disabilities.\nNEW HAMPSHIRE Plaistow: A plan is in place to ensure continuous emergency services following Exeter Hospital’s announcement last fall that it plans to end its advanced life support paramedic intercept service on March 20. The Plaistow Select Board unanimously voted to accept a $2 million grant from Exeter Health Resources to enable the town’s fire department to establish its own paramedic intercept service.\nNEW JERSEY Ocean County']",Answer: California's LEP plan is available in several languages [1].,0.0,0.8643104265081427
2021-2023 年锂电铝箔需求量分别是多少？,"['假设单位 GW 对锂电铝箔的需求量为 400 吨，预计 2021-2023 年锂电铝箔需求量分别为 17.4/25.1/32.9 万吨，同比分别增长 42%/31%。从供给端来看，海外产能扩产较慢，且加工费要高于国内 2-3 倍，面临着国内铝箔厂商的冲击；国内方面，仅鼎胜新材、南山铝业和华北铝业几家公司有新增产能，预计 2021-2023 锂电铝箔产量分别为 16.7/24.5/32.8 万吨。 $ \\underline{\\text{综上，锂电铝箔供需同样趋紧，加工费易涨难跌。}} $\n钠离子电池量产开始倒计时。宁德时代预计 22 年将有一条钠离子电池产线投入生产，到 2023 年形成基本产业链；三峡能源与三峡资本、中科海钠以及安徽省阜阳市政府签订了钠离子电池产线的合作协议，将在阜阳建设 1GWh 的钠离子电池规模化量产线，产线预计 22 年正式投产，未来规划不少于 30GWh 的钠离子电池产线。\n##figure_title\n图表 62: 锂电铝箔供需平衡表\n##number\n23\n##footer\n请务必阅读正文之后的重要声明部分', '如下图表所示，21年锂电铜箔将逐渐结束供给过剩的局面，虽然锂电铜箔产能仍按部就班投建释放，但是由于需求的快速增长，最终使得锂电铜箔转归供应不足。我们预计加工费也将在2021年走入上升通道，当然2020年呈现出来的也可能是进一步的洗牌——进入海内外锂电池巨头产业链是企业未来发展的核心，也是面临的现实选择。\n##figure_title\n图表 61：锂电铜箔供需平衡表\n##table\n<table><tr><td></td><td>2020</td><td>2021E</td><td>2022E</td><td>2023E</td></tr><tr><td>锂电铜箔需求量（万吨）</td><td>19.3</td><td>34.7</td><td>51.3</td><td>69.1</td></tr><tr><td>锂电铜箔出货量（万吨）</td><td>25.0</td><td>32.6</td><td>50.3</td><td>69.1</td></tr><tr><td>供需缺口（+过剩/-不足）</td><td>5.7</td><td>-2.16</td><td>-1.05</td><td>-0.01</td></tr><tr><td>供需缺口所占比例</td><td>29%</td><td>-6%</td><td>-2%</td><td>-0%</td></tr></table>\n##vision_footnote\n数据来源：公司公告、中泰证券研究所\n##paragraph_title\n8. 铝箔：行业新增扩产有限，持续高景气\n行业维持高景气周期。假设单位 GW 对锂电铝箔的需求量为 400 吨，预计 2021-2023 年锂电铝箔需求量分别为 17.4/25.1/32.9 万吨，同比分别增长 42%/31%', '##paragraph_title\n锂：电动车主导锂需求，储能打造第二增长极\n##header_image\n\n在新能源车和储能需求的拉动下，我们预计2023-2025年全球锂需求为102.7/123.6/148.9万吨LCE，增长29%/20%/20%，其中新能源车需求占比72%/72%/72%，储能需求占比13%/15%/17%。\n新能源车锂需求继续保持高增长。我们预计2023年全年新能源汽车产销量将超过900万辆，同比增速超过30%，在受到高基数和各国补贴政策退出的影响下仍然保持高增长。新能源汽车的受众群体在逐步扩大，消费从过往的政策驱动转为市场驱动，渗透率也逐渐增加，根据乘联会数据，2022年世界新能源车渗透率已经达到13%水平，而2023年1-10月达到15.4%，其中中国渗透率达到30%，德国达到22%，但美国和日本仅有9%和3%，仍有较大提升空间。我们保持中性假设，预计2023-2025年新能源车锂需求为73.9/89.0/107.1万吨LCE，增长31%/20%/20%。\n储能打造第二增长极。据高工产业研究院(GGII)预测，预计“十四五”储能锂电池的总出货量年复合增长将超过50%，到2025年，全球储能电池出货量将逼近500GWh。海外市场光储结合和独立储能电站发展加速，强制配储的背景下，国内市场进入新能源配储元年，全球电化学储能有望迎来爆发式增长，因此我们假设2023-2025年储能锂需求为13.7/18.9/25.5万吨LCE，增长70%/38%/35%', '##figure_title\n图表46：2015-2025年全球锂需求（万吨LCE）\n##table\n<table><tr><td>栏目</td><td>2016A</td><td>2017A</td><td>2018A</td><td>2019A</td><td>2020A</td><td>2021A</td><td>2022A</td><td>2023E</td><td>2024E</td><td>2025E</td></tr><tr><td>全球锂需求</td><td>18.8</td><td>22.9</td><td>26.4</td><td>33.3</td><td>37.0</td><td>58.0</td><td>79.7</td><td>102.7</td><td>123.6</td><td>148.9</td></tr><tr><td>同比</td><td>22%</td><td>22%</td><td>15%</td><td>26%</td><td>11%</td><td>57%</td><td>37%</td><td>29%</td><td>20%</td><td>20%</td></tr><tr><td>动力电池需求</td><td>5.6</td><td>7.7</td><td>12.0</td><td>17.8</td><td>20.2</td><td>37.7</td><td>56.4</td><td>73.9</td><td>89.0</td><td>107', '##header_image\n\n##header\n行业周报\n##header\n可以提升能量密度 3-4 个百分点。\n##figure_title\n图表60：铜箔加工费历史走势\n##chart\n\n##vision_footnote\n数据来源：铜箔协会，中泰证券研究所\n而随着新能源汽车进入又一轮快速上行期，锂电铜箔也将进入新一轮景气周期。如下图表所示，21年锂电铜箔将逐渐结束供给过剩的局面，虽然锂电铜箔产能仍按部就班投建释放，但是由于需求的快速增长，最终使得锂电铜箔转归供应不足。我们预计加工费也将在2021年走入上升通道，当然2020年呈现出来的也可能是进一步的洗牌——进入海内外锂电池巨头产业链是企业未来发展的核心，也是面临的现实选择']",2021-2023 年锂电铝箔需求量分别为 17.4/25.1/32.9 万吨 [1]。,1.0,0.6232918955370623
哪些公司被指出未履行监管义务？,"['报告职责险续保情况等监管要求· 未履行接收相关监管文件、缴纳年度监管费等监管义务· 拒绝或者妨碍监督检查</td><td>6</td><td>某保险销售有限公司黑龙江省某保险代理有限公司北京某保险销售有限公司北京某保险代理有限公司</td></tr></table>\n##vision_footnote\n普华永道 | 2023年度保险行业监管处罚与政策动态\n##number\n8', '##paragraph_title\n2.2 行政处罚和行政干预情况分析（续）\n2023年一季度证监会等监管机构披露的95笔罚单中，行政处罚和行政干预情况列示如下：\n##table\n<table><tr><td>处罚情形</td><td>主要违法违规事由</td><td>罚单数量</td><td>机构或个人示例</td></tr><tr><td>采取责令改正并暂停新增客户3个月的行政监督管理措施</td><td>证券投资顾问人员数量、业务能力、合规管理和风险控制无法支撑客户服务和继续展业。</td><td>1</td><td>· 某证券投资咨询公司四川分公司</td></tr><tr><td>暂停新开证券账户6个月</td><td>1.未有效执行公司代销金融产品业务管理等各项内控制度，分公司个别员工私自销售非本公司自主发行或代销的金融产品；2.原负责人涉嫌刑事犯罪被司法部门采取强制措施。</td><td>1</td><td>· 某证券公司云南分公司</td></tr><tr><td>采取暂停资产管理产品备案3个月的行政监管措施</td><td>违规新增定向资产管理计划规模。</td><td>1</td><td>· 某证券公司</td></tr></table>\n##footer\n2023年一季度证券期货行业监管处罚分析\n##footer\n普华永道\n##number\n7', '##paragraph_title\n2.3 较严厉的行政处罚情况分析\n##header_image\n\n2023年三季度金融监管总局及其派出机构开出的1,452张罚单中，除罚款、警告外，其他的有代表性处罚情况列示如下：\n##table\n<table><tr><td>处罚情形</td><td>主要违法违规事由</td><td>罚单数量（张）</td><td>机构示例</td></tr><tr><td>禁止从事银行业</td><td>1. 贷款“三查”未尽职；2. 内控管理不到位；3. 与担保公司相关合作业务违反审慎经营规则；4. 员工行为管理不到位；5. 相关重大关联交易管理违反审慎经营规则；6. 盗窃罪、欺骗罪。</td><td>107</td><td>· 某农村商业银行股份有限公司等25家农村商业银行；· 某农村信用合作联社等15家农村信用社；· 某城市商业银行等5家城市商业银行；· 某银行股份有限公司等5家国有大型商业银行；· 浙江某联合村镇银行股份有限公司等3家村镇银行；· 某银行股份有限公司等2家股份制商业银行；· 某开发性金融机构。</td></tr><tr><td>取消任职资格</td><td>1. 贷款调查、审查不到位；2. 公司治理不到位；3. 贷款“三查”不尽职；4. 内控管理存在缺陷。</td><td>20</td><td>· 某农村商业银行股份有限公司等7家农村商业银行；· 包头市某村镇银行有限责任公司等2家村镇银行；· 某银行股份有限公司等2家股份制商业银行；· 某农村信用合作联社等2家农村信用社', '高质量的研究报告不仅是投资者了解市场信息的重要途径，更是证券公司及证券研究机构展业的坚实基础。因此，强化内控合规、提升研报质量既是金融监管的目标所在，更应成为证券公司不断提升服务质量的根本要求。本期普华永道将从研究报告合规管控的角度进行案例分析。\n##table\n<table><tr><td>处罚事项</td><td>处罚措施</td><td>案例分析</td></tr><tr><td>· 某券商在未成为中国证券业协会注册登记的证券投资顾问的情况下，通过新浪微博微信等网络媒体向投资者提供大盘分析、个股点评、个股推荐、个股买卖建议等证券投资咨询服务。\n· 该券商员工擅自使用冠有公司名称的媒体账号进行信息发布，个别员工擅自发布违反廉洁从业要求的相关内容，引发负面舆情。\n· 该券商对自媒体平台直播管理不完善，存在通过自媒体平台宣传非投资顾问的投资策略、线下课程和投资业绩情况，个别非证券投资顾问人员开展板块和大盘分析直播活动，未建立针对平台直播内容的留痕机制。</td><td>· 对该相关单位及其人员出具警示函；\n· 增加内部合规检查次数等监管措施。</td><td>针对上述案例指出的违规问题，普华永道建议展业过程中重点关注：\n· 资质管理要先行，机构资质和人员资质缺一不可。公司应当针对机构资质、产品及服务范围、从业人员资质、产品及服务受众的适当性等方面，制定健全的内部控制机制，保证各个层面的资质全方面匹配。公司应当充分了解投资者的基本情况、财产状况、金融资产状况、投资知识和经验和专业能力等，针对产品及服务的营销活动构建资质评估、内部审查机制、内部文档留痕等内部控制管理体系，加强投资者的回访管理，避免开展不适当的营销活动。\n· 宣贯内容要合规，注重内容适当性。公司应制定具体的政策制度，对宣贯内容建立审核、发布工作机制，对宣贯内容适当性进行管控', '较严厉的行政处罚情况列示如下：\n##table\n<table><tr><td>处罚情形</td><td>主要违法违规事由</td><td>罚单数量（张）</td><td>处罚涉及机构</td></tr><tr><td>禁止从事保险业</td><td>· 欺骗保险人、投保人、被保险人或者受益人· 利用职务便利收受贿赂· 内控管理不到位· 非法吸收公众存款· 参与保险理赔款诈骗/对诈骗行为负有直接责任· 拒绝、妨碍依法监督检查</td><td>32</td><td>某财产保险股份有限公司等7家财产险公司某人寿保险股份有限公司等8家人身险公司某保险经纪（北京）有限公司等5家保险中介机构公司</td></tr><tr><td>停止接受新业务</td><td>· 编制虚假财务资料· 虚假列支费用、未按规定使用银行账户、未按照规定对营业场所变更事项进行公开披露· 虚构保险中介业务套取费用· 聘任不具有任职资格的人员/冒用他人名义从事业务· 为其他机构及人员牟取不正当利益</td><td>10</td><td>某财产保险股份有限公司某人寿保险股份有限公司某保险经纪有限公司等8家保险中介机构公司</td></tr><tr><td>撤销任职资格</td><td>· 委托未取得合法资格的机构从事保险销售活动· 未如实记录保险业务事项· 财务数据不真实· 未取得任职资格的人员实际履行高管职务行为· 未按规定设立专门账簿· 虚列费用</td><td>6</td><td>某财产保险股份有限公司某财产保险股份有限公司某人寿保险股份有限公司某保险代理股份有限公司某保险代理有限公司</td></tr><tr><td>吊销业务许可证</td><td>· 未落实换发新版保险中介许可证、报告职责险续保情况等监管要求· 未履行接收相关监管文件']",某保险销售有限公司、黑龙江省某保险代理有限公司、北京某保险销售有限公司、北京某保险代理有限公司 [1]。,1.0,0.0
What percentage of the funds from the sale will be used for archaeological resources?,"['A Finding of No Significant Impact and Decision Record, dated September 12, 2019, were completed in connection with this notice of realty action.\nAccording to the LCCRDA (Pub. L. 108-424), section 102(g), lands identified within the Ely Resource Management Plan are withdrawn from location and entry under the mining laws and from operation under the mineral and geothermal leasing laws until such time as the Secretary of the Interior (Secretary) terminates the withdrawal or the lands are patented.\nIn accordance with the LCCRDA and WPCCRDA, 85 percent of the funds generated by this sale will be used for archaeological resources, natural resource protection, recreation and wilderness planning, and other opportunities in Lincoln and White Pine County respectively', 'Additionally, five percent of the revenue will go to the State of Nevada General Education Fund and 10 percent of the revenue will go to Lincoln or White Pine County respectively.\nThe following National Environmental Policy Act documents apply to this proposed land sale. Separate environmental assessments were prepared for the parcels in each county. The Lincoln County parcels are analyzed in DOI–BLM–NV–L030–2015–0027–EA (https://eplanning.blm.gov/eplanning-ui/project/56542/510) and DOI–BLM–NV–L030–2015–0026–EA (https://eplanning.blm.gov/eplanning-ui/project/72496/510). The White Pine County parcels are analyzed in DOI–BLM–NV–L060–2018–0002–EA (https://eplanning.blm.gov/eplanning-ui/project/104342/510).\n\nSubmit comments to the address in the ADDRESSES section', 'The Canadian company, which transports and recycles waste, among other services, said it reached the agreement with funds managed by affiliates of Apollo and BC Partners. It would retain a 44% equity interest in the business, while funds managed by affiliates of Apollo and BC each would hold a 28% equity interest.\nGFL said its board, when excluding interested directors who have recused themselves, has unanimously approved the transaction. The deal is expected to close in the first quarter.\n\nGFL expects cash proceeds from the deal to be around C$6.2 billion. It intends to use up to C$3.75 billion of the net proceeds to repay debt, leaving up to C$2.25 billion for share repurchases. The balance will go to transaction fees and general corporate purposes', 'Most of that has come from sales to businesses.\nOpenAI told investors when closing its October round that it expected to generate $3.7 billion in revenue last year, in large part from sales of the premium version of ChatGPT to consumers.\n##doc_title\nGFL Environmental to\nSell Services Business\nIn $5.6 Billion Deal\nBY DENNY JACOB\nGFL Environmental has reached an agreement to sell its environmental services business in a deal valued at 8 billion Canadian dollars, equivalent to about $5.59 billion, though it would retain an equity interest.\nThe Canadian company, which transports and recycles waste, among other services, said it reached the agreement with funds managed by affiliates of Apollo and BC Partners', ""Trustees' file number 23-000038-MD-F-1.\nUnder a power of sale contained in a certain Deed of Trust dated April 3, 2001, recorded in Liber 10323, Folio 392 among the Land Records of Anne Arundel County, MD, with an original principal balance of $330,000.00, default having occurred under the terms thereof, the Sub. Trustees will sell at public auction at the Circuit Court for Anne Arundel County, at the Court House Door, 8 Church Circle, Annapolis, MD 21401, on\n\n##paragraph_title\nJANUARY 28, 2025 AT 9:24 AM\nALL THAT FEE SIMPLE LOT OF GROUND, together with any buildings or improvements thereon located in Anne Arundel County, MD and more fully described in the aforesaid Deed of Trust""]",The percentage of the funds from the sale that will be used for archaeological resources is 85 percent [1].,1.0,0.9999999999998063
Which state has been controlled since the 1960s by parties stemming from the Dravidian movement?,"['It has been controlled since the 1960s by parties stemming from the Dravidian movement, which began as a revolt against Brahmins (the highest of India’s castes) dominating the civil service. That grew into a campaign to abolish the caste system and protect local language and culture. In the past Dravidian leaders agitated for an independent nation, too.\n\nTo try to break Dravidian parties’ grip on power, the BJP appointed Mr Annamalai, a charismatic Tamil, as its state chief in 2021, two years after he resigned as a police officer. A farmer’s son from a relatively low caste, he has run an aggressive campaign to mobilise young voters, especially in rural areas, and to counter Dravidian parties’ accusations that the BJP is dominated by northern Brahmins', ""The average literacy rate of women aged between 15 and 49 in the south is among India's highest, averaging 86%. In UP and Bihar, the average is 70%.\nThe north-south divide is cultural, too. The BJP seeks to establish a Hindu-centric national identity that it says was suppressed for centuries by Muslim and British invaders. But that idea resonates far less in the south, where Islam arrived earlier and spread more peacefully. The region also has a long history of social activism aimed at modernising Hinduism and promoting local identity.\nThe BJP’s challenge is particularly acute in Tamil Nadu. It has been controlled since the 1960s by parties stemming from the Dravidian movement, which began as a revolt against Brahmins (the highest of India’s castes) dominating the civil service"", '“Look at me: I’m a pukka Dravidian south Indian,” he says.\n##chart\n\n##vision_footnote\n*Jan 2022-Jun 2023 †Year ending March †At Feb 2024, startups valued $1bn or more $2020-23 **Estimate †December 2023 Sources: CBRE Research; Tracxn; government statistics\n“I’m rooting the BJP to the ground here.”\nAnd to build the party’s presence in the state, he says he is putting “growth, growth and growth” at the centre of its campaign. “I don’t think we need to respond to ideology with ideology,” he adds. In particular, the BJP has to tread carefully on the idea of making Hindi a national language, as it has sometimes advocated. That issue has often provoked protests in the south, including deadly riots in Tamil Nadu in 1965', 'Kulajan has been transformed. Mr Das used to be employed in a clothes shop and now runs his own. ""I owe this to the bridge,"" he says.\nThis is the sort of story Mr Modi’s Bhara-tiya Janata Party (BJP) likes to tell about north-east India. Long an embarrassment to the government in Delhi, the region’s eight states are poor, insurgency-racked and mostly tucked away beyond neighbouring Bangladesh. No part of India—not even restive Kashmir in the far north—has been so little touched by its 76-year-long state-building effort. The Modi government has tried to change that.\nIt has accelerated infrastructure projects in Arunachal Pradesh, Assam, Manipur, Meghalaya, Mizoram, Nagaland, Sikkim and Tripura (see map on next page)', 'DELAWARE Dover: Delaware Mari-\njuana Commissioner Rob Coupe will\nstep down later this month as the\nindustry continues its momentum\ntoward opening.\nDISTRICT OF COLUMBIA Washing-\nton: A massive crowd gathered Mon-\nday at Meridian Hill Park for a snow-\nball fight hosted by the DC Snowball\nFight Association, DC News Now\nreported.\nFLORIDA Tallahassee: Despite seven attempts by various lawmakers to dethrone it over a 25-year span, the northern mockingbird still reigns as the official bird of Florida. State Rep. Jim Mooney hopes the eighth time’s the charm. Mooney filed legislation for the 2025 legislative session to make the American flamingo the official state bird and the Florida scrub-jay the official state songbird']",The state has been controlled since the 1960s by parties stemming from the Dravidian movement [2].,,0.7794958798000086
直线 l 的参数方程中，y 的表达式是什么？,"[""【解析】(1) 由抛物线  $ C: x^2 = 4y $，得  $ F(0,1) $，\n\n若直线l的斜率为3,则直线l的方程为 $ y=3x+1 $.\n##inline_formula\n $$ A(x_{1},y_{1}),B(x_{2},y_{2}) $$ \n##inline_formula\n $$ \\begin{cases}y=3x+1\\\\x^{2}=4y\\end{cases} $$ \n##inline_formula\n $$ x^{2}-12x-4=0 $$ \n##inline_formula\n $$ \\Delta>0,\\;x_{1}+x_{2}=12 $$ \n所以  $ |AB| = |AF| + |FB| = y_{1} + 1 + y_{2} + 1 = 3(x_{1} + x_{2}) + 4 = 40. $\n##image\n\n(2) 证明: 由题可知, 直线 l 的斜率存在, 设直线 l 的方程为  $ y = kx + 1 $,  $ A(x_{1}, y_{1}) $,  $ B(x_{2}, y_{2}) $,\n抛物线方程为  $ x^{2}=4y $，即  $ y=\\frac{x^{2}}{4} $， $ y'=\\frac{x}{2} $，\n所以A、B为切点的切线方程分别为 $ x_{1}x=2y+2y_{1} $， $ x_{2}x=2y+2y_{2} $。\n由  $ \\begin{cases} y = kx + 1 \\\\ x^2 = 4y \\end{cases} $ 消去 y 得  $ x^2 - 4kx - 4 = 0 $，所以  $ \\Delta > 0 $， $ x_1 + x_2 = 4k $， $ x_1 x_2 = -4 $"", '$  $ \\cdots\\cdots\\cdots\\cdots\\cdots $ -6分\n直线 MA 的方程为  $ y=\\frac{y_{1}}{x_{1}+2}(x+2) $，令 x=0 可得点 P 坐标为  $ \\left(0,\\frac{2y_{1}}{x_{1}+2}\\right) $\n同理点 Q 坐标为  $ \\left(0,\\frac{2y_{2}}{x_{2}+2}\\right) $  $ \\cdots $  $ \\cdots $  $ \\cdots $  $ \\cdots $ -8 分\n $ \\left|PQ\\right|=1\\Rightarrow\\left|\\frac{y_{1}}{x_{1}+2}-\\frac{y_{2}}{x_{2}+2}\\right|=\\frac{1}{2}\\Rightarrow\\left|\\frac{(x_{1}-x_{2})(1-2k)}{(x_{1}+2)(x_{2}+2)}\\right|=\\frac{1}{2} $\n $ \\left|4\\sqrt{2}\\sqrt{1-2k^{2}}\\left(1-2k\\right)\\right|=2\\left(2k-1\\right)^{2}-\\cdots-\\cdots-10 $ 分\n##footer\n浙江省 A9 协作体暑假返校联考 高三数学参考答案\n##number\n第 4 页 共 6 页', '$$ \n（2）由（1）可知  $ F(5,0) $，由题可知直线  $ AB $ 的方程为  $ y = \\sqrt{2}(x-5) $，与椭圆  $ C $ 的方程联立  $ \\begin{cases} y = \\sqrt{2}(x-5) \\\\ \\dfrac{x^2}{50} + \\dfrac{y^2}{25} = 1 \\end{cases} $，消去  $ y $ 得  $ x^2 - 8x + 10 = 0 $\n\n设  $ A(x_1, y_1) $， $ B(x_2, y_2) $，则有  $ x_1 + x_2 = 8 $， $ x_1 x_2 = 10 $', '$ (t 为参数)，直线 l 与曲线 C 的交点为 A,B，当  $ |MA|+|MB| $ 取最小值时，求直线 l 的普通方程.\n23.[选修4-5:不等式选讲](10分)\n已知函数  $ f(x)=|x-a|+|x+1| $.\n(1) 若 a = -2，求不等式  $ f(x) \\leqslant 3 $ 的解集；\n(2) 如果关于 x 的不等式  $ f(x) < 2 $ 的解集不是空集，求实数 a 的取值范围.\n##number\n第 4 页(共 4 页)', '64. $\n(1) 若用线性回归模型来拟合数据的变化关系，求 y 关于 x 的回归方程  $ \\hat{y}=bx+\\hat{a} $（结果精确到 0.1）；\n##footer\n二轮复习联考(三)全国卷1\n##inline_formula\n $$ \\hat{y}=0.06\\mathrm{e}^{0.2303x} $$ \n##inline_formula\n $$ (x_{1},y_{1}),(x_{2},y_{2}),\\cdots\\cdots,(x_{n},y_{n}) $$ \n##inline_formula\n $$ \\begin{align*}\\vdots\\hat{b}=\\frac{\\sum\\limits_{i=1}^n(x_i-\\bar x)(y_i-\\bar y)}{\\sum\\limits_{t=1}^n(x_i-\\bar x)^2},\\hat{a}=\\bar y-\\hat{b}\\bar x\\end{align*} $$ \n##inline_formula\n $$ \\frac{\\sum\\limits_{i=1}^{n}\\left(y_{i}-\\hat{y}_{i}\\right)^{2}}{\\sum\\limits_{i=1}^{n}\\left(y_{i}-\\bar{y}\\right)^{2}} $$ \n##inline_formula\n $$ \\mathrm{e}^{8.0605}\\approx3\\;167. $$ \n20.(12分)已知椭圆 C: $ \\frac{x^{2}}{a^{2}}+\\frac{y^{2}}{b^{2}}=1(a>b>0) $ 的右焦点为 F，上顶点为 A，直线 FA 的斜率为  $ -\\frac{\\sqrt{3}}{3} $，且原点 O 到直线 FA 的距离为  $ \\frac{\\sqrt{3}}{2} $.\n21']",直线 l 的参数方程中，y 的表达式是 $ y = \sqrt{2}(x-5) $ [3]。,0.0,0.995723704409861
What is the name of the creators of the calzone golem?,"[""(can't run)\nAC: 13 (-1 Dex, +4 natural)\nAttacks: 2 slams +5 melee\nDamage: Slam 1d8+1 and 1d4 fire\nFace/Reach: 5 ft. by 5 ft./5 ft.\nSpecial Attacks: Breath weapon, heat\nSpecial Qualities: Berserk, construct, magic immunity, spurt\nSaves: Fort +2, Ref +1, Will +2\nAbilities: Str 17, Dex 9, Con —, Int —, Wis 11, Cha 1\nClimate/Terrain: Any land and underground\nOrganization: Solitary or gang (2–4)\nChallenge Rating: 3\nTreasure: None\nAlignment: Always neutral\nAdvancement: 7–12 HD (Medium-size); 13–18 HD (Large)\nThe calzone golem is a strange construct dreamed up by Andolyn and Gendrew and created through a delicate process that mixes alchemy and bakery in ways never before imagined by mortal beings. It looks like a doughy humanoid, and smells of cheese and tomatoes"", ""The golem rolls no saving throw against fire effects.\nSpurt (Ex): If the calzone golem is struck for damage by a slashing or piercing weapon, it spurts out a small splash of extremely hot juices from the wound. This spurt inflicts 1 point of fire damage to all individuals within 5 feet of the golem.\n##paragraph_title\nConstruction\nA calzone golem's body is created from a mixture of fine ingredients, including approximately 100 pounds of flour, 50 pounds of cheese, four gallons of tomato sauce, and large quantities of salt, yeast, and sugar. Mushrooms, olives, or other ingredients may be added to the tomato sauce as desired. Season with oregano and black pepper to taste. All ingredients must be fresh and of the highest quality"", 'It looks like a doughy humanoid, and smells of cheese and tomatoes.\n##paragraph_title\nCombat\nAs a golem, the calzone golem is incapable of strategy or tactics. Its creator can command it if within 60 feet. When not directly controlled, most calzone golems stand as steadfast guardians of kitchens, pantries, or dining halls.\nexcept that the range is 0 and the effect is a cloud that spreads in a 5-foot radius, 5 feet high. The Fortitude save to negate the effect has a DC of 13.\n\nBreath Weapon (Su): Once every 5 rounds, the cal- zone golem can exhale a cloud of nauseating gas as a free action. This is identical with a stinking cloud spell\nHeat (Ex): The calzone golem generates so much heat that its mere touch deals additional fire damage', 'This is identical with a stinking cloud spell\nHeat (Ex): The calzone golem generates so much heat that its mere touch deals additional fire damage.\n\nBerserk (Ex): When a calzone golem is struck by a slashing or piercing weapon, it must make a Will save (DC 12), or its elemental spirit breaks free and goes berserk. The uncontrolled golem begins rampaging, attacking the nearest living creature or smashing some object smaller than itself if no creature is within reach, then moving on to spread more destruction. Once the golem goes berserk, no known method can reestablish control.\nConstruct: Immune to mind-influencing effects, poison, disease, and similar effects. Not subject to critical hits, subdual damage, ability damage, energy drain, or death from massive damage', 'Mushrooms, olives, or other ingredients may be added to the tomato sauce as desired. Season with oregano and black pepper to taste. All ingredients must be fresh and of the highest quality.\nThe golem costs 10,000 gp to create, including 500 gp for the ingredients. Assembling the body requires a successful Profession (cook) check (DC 15), along with 2 hours of baking at approximately 450 degrees.\nThe creator must be 9th level and able to cast arcane spells. Completing the ritual drains 250 XP from the creator and requires burning hands, grease, major creation, and stinking cloud']",The name of the creators of the calzone golem is Andolyn and Gendrew [1].,1.0,0.9878666272669475
What is the cardinality of the subspace containing $ar{S}$?,"['Let $\\mathbb{F}_2$ denote the field of two elements, and let $\\bar{S} \\subseteq \\mathbb{F}_2^n$ be the reductions modulo 2 of the points of $S$. Then any $t_1, \\ldots, t_{k+1} \\in \\bar{S}$ satisfy a nontrivial linear dependence, because we can take the dependence from the end of the previous paragraph and reduce modulo 2. Hence $\\bar{S}$ is contained in a $k$-dimensional subspace of $\\mathbb{F}_{2^n}$, and the latter has cardinality exactly $2^k$. Thus $\\bar{S}$ has at most $2^k$ elements, as does $S$.\nVariant (suggested by David Savitt): if  $ \\overline{S} $ contained  $ k+1 $ linearly independent elements, the  $ (k+1) \\times n $ matrix formed by these would have a nonvanishing maximal minor', 'Each orbit has size p except for those which consist of individual elements g which commute with H. For each such g, g and H generate an elementary abelian subgroup of G of order  $ p^{2} $. However, we can group these g into sets of size  $ p^{2} - p $ based on which subgroup they generate together with H. Hence the cardinality of S is divisible by p; adding the p - 1 nontrivial elements of H gives  $ n \\equiv -1 \\pmod{p} $ as desired.\nThird solution: Let $S$ be the set of elements in $G$ having order dividing $p$, and let $H$ be an elementary abelian $p$-group of maximal order in $G$. If $|H|=1$, then we are done. So assume $|H|=p^k$ for some $k\\geq1$, and let $H$ act on $S$ by conjugation. Let $T\\subset S$ denote the set of fixed points of this action', 'Suppose that V is a k-plane in  $ \\mathbb{R}^n $. Denote the hyperplanes  $ \\{x_n = 0\\} $ and  $ \\{x_n = 1\\} $ by  $ V_0 $ and  $ V_1 $, respectively. If  $ V \\cap V_0 $ and  $ V \\cap V_1 $ are each at most  $ (k - 1) $-dimensional, then  $ V \\cap V_0 \\cap Z $ and  $ V \\cap V_1 \\cap Z $ each have cardinality at most  $ 2^{k-1} $ by the induction assumption, and hence  $ V \\cap Z $ has at most  $ 2^k $ elements. Otherwise, if  $ V \\cap V_0 $ or  $ V \\cap V_1 $ is k-dimensional, then  $ V \\subset V_0 $ or  $ V \\subset V_1 $; now apply the induction hypothesis on V, viewed as a subset of  $ \\mathbb{R}^{n-1} $ by dropping the last coordinate.\nSecond solution: Let $S$ be a subset of $Z$ contained in a $k$-dimensional subspace of $V$', '-TGGGTTCCTGACGTGCCTTCGCCCGGACCAAGGACTCTAAGGCA-3&#x27;</td></tr><tr><td>S603A_rp</td><td>5&#x27;-TGCCTTAGAGTCCTTGGTCCGGGCGAAGGCACGGTCAGGAACCCA-3&#x27;</td></tr><tr><td rowspan=""2"">608</td><td>S608A_fp</td><td>5&#x27;-GCCCATCTGTCGGAATGCCTTGGCGTCCTTGGTCCGGGAGAAGGC-3&#x27;</td></tr><tr><td>S608A_rp</td><td>5&#x27;-GCCCATCTGTCGGAATGCCTTGGCGTCCTTGGTCCGGGAGAAGGC-3&#x27;</td></tr><tr><td rowspan=""2"">744</td><td>S744A_fp</td><td>5&#x27;-CCCAACGCCCTGCAGCGCTGGCCCGCAGTATCGTCCGCTCACGG-3&#x27;</td></tr><tr><td>S744A_rp</td><td>5&#x27;-CCGTGAGCGGACGATACTGCGGGCCAGGCGCTGCAGGGCGTTGGG-3&#x27;</td></tr><tr><td rowspan=""2"">746</td><td>S746A_fp</td><td>5&#x27;-GCCCTGCAGCGCTGTCCCGCGCCATCGTCCGCTCACGGGTGCAC-3&#x27;</td></tr><tr><td>S746A_rp</td><td>5&#x27;-GTGCACCCGTGAGCGGACGATGGCGCGGGACAGGCGCTGCAGGGC-3&#x27', 'Variant (suggested by David Savitt): if  $ \\overline{S} $ contained  $ k+1 $ linearly independent elements, the  $ (k+1) \\times n $ matrix formed by these would have a nonvanishing maximal minor. The lift of that minor back to  $ \\mathbb{R} $ would also not vanish, so S would contain  $ k+1 $ linearly independent elements.\nThird solution: (by Catalin Zara) Let V be a k-dimensional subspace. Form the matrix whose rows are the elements of  $ V \\cap Z $; by construction, it has row rank at most k. It thus also has column rank at most k; in particular, we can choose k coordinates such that each point of  $ V \\cap Z $ is determined by those k of its coordinates. Since each coordinate of a point in Z can only take two values,  $ V \\cap Z $ can have at most  $ 2^k $ elements']","The cardinality of the subspace containing $\bar{S}$ is at most $2^k$. This is because $\bar{S}$ is contained in a $k$-dimensional subspace of $\mathbb{F}_{2^n}$, and such a subspace has cardinality exactly $2^k$ [1].",0.75,0.7578513499757893
What was the name of the person who believed there had to be an American fix?,"[""##header\nThe Economist March 2nd 2024\n##header\nUnited States\n##number\n25\n##doc_title\nCobalt blues\nLAWTON, OKLAHOMA\nKALEIGH LONG believed there had to be an American fix. As an Oklahoma working on political campaigns in the Democratic Republic of Congo she saw all too closely the bloodiness of the critical-mineral trade. Militias killed her flatmate's siblings, burnt homes on resource-rich land and forced children to dig in the mines—as Chinese companies tolerated the abuses.\nBack home the 28-year-old single mother reckoned that getting into the mineral business was the best way to clean up the supply chain and ease China’s chokehold on cobalt and other minerals vital to a greener economy. America had no nickel-cobalt refineries of its own. In early 2022 Ms Long set out to build its first"", 'But now the left rear tyre was totally flat.\nThe desert was an empty and dangerous place, so silent that you could sometimes hear an ant running on a leaf. Anything there could scratch or sting you. If something went wrong, you had to fix it yourself. So she climbed out, jacked up the truck, and struggled to get the lug nuts off. It took a while; they were on tight. After an hour she got the tyre changed, reached the men, made a brushwood fire for the coffee and spread out lunch. No one thanked her. This was her allotted job, and she was late.\nIt was probably for experiences like this, she thought later, that President Ronald Reagan had picked her in 1981 to be the first woman justice on the Supreme Court. He too was a westerner who loved the ranching life', 'Not all ""crises"", she wrote, were real. Crises were when a ranch-hand was badly hurt, with no medical help for miles. Crises were when a windmill stopped pumping water. By contrast, her cases involved a potential injustice that needed long consideration.\nIn doing so, she sometimes had to adjust her own beliefs. Several cases involved affirmative action, which she instinctively disliked. She ruled against it in a gerrymandering case, because the equal-protection clause protected persons, not groups; she ruled for it in university admissions, because it encouraged diversity in work and civic life. She admitted to falling under the spell of Thurgood Marshall, the court\'s first black justice, and the stories of racial suffering he told, in his ringing voice, at the conference table', 'America had no nickel-cobalt refineries of its own. In early 2022 Ms Long set out to build its first. She raised $50m for her startup, Westwin Elements, and recruited oil-and-gas tycoons, a former intelligence officer and the longtime boss of Boeing, an aerospace company, to sit on her board. In her Oklahoma City headquarters the self-described libertarian touched her necklace, the pendant a silhouette of Africa, as she spoke about the $185m grant Westwin next hopes to win from the Department of Energy.\nWestwin’s ambitions show the promise of the largesse doled out by the Inflation Reduction Act (IRA), Joe Biden’s signature bill to catalyse America’s clean-energy transition', 'She also tolerated guns well. But no grand vision, save reverence for the Framers, coloured her decisions. Instead, as on the Lazy B, she was clear-eyed and practical. For her the most striking part of the justices\' conference was the way, at the end, they all shook hands.\nThe first day was nerve-racking, but she soon steadied. For most of her tenure the chief justice was William Rehnquist, a fellow Arizonan, with whom she had played cards and had fun at Stanford Law. The work itself was fascinating. Her method was to stay close to the record, ignoring any dramatics from the lawyers. Not all ""crises"", she wrote, were real. Crises were when a ranch-hand was badly hurt, with no medical help for miles. Crises were when a windmill stopped pumping water']",The name of the person who believed there had to be an American fix was Kaleigh Long [1].,1.0,0.9718008894573513
What was the detection rate per 1000 among indigenous women according to the study?,"['##header\nSURGICAL AUDIT OF BREAST CANCER\n##number\n760\nnon-indigenous cases. BreastScreen Cairns screened 2310 indigenous women in the 5-year period of this study. Their detection rate (per 1000) was 3.9 among indigenous women compared with 3.77 among all women (BreastScreen Queensland Cairns Service, unpubl. data, 2001). The districts of drainage of the Cairns Base Hospital, BreastScreen Cairns and the Australian Bureau of Statistics survey may all differ slightly.\nDespite this, indigenous women presented with larger tumours and a higher incidence of nodal and metastatic disease, although these figures did not all reach statistical significance perhaps because of the small numbers in this study', 'These figures may be extrapolated to support epidemiological findings that breast cancer in indigenous women has a higher mortality rate. $ ^{2} $\nDespite larger tumour size, indigenous women were considered suitable for breast conservation surgery at a rate similar to the non-indigenous population. All patients received adjuvant therapy as directed by visiting oncologists although completion was not recorded in all cases. As such, it would be hoped that stage-for-stage, indigenous women will have the same choices and outcomes as non-indigenous women.\nAccording to the Australian Bureau of Statistics there are more than 23000 Aboriginal and Torres Strait Islander women aged 40 and over', ""According to the Australian Bureau of Statistics there are more than 23000 Aboriginal and Torres Strait Islander women aged 40 and over. $ ^{5} $ This belies the often claimed notion that the age profile of the Aboriginal and Torres Strait Islander reduces the importance of breast cancer.\nThe benefit from this audit study will be the intention for all future patients to be included prospectively in the Royal Australasian College of Surgeons' Breast Cancer Surgical Audit. This will allow the trends found in the present study to be followed to see if the apparent later presentation of indigenous patients continues. If so, strategies currently in place in Far North Queensland to detect early breast cancer can then be reviewed"", 'Aust. N. Z. J. Pub. Health 2000; 24: 515–19.\n##reference_content\n7. Kirk M, McMichael C, Potts H, Hoban E, Hill D, Manderson L. Breast Cancer: Screening, Diagnosis, Treatment and Care for Aboriginal Women and Torres Strait Islander Women in Queensland Report. Brisbane: Queensland Health, 2000', 'If so, strategies currently in place in Far North Queensland to detect early breast cancer can then be reviewed. If, with time, future audits show no difference in presentation, this information can be used to support the continued use of these strategies (such as those used by BreastScreen Queensland). In 5 to 10 years, audits will also allow a review of mortality rates in the two groups. From these data, we will be able to ensure that indigenous women can expect the same outcomes as other women in regional Australia.\n\n##paragraph_title\nACKNOWLEDGEMENTS\nThe authors wish to thank Dr David Whiteman (Queensland Institute of Medical Research) for assistance with statistical analysis and Mr Keith Coakley of BreastScreen Cairns.\n##paragraph_title\nREFERENCES\n##reference_content\n1']",The detection rate per 1000 among indigenous women according to the study was 3.9 [1].,1.0,0.9999999999997599
What is the p-value indicated by the asterisks in the table?,"['##number\n130\n##header\nN.F. Chaban et al./Journal of Alloys and Compounds 370 (2004) 129–132\n##figure_title\nTable 1\nCrystallographic data of the ternary compounds in the ternary system Er–Ni–B\n##table\n<table><tr><td rowspan=""2"">No.</td><td rowspan=""2"">Compound</td><td rowspan=""2"">Space group</td><td rowspan=""2"">Structure type</td><td colspan=""4"">Lattice parameters</td><td rowspan=""2"">Reference</td></tr><tr><td>a (nm)</td><td>b (nm)</td><td>c (nm)</td><td>$ \\beta $ (°)</td></tr><tr><td>1</td><td>$ Er_{3}Ni_{13}B_{2} $</td><td>P6/mmm</td><td>$ Nd_{3}Ni_{13}B_{2} $</td><td>0.4938</td><td>—</td><td>1.090</td><td></td><td>[1]</td></tr><tr><td>a</td><td>$ Er_{0.917}Ni_{4.09}B $</td><td>P6/mmm</td><td>$ Er_{0.917}Ni_{4.09}B $</td><td>1.48399</td><td></td><td>0', 'B1\nP\n##figure_title\nINDEX TO PEOPLE\n##table\n<table><tr><td colspan=""2"">A</td></tr><tr><td>Adler, Jonathan</td><td>B6</td></tr><tr><td>Almon, Lorie</td><td>B2</td></tr><tr><td>Armstrong, Brian</td><td>B2</td></tr><tr><td colspan=""2"">B</td></tr><tr><td>Baker, Cory</td><td>B6</td></tr><tr><td>Bentley, Jeb</td><td>B5</td></tr><tr><td>Binstock, Dan</td><td>B2</td></tr><tr><td>Brady, Kevin</td><td>B2</td></tr><tr><td colspan=""2"">C</td></tr><tr><td>Cardell, Sarah</td><td>B4</td></tr><tr><td colspan=""2"">D</td></tr><tr><td>Daggett, Harold</td><td>B3</td></tr></table>\n##table\n<table><tr><td>Dovigi, Patrick</td><td>B2</td></tr><tr><td colspan=""2"">G</td></tr><tr><td>Garland, James</td><td>B1</td></tr><tr><td colspan=""2"">H</td></tr><tr><td>Heary', '76)</td><td>783(16.87)</td><td>275.94</td><td>&lt;0.0001</td></tr><tr><td>Fasting plasma glucose (FPG, mmol/L)</td><td>5.50 \\pm 1.29</td><td>5.67 \\pm 1.48</td><td>5.28 \\pm 0.93</td><td>15.72</td><td>&lt;0.0001</td></tr><tr><td>Hyperglycemia (%)</td><td>1567(14.33)</td><td>1194(18.97)</td><td>373(8.04)</td><td>260.21</td><td>&lt;0.0001</td></tr><tr><td>Fatty liver disease (%)</td><td>3815(34.89)</td><td>2858(45.42)</td><td>957(20.62)</td><td>722.87</td><td>&lt;0.0001</td></tr></table>\n##vision_footnote\n $ ^{*} $P values were calculated by the means of Student t-test, Wilcoxon rank sum test, or chi-square test.\n##vision_footnote\nData are presented as mean ± standard deviation, median (interquartile range), or number (percentage)', '2014). The efficacy index ranged from 1, the weakest efficacy response with five adults, to 21, the strongest response with five larvae. All of the index values with the corresponding numbers of adults, pupae, and larvae indicated in brackets were the following: 1 [5,0,0], 2 [4,1,0], 3 [4,0,1], 4 [3,2,0], 5 [3,1,1], 6 [3,0,2], 7 [2,3,0], 8 [2,2,1], 9 [2,1,2], 10 [2,0,3], 11 [1,4,0], 12 [1,3,1], 13 [1,2,2], 14 [1,1,3], 15 [1,0,4], 16 [0,5,0], 17 [0,4,1], 18 [0,3,2], 19 [0,2,3], 20 [0,1,4], 21 [0,0,5].\n##aside_text\nDownloaded from https://academic.oup.com/jee/advance-article-abstract/doi/10.1093/jee/toa103/5848239 by guest on 01 June 2020', '##header_image\n\n##header\n策略研究 策略月报\n##number\n9\n##figure_title\n图12 本轮上涨中 A 股风险溢价持续走低\n##chart\n\n##vision_footnote\n资料来源：Wind，HTI，截至2022/07/01\n##figure_title\n图13 今年 4 月底以来债券信用利差整体收窄\n##chart\n\n##figure_title\n图14 下半年猪价可能继续上行\n##vision_footnote\n资料来源：Wind，HTI，截至2022/07/01\n##chart\n\n##vision_footnote\n资料来源：Wind，HTI\n##figure_title\n图15 猪价上行或将推升国内 CPI\n##figure_title\n图16 20年7-10月盈利下修时 A股震荡\n##chart\n\n##vision_footnote\n资料来源：Wind，HTI\n##chart\n\n##vision_footnote\n资料来源：Wind，HTI\n##figure_title\n图17 今年盈利下修幅度较 20 年或更小\n##table\n<table><tr><td>指标</td><td>年份</td><td>Q1</td><td>Q2</td><td>Q3</td><td>Q4</td></tr><tr><td rowspan=""2"">GDP当季同比（%）</td><td>2020</td><td>-6.9</td><td>3.1</td><td>4.8</td><td>6.4</td></tr><tr><td>2022</td><td>4']",The p-value indicated by the asterisks in the table is less than 0.0001 [3].,0.5,0.9869313852056272
Which specific locations are mentioned as part of the sicklefin redhorse sucker's habitat?,"['This finding is based on stability of existing populations, re-evaluation of threats that are likely to affect the populations in the future, and development of a CCA\nthat ensures the continued participation by all stakeholders in a focused effort to address and mitigate potential threats while expanding the range and population health of the species. Additionally, we evaluated the current range of the sicklefin redhorse sucker to determine if there is any apparent geographic concentration of potential threats for the species. The current range of the species is relatively small and limited to two river systems in western North Carolina and northwestern Georgia', 'Adults feed and spawn\nPast and recent collection records of the sicklefin redhorse sucker, together with what is known about the habitat utilization of the species, indicate that the sicklefin redhorse sucker once inhabited the majority, if not all, of the rivers and large creeks in the Blue Ridge portion of the Hiwassee and Little Tennessee River systems in North Carolina, Tennessee, and Georgia. Currently, there are only two metapopulations of the sicklefin redhorse sucker known to remain: One in the Hiwassee River system and one in the Little Tennessee River system. Estimated occupied stream habitat in the Hiwassee river systems totals about 53.0 river miles (rm). However, use of various streams/stream reaches within this total appears to be seasonal', 'A primary goal of the CCA is to expand the range of this species upstream of barrier dams to repopulate stream reaches that were formerly degraded, but currently appear suitable. Expanding the range of the sicklefin redhorse sucker into the upper sections of these watersheds will provide a greater variety of available habitat, allowing the species to more easily adjust to temporary effects of construction and landscape alteration, and providing more opportunities to use areas of refuge during periods of adverse conditions, such as periods of high temperature or increased flow', '##header\nFederal Register / Vol. 81, No. 194 / Thursday, October 6, 2016 / Rules and Regulations\n##number\n69439\nbelieved to be affecting the species at present, it appears many of them were largely historical, were less significant than previously thought, have been mitigated, or could be managed to alleviate many of the effects on the species. The sicklefin redhorse sucker likely experienced substantial range contraction associated with dam construction, power generation, and historical habitat degradation early in the 20th century, but the remaining populations appear to have stabilized within the present conditions and are successfully spawning and recruiting in four primary river drainages accessible from Hiwassee and Fontana Reservoirs', 'The sicklefin redhorse sucker is provided additional protection by State endangered species regulations and association with other federally listed species. It is listed as threatened by the State of North Carolina and endangered by the State of Georgia. Both States prohibit direct take of the species and the collection of the fish for scientific purposes without a valid State collecting permit. In the unimpounded portions of the mainstems of the Little Tennessee River and Tuckasegee River where the sicklefin redhorse sucker occurs, the species’ habitat is indirectly provided Federal protection through the Act, where the mainstem portions of both of these rivers are designated as critical habitat for the endangered Appalachian elktoe (Alasmidonta raveneliana) (a mussel)']",The specific locations mentioned as part of the sicklefin redhorse sucker's habitat are the Hiwassee River system and the Little Tennessee River system [2].,1.0,0.9836837171760892
What is the odds ratio for pork meat exposure in the study?,"['57</td><td></td><td></td><td></td></tr></table>\n##vision_footnote\nOR, odds ratio adjusted for age, sex, center, cumulative exposure to pesticides and other types of meat; CI, confidence interval.\nsponding OR of non-Hodgkin lymphoma was 1.18 (95% CI 0.95–1.46): also for this group of lymphoma, no trend was apparent for any indicator of exposure.\nWhen the analysis on non-Hodgkin lymphoma was repeated for specific types of meat (Table III), the OR for ever exposure to beef meat was 1.22 (95% CI 0.95–1.67), and the OR for ever exposure to chicken meat was 1.19 (95% CI 0.91–1.55). The remaining meat types, namely pork meat and mutton meat, showed either no effect or small nonsignificant increases in lymphoma risk. Exposure for more than 15 years to beef meat resulted in an OR of 1.63 (95% CI 0', '23-2.74</td><td>32</td><td>1.14</td><td>0.70-1.85</td></tr></table>\n##vision_footnote\nOR, odds ratio, adjusted for age, sex, center, and cumulative exposure to pesticides; CI, confidence interval.\n##figure_title\nTABLE III – ODDS RATIO OF ALL NON-HODGKIN LYMPHOMA FOR EXPOSURE TO SPECIFIC TYPES OF MEAT—ALL NHL\n##table\n<table><tr><td></td><td colspan=""4"">Beef meat</td><td colspan=""4"">Chicken meat</td><td colspan=""4"">Pork meat</td></tr><tr><td></td><td>Cases</td><td>Controls</td><td>OR</td><td>95% CI</td><td>Cases</td><td>Controls</td><td>OR</td><td>95% CI</td><td>Cases</td><td>Controls</td><td>OR</td><td>95% CI</td></tr><tr><td>Never Exposed (Ref group)</td><td>1,823</td><td>2,273</td><td>1.00</td><td></td><td>1,823</td><td>2,273</td><td>1.00</td><td></td><td>1,823</td><td>2,273</td><td>1', '90</td><td></td><td>0.55-1.47</td><td>24</td><td>30</td><td>0.82</td><td></td><td>0.47-1.45</td><td></td></tr><tr><td>Medium</td><td>22</td><td></td><td>21</td><td>1.11</td><td></td><td>0.57-2.14</td><td>17</td><td>8</td><td>1.97</td><td></td><td>0.80-4.90</td><td></td></tr><tr><td>High</td><td>10</td><td></td><td>9</td><td>1.29</td><td></td><td>0.42-4.00</td><td>10</td><td>9</td><td>1.09</td><td></td><td>0.34-3.51</td><td></td></tr><tr><td>p-value of test for linear trend (with ref cat)</td><td></td><td></td><td></td><td>0.80</td><td></td><td></td><td></td><td></td><td>0.57</td><td></td><td></td><td></td></tr></table>\n##vision_footnote\nOR, odds ratio adjusted for age, sex, center, cumulative exposure to pesticides and other types of meat; CI, confidence interval', 'Exposure for more than 15 years to beef meat resulted in an OR of 1.63 (95% CI 0.93–2.88). An increase in risk was also observed for long-term exposure to chicken meat (OR = 1.36, 95% CI 0.90–2.06). The results on intensity of exposure did not suggest a difference among meat types.\n\nIn the analyses stratified by lymphoma type, whose results are reported in Table IV, an increased risk among workers exposed to beef meat was mainly apparent for diffuse large B-cell lymphoma (OR = 1.49, 95%CI 0.96–2.33), chronic lymphocytic leukemia/small lymphocytic lymphoma (OR = 1.35, 95% CI 0.78–2.34), and multiple myeloma (OR = 1.40, 95%CI 0.67–2.94). Stronger increases in risk were observed for each of these 3 subtypes after 16 years or more of exposure (OR 2.00, 95% CI 0.87–4.61; OR', '89</td><td>0.40-1.94</td></tr><tr><td>p-value of test for linear trend (with ref cat)</td><td></td><td></td><td>0.36</td><td></td><td></td><td></td><td>0.29</td><td></td><td></td><td></td><td>0.78</td><td></td></tr><tr><td></td><td></td><td></td><td></td><td></td><td></td><td></td><td></td><td></td><td></td><td></td><td></td><td></td></tr><tr><td></td><td></td><td colspan=""4"">Mutton meat</td><td></td><td></td><td colspan=""4"">Other meat</td><td></td></tr><tr><td></td><td>Cases</td><td>Controls</td><td>OR</td><td></td><td>95% CI</td><td></td><td>Cases</td><td>Controls</td><td>OR</td><td></td><td>95% CI</td><td></td></tr><tr><td>Never Exposed (Ref group)</td><td>1,823</td><td></td><td>2,273</td><td>1.00</td><td></td><td></td><td>1,823</td><td>2,273</td><td>1']",The odds ratio for pork meat exposure in the study is not statistically significant. The odds ratio (OR) for pork meat exposure is reported as 1.09 (95% CI 0.34–3.51) [3].,0.75,0.9779204195337967
哪个镇的村民属于铜仁地区思南县塘头镇沙都村？,"['##paragraph_title\n贵州省\n李小刚 铜仁地区思南县塘头镇沙都村  \n李之明 贵阳市息烽县永靖镇坪上村  \n陈乃祥 六盘水市六枝特区木岗镇木岗场村  \n郭明何 安顺市平坝县羊昌布依族苗族乡新居村  \n吴永强 遵义市湄潭县永兴镇共和村  \n周道明 黔南布依族苗族自治州荔波县朝阳镇八烂村  \n何君龙 黔南布依族苗族自治州荔波县朝阳镇八烂村  \n杨秀华 黔东南苗族侗族自治州黄平县新州镇罗西村  \n朱正丽 黔东南苗族侗族自治州施秉县城关镇中沙村  \n向忠辉 黔西南布依族苗族自治州贞丰县者相镇纳孔村  \n廖启贵 铜仁地区松桃苗族自治县普觉镇普觉村  \n马豪 毕节地区威宁彝族回族苗族自治县草海镇白岩村\n王长宝 曲靖市沾益县盘江镇松林社区  \n付荣贵 文山壮族苗族自治州丘北县曰者镇打磨山村  \n谢林荣 曲靖市沾益县炎方乡炎方村  \n何猛 文山壮族苗族自治州砚山县稼依镇大稼依村  \n唐朝富 文山壮族苗族自治州砚山县江那镇书院社区  \n潘洪泽 昭通市巧家县白鹤滩镇七里村  \n张海生 曲靖市陆良县小百户镇老母村  \n鲁跃刚 昆明市宜良县狗街镇龙保村  \n黄涛见 曲靖市陆良县中枢镇北门社区  \n岩怕 西双版纳傣族自治州勐海县勐遮镇曼恩村  \n俸卫国 临沧市耿马傣族佤族自治县耿马镇允捧村  \n胡金梁 怒江傈僳族自治州兰坪白族普米族自治县金顶镇箐门村  \n岩光代 西双版纳傣族自治州勐海县勐混镇曼赛村  \n李继新 大理白族自治州剑川县金华镇庆华村  \n李玉才 曲靖市师宗县丹凤镇糯白村  \n卢银贵 临沧市凤庆县营盘镇营盘村  \n车云灿 保山市隆阳区瓦房彝族苗族乡麦庄村\n##paragraph_title\n西藏自治区\n##paragraph_title\n陕西省\n欧 珠 日喀则地区江孜县年堆乡曲乃村\n拉 姆 拉萨市林周县强嘎乡连布村\n##paragraph_title\n甘肃省', '田明丽 南阳市唐河县桐河乡邱庄村\n张涛雄 南阳市邓州市裴营乡裴营村\n周荣杰 南阳市镇平县城关镇北关村\n蒋金超 南阳市新野县施庵镇卢大桥村\n门永胜 商丘市梁园区张阁镇张堂村\n李福珍 商丘市虞城县城郊乡牛楼村\n谢红兵 商丘市虞城县闻集乡郭老家村\n张起绅 商丘市虞城县界沟镇张集村\n陈贵权 信阳市罗山县子路镇朱湾村\n杨震 信阳市息县小茴店镇谭楼村\n简海峰 信阳市淮滨县三空桥乡吕庄村\n贾奎 信阳市淮滨县马集镇郭集村\n赵亚东 周口市太康县独塘乡赵胡同村\n马家杰 周口市淮阳县曹河乡徐营村\n##paragraph_title\n湖北省\n李功成 襄阳市襄州区峪山镇宋冲村  \n刘若峥 荆门市京山县永兴镇苏余畈村  \n徐犹钱 黄石市阳新县太子镇四门村  \n宋红林 天门市拖市镇何场村  \n吴尚文 荆门市钟祥市旧口镇高集村  \n王泽清 仙桃市沙湖镇棕树湾村  \n管龙 黄冈市团风县马曹庙镇大路岗村  \n魏红平 孝感市孝南区毛陈镇双龙村  \n周文军 武汉市江夏区法泗镇菱米村  \n王四元 仙桃市沙湖镇滩湖村  \n梁光群 襄阳市襄州区程河镇邓岗村  \n李忠标 武汉市蔡甸区消泗乡罗汉村  \n王明开 黄石市大冶市金山店镇仕秦村  \n刘军红 黄石市大冶市金山店镇仕秦村  \n余圣读 黄石市阳新县荆头山农场  \n王海军 随州市随县高城镇高城居民委员会  \n柯珍珠 黄冈市黄梅县独山镇东观村  \n罗正 黄冈市团风县团风镇罗家沟村  \n鲁晓勇 黄冈市蕲春县管窑镇寒婆岭村  \n肖保新 随州市随县安居镇张家井湾村  \n缪斌 武汉市黄陂区王家河街道办事处玉枝  \n倪生浩 荆州市洪湖市新堤办事处洪林村\n##paragraph_title\n湖南省\n##paragraph_title\n广东省\n郑四海 益阳市大通湖区南湾湖办事处\n肖一帆 衡阳市衡阳县台源乡长青村\n熊伟 长沙市望城县乔口镇田心坪村\n巫启凤 株洲市醴陵市泗汾镇双塘村', '鲁晓勇 黄冈市蕲春县管窑镇寒婆岭村  \n肖保新 随州市随县安居镇张家井湾村  \n缪斌 武汉市黄陂区王家河街道办事处玉枝  \n倪生浩 荆州市洪湖市新堤办事处洪林村\n##paragraph_title\n湖南省\n##paragraph_title\n广东省\n郑四海 益阳市大通湖区南湾湖办事处\n肖一帆 衡阳市衡阳县台源乡长青村\n熊伟 长沙市望城县乔口镇田心坪村\n巫启凤 株洲市醴陵市泗汾镇双塘村\n谢树雪 株洲市醴陵市船湾乡船湾村\n朱国林 株洲市攸县上云桥镇侯联村\n彭满珍 株洲市株洲县渌口镇松西子社区\n肖艾增 湘潭市湘乡市壶天镇牌子石村\n胡冬生 衡阳市衡南县宝盖镇龙丰村\n龚瑛 衡阳市祁东县金桥镇金桥村\n李建明 邵阳市邵阳县谷洲镇鸟山村\n叶新花 岳阳市临湘市江南镇新洲村\n李勇 岳阳市平江县三市镇永安村\n秦希良 岳阳市湘阴县新泉镇小北湖村\n孙文献 常德市汉寿县大南湖乡永红居民委员会\n夏根固 益阳市沅江市四季红镇阳雀洪村\n许铁军 益阳市大通湖区金盆镇格子湖村\n王雪尤 益阳市资阳区茈湖口镇邹家窑村\n李旭芳 益阳市赫山区兰溪镇沙岭村\n唐彩凤 永州市零陵区石山脚乡悟山里村\n何广南 郴州市安仁县牌楼乡神洲村\n贺青松 娄底市双峰县永丰镇松坪村\n郑泽禹 张家界市慈利县高桥镇四坪村\n曾海萍 怀化市靖州苗族侗族自治县渠阳镇飞山\n会尧管村\n胡成来 惠州市惠东县铁涌镇三堆岭村  \n李乃忠 惠州市惠东县平山街道办事处三联村  \n曾令绿 阳江市阳西县程村镇黄什村  \n郑汉文 潮州市潮安县浮洋镇仙庭村  \n林辉苑 梅州市蕉岭县长潭镇金融街8号  \n孙国欢 惠州市惠城区汝湖镇村尾村  \n张隆辉 清远市连州市沿江花园C座701室  \n陈植桓 阳江市阳东县大沟镇大沟村  \n魏法赐 梅州市五华县横陂镇  \n朱丽沂 广州市从化市鳌头镇江埔街  \n李志新 梅州市兴宁市新陂镇新金村  \n梁定妹 东莞市麻涌镇漳澎村', '曾令绿 阳江市阳西县程村镇黄什村  \n郑汉文 潮州市潮安县浮洋镇仙庭村  \n林辉苑 梅州市蕉岭县长潭镇金融街8号  \n孙国欢 惠州市惠城区汝湖镇村尾村  \n张隆辉 清远市连州市沿江花园C座701室  \n陈植桓 阳江市阳东县大沟镇大沟村  \n魏法赐 梅州市五华县横陂镇  \n朱丽沂 广州市从化市鳌头镇江埔街  \n李志新 梅州市兴宁市新陂镇新金村  \n梁定妹 东莞市麻涌镇漳澎村  \n邝国材 珠海市斗门区斗门镇南门村  \n孙亚桂 湛江市吴川市黄坡镇康基村\n##paragraph_title\n广西壮族自治区\n戴史东 贵港市平南县上渡镇下渡社区  \n梁天银 贵港市平南县平南镇遥望村  \n叶零梅 贺州市八步区八步街道办事处光明社区  \n庞信凤 玉林市福绵管理区福绵镇十丈村  \n黄富英 玉林市兴业县城隍镇城隍村  \n莫桥养 桂林市平乐县张家镇朝仙村  \n韦瑞光 钦州市灵山县那隆镇塘表村  \n李凤定 贵港市港北区庆丰镇夏里村  \n李文照 贵港市桂平市西山镇福山村  \n黄超松 贵港市桂平市南木镇三鼎村  \n梁耀斌 贵港市港北区县大圩镇大圩村  \n李贵荣 贵港市桂平市江口镇盘石村  \n莫小妙 贺州市八步区铺门镇铺门村  \n唐连裕 桂林市全州县全州镇竹溪田村\n##paragraph_title\n海南省\n白焕宋 三亚市儋州市雅星镇东光农场  \n王元成 三亚市儋州市东成镇抱舍村\n##paragraph_title\n重庆市\n毛良模 巴南区天星寺镇芙蓉村  \n梁兴成 垫江县桂溪镇工农路57号  \n梁兴国 奉节县红土乡白鹤村  \n李荣芳 奉节县草堂镇东坡村  \n徐德成 开县温泉镇和平村  \n彭兴芳 梁平县梁山街道  \n刘化雨 江津区慈云镇刁家社区  \n吴昌木 南川区大观镇铁桥村  \n冉云 巫溪县古路镇白家村  \n黄泽兵 永川区临江镇普安村\n##paragraph_title\n四川省', '张献国 滁州市天长市冶山镇草洲村\n王厚云 六安市霍邱县宋店乡砖店村\n李景龙 六安市寿县板桥镇南庄村\n周多平 六安市金安区东桥镇潘店村\n朱为山 巢湖市无为县泉塘镇罗山村\n吴文艺 宣城市宣州区朱桥乡塘溪村\n曹仁宏 芜湖市繁昌县平铺镇平铺村\n李敏涛 马鞍山市当涂县护河镇护河村\n魏绍彬 马鞍山市当涂县石桥镇石桥村\n吴正国 铜陵市铜陵县天门镇高联村\n陈法田 池州市青阳县新河镇向阳村\n陈长水 安庆市望江县鸦滩镇码头村\n宣益彬 安庆市怀宁县月山镇黄岭村\n张广斌 安庆市枞阳县金社乡鳌山村']",铜仁地区思南县塘头镇沙都村的村民属于塘头镇 [1]。,1.0,0.9673601164476523
What did the companies claim about the leniency agreements?,"['On February 26th a different judge on Brazil’s Supreme Court authorised companies that had signed leniency agreements during Lava Jato to renegotiate the terms. They were given 60 days to do so, during which time all fines related to the case have been suspended. The companies claimed they felt coerced into signing the agreements, which “jeopardise their existence”.\nThe undoing of Lava Jato has resonated across Latin America. In Peru, former officials are pointing to the annulment of the Odebrecht evidence as part of their efforts to have their cases thrown out.\nThe ancien régime has been fighting back, and it has been winning. But it should be careful. In a national poll released on March 3rd a plurality of Brazilians said Lava Jato was shut down due to political interests', ""##paragraph_title\nAcross the aisle\nThe blowback on Lava Jato is bipartisan. Mr Moro, now a senator, faces two trials which could bar him from office. One, concerning alleged campaign-finance abuses, was filed by Mr Bolsonaro's party. The other, which alleges that Mr Moro committed fraud as part of an old plea deal, was launched by Mr Toffoli. Mr Dallagnol lost his seat in Congress after a decision by an electoral court on a technicality. He notes that the deciding judge was himself investigated by Lava Jato, and that lower courts had ruled in his favour. Mr Moro says both accusations against him are baseless.\nOn February 26th a different judge on Brazil’s Supreme Court authorised companies that had signed leniency agreements during Lava Jato to renegotiate the terms"", 'Leonardo UK, a defence firm that supplies equipment to the MoD, accused some universities of “self-censoring”, which its chief executive warned could affect Britain’s security.\nIndustry sources said there had been greater hostility since the Israel-Gaza war began in October 2023, and companies had been investing tens of thousands of pounds to protect their staff.\n\n“Activism against defence organisations has always been present, but the level of destruction we’re now seeing is concerning — primarily for our people,” one industry source said.\nAmid growing concern at the scale of Continued on page 2\n##image\n\n##vision_footnote\nPeak perfection While snow caused chaos around the country, it created a more scenic picture on the Eildon Hills in the Scottish Borders', ""All 50 states approved the settlement. So did 96% of the individual claimants who voted. But less than half voted. Controversially, the deal binds holdouts, both objectors and abstainers, who will not be able to go after the Sacklers in court for, say, negligence or fraud. The Sacklers deny wrongdoing related to Purdue and have promised to fight all claims if the settlement falls apart. (The release does not shield them from criminal liability.)\n\nThe US bankruptcy trustee, a watchdog within the Justice Department, sued to void the deal. It argues that the release violates holdouts' due-process rights and that the bankruptcy court lacked the power to grant it. In August the Supreme Court froze the settlement"", 'Employees of some firms, including younger members of staff acting as Stem (science, technology, engineering and maths) ambassadors, have been intimidated and harassed by protesters when on campuses, insiders claimed.\n\nIn recent months, some 20 defence companies are believed to have been advised against attending careers fairs and university events because of security and safety fears, or decided to cancel them amid pressure, according to Kevin Craven, chief executive of the ADS group, which represents defence, aerospace and security companies. Those that did attend faced intimidation and harassment, he said.\n\nLeonardo UK, a defence firm that supplies equipment to the MoD, accused some universities of “self-censoring”, which its chief executive warned could affect Britain’s security']","The companies claimed they felt coerced into signing the leniency agreements, which “jeopardise their existence” [1].",1.0,0.8847572787802762
香港和澳门在解决人口密度问题上的方法是什么？,"['##header\nNO.\nDate\n##table\n<table><tr><td></td><td>香港</td><td>澳门</td></tr><tr><td>位置（中国大陆东南端）</td><td>位于珠江口东侧，毗邻广东省深圳市</td><td>位于珠江口西侧，毗邻广东省珠海市。</td></tr><tr><td>组成</td><td>香港岛、九龙和新界及周围200多个岛屿组成</td><td>澳门半岛、函仔岛和路环岛三部门组成</td></tr><tr><td>面积和人口</td><td>666.5万人, $ 1098km^{2} $</td><td>43.8万人, $ 25.4km^{2} $</td></tr><tr><td rowspan=""2"">人口密度</td><td colspan=""2"">地狭人稠</td></tr><tr><td colspan=""2"">解决办法：“上天”（建设高层建筑）、“下海”（填海造陆）</td></tr><tr><td>历史回顾</td><td>英国侵占160多年</td><td>葡萄牙侵占400多年</td></tr><tr><td>回归时间</td><td>1997年7月1日</td><td>1999年12月20日</td></tr><tr><td></td><td colspan=""2"">国际经济贸易中心、运输</td></tr><tr><td>经济特征</td><td>中心、金融中心、信息服务中心和旅游中心</td><td>博彩旅游业发达</td></tr></table>\n##paragraph_title\n2. 香港与祖国内地的优势互补\n(1) 祖国内地：廉价劳动力、厂房、生产生活用水、能源、日常生活消费品。\n(2)香港：资金、技术、人才和管理', '##header\nNO.\nDate\n##paragraph_title\n2. 人口东多西少\n(1) 人口密度：我国平均人口密度为每平方千米134人，是世界平均人口密度的3倍。\n(2)人口分布特点：以黑河(黑龙江省)——腾冲(云南省)为界，东多西少。\n(3)34个省级行政区中，人口最多的是河南省，人口最少的是澳门特别行政区，人口密度最大的是澳门特别行政区，人口密度最小的是西藏自治区。23个省中，人口密度最大的是江苏省。\n##paragraph_title\n多民族的大家庭\n##paragraph_title\n1. 56个民族\n(1)人口数最多的是汉族，占全国人口总数的92%\n(2)少数民族人口最多的是壮族，最少是珞巴族，人口在400万以上的少数民族有壮族、满族、回族、苗族、维吾尔族、彝族、土家族、蒙古族、藏族。\n(3)各民族有独特的风俗习惯，文化艺术和传统的体育活动，如汉族的端午节，傣族的泼水节，蒙古族的那达慕大会，维吾尔族的开斋节，彝族的火把节，朝鲜族的长鼓舞等。\n(4)民族政策：各民族不论大小一律平等\n##paragraph_title\n2. 民族的分布\n(1)民族分布特点：大杂居、小聚居\n(2)汉族：遍及全国，主要集中在东部和中部。\n(3)少数民族：主要分布在西南、西北和东北部地区\n##number\n54', '##header\nNO.\nDate\n##table\n<table><tr><td>湖北省</td><td>鄂</td><td>武汉</td></tr><tr><td>青海省</td><td>青</td><td>西宁</td></tr><tr><td>宁夏回族自治区</td><td>宁</td><td>银川</td></tr><tr><td>新疆维吾尔自治区</td><td>新</td><td>乌鲁木齐</td></tr><tr><td>香港特别行政区</td><td>港</td><td>香港</td></tr><tr><td>澳门特别行政区</td><td>澳</td><td>澳门</td></tr><tr><td>台湾省</td><td>台</td><td>台湾</td></tr></table>\n①跨纬度最广的是海南省。跨经度最广的是内蒙古自治区。\n②地处纬度最高的是黑龙江省。纬度最低的是海南省。\n③少数民族数目最多的是云南省\n④大陆海岸线最长的是广东省。沿海岛屿最多的是浙江省。\n⑤全部处于热带的是海南省\n⑥邻国最多的是新疆维吾尔自治区。邻省最多的是内蒙古自治区，陕西省。\n①面积最大的是新疆维吾尔自治区。面积最小的是澳门特别行政区。\n⑧人口最多的是河南省，人口最少的是澳门特别行政区。\n⑨同时濒临黄渤海的是辽宁省、山东省。\n⑩北回归线自西向东穿过的省是云南省、广西壮族自治区、广东省。\n##paragraph_title\n众多的人口\n##paragraph_title\n1. 世界上人口最多的国家\n(1)据2000年第五次人口普查，我国总人口为12.95亿，占世界人口总数的1/5以上。2005年1月6日，为中国的13亿人口日。\n(2)人口的突出特点：人口基数大，人口增长快.\n(3)人口政策：实行计划生育是我国的一项基本国策。\n##number\n53', '其中人才的储备和供应更是联动的关键所在，大湾区一方面实施海外高层次人才精准引进计划，另一方面优化人才要素跨境跨区域政策。根据中国科学技术部发布的《中国火炬统计年鉴2020》，粤港澳大湾区的高新技术企业共拥有年末从业人员707.73万人，大专以上从业人员占总人员的42.19%，留学归国人员比率0.3670%，质量结构较好。对比国内主要区域中心来看，目前粤港澳大湾区的人才引进数量上已有一定优势，预计在大湾区颁布包括《广东省进一步稳定和扩大就业若干政策》《关于推动港澳青年创新创业基地高质量发展的意见》等诸多高质量人才引进政策后，人才质量水平将有进一步提升。\n\n首先，创新机构聚集效应显著，科技和领先企业数量众多。从科创巨头型公司如华为、腾讯，到独角兽公司如大疆、一加，粤港澳大湾区诞生了一批强大的科创企业。根据胡润研究院发布的《2020胡润全球独角兽榜》中国有227家企业独角兽企业上榜，其中粤港澳大湾区共有33家企业上榜，在世界四大湾区中排在旧金山湾区之后，居于第二位，与纽约湾区数量持平，反映出区域内科创氛围活跃。2021年8月2日，《财富》世界500强排行榜发布，粤港澳大湾区上榜企业再创新高，在世界五百强企业数量上大湾区拥有25家世界，较去年增加4家，首次超越纽约湾区，在世界四大湾区中位居第二位，仅次于东京湾区。\n最后，创新环境逐步开放，科研产业结构定位符合经济发展需求。粤港澳大湾区具备较为完善和先进的基础设施、严格的知识产权保护体系和逐步活跃的国际科创合作等良好创新环境。大湾区在此优势基础上，发展以高附加值、高知识密度为特征的高端产业链，为湾区整体产业结构转型升级提供机遇。从科研产业结构定位来看，在世界四大湾区的发明专利所属行业上，除纽约湾区重点部署医学、药学及生物化学外，其他三大湾区均重点部署包括电子信息、数据分析、及信息传输等战略性产业', '##header\n新发展格局下的大湾区 | —— “十四五”时期粤港澳大湾区发展重点\n##paragraph_title\n2.1 创新生态逐步完备\n粤港澳大湾区定位于具有战略意义的国际创新中心。2019年颁布的《粤港澳大湾区发展规划纲要》明确了粤港澳大湾区的发展目标：“到2022年，粤港澳大湾区综合实力显著增强，粤港澳合作更加深入广泛，区域内生发展动力进一步提升，国际一流湾区和世界级城市群框架基本形成。到2035年，大湾区形成以创新为主要支撑的经济体系和发展模式，经济实力、科技实力大幅跃升，国际竞争力、影响力进一步增强；宜居宜业宜游的国际一流湾区全面建成。”从国家战略角度来看，粤港澳大湾区国际创新中心的重心是发挥港澳开放创新优势和珠三角产业创新优势，强化国际创新资源集聚能力，加快形成开放互通、布局合理的区域创新体系，并将影响力辐射全国乃至全球。\n在国际创新中心的发展目标下，粤港澳大湾区科技创新要素不断聚集，创新生态系统逐步完备。\n其次，创新资源多城市联动效应显现，特别是高新技术从业人才供应充足。科技创新离不开人才、技术、资本、信息等创新资源，大湾区不像其他湾区的“单核”发展模式，而是以深圳、香港和广州三城为联动核心，生产要素在城市间快速流动的多层级城市群，从而实现了丰富的资源联动。其中人才的储备和供应更是联动的关键所在，大湾区一方面实施海外高层次人才精准引进计划，另一方面优化人才要素跨境跨区域政策。根据中国科学技术部发布的《中国火炬统计年鉴2020》，粤港澳大湾区的高新技术企业共拥有年末从业人员707.73万人，大专以上从业人员占总人员的42.19%，留学归国人员比率0.3670%，质量结构较好']",解决人口密度问题的方法是“上天”（建设高层建筑）、“下海”（填海造陆）[1]。,1.0,0.7049555015712198
曲线 $ C_{1}: y = \ln x $ 和曲线 $ C_{2}: y = \frac{x - a}{x} (x > 0) $ 有且仅有两条公切线时，实数 a 的取值范围是什么？,"['如果曲线  $ C_{1}: y = \\ln x $ 和曲线  $ C_{2}: y = \\frac{x - a}{x} (x > 0) $ 有且仅有两条公切线，那么实数 a 的取值范围是\nA. $ (-∞,0) $ B.(0.1) C.(1,e) D. $ (e,+∞) $\n##paragraph_title\n第Ⅱ卷 非选择题(共 90 分)\n##paragraph_title\n二、填空题(本大题共4小题，每小题5分，共20分)\n13. 已知实数 x, y 满足  $ x^{2} + y^{2} = 4 $，则  $ \\frac{y + 4}{x + 2} $ 的最小值为 ___.\n14. 给出下列四种说法: ① 将一组数据中的每个数都加上或减去同一个常数后, 均值与方差都不变; ② 在一组样本数据  $ (x_{1}, y_{1}), (x_{2}, y_{2}), \\cdots, (x_{n}, y_{n}) (n \\geqslant 2, x_{1}, x_{2}, \\cdots, x_{n} $ 不全相等) 的散点图中, 若所有样本点  $ (x_{i}, y_{i}) (i = 1, 2, \\cdots, n) $ 都在直线  $ y = -\\frac{1}{2}x + 1 $ 上, 则这组样本数据的线性相关系数为  $ -\\frac{1}{2} $; ③ 回归直线  $ y = bx + a $ 必经过点  $ (\\overline{x}, \\overline{y}) $; ④ 在吸烟与患肺病这两个分类变量的计算中, 由独立性检验知, 有 99% 的把握认为吸烟与患肺病有关系时, 我们说若有 100 人吸烟, 那么其中有 99 人患肺病. 其中错误结论的编号是 ___.\n##footer\n高三数学（文）\n##number\n第 2 页（共 4 页）', '记  $ c_{n}=\\frac{a_{n}}{b_{n}} $, 数列  $ \\{c_{n}\\} $ 的前 n 项和为  $ S_{n} $.  $ \\forall n \\in \\mathbb{N}^{*}, k \\leqslant S_{n} $ 恒成立, 则整数 k 的最大值为\nA. 4           B. 3           C. 2           D. 1\n11. 已知  $ f(x)=2\\sin\\frac{x}{2}\\cos\\frac{x}{2}+2\\sqrt{3}\\cos^{2}\\frac{x}{2}-\\sqrt{3} $，若  $ |f(x)-m|\\leqslant3 $ 对任意  $ x\\in\\left[-\\frac{5\\pi}{6},\\frac{\\pi}{6}\\right] $ 恒成立，则实数 m 的取值范围为\nA. $ [-1,1] $ B. $ \\left[-\\frac{1}{2},\\frac{1}{2}\\right] $ C. $ \\left[0,\\frac{1}{2}\\right] $ D. $ [0,1] $\n12. 如果直线 l 与两条曲线都相切，则称 l 为这两条曲线的公切线', '(1) 求曲线  $ C_{1} $ 和曲线  $ C_{2} $ 的直角坐标方程；\n（2）设 $ M(-2,2) $，若曲线 $ C_{1} $与曲线 $ C_{2} $交于A,B两点，求 $ \\frac{1}{|MA|}+\\frac{1}{|MB|} $的值.\n23.（本小题10分）选修4-5：不等式选讲\n已知函数  $ f(x)=|2x-4|+|x+1| $.\n(1) 求不等式  $ f(x) \\leq 6 $ 的解集:\n(2) 若不等式  $ f(x) \\geq 2a^{2} + 5a $ 对一切实数 x 恒成立，求实数 a 的取值范围.\n##footer\n江西省八所重点中学 2022 届高三联考文科数学试卷', '$ (t 为参数)，直线 l 与曲线 C 的交点为 A,B，当  $ |MA|+|MB| $ 取最小值时，求直线 l 的普通方程.\n23.[选修4-5:不等式选讲](10分)\n已知函数  $ f(x)=|x-a|+|x+1| $.\n(1) 若 a = -2，求不等式  $ f(x) \\leqslant 3 $ 的解集；\n(2) 如果关于 x 的不等式  $ f(x) < 2 $ 的解集不是空集，求实数 a 的取值范围.\n##number\n第 4 页(共 4 页)', '0605}\\approx3\\;167. $$ \n20.(12分)已知椭圆 C: $ \\frac{x^{2}}{a^{2}}+\\frac{y^{2}}{b^{2}}=1(a>b>0) $ 的右焦点为 F，上顶点为 A，直线 FA 的斜率为  $ -\\frac{\\sqrt{3}}{3} $，且原点 O 到直线 FA 的距离为  $ \\frac{\\sqrt{3}}{2} $.\n21.(12分)已知函数  $ f(x)=\\frac{x^{2}}{2}-a\\ln x-a(a\\in\\mathbf{R}) $.\n(1) 当 a=1 时，求曲线  $ y=f(x) $ 在点  $ (1, f(1)) $ 处的切线方程；\n(2) 若函数  $ f(x) $ 有极小值，求该极小值的取值范围.\n##paragraph_title\n(二)选考题:共10分.请考生在第22、23题中任选一题作答.如果多做,则按所做的第一题计分.\n22.[选修4-4:坐标系与参数方程](10分)\n在平面直角坐标系 xOy 中，以坐标原点 O 为极点，x 轴的正半轴为极轴建立极坐标系，已知曲线 C 的极坐标方程为  $ \\rho=2\\cos\\theta+4\\sin\\theta $.\n(1)求曲线 C 的直角坐标方程；\n(2)若点 M(0,1)，直线 l 的参数方程为  $ \\left\\{\\begin{aligned}x=t\\cos\\alpha,\\\\ y=1+t\\sin\\alpha,\\end{aligned}\\right. $ (t 为参数)，直线 l 与曲线 C 的交点为 A,B，当  $ |MA|+|MB| $ 取最小值时，求直线 l 的普通方程.\n23.[选修4-5:不等式选讲](10分)\n已知函数  $ f(x)=|x-a|+|x+1| $']","实数 a 的取值范围是 $ (e,+∞) $ [1]。",1.0,0.6717852968111436
anyway在句中表示什么意思？,"[""之外)也,既.又\nat (prep) 在\nat all 完全，根本\n• It doesn’t matter at all.\naunt (n) 伯母,姑,婶,姨\nautumn (n) 秋季，秋天\naway (adv) 远离，离开\n• He's gone away.\n• It's two miles away.\n##paragraph_title\nB\nbaby (n) 婴儿\nback (n, adv & adj) 后背；向后地；后面的\nbad (adj) 坏的\nbag(n) 包\nball (n) 球，舞会\nbanana (n) 香蕉\nband (n) 带子，队，乐队\n• I changed my money in the bank.\nbarbecue (n) 烤肉\nbank (n) 银行，堤，岸\nbaseball (n) 棒球\nbasketball (n) 篮球\nbath (n) 洗澡，浴盆\nbathroom (n) 浴室\nbe (v) 是，有，在\nbeach (n) 海滩\nbear (n) 熊\nbeautiful(adj) 美丽的，漂亮的\nbecause (conj) 因为\nbecome (v) 变成，变得\nbed (n) 床\nbedroom (n) 卧室\nbefore (adv & prep) 以前，在.以前\nbegin (v) 开始\nbeginner (n) 初学者\nbehind (adv & prep) 在后面，在.之后\nbelieve (v) 相信\nbelong (v) 属于\nbelow (prep) 在.下面\nbelt (n) 带，腰带\nbetween (prep) 在"", '任何\nanybody (pron) 任何人\nanyone (pron) 任何人\nanything (pron) 任何事\nanyway (adv) 不管怎样\nanywhere (adv) 任何地方\napartment (n) 公寓，房间\napple (n) 苹果\nappointment (n) 约会，预约\n• an appointment with the doctor\narm(n) 手臂，袖子\n(a)round (adv & prep) 大约，到处', 'any (det and pron) 一些', 'in the tree一般指不是树本身所有的东西，如人、动物等在树上。e.g. There is a kite in the tree. 树上有一只风筝。\non the tree通常指树本身长出的东西，如枝、叶、花、果等。\ne.g. There are many apples on the tree. 树上有许多苹果。\n本题的意思是：当秋天来临的时候，树上的叶子开始变成红色。所以选\n8. keep的意思是“保持”。固定搭配: keep + (adj.) / keep + sb./sth. + (adj.)\nA选项open既可以作动词(打开),也可以作形容词(开着的),所以选A。\nkeep the window open 把窗开着\nkeep the window closed 把窗关着(这里的 closed 也是一个形容词,表示“关闭的”)\n10. both 和 neither 均指两者之间。both 表示肯定，“两者都”；neither 表示否定，“两者都不”。\nall和none均指三者及三者以上。all表示肯定，意为“全部”；none表示否定，意为“没有一个”。\n这句话的意思是“根据校规，所有学生都必须戴红领巾，没有人可以违反规则”。学校的学生数量肯定大于二，所以选择all和none。\n13. put on强调状态的变化,即从没穿到穿上; wear强调状态,意为“穿着,戴着”。这句话的意思是“里面很热。你为什么还戴着一顶帽子?”\nVII. 1. air-conditioned 2. Air-conditioners 3. seasonal 4. More 5. Leaves 6. baking 7. snowmen\n##number\n17.3\n##aside_text\nYiKeyili\n##footer\n关注微信公众号“初高教辅站”获取更多初中教辅资料', 'K./okay (exclaim) 好, 不错, 可以\nold (adj) 旧的,老的\nomelette (n) 煎蛋\non (prep & adv) 在.之上，作用中\nonce (adv) 一次, 曾经\n• only once\none (pron, det & num) 一, 任何人\nonion (n) 洋葱\nonly (adv & adj) 只, 仅仅, 唯一的\n• I only wanted to help.\n• the only one\nopen (adj & v) 开著的,开放的, 打开, 公开\nopera (n) 歌剧\nopposite (prep) 在.对面\norange (adj & n) 橙色的，橘子\nor (conj) 或者, 还是\nother (det) 别的,其他的\nour (pron) 我们的\nours (pron) 我们的\nourselves (pron) 我们自己\nout (adv) 在外，出现\noutdoor (adj) 户外的, 屋外的\noutdoors (adv) 在户外, 在野外\noutside (prep & adv) 在.外，在外面\nover (prep & adv) 在.的上方，结束\n• over 60 people (prep)\n• to travel all over the world (adv)\nown (adj) 自己的，特有的\n• They cook their own meals']",anyway在句中表示“不管怎样” [2]。,1.0,0.8118192670114993
