k,total_queries,num_hit,hit_rate,avg_hit_rate,mrr
1,5258,1724,0.3278813236972233,0.3278813236972233,0.3278813236972233
3,5258,2593,0.49315329022441995,0.49315329022441995,0.4014517560542651
5,5258,2884,0.5484975275770255,0.5484975275770255,0.41403258526689457
