k,total_queries,num_hit,hit_rate,avg_hit_rate,mrr
1,5258,2732,0.5195891974134652,0.5195891974134652,0.5195891974134652
3,5258,3479,0.6616584252567517,0.6616584252567517,0.5866298972993544
5,5258,3551,0.6753518448079118,0.6753518448079118,0.5898630658044891
