user_input,retrieved_contexts,response,faithfulness,answer_relevancy
What is the correct answer for question 27?,"[""##paragraph_title\nLet's Check\n##paragraph_title\nA Listen and put the things into the right bag.\n##image\n\n##image\n\n##paragraph_title\nB Let's play.\nChoose a picture and make a dialogue.\n##image\n\n##image\n\n##image\n\n##number\n52"", '##header\nwww.Jinghua.com “在线名师” → 资料室 免费资料任你下载\n##header_image\n\n25. ---___ won the first place in the ""Super Girl"" singing competition?\n--- Lucy did.\nA. Who B. When C. Where D. Why\n26. Shops in big cities are ___ than those in the country.\nA. expensive\nB. more expensive\nC. most expensive\nD. the most expensive\n27. You ___ play football in the street. It\'s too dangerous.\nA. wouldn\'t B. needn\'t C. mustn\'t D. couldn\'t\n28. It\'s snowing now. You\'d better ___ your car slowly on a snowy day.\nA. drive\nB. drove\nC. driving\nD. to drive\n29. My little brother asks me _____ him a story every day.\nA. tell B. told C. telling D. to tell\n30. Today, more and more people enjoy ___ things online.\nA. buy          B. bought       C. buying       D. to buy\n31. Don\'t turn on the radio. Grandpa ___ now.\nA', ""My briefcase was stolen.\nQ: Who is most probably the woman?\nQ: How does the woman feel?\n3. M: Morning. I have a reservation. The name is Blake Smith.\nW: OK. We've got a nice car ready. I'll need to see your driver's license and your credit card.\n##footer\n灿烂在六月\n##footer\n听力文字和参考答案\n##number\n第 17 页(共 52 页)"", '20. 已知  $ a \\in \\mathbb{R} $，设函数  $ f(x) = a \\ln(x + a) + \\ln x $.\n（1）讨论函数  $ f(x) $ 的单调性；（2）若  $ f(x) \\leq a^{2}x + \\ln \\frac{x}{a} - 1 $ 恒成立，求实数  $ a $ 的取值范围。\n21.（12分）如图，已知点  $ P(2,2) $ 是焦点为 F 的抛物线  $ C: y^{2}=2px(p>0) $ 上一点，A，B 是抛物线 C 上异于 P 的两点，且直线 PA，PB 的倾斜角互补，若直线 PA 的斜率为  $ k(k>1) $.\n(Ⅰ) 求抛物线方程;\n（Ⅱ）证明：直线 AB 的斜率为定值，并求焦点 F 到直线 AB 的距离 d （用 k 表示）；\n（III）在$\\triangle ABF$中，记$\\angle FAB=\\alpha$，$\\angle FBA=\\beta$，求$\\sin\\alpha-\\sin\\beta$的最大值.\n##image\n\n##paragraph_title\n（二）选考题：共10分.请在考生第22，23题中任选一题作答，如果多做，那么按所做的第一题计分.选修4-4：坐标系与参数方程\n22.（10分）在平面直角坐标系xOy中，已知曲线E的参数方程为$\\begin{cases}x=\\sqrt{3}\\cos\\alpha\\\\y=\\sqrt{3}\\sin\\alpha+3\\end{cases}$（$\\alpha$为参数），直线$l$的参数方程为$\\begin{cases}x=t\\cos\\beta\\\\y=t\\sin\\beta\\end{cases}$（$t$为参数，$0\\leq\\beta<\\pi$）。以坐标原点为极点，$x$轴非负半轴为极轴建立极坐标系', '25. As/Because/Since 26. emptied 27. an 28. looking 29. might/may\n30. like 31. Shocked 32. the nicest 33. to check 34. that\n35. as if/as though 36. who 37. ignoring 38. someone/somebody\n39. has been interrupted/is being interrupted/is interrupted 40. which\n41. I 42. B 43. H 44. D 45. C 46. J 47. A 48. E 49. G 50. F\n第三大题第 51 至 65 小题, 每题 1 分; 第 66 至 77 小题, 每题 2 分; 第 78 至 81 小题, 每题 2 分。共 47 分。\n78. Improved physical health and psychosocial development.\n79. participate in sports during adulthood\n80. They change rules to suit their needs and their environment.\n81. improving performance\n##paragraph_title\n第Ⅱ卷\n##paragraph_title\nⅠ. 翻译\n第 1-3 题, 每题 4 分; 第 4-5 题, 每题 5 分。共 22 分']",C. mustn't,1.0,0.4685437579447827
What does the OMG specification say about a component?,"['##paragraph_title\nWhat is a Component?\n- OMG Unified Modeling Language Specification [OMG01] defines a component as\n– “… a modular, deployable, and replaceable part of a system that encapsulates implementation and exposes a set of interfaces.”\n- OO view: a component contains a set of collaborating classes\n- Conventional view: a component contains processing logic, the internal data structures that are required to implement the processing logic, and an interface that enables the component to be invoked and data to be passed to it.\n##number\n2', '6</td><td>子系统3-7</td><td>子系统3-8</td><td>子系统3-9</td><td></td></tr><tr><td>分系统4</td><td>子系统4-1</td><td>子系统4-2</td><td>子系统4-3</td><td>子系统4-4</td><td>子系统4-5</td><td>子系统4-6</td><td>子系统4-7</td><td>子系统4-8</td><td>子系统4-9</td><td></td></tr><tr><td>分系统5</td><td>子系统5-1</td><td>子系统5-2</td><td>子系统5-3</td><td>子系统5-4</td><td>子系统5-5</td><td>子系统5-6</td><td>子系统5-7</td><td>子系统5-8</td><td>子系统5-9</td><td></td></tr><tr><td>分系统6</td><td>子系统6-1</td><td>子系统6-2</td><td>子系统6-3</td><td>子系统6-4</td><td>子系统6-5</td><td>子系统6-6</td><td>子系统6-7</td><td>子系统6-8</td><td>子系统6-9</td><td></td></tr><tr><td>分系统7</td><td>子系统7-1</td><td>子系统7-2</td><td>子系统7-3</td><td>子系统7-4</td><td>子系统7-5</td><td>子系统7-6</td><td>子系统7-7</td><td>子系统7-8</td><td>子系统7-9</td><td></td></tr><tr><td>分系统8</td><td>子系统8-1</td><td>子系统8-2</td><td>子系统8-3</td><td>子系统8-', '9952</td><td>7</td><td>11</td></tr><tr><td>189</td><td></td><td>0.9900</td><td>11</td><td>19</td></tr><tr><td>202</td><td>Octachlorobiphenyl (m/z=428)</td><td>0.9993</td><td>27</td><td>12</td></tr><tr><td>201</td><td></td><td>0.9928</td><td>22</td><td>12</td></tr><tr><td>199</td><td></td><td>0.9912</td><td>1</td><td>26</td></tr><tr><td>194</td><td></td><td>0.9938</td><td>11</td><td>24</td></tr><tr><td>205</td><td></td><td>0.9999</td><td>13</td><td>31</td></tr></table>\n##vision_footnote\nData written with  $ (^{*}) $ indicate that they are part of the seven PCB indicators', 'colspan=""9"">全面模型总表</td></tr><tr><td>分层分类</td><td>第1类</td><td>第2类</td><td>第3类</td><td>第4类</td><td>第5类</td><td>第6类</td><td>第7类</td><td>第8类</td><td>第9类</td><td></td></tr><tr><td>分系统1</td><td>子系统1-1</td><td>子系统1-2</td><td>子系统1-3</td><td>子系统1-4</td><td>子系统1-5</td><td>子系统1-6</td><td>子系统1-7</td><td>子系统1-8</td><td>子系统1-9</td><td></td></tr><tr><td>分系统2</td><td>子系统2-1</td><td>子系统2-2</td><td>子系统2-3</td><td>子系统2-4</td><td>子系统2-5</td><td>子系统2-6</td><td>子系统2-7</td><td>子系统2-8</td><td>子系统2-9</td><td></td></tr><tr><td>分系统3</td><td>子系统3-1</td><td>子系统3-2</td><td>子系统3-3</td><td>子系统3-4</td><td>子系统3-5</td><td>子系统3-6</td><td>子系统3-7</td><td>子系统3-8</td><td>子系统3-9</td><td></td></tr><tr><td>分系统4</td><td>子系统4-1</td><td>子系统4-2</td><td>子系统4-3</td><td>子系统4-4</td><td>子系统4-5</td><td>子系统4-6</td><td>子系统4-7</td><td>子系统4-8</t', '15. 如图，圆 O 与 x 轴的正半轴的交点为 A，点 C，B 在圆 O 上，且点 C 位于第一象限，点 B 的坐标为  $ \\left(\\frac{12}{13}, -\\frac{5}{13}\\right) $， $ \\angle AOC = \\alpha $。若  $ |BC| = 1 $，则  $ \\sqrt{3} \\cos^2 \\frac{\\alpha}{2} - \\sin \\frac{\\alpha}{2} \\cos \\frac{\\alpha}{2} - \\frac{\\sqrt{3}}{2} $ 的值为___。\n\n16. 如图，一个酒杯的内壁的轴截面是抛物线的一部分，杯口宽  $ 4\\sqrt{2} $ cm，杯深 8cm，称为抛物线酒杯。①在杯口放一个表面积为  $ 36\\pi cm^2 $ 的玻璃球，则球面上的点到杯底的最小距离为___ cm；②在杯内放入一个小的玻璃球，要使球触及酒杯底部，则玻璃球的半径的取值范围为___（单位：cm）。\n\n##image\n\n##image\n\n##paragraph_title\n三、解答题：共70分。解答应写出相应的文字说明、证明过程或者演算步骤。第17~21题为必考题，每个试题考生都必须作答，第22，23题为选考题，考生根据要求作答']","The OMG specification defines a component as ""a modular, deployable, and replaceable part of a system that encapsulates implementation and exposes a set of interfaces.""",1.0,0.9534079638132441
What policy sets the criteria for determining if a vertebrate population is a DPS?,"['##paragraph_title\nSummary of Status Review\nBased on new information and review of previously referenced studies, we find that the Huachuca-Canelo population of the Arizona treefrog does not meet the requirements of the Service’s Policy Regarding the Recognition of Distinct Vertebrate Population Segments (DPS Policy) published in the Federal Register on February 7, 1996 (61 FR 4722). The DPS Policy sets forth three elements for the Service to consider in determining whether a vertebrate population is a DPS that warrants listing: Whether the population is discrete and whether the population is significant', 'If the population is determined to be both discrete and significant, then the DPS Policy requires the Service to evaluate the conservation status of the population to determine whether the population falls within the Act’s definition of an “endangered species” or of a “threatened species.”\n\nOn the basis of the best available scientific and commercial information, and in accordance with our DPS Policy, we conclude that the Huachuca-Canelo population of the Arizona treefrog is discrete but it is not significant (i.e., it is not biologically or ecologically important) to the taxon as a whole', 'The Huachuca-Canelo DPS of the Arizona treefrog was originally defined based on the historical locations. However, recently the Service has received information on Arizona treefrog locations nearby, but outside of, the DPS area. This new information, along with many new location detections in the Huachuca Mountains and Canelo Hills, indicates that the Arizona treefrog is not only more numerous, but is much more widespread than we knew when the Service made this Arizona treefrog a candidate species as a DPS. There are now approximately more than 30 known localities in Arizona in the Huachuca Mountains and Canelo Hills, and the Arizona treefrog also occurs in areas outside of the DPS boundary, but within the vicinity of the Huachuca Mountains and Canelo Hills', 'We reviewed the petition, information available in our files, and other available published and unpublished information. This evaluation may include information from recognized experts; Federal, State, and tribal governments; academic institutions; foreign governments; private entities, and other members of the public.\n##paragraph_title\nArizona Treefrog, Huachuca-Canelo Population (Hyla wrightorum)\n##paragraph_title\nPrevious Federal Actions\nIn our annual candidate notice of review (CNOR) published on December 6, 2007 (72 FR 69034), we recognized the Huachuca-Canelo population of the Arizona treefrog as a candidate for listing as a distinct population segment (DPS)', 'e., it is not biologically or ecologically important) to the taxon as a whole. Regarding discreteness, we have reviewed the best available scientific and commercial information and the evidence relative to potential differences in physical, behavioral, morphological, and genetic attributes. We conclude that the Huachuca-Canelo population of the Arizona treefrog is discrete based on its geographical separation from the other two populations on the Mogollon Rim and in Mexico.\nRegarding significance, we considered the four classes of information listed in the DPS Policy as possible considerations in making a determination, as well as all other information that might be relevant to making this determination for the Huachuca-Canelo population']","The DPS Policy published in the Federal Register on February 7, 1996 (61 FR 4722).",1.0,0.7435725694728031
What is the desired limit according to the document fragment?,"[""##image\n\n##vision_footnote\n© News Licensing/Times Media Limited\n##vision_footnote\nACROSS: 7 SOON 8 FEASIBLE 9 DE NIRO 10 SELLER 11 CAGE 12 REINDEER 15 LEGALESE 17 VETO 18 ABROAD 21 FORMAL 22 DOMESTIC 23 NICE DOWN: 1 MODERATE 2 INCITE 3 OF COURSE 4 PASS 5 BILLED 6 FLEE 13 IN EFFECT 14 ENTRANCE 16 ATONED 17 VERONA 19 BOOB 20 DATA\n##paragraph_title\nCONCISE CROSSWORD\n1 Tempted (7)\n5 Bone of the ear (5)\n8 Temporarily halted (2,3)\n9 Knotty, twisted (7)\n10 Practice of seeking to gain superiority over others (3-9)\n12 Turn upside down or back to front (6)\n14 Symptom of a cold (6)\n17 Utterly baffling (12)\n21 Food additive code (1-6)\n22 Growl menacingly (5)\n23 Rested on one's patellae (5)\n24 (Of a bathroom) accessible from a bedroom (2"", '##number\n6\nZaslavsky, Extremal arrangements of hyperplanes, Ann. N. Y. Acad. Sci. 440 (1985), 69-87.\nB−4 The maximum is  $ 2^{k} $, achieved for instance by the sub-space\n##display_formula\n $$ \\left\\{\\left(x_{1},\\cdots,x_{n}\\right)\\in\\mathbb{R}^{n}:x_{1}=\\cdots=x_{n-k}=0\\right\\}. $$ \nFirst solution: More generally, we show that any affine k-dimensional plane in  $ R^n $ can contain at most  $ 2^k $ points in Z. The proof is by induction on  $ k+n $; the case  $ k=n=0 $ is clearly true.\nSuppose that V is a k-plane in  $ \\mathbb{R}^n $. Denote the hyperplanes  $ \\{x_n = 0\\} $ and  $ \\{x_n = 1\\} $ by  $ V_0 $ and  $ V_1 $, respectively', '$$ \nSince the vectors  $ \\nu_{\\chi} $ are pairwise orthogonal, the limit we are interested in can be written as\n##display_formula\n $$ \\lim_{m\\to\\infty}\\frac{1}{b^{2m}}\\big(M^{m} v-\\frac{1}{n}v_{\\hat{e}}\\big)\\cdot\\big(M^{m} v-\\frac{1}{n}v_{\\hat{e}}\\big). $$ \nand then rewritten as\n##display_formula\n $$ \\lim_{m\\to\\infty}\\frac{1}{b^{2m}}\\sum_{\\chi\\in\\hat{G}-\\{\\hat{e}\\}}|\\lambda_{\\chi}|^{2m}=\\#\\{\\chi\\in\\hat{G}:|\\lambda_{\\chi}|=b\\}. $$ \nBy construction, this last quantity is nonzero and finite.\nRemark. It is easy to see that the result fails if we do not assume  $ g_1 = e $: take  $ G = \\mathbb{Z}/2\\mathbb{Z} $,  $ n = 1 $, and  $ g_1 = 1 $.\nRemark', '$ ^{*} $（联邦）</td><td>✓</td><td>✓</td><td>✓</td><td>✗</td><td>✗</td><td>✗</td><td>✗</td><td>✗</td><td>✗</td></tr><tr><td>澳大利亚</td><td>✓</td><td>✓</td><td>✓</td><td>✗</td><td>✗</td><td>✗</td><td>✗</td><td>✗</td><td>✓</td></tr><tr><td>新加坡</td><td>✓</td><td>✓</td><td>✓</td><td>✗</td><td>✗</td><td>✗</td><td>✓</td><td>✗</td><td>自愿通知</td></tr><tr><td>中国香港</td><td>✓</td><td>✓</td><td>✓</td><td>✓</td><td>✓</td><td>✗</td><td>✓</td><td>✗</td><td>自愿通知</td></tr><tr><td>中国</td><td>✓</td><td>✓</td><td>✓</td><td>✓</td><td>✓</td><td>✓</td><td>✓</td><td>✓</td><td>✓</td></tr></table>', 'C) to be the intersection between the segment DE and the x-axis (resp. line x = y); thus the minimum perimeter is in fact  $ \\sqrt{2a^2 + 2b^2} $.\nB−3 We use the well-known result that the surface area of the “sphere cap”  $ \\left\\{(x,y,z)\\mid x^{2}+y^{2}+z^{2}=1,z\\geq z_{0}\\right\\} $ is simply  $ 2\\pi(1-z_{0}) $. (This result is easily verified using calculus; we omit the derivation here.) Now the desired surface area is just  $ 2\\pi $ minus the surface areas of five identical halves of sphere caps; these caps, up to isometry, correspond to  $ z_{0} $ being the distance from the center of the pentagon to any of its sides, i.e.,  $ z_{0}=\\cos\\frac{\\pi}{5} $. Thus the desired area is  $ 2\\pi-\\frac{5}{2}\\left(2\\pi(1-\\cos\\frac{\\pi}{5})\\right)=5\\pi\\cos\\frac{\\pi}{5}-3\\pi $ (i.e.,  $ B=\\pi/2 $)']",The desired limit is $\lim_{m\to\infty}\frac{1}{b^{2m}}\sum_{\chi\in\hat{G}-\{\hat{e}\}}|\lambda_{\chi}|^{2m}$.,0.75,0.5674183096793648
怎样才能迅速、准确、完善地解答好各类地理问题？,"['只有这样，才有可能逐步提高地理空间想象能力和地理思维能力，正确地解答填图、读图及其他各类地理问题。\n##number\n118', '##header\nNO.\nDate\n##paragraph_title\n初中地理解题思路.方法剖析\n在学习初中地理的过程中，除要根据教学大纲和教材要求，采用科学的学习方法，认真扎实地理解掌握好地理基础知识和基本技能，弄清各部分内容的知识要点及其相互联系外，还要学以致用，重视对地理基本概念、基本原理、基本规律等基础知识和基本技能的运用，做到能解释有关的地理现象，回答有关的地理问题，进而使自己的地理能力得到较快的提高，智力得到较好的发展。\n学习和复习过程中，运用地理基础知识和基本技能分析问题，解决问题的主要形式是进行练习，完成作业，参加考试，解答各种类型的地理问题。怎样才能迅速、准确、完善地解答好各类地理问题呢？这就需要我们了解并掌握解答各类地理问题的思路和方法，适当加强解题训练，逐步提高解题能力。\n##paragraph_title\n提高地理解题能力的主要途径和方法\n##paragraph_title\n1. 书画并重，狠抓“双基”，掌握要点——这是提高解题能力的前提条件\n各种地理事物和地理现象，都离不开空间地域分布，能不能掌握地理分布知识，是能不能学好地理的关键所在。地理分布知识是通过各种各样的地图来反映的，地图和地理教科书一样，包含有极其丰富的地理“双基”（基础知识和基本技能）知识，许多地理试题和练习题，都直接或间接地同地图知识有联系。\n因此，在学习和复习地理时，必须书图并重，既要熟悉，理解教科书对各种地理事物和地理现象是怎样描述、分析、概括的，又要了解它们的分布在地图上是怎样表示的，并将二者有机地结合起来，在脑海里形成各种地理事物区域分布的轮廓图，从而牢固地掌握地理基础知识和基本技能，明确各种地理事物和地理现象的主要特征、分布规律、形成原因等要点，并力求做到十分熟悉。只有这样，才有可能逐步提高地理空间想象能力和地理思维能力，正确地解答填图、读图及其他各类地理问题', '##header\nNO.\nDate\n①图例：用来表示地理事物的各种符号。\n② 注记：用来说明地理事物名称的文字或用说明地理事物数量的数字，称之为地图的“语言”。\n③常用图例：\n##image\n\n##paragraph_title\n2. 地形图的判读\n(1) 地面高度的计算方法\n①海拔(绝对高度)：地面某个地点高出海平面的垂直距离。\n举例：珠穆朗玛峰海拔8844.43米，吐鲁番盆地海拔-155米\n②相对高度：某个地点高出另一地点的垂直距离。\n举例：旗杆高出地面15米\n(2)地形图的类型:等高线地形图、分层设色地形图、地形图剖面图.\n等高线: 在地图上把海拔相同的各点连成的线。\n等深线: 在地图上把海洋中深度相同的各点连接成线。\n(3)等高线地形图的判读.\n①根据等高线的疏密程度判断坡度的陡缓；等高线稀疏，表示坡缓；等高线密集，表示坡陡。\n②根据等高线形状判断地形类型：山顶、山脊、山谷、鞍部、陡崖。等高线的弯曲部分向高处凸出表示山谷，向低处凸出表示山脊；两个山顶之间的部位是鞍部；等高线重叠的地方表示陡崖。\n(4)陆地上的五种基本地形：平原、高原、山地、丘陵、盆地。地形图上用海拔来表示地面的高低起伏。分层设色形图上，绿色表示平原，蓝色表示海洋、黄色表示高山高原、白色表示冰川。\n##number\n5', '##header_image\n\n##header\nwww.Jinghua.com “在线名师” → 答疑室 随时随地提问互动\nWhat can we do to solve these problems?\nIf we eat more vegetables and less meat, we will easily get more food. Land that is used to grow crops can feed five times more people than land where animals are kept.\nThe world population will not rise so quickly if people use modern methods of birth control.\nFinally, if we educate people to think about the problems, we shall have a better and cleaner living place in the future.\n##table\n<table><tr><td colspan=""2"">The importance of protecting the environment</td></tr><tr><td>Problems</td><td>◆ More fish being caught.◆ More  $ \\underline{\\text{61}} $ being cut down.◆ More waste products being put into rivers.◆ More  $ \\underline{\\text{62}} $ being born', '##image\n\n##image\n\n##paragraph_title\n三、解答题：共70分。解答应写出相应的文字说明、证明过程或者演算步骤。第17~21题为必考题，每个试题考生都必须作答，第22，23题为选考题，考生根据要求作答。\n（一）必考题：共60分\n17.（12 分）如图，已知平面四边形 ABCD 中， $ AB = CD = 1 $\n（1）若  $ AD = \\sqrt{2} $， $ \\angle ADB = \\frac{\\pi}{4} $，求  $ \\triangle ABD $ 的面积；\n（2）若 BC = t， $ AD = \\sqrt{2}t $， $ \\angle C - \\angle A = \\frac{\\pi}{4} $，求 t 的最大值.\n##image\n\n18.（12分）如图，在正四棱锥 P-ABCD 中， $ PA=AB=2\\sqrt{2} $，E、F 分别为 PB、PD 的中点，平面 AEF 与棱 PC 的交点为 G.\n（1）求平面AEGF与平面ABCD所成锐二面角的正切值的大小；\n(2) 求  $ \\frac{CG}{PC} $ 的值.\n19.（12分）2020年9月22日，国家主席习近平在第七十五届联合国大会一般性辩论上发表重要讲话，指出要加快形成绿色发展方式和生活方式，建设生态文明和美丽地球。中国将提高国家自主贡献力度，采取更加有力的政策和措施，二氧化碳排放力争于2030年前达到峰值，努力争取2060年前实现碳中和。某企业为了响应中央号召，准备在企业周边区域内通过植树造林实现减碳，从某育苗基地随机采购了120株银杏树树苗进行栽种，测量树苗的高度，得到如下频率分布直方图，已知不同高度区间内树苗的售价区间如下表']",要迅速、准确、完善地解答好各类地理问题，需要掌握地理基础知识和基本技能，注重地图的学习与运用，理解地理事物和现象的分布规律，提高空间想象能力和地理思维能力。同时，应通过练习、作业和考试等形式，不断加强解题训练，逐步提高解题能力。,1.0,0.9188515735592645
What is the main goal of the five potential plays mentioned in the document fragment?,"[""scope (5)\n19 Spicy ball of chopped vegetables fried in batter (5)\n20 Pack of cards (4)\n##image\n\n##vision_footnote\n© News Licensing/Times Media Limited\n##paragraph_title\nBRIDGE\n##table\n<table><tr><td>South</td><td>West</td><td>North</td><td>East</td></tr><tr><td>1 [S]</td><td>Pass</td><td>2 [S]</td><td>Pass</td></tr><tr><td>4 [S]</td><td></td><td></td><td></td></tr></table>\n##image\n\nThere are many worthwhile conventions that enable a good defensive pair to score all the tricks to which they're entitled"", 'Key\nchoices they face could include where to embrace new business models and offerings, whether to innovate into new product segments, and how to create and sustain advantage in the traditional parts and supply business given the market’s changing competitive dynamics. In this section, we offer five potential plays for different types of businesses suppliers have in their portfolios. It is important\nwith sustained, rich, consumer-driven innovation opportunities. From each starting point, suppliers can consider whether they want to achieve growth in the future from continued focus on sales of parts, or through new business models that potentially take them into new roles in the mobility ecosystem (moving upward on the y-axis).\nFigure 3 illustrates the five potential strategic plays', 'Figure 3 illustrates the five potential strategic plays. Supplier businesses in more commoditized seg-\nWinning on cost and scale could require a massive footprint in order to serve increasingly global OEM platforms.\nto realize that these strategic plays are not mutually exclusive, nor are they “sequential strategies.” Suppliers could make these choices simultaneously, and different strategies could apply to parts of their business portfolios.\nConsider figure 3, starting on the x-axis', '2025\n##table', '5)\nDOWN\n1 Pertaining to the financial system (8)\n2 Fleeting moment (5)\n3 Less expensive (7)\n4 Folded corner of a page (3-3)\n5 Douglas —, humorous science-fiction author (5)\n6 Foxlike (7)\n7 Children’s board game (4)\n11 Military wake-up call (8)\n13 Business enterprise (7)\n15 Agent of one’s downfall (7)\n16 Formal accusation made against a suspect (6)\n18 Extent']","The main goal of the five potential plays is to help suppliers consider strategies for growth, either through continued focus on parts sales or new business models in the mobility ecosystem.",1.0,0.7403842670972023
What did a Palestinian man urge Joe Sacco to write about?,"['##header\nThe Economist March 2nd 2024\n##header\nCulture\n##number\n75\n##doc_title\nCartoon gloom\n“Palestine”, an old graphic novel, is making a comeback\nIn the winter of 1991, around the time of the first intifada, Joe Sacco, then a young cartoonist and journalist, arrived in Gaza with no particular aim except ""to see what\'s going on"". He suspected that the version of the Israeli-Palestinian conflict he saw portrayed in the media was not the full story. For two months he travelled through the West Bank and the Gaza Strip, talking to wounded children, bereaved mothers and broken men. A Palestinian man urged him to write ""something about us"". Mr Sacco promised, ""I will alert the world to your suffering! Watch your local comic-book store', 'A Palestinian man urged him to write ""something about us"". Mr Sacco promised, ""I will alert the world to your suffering! Watch your local comic-book store.""\nReaders expect comic books to be fun and fantastical, and they usually are, from the serial adventures of Asterix and Tintin to the heroic exploits of Batman, Superman and Wonder Woman. There may be hardship, but good always triumphs over evil. Even ""Maus"", Art Spiegelman\'s dark, Pulitzer-prizewinning graphic novel about the Holocaust, ends with the liberation of the camp\'s survivors. Mr Sacco\'s ""Palestine"", a graphic novel that examines the lives of Palestinians under occupation, offers no such comforts.\nWhen the issues were first published in the 1990s, readers were mostly uninterested', 'He does not pretend to have the answers. He just watches, listens and bears witness.\n\n##image\n\nToday Mr Sacco lives in Oregon and still draws cartoons for newspapers and books. He says that “Palestine” remains relevant “because the fundamental features of the Israeli occupation haven’t really changed in 30 years, but they express themselves with a violence I couldn’t have imagined during the first intifada.”\nThe story does not draw to any neat conclusion. As an old man in Jenin tells Mr Sacco, the situation ""will go on for ever and for ever"". More settlements, more soldiers, more houses demolished and lives uprooted, more abuse and humiliation, more wandering within the narrow confines of the camps, more waiting', 'As Mr Sacco travelled from refugee camp to refugee camp, families offered him tea and told him their stories. The old cartoons feel startlingly current. In one, Mr Sacco waits at roadblocks, where Israeli soldiers brandish M16s. In hospitals, children show him their injuries and nurses tell how soldiers invaded the operating theatres, interrogating the wounded.\nAgain and again the familiar, bespectacled figure of Mr Sacco pops up in his images. His presence reminds readers that this story is being told through a particular lens—the perspective of a bewildered visitor trying to make sense of it all. He does not pretend to have the answers. He just watches, listens and bears witness.\n\n##image\n\nToday Mr Sacco lives in Oregon and still draws cartoons for newspapers and books', ""“Palestine” is considered a landmark work of graphic non-fiction, or comics journalism, combining the techniques of eyewitness reporting with the visual storytelling of comics. The form has its roots in coverage of the American civil war, when photography was not advanced enough to capture battles, and newspapers sent illustrators to the scene instead.\nThe cartoons are startling and graphic. A Palestinian boy shot by an Israeli settler bleeds to death in his parents' arms because a curfew imposed by Israeli soldiers prevents them from taking him to hospital. An old woman watches soldiers bull-doze her home.\nAs Mr Sacco travelled from refugee camp to refugee camp, families offered him tea and told him their stories. The old cartoons feel startlingly current""]","A Palestinian man urged Joe Sacco to write ""something about us.""",1.0,0.9648584671722662
What is an example of a four-dimensional subspace?,"['##number\n110\n##header\nChapter 2 Vector Spaces\nYou must notice that the word “dimensional” is used in two different ways. We speak about a four-dimensional vector, meaning a vector in  $ R^{4} $. Now we have defined a four-dimensional subspace; an example is the set of vectors in  $ R^{6} $ whose first and last components are zero. The members of this four-dimensional subspace are six-dimensional vectors like  $ (0,5,1,3,4,0) $.\nOne final note about the language of linear algebra. We never use the terms “basis of a matrix” or “rank of a space” or “dimension of a basis.” These phrases have no meaning. It is the dimension of the column space that equals the rank of the matrix, as we prove in the coming section.\n##paragraph_title\nProblem Set 2', '##header\n整理和复习\n##doc_title\n第 4 课时 图形的认识与测量(4)\n##paragraph_title\n基础训练\n1. 选择题。\n(1) 观察下面立体图形，从右面看，看到的形状相同的是( A )。\n##image\n\n①\n##image\n\n##image\n\n②\n##image\n\n③\n④\nA. ①和③ B. ①和② C. ②和④ D. ③和④\n(2) 用 5 块体积都是  $ 1 \\, cm^{3} $ 的正方体积木搭建一个模型，下图分别是从上面和左面看到的图形，这个图形可能是( D )。\n##image\n\n从上面看\n##image\n\n从左面看\n##image\n\nA\n##image\n\nB\n##image\n\nC\n##image\n\nD\n(3)一个物体从上面和正面看到的形状如图，它的体积是( C )cm $ ^{3} $。\n##image\n\n从上面看\n##image\n\n从正面看\nA. 1256 B. 2286 C. 314 D. 120\n2. 把下面图形折成一个正方体后，B 面所对的是哪一个面？D 面所对的是哪一个面？如果 E 面在底部，那么哪一个面在上面？\nB 面所对的是 A 面；D 面所对的是 F 面；如果 E 面在底部，那么 C 面在上面。\n##image\n\n3. 在方格纸上分别画出下面立体图形从正面、左面、上面看到的图形。\n##image\n\n##paragraph_title\n能力提升\n4. 淘气把一个圆锥形的铅锤放入一个底面周长是25.12 cm的圆柱形烧杯里，然后倒入水，使水面没过铅锤，当把铅锤完全拿出水面以后（铅锤带出的水忽略不计），水面下降了0.75 cm', '##number\n6\nZaslavsky, Extremal arrangements of hyperplanes, Ann. N. Y. Acad. Sci. 440 (1985), 69-87.\nB−4 The maximum is  $ 2^{k} $, achieved for instance by the sub-space\n##display_formula\n $$ \\left\\{\\left(x_{1},\\cdots,x_{n}\\right)\\in\\mathbb{R}^{n}:x_{1}=\\cdots=x_{n-k}=0\\right\\}. $$ \nFirst solution: More generally, we show that any affine k-dimensional plane in  $ R^n $ can contain at most  $ 2^k $ points in Z. The proof is by induction on  $ k+n $; the case  $ k=n=0 $ is clearly true.\nSuppose that V is a k-plane in  $ \\mathbb{R}^n $. Denote the hyperplanes  $ \\{x_n = 0\\} $ and  $ \\{x_n = 1\\} $ by  $ V_0 $ and  $ V_1 $, respectively', 'Third solution: As in the first solution, it suffices to exhibit x such that  $ x^{2}-1 $ is the sum of two squares. We will take  $ x=3^{2n} $, and show that  $ x^{2}-1 $ is the sum of two squares by induction on n: if  $ 3^{2n}-1=a^{2}+b^{2} $, then\n##display_formula\n $$ \\begin{align*}(3^{2^{n+1}}-1)&=(3^{2^{n}}-1)(3^{2^{n}}+1)\\\\&=(3^{2^{n-1}}a+b)^{2}+(a-3^{2^{n-1}}b)^{2}.\\end{align*} $$ \nFourth solution (by Jonathan Weinstein): Let  $ n = 4k^{4} + 4k^{2} = (2k^{2})^{2} + (2k)^{2} $ for any integer  $ k $. Then  $ n + 1 = (2k^{2} + 1)^{2} + 0^{2} $ and  $ n + 2 = (2k^{2} + 1)^{2} + 1^{2} $.\n##paragraph_title\nA−3 The maximum area is  $ 3\\sqrt{5} $.\nWe deduce from the area of  $ P_1P_3P_5P_7 $ that the radius of the circle is  $ \\sqrt{5/2} $', 'recursive formula (758) a formula used for determining the next term of a sequence using one or more of the previous terms\nreduced sample space (862) the subset of a sample space that contains only those outcomes that satisfy a given condition\nreduction identity (446) identity that involves adding and subtracting the quadrantal angles,  $ 90^{\\circ} $,  $ 180^{\\circ} $, and  $ 270^{\\circ} $']","An example of a four-dimensional subspace is the set of vectors in $ \mathbb{R}^6 $ whose first and last components are zero, such as $ (0,5,1,3,4,0) $.",1.0,0.8476037846153069
Who emphasized the bank's potential for growth according to the message?,"['Being a part of the conversation will give foreign managers a platform to build their brands.\n\n##number\n13', '##header\n发展临沧\n##image\n\n##vision_footnote\n加快建设“绿色银行”\n伴随奋进的脚步和激越的鼓点，临沧走过满载收获的“十二五”，开启了新的征程。“十三五”时期是临沧闯出一条跨越式发展路子，与全国全省同步全面建成小康社会的决胜阶段。2015年1月习近平总书记考察云南时提出的“三个定位”和省委、省政府主要领导到临沧调研时对临沧经济社会发展做出的重要指示，为临沧经济社会跨越式发展指明了方向。站在新的历史起点上，中共临沧市委三届八次全体会议，认真学习贯彻党的十八届五中全会、省委九届十二次全会精神，审议通过了《中共临沧市委关于制定国民经济和社会发展第十三个五年规划的建议》，明确了“十三五”时期临沧经济社会发展的指导思想和目标要求。中国共产党临沧市第四次代表大会批准孙青友同志代表三届市委所做的报告。大会充分肯定了三届市委的工作，认为市第三次党代会以来的五年，是抢抓机遇、重点突破、不断夯实发展基础的五年，是直面矛盾、迎难而上、不断赢得发展主动权的五年，是找准定位、发挥优势、不断开创发展新局面的五年。\n\n中国共产党成立95年来，党的光辉照边疆，临沧人民心向党。临沧各族人民的命运始终与党的命运休戚\n##number\n150', '##doc_title\nInterview with Vladislav Kreynin.\n##image\n\n##vision_footnote\nVladislav Kreynin\nSenior Vice President and\nDirector of the Marketing\nand Communications\nDepartment,\nSber\n##paragraph_title\nHow has Sber managed to maintain its leading position in terms of both value and brand strength for so many years?\nOver a year ago, we rebranded as Sber. We are constantly improving and developing. Sber is not only the largest bank in Russia and in Central and Eastern Europe today, but we are also the top technology company in Russia and a leader behind the digitalisation of the national economy. While relying on an impressive consumer base of 104 million, Sber is aiming to diversify further into a new demographic of Gen Z users with a new digital services offering', 'In 2019, Governor-General Julie Payette awarded him the Order of Canada.\nEarly in his banking career, he moved to London to help open CIBC’s European credit division, new territory for the bank. The pioneering role caught the eye of CIBC executive Don Fullerton, who subsequently became CEO. He tasked Mr. Hunkin and colleague Al Flood with setting a strategy for U.S. expansion. The two bankers moved to New York and built a successful corporate lending team, run by Mr. Flood, who went on to succeed Mr. Fullerton as the bank’s CEO and Mr. Hunkin’s predecessor.\nIn the late 1980s, the federal government liberalized financial regulations, allowing banks to own investment dealers. CIBC acquired Wood Gundy after the dealer lost much of its capital in the 1987 market crash', '邮储银行发放的近2500亿小额贷款，解决了全国400万户农户及小商户的生产经营资金需求问题，1600多万人从中受益。\n邮储银行近年来不断加大服务“三农”的力度，成效显著，引起了政府领导、监管机构及专家学者的极大关注。本报记者在采访过程中，感受到了邮储银行充分依托邮政网络优势，不断完善城乡金融服务功能，成为农村地区金融服务的主要提供者之一，探索出了一条有特色的大型零售商业银行的发展道路。\n##paragraph_title\n服务“三农”是邮储银行的社会责任\n“邮储银行的草根文化特色很重，比较朴实，所以邮储银行从一开始就决定走“从农村包围城市”的路线。银行的业务员们在工作中尊重农民，走近农民，不吃人家的、不喝人家的，让老百姓信任他们，使愿意接受他们服务的人越来越多。这种工作作风让邮储银行在农村争取到了更多的客户。”世界银行东亚太平洋地区首席金融专家王君评价。（下转第六版）\n##image\n\n##doc_title\n贵阳多措并举确保“两节”农副产品供应\n12月21日，在贵州省贵阳市一农贸市场内，一名米商正在卖米。元旦、春节将至，为保障“两节”期间市场供应，确保市场价格稳定，贵阳市采取多项措施大力发展生产，加强储备、调运，全力保障“两节”期间农副产品的供应。贵阳市相关部门决定，加强20万亩蔬菜管理、增播10万亩越冬蔬菜，切实做好生猪、蛋禽生产，进一步扩大和完善农副产品销售网络，推进农副产品进社区，扩建蔬菜等生鲜超市和直销店，确保流通渠道各个环节有序、畅通。新华社记者 刘续 摄\n\n##doc_title\n青海农牧业唱响“高原腔”\n☑☑本报记者 陆军 张玉兰\n玉树冬虫夏草、乐都紫皮大蒜、互助马铃薯、泽库酸奶、海北羔羊……以纯净、天然、无污染而闻名的青海高原特色农产品正在崛起。\n黄河、长江、澜沧江发源于此，青海素有“中华水塔”的美誉，是我国重要的高原生态屏障']",The context does not mention anyone who emphasized the bank's potential for growth.,0.0,0.0
What are the purposes of reading in English for an individual according to the text?,"['##paragraph_title\nIs Good English Important?\n##paragraph_title\n• For Individual\n– Reading – lifelong learning to improve your competitiveness, especially when you want to acquire the most up-to-date knowledge\n– Writing – emails with foreign friends/co-workers/customers\n– Listening – Q/A with foreign customers/boss/etc\n– Speaking – presentation in front of foreign customers/boss/etc, traveling abroad\n##paragraph_title\n• At University level\n– Internationalization is one of the most prioritized tasks', '##header\nNO.\nDate\n##paragraph_title\n3. 改进阅读方式\n(1) 预测：培养学生依据文章标题、插图以及相关的背景知识和社会生活经验，对文章大致内容预测以及可能涉及到的词汇，然后阅读文章第一段，并对预测进行验证、纠正，同时抓住主题句、关键词，从而更好地从整体上去理解和把握文章中心。\n(2) 略读：指导学生快速浏览全文，领会文章大意，辨析文体，掌握篇章结构，进而抓住文章中心。\n(3) 查读：在浏览全文基础上进行查读，以回答个别事实细节性的问题。有些细节性的问题不能直接在短文中找到答案，要进行综合、归纳、转换才能获得，也就是要在直接可获得的事实和细节的基础上经过综合、归纳、转换，间接获得所需的事实和细节。它通常涉及数据、时间、人称、代词的指代、动作的行为的关联，动作行为者与承受者、地点和空间、表态方式、因果、条件、内涵与外延等', '##header_image\n\n##header\n名师特训 | 小学语文阅读高效训练 80 篇·发展篇\n“灵活”主要指“能适应事物的发展变化而变化”；“灵巧”主要指“灵便、精巧、不笨拙”。\n##paragraph_title\n3 【答案】请 ③\n【解析】本题考查学生理解句子的能力。句子中的“这”指的是引号中的“请”这个礼貌用语。联系短文，说它有“魔力”指的是说话的时候加上礼貌用语“请”，能使人更乐意帮助说话的人。\n##paragraph_title\n4 【答案】示例：谢谢你 对不起\n【解析】本题考查学生积累生活常识的能力。题目中“有魔力的字眼”指的是礼貌用语。生活中常用的礼貌用语有很多，如：谢谢你、不客气、对不起等。\n##paragraph_title\n5 【答案】示例：它像大海一样宽广，像阳光一样温暖……\n【解析】本题考查学生仿写句子的能力。联系生活经验，写出事物的特点即可。如“像雪花一样洁白”“像露珠一样晶莹”……写出任意两种即可。\n##paragraph_title\n选文 48 “我运动，我健康” 计划\n【解析】本题考查学生理解材料内容的能力。根据“我的计划”部分可知答案。\n##paragraph_title\n2【答案】3\n【解析】本题考查学生阅读表格的能力。根据记录表，跑步的符号是“□”，表格的第一周中有三个“□”，即有3天进行了跑步运动。\n##paragraph_title\n3 【答案】②\n【解析】本题考查学生阅读表格的能力。李乐乐制订计划的时间是5月1日，选项①的说法错误；根据表格的符号，李乐乐在第一周中安排了跑步、跳绳、游泳、打篮球共4种不同的体育运动，选项③的说法错误。选项②的说法正确', '##paragraph_title\nScientific English – final exam\nThe final exam will be  $ \\underline{\\text{written}} $, not oral.\nYou will be given a scientific article. You will be asked to:\nEASY Underline the parts of speech (articles, nouns, verbs.) found in a given section of the article; →\n $ \\underline{\\text{MINIMUM LEVEL TO PASS THE EXAM}} $\nINTERMEDIATE Answer a list of open questions concerning the whole article;\nADVANCED Summarize the article with your own words', '##header\nNO.\nDate\n敏感，而对其他答题无关部分可不花太多时间，阅读速度就可加快些。\n##doc_title\n“先题后文”阅读方法说明\n关于“先题后文”，运用时要注意：\n1. 先读题时只能是读其问题或题干，而不能读问题后的选项，否则不仅浪费时间，而且也无法记住众多答案所表达的众多信息。\n2. 在读了题之后，要把这些问题记在心里，并带着问题去阅读，关于这一点是要经过反复训练才能形成能力的，因此短文后的这些问题本身所表达的信息并不像短文那样连贯，所以在开始试用这种方法时，往往先读了题之后（尤其是问题较多时）再读短文时，又忘记是什么问题了。\n3. 带着问题读短文时，对文中出现的与问题有关的语句，可以用笔作记号，以便为下一步选择作好准备，但也要注意不要每读到一个与问题有关的信息点就停下来去对照后面的问题，因为这样会耽误时间，另一方面有些问题往往要通过对短文的全面了解才能作出结论，而不能仅仅从一、二个信息点作出判断。\n4. 带着问题读完短文后，接着便是选择理解题的答案，虽然是带着问题去阅读短文的，但也并不是在阅读时带去的问题全部得到了答案，也可能有些还没有把握，这时同样要带着这些“疑题”去跳读短文。\n##paragraph_title\n阅读简答的答题技巧\n做“阅读简答”这样的题目时，普遍觉得不难，而考试结果一出来，却发现得高分的不多，原因就在于这种题型不仅要求考生读懂文章，还要求他们用自己的语言简练地回答问题；既考查了阅读理解能力，也考查了英语表达能力和概括能力，另外，对回答的拼写、语法的正确性的要求，使做简答题有一定难度，加上解答几乎没有猜题技巧可言，做题难度更大。要想取得较好成绩，好的解题步骤和技巧非常重要。\n##number\n87']","The purposes of reading in English for an individual, according to the text, are to improve competitiveness through lifelong learning, acquire up-to-date knowledge, and prepare for Q/A with foreign customers or bosses.",0.6666666666666666,0.9657556322719841
What does East return at trick five?,"[""But another convention, the trump echo, comes to his rescue.\nWest's ruff with the two of spades, followed later by the play of the four, denies a holding of three trumps. If West had started with the 6-4-2, for example, he would have ruffed the club at trick two with the four and later played the deuce to indicate possession of a third trump.\nEast therefore returns a diamond at trick five, and four spades goes down two. With a club return, South makes the contract"", ""East's return of the three, rather than just any club, is conventional. It says that, as between hearts and diamonds, he would prefer that West lead the lower-ranking suit next. (Had East preferred a heart return, he would have led the eight of clubs to ask for the higher-ranking suit.)\nIf he thinks West has another trump, East should return a club; but if he thinks West has no more trumps, his best chance is a diamond return. With only his own 13 cards to rely on, East might easily go wrong and hand South the contract. But another convention, the trump echo, comes to his rescue.\nWest's ruff with the two of spades, followed later by the play of the four, denies a holding of three trumps"", ""Some players ignore these conventions, relying more on instinct than science, but this is a dangerous way to play the game.\nTake the present deal, which features top-notch partnership defence. West leads a club, East winning dummy's queen with the ace. East, diagnosing the lead as a possible singleton, returns the three of clubs, ruffed by West with the deuce.\nAccordingly, West leads the diamond three to East's queen and South's ace. Declarer plays a trump to dummy's jack and East's ace, and now East has a genuine problem.\nEast's return of the three, rather than just any club, is conventional. It says that, as between hearts and diamonds, he would prefer that West lead the lower-ranking suit next"", ""scope (5)\n19 Spicy ball of chopped vegetables fried in batter (5)\n20 Pack of cards (4)\n##image\n\n##vision_footnote\n© News Licensing/Times Media Limited\n##paragraph_title\nBRIDGE\n##table\n<table><tr><td>South</td><td>West</td><td>North</td><td>East</td></tr><tr><td>1 [S]</td><td>Pass</td><td>2 [S]</td><td>Pass</td></tr><tr><td>4 [S]</td><td></td><td></td><td></td></tr></table>\n##image\n\nThere are many worthwhile conventions that enable a good defensive pair to score all the tricks to which they're entitled"", ""##image\n\n##paragraph_title\nACROSS\n##vision_footnote\n©2025 KENKEN Puzzle LLC. KENKEN is a registered trademark of Nextov LLC. Dist. by Andrews McMeel www.kenken.com\n##paragraph_title\nINSTRUCTIONS\n1 Engineers involved with plant's rebirth (13)\n8 South American guerrilla leader's second game (5)\n9 Tenniel could be so merciful and forbearing (7)\n10 Husband in motor publicity initially enduring mockery (7)\n11 Failing of Scandinavian nomads, by the sound of it (5)\n13 Subtraction of money? It's what we infer (9)\n17 Racecourse a northerner identifies? (5)\n19 Fellow appearing repeatedly with a leguminous plant (7)\n20 Look closely at creepy-crawly crossing entrance to park (7)\n22 A legal right for a foreigner (5)\n23 Boxer's dad securing time at last with rowing crew (13)\n1""]",East returns a diamond at trick five.,1.0,0.7288041646188902
What is the name of the bridge game's table layout?,"[""scope (5)\n19 Spicy ball of chopped vegetables fried in batter (5)\n20 Pack of cards (4)\n##image\n\n##vision_footnote\n© News Licensing/Times Media Limited\n##paragraph_title\nBRIDGE\n##table\n<table><tr><td>South</td><td>West</td><td>North</td><td>East</td></tr><tr><td>1 [S]</td><td>Pass</td><td>2 [S]</td><td>Pass</td></tr><tr><td>4 [S]</td><td></td><td></td><td></td></tr></table>\n##image\n\nThere are many worthwhile conventions that enable a good defensive pair to score all the tricks to which they're entitled"", 'Note (due to Paul Cheng): one can reduce Determinant Tic-Tac-Toe to a variant of ordinary tic-tac-toe. Namely, consider a tic-tac-toe grid labeled as follows:\n##table\n<table><tr><td>$ A_{11} $</td><td>$ A_{22} $</td><td>$ A_{33} $</td></tr><tr><td>$ A_{23} $</td><td>$ A_{31} $</td><td>$ A_{12} $</td></tr><tr><td>$ A_{32} $</td><td>$ A_{13} $</td><td>$ A_{21} $</td></tr></table>\nThen each term in the expansion of the determinant occurs in a row or column of the grid. Suppose Player 1 first plays in the top left. Player 0 wins by playing first in the top row, and second in the left column. Then there are only one row and column left for Player 1 to threaten, and Player 1 cannot already threaten both on the third move, so Player 0 has time to block both', ""But another convention, the trump echo, comes to his rescue.\nWest's ruff with the two of spades, followed later by the play of the four, denies a holding of three trumps. If West had started with the 6-4-2, for example, he would have ruffed the club at trick two with the four and later played the deuce to indicate possession of a third trump.\nEast therefore returns a diamond at trick five, and four spades goes down two. With a club return, South makes the contract"", ""##image\n\n##paragraph_title\nACROSS\n##vision_footnote\n©2025 KENKEN Puzzle LLC. KENKEN is a registered trademark of Nextov LLC. Dist. by Andrews McMeel www.kenken.com\n##paragraph_title\nINSTRUCTIONS\n1 Engineers involved with plant's rebirth (13)\n8 South American guerrilla leader's second game (5)\n9 Tenniel could be so merciful and forbearing (7)\n10 Husband in motor publicity initially enduring mockery (7)\n11 Failing of Scandinavian nomads, by the sound of it (5)\n13 Subtraction of money? It's what we infer (9)\n17 Racecourse a northerner identifies? (5)\n19 Fellow appearing repeatedly with a leguminous plant (7)\n20 Look closely at creepy-crawly crossing entrance to park (7)\n22 A legal right for a foreigner (5)\n23 Boxer's dad securing time at last with rowing crew (13)\n1"", '(b) Column j contains one zero and two empty positions.\nPlayer 0 next plays at  $ A_{ij} $. To prevent a zero column, Player 1 must play in column j, upon which Player 0 completes the  $ 2 \\times 2 $ submatrix in (a) for the win.\nNote: one can also solve this problem directly by making a tree of possible play sequences. This tree can be considerably collapsed using symmetries: the symmetry between rows and columns, the invariance of the outcome under reordering of rows or columns, and the fact that the scenario after a sequence of moves does not depend on the order of the moves (sometimes called “transposition invariance”).\nNote (due to Paul Cheng): one can reduce Determinant Tic-Tac-Toe to a variant of ordinary tic-tac-toe']",The name of the bridge game's table layout is not explicitly mentioned in the provided context.,1.0,0.0
What did Brett Belchetz say about services funded 100 per cent by patients or private insurance?,"[""The delays have caused continued uncertainty for both those calling for more private health care options and those who say it is a drain on the publicly funded system.\nBrett Belchetz, a Toronto physician and chief executive officer of telemedicine platform Maple, has said such companies are necessary for Canadians who don't have a family doctor.\nHe said he is opposed to the type of user fees that “paywall” access to health care providers who then bill public insurance for their services. However, services that are funded 100 per cent by patients or private insurance should be welcomed, he added.\n“This is how options like employer-funded virtual care have come to be, which millions of Canadians rely on when they can’t find support in our overburdened public health system,” Dr"", '“This is how options like employer-funded virtual care have come to be, which millions of Canadians rely on when they can’t find support in our overburdened public health system,” Dr. Belchetz wrote in a LinkedIn post last year.\nThe Canadian Medical Association has recommended that the federal government ban membership fees, user fees or other sorts of payment for primary-care services covered by public insurance.\nCMA president Joss Reimer, who is a physician in Manitoba, said the association’s top concern is that the growth of private providers is siphoning professionals away from the publicly funded system. That could lead to worsening work force shortages in the public system, which leads to even less access to public services, in a negative feedback loop', 'An estimated six million Canadians are not connected to a family doctor, and many have turned to alternate health care providers such as virtual care companies that may charge subscription or membership fees for services that would otherwise be covered by public insurance.\nNearly two years ago, then-minister of health Jean-Yves Duclos said he was “very concerned” about recent increases in Canadians paying out-of-pocket for medically necessary care.\nHe pledged to release an interpretation letter outlining the rules governing nurse practitioners and other non-physician health care providers as they relate to the Canada Health Act, which was passed in 1984 and only explicitly covers services from physicians and in hospitals', ""9%) and the rate of missing recent single doses (33.8%) is similar, and many cases of previous and current nonadherence (45.0%) involved the same persons. Both rates represent about one-third of all treated patients with BPD sampled, indicating that some degree of treatment-nonadherence may be quite prevalent among contemporary American BPD patients. The apparently large disparity between physicians' impressions and patient self-reports is noteworthy, but may reflect differences in definitions of “nonadherence,” such that physicians self-defined nonadherence was likely to reflect clinically important levels of missed dosing over undefined periods of risk, whereas patients were asked about even single missed doses within 10 recent days"", 'That could lead to worsening work force shortages in the public system, which leads to even less access to public services, in a negative feedback loop.\n“Whenever we have providers that are using out-of-pocket, or private pay options, they are being pulled out of the public system to provide that service,” Dr. Reimer said.\nOntario Health Minister Sylvia Jones wrote to her federal counterpart last April recommending that non-physician health care providers be banned from charging fees to provide primary-care services']",Brett Belchetz said services funded 100 per cent by patients or private insurance should be welcomed.,1.0,0.9999999999997522
What is the value for BkF in the second column?,"['second) rows. There are 90 first rows whose sum is the vector (450, 405), and 100 second rows whose sum is (450, 450). Thus the answer is $450 \\times 450 - 450 \\times 405 = 45 \\times 450 = 20250$.\nB–4 The infinite continued fraction is defined as the limit of the sequence  $ L_{0} = 2207 $,  $ L_{n+1} = 2207 - 1/L_{n} $. Notice that the sequence is strictly decreasing (by induction) and thus indeed has a limit L, which satisfies  $ L = 2207 - 1/L $, or rewriting,  $ L^{2} - 2207L + 1 = 0 $. Moreover, we want the greater of the two roots.\nNow how to compute the eighth root of L? Notice that if x satisfies the quadratic  $ x^{2}-ax+1=0 $, then we have\n\n##display_formula\n $$ \\begin{aligned}0&=(x^{2}-ax+1)(x^{2}+ax+1)\\\\&=x^{4}-(a^{2}-2)x^{2}+1', '\\end{aligned} $$ \nSince the left side is increasing as a function of $b$, we have equality if and only if $b^{2}=a^{2}+c^{2}$.\nB−3 For $n=1$ we obviously get 45, while for $n=3$ the answer is 0 because it both changes sign (because determinants are alternating) and remains unchanged (by symmetry) when you switch any two rows other than the first one. So only $n=2$ is left. By the multilinearity of the determinant, the answer is the determinant of the matrix whose first (resp. second) row is the sum of all possible first (resp. second) rows. There are 90 first rows whose sum is the vector (450, 405), and 100 second rows whose sum is (450, 450). Thus the answer is $450 \\times 450 - 450 \\times 405 = 45 \\times 450 = 20250$', 'colspan=""2"">TOMORROW</td><td colspan=""2"">FRIDAY</td></tr><tr><td>BANFF</td><td>-1/-11</td><td>PC</td><td>-3/-8</td><td>PC</td><td>-1/-7</td><td>SN</td></tr><tr><td>BARRIE</td><td>-11/-16</td><td>SN</td><td>-8/-12</td><td>PC</td><td>-5/-7</td><td>PC</td></tr><tr><td>BRANDON</td><td>-4/-5</td><td>PC</td><td>-3/-12</td><td>PC</td><td>-8/-10</td><td>PC</td></tr><tr><td>CALGARY</td><td>4/-9</td><td>PC</td><td>-1/-8</td><td>S</td><td>2/4</td><td>RS</td></tr><tr><td>CHARLOTTETOWN</td><td>-2/-2</td><td>SN</td><td>0/0</td><td>SN</td><td>1/-1</td><td>SN</td></tr><tr><td>CHICOUTIMI</td><td>-6/-6</td><td>SN</td><td>-4/-7</td><td>SN</td><td>-6/-12</td><td>PC</td></tr><tr><td>CHURCHILL</td><td>-15/-15</td><td>SN</td><td>-13/-24</td><td>SN</td><td>-24/-26</td><td>PC</td></tr><tr><td>CORNER', 'B6\nCortland.B1\nCushman & Wakefield.B1\nD\nDatabricks.B1\nDefiance Daily Target 2X\nLong MSTR ETF.B12\n##header\nBUSINESS & FINANCE\n##content\nF\nFord Motor.A3\nG\nGetty Images.B3\nGFL Environmental.B2\nGreystar Real Estate Partners.B1\nH\nHome Depot.B3\nI\nING Groep.B3\nJ\nJonathan Adler.B6\nJPMorgan Chase.B3\nJPMorgan Equity Premium Income ETF.B12\nM\nMerck.B3\nMeta Platforms.A1,B1\nMicrosoft.B4\nMicroStrategy.B12\nN\nNEOS Enhanced Income 1-3 Month T-Bill ETF.B12\nO\nOpenAI', 'B1\nP\n##figure_title\nINDEX TO PEOPLE\n##table\n<table><tr><td colspan=""2"">A</td></tr><tr><td>Adler, Jonathan</td><td>B6</td></tr><tr><td>Almon, Lorie</td><td>B2</td></tr><tr><td>Armstrong, Brian</td><td>B2</td></tr><tr><td colspan=""2"">B</td></tr><tr><td>Baker, Cory</td><td>B6</td></tr><tr><td>Bentley, Jeb</td><td>B5</td></tr><tr><td>Binstock, Dan</td><td>B2</td></tr><tr><td>Brady, Kevin</td><td>B2</td></tr><tr><td colspan=""2"">C</td></tr><tr><td>Cardell, Sarah</td><td>B4</td></tr><tr><td colspan=""2"">D</td></tr><tr><td>Daggett, Harold</td><td>B3</td></tr></table>\n##table\n<table><tr><td>Dovigi, Patrick</td><td>B2</td></tr><tr><td colspan=""2"">G</td></tr><tr><td>Garland, James</td><td>B1</td></tr><tr><td colspan=""2"">H</td></tr><tr><td>Heary']",The value for BkF in the second column is not provided in the context.,1.0,0.0
贾探春的才华如何体现？,"['1、贾探春简介\n2、玫瑰花\n3、杏花\n4、成立诗社\n5、才自清明志自高\n6、敏探春兴利除弊\n7、巧言解围\n8、严词申饬\n9、衰世哀音\n10、远嫁海疆 / 和亲\n##image', '个人及标兵名单\n##paragraph_title\n内蒙古自治区\n##paragraph_title\n吉林省\n贾跃峰 内蒙古自治区农牧业厅\n王建明 呼伦贝尔市阿荣旗农牧业局\n郭跃 内蒙古自治区农牧业厅农牧业机械化管理局\n刘家骧 内蒙古自治区植保植检站\n杨秀清 内蒙古自治区种子管理站\n连万全 呼伦贝尔市农牧业局\n高忱 呼伦贝尔市莫力达瓦达斡尔族自治旗委员会\n刘耀军 呼伦贝尔市大兴安岭农场管理局国营甘河农场\n陈海涛 兴安盟突泉县农牧业局\n张果轮 通辽市农牧业局\n卢景会 通辽市农牧业局\n郭建伟 通辽市科尔沁左翼中旗委员会\n杨薇 赤峰市农牧业局\n翁发满 锡林郭勒盟农牧业局\n叶俊 乌兰察布市凉城县农业局\n郑建中 呼和浩特市农牧业局\n杨惦恩 包头市固阳县农牧业局\n郭海渊 鄂尔多斯市农牧业局\n代安喜 巴彦淖尔市杭锦后旗农业局\n陈温福 沈阳农业大学\n陈健 辽宁省农村经济委员会\n侯艳华 辽宁省农村经济委员会\n马永生 阜新市农村经济委员会\n黄承均 朝阳市农村经济委员会\n乔梁 铁岭市农村经济委员会\n王跃 铁岭市昌图县人民政府\n李光昕 营口市大石桥市农村经济发展局\n颜倍友 阜新市阜新蒙古族自治县农业局\n祝素文 盘锦市大洼县农村经济局\n韩树立 铁岭市开原市农村经济委员会\n杨中学 朝阳市建平县农村经济局\n李吉峰 盘锦市大洼县平安农场\n刘爱民 辽宁省农业机械化管理局\n王勇 阜新市农业机械化局\n李占启 铁岭市开原市农机局\n于文波 吉林省农业委员会\n刘明富 四平市公主岭市农业局\n杨树久 吉林省农业委员会\n成 洪 吉林省农业委员会\n丁万志 吉林省种子管理总站\n徐 莉 吉林省农业机械化技术推广总站\n刘振刚 吉林省土壤肥料总站\n张德祥 长春市农业委员会\n赵春贵 吉林市农业委员会\n宫启宽 白城市农业委员会\n赵志刚 松原市农业委员会\n滕显龙 四平市农业委员会\n赵英烈 长春市榆树市农业局', '为此，赵秀珍带领干部职工走农户、访专家，结合本地实际以滑丰种业为龙头，成立了良种繁育农民专业合作社，开展县、乡、村三级新品种、肥料、农药示范，构筑县、乡、村三级良繁推广网络，创建了独具特色的良种繁育推广新模式。重点推广了优质强筋小麦、优质中筋小麦、粮饲兼用玉米等优良品种。全县小麦优质专用率达到了100%，小麦、玉米等主要作物良种覆盖率达到了100%。良种良法的快速推广保证了全县粮食生产的连年增产增收。由此，滑县荣获“全国粮食生产先进县标兵”八连冠。\n\n为了更好地发挥龙头带动作用，赵秀珍创造了“公司+合作社+农户”的订单运作模式，由滑丰种业联合滑县滑裕良种繁育农民专业合作社，常年在当地建立稳定的繁种基地13万多亩，带动农民3万余户，年增加繁种农户经济收入3000万元。\n##paragraph_title\n强化质量优化服务\n不断强化质量意识，确保为农民提供优质品种，这是滑丰种业争先创优的又一亮点，他们实施了6项举措：一是成立种子质量领导小组；二是全员强化法律法规学习，开展质量管理在心中的活动，树立粮食安全意识；三是深入持久地开展质量改进、降废减损活动；四是建立种子繁育、收购、加工、贮藏质量保证制度，严把种子生产、检验、收购、加工、包装等各个关口，做到不达标种子决不流入市场；五是加强全程质量监控，其中种子质量纯度大田种植鉴定措施，居国内领先水平；六是建立种子生产经营档案。通过一系列严格把关，有效地保证了种子质量，确保种子质量长期稳定，得到了消费者的认可。\n\n为了使农民买到优良品种，滑丰种业优化科技服务。公司在销售期间设立服务电话接受农民咨询。“我的手机每天24小时都为农户开着，随时准备着为他们服务”，赵秀珍是这样说的，也是这样做的。为了提高广大农民群众科学种田水平，让他们及时了解新品种、新技术，她和公司员工对农民的咨询随时解答。并同技术人员深入乡村地头，开展科技下乡活动', '这已是第三次蝉联了。此前不到10年内，全国8700多家持证种子公司经历过两次大型评选，首届评出“全国百强”种企，第二届评出“全国五十强”种企，滑丰种业均在“百强”、“五十强”之列。由此记者在思考：一个县级种子公司凭什么跻身全国骨干企业？对此，记者经过调查采访了解到，滑丰种业多次蝉联的奥秘在于不断的科技创新。\n##paragraph_title\n自主研发拳头新品种\n滑丰种业为什么往科研育种不惜花成本投气力？该公司总经理赵秀珍认为：未来的种子竞争不仅是市场营销上的竞争，更核心的是新品种的竞争，只有拥有自己知识产权的拳头品种，才能在市场竞争中站稳脚根，更好地为“三农”服务。为此，赵秀珍大胆决策，组织全体员工投资科研育种。县级公司搞科研，开创我国育种史之先河。即使在微利的年景，也始终没有动摇过赵秀珍抓科研的信心。“人贵有恒，恒久出新”，这是她对滑丰育种人员最常说的话。连年投入大量人力、物力、财力。在海南省三亚建立了育种站，在新疆、甘肃建立了玉米制种基地，在滑县建立了科技示范园，实施南育北繁。由赵秀珍主持培育具有自主知识产权的农作物新品种已达到17个，使滑丰有了自己的“拳头”品种。在2010年高产创建活动中，玉米新品种“滑丰11”创造了亩平均单产达到960.8公斤的高产记录。\n\n\n##paragraph_title\n创建良繁推广新体系\n原有的良种推广繁育体系已经远远不能满足新的形势需求，如不建立新的体系，将直接影响和制约新品种的顺利推广及粮食的稳定增产。为此，赵秀珍带领干部职工走农户、访专家，结合本地实际以滑丰种业为龙头，成立了良种繁育农民专业合作社，开展县、乡、村三级新品种、肥料、农药示范，构筑县、乡、村三级良繁推广网络，创建了独具特色的良种繁育推广新模式。重点推广了优质强筋小麦、优质中筋小麦、粮饲兼用玉米等优良品种', '为了使农民买到优良品种，滑丰种业优化科技服务。公司在销售期间设立服务电话接受农民咨询。“我的手机每天24小时都为农户开着，随时准备着为他们服务”，赵秀珍是这样说的，也是这样做的。为了提高广大农民群众科学种田水平，让他们及时了解新品种、新技术，她和公司员工对农民的咨询随时解答。并同技术人员深入乡村地头，开展科技下乡活动。同时在夏秋两季组织3000多名农民科技代表现场观摩新品种，让农民对优良品种高产高效及良种良法配套有一个直观的认识，激发农民科学种田的热情，促进了新品种新技术的推广应用。\n本报记者 宋逊风\n##paragraph_title\n种业简讯\n##doc_title\n承德\n##doc_title\n种子管理体系建设获殊荣\n近年来，河北省承德县积极推进种子产业发展，打造了省级农业产业化龙头企业承德裕丰种业有限公司，依托龙头带动，成为全国种子生产强县。该县繁种基地达到6万多亩，被列为国家玉米种子生产基地。“玉丰牌”玉米种子成为河北省名牌产品，产品质量连续九届获河北省消费者信得过产品。同时每年引进示范推广粮食、蔬菜新品种100余个，有效提高了农产品质量，实现了农业增产和农民增收。近日，承德县被农业部评为“全国种子管理体系建设先进县”称号，是河北省唯一获此殊荣的县。刘树军 张瑞山 青龙\n##doc_title\n宁夏\n##doc_title\n提升瓜果菜良种扩繁工程\n日前，宁夏回族自治区农业部门提出，明年，要把“种子工程”，作为农业提质增效的关键，提升粮食、畜禽、水产、瓜果菜、花卉苗木等优质良种扩繁能力。\n明年，“宁粳43号”等优质水稻种植要达到30万亩以上，把产自黄河岸边的优质大米打造成为宁夏“金米”；脱毒马铃薯种薯基地要达到16万亩']",贾探春的才华体现在她的诗才和治世之略上。她曾成立诗社，展现文学才华，且有“才自清明志自高”的评价。同时，她在管理上表现出色，如“敏探春兴利除弊”，显示出卓越的治世能力。,1.0,0.9757888271534821
What percentage of respondents were male?,"['rowspan=""3"">教职员</td><td>男</td><td>88</td><td>52</td><td>43</td><td>71</td><td>58</td><td>65</td><td>27</td><td>32</td><td>13</td><td>21</td><td>6</td><td>477</td></tr><tr><td>女</td><td>16</td><td></td><td></td><td>1</td><td></td><td>1</td><td>4</td><td></td><td>1</td><td></td><td>1</td><td>24</td></tr><tr><td>合计</td><td>104</td><td>52</td><td>43</td><td>72</td><td>58</td><td>66</td><td>31</td><td>32</td><td>14</td><td>21</td><td>7</td><td>501</td></tr></table>', 'A total of 171 completed surveys were received and used for analysis. Seventy-three percent of respondents were male and the majority of the respondents were aged between 20 and 35 years old. Table 3 shows a descriptive analysis of sample characteristics.\n##paragraph_title\nHypotheses Testing\nThe first five hypotheses (i.e., hypothesis 1–5) tested the relationships amongst the regular TAM constructs (PU, PEU, AT and BI) while the rest of the hypotheses (i.e., hypothesis 6–10) tested the effect of the external variables (age, gender, job domain, education and nationality) on attitudes towards cloud computing in Saudi organizations. In order to test these hypotheses, linear regression was applied on the obtained data. The results are presented in Table 4', 'rowspan=""3"">学生数</td><td>男</td><td>1846</td><td>2029</td><td>1410</td><td>2217</td><td>1826</td><td>2041</td><td>797</td><td>1038</td><td>287</td><td>547</td><td>131</td><td>14169</td></tr><tr><td>女</td><td>550</td><td>61</td><td>73</td><td>201</td><td>202</td><td>347</td><td>111</td><td>51</td><td>82</td><td>122</td><td></td><td>1691</td></tr><tr><td>合计</td><td>2396</td><td>2090</td><td>1483</td><td>2418</td><td>2028</td><td>2388</td><td>908</td><td>1089</td><td>369</td><td>560</td><td>131</td><td>15860</td></tr><tr><td', '04)</td></tr></table>\n##vision_footnote\nResponding patients (N=423; 98.6%) cited four major frustrations/person (1708/423).\n##paragraph_title\nPhysician assessments of treatment\nWhen psychiatrists were asked to report improvements in treatments for BPD patients needed to increase acceptance and adherence to treatment, the most common response was the need for better mood-stabilization in 48.0% of their 429 patients. In addition, they identified freedom from weight-gain as important for treatment-acceptance among 29.1% of their patients, and improvement of treatment-unresponsive depression in 30.8%. They also estimated that at least 59', '##header\n一 数据收集整理\n##header_image\n\n##paragraph_title\n二、下面统计的是二年级同学参加兴趣小组的情况。(20分)\n1. 完成下表。(10 分)\n##table\n<table><tr><td>兴趣小组</td><td>书法小组</td><td>绘画小组</td><td>饲养小组</td><td>田径小组</td><td>游泳小组</td></tr><tr><td>人数</td><td></td><td></td><td></td><td></td><td></td></tr></table>\n2. 回答问题。(10 分)\n(1)喜欢( )的人数最多，\n喜欢( )的人数最少。\n(2)喜欢书法的人数比喜欢游泳的人数少()人。\n(3)这个班一共有(___)人。\n(4)喜欢绘画的人数和喜欢田径的人数一共是(___)人。\n##paragraph_title\n三、下面是同学们收集的几种邮票统计情况。(20分)\n##image\n\n1. 用你喜欢的方法统计每种邮票的张数，并完成下表。(8 分)\n2. 回答问题。(12 分)\n\n(1)哪种邮票收集得最多？(4分)\n(2)一共收集了多少张邮票？(4分)\n(3)\n##image\n\n比\n多收集多少张？(4 分)\n\n##image\n\n##paragraph_title\n四、生活中的数学。(48分)\n1. 喜欢吃苹果的小朋友有 9 人, 喜欢吃香蕉的小朋友有 18 人, 喜欢吃梨的小朋友比喜欢吃苹果的多 6 人。(24 分)\n(导学号 24082007)\n(1)完成统计表。(6分)\n(2)喜欢吃香蕉的比喜欢吃苹果的\n多几人？(6 分)\n(3)喜欢吃苹果、香蕉、梨的一共有多少人？(6分)\n(4)请你再提出一个数学问题并解答']",73% of respondents were male.,1.0,0.9999999999998944
哪套高考卷考察了句式变换？,"['##paragraph_title\n高考真题，变换句式 ——题型\n2022年高考教育部命制的四套试题中，只有新高考Ⅰ卷一套试题考察到句式变换，试题形式为长句变短句。虽然只在一套试卷中出现，但出现在有代表性的新高考试题中，其作用与意味是不一般的。\n2022 年浙江卷语言文字运用部分考察了下定义', '25. As/Because/Since 26. emptied 27. an 28. looking 29. might/may\n30. like 31. Shocked 32. the nicest 33. to check 34. that\n35. as if/as though 36. who 37. ignoring 38. someone/somebody\n39. has been interrupted/is being interrupted/is interrupted 40. which\n41. I 42. B 43. H 44. D 45. C 46. J 47. A 48. E 49. G 50. F\n第三大题第 51 至 65 小题, 每题 1 分; 第 66 至 77 小题, 每题 2 分; 第 78 至 81 小题, 每题 2 分。共 47 分。\n78. Improved physical health and psychosocial development.\n79. participate in sports during adulthood\n80. They change rules to suit their needs and their environment.\n81. improving performance\n##paragraph_title\n第Ⅱ卷\n##paragraph_title\nⅠ. 翻译\n第 1-3 题, 每题 4 分; 第 4-5 题, 每题 5 分。共 22 分', '##header\n解题达人 语文理解性默写集训\n##doc_title\n篇目跟踪练习\n##doc_title\n高中课标指定背诵篇目\n##paragraph_title\n8年真题\n1. (2020 年全国Ⅱ卷)《荀子·劝学》中举例说,笔直的木材如果“___”，就会弯曲到符合圆规的标准;即使再经曝晒也不会挺直,因为“___”。\n2. (2020 年天津卷)在“停课不停学”期间的云班会上讨论“学习和思考的关系”,你想强调学习的重要性,可以引用《荀子·劝学》中的“_____，_____”。\n3. (2018 年全国Ⅲ卷)《荀子·劝学》中举例论证借助外物的重要性时说,终日殚精竭虑思考,却“___”,踮起脚极目远望,也“___”。\n4.（2017年全国Ⅲ卷）《荀子·劝学》中强调了积累的重要。以积土成山、积水成渊可以兴风雨、生蛟龙设喻，引出“_____，_____，_____”的观点。\n5.（2016年全国Ⅰ卷）《荀子·劝学》指出，蚯蚓虽然身体柔弱，却能“___，___”，是用心专一的缘故。\n6. (2014年大纲卷)《荀子·劝学》以蚯蚓为例,论证了为学必须锲而不舍,坚持不懈;同篇中与之相反的例证是“_____，_____，_____。”\n##paragraph_title\n经典模拟\n7.《劝学》中的“_____，_____，_____”以“靛青”的形成特点为例，表达了与刘禹锡“芳林新叶催陈叶，流水前波让后波”一致的思想。\n8.《劝学》中的“___，___，___”列举了“以木为轮”的例子来说明学习对于人的巨大改造作用。\n9.《劝学》中写弯曲的木头做成车轮后，“_____，_____”，以此来说明学习使人发生的改变是不可逆的。\n10.《劝学》中用“金”“木”作比,说明客观事物经过人工改造可以发生根本变化的句子是“___，___”', '8.《劝学》中的“___，___，___”列举了“以木为轮”的例子来说明学习对于人的巨大改造作用。\n9.《劝学》中写弯曲的木头做成车轮后，“_____，_____”，以此来说明学习使人发生的改变是不可逆的。\n10.《劝学》中用“金”“木”作比,说明客观事物经过人工改造可以发生根本变化的句子是“___，___”。\n11. 荀子《劝学》中“_____”一句,通过金属的变化来说明学习可以使人改变和提升的道理,而“_____”一句,则说明了君子智慧明理、行为无过的原因。\n12.《劝学》中,作者通过木材受绳墨而笔直和金属经磨砺而锋利的例子,来说明“_____，_____”这一做人的道理。\n13. 荀子在《劝学》中以“___，___”两句表达了自己对“思”与“学”关系的看法。\n14.《劝学》中,作者通过“___，___”的对比,亲身验证了“站得高,望得远”的道理。\n15.《劝学》中“_____，_____，_____”三句借用车马助行的例子，阐明了借助、利用外界条件对成功的重要性。\n答案链接:P1\n\n##number\n1', '##header\nNO.\nDate\n##content\n三、无主题句 93\n短文改写填空型阅读理解实例分析 94\n一、实例训练 94\n二、答题分析 96\n高考作文高分备考笔记 97\n中考英语满分作文必背句型 97\n中考英语作文万能格式佳句 99\n中考必背的作文经典词句 100\n中考英语作文必备的万金油句型 102\n中考英语作用常用句式大全 104\n中考作文分类总结型模板 109\n一、解决方法题型 109\n二、说明利弊题型 109\n三、议论文的框架 110\n四、议论文模板 111\n五、图表作文的框架 113\n中考满分作文背诵 114\n中考英语答题技巧 119\n一、听力应考策略 119\n二、完形填空应考策略 119\n三、阅读理解应考策略 120\n四、书面表达应考策略 121\n八种时态总结笔记 122']",2022年新高考Ⅰ卷考察了句式变换。,1.0,0.6760795414090616
What type of exam will be given?,"['##paragraph_title\nScientific English – final exam\nThe final exam will be  $ \\underline{\\text{written}} $, not oral.\nYou will be given a scientific article. You will be asked to:\nEASY Underline the parts of speech (articles, nouns, verbs.) found in a given section of the article; →\n $ \\underline{\\text{MINIMUM LEVEL TO PASS THE EXAM}} $\nINTERMEDIATE Answer a list of open questions concerning the whole article;\nADVANCED Summarize the article with your own words', '##aside_text\n姓名\n##aside_text\n此\n##aside_text\n卷\n##aside_text\n装\n##aside_text\n考场号\n##aside_text\n订\n##aside_text\n封\n##aside_text\n阁\n##doc_title\n黄冈市 2022 年高三年级 9 月调研考试\n##doc_title\n数学\n1. 答卷前, 考生务必将自己的姓名、准考证号填写在答题卡上.\n2. 回答选择题时, 用铅笔把答题卡上对应题目的答案标号涂黑, 写在本试卷上无效.\n3. 考试结束后, 将本试卷和答题卡一并交回.\n4. 本试卷由 kmath.cn 自动生成.\n##table\n<table><tr><td>得分</td><td></td></tr><tr><td>阅卷人</td><td></td></tr></table>\n##paragraph_title\n一、单选题：本题共8小题，每小题5分，共40分．在每小题给出的四个选项中，只有一项是符合题目要求的', '##image\n\n##image\n\n##paragraph_title\n三、解答题：共70分。解答应写出相应的文字说明、证明过程或者演算步骤。第17~21题为必考题，每个试题考生都必须作答，第22，23题为选考题，考生根据要求作答。\n（一）必考题：共60分\n17.（12 分）如图，已知平面四边形 ABCD 中， $ AB = CD = 1 $\n（1）若  $ AD = \\sqrt{2} $， $ \\angle ADB = \\frac{\\pi}{4} $，求  $ \\triangle ABD $ 的面积；\n（2）若 BC = t， $ AD = \\sqrt{2}t $， $ \\angle C - \\angle A = \\frac{\\pi}{4} $，求 t 的最大值.\n##image\n\n18.（12分）如图，在正四棱锥 P-ABCD 中， $ PA=AB=2\\sqrt{2} $，E、F 分别为 PB、PD 的中点，平面 AEF 与棱 PC 的交点为 G.\n（1）求平面AEGF与平面ABCD所成锐二面角的正切值的大小；\n(2) 求  $ \\frac{CG}{PC} $ 的值.\n19.（12分）2020年9月22日，国家主席习近平在第七十五届联合国大会一般性辩论上发表重要讲话，指出要加快形成绿色发展方式和生活方式，建设生态文明和美丽地球。中国将提高国家自主贡献力度，采取更加有力的政策和措施，二氧化碳排放力争于2030年前达到峰值，努力争取2060年前实现碳中和。某企业为了响应中央号召，准备在企业周边区域内通过植树造林实现减碳，从某育苗基地随机采购了120株银杏树树苗进行栽种，测量树苗的高度，得到如下频率分布直方图，已知不同高度区间内树苗的售价区间如下表', '##doc_title\n2021年秋期高中三年级期终质量评估\n数学试题(文)\n##paragraph_title\n注意事项：\n1. 本试卷分第Ⅰ卷(选择题)和第Ⅱ卷(非选择题)两部分. 考生做题时将答案答在答题卡的指定位置上, 在本试卷上答题无效.\n2. 答题前，考生务必先将自己的姓名、准考证号填写在答题卡上.\n3. 选择题答案使用 2B 铅笔填涂，非选择题答案使用 0.5 毫米的黑色中性（签字）笔或碳素笔书写，字体工整，笔迹清楚.\n4. 请按照题号在各题的答题区域(黑色线框)内作答,超出答题区域书写的答案无效.\n5. 保持卷面清洁，不折叠、不破损', '74</td></tr></table>\nThese responses came from IT organizations in public sectors, such as IT centers in universities, ministries and institutions as well as from major IT companies in the Kingdom. Respondents also were kindly asked to resend the survey hyperlink to their colleagues working in the IT sector. Further details about the study sample are presented in the sample section.\n##paragraph_title\nRESULTS\n##paragraph_title\nValidation Tests\nBefore commencing with the data analysis process, several validation tests were carried out in order to ensure the reliability and discriminant validity of the instruments. For instance, Cronbach alpha test was performed on the items of each construct to ensure the validity of the questionnaire and its internal consistency']",The exam will be written.,1.0,0.8883225400384336
What is an example of a tort listed in the checklist?,"['Everyone tackles this in a slightly different way. However, I suggest taking one of the two methods described below and making it your own.\n##paragraph_title\nIssue Spotting Method 1: The Checklist\nIn doing the outlining that I mentioned above, you can create a mini-outline or ""attack outline,"" which is what I just call a checklist. Essentially, it should be a one-page list of the types of law you covered. For example, in a torts class, you are going to cover various types of torts. Therefore, your checklist might look something like this:\n1. Intentional Torts\na. Assault\nb. Battery\nc. False Imprisonment\nd. Trespass\ne. Trespass to Chattels\nf. Conversion\nNote that this is an incomplete checklist, and the complete version will look different depending on your professor and class', 'False Imprisonment\nd. Trespass\ne. Trespass to Chattels\nf. Conversion\nNote that this is an incomplete checklist, and the complete version will look different depending on your professor and class. The idea is that if I have this memorized, I can quickly go through the fact pattern to see if any of the torts show up. Part of your checklist might also be to add in ""activating facts."" What I mean by that is, if you are looking for an assault, or a battery, what are you looking for?\nFor example, for battery, I might know that I need a person in the fact pattern to touch another person, so I\'m indicating that in my checklist', 'I can go through the story and think, ""Alright, is anyone touching someone else? If so, could that be a battery?"" Similarly, trespass requires land or entering the land of another. Is that showing up in the facts? Adding these types of ""activating facts"" to our checklist might look like this:\n1. Intentional Torts\na. Assault\n##number\n1.5.7\n##footer\nhttps://biz.libretexts.org/@go/page/96832', ""##image\n\n##vision_footnote\n© News Licensing/Times Media Limited\n##vision_footnote\nACROSS: 7 SOON 8 FEASIBLE 9 DE NIRO 10 SELLER 11 CAGE 12 REINDEER 15 LEGALESE 17 VETO 18 ABROAD 21 FORMAL 22 DOMESTIC 23 NICE DOWN: 1 MODERATE 2 INCITE 3 OF COURSE 4 PASS 5 BILLED 6 FLEE 13 IN EFFECT 14 ENTRANCE 16 ATONED 17 VERONA 19 BOOB 20 DATA\n##paragraph_title\nCONCISE CROSSWORD\n1 Tempted (7)\n5 Bone of the ear (5)\n8 Temporarily halted (2,3)\n9 Knotty, twisted (7)\n10 Practice of seeking to gain superiority over others (3-9)\n12 Turn upside down or back to front (6)\n14 Symptom of a cold (6)\n17 Utterly baffling (12)\n21 Food additive code (1-6)\n22 Growl menacingly (5)\n23 Rested on one's patellae (5)\n24 (Of a bathroom) accessible from a bedroom (2"", 'Most states have enacted either the Uniform Deceptive Trade Practices Act or their own similar laws. In Texas, for example, the Texas Deceptive Trade Practices Act (DTPA) was enacted to protect consumers against false, misleading, and deceptive business and insurance practices, and unconscionable actions and breach of warranty. Although state laws differ, all are similar to federal law. If you believe you are the victim of an unfair or deceptive practice, you might start by contacting the business with your complaint. Figure 15.1 provides an example of a complaint letter that you might send.\nFederal Consumer Protection law applies to interstate commerce']",Assault,1.0,0.45760287190639354
What is the mean angular deviation of the EBSD results?,"['It can be found that higher Al contents are detected in the α-Fe and STed β-Fe after SHT than the corresponding iron-rich phases solidified directly from the liquid. This can be attributed to the partial contribution of the surrounding Al matrix due to the small sizes of the fragmented α-Fe and STed β-Fe particles after SHT. Compared with the as-cast condition, it can be found that the iron content in α-Fe is reduced after SHT for 8 hours. As shown in Figure 2(c), however, the EBSD results with a mean angular deviation (MAD) of 0.452, lower than 0.7 which is considered to be critical for an accurate solution, $ ^{[31]} $ indicate that this phase is still the α-Fe (body-centered cubic with a, b, and c as 1.265 nm $ ^{[11]} $)', '6  $ \\pm $ 1.7</td><td>89.7  $ \\pm $ 7.0</td><td>82.4  $ \\pm $ 9.3</td></tr><tr><td>IND</td><td>84.6  $ \\pm $ 4.7</td><td>90.3  $ \\pm $ 2.2</td><td>85  $ \\pm $ 7.9</td></tr></table>\n3.1. Soxhlet extraction\nMany agencies proposed that Soxhlet extraction is a method of choice for the extraction of nonpolar organic contaminants  $ [12] $. Extraction recoveries and relative standard deviations are summarized in Table 3.\nRecoveries are calculated from the increase in peak areas between the non-spiked and spiked chromatograms using the deuterated internal standard method. The extraction recoveries were satisfactory, since they ranged from 65.0 to 91.8%. The relative standard deviations (RSDs, %) varied from 0.59 to 7', '##figure_title\nTable 3\nRecoveries and relative standard deviations (RSD, %) obtained from spiked sewage sludge samples (0.2  $ \\mu $g/ml) analysed by GC–EI–MS–MS, using three different extraction techniques\n##table\n<table><tr><td rowspan=""2"">PAHs compounds</td><td colspan=""3"">% Recovery  $ \\pm $ RSD</td></tr><tr><td>Soxtec</td><td>Soxhlet</td><td>PLE</td></tr><tr><td>NAP</td><td>68.3  $ \\pm $ 19.7</td><td>65.6  $ \\pm $ 1.4</td><td>60.0  $ \\pm $ 8.2</td></tr><tr><td>ACY</td><td>61.5  $ \\pm $ 5.6</td><td>79.6  $ \\pm $ 0.77</td><td>66.4  $ \\pm $ 5.2</td></tr><tr><td>ACE</td><td>65.3  $ \\pm $ 14.4</td><td>73.9  $ \\pm $ 2.2</td><td>74.8  $ \\pm $ 7.9</td></tr><tr><td>FLU</td><td>71.9  $ \\pm $ 22.7</td><td>82.5  $ \\pm $ 0.59</td><td>75.3  $ \\pm $ 17.5</td></tr><tr><td>PHE</td><td>84', '##image\n\n##image\n\n##paragraph_title\n三、解答题：共70分。解答应写出相应的文字说明、证明过程或者演算步骤。第17~21题为必考题，每个试题考生都必须作答，第22，23题为选考题，考生根据要求作答。\n（一）必考题：共60分\n17.（12 分）如图，已知平面四边形 ABCD 中， $ AB = CD = 1 $\n（1）若  $ AD = \\sqrt{2} $， $ \\angle ADB = \\frac{\\pi}{4} $，求  $ \\triangle ABD $ 的面积；\n（2）若 BC = t， $ AD = \\sqrt{2}t $， $ \\angle C - \\angle A = \\frac{\\pi}{4} $，求 t 的最大值.\n##image\n\n18.（12分）如图，在正四棱锥 P-ABCD 中， $ PA=AB=2\\sqrt{2} $，E、F 分别为 PB、PD 的中点，平面 AEF 与棱 PC 的交点为 G.\n（1）求平面AEGF与平面ABCD所成锐二面角的正切值的大小；\n(2) 求  $ \\frac{CG}{PC} $ 的值.\n19.（12分）2020年9月22日，国家主席习近平在第七十五届联合国大会一般性辩论上发表重要讲话，指出要加快形成绿色发展方式和生活方式，建设生态文明和美丽地球。中国将提高国家自主贡献力度，采取更加有力的政策和措施，二氧化碳排放力争于2030年前达到峰值，努力争取2060年前实现碳中和。某企业为了响应中央号召，准备在企业周边区域内通过植树造林实现减碳，从某育苗基地随机采购了120株银杏树树苗进行栽种，测量树苗的高度，得到如下频率分布直方图，已知不同高度区间内树苗的售价区间如下表', 'The extraction recoveries were satisfactory, since they ranged from 65.0 to 91.8%. The relative standard deviations (RSDs, %) varied from 0.59 to 7.0% for the PAHs, the high value in RSD, could be explained due to the multi-step process such as spiking, extraction and evaporation.\nRecoveries varied from 61.5 to 90.5% with a relative standard deviations varied from 1.7 to 22.7%. The results obtained are presented in Table 3. The Soxtec method appears to be more simple and efficient when compared to Soxhlet extraction.\n3.3. Pressurized liquid extraction\nPLE recoveries of sludge samples varied from 60.0 to 93.4% with a RSDs varying from 2.9 to 17.5%']",The mean angular deviation of the EBSD results is 0.452.,1.0,0.9999999999997545
What is the range of relative standard deviations for the recoveries?,"['The extraction recoveries were satisfactory, since they ranged from 65.0 to 91.8%. The relative standard deviations (RSDs, %) varied from 0.59 to 7.0% for the PAHs, the high value in RSD, could be explained due to the multi-step process such as spiking, extraction and evaporation.\nRecoveries varied from 61.5 to 90.5% with a relative standard deviations varied from 1.7 to 22.7%. The results obtained are presented in Table 3. The Soxtec method appears to be more simple and efficient when compared to Soxhlet extraction.\n3.3. Pressurized liquid extraction\nPLE recoveries of sludge samples varied from 60.0 to 93.4% with a RSDs varying from 2.9 to 17.5%', '6  $ \\pm $ 1.7</td><td>89.7  $ \\pm $ 7.0</td><td>82.4  $ \\pm $ 9.3</td></tr><tr><td>IND</td><td>84.6  $ \\pm $ 4.7</td><td>90.3  $ \\pm $ 2.2</td><td>85  $ \\pm $ 7.9</td></tr></table>\n3.1. Soxhlet extraction\nMany agencies proposed that Soxhlet extraction is a method of choice for the extraction of nonpolar organic contaminants  $ [12] $. Extraction recoveries and relative standard deviations are summarized in Table 3.\nRecoveries are calculated from the increase in peak areas between the non-spiked and spiked chromatograms using the deuterated internal standard method. The extraction recoveries were satisfactory, since they ranged from 65.0 to 91.8%. The relative standard deviations (RSDs, %) varied from 0.59 to 7', '##figure_title\nTable 3\nRecoveries and relative standard deviations (RSD, %) obtained from spiked sewage sludge samples (0.2  $ \\mu $g/ml) analysed by GC–EI–MS–MS, using three different extraction techniques\n##table\n<table><tr><td rowspan=""2"">PAHs compounds</td><td colspan=""3"">% Recovery  $ \\pm $ RSD</td></tr><tr><td>Soxtec</td><td>Soxhlet</td><td>PLE</td></tr><tr><td>NAP</td><td>68.3  $ \\pm $ 19.7</td><td>65.6  $ \\pm $ 1.4</td><td>60.0  $ \\pm $ 8.2</td></tr><tr><td>ACY</td><td>61.5  $ \\pm $ 5.6</td><td>79.6  $ \\pm $ 0.77</td><td>66.4  $ \\pm $ 5.2</td></tr><tr><td>ACE</td><td>65.3  $ \\pm $ 14.4</td><td>73.9  $ \\pm $ 2.2</td><td>74.8  $ \\pm $ 7.9</td></tr><tr><td>FLU</td><td>71.9  $ \\pm $ 22.7</td><td>82.5  $ \\pm $ 0.59</td><td>75.3  $ \\pm $ 17.5</td></tr><tr><td>PHE</td><td>84', '3.3. Pressurized liquid extraction\nPLE recoveries of sludge samples varied from 60.0 to 93.4% with a RSDs varying from 2.9 to 17.5%.\nSeveral papers have been successfully reported for the application of accelerated solvents extraction, such as for PAHs, OCPs, in environmental samples  $ [13–17] $. However, few papers have been published using ASE for determining PAHs in sewage sludge  $ [13,15,17] $.\nThe use of higher extraction temperature and the role of high pressure for PLE reported to give comparable or higher extraction efficiencies compared with other extrac-', 'How many standard deviations away from the mean is the median?\nAdditional Information: The population FTES for 2005–2006 through 2010–2011 was given in an updated report. The data are reported here.\n##table\n<table><tr><td>Year</td><td>2005-06</td><td>2006-07</td><td>2007-08</td><td>2008-09</td><td>2009-10</td><td>2010-11</td></tr><tr><td>Total FTES</td><td>1,585</td><td>1,690</td><td>1,735</td><td>1,935</td><td>2,021</td><td>1,890</td></tr></table>\n##figure_title\nTable 2.73\n100. Calculate the mean, median, standard deviation, the first quartile, the third quartile and the IQR. Round to one decimal place.\n101. What additional information is needed to construct a box plot for the FTES for 2005-2006 through 2010-2011 and a box plot for the FTES for 1976-1977 through 2004-2005?\n102']",The range of relative standard deviations for the recoveries is from 0.59% to 22.7%.,1.0,0.9999999999997682
What is the rule for multiplying matrices A and B?,"['In fact, there is only one possible rule, and I am not sure who discovered it. It makes everything work. It does not allow us to multiply every pair of matrices. If they are square, they must have the same size. If they are rectangular, they must not have the same shape; the number of columns in A has to equal the number of rows in B. Then A can be multiplied into each column of B.\nIf A is m by n, and B is n by p, then multiplication is possible. The product AB will be m by p. We now find the entry in row i and column j of AB.\n1C The i, j entry of AB is the inner product of the ith row of A and the jth column of B. In Figure 1.7, the 3, 2 entry of AB comes from row 3 and column 2:\n##display_formula\n $$ (A B)_{32}=a_{31}b_{12}+a_{32}b_{22}+a_{33}b_{32}+a_{34}b_{42}', 'Our earlier example was EA, because of the elementary matrix E. Later we have PA, or LU, or even LDU. The rule for matrix multiplication stays the same.\nExample 1.\n##display_formula\n $$ \\boldsymbol{A}\\boldsymbol{B}=\\begin{bmatrix}{{{2}}}&{{{3}}} \\\\{{{4}}}&{{{0}}}\\end{bmatrix}\\begin{bmatrix}{{{1}}}&{{{2}}}&{{{0}}} \\\\{{{5}}}&{{{-1}}}&{{{0}}}\\end{bmatrix}=\\begin{bmatrix}{{{17}}}&{{{1}}}&{{{0}}} \\\\{{{4}}}&{{{8}}}&{{{0}}}\\end{bmatrix}. $$ \nThe entry 17 is (2)(1) + (3)(5), the inner product of the first row of A and first column of B. The entry 8 is (4)(2) + (0)(-1), from the second row and second column.\nThe third column is zero in B, so it is zero in AB. B consists of three columns side by side, and A multiplies each column separately. Every column of AB is a combination of the columns of A', 'In Figure 1.7, the 3, 2 entry of AB comes from row 3 and column 2:\n##display_formula\n $$ (A B)_{32}=a_{31}b_{12}+a_{32}b_{22}+a_{33}b_{32}+a_{34}b_{42}. $$ \n##formula_number\n(6)\nRow times column\n##image\n\n##figure_title\nFigure 1.7: A 3 by 4 matrix A times a 4 by 2 matrix B is a 3 by 2 matrix AB.\nNote. We write AB when the matrices have nothing special to do with elimination. Our earlier example was EA, because of the elementary matrix E. Later we have PA, or LU, or even LDU. The rule for matrix multiplication stays the same.\nExample 1', '##number\n26\n##header\nChapter 1 Matrices and Gaussian Elimination\ncolumns $b_{1}, b_{2}, b_{3}$, the columns of AB should be $Ab_{1}, Ab_{2}, Ab_{3}$!\nMultiplication by columns\n##display_formula\n $$ \\boldsymbol{A}\\boldsymbol{B}=\\boldsymbol{A}\\begin{bmatrix}b_{1}\\\\ b_{2}\\\\ b_{3}\\end{bmatrix}=\\begin{bmatrix}\\boldsymbol{A}\\boldsymbol{b}_{1}\\\\ \\boldsymbol{A}\\boldsymbol{b}_{2}\\\\ \\boldsymbol{A}\\boldsymbol{b}_{3}\\end{bmatrix}. $$ \nOur first requirement had to do with rows, and this one is concerned with columns. A third approach is to describe each individual entry in AB and hope for the best. In fact, there is only one possible rule, and I am not sure who discovered it. It makes everything work. It does not allow us to multiply every pair of matrices', '\\end{aligned} $$ \nSince the left side is increasing as a function of $b$, we have equality if and only if $b^{2}=a^{2}+c^{2}$.\nB−3 For $n=1$ we obviously get 45, while for $n=3$ the answer is 0 because it both changes sign (because determinants are alternating) and remains unchanged (by symmetry) when you switch any two rows other than the first one. So only $n=2$ is left. By the multilinearity of the determinant, the answer is the determinant of the matrix whose first (resp. second) row is the sum of all possible first (resp. second) rows. There are 90 first rows whose sum is the vector (450, 405), and 100 second rows whose sum is (450, 450). Thus the answer is $450 \\times 450 - 450 \\times 405 = 45 \\times 450 = 20250$']",The rule for multiplying matrices A and B is that the number of columns in A must equal the number of rows in B. The resulting matrix AB will have the same number of rows as A and the same number of columns as B. Each entry in AB is the inner product of the corresponding row of A and column of B.,1.0,0.9999999999997403
What are some tactical initiatives mentioned to reduce energy bills?,"['##paragraph_title\nStrategies to manage rising costs\nIn the face of declining revenues and rising input prices, many universities are looking at ways to reduce operating costs. The two biggest cost items for universities are payroll (and pensions liability) and the cost of maintaining and operating campus buildings. Struggling universities need to address how to make cost savings in these two areas.\nGetting visibility into key cost drivers is a challenge, leading many institutions to engage in tactical cost-cutting exercises rather than working to transform their cost structures. Some of these tactical initiatives include cutting travel budgets, reducing energy bills and tightening spend on consumables by revisiting procurement processes, switching suppliers or renegotiating contracts', ""Parents will love it.\nVirtual AI avatars of Father Christmas reduce the strain on our chief executive. Ozempic, the hot obesity drug of 2023, reduces the strain on his health-insurance bill. It also lowers our key-man risk, which independent analysts now put below that for Elon Musk or Sam Altman.\n\n##image\n\nTo limit production costs, we have adopted the open-source RISC-V architecture for microchips, which these days feature in most of our products (and everybody else's). This lets us avoid paying licence fees for semiconductors; Nvidia and its shareholders don't need any more presents this year. With the promised phase-out of coal, just agreed at the UN's climate summit, the lumps for the badly behaved should become cheaper, too. Superbrats may even get two lumps"", '中国将提高国家自主贡献力度，采取更加有力的政策和措施，二氧化碳排放力争于2030年前达到峰值，努力争取2060年前实现碳中和。某企业为了响应中央号召，准备在企业周边区域内通过植树造林实现减碳，从某育苗基地随机采购了120株银杏树树苗进行栽种，测量树苗的高度，得到如下频率分布直方图，已知不同高度区间内树苗的售价区间如下表。\n##image\n\n##chart\n\n##table\n<table><tr><td>树苗高度（cm）</td><td>[120,140)</td><td>[140,160)</td><td>[160,180]</td></tr><tr><td>树苗售价（元/株）</td><td>4</td><td>6</td><td>8</td></tr></table>\n##inline_formula\n $$ \\left(\\mu,\\sigma^{2}\\right) $$ \n##inline_formula\n $$  且 s^{2}=185 $$ \n②若该育苗基地共有5000株银杏树树苗，并将树苗的高度从高到低进行排列，请估计第114株树苗的高度。参考数据：若 $ X \\sim N\\left(\\mu, \\sigma^2\\right) $， $ P\\left(\\mu - \\sigma < X < \\mu + \\sigma\\right) \\approx 0.6826 $， $ P\\left(\\mu - 2\\sigma < X < \\mu + 2\\sigma\\right) \\approx 0.9544 $， $ \\sqrt{185} \\approx 13.6 $', 'However, these initiatives will only get institutions so far. Some universities are thinking more strategically about their workforce strategies to prevent over-hiring, using data to predict demand and hire accordingly.\nWhile headcount reductions save money in the short term, leaders are apprehensive about the longer-term costs associated with these measures. Some noted the cultural cost of redundancies, with a loss of morale as remaining staff fear for the safety of their jobs. One Vice Chancellor in Australia said that reducing staff numbers inevitably removed staff who had just been trained or upskilled, creating zero return on this investment. Leaders are also concerned that reducing headcount could erode the capacity of staff to engage in essential transformation projects', '##paragraph_title\n技术投入的增加，将带来科技类财税优惠机会\n##header_image\n\n转型 “OMO模式 “，线下连锁教培机构需在教务/教学系统、学员管理系统、监课系统等方面新增技术开发和软件相关投入，需擅用科技类财税优惠政策\n##paragraph_title\n外采第三方技术支持平台\n• 增加对软件和技术服务的采购\n✓ 采购端增加大量采购后，可能改变企业的增值税实际税负率\n✓ 需重新评估增值税计税方式：一般计税方式还是简易征收方式？\n- 外采平台的稳定性，以及对上课效果和服务质量的影响\n• 提高老师的在线授课技能\n##paragraph_title\n外采\n##paragraph_title\n自研\n线上化采取的不同技术投入方式，如何与现有的核心业务更好的结合？\n##paragraph_title\n开发自有技术支持平台\n- 增设技术研发部（产品组、技术组、测试组等）\n- 擅用科技类相关的财税优惠政策，提高税务效率\n✓ 研发费用加计扣除（包括委托开发研发费用加计扣除）\n✓ 高新技术企业\n• 重视线上运营\n- 提高老师的在线授课技能\n##footer\n中国连锁经营协会 China Chain Store & Franchise Association\n##footer\n© 2020 毕马威企业咨询(中国)有限公司 — 中国外商独资企业，是与瑞士实体 — 毕马威国际合作组织（""毕马威国际""）相关联的独立成员所网络中的成员。版权所有，不得转载。中国印刷。\n##number\n16']","Reducing energy bills through tactical initiatives includes tightening spend on consumables by revisiting procurement processes, switching suppliers, or renegotiating contracts.",1.0,0.9875904336350944
What is the value of n in terms of k?,"['##number\n172\n##header\n大学物理（下）\n##vision_footnote\n续表\n##table\n<table><tr><td rowspan=""2"">名称</td><td rowspan=""2"">符号</td><td rowspan=""2"">数值</td><td colspan=""2"">单位</td></tr><tr><td>SI</td><td>（厘米克秒）单位系</td></tr><tr><td>中子的康普顿波长</td><td>$ \\lambda_{ca}=h/m_{a}c $</td><td>1.319 590 9</td><td>$ 10^{-15} $</td><td>$ 10^{-13}cm $</td></tr><tr><td>波尔兹曼常数</td><td>k</td><td>1.380 662</td><td>$ 10^{-23}\\cdot K^{-1} $</td><td>$ 10^{-16}erg\\cdot K^{-1} $</td></tr><tr><td>阿伏伽德罗常数</td><td>$ N_{A} $</td><td>6.022 045</td><td>$ 10^{23}mol^{-1} $</td><td>$ 10^{23}mol^{-1} $</td></tr><tr><td>完全气体的体积（0℃，1个气压）</td><td>$ V_{0} $</td><td>2.241 383</td><td>$ 10^{-2}m^{3}\\cdot mol^{-1} $</td><td>$ 10^{4}cm^{3} $</td></tr><tr><td>1摩尔的气体常数</td><td>$ R=N_{A}k $</td><td>8', ""##doc_title\nSolutions to the 63rd William Lowell Putnam Mathematical Competition\nSaturday, December 7, 2002\nKiran Kedlaya and Lenny Ng\nA-1 By differentiating  $ P_n(x)/(x^k - 1)^{n+1} $, we find that  $ P_{n+1}(x) = (x^k - 1)P_n'(x) - (n + 1)kx^{k-1}P_n(x) $; substituting  $ x = 1 $ yields  $ P_{n+1}(1) = -(n + 1)kP_n(1) $. Since  $ P_0(1) = 1 $, an easy induction gives  $ P_n(1) = (-k)^n n! $ for all  $ n \\geq 0 $.\nNote: one can also argue by expanding in Taylor series around 1"", '记  $ c_{n}=\\frac{a_{n}}{b_{n}} $, 数列  $ \\{c_{n}\\} $ 的前 n 项和为  $ S_{n} $.  $ \\forall n \\in \\mathbb{N}^{*}, k \\leqslant S_{n} $ 恒成立, 则整数 k 的最大值为\nA. 4           B. 3           C. 2           D. 1\n11. 已知  $ f(x)=2\\sin\\frac{x}{2}\\cos\\frac{x}{2}+2\\sqrt{3}\\cos^{2}\\frac{x}{2}-\\sqrt{3} $，若  $ |f(x)-m|\\leqslant3 $ 对任意  $ x\\in\\left[-\\frac{5\\pi}{6},\\frac{\\pi}{6}\\right] $ 恒成立，则实数 m 的取值范围为\nA. $ [-1,1] $ B. $ \\left[-\\frac{1}{2},\\frac{1}{2}\\right] $ C. $ \\left[0,\\frac{1}{2}\\right] $ D. $ [0,1] $\n12. 如果直线 l 与两条曲线都相切，则称 l 为这两条曲线的公切线', '##number\n6\nZaslavsky, Extremal arrangements of hyperplanes, Ann. N. Y. Acad. Sci. 440 (1985), 69-87.\nB−4 The maximum is  $ 2^{k} $, achieved for instance by the sub-space\n##display_formula\n $$ \\left\\{\\left(x_{1},\\cdots,x_{n}\\right)\\in\\mathbb{R}^{n}:x_{1}=\\cdots=x_{n-k}=0\\right\\}. $$ \nFirst solution: More generally, we show that any affine k-dimensional plane in  $ R^n $ can contain at most  $ 2^k $ points in Z. The proof is by induction on  $ k+n $; the case  $ k=n=0 $ is clearly true.\nSuppose that V is a k-plane in  $ \\mathbb{R}^n $. Denote the hyperplanes  $ \\{x_n = 0\\} $ and  $ \\{x_n = 1\\} $ by  $ V_0 $ and  $ V_1 $, respectively', '(The computation of the integral using the sequence  $ x_{i} = i/m $ was already known to Archimedes.)\nB−3 The answer is  $ n = 2^k - 1 $ for some integer  $ k \\geq 1 $. There is a bijection between mediocre subsets of  $ \\{1, \\ldots, n\\} $ and mediocre subsets of  $ \\{2, \\ldots, n+1\\} $ given by adding 1 to each element of the subset; thus  $ A(n+1) - A(n) $ is the number of mediocre subsets of  $ \\{1, \\ldots, n+1\\} $ that contain 1. It follows that  $ A(n+2) - 2A(n+1) + A_n = (A(n+2) - A(n+1)) - (A(n+1) - A(n)) $ is the difference between the number of mediocre subsets of  $ \\{1, \\ldots, n+2\\} $ containing 1 and the number of mediocre subsets of  $ \\{1, \\ldots, n+1\\} $ containing 1']",The value of $ n $ is $ 2^k - 1 $.,1.0,0.9595406752095578
如何估计第114株树苗的高度？,"['中国将提高国家自主贡献力度，采取更加有力的政策和措施，二氧化碳排放力争于2030年前达到峰值，努力争取2060年前实现碳中和。某企业为了响应中央号召，准备在企业周边区域内通过植树造林实现减碳，从某育苗基地随机采购了120株银杏树树苗进行栽种，测量树苗的高度，得到如下频率分布直方图，已知不同高度区间内树苗的售价区间如下表。\n##image\n\n##chart\n\n##table\n<table><tr><td>树苗高度（cm）</td><td>[120,140)</td><td>[140,160)</td><td>[160,180]</td></tr><tr><td>树苗售价（元/株）</td><td>4</td><td>6</td><td>8</td></tr></table>\n##inline_formula\n $$ \\left(\\mu,\\sigma^{2}\\right) $$ \n##inline_formula\n $$  且 s^{2}=185 $$ \n②若该育苗基地共有5000株银杏树树苗，并将树苗的高度从高到低进行排列，请估计第114株树苗的高度。参考数据：若 $ X \\sim N\\left(\\mu, \\sigma^2\\right) $， $ P\\left(\\mu - \\sigma < X < \\mu + \\sigma\\right) \\approx 0.6826 $， $ P\\left(\\mu - 2\\sigma < X < \\mu + 2\\sigma\\right) \\approx 0.9544 $， $ \\sqrt{185} \\approx 13.6 $', '##image\n\n##image\n\n##paragraph_title\n三、解答题：共70分。解答应写出相应的文字说明、证明过程或者演算步骤。第17~21题为必考题，每个试题考生都必须作答，第22，23题为选考题，考生根据要求作答。\n（一）必考题：共60分\n17.（12 分）如图，已知平面四边形 ABCD 中， $ AB = CD = 1 $\n（1）若  $ AD = \\sqrt{2} $， $ \\angle ADB = \\frac{\\pi}{4} $，求  $ \\triangle ABD $ 的面积；\n（2）若 BC = t， $ AD = \\sqrt{2}t $， $ \\angle C - \\angle A = \\frac{\\pi}{4} $，求 t 的最大值.\n##image\n\n18.（12分）如图，在正四棱锥 P-ABCD 中， $ PA=AB=2\\sqrt{2} $，E、F 分别为 PB、PD 的中点，平面 AEF 与棱 PC 的交点为 G.\n（1）求平面AEGF与平面ABCD所成锐二面角的正切值的大小；\n(2) 求  $ \\frac{CG}{PC} $ 的值.\n19.（12分）2020年9月22日，国家主席习近平在第七十五届联合国大会一般性辩论上发表重要讲话，指出要加快形成绿色发展方式和生活方式，建设生态文明和美丽地球。中国将提高国家自主贡献力度，采取更加有力的政策和措施，二氧化碳排放力争于2030年前达到峰值，努力争取2060年前实现碳中和。某企业为了响应中央号召，准备在企业周边区域内通过植树造林实现减碳，从某育苗基地随机采购了120株银杏树树苗进行栽种，测量树苗的高度，得到如下频率分布直方图，已知不同高度区间内树苗的售价区间如下表', '##image\n\n3. 在方格纸上分别画出下面立体图形从正面、左面、上面看到的图形。\n##image\n\n##paragraph_title\n能力提升\n4. 淘气把一个圆锥形的铅锤放入一个底面周长是25.12 cm的圆柱形烧杯里，然后倒入水，使水面没过铅锤，当把铅锤完全拿出水面以后（铅锤带出的水忽略不计），水面下降了0.75 cm。这个铅锤的体积是多少？量得铅锤的底面直径是4 cm，铅锤的高是多少？\n##display_formula\n $$ 25.12\\div3.14\\div2=4(cm) $$ \n体积： $ 3.14 \\times 4^{2} \\times 0.75 = 37.68 \\, (cm^{3}) $\n高： $ 37.68 \\times 3 \\div [3.14 \\times (4 \\div 2)^2] = 9 \\, \\text{cm} $\n5. 下图是一个圆柱形油桶的展开图(接头处、铁皮厚度忽略不计)，求这个油桶的体积。(单位: dm)\n##image\n\n##display_formula\n $$ 16.56\\div(3.14+1)=4(dm) $$ \n##paragraph_title\n思维拓展\n##display_formula\n $$ 3.14\\times(4\\div2)^{2}\\times(4\\times2)=100.48(dm^{3}) $$ \n##image\n\n6. 一个由若干个小正方体搭成的立体图形，从正面和上面看到的图形如下图。搭这个立体图形最少需要(7)个小正方体，最多需要(9)个小正方体。\n##figure_title\n正面\n##image\n\n##figure_title\n上面\n##number\n61\n##footer\n关注微信公众号“教辅资料站”获取更多学习资料', '##number\n152\n##header\nChapter 2 | Descriptive Statistics\n• first quartile = 528.5 FTES\n• third quartile = 1,447.5 FTES\n• n = 29 years\n94. A sample of 11 years is taken. About how many are expected to have a FTES of 1014 or above? Explain how you determined your answer.\n95. 75% of all years have an FTES:\na. at or below: ___\nb. at or above: ___\n96. The population standard deviation = ___\n97. What percent of the FTES were from 528.5 to 1447.5? How do you know?\n98. What is the IQR? What does the IQR represent?\n99. How many standard deviations away from the mean is the median?\nAdditional Information: The population FTES for 2005–2006 through 2010–2011 was given in an updated report. The data are reported here', 'colspan=""2"">TOMORROW</td><td colspan=""2"">FRIDAY</td></tr><tr><td>BANFF</td><td>-1/-11</td><td>PC</td><td>-3/-8</td><td>PC</td><td>-1/-7</td><td>SN</td></tr><tr><td>BARRIE</td><td>-11/-16</td><td>SN</td><td>-8/-12</td><td>PC</td><td>-5/-7</td><td>PC</td></tr><tr><td>BRANDON</td><td>-4/-5</td><td>PC</td><td>-3/-12</td><td>PC</td><td>-8/-10</td><td>PC</td></tr><tr><td>CALGARY</td><td>4/-9</td><td>PC</td><td>-1/-8</td><td>S</td><td>2/4</td><td>RS</td></tr><tr><td>CHARLOTTETOWN</td><td>-2/-2</td><td>SN</td><td>0/0</td><td>SN</td><td>1/-1</td><td>SN</td></tr><tr><td>CHICOUTIMI</td><td>-6/-6</td><td>SN</td><td>-4/-7</td><td>SN</td><td>-6/-12</td><td>PC</td></tr><tr><td>CHURCHILL</td><td>-15/-15</td><td>SN</td><td>-13/-24</td><td>SN</td><td>-24/-26</td><td>PC</td></tr><tr><td>CORNER']","根据参考内容，估计第114株树苗的高度，可以利用正态分布的性质。已知树苗高度服从正态分布 $ X \sim N(\mu, \sigma^2) $，且 $ s^2 = 185 $，因此 $ \sigma = \sqrt{185} \approx 13.6 $。根据参考数据，$ P(\mu - \sigma < X < \mu + \sigma) \approx 0.6826 $，即约68.26%的树苗高度在 $ \mu - \sigma $ 到 $ \mu + \sigma $ 的范围内。由于第114株树苗是排序后的第114株，即占总株数120株的 $ \frac{114}{120} = 0.95 $，即第95百分位数。根据正态分布的性质，第95百分位数大约是 $ \mu + 1.645\sigma $。因此，第114株树苗的高度大约是 $ \mu + 1.645\sigma $。",1.0,0.9027675107249262
哪些县市属于湖北省？,"['尤溪县、邵武市、连城县、永安市\n##paragraph_title\n江西省\n鄱阳县、丰城市、高安市、南昌县、新建县、余干县、金溪县、\n上高县、永新县、渝水区、泰和县、吉安县、都昌县\n齐河县、滕州市、平度市、章丘市、商河县、莱西市、桓台县、广饶县、莱阳市、诸城市、高密市、汶上县、梁山县、岱岳区、东平县、莒县、乳山市、邹平县、阳信县、临邑县、陵县、冠县、莘县、沂南县、沂水县、郓城县、东明县、肥城市\n##paragraph_title\n河南省\n滑县、固始县、浚县、新郑市、开封县、尉氏县、洛宁县、伊川县、叶县、郏县、安阳县、卫辉市、长垣县、修武县、濮阳县、南乐县、许昌县、鄢陵县、舞阳县、灵宝市、邓州市、唐河县、新野县、永城市、夏邑县、虞城县、柘城县、息县、潢川县、罗山县、太康县、淮阳县、项城市、西华县、商水县、西平县、上蔡县、汝南县、正阳县、民权县\n##paragraph_title\n湖北省\n襄州区、监利县、枣阳市、随县、钟祥市、沙洋县、仙桃市、京山县、洪湖市、天门市、宜城市、麻城市、公安县、汉川市、当\n##paragraph_title\n湖南省\n赫山区、汨罗市、湘潭县、湘乡市、醴陵市、攸县、衡南县、衡阳县、祁东县、汉寿县、望城县、浏阳市、永兴县、零陵区、新化县、溆浦县、靖州苗族侗族自治县\n廉江市、罗定市、信宜市、高要市、恩平市、阳东县、连州市、\n##paragraph_title\n广西壮族自治区\n阳川县、港南区、宾阳县、临桂县、灌阳县、藤县、容县、八步\n##paragraph_title\n海南省\n琼海市、儋州市、定安县\n##paragraph_title\n重庆市\n开县、合川区、大足县、涪陵区、永川区、荣昌县、云阳县\n平昌县、宣汉县、富顺县、金堂县、合江县、广汉市、威远县、犍为县、三台县、苍溪县、剑阁县、大英县、南部县、营山县、江安县、渠县、岳池县、巴州区、仁寿县、简阳市、乐至县', '港南区、宾阳县、临桂县、灌阳县、藤县、容县、八步\n##paragraph_title\n海南省\n琼海市、儋州市、定安县\n##paragraph_title\n重庆市\n开县、合川区、大足县、涪陵区、永川区、荣昌县、云阳县\n平昌县、宣汉县、富顺县、金堂县、合江县、广汉市、威远县、犍为县、三台县、苍溪县、剑阁县、大英县、南部县、营山县、江安县、渠县、岳池县、巴州区、仁寿县、简阳市、乐至县、西县\n凤冈县、开阳县、水城县、关岭布依族苗族自治县、黄平县、\n临潼区、扶风县、乾县、临渭区、耀州区、城固县、汉滨区、洛南县、宁津县、普定县\n安定区、肃州区、甘州区、永靖县、静宁县、镇原县、永昌县、\n同心县、平罗县、青铜峡市、永宁县、西吉县\n##paragraph_title\n新疆维吾尔自治区\n塔城市、奇台县、温宿县、察布查尔锡伯自治县、墨玉县、焉\n##paragraph_title\n黑龙江省农垦总局\n友谊农场、二九〇农场、绥滨农场、八五二农场、胜利农场、红卫农场、八五四农场、八五七农场、查哈阳农场\n##paragraph_title\n五', '田明丽 南阳市唐河县桐河乡邱庄村\n张涛雄 南阳市邓州市裴营乡裴营村\n周荣杰 南阳市镇平县城关镇北关村\n蒋金超 南阳市新野县施庵镇卢大桥村\n门永胜 商丘市梁园区张阁镇张堂村\n李福珍 商丘市虞城县城郊乡牛楼村\n谢红兵 商丘市虞城县闻集乡郭老家村\n张起绅 商丘市虞城县界沟镇张集村\n陈贵权 信阳市罗山县子路镇朱湾村\n杨震 信阳市息县小茴店镇谭楼村\n简海峰 信阳市淮滨县三空桥乡吕庄村\n贾奎 信阳市淮滨县马集镇郭集村\n赵亚东 周口市太康县独塘乡赵胡同村\n马家杰 周口市淮阳县曹河乡徐营村\n##paragraph_title\n湖北省\n李功成 襄阳市襄州区峪山镇宋冲村  \n刘若峥 荆门市京山县永兴镇苏余畈村  \n徐犹钱 黄石市阳新县太子镇四门村  \n宋红林 天门市拖市镇何场村  \n吴尚文 荆门市钟祥市旧口镇高集村  \n王泽清 仙桃市沙湖镇棕树湾村  \n管龙 黄冈市团风县马曹庙镇大路岗村  \n魏红平 孝感市孝南区毛陈镇双龙村  \n周文军 武汉市江夏区法泗镇菱米村  \n王四元 仙桃市沙湖镇滩湖村  \n梁光群 襄阳市襄州区程河镇邓岗村  \n李忠标 武汉市蔡甸区消泗乡罗汉村  \n王明开 黄石市大冶市金山店镇仕秦村  \n刘军红 黄石市大冶市金山店镇仕秦村  \n余圣读 黄石市阳新县荆头山农场  \n王海军 随州市随县高城镇高城居民委员会  \n柯珍珠 黄冈市黄梅县独山镇东观村  \n罗正 黄冈市团风县团风镇罗家沟村  \n鲁晓勇 黄冈市蕲春县管窑镇寒婆岭村  \n肖保新 随州市随县安居镇张家井湾村  \n缪斌 武汉市黄陂区王家河街道办事处玉枝  \n倪生浩 荆州市洪湖市新堤办事处洪林村\n##paragraph_title\n湖南省\n##paragraph_title\n广东省\n郑四海 益阳市大通湖区南湾湖办事处\n肖一帆 衡阳市衡阳县台源乡长青村\n熊伟 长沙市望城县乔口镇田心坪村\n巫启凤 株洲市醴陵市泗汾镇双塘村', '鲁晓勇 黄冈市蕲春县管窑镇寒婆岭村  \n肖保新 随州市随县安居镇张家井湾村  \n缪斌 武汉市黄陂区王家河街道办事处玉枝  \n倪生浩 荆州市洪湖市新堤办事处洪林村\n##paragraph_title\n湖南省\n##paragraph_title\n广东省\n郑四海 益阳市大通湖区南湾湖办事处\n肖一帆 衡阳市衡阳县台源乡长青村\n熊伟 长沙市望城县乔口镇田心坪村\n巫启凤 株洲市醴陵市泗汾镇双塘村\n谢树雪 株洲市醴陵市船湾乡船湾村\n朱国林 株洲市攸县上云桥镇侯联村\n彭满珍 株洲市株洲县渌口镇松西子社区\n肖艾增 湘潭市湘乡市壶天镇牌子石村\n胡冬生 衡阳市衡南县宝盖镇龙丰村\n龚瑛 衡阳市祁东县金桥镇金桥村\n李建明 邵阳市邵阳县谷洲镇鸟山村\n叶新花 岳阳市临湘市江南镇新洲村\n李勇 岳阳市平江县三市镇永安村\n秦希良 岳阳市湘阴县新泉镇小北湖村\n孙文献 常德市汉寿县大南湖乡永红居民委员会\n夏根固 益阳市沅江市四季红镇阳雀洪村\n许铁军 益阳市大通湖区金盆镇格子湖村\n王雪尤 益阳市资阳区茈湖口镇邹家窑村\n李旭芳 益阳市赫山区兰溪镇沙岭村\n唐彩凤 永州市零陵区石山脚乡悟山里村\n何广南 郴州市安仁县牌楼乡神洲村\n贺青松 娄底市双峰县永丰镇松坪村\n郑泽禹 张家界市慈利县高桥镇四坪村\n曾海萍 怀化市靖州苗族侗族自治县渠阳镇飞山\n会尧管村\n胡成来 惠州市惠东县铁涌镇三堆岭村  \n李乃忠 惠州市惠东县平山街道办事处三联村  \n曾令绿 阳江市阳西县程村镇黄什村  \n郑汉文 潮州市潮安县浮洋镇仙庭村  \n林辉苑 梅州市蕉岭县长潭镇金融街8号  \n孙国欢 惠州市惠城区汝湖镇村尾村  \n张隆辉 清远市连州市沿江花园C座701室  \n陈植桓 阳江市阳东县大沟镇大沟村  \n魏法赐 梅州市五华县横陂镇  \n朱丽沂 广州市从化市鳌头镇江埔街  \n李志新 梅州市兴宁市新陂镇新金村  \n梁定妹 东莞市麻涌镇漳澎村', '∵∵∵∵∵∵∵∵∵∵∵∵∵∵∵∵∵∵∵∵∵∵∵∵∵∵∵∵∵∵∵∵∵∵∵∵∵∵∵∵∵∵∵∵∵∵∵∵∵∵∵∵∵∵∵∵∵∵∵∵∵∵∵∵∵∵∵∵∵∵∵∵∵∵∵∵∵∵∵∵∵∵∵∵∵∵∵∵∵∵∵∵∵∵∵∵∵∵∵∵∵∵∵∵∵∵∵∵∵∵∵∵∵∵∵∵∵∵∵∵∵∵∵∵∵∵∵∵∵∵∵∵∵∵∵∵∵∵∵∵∵∵∵∵∵∵∵∵∵∵∵∵∵∵∵∵∵∵∵∵∵∵∵∵∵∵∵∵∵∵∵∵∵∵∵∵∵∵∵∵∵∵∵∵∵∵∵∵∵∵∵∵∵∵∵∵∵∵∵∵∵∵∵∵∵∵∵∵∵∵∵∵∵∵∵∵∵∵∵∵∵∵∵∵∵∵∵∵∵∵∵∵∵∵∵∵∵∵∵∵∵∵∵∵∵∵∵∵∵∵∵∵∵∵∵∵∵∵∵∵∵∵∵∵∵∵∵∵∵∵∵∵∵∵∵∵∵∵∵∵∵∵∵∵∵∵∵∵∵∵∵∵∵∵∵∵∵∵∵∵∵∵∵∵∵∵∵∵∵∵∵∵∵∵∵∵∵∵∵∵∵∵∵∵∵∵∵∵∵∵∵∵∵∵∵∵∵∵∵∵∵∵∵∵∵∵∵∵∵∵∵∵∵∵∵∵∵∵∵∵∵∵∵∵∵∵∵∵∵∵∵∵∵∵∵∵∵∵∵∵∵∵∵∵∵∵∵∵∵∵∵∵∵∵∵∵∵∵∵∵∵∵∵∵∵∵∵∵∵∵∵∵∵∵∵∵∵∵∵∵∵∵∵∵∵∵∵∵∵∵∵∵∵∵∵∵∵∵∵∵∵∵∵∵∵∵∵∵∵∵∵∵∵∵∵∵∵∵∵∵∵∵∵∵∵∵∵∵∵∵∵∵∵∵∵∵∵∵∵∵∵∵∵∵∵∵∵∵∵∵∵∵∵∵∵∵∵∵∵∵∵∵∵∵∵∵∵∵∵∵∵∵∵∵∵∵∵∵∵∵∵∵∵∵∵∵∵∵∵∵∵∵∵∵∵∵∵∵∵∵∵∵∵∵∵∵∵∵∵∵∵∵∵∵∵∵∵∵∵∵∵∵∵∵∵∵∵∵∵∵∵∵∵∵∵∵∵∵∵∵∵∵∵∵∵∵∵∵∵∵∵∵∵∵∵∵∵∵∵∵∵∵∵∵∵∵∵∵∵∵∵∵∵∵∵∵∵∵∵∵∵∵∵∵∵∵∵∵∵∵∵∵∵∵∵∵∵∵∵∵∵∵∵∵∵∵∵∵∵∵∵∵∵∵∵∵∵∵∵∵∵∵∵∵∵∵∵∵∵∵∵∵∵∵∵∵∵∵∵∵∵∵∵∵∵∵∵∵∵∵∵∵∵∵∵∵∵∵∵∵∵∵∵∵∵∵∵∵∵∵∵∵∵∵∵∵∵∵∵∵∵∵∵∵∵∵∵∵∵∵∵∵∵∵∵∵∵∵∵∵∵∵∵∵∵∵∵∵∵∵∵∵∵∵∵∵∵∵∵∵∵∵∵∵∵�']",湖北省的县市包括：襄州区、监利县、枣阳市、随县、钟祥市、沙洋县、仙桃市、京山县、洪湖市、天门市、宜城市、麻城市、公安县、汉川市、当。,0.9333333333333333,0.9465594175988362
"What is the formula for S(2k,2l) in terms of S(k,l)?","['It follows that  $ S(m,n) = 0 $ if m and n have opposite parity.\nNow suppose that m = 2k and n = 2l are both even. Then  $ \\lfloor \\frac{2j}{2m} \\rfloor = \\lfloor \\frac{2j+1}{2m} \\rfloor $ for all j, so S can be computed as twice the sum over only even indices:\n##display_formula\n $$ S(2k,2l)=2\\sum_{i=0}^{2kl-1}(-1)^{f_{k,l}(i)}=S(k,l)(1+(-1)^{k+l}). $$ \nThus  $ S(2k,2l) $ vanishes if and only if  $ S(k,l) $ vanishes (if  $ 1+(-1)^{k+l}=0 $, then k and l have opposite parity and so  $ S(k,l) $ also vanishes).\nPiecing our various cases together, we easily deduce that  $ S(m,n) = 0 $ if and only if the highest powers of 2 dividing m and n are different.\nB−5 Write  $ N = (10^{1998} - 1)/9 $', '##number\n1318\n##header\nAnswer Key\n##display_formula\n $$ k=50.1L mol^{-1}h^{-1} $$ \n37.14.3 d\n39.\n##display_formula\n $$ 8.3\\times10^{7}\\mathrm{s} $$ \n41.0.826 s\n43. The reaction is first order.\n##display_formula\n $$ k=1.0\\times10^{7}L mol^{-1}min^{-1} $$ \n45.  $ 1.67 \\times 10^{3} $ s ; 20% remains\n47.252 days\n49.\n##table\n<table><tr><td>[A]_{0}(M)</td><td>k \\times 10^{3}(s^{-1})</td></tr><tr><td>4.88</td><td>2.45</td></tr><tr><td>3.52</td><td>2.51</td></tr><tr><td>2.29</td><td>2.53</td></tr><tr><td>1.81</td><td>2.58</td></tr><tr><td>5.33</td><td>2.36</td></tr><tr><td>4.05</td><td>2.47</td></tr><tr><td>2.95</td><td>2.48</td></tr><tr><td>1.72</td><td>2.43</td></tr></table>\n51', '25</td><td>13.21  $ \\pm $ 0.42</td><td>4.91  $ \\pm $ 0.24</td></tr><tr><td>$ \\beta $-Fe</td><td>70.28  $ \\pm $ 0.67</td><td>0</td><td>1.57  $ \\pm $ 0.21</td><td>7.51  $ \\pm $ 0.31</td><td>20.64  $ \\pm $ 0.58</td></tr><tr><td rowspan=""2"">SHTed (8 h)</td><td>$ \\alpha $-Fe</td><td>74.43  $ \\pm $ 0.82</td><td>6.68  $ \\pm $ 0.46</td><td>3.54  $ \\pm $ 0.31</td><td>9.92  $ \\pm $ 0.23</td><td>5.43  $ \\pm $ 0.31</td></tr><tr><td>STed  $ \\beta $-Fe</td><td>75.10  $ \\pm $ 0.85</td><td>0</td><td>1.42  $ \\pm $ 0.12</td><td>7.27  $ \\pm $ 0.25</td><td>16.21  $ \\pm $ 0.56</td></tr></table>\ncontents of Mn and Si, which is consistent with the literature. $ ^{[16,30]} $ After being SHTed for 8 hours, almost the entire amount of  $ Al_{2}Cu $ is dissolved into the Al matrix as shown in Figure 2(b)', 'For $k = 1$, the statement is obvious. For general $k$, any mediocre subset $S$ of $\\{1, \\ldots, n + 2 = 2^k + 1\\}$ containing $1$ and $2^k + 1$ must also contain their average, $2^{k-1} + 1$. By the induction assumption, the only mediocre subset of $\\{1, \\ldots, 2^{k-1} + 1\\}$ containing the endpoints is itself, and so $S$ must contain all integers between $1$ and $2^{k-1} + 1$. Similarly, a mediocre subset of $\\{2^{k-1} + 1, \\ldots, 2^k + 1\\}$ containing the endpoints gives a mediocre subset of $\\{1, \\ldots, 2^{k-1} + 1\\}$ containing the endpoints by subtracting $2^{k-1}$ from each element. By the induction assumption again, it follows that $S$ must contain all integers between $2^{k-1} + 1$ and $2^k + 1$. Thus $S = \\{1, \\ldots, 2^k + 1\\}$ and the induction is complete.\n\nRemark', 'By the induction assumption again, it follows that $S$ must contain all integers between $2^{k-1} + 1$ and $2^k + 1$. Thus $S = \\{1, \\ldots, 2^k + 1\\}$ and the induction is complete.\n\nRemark. One can also proceed by checking that a nonempty subset of $\\{1,\\ldots,n\\}$ is mediocre if and only if it is an arithmetic progression with odd common difference. Given this fact, the number of mediocre subsets of $\\{1,\\ldots,n+2\\}$ containing the endpoints is seen to be the number of odd factors of $n+1$, from which the desired result is evident. (The sequence $A(n)$ appears as sequence A124197 in the Encyclopedia of Integer Sequences']","The formula for $ S(2k,2l) $ in terms of $ S(k,l) $ is $ S(2k,2l) = S(k,l)(1 + (-1)^{k+l}) $.",1.0,0.9935775661937098
What is sewage sludge considered as according to the text?,"['##paragraph_title\n3. Results and discussion\nConcern has been expressed over the transfer of toxic organics from the soil and into human food chain. Sewage sludge is a sink for contaminants present in municipal wastewater. There are four WWTPs in operation in Kuwait. All of these treatment plants receive domestic sewage in major quantities, such as 27,000 m²/day for Reqqa, 70,000 m²/day for Jahra and 27,000 m²/day for Om Al-Haymann). Sewage sludge produces at Ardiya WWTP is disposed of, as liquid sludge without digestion to specific disposal sites. Riqqa and Om Al-Haymann are equipped with aerobic digesters and in Jahra thickened undigested sludge is only dried on sludge drying beds', '##figure_title\nTable 3\nRecoveries and relative standard deviations (RSD, %) obtained from spiked sewage sludge samples (0.2  $ \\mu $g/ml) analysed by GC–EI–MS–MS, using three different extraction techniques\n##table\n<table><tr><td rowspan=""2"">PAHs compounds</td><td colspan=""3"">% Recovery  $ \\pm $ RSD</td></tr><tr><td>Soxtec</td><td>Soxhlet</td><td>PLE</td></tr><tr><td>NAP</td><td>68.3  $ \\pm $ 19.7</td><td>65.6  $ \\pm $ 1.4</td><td>60.0  $ \\pm $ 8.2</td></tr><tr><td>ACY</td><td>61.5  $ \\pm $ 5.6</td><td>79.6  $ \\pm $ 0.77</td><td>66.4  $ \\pm $ 5.2</td></tr><tr><td>ACE</td><td>65.3  $ \\pm $ 14.4</td><td>73.9  $ \\pm $ 2.2</td><td>74.8  $ \\pm $ 7.9</td></tr><tr><td>FLU</td><td>71.9  $ \\pm $ 22.7</td><td>82.5  $ \\pm $ 0.59</td><td>75.3  $ \\pm $ 17.5</td></tr><tr><td>PHE</td><td>84', '##number\n156\n##header\nM.I.H. Helaleh et al. / J. Chromatogr. A 1083 (2005) 153–160\nThe collected eluant was concentrated by rotary evaporator to 1 ml. The extracts were finally passed through a final column filled with 5 g silica + 3 g Al₂O₃ to remove any co-extractive compounds that may cause instrumental interferences during the analysis. The extract was eluted with 120 ml of DCM:n-hexane (1:1), the first 18 ml of eluent was discarded and the rest were collected, which contains the analytes of interest. The extract was exchanged into n-hexane, concentrated to 1 ml to which 1 μg/ml of internal standard was added.\n2.9. Removal of sulfur and lipids\nThe sulfur present in sewage sludges has to be removed before the GC–EI-MS and GC–EI-MS–MS determination to avoid any interference', 'At these temperatures, PAHs are likely to volatilize along with other semi-volatile organic compounds and as potential source of chemicals to the environment. It is questionable, however, whether these chemicals are likely to deposit at such temperatures, but may remain in the vapor phase and subjected to long range atmospheric transport. The eventual fate of chemicals in sludge requires a detailed assessment and probably other disposal options needed to be evaluated particularly for Kuwait and other countries in the region that experience such uniquely high temperatures.\n##figure_title\nTable 3\nRecoveries and relative standard deviations (RSD, %) obtained from spiked sewage sludge samples (0', '2.9. Removal of sulfur and lipids\nThe sulfur present in sewage sludges has to be removed before the GC–EI-MS and GC–EI-MS–MS determination to avoid any interference.\nCopper bars (0.5 cm) were activated with 30% HCl for 30 s and then cleaned with acetone, n-hexane and the dried bars was added to the extract. Bio-Beads were used to remove the co-extracted lipids and other higher molecular weight substances which may interfere with the determination. Furthermore, adsorption chromatography of large and small mixed silica and alumina columns allow the removal of lipids and other organic compounds from the sewage sludge extract.\n##paragraph_title\n3. Results and discussion\nConcern has been expressed over the transfer of toxic organics from the soil and into human food chain']",Sewage sludge is considered a sink for contaminants present in municipal wastewater.,1.0,0.8297838936021654
王老师买了多少套书？,"['任务驱动一：阅读例 1, 找出已知条件和问题, 把获得的数学信息及问题写出来, 并合作解决这个问题。\n1. 写出获得的数学信息及问题,列出式子解决这个问题。\n每套书有 14 册，王老师买了 12 套，求一共买了多少册。\n就是求 12 个 14 是多少, 用乘法计算, 列式:  $ 14 \\times 12 $', 'Instead of punishing my brother, he sat down, took the pen from my brother\'s hand, and then wrote in the book himself, alongside the scribbles John had made: ""  $ \\underline{40} $ work, 1959, age 2."" How many times have I looked into your beautiful face and into your warm eyes looking up at\n##number\n第 3 页\n##footer\n在线学习网址：www.Jinghua.com\n客服热线：400-650-7766（9：00—21：00 everyday）\n##footer\n版权所有 北京天地精华教育科技有限公司', '##image\n\n##image\n\n##paragraph_title\n三、解答题：共70分。解答应写出相应的文字说明、证明过程或者演算步骤。第17~21题为必考题，每个试题考生都必须作答，第22，23题为选考题，考生根据要求作答。\n（一）必考题：共60分\n17.（12 分）如图，已知平面四边形 ABCD 中， $ AB = CD = 1 $\n（1）若  $ AD = \\sqrt{2} $， $ \\angle ADB = \\frac{\\pi}{4} $，求  $ \\triangle ABD $ 的面积；\n（2）若 BC = t， $ AD = \\sqrt{2}t $， $ \\angle C - \\angle A = \\frac{\\pi}{4} $，求 t 的最大值.\n##image\n\n18.（12分）如图，在正四棱锥 P-ABCD 中， $ PA=AB=2\\sqrt{2} $，E、F 分别为 PB、PD 的中点，平面 AEF 与棱 PC 的交点为 G.\n（1）求平面AEGF与平面ABCD所成锐二面角的正切值的大小；\n(2) 求  $ \\frac{CG}{PC} $ 的值.\n19.（12分）2020年9月22日，国家主席习近平在第七十五届联合国大会一般性辩论上发表重要讲话，指出要加快形成绿色发展方式和生活方式，建设生态文明和美丽地球。中国将提高国家自主贡献力度，采取更加有力的政策和措施，二氧化碳排放力争于2030年前达到峰值，努力争取2060年前实现碳中和。某企业为了响应中央号召，准备在企业周边区域内通过植树造林实现减碳，从某育苗基地随机采购了120株银杏树树苗进行栽种，测量树苗的高度，得到如下频率分布直方图，已知不同高度区间内树苗的售价区间如下表', 'rowspan=""3"">学生数</td><td>男</td><td>1846</td><td>2029</td><td>1410</td><td>2217</td><td>1826</td><td>2041</td><td>797</td><td>1038</td><td>287</td><td>547</td><td>131</td><td>14169</td></tr><tr><td>女</td><td>550</td><td>61</td><td>73</td><td>201</td><td>202</td><td>347</td><td>111</td><td>51</td><td>82</td><td>122</td><td></td><td>1691</td></tr><tr><td>合计</td><td>2396</td><td>2090</td><td>1483</td><td>2418</td><td>2028</td><td>2388</td><td>908</td><td>1089</td><td>369</td><td>560</td><td>131</td><td>15860</td></tr><tr><td', '##header\n一 数据收集整理\n##header_image\n\n##paragraph_title\n二、下面统计的是二年级同学参加兴趣小组的情况。(20分)\n1. 完成下表。(10 分)\n##table\n<table><tr><td>兴趣小组</td><td>书法小组</td><td>绘画小组</td><td>饲养小组</td><td>田径小组</td><td>游泳小组</td></tr><tr><td>人数</td><td></td><td></td><td></td><td></td><td></td></tr></table>\n2. 回答问题。(10 分)\n(1)喜欢( )的人数最多，\n喜欢( )的人数最少。\n(2)喜欢书法的人数比喜欢游泳的人数少()人。\n(3)这个班一共有(___)人。\n(4)喜欢绘画的人数和喜欢田径的人数一共是(___)人。\n##paragraph_title\n三、下面是同学们收集的几种邮票统计情况。(20分)\n##image\n\n1. 用你喜欢的方法统计每种邮票的张数，并完成下表。(8 分)\n2. 回答问题。(12 分)\n\n(1)哪种邮票收集得最多？(4分)\n(2)一共收集了多少张邮票？(4分)\n(3)\n##image\n\n比\n多收集多少张？(4 分)\n\n##image\n\n##paragraph_title\n四、生活中的数学。(48分)\n1. 喜欢吃苹果的小朋友有 9 人, 喜欢吃香蕉的小朋友有 18 人, 喜欢吃梨的小朋友比喜欢吃苹果的多 6 人。(24 分)\n(导学号 24082007)\n(1)完成统计表。(6分)\n(2)喜欢吃香蕉的比喜欢吃苹果的\n多几人？(6 分)\n(3)喜欢吃苹果、香蕉、梨的一共有多少人？(6分)\n(4)请你再提出一个数学问题并解答']",王老师买了 12 套书。,1.0,0.9999999999998496
What happens to providers using out-of-pocket or private pay options according to the text?,"['That could lead to worsening work force shortages in the public system, which leads to even less access to public services, in a negative feedback loop.\n“Whenever we have providers that are using out-of-pocket, or private pay options, they are being pulled out of the public system to provide that service,” Dr. Reimer said.\nOntario Health Minister Sylvia Jones wrote to her federal counterpart last April recommending that non-physician health care providers be banned from charging fees to provide primary-care services', 'In the intervening years, nurse practitioners, pharmacists and other health professionals have been granted new authorities to order tests, prescribe medications and provide other services that would otherwise come from a primary-care physician. But they have been left in a grey area that allows them to operate as both public and private providers in a way physicians are barred from.\n\nMark Holland, the Health Minister since July, 2023, has continued to promise legal clarity, but a letter has so far not been released.\nOn Tuesday after Prime Minis-\nWhenever we have\nproviders that are\nusing out-of-pocket,\nor private pay\noptions, they are\nbeing pulled out of\nthe public system to\nprovide that service.\n\n##image\n\nDR', 'On Tuesday after Prime Minis-\nWhenever we have\nproviders that are\nusing out-of-pocket,\nor private pay\noptions, they are\nbeing pulled out of\nthe public system to\nprovide that service.\n\n##image\n\nDR. JOSS REIMER\nCANADIAN MEDICAL\nASSOCIATION PRESIDENT\nter Justin Trudeau’s move to prorogue Parliament and announcement that he will resign as Liberal Leader once a successor is determined, Mr. Holland’s office provided few details when contacted by The Globe and Mail.\n“We hope to have more to say on the upcoming letter soon,” spokesperson Matthew Kronberg said in an e-mail.\nThe delays have caused continued uncertainty for both those calling for more private health care options and those who say it is a drain on the publicly funded system', '“This is how options like employer-funded virtual care have come to be, which millions of Canadians rely on when they can’t find support in our overburdened public health system,” Dr. Belchetz wrote in a LinkedIn post last year.\nThe Canadian Medical Association has recommended that the federal government ban membership fees, user fees or other sorts of payment for primary-care services covered by public insurance.\nCMA president Joss Reimer, who is a physician in Manitoba, said the association’s top concern is that the growth of private providers is siphoning professionals away from the publicly funded system. That could lead to worsening work force shortages in the public system, which leads to even less access to public services, in a negative feedback loop', 'An estimated six million Canadians are not connected to a family doctor, and many have turned to alternate health care providers such as virtual care companies that may charge subscription or membership fees for services that would otherwise be covered by public insurance.\nNearly two years ago, then-minister of health Jean-Yves Duclos said he was “very concerned” about recent increases in Canadians paying out-of-pocket for medically necessary care.\nHe pledged to release an interpretation letter outlining the rules governing nurse practitioners and other non-physician health care providers as they relate to the Canada Health Act, which was passed in 1984 and only explicitly covers services from physicians and in hospitals']","According to the text, providers using out-of-pocket or private pay options are being pulled out of the public system to provide that service.",1.0,0.8391574372043187
When did the comment period for the rule end?,"['Copies of the rule were mailed by the Committee’s staff to all Committee members and Walla Walla sweet onion handlers. In addition, the rule was made available through the Internet by the Office of the Federal Register and the USDA. That rule provided a 60-day comment period which ended June 25, 2004. No comments were received.\nA small business guide on complying with fruit, vegetable, and specialty crop marketing agreements and orders may be viewed at: http://www.ams.usda.gov/fv/moab.html. Any questions about the compliance guide should be sent to Jay Guerber at the previously mentioned address in the FOR FURTHER INFORMATION CONTACT section', '##header\nFederal Register / Vol. 69, No. 157 / Monday, August 16, 2004 / Rules and Regulations\n##number\n50289\nThe Committee’s meetings were widely publicized throughout the sweet onion industry and all interested persons were invited to attend the meetings and participate in Committee deliberations on all issues. Like all Committee meetings, the December 8, 2003, and the February 10, 2004, meetings were public meetings and all entities, both large and small, were able to express their views.\nAn interim final rule concerning this action was published in the Federal Register on April 26, 2004 (69 FR 22377). Copies of the rule were mailed by the Committee’s staff to all Committee members and Walla Walla sweet onion handlers', '” The order is effective under the Agricultural Marketing Agreement Act of 1937, as amended (7 U.S.C. 601–674), hereinafter referred to as the “Act.”\n\nUSDA is issuing this rule in\nconformance with Executive Order\n12866.\nThis rule has been reviewed under Executive Order 12988, Civil Justice Reform. Under the order provisions now in effect, final free and reserve percentages may be established for raisins acquired by handlers during the crop year. This rule continues to establish final free and reserve percentages for NS raisins for the 2003–04 crop year, which began August 1, 2003, and ends July 31, 2004. This rule will not preempt any State or local laws, regulations, or policies, unless they present an irreconcilable conflict with this rule', 'ams.usda.gov/fv/moab.html. Any questions about the compliance guide should be sent to Jay Guerber at the previously mentioned address in the FOR FURTHER INFORMATION CONTACT section.\nAfter consideration of all relevant material presented, including the Committee’s recommendation, and other information, it is found that finalizing the interim final rule, without change, as published in the Federal Register (69 FR 22377, April 26, 2004) will tend to effectuate the declared policy of the Act.\nMarketing agreements, Onions,\nReporting and recordkeeping\nrequirements', 'ACTION: Final rule.\nSUMMARY: The Department of Agriculture (USDA) is adopting, as a final rule, without change, an interim final rule that established final volume regulation percentages for 2003–04 crop Natural (sun-dried) Seedless (NS) raisins covered under the Federal marketing order for California raisins (order). The order regulates the handling of raisins produced from grapes grown in California and is locally administered by the Raisin Administrative Committee (Committee). The volume regulation percentages are 70 percent free and 30 percent reserve. The percentages are intended to help stabilize raisin supplies and prices, and strengthen market conditions.\nEFFECTIVE DATE: Effective September 15, 2004']","The comment period for the rule ended on June 25, 2004.",1.0,0.9999999999997847
What was the duration of treatment for mice bearing B16/PDGF-BB tumors?,"['PDGFRβ phosphorylation was analyzed by PDGFRβ and phospho-tyrosine (pTyr) immunoblotting of wheat germ agglutinin adsorbed fractions of cell lysates. (b) B16/PDGF-BB cells were seeded in 12-well plates and cultured in the presence of vehicle (♦), 3 μM STI571 (■), 1 μM PTK787 (▲) or 3 μM STI571 and 1 μM PTK787 (●). B16/mock (c) or B16/PDGF-BB (d) cells were inoculated subcutaneously to C57Bl6/J mice. When the tumor volume reached 20 mm³, mice received either p.o. gavage of vehicle (♦), 100 mg/kg/day STI571 (■), 25 mg/kg/day PTK787 (▲) or 100 mg/kg/day STI571 and 25 mg/kg/day PTK787 (○). Treatment was given for 13 days for mice bearing B16/mock tumors (c) and 8 days for mice bearing B16/PDGF-BB tumors (d). Tumor volumes, determined by palpation were followed over time', 'Treatment was given for 13 days for mice bearing B16/mock tumors (c) and 8 days for mice bearing B16/PDGF-BB tumors (d). Tumor volumes, determined by palpation were followed over time. Results are presented as mean and S.E.M. Statistical significance was evaluated using a one-way ANOVA followed by post hoc analysis applying the Duncan adjustment. Significance is shown for the last day of treatment; *p < 0.05 compared to vehicle treatment; §, p < 0.05 compared to PTK787 treatment; #, p < 0.05 compared to STI571 treatment. (e) Sis-NIH3T3 tumors treated with vehicle (lanes 2 and 3), a combination of PTK787/ST1571 (25 mg/100 mg/kg/day; lanes 4 and 5), PTK787 (25 mg/kg/day; lanes 6 and 7), STI571 (100 mg/kg/day; lanes 8 and 9) or STI571 (200 mg/kg/day; lanes 10 and 11)', '##number\n2608\n##header\nHASUMI ET AL.\n##chart\n\n##chart\n\n##chart\n\n##chart\n\n##image\n\n##figure_title\nFIGURE 1 – Combination of VEGFR and PDGFR tyrosine kinase inhibitors inhibits B16 melanoma tumor growth in vivo. (a) Subconfluent cultures of PAE/PDGFRβ cells were stimulated with conditioned media from B16/mock or B16/PDGF-BB cells for 1 hr on ice (left panels). Alternatively, PAE/PDGFRβ cells were incubated for 5 min at 37°C with conditioned medium or increasing amounts of PDGF-BB (right panels). PDGFRβ phosphorylation was analyzed by PDGFRβ and phospho-tyrosine (pTyr) immunoblotting of wheat germ agglutinin adsorbed fractions of cell lysates', 'PDGFRβ was immunoprecipitated from 15 mg tumor lysate, and receptor phosphorylation was analyzed by PDGFRβ and phospho-tyrosine (pTyr) immunoblotting. Rabbit IgG recognizing PTEN was used for immunoprecipitation as a negative control (lane 1). The ratio between the densitometric analysis of the phosphotyrosine band and the upper, mature PDGFRβ band were compared to the first vehicle-treated tumor to obtain the relative receptor phosphorylation.\n##paragraph_title\nResults\n##paragraph_title\nIn vitro characterization of a B16F10 melanoma clone which produces PDGF-BB\nA B16 melanoma cell line producing PDGF-BB (B16/PDGF-BB) was previously established. $ ^{26} $ This cell line was used to isolate a clone with robust PDGF-BB production that was selected for further experiments', 'After 2 days, the B16/PDGF-BB cells had released an amount of PDGF into the medium that was in excess of 0.5 ng/ml PDGF-BB (Fig. 1a, right panels). It should be noted that PDGF-BB sticks to both cells and plastic, so this amount is likely to represent underestimation of the production of PDGF-BB.']",The duration of treatment for mice bearing B16/PDGF-BB tumors was 8 days.,1.0,0.9947788116239923
What is the first quartile value for FTES?,"['##number\n152\n##header\nChapter 2 | Descriptive Statistics\n• first quartile = 528.5 FTES\n• third quartile = 1,447.5 FTES\n• n = 29 years\n94. A sample of 11 years is taken. About how many are expected to have a FTES of 1014 or above? Explain how you determined your answer.\n95. 75% of all years have an FTES:\na. at or below: ___\nb. at or above: ___\n96. The population standard deviation = ___\n97. What percent of the FTES were from 528.5 to 1447.5? How do you know?\n98. What is the IQR? What does the IQR represent?\n99. How many standard deviations away from the mean is the median?\nAdditional Information: The population FTES for 2005–2006 through 2010–2011 was given in an updated report. The data are reported here', 'How many standard deviations away from the mean is the median?\nAdditional Information: The population FTES for 2005–2006 through 2010–2011 was given in an updated report. The data are reported here.\n##table\n<table><tr><td>Year</td><td>2005-06</td><td>2006-07</td><td>2007-08</td><td>2008-09</td><td>2009-10</td><td>2010-11</td></tr><tr><td>Total FTES</td><td>1,585</td><td>1,690</td><td>1,735</td><td>1,935</td><td>2,021</td><td>1,890</td></tr></table>\n##figure_title\nTable 2.73\n100. Calculate the mean, median, standard deviation, the first quartile, the third quartile and the IQR. Round to one decimal place.\n101. What additional information is needed to construct a box plot for the FTES for 2005-2006 through 2010-2011 and a box plot for the FTES for 1976-1977 through 2004-2005?\n102', '4</td><td>73.9  $ \\pm $ 2.2</td><td>74.8  $ \\pm $ 7.9</td></tr><tr><td>FLU</td><td>71.9  $ \\pm $ 22.7</td><td>82.5  $ \\pm $ 0.59</td><td>75.3  $ \\pm $ 17.5</td></tr><tr><td>PHE</td><td>84.7  $ \\pm $ 16.3</td><td>83.9  $ \\pm $ 1.8</td><td>88.2  $ \\pm $ 2.9</td></tr><tr><td>ANT</td><td>88.2  $ \\pm $ 11.1</td><td>91.8  $ \\pm $ 1.1</td><td>87.9  $ \\pm $ 7.6</td></tr><tr><td>FLT</td><td>63.2  $ \\pm $ 11.7</td><td>86.3  $ \\pm $ 2.7</td><td>86.4  $ \\pm $ 9.2</td></tr><tr><td>PYR</td><td>64.7  $ \\pm $ 17.6</td><td>90.2  $ \\pm $ 3.7</td><td>86.0  $ \\pm $ 12.3</td></tr><tr><td>BaA</td><td>90.5  $ \\pm $ 5.1</td><td>76.8  $ \\pm $ 5.5</td><td>88.6  $ \\pm $ 10.8</td></tr><tr><td>CHR</td><td>87.7  $ \\pm $ 8.9</td><td>71.7  $ \\pm $ 5.6</td><td>91.9  $ \\pm $ 8.4</td></tr><tr><td>BbF</td><td>88.0  $ \\pm $ 2', '452, lower than 0.7 which is considered to be critical for an accurate solution, $ ^{[31]} $ indicate that this phase is still the α-Fe (body-centered cubic with a, b, and c as 1.265 nm $ ^{[11]} $). Moreover, the platelet-like intermetallic phase formed during the SHT has a similar chemical composition to the β-Fe obtained in the as-cast condition (Table II) and thus is termed as solid-state-transformed β-Fe (STed β-Fe) to distinguish it from the β-Fe directly precipitated from liquid metal during solidification. The formation of the STed β-Fe is further confirmed a low MAD value of 0.258 as measured by EBSD (Figure 2(d)), The STed β-Fe is most likely to have the same crystal structure as the solidified β-Fe (tetragonal with a and b of 0.634 nm and c of 1', '25</td><td>13.21  $ \\pm $ 0.42</td><td>4.91  $ \\pm $ 0.24</td></tr><tr><td>$ \\beta $-Fe</td><td>70.28  $ \\pm $ 0.67</td><td>0</td><td>1.57  $ \\pm $ 0.21</td><td>7.51  $ \\pm $ 0.31</td><td>20.64  $ \\pm $ 0.58</td></tr><tr><td rowspan=""2"">SHTed (8 h)</td><td>$ \\alpha $-Fe</td><td>74.43  $ \\pm $ 0.82</td><td>6.68  $ \\pm $ 0.46</td><td>3.54  $ \\pm $ 0.31</td><td>9.92  $ \\pm $ 0.23</td><td>5.43  $ \\pm $ 0.31</td></tr><tr><td>STed  $ \\beta $-Fe</td><td>75.10  $ \\pm $ 0.85</td><td>0</td><td>1.42  $ \\pm $ 0.12</td><td>7.27  $ \\pm $ 0.25</td><td>16.21  $ \\pm $ 0.56</td></tr></table>\ncontents of Mn and Si, which is consistent with the literature. $ ^{[16,30]} $ After being SHTed for 8 hours, almost the entire amount of  $ Al_{2}Cu $ is dissolved into the Al matrix as shown in Figure 2(b)']",The first quartile value for FTES is 528.5.,1.0,0.9999999999996948
What was the name of the product that became a smash hit for Apple in 2014?,"['That, though, is not how the company does things. Nor should it be.\nGo back to the threat from Samsung in Mr Cook’s early days. Back then investors pestered Apple to come up with a bigger phone, just as now they want it to match Samsung’s models with gen-AI bells and whistles. But Apple doesn’t rush things. It wasn’t until the launch of the iPhone 6 in 2014 that it produced a large-screen device. When it came, it was a smash hit. Its modus operandi remains the same. It is rarely first with a product. It seeks to improve what is already out there, learning from others’ mistakes and eventually trouncing the competition. Of course, that poses a risk. In theory, a scrappy upstart may produce new technology products cheaper and faster, pulling the rug from under the market leader', 'That is not Apple\'s forte. ""They are features, not products,"" as Horace Dediu, an expert on Apple, puts it. Nor does Apple compete with other tech giants, such as Microsoft, Amazon and Alpha-bet, to run cloud-computing platforms with AI models on which customers can build gen-AI apps. Instead of relying on the cloud, it seems to be working on ways to embed gen AI in its own devices, bolstering its ecosystem. Since 2017 it has been using homemade chip technology called neural engines to handle machine-learning and AI functions its gadgets use behind the scenes.\nIn late February it emerged that it was scrapping its ten-year project to build an Apple car and redirecting the engineers towards gen AI. No doubt it is moving up a gear—though not from an idle start', ""##number\n62\n##header\nBusiness\n##header\nThe Economist March 9th 2024\n##doc_title\nSchumpeter | Something's Cooking\nApple is right not to rush headlong into the generative-AI hypefest\n##image\n\nIf YOU THINK Tim Cook has always led a charmed life at the helm of Apple, think again. The years straight after the death of Steve Jobs in 2011 were a trial by fire. First there was antitrust: America's Department of Justice (DOJ) sued Apple for conspiring to fix e-book prices. Then there was competition: Samsung, a South Korean rival, went to war with the iPhone with bigger, sleeker models. Then came broader concerns. Apple's new voice assistant, Siri, made rookie errors. Ditto Apple Maps, which went as far as re-locating the Washington Monument to the Potomac river"", 'Then came broader concerns. Apple\'s new voice assistant, Siri, made rookie errors. Ditto Apple Maps, which went as far as re-locating the Washington Monument to the Potomac river. At the time, the question hanging over the company was existential: could Apple\'s creative spark survive the death of its founder? One of Mr Cook\'s lieutenants was so miffed at the criticisms that he publicly retorted in 2013: ""Can\'t innovate any more, my ass!""\nA decade or so later, Mr Cook may be feeling déjà vu. On all three counts—antitrust, Asian competition, the existential question of innovation and growth—there are parallels between then and now', 'In short, with its market value down by 10% since mid-December, and Microsoft, thanks to gen AI, vaulting past it to become the world’s most valuable company, sceptics wonder if Apple is now so dominant it has lost its mojo. So jaded is the narrative that many pay little heed to the buzz about the Vision Pro, Apple’s snazzy—though lavishly priced—mixed-reality headset. What hopes they have are pinned on the company’s annual developer conference in June, when they want Mr Cook to announce whizzy gen-AI upgrades proving that Apple can join the chatbot hypefest. That, though, is not how the company does things. Nor should it be.\nGo back to the threat from Samsung in Mr Cook’s early days']",iPhone 6,1.0,0.6863752383540159
如何确定BA的长度？,"['15. 如图，圆 O 与 x 轴的正半轴的交点为 A，点 C，B 在圆 O 上，且点 C 位于第一象限，点 B 的坐标为  $ \\left(\\frac{12}{13}, -\\frac{5}{13}\\right) $， $ \\angle AOC = \\alpha $。若  $ |BC| = 1 $，则  $ \\sqrt{3} \\cos^2 \\frac{\\alpha}{2} - \\sin \\frac{\\alpha}{2} \\cos \\frac{\\alpha}{2} - \\frac{\\sqrt{3}}{2} $ 的值为___。\n\n16. 如图，一个酒杯的内壁的轴截面是抛物线的一部分，杯口宽  $ 4\\sqrt{2} $ cm，杯深 8cm，称为抛物线酒杯。①在杯口放一个表面积为  $ 36\\pi cm^2 $ 的玻璃球，则球面上的点到杯底的最小距离为___ cm；②在杯内放入一个小的玻璃球，要使球触及酒杯底部，则玻璃球的半径的取值范围为___（单位：cm）。\n\n##image\n\n##image\n\n##paragraph_title\n三、解答题：共70分。解答应写出相应的文字说明、证明过程或者演算步骤。第17~21题为必考题，每个试题考生都必须作答，第22，23题为选考题，考生根据要求作答', '20    E. none of these\nWe separate two triangles and label each segment as shown in the figure.\nWe know that  $ \\Delta ABE = \\Delta ADC $.\nSo  $ \\frac{5}{3} = \\frac{x + 2}{6} \\Rightarrow x = 8. $\n##image\n\nSo  $ \\frac{5}{3} = \\frac{y}{x} = \\frac{y}{8} \\Rightarrow y = \\frac{40}{3} $.\n##display_formula\n $$ AB+DE=8+y=\\frac{40}{3}-6=\\frac{46}{3}. $$ \n##image\n\n##image\n\n $ \\underline{\\text{Example 8.}} $ A triangle with sides 9, 12 and 15 is similar to another triangle which has longest side 25. The area of the larger triangle is:\nA. 54 B. 96 C. 105 D. 210 E. 150.\n##number\n61', '##header\n知识点一\n1. 如图：四边形 ABCD 中，E、F 分别是 CD、AD 上的点，$\\angle ABC = \\angle ADC = 90^{\\circ}$ 且 $\\angle EBF = 45^{\\circ}$。猜想并证明线段 EF、CE、AF 之间的数量关系。\n备注：用旋转法和截长补短法两种方法证明。\n2. 如图：四边形 ABCD 中，E、F 分别是 CD、AD 上的点，\n $ \\angle ABC + \\angle ADC = 180^{\\circ} $ 且  $ \\angle EBF = 1/2 \\angle ABC^{\\circ} $ 。猜想并证明线段 EF\n、CE、AF 之间的数量关系。\n\n备注：用旋转法和截长补短法两种方法证明.\n2. 如图：等腰直角△ABC中，∠ABC=90°，E、F都是AC上的点，且∠EBF=45°，猜想并证明线段EF、CE、AF之间的数量关系。\n备注：用旋转法和截长补短法两种方法证明。\n##image\n\n##image\n\n##image', '##image\n\n##image\n\n##paragraph_title\n三、解答题：共70分。解答应写出相应的文字说明、证明过程或者演算步骤。第17~21题为必考题，每个试题考生都必须作答，第22，23题为选考题，考生根据要求作答。\n（一）必考题：共60分\n17.（12 分）如图，已知平面四边形 ABCD 中， $ AB = CD = 1 $\n（1）若  $ AD = \\sqrt{2} $， $ \\angle ADB = \\frac{\\pi}{4} $，求  $ \\triangle ABD $ 的面积；\n（2）若 BC = t， $ AD = \\sqrt{2}t $， $ \\angle C - \\angle A = \\frac{\\pi}{4} $，求 t 的最大值.\n##image\n\n18.（12分）如图，在正四棱锥 P-ABCD 中， $ PA=AB=2\\sqrt{2} $，E、F 分别为 PB、PD 的中点，平面 AEF 与棱 PC 的交点为 G.\n（1）求平面AEGF与平面ABCD所成锐二面角的正切值的大小；\n(2) 求  $ \\frac{CG}{PC} $ 的值.\n19.（12分）2020年9月22日，国家主席习近平在第七十五届联合国大会一般性辩论上发表重要讲话，指出要加快形成绿色发展方式和生活方式，建设生态文明和美丽地球。中国将提高国家自主贡献力度，采取更加有力的政策和措施，二氧化碳排放力争于2030年前达到峰值，努力争取2060年前实现碳中和。某企业为了响应中央号召，准备在企业周边区域内通过植树造林实现减碳，从某育苗基地随机采购了120株银杏树树苗进行栽种，测量树苗的高度，得到如下频率分布直方图，已知不同高度区间内树苗的售价区间如下表', '(2) 已知线段 a=2，线段 b=8，线段 c 是 a 和 b 的比例中项，则 c 等于（）\nA. 2\nB. 4\nC.  $ \\pm 4 $\nD. 8\n（3）一本书的宽与长之比是黄金比，书的宽为14cm，则它的长为（ ）cm.\nA.  $ 7\\sqrt{5}-7 $ B.  $ 7\\sqrt{5}+7 $ C.  $ 21-7\\sqrt{5} $ D.  $ 7\\sqrt{5}-21 $\n例 3 如图，在$\\triangle ABC$中，点$D,E$分别在$AB,AC$上，且$DE\\parallel BC$，$AD=1,BD=2$，那么$\\frac{AE}{AC}$的值为（）\n##image\n\nA. 1:2 B. 1:3 C. 1:4 D. 2:3\n##paragraph_title\n模块 2 相似三角形的性质\n##paragraph_title\n知识精讲\n##table\n<table><tr><td>定义</td><td>示例剖析</td></tr><tr><td>相似图形：形状相同的图形叫做相似图形.</td><td>两个正方形是相似图形.</td></tr><tr><td>相似多边形：两个边数相同的多边形，如果它们的角分别相等，边成比例，则这两个多边形叫做相似多边形.</td><td>放大后的图形和放大前的图形是相似多边形.</td></tr></table>']",根据参考内容，问题中提到的表达式为 $ \sqrt{3} \cos^2 \frac{\alpha}{2} - \sin \frac{\alpha}{2} \cos \frac{\alpha}{2} - \frac{\sqrt{3}}{2} $，但没有提供足够的信息直接计算该表达式的值。因此，无法根据参考内容中的信息得出该表达式的具体数值。,1.0,0.0
outgoing的形容词含义是什么？,"['real gold, a true story.\n82. respectful, respectable\n\nrespectful 尊敬，有礼貌的；respectable 可敬的，值得尊敬的.\nbe respectful to be the aged.\n83. outwards, outward\n二者均可用作副词，表示向外，外面；outward 还可用作形容词。\nan outward voyage.\n84. pleasant, pleased, pleasing\n\npleasant 常用作定语，pleased. pleasing 常用作表语，pleased 主语常为人.\n\npleasing 主语常为物. a pleasant trip. The trip is pleasing.\n85. understanding, understandable\n\nunderstanding 明白事理的，能体谅的；understandable 可理解的，能懂的。an understanding girl. an understandable mistake.\n##number\n22', ""之外)也,既.又\nat (prep) 在\nat all 完全，根本\n• It doesn’t matter at all.\naunt (n) 伯母,姑,婶,姨\nautumn (n) 秋季，秋天\naway (adv) 远离，离开\n• He's gone away.\n• It's two miles away.\n##paragraph_title\nB\nbaby (n) 婴儿\nback (n, adv & adj) 后背；向后地；后面的\nbad (adj) 坏的\nbag(n) 包\nball (n) 球，舞会\nbanana (n) 香蕉\nband (n) 带子，队，乐队\n• I changed my money in the bank.\nbarbecue (n) 烤肉\nbank (n) 银行，堤，岸\nbaseball (n) 棒球\nbasketball (n) 篮球\nbath (n) 洗澡，浴盆\nbathroom (n) 浴室\nbe (v) 是，有，在\nbeach (n) 海滩\nbear (n) 熊\nbeautiful(adj) 美丽的，漂亮的\nbecause (conj) 因为\nbecome (v) 变成，变得\nbed (n) 床\nbedroom (n) 卧室\nbefore (adv & prep) 以前，在.以前\nbegin (v) 开始\nbeginner (n) 初学者\nbehind (adv & prep) 在后面，在.之后\nbelieve (v) 相信\nbelong (v) 属于\nbelow (prep) 在.下面\nbelt (n) 带，腰带\nbetween (prep) 在"", ""##header\nNO.\nDate\na. sleeping. baby: The baby is asleep. I'm sleepy.\n77. gold, golden\n\ngold 指真金制品，golden 指金色的，但金鱼用 gold fish, a gold ring.\n78. most, mostly\nmost 用于表感受的肯定句中，相当于 very，当大部分、大多数解时是形容词或名词；mostly 大部分，是副词。most people, the people are mostly\n79. just, very\njust 表强调时是副词，作状语；very 表强调时是形容词，用作定语。\nthe very man, just the man.\n80. wide, broad\nwide侧重于一边到另一边的距离，broad侧重于幅面的宽广.broad shoulders.\n81. real, true\n\nreal 真的，真实的，指的是事实上存在而不是想象的；true 真的，真正的，指的是事实和实际情况相符合。real gold, a true story.\n82. respectful, respectable\n\nrespectful 尊敬，有礼貌的；respectable 可敬的，值得尊敬的.\nbe respectful to be the aged.\n83. outwards, outward\n二者均可用作副词，表示向外，外面；outward 还可用作形容词"", '##header\nNO.\nDate\nmurder n. 谋杀\nnative a. 本土的\nnaturally ad. 自然地\nnerous C. 紧张的\nne·ousness n. 神经过敏\nnomads n. 游牧部落\nnut n.坚果\nnutritious a. 有营养的\nobstacle n. 障碍\noperation n. 操作；经营；手术\nObit n. 运行轨道 vt. 环绕\norganize 1.组织\n0.nithologist n.鸟类学者\noutgoing adj.友善的，将离去的\noveracted adj. 行为夸张的\npartnership n. 合作\npatient a.耐心的 n.病人\npeacefully ad.和平地\npeanut n. 花生\nperfect vt.改善 a.完美的\nperform v. 执行，演出\nphone n. 电话 vt. 打电话\nphotography n. 摄影\nphysically ad. 体格上\npicture v.描绘\npollute.\npoison n. 毒药 vt. 毒害 powder n. 粉末，火药\n\npower n. 力量\npowerful a.强有力的\npractice v. 练习，实践\nprefer N. 更喜欢\npresident n. 总统，校长\npressure 1). 向…施压力 n. 压力\nprivate a.私人的\nproduce vt. 生产\nproducer n. 生产者\nproduction n. 产品，产量\nprogress n. 进步\nprompt n. 提示\nprotect v. 保护\nprotein n.蛋白质\nprove v4.证明 vi.结果是\npsychologist n. 心理学家\npunish v.惩罚\npurpose n. 目的\nradio V', '压力\nprivate a.私人的\nproduce vt. 生产\nproducer n. 生产者\nproduction n. 产品，产量\nprogress n. 进步\nprompt n. 提示\nprotect v. 保护\nprotein n.蛋白质\nprove v4.证明 vi.结果是\npsychologist n. 心理学家\npunish v.惩罚\npurpose n. 目的\nradio V.用无线电发射\nrainforest n. 雨林\nrate n. 比率, 速度 v. 评价\nraw a.生的，未加工的\nreference n. 证明人\nrefuse v.拒绝\n##number\n67']",友善的,0.5,0.0
哪家公司股东质押了6.58亿股公司股份？,"['##header_image\n\n##table\n<table><tr><td>10/28</td><td>中迪投资</td><td>公司及控股子公司对外担保余额为约8.71亿元，中迪投资实控人吴珺及控股股东润鸿富创拟为中美恒置业提供7.5亿元担保。</td></tr><tr><td>10/28</td><td>荣盛发展</td><td>公司为重庆荣乾房地产开发有限公司提供连带责任保证担保，保证担保总额不超过1.69亿元，担保期限不超过54个月。</td></tr><tr><td colspan=""3"">质押/解除质押</td></tr><tr><td>10/26</td><td>新湖中宝</td><td>股东新湖集团质押2000万股公司股份，占总股本0.23%。</td></tr><tr><td>10/28</td><td>万通发展</td><td>嘉华控股累计质押公司股份约6.58亿股，占其持股总数的99.77%，占公司总股本的32.06%。</td></tr><tr><td>10/28</td><td>荣盛发展</td><td>荣盛控股股份有限公司及其一致行动人荣盛建设工程有限公司质押荣盛发展股份5529.28万股，占公司总股本比例1.27%。</td></tr><tr><td colspan=""3"">其他公告</td></tr><tr><td>10/25</td><td>金地集团</td><td>澄清10月21日以来，网络流传“金地集团旗下公司非标融资展期、表外信托融资”等信息不实，严重损害金地集团的商业信誉。</td></tr><tr><td>10/25</td><td>瑞安房地产</td><td>附属持股公司将参与上海杨浦一地块开发，房地联动单价21万元', '</td></tr><tr><td>10/27</td><td>华夏幸福</td><td>华夏幸福现1笔大宗交易，共成交292.50万元。</td></tr><tr><td>10/27</td><td>中国武夷</td><td>子公司收回向股东提供财务资助款项。南平兆恒向股东中国武夷分配利润2750万元，用于抵减中国武夷向南平兆恒的借款，本次抵减后即视为借款合同项下的借款本息已结清。</td></tr><tr><td>10/27</td><td>电子城</td><td>参股公司在科创板IPO注册申请获中国证监会同意。</td></tr><tr><td>10/27</td><td>ST云城</td><td>公司为下属控股子公司提供2.37亿元担保。</td></tr><tr><td>10/27</td><td>旭辉控股集团</td><td>10月27日上午九时短暂停牌，以待刊发内幕消息。</td></tr><tr><td>10/28</td><td>新大正</td><td>公司向社会公开发行人民币普通股（A股）股票1791.06万股，发行价为每股人民币26.76元，共计募集资金4.79亿元。</td></tr></table>\n##vision_footnote\n资料来源：Wind，信达证券研发中心\n##footer\n请阅读最后一页免责声明及信息披露 http://www.cindasc.com\n##number\n12', '投资者应注意，在法律允许的情况下，本公司及其本公司的关联机构可能会持有报告中涉及的公司所发行的证券并进行交易，并可能为这些公司正在提供或争取提供投资银行、财务顾问和金融产品等各种金融服务。本公司及其本公司的关联机构或个人可能在本报告公开发布之前已经使用或了解其中的信息。\n本报告版权归“中泰证券股份有限公司”所有。未经事先本公司书面授权，任何人不得对本报告进行任何形式的发布、复制。如引用、刊发，需注明出处为“中泰证券研究所”，且不得对本报告进行有悖原意的删节或修改。\n##number\n3\n##footer\n请务必阅读正文之后的重要声明部分', '##header_image\n\n##header\n证券研究报告\n##figure_title\n表1：重点公司盈利预测及投资评级\n##table\n<table><tr><td rowspan=""2"">公司代码</td><td rowspan=""2"">公司名称</td><td rowspan=""2"">投资评级</td><td rowspan=""2"">昨收盘（元）</td><td rowspan=""2"">总市值（亿元）</td><td colspan=""2"">EPS</td><td colspan=""2"">PE</td></tr><tr><td>2022E</td><td>2023E</td><td>2022E</td><td>2023E</td></tr><tr><td>300012</td><td>华测检测</td><td>买入</td><td>20.79</td><td>349</td><td>0.56</td><td>0.69</td><td>37</td><td>30</td></tr><tr><td>688686</td><td>奥普特</td><td>买入</td><td>176.58</td><td>146</td><td>4.82</td><td>6.23</td><td>37</td><td>28</td></tr><tr><td>688188</td><td>柏楚电子</td><td>买入</td><td>284.00</td><td>295</td><td>6.57</td><td>8.97</td><td>43</td><td>32</td></tr><tr><td>601100</td><td>恒立液压</td><td>买入</td><td>49.70</td><td>649</td><td>2.08</td><td>2', '在任何情况下，本公司仅承诺以勤勉的职业态度，独立、客观地出具本报告以供投资者参考，但不就本报告中的任何内容对任何投资做出任何形式的承诺或担保。投资者应自行决策，自担投资风险。\n本报告版权归“华福证券有限责任公司”所有。本公司对本报告保留一切权利。除非另有书面显示，否则本报告中的所有材料的版权均属本公司。未经本公司事先书面授权，本报告的任何部分均不得以任何方式制作任何形式的拷贝、复印件或复制品，或再次分发给任何其他人，或以任何侵犯本公司版权的其他方式使用。未经授权的转载，本公司不承担任何转载责任。\n##paragraph_title\n特别声明\n投资者应注意，在法律许可的情况下，本公司及其本公司的关联机构可能会持有本报告中涉及的公司所发行的证券并进行交易，也可能为这些公司正在提供或争取提供投资银行、财务顾问和金融产品等各种金融服务。投资者请勿将本报告视为投资或其他决定的唯一参考依据']",万通发展,1.0,0.0
Which president issued Executive Order No.13166?,"['##paragraph_title\nExecutive Order No. 13166: Improving Access to Services for Persons with Limited English Proficiency (LEP)\nAugust 11, 2000: President Bill Clinton issued the Executive Order 13166.\nDesigned to improve access to federally conducted and federally assisted programs/activities for LEP persons\nFederal agencies were asked to develop and implement a system to provide LEP persons access to services.\nEach federal agency was asked to prepare a plan to improve access to LEP persons, and submit plans to the U.S. Department of Justice.\nExecutive Order charged the Department of Justice with the responsibility of providing LEP guidance to federal agencies', '” The order is effective under the Agricultural Marketing Agreement Act of 1937, as amended (7 U.S.C. 601–674), hereinafter referred to as the “Act.”\n\nUSDA is issuing this rule in\nconformance with Executive Order\n12866.\nThis rule has been reviewed under Executive Order 12988, Civil Justice Reform. Under the order provisions now in effect, final free and reserve percentages may be established for raisins acquired by handlers during the crop year. This rule continues to establish final free and reserve percentages for NS raisins for the 2003–04 crop year, which began August 1, 2003, and ends July 31, 2004. This rule will not preempt any State or local laws, regulations, or policies, unless they present an irreconcilable conflict with this rule', '全国粮食生产大户\n梁仲科 甘肃省农牧厅\n刘祎鸿 甘肃省农业技术推广总站\n刘健 甘肃省农业节水与土壤肥料管理总站\n马宗明 临夏回族自治州广河县县委\n燕胜三 定西市通渭县县委\n##paragraph_title\n天津市\n张文武 房山区石楼镇二站村  \n陈向阳 密云县河南寨镇北单家庄\n董文森 宁河县芦台镇北新区银河花园  \n李永军 宝坻区八门城镇欢喜庄村\n辛俊银 唐山市玉田县杨家板桥镇辛庄户村\n李全友 唐山市唐海县第十农场李八廒生产队\n郭井珍 承德市隆化县张三营镇河东村\n贾连海 衡水市景县龙华镇贾吕村\n卢志敏 唐山市丰南区西葛镇东尖坨三村\n李久合 唐山市丰南区大新庄镇芝麻坨村\n赵砚波 廊坊市霸州市霸州乡赵家庄村\n孙连久 唐山市唐海县第八农场小戟门村\n闫风建 邯郸市馆陶县柴堡镇东广才村\n刘永利 廊坊市文安县文安镇三村\n崔军学 邢台市宁晋县苏家庄乡段木庄村\n张立军 邢台市宁晋县凤凰镇孟村\n邱振京 邢台市内丘县内丘乡东庞前街村\n连增根 邢台市柏乡县原种场\n苗永智 衡水市武邑县审坡镇苗小庄村\n周新房 石家庄市正定县曲阳桥乡高平村\n单国学 承德市围场满族蒙古族自治县御道口乡御\n郑树军 张家口市宣化县沙岭子镇南兴渠村\n赵东霞 邢台市临城县临城镇黑沙二村\n于皂有 邢台市宁晋县大陆村镇常家庄一村\n钱桂增 承德市平泉县党坝镇大吉口村\n刘计东 邢台市柏乡县王家庄乡小里村\n赵之飞 唐山市唐海县唐海乡东辛庄村\n张献军 邯郸市馆陶县南徐村乡西马兰村\n刘海军 张家口市怀安县原种场\n王现辉 邢台市巨鹿县原种场\n赵希忠 秦皇岛市昌黎县刘台庄镇高坨村\n##paragraph_title\n山西省\n于会怀 沈阳市辽中县六间房乡许家村  \n周文江 锦州市北镇市柳家乡东青村  \n宋艳辉 锦州市黑山县常兴镇八旗村  \n张爱忠 沈阳市沈北新区兴隆台锡伯族镇兴隆台村  \n赵国清 铁岭市昌图县大兴乡陈家村', '谁带着泡泡旅行呢', ""The conflict in Manipur was stirred by one such rivalry. The government in Delhi has sometimes intervened brutally. In 1966 India’s then prime minister, Indira Gandhi, ordered air strikes on the city of Aizawl, in what is now Mizoram, to quell a secessionist uprising. Perhaps unsurprisingly, many north-easterners feel little allegiance to India; other Indians tend to look on them suspiciously.\n\nRecent governments have tried to woo the region with peacemaking and development. Yet as India's growth rate has picked up, the disparity between the north-east and elsewhere has increased. The region's share of GDP fell from 3.1% in 1991 to 2.6% in 2011. Mr Modi, in power since 2014, has sought to tackle this""]",President Bill Clinton issued Executive Order No. 13166.,1.0,0.9912794774800409
连锁药店店员需要接受什么培训？,"['##paragraph_title\n技术投入的增加，将带来科技类财税优惠机会\n##header_image\n\n转型 “OMO模式 “，线下连锁教培机构需在教务/教学系统、学员管理系统、监课系统等方面新增技术开发和软件相关投入，需擅用科技类财税优惠政策\n##paragraph_title\n外采第三方技术支持平台\n• 增加对软件和技术服务的采购\n✓ 采购端增加大量采购后，可能改变企业的增值税实际税负率\n✓ 需重新评估增值税计税方式：一般计税方式还是简易征收方式？\n- 外采平台的稳定性，以及对上课效果和服务质量的影响\n• 提高老师的在线授课技能\n##paragraph_title\n外采\n##paragraph_title\n自研\n线上化采取的不同技术投入方式，如何与现有的核心业务更好的结合？\n##paragraph_title\n开发自有技术支持平台\n- 增设技术研发部（产品组、技术组、测试组等）\n- 擅用科技类相关的财税优惠政策，提高税务效率\n✓ 研发费用加计扣除（包括委托开发研发费用加计扣除）\n✓ 高新技术企业\n• 重视线上运营\n- 提高老师的在线授课技能\n##footer\n中国连锁经营协会 China Chain Store & Franchise Association\n##footer\n© 2020 毕马威企业咨询(中国)有限公司 — 中国外商独资企业，是与瑞士实体 — 毕马威国际合作组织（""毕马威国际""）相关联的独立成员所网络中的成员。版权所有，不得转载。中国印刷。\n##number\n16', '从那时开始他整日与鸡为伴，上料、喂水、防疫，单调乏味\n刘玉温 王联合\n##doc_title\n任城区“阳光培训”\n助推农民工创业就业\n12月14日，山东省济宁市任城区举办的“艳阳工程”第三期技能培训班在该区石桥镇圆满结束。200人参加了涉及电脑、市场营销、电气焊三个专业的技能培训，通过了培训结业考试。自此，该区举办的三期“艳阳工程”技能培训班全部结束。其中，137名农民工拿到了高级证书，63名农民工拿到了中级证书，158人取得了初级证书。\n今年以来，任城区把农民工技能培训作为大事来抓，投资300余万元在各镇（街道）驻地建设完善了培训基地。以现有教育培训机构为主渠道，发挥多种教育培训资源的作用，积极引导鼓励教育培训机构与人力资源开发机构建立合作伙伴关系，通过签订培训订单或创业协议，约定双方责任和权益，实现培训与创业的良性互动。先后举办农村绿色证书、农村干部和农村后备干部培训班、农业技术培训班、农村富余劳动力职业技能培训班等50余班次。共发放绿色证书5000人次、培训农村干部300人次、农村后备干部1000人次，培训农业技术人员10000余人次，农村富余劳动力职业技能培训5000人次。\n\n上半年，随着该区石桥镇万亩荷花生态园的不断完善，餐饮服务业用工需求加大，石桥镇大力开展了餐饮、礼仪服务等订单培训，实现就地安置200余名农民工。\n目前，该区“艳阳工程”三期培训班400名农民工，已经在计算机、电气焊、车工、电工等专业上提高了实用技能，获得了国家承认的专业证书，增强了创业就业的资本。\n王世友 朱丽芳 李齐白\n近年来，该区还对贫困家庭子女实施技能扶贫，让其免费到技工学校参加技能培训，先后选拔500多名贫困生进入了扶贫技校进行学习，每人补贴70~220元，已培训8000余人次', 'cn</td></tr><tr><td>崔露文</td><td>销售经理</td><td>15642960315</td><td>15642960315</td><td>clw@swsc.com.cn</td></tr><tr><td>王昕宇</td><td>销售经理</td><td>17751018376</td><td>17751018376</td><td>wangxy@swsc.com.cn</td></tr><tr><td>薛世宇</td><td>销售经理</td><td>18502146429</td><td>18502146429</td><td>xsy@swsc.com.cn</td></tr><tr><td>汪艺</td><td>销售经理</td><td>13127920536</td><td>13127920536</td><td>wyyf@swsc.com.cn</td></tr><tr><td>岑宇婷</td><td>销售经理</td><td>18616243268</td><td>18616243268</td><td>cyryf@swsc.com.cn</td></tr><tr><td>张玉梅</td><td>销售经理</td><td>18957157330</td><td>18957157330</td><td>zymyf@swsc.com.cn</td></tr><tr><td>陈阳阳</td><td>销售经理</td><td>17863111858</td><td>17863111858</td><td>cyyyf@swsc.com.cn</td></tr><tr><td>李煜</td><td>销售经理</td><td>18801732511</td><td>18801732511</td><td>yfliyu@swsc.com', '目前，该区“艳阳工程”三期培训班400名农民工，已经在计算机、电气焊、车工、电工等专业上提高了实用技能，获得了国家承认的专业证书，增强了创业就业的资本。\n王世友 朱丽芳 李齐白\n近年来，该区还对贫困家庭子女实施技能扶贫，让其免费到技工学校参加技能培训，先后选拔500多名贫困生进入了扶贫技校进行学习，每人补贴70~220元，已培训8000余人次。对获得高级证书和中级证书的学员，政府再分别给予1600元和800元的培训补贴，提高了农民工参加技能培训的积极性。\n##doc_title\n叙永县:矿山农民工有养老保险\n日前，四川省叙永县出台文件，要求矿山企业必须为农民工办理养老保险。\n近年来，叙永县社保工作得到长足发展，但矿山企业农民工的社会保障却是一个空白，大部分在矿山企业工作的农民工，基本上没有参加养老保险。为维护矿山企业职工的合法权益，扩大社会保险覆盖面，该县采取多种措施，促进矿山企业为农民工办理养老保险。\n\n据叙永县社保局有关人员介绍，该县建立了劳动监督制度，从检查评估、稽核工作入手，加大对养老保险政策的宣传力度，同时，要求各矿山企业必须为农民工购买养老保险，并出台相关优惠政策，调动矿山企业为农民工缴纳养老保险费的积极性。截至目前，县里已有11家矿山企业为698名农民工办理了养老保险。曾同海\n的工作，黄治东一干就是6年。打工开始之时，黄治东只是想把自身工作干好，干着干着，他对养鸡的兴趣越来越浓。随之，再苦也就不觉其苦，黄治东把全部精力都投入到养鸡之中。黄治东回顾说：当饲养员确实很艰辛，寒冬腊月，每天往返奔波于零下10多度的室外和零上20多度的鸡舍，骤变的温差和终日的操劳，常常使人的体力严重透支。疲劳过度的他，一次上厕所，竟然晕倒了。当他跌跌撞撞回到鸡舍后，四肢瘫软失去了知觉，醒来后他才知道自己在医院里已经昏迷了整整三天三夜', 'In the intervening years, nurse practitioners, pharmacists and other health professionals have been granted new authorities to order tests, prescribe medications and provide other services that would otherwise come from a primary-care physician. But they have been left in a grey area that allows them to operate as both public and private providers in a way physicians are barred from.\n\nMark Holland, the Health Minister since July, 2023, has continued to promise legal clarity, but a letter has so far not been released.\nOn Tuesday after Prime Minis-\nWhenever we have\nproviders that are\nusing out-of-pocket,\nor private pay\noptions, they are\nbeing pulled out of\nthe public system to\nprovide that service.\n\n##image\n\nDR']",连锁药店店员需要接受技能培训，以提高实用技能并获得国家承认的专业证书，从而增强创业就业的资本。,0.75,0.9168181125948686
What is the name of the sitcom created by Mike Scully and Julie Thacker-Scully?,"['PROVIDED BY MIKE TAING/DISNEY\n“Gears” (Wednesdays, 8 EST/PST, ★★☆☆), created by Mike Scully and Julie Thacker-Scully (“The Simpsons”), is neither original nor exciting; It’s an unchallenging and not very funny package of generational stereotypes and grating banter between Allen and Dennings. The two episodes made available for review feature dialogue so bland it could have been written by AI. They lack excitement in any way, but are not so achingly terrible they offend the senses. And considering both Allen’s track record and the recent spate of deeply disappointing multi-camera sitcoms on broadcast TV, that’s actually an achievement. Expectations are everything.\n\nThis series finds Allen as Matt, a wid-\nower, everyman and possessor of Fox\nNews opinions', 'Yes, eight years after the network canceled his last sitcom of the same genre, “Last Man Standing” (later picked up by Fox, where it ran until 2021), Allen is back on ABC. And now, instead of playing an overwrought patriarch working at an outdoorsy company battling with a wife and daughters, he’s an overwrought patriarch who owns a classic car shop and battles one daughter, played by Kat Dennings. So different!\n##vision_footnote\nTim Allen is Matt, a widower and owner of a classic car restoration shop, who gets a brave new reality when his daughter Riley (Kat Dennings) is forced to move back home with her two kids', 'Expectations are everything.\n\nThis series finds Allen as Matt, a wid-\nower, everyman and possessor of Fox\nNews opinions. His quiet life is turned\nupside down (a sitcom must) when his\ndaughter Riley (Dennings) moves back\n\nSee SHIFTING GEARS, Page 2D', '“It’s inside me; it’s deeply rooted in truth. Just last night, my mom sent me a whole slew of images: some from ‘The Pianist,’ some from my grandfather, some with my father holding me as a boy. It’s all there: all the lives that I’ve lived and chapters in my life.”\n##image\n\n##vision_footnote\n“The Brutalist” star is an Oscar front-runner after winning the best drama actor award at the Golden Globes. DAN MACMEDAN/USA TODAY\n##paragraph_title\nBrody recalls ‘painful’ experience of making ‘The Pianist’\nas he and his wife Erzsébet (Felicity Jones) attempt to forge a new life, they are constantly exploited and reminded they are “other.”\n“Brutalist” spans several decades, beginning as László lands in Pennsylvania after World War II, where he shovels coal and bunks in his cousin’s storage closet', ""America. Even in spite of assimilating and becoming Americans, you’re still a foreigner.”\n\nFor Corbet, casting Brody was “very clear because of his family history,” the director says. What’s more, “he just felt so incredibly emotionally available; so graceful and so pained. I mean, he really just wore his heart on his sleeve.”\nWith his angular features and searching eyes, Brody has been a\nSee BRODY, Page 2D\nTV PREVIEW\n##doc_title\nTim Allen's 'Shifting Gears' seems stuck in neutral\nKelly Lawler USA TODAY\n##image\n\nThe best thing I can say about “Shifting Gears,” ABC’s new Tim Allen-rants-about-woke-stuff-he-hates sit-com, is that I thought it would be a lot worse than it is""]","""Shifting Gears""",1.0,0.3938411873878243
What is the title of the study by Fukasawa and Mortalin?,"['Li, M.F. Wilkinson, Site-directed mutagenesis: a two-step method using PCR and DpnI, Biotechniques 23 (1997) 588–590.\n##reference_content\n[8] Z. Ma, H. Izumi, M. Kanai, Y. Kabuyama, N.G. Ahn, K. Fukasawa, Mortalin controls centrosome duplication via modulating centrosomal localization of p53, Oncogene 39 (2006) 5377–5390.\n##reference_content\n[9] Z. Ma, M. Kanai, K. Kawamura, K. Kaibuchi, K. Ye, K. Fukasawa, Interaction between ROCK II and nucleophosmin/B23 in the regulation of centrosome duplication, Mol. Cell Biol. 23 (2006) 9016–9034', ""'s 1982 experiment. Future experiments, based on Josephson junctions that operate in the THz region [20,21], could thus help to clarify whether this cutoff exists and whether the dark energy of the universe is related to the vacuum fluctuations that play a role in the Josephson junction experiments.\n##paragraph_title\n2. Estimating a cutoff frequency for zero-point fluctuations\nIf Planck [1] and Nernst [3] had used the relation  $ \\rho(\\nu, T) = 8\\pi h\\nu^2\\bar{U}(\\nu, T)/c^3 $, then instead of Eq. (2) they would have obtained\n\n##display_formula\n $$ \\begin{align*}\\rho(\\nu,T)=&\\frac{8\\pi\\nu^{2}}{c^{3}}\\Bigg[\\frac{1}{2}h\\nu+\\frac{h\\nu}{\\exp(h\\nu/kT)-1}\\Bigg]\\\\=&\\frac{4\\pi h\\nu^{3}}{c^{3}}\\Bigg[1+\\frac{2}{\\exp(h\\nu/kT)-1}\\Bigg]\\\\=&\\frac{4\\pi h\\nu^{3}}{c^{3}}\\coth\\Bigg(\\frac{h\\nu}{kT}\\Bigg)"", 'Stress and Health 19, 163–171.\n##reference_content\nRoquelaure, Y., Mechali, S., Dano, C., Fanello, S., Benetti, F., Bureau, D., Mariel, J., Martin, Y.-H., Derriennic, F., Penneau-Fontbonne, D.\n##reference_content\n1997. Occupational and personal risk factors for carpel tunnel syndrome in industrial workers. Scandinavian Journal of Work, Environment & Health 23, 364–369.\n##reference_content\nSluiter, J.K., Rest, K.M., Frings-Dresen, M.H.W., 2001. Criteria document evaluating work-relatedness of upper extremity musculoskeletal disorders. Scandinavian Journal of Work, Environment & Health 27 (Suppl. 1), 1–102.\n##reference_content\nStäl, M., Hansson, G.-Å., Moritz, U., 2000. Upper extremity muscular load during machine milking. International Journal of Industrial Ergonomics 26, 9–17', '1), 1–102.\n##reference_content\nStäl, M., Hansson, G.-Å., Moritz, U., 2000. Upper extremity muscular load during machine milking. International Journal of Industrial Ergonomics 26, 9–17.\n##reference_content\nStäl, M., Pinzke, S., Hansson, G.-H., Kolstrup, C., 2003. Highly repetitive work operations in a modern milking system. A case study of wrist positions and movements in a rotary system. Annals of Agricultural and Environmental Medicine 10, 67–72.\n##reference_content\nToomingas, A., 1998. Methods for evaluating work-related musculoskeletal neck and upper-extremity disorders in epidemiological studies. Doctoral Thesis, National Institute of Working Life, Stockholm. http://ebib.arbetslivsinstitutet.se/ah/1998/ah1998_06\n##reference_content\nUnge Byström, J., Hansson, G.-A., Rylander, L', ""Our hypothesis is that the signature of zero-point fluctuations measured by Koch et al. imply a non-vanishing vacuum energy density in the universe. This vacuum energy would have large scale gravitational effects, and cannot exceed the measured dark energy density of the universe as determined in astronomical measurements [16,17]. On this basis we predict a cutoff frequency ( $ \\nu_{c} $) for the zero-point fluctuations in Josephson junction experiments, which is only slightly larger than the maximum frequency  $ \\nu_{max} $ reached in Koch et al.'s 1982 experiment""]","The title of the study by Fukasawa and Mortalin is ""Mortalin controls centrosome duplication via modulating centrosomal localization of p53.""",1.0,0.9999999999996373
What is the name of the smart media speaker launched by Sber?,"['Another indicator of service relevance is the fact that over 4.25 million clients have subscribed to SberPrime, which provides discounts on our products.\nOn top of that, we launched our own smart devices: SberBox Time, a 3-in-1 smart media speaker that is one-of-a-kind in its category and features the Salute virtual assistant family. We presented Russia’s all-new high-performance supercomputer Christofari Neo, which enables you to bring computing speeds to the next level, unlocking new opportunities for us to implement breakthrough services and products with cutting-edge technology', 'While relying on an impressive consumer base of 104 million, Sber is aiming to diversify further into a new demographic of Gen Z users with a new digital services offering. The number of SberBank Online users exceeded 73 million in December 2021.\nSber’s ecosystem provides customers with an immense range of digital services for various tasks and in various areas. Clients come to us to open an account, buy shares, insure property, watch movies, listen to music, call a taxi, consult a doctor online, and much, much more. They expect us to provide products driven by the latest trends. It is important to them that the company’s products are modern and, at the same time, organic and convenient. This is precisely the kind of services Sber offers', '##doc_title\nInterview with Vladislav Kreynin.\n##image\n\n##vision_footnote\nVladislav Kreynin\nSenior Vice President and\nDirector of the Marketing\nand Communications\nDepartment,\nSber\n##paragraph_title\nHow has Sber managed to maintain its leading position in terms of both value and brand strength for so many years?\nOver a year ago, we rebranded as Sber. We are constantly improving and developing. Sber is not only the largest bank in Russia and in Central and Eastern Europe today, but we are also the top technology company in Russia and a leader behind the digitalisation of the national economy. While relying on an impressive consumer base of 104 million, Sber is aiming to diversify further into a new demographic of Gen Z users with a new digital services offering', 'We work relentlessly to create services that are relevant and try to anticipate our clients’ needs so they keep coming back to us, knowing that we can resolve their problems. Through investments in logistics operations, Sber subscriptions, the SberSpasibo loyalty program, Sber financial services, voice assistants, seamless authentication using Sber ID, we are creating a unique experience where clients can use services from different companies in one ecosystem.\nWe strive to put Sber’s digital competencies at the service of people and society through the implementation and adoption of high-tech health services. Let me start with SberHealth. The company is showing dynamic growth and has over 14 million clients. Approximately 1', 'It is important to them that the company’s products are modern and, at the same time, organic and convenient. This is precisely the kind of services Sber offers. A seamless customer journey and high-quality services – all these elements undoubtedly contribute to our excellent reputation and brand awareness among clients.\n##paragraph_title\nCould you tell us more about your achievements in 2021?\nIn today’s world, clients need to be able to benefit from several services in one place, in as little time as possible. The quality of the services needs to be excellent. We work relentlessly to create services that are relevant and try to anticipate our clients’ needs so they keep coming back to us, knowing that we can resolve their problems']",The name of the smart media speaker launched by Sber is SberBox Time.,1.0,0.9999999999997478
What did Coinbase CEO Brian Armstrong say about working with Biden-era officials?,"['##image\n\n##doc_title\nLaw Firms\nPrepare for\nTrump\n##vision_footnote\nCoinbase CEO Brian Armstrong said his company wouldn’t work with any firm that hires certain Biden-era regulators.\nContinued from page B1\ntrade adviser\nTop firms across the U.S. are also bracing for major changes in the antitrust landscape. President Biden appointed officials, including Federal Trade Commission Chair Lina Khan, who sought to increase enforcement to levels not seen in decades. That created a lucrative environment for antitrust lawyers as companies struggled to secure government clearance for a range of proposed mergers and acquisitions.\nTrump’s new administration likely means a more hands-off approach, which in some ways could reduce the windfall for antitrust litigators and counselors', 'The group helps employers “lower the temperature” around hot-button social and political issues, Almon said.\n##vision_footnote\nMICHAEL NAGLE/BLOOMBERG NEWS\nLaw firm Gibson Dunn has built a specialty out of country selling companies that have implemented policies and programs designed to promote diversity and inclu-\nus to help our clients navigate this in a thoughtful, practical and legally defensible way,"" said firm partner Jason Schwartz.\nFirms themselves also face political challenges. One early example came in December, when Coinbase CEO Brian Armstrong said his company wouldn’t work with anyone who hires Biden-era officials\n##paragraph_title\nTop firms are bracing for major changes in the antitrust landscape.\nsion in the workplace', '“The cost of doing business in NYC is significant,” he said.\n\nCity and state transportation officials say truckers can reduce costs by delivering overnight. The congestion toll for heavy-duty trucks drops to $5.40 during off-peak hours.\nCarriers say they already have plenty of incentives to deliver overnight.\nTraffic is lighter and curb space is available. But they say many customers can’t accept overnight deliveries because they don’t have overnight staff or a secure location for unattended deliveries.\n“It’s just another tax and another cost of doing business in the Big Apple,” Luciani said.\n##image\n\n##doc_title\nLaw Firms\nPrepare for\nTrump\n##vision_footnote\nCoinbase CEO Brian Armstrong said his company wouldn’t work with any firm that hires certain Biden-era regulators', 'sion in the workplace. Such initiatives have been under increasing fire since the Supreme Court in 2023 ended affirmative action in higher education. Trump’s election turns up the heat even more because he has campaigned against such initiatives.\n“We’re definitely seeing and anticipating increased demand and opportunities for\nwho were part\nof the adminis-\ntration’s ag-\ngressive en-\nfor c e m e n t\nefforts against\ncrypto compa-\nnies. And he\nsingled out law\nfirm Milbank\nby name for\nhiring the Se-\ncurities and\nExchange Commission’s recent enforcement director.\n“Let your law firms know that hiring these folks means losing you as a client,” Armstrong wrote on X.\nMilbank didn’t respond to a request for comment', 'Trump’s victory—and the policy upheavals that come with it—only adds to that pressure.\n“If law firms haven’t invested in the regulatory space, it may be too late to recruit top talent,” said Yvette Ostolaza, chair of Sidley Austin’s management committee.\n##image\n\n##vision_footnote\nScan this code for a video on conservative activist Robby Starbuck, who claims success for pushing public companies to change or abandon DEI and LGBTQ policies. WSJ looks at how he and his team do their work.\n##vision_footnote\nALEXANDER HOTZ\n##doc_title\nAnthropic\nValue Hits\n$60 Billion\nContinued from page B1\nlic stance in favor of robust safety testing for its technology out of concern AI could be misused or unintentionally cause catastrophic harm to humanity']",Coinbase CEO Brian Armstrong said his company wouldn't work with anyone who hires Biden-era officials.,0.6666666666666666,0.966898432271137
How long did Nedda take to run one mile?,"['Kenji, a student in the class, ran 1 mile in 8.5 minutes. A high school class ran one mile with a mean of seven minutes and a standard deviation of four minutes. Nedda, a student in the class, ran one mile in eight minutes.\na. Why is Kenji considered a better runner than Nedda, even though Nedda ran faster than he?\nb. Who is the fastest runner with respect to his or her class? Explain why.\n##footer\nThis OpenStax book is available for free at http://cnx.org/content/col11562/1.18', '根据记录表，跑步的符号是“□”，表格的第一周中有三个“□”，即有3天进行了跑步运动。\n##paragraph_title\n3 【答案】②\n【解析】本题考查学生阅读表格的能力。李乐乐制订计划的时间是5月1日，选项①的说法错误；根据表格的符号，李乐乐在第一周中安排了跑步、跳绳、游泳、打篮球共4种不同的体育运动，选项③的说法错误。选项②的说法正确。\n##paragraph_title\n第四篇 我们都是好孩子\n##paragraph_title\n选文 49 都是好孩子\n##paragraph_title\n1 【答案】辫 sǎo 钉 dōu\n【解析】本题考查学生对字音字义的识记能力。辨别同音形近字时，要结合形旁表义的特点去分析用哪个字；对于多音字，要注意积累多音字在不同的意思中的读音。\n##paragraph_title\n2 【答案】捡 梳 叠\n【解析】本题考查学生看图识字的能力。仔细观察图片，先在文中找一找有没有合适的动词，再结合生活经验填一填。\n##paragraph_title\n3 【答案】\n##image\n\n【解析】本题考查学生理解短文内容的能力。根据“张家有个小胖子，自己穿衣穿袜子”“王家有个小妮子，找了钉子找锤子，修好课桌修椅子”“周家有个小豆子，拾到一个皮夹子，还给后院大婶子”三句话来连线。\n##paragraph_title\n4 【答案】穿 扫 拖\n【解析】本题考查学生读懂图画的能力。第一幅图，小男孩手的动作是往里拉，所以他在穿衣服；第二幅图，小朋友们拿的是扫把，做“扫”的动作；第三幅图，小男孩拿的是拖把，所以他在拖地。\n##paragraph_title\n选文 50 靠自己\n##paragraph_title\n1 【答案】轻 软 伤害\n【解析】本题考查学生对反义词的认知能力。反义词是意思相反的词语。我们先理解所给词语的意思，再结合生活经验写出意思相反的词语', 'The mean cost for a guitar is $500 with a standard deviation of $200. The mean cost for drums is $700 with a standard deviation of $100. Which cost is the lowest, when compared to other instruments of the same type? Which cost is the highest when compared to other instruments of the same type. Justify your answer.\n105. An elementary school class ran one mile with a mean of 11 minutes and a standard deviation of three minutes. Rachel, a student in the class, ran one mile in eight minutes. A junior high school class ran one mile with a mean of nine minutes and a standard deviation of two minutes. Kenji, a student in the class, ran 1 mile in 8.5 minutes. A high school class ran one mile with a mean of seven minutes and a standard deviation of four minutes', '##header\n58 DAILY MIRROR WEDNESDAY 08.01.2025\n##header\nARSENAL 0 NEWCASTLE UNITED 2\n##doc_title\nON HOWAY TO\n##paragraph_title\nARSENAL\nRaya. 5\nLewis-Skelly. 7\nGabriel. 6\nSaliba. 6\nTimber. 5\nPartey. 5\nRice. 6\nTrossard. 5\nOdegaard. 6\nMartinelli. 5\nHavertz. 5\nJorginho (Partey 59).6\nGabriel Jesus (Trossard 59).5\nZinchenko (Lewis-Skelly 78)\n##image\n\nDubravka.7\nHall.7\nBurn.7\nBotman.7\nLivramento.7\nJoelinton BOOKED.7\nTonali.7\nWillock.7\nGordon BOOKED.7\nMurphy.7\nIsak.8\nLongstaff (Willock 65).6\nKelly (Murphy 65).6\nBarnes (Isak 65).6\nAlmiron (Gordon 76)\n##image\n\nALEXANDER ISAK\nScored one, had a hand in\nthe other\n##paragraph_title\nNEXT THREE.\n##image\n\nFROM BACK PAGE\nthat the different Puma match ball in the competition played a part because it is different to what they are used to in the Premier League', 'T</td><td>-12/-16</td><td>SN</td><td>-12/-19</td><td>PC</td><td>-13/-17</td><td>SN</td></tr><tr><td>JASPER</td><td>1/-11</td><td>PC</td><td>-1/-4</td><td>PC</td><td>1/-7</td><td>SN</td></tr><tr><td>KELOWNA</td><td>3/-3</td><td>S</td><td>2/-1</td><td>PC</td><td>2/-2</td><td>RS</td></tr><tr><td>KINGSTON</td><td>-9/-12</td><td>PC</td><td>-5/-11</td><td>SN</td><td>-5/-7</td><td>S</td></tr><tr><td>LONDON</td><td>-7/-12</td><td>SN</td><td>-5/-11</td><td>PC</td><td>4/-7</td><td>PC</td></tr><tr><td>MONTRÉAL</td><td>-10/-11</td><td>SN</td><td>-4/-9</td><td>SN</td><td>-7/-11</td><td>PC</td></tr><tr><td>NIAGARA']",Nedda took 8 minutes to run one mile.,1.0,0.9976949791735338
What event in 2000 influenced her opinion on the Florida recount?,"['Abortion was the prime example. Eight years before she joined the court, Roe v Wade had become the law of the land. Twice, as the casting vote, she could have overturned it. But she did not. Personally, she found it repugnant; but at her age, 60 or so, she was not about to face an unwanted pregnancy. How could she cause distress to a young woman who was?\nStates had to be free, too, to run their own affairs. Her time in the Arizona Senate convinced her to trust their officers. But a notable exception came with the hair\'s-breadth presidential election of 2000, when her opinion that Florida\'s recount should stop put George Bush junior in the White House. As a Republican, she felt awkward; perhaps the court should have said ""We\'re not going to take it, goodbye!"" to that case', 'As a Republican, she felt awkward; perhaps the court should have said ""We\'re not going to take it, goodbye!"" to that case. But then again, the recount was a shambles that contravened the equal-protection clause.\nThis was possibly the trickiest moment of her long legal career. She could think of others, though. Her failed attempt to run her own little law firm in the suburbs of Phoenix, while being a mother and a housewife. The time when the Arizona attorney-general, having no idea what to do with a woman, sent her to work in the state mental hospital. (Undeterred, she set up legal aid for the patients.) The time when, asking her first question from the Supreme Court bench, her light voice barely made itself heard.\nEventually, however, her questions rang out loud and clear. Lawyers quailed', ""She admitted to falling under the spell of Thurgood Marshall, the court's first black justice, and the stories of racial suffering he told, in his ringing voice, at the conference table. She had not heard that sort of talk in Arizona.\nHer opinions were written narrowly, because she always bore in mind the effect of her decisions on ordinary people. Unlike most other justices, she had been a politician, serving in the Arizona Senate. She therefore knew that, on the ground, legal rulings could prove intolerable. Abortion was the prime example. Eight years before she joined the court, Roe v Wade had become the law of the land. Twice, as the casting vote, she could have overturned it. But she did not"", 'Not all ""crises"", she wrote, were real. Crises were when a ranch-hand was badly hurt, with no medical help for miles. Crises were when a windmill stopped pumping water. By contrast, her cases involved a potential injustice that needed long consideration.\nIn doing so, she sometimes had to adjust her own beliefs. Several cases involved affirmative action, which she instinctively disliked. She ruled against it in a gerrymandering case, because the equal-protection clause protected persons, not groups; she ruled for it in university admissions, because it encouraged diversity in work and civic life. She admitted to falling under the spell of Thurgood Marshall, the court\'s first black justice, and the stories of racial suffering he told, in his ringing voice, at the conference table', ""She left Stanford Law in 1952, third in her class, to find no law firm would hire her. Only one would even interview a female; at the end, rejected again, she was asked how well she could type. But she was determined to practise law, no matter what. She took a first post without pay, became assistant to Arizona's attorney-general, and rose to be an appeals court judge. Not the deepest legal preparation, but enough.\n\nThough the tag was annoying, the role of swing vote was ideal for her. She had no ideology to speak of. As a longtime Republican, she approved of small government, remembering how her father had been driven mad by far-off paper-pushers in Washington. She also tolerated guns well. But no grand vision, save reverence for the Framers, coloured her decisions""]","The 2000 presidential election in Florida, where she believed the recount should have stopped, influenced her opinion on the Florida recount.",1.0,0.9499958964618337
为什么人们更信任能力差一些却足够敬业的人？,"['但是，在更高的层面上，两者又是和谐统一的——公司需要敬业和有能力的员工，业务才能进行；员工必须依赖公司的业务平台才能获得物质报酬和满足才能施展及精神需求。因此，双方实为相互依存的整体。\n敬业是职场中最应值得重视的美德。只有每个员工敬业，才能发挥出团队的力量，才能拧成一股绳，劲儿往一处使，推动企业走向成功。一个公司的生存依靠少数员工的能力和智慧，但更需要绝大多数员工的敬业和勤奋。\n老板在用人时不仅仅看重个人能力，更看重个人品质，而品质中最关键的就是忠诚度。在这个世界上，并不缺乏有能力的人，那种既有能力又忠诚的人才是每一个企业企求的理想人才。人们宁愿信任一个能力差一些却足够敬业的人，而不愿重用一个朝三暮四、视敬业为无物的人，哪怕他能力非凡。如果你是老板，你肯定也会这样做。\n当你的敬业精神增加一分,别人对你的尊敬也会增加一分。不管你的能力如何,老板会乐意在你身上投资,给你培训的机会,提高你的技能。因为他认为,你是值得他信赖和培养的。因为他相信,当公司面临危难的时候,你会和公司同舟共济。\n老板是人，也有缺点，也可能因为太主观而无法对你做出客观的判断，这个时候你应该学会自我肯定。只要你竭尽所能，做到问心无愧，你就在不知不觉中提高了自己的能力，争取到了未来事业成功的砝码。\n##doc_title\n敬业是职场最重视的美德\n忠诚是一种职业敬业精神。如果你选择了某一个工作，那就真诚地、负责地干吧，你的事业之帆已在启航。\n##doc_title\n如何将自卑感化为前行动力？\n##paragraph_title\n心理门诊\n我们每个人都有不同程度的自卑感，只是表现形式不同而已。当我们面对一个无法处理的问题或绝无办法解决的问题时，就会体会到这种自卑情绪。没有人能长期地忍受自卑感，他一定会采取某种行动来解除自己的紧张。但也应看到，当人们发现自己所处的位置是可以加以改善时，面对更高的愿景，定会产生内在动力', ""Learn more at economist.com/bossclass\ntime. On average they did not know or could not recall 60% of what their team members did, making them more like high-functioning goldfish than bosses.\n\nThere are good reasons for much of this. People move jobs and get promoted one by one, not as battalions. Rewarding people on the basis of team performance can lead to unfairness: free-riders might get too much recognition or hard workers might be penalised for someone else not pulling their weight. It's difficult to quantify team contributions. When teams are made up of people from different departments—or form for limited periods—managers find it harder to know what their direct reports are up to.\nBut these problems are not insur-\nmountable"", '不能否认有身体缺陷的人，在平时要付出多于常人的努力，但是有没有发现他们也许正因为此而又有了优于常人的地方呢？比如盲人的听觉特别灵敏。并不是缺陷阻碍了成功，而是一个人的心智是否能运用自己的能力克服困难，去发现自己的优势。人生本来并非完美，如果只盯着自己的“缺陷”，就会忽略自身的优势。更\n北京师大辅仁应用心理发展中心 杨莉\n何况有一些“缺陷”是我们对自己歪曲的认知，并非真实和不能改变的。\n自卑感若从正向(积极向上的角度)挖掘是完全可以推动人不断地前进，改善现在的处境。在现实中如果仅给自己设立过高的物质目标，脱离了实际情况，通过一段的努力仍然无法达到，这样只会对自己失去信心。因此，一则在追求物质目标的同时，一定要有精神文明的追求，即给自己的心智添加营养，才能起到相得益彰的效果。二则要制定切实可行、具体的目标是非常重要的。黎某大四时姐姐要结婚，他希望能送给姐姐10万元，因而他努力打工放弃了学业。他打工赚钱的方法没有错，但他设立的目标是否太急功尽力了呢？\n\n一个人如果缺少良好的社会支持系统，朋友就少，当遇到挫折时，他会认为自己机会太少，挫折太多，为了保护自己更倾向于封闭，避免与人接触，从而极易陷入恶性循环。要将自卑消极因素转化为积极动力因素，首先要试着敞开心扉，“牢骚太盛防肠断，风物长宜放眼量”，多从华夏五千年人文宝藏中汲取营养，激活自己向上的精神能量，“知己知彼”战胜困难，定会多一个机会', ""People in organisations have always worked in concert with others. But the emphasis on teams is growing, for a variety of reasons. Technology has made the sharing of ideas and information easier, while hybrid working has made it more vital. (There’s a reason it’s not called Microsoft Silos.) The software industry has spread the gospel of teams—agile, scrums, OKRs and all the rest of it—into all kinds of places.\nTeams, it turns out, are better at solving complex problems, according to a recent paper by Abdullah Almaatouq of the MIT Sloan School of Management. Research also suggests that people have a greater attachment to their work group than to their organisation; you're less likely to go for lunch with a logo"", '图为法官在建筑工地了解情况。\n晓东 曹林 摄\n##doc_title\n大学生志愿者帮农民工拍照寄回家\n##vision_footnote\n山东聊城大学外国语学院13名大学生志愿者，来到聊城市东昌府区新区街道一建筑工地，开展“我在聊城挺好的——帮农民工拍照寄回家”活动，帮助农民工向其家人汇报在外地的工作、生活情况，向家人报平安。图为一名大学生志愿者为在山东聊城务工的外地农民工拍摄合影照。\n##image\n\n##vision_footnote\n张振祥 王辉 刘振 摄\n##doc_title\n滑县公安:倾情关爱留守老人儿童\n##image\n\n##vision_footnote\n河南省滑县乡村空巢老人、留守老人和留守儿童近15万人。滑县公安局倾情关爱留守老人和儿童的生活状况，强力保证其人身和财产不受非法侵害。图为该县公安局高平派出所所长徐红警、指导员李建存正在向辖区西高平村的留守老人们发放警民联系卡，为其认真讲解维权法律知识。\n##vision_footnote\n张波 摄\n在当今竞争激烈的年代，许多年轻人以玩世不恭的态度对待工作，他们频繁跳槽，觉得自己工作是在出卖劳动力；他们蔑视敬业精神，嘲讽忠诚，将其视为老板盘剥、愚弄下属的手段。\n现代管理学普遍认为，老板和员工是一对矛盾的统一体，从表面上看起来，彼此之间存在着对立性——老板希望减少人员开支，而员工希望获得更多的报酬。但是，在更高的层面上，两者又是和谐统一的——公司需要敬业和有能力的员工，业务才能进行；员工必须依赖公司的业务平台才能获得物质报酬和满足才能施展及精神需求。因此，双方实为相互依存的整体。\n敬业是职场中最应值得重视的美德。只有每个员工敬业，才能发挥出团队的力量，才能拧成一股绳，劲儿往一处使，推动企业走向成功。一个公司的生存依靠少数员工的能力和智慧，但更需要绝大多数员工的敬业和勤奋']",人们更信任能力差一些却足够敬业的人，因为敬业精神体现了个人品质中的忠诚度，这种忠诚度让老板相信员工值得信赖和培养，并且在公司面临困难时会与公司同舟共济。,1.0,0.9884424459183835
reference的词性是什么？,"['##figure_title\nWords and Expressions\n##table\n<table><tr><td>tower</td><td>[ˈtaʊə(r)]</td><td>n. 塔</td></tr><tr><td>view</td><td>[vjuː]</td><td>v. 看待 &amp; n. 看法；风景</td></tr><tr><td>useful</td><td>[ˈjuːsfl]</td><td>adj. 有用的；有益的</td></tr><tr><td>information</td><td>[ˌɪnfəˈmeɪʃn]</td><td>n. 信息</td></tr><tr><td>center</td><td>[ˈsentə]</td><td>n. 中心</td></tr><tr><td>symbol</td><td>[ˈsɪmbl]</td><td>n. 象征</td></tr><tr><td>for example</td><td></td><td>例如</td></tr><tr><td>in the center of</td><td></td><td>在……的中心</td></tr><tr><td>on the top of</td><td></td><td>在……顶端</td></tr><tr><td>light up</td><td></td><td>点亮；露出喜色</td></tr></table>\n##number\n110\n##footnote\n高途课堂·秋季班', 'real gold, a true story.\n82. respectful, respectable\n\nrespectful 尊敬，有礼貌的；respectable 可敬的，值得尊敬的.\nbe respectful to be the aged.\n83. outwards, outward\n二者均可用作副词，表示向外，外面；outward 还可用作形容词。\nan outward voyage.\n84. pleasant, pleased, pleasing\n\npleasant 常用作定语，pleased. pleasing 常用作表语，pleased 主语常为人.\n\npleasing 主语常为物. a pleasant trip. The trip is pleasing.\n85. understanding, understandable\n\nunderstanding 明白事理的，能体谅的；understandable 可理解的，能懂的。an understanding girl. an understandable mistake.\n##number\n22', '##header\nNO.\nDate\n##doc_title\n(莉莉，请看黑板。)\n(3)复数前面提到过的人或事物。如: There is a man under the tree. The man is called Robert. (树下有个人，那个人叫罗伯特.)\n(4) 表示世界上独一无二的事物。如: The earth turns around the sun. (地球绕太阳旋转。)\n(5) 用在表示方位的名词前面。如: There will be strong wind to the south of the Yangtze River. (长江以南地区将会刮大风.)\n(6) 在序数词和形容词最高级的前面。如：Who is the first one to go?\n(谁第一个去？)/of all the stars, the sun is the nearest to the earth.\n(在所有的恒星之中，太阳离地球最近。)\n(7) 常用在乐器名词的前面，如：He began to play the violin at the age of 5. (五岁时他开始拉小提琴)\n(8)用在含有普通名词的专有名词的前面。如: He is from the United States of America. (他来自美利坚合众国)\n(9)用在江河、海洋、山脉等名称的前面。如：I have never been to the Himalaya Mountains. (我从来没有去过喜马拉雅山)\n(10)用在姓氏之前表示一家人', '##header_image\n\n##header\n名师特训 | 小学语文阅读高效训练 80 篇·发展篇\n“灵活”主要指“能适应事物的发展变化而变化”；“灵巧”主要指“灵便、精巧、不笨拙”。\n##paragraph_title\n3 【答案】请 ③\n【解析】本题考查学生理解句子的能力。句子中的“这”指的是引号中的“请”这个礼貌用语。联系短文，说它有“魔力”指的是说话的时候加上礼貌用语“请”，能使人更乐意帮助说话的人。\n##paragraph_title\n4 【答案】示例：谢谢你 对不起\n【解析】本题考查学生积累生活常识的能力。题目中“有魔力的字眼”指的是礼貌用语。生活中常用的礼貌用语有很多，如：谢谢你、不客气、对不起等。\n##paragraph_title\n5 【答案】示例：它像大海一样宽广，像阳光一样温暖……\n【解析】本题考查学生仿写句子的能力。联系生活经验，写出事物的特点即可。如“像雪花一样洁白”“像露珠一样晶莹”……写出任意两种即可。\n##paragraph_title\n选文 48 “我运动，我健康” 计划\n【解析】本题考查学生理解材料内容的能力。根据“我的计划”部分可知答案。\n##paragraph_title\n2【答案】3\n【解析】本题考查学生阅读表格的能力。根据记录表，跑步的符号是“□”，表格的第一周中有三个“□”，即有3天进行了跑步运动。\n##paragraph_title\n3 【答案】②\n【解析】本题考查学生阅读表格的能力。李乐乐制订计划的时间是5月1日，选项①的说法错误；根据表格的符号，李乐乐在第一周中安排了跑步、跳绳、游泳、打篮球共4种不同的体育运动，选项③的说法错误。选项②的说法正确', ""##header\nNO.\nDate\na. sleeping. baby: The baby is asleep. I'm sleepy.\n77. gold, golden\n\ngold 指真金制品，golden 指金色的，但金鱼用 gold fish, a gold ring.\n78. most, mostly\nmost 用于表感受的肯定句中，相当于 very，当大部分、大多数解时是形容词或名词；mostly 大部分，是副词。most people, the people are mostly\n79. just, very\njust 表强调时是副词，作状语；very 表强调时是形容词，用作定语。\nthe very man, just the man.\n80. wide, broad\nwide侧重于一边到另一边的距离，broad侧重于幅面的宽广.broad shoulders.\n81. real, true\n\nreal 真的，真实的，指的是事实上存在而不是想象的；true 真的，真正的，指的是事实和实际情况相符合。real gold, a true story.\n82. respectful, respectable\n\nrespectful 尊敬，有礼貌的；respectable 可敬的，值得尊敬的.\nbe respectful to be the aged.\n83. outwards, outward\n二者均可用作副词，表示向外，外面；outward 还可用作形容词""]",名词,0.0,0.0
Which state has the BJP already made inroads in?,"['""\nBJP officials dismiss that as separatist scaremongering. Privately, though, they admit frustration with their party’s performance in the south. They now believe that the combination of this year’s election, delimitation and state polls in Kerala and Tamil Nadu in 2026 give it a rare chance to establish more of a foothold in the south. And they want to do that while the face of the party is still Mr Modi, whose popularity extends well beyond the Hindi heartland. “It’s important to them to make the claim that they’re not limited to Hindi-speaking India,” says Sandeep Shastri, an expert on Indian politics. “They want to become a truly pan-Indian party,” he says.\nOne southern state where the BJP has already made inroads is Karnataka, where', 'Kulajan has been transformed. Mr Das used to be employed in a clothes shop and now runs his own. ""I owe this to the bridge,"" he says.\nThis is the sort of story Mr Modi’s Bhara-tiya Janata Party (BJP) likes to tell about north-east India. Long an embarrassment to the government in Delhi, the region’s eight states are poor, insurgency-racked and mostly tucked away beyond neighbouring Bangladesh. No part of India—not even restive Kashmir in the far north—has been so little touched by its 76-year-long state-building effort. The Modi government has tried to change that.\nIt has accelerated infrastructure projects in Arunachal Pradesh, Assam, Manipur, Meghalaya, Mizoram, Nagaland, Sikkim and Tripura (see map on next page)', '“Look at me: I’m a pukka Dravidian south Indian,” he says.\n##chart\n\n##vision_footnote\n*Jan 2022-Jun 2023 †Year ending March †At Feb 2024, startups valued $1bn or more $2020-23 **Estimate †December 2023 Sources: CBRE Research; Tracxn; government statistics\n“I’m rooting the BJP to the ground here.”\nAnd to build the party’s presence in the state, he says he is putting “growth, growth and growth” at the centre of its campaign. “I don’t think we need to respond to ideology with ideology,” he adds. In particular, the BJP has to tread carefully on the idea of making Hindi a national language, as it has sometimes advocated. That issue has often provoked protests in the south, including deadly riots in Tamil Nadu in 1965', ""The average literacy rate of women aged between 15 and 49 in the south is among India's highest, averaging 86%. In UP and Bihar, the average is 70%.\nThe north-south divide is cultural, too. The BJP seeks to establish a Hindu-centric national identity that it says was suppressed for centuries by Muslim and British invaders. But that idea resonates far less in the south, where Islam arrived earlier and spread more peacefully. The region also has a long history of social activism aimed at modernising Hinduism and promoting local identity.\nThe BJP’s challenge is particularly acute in Tamil Nadu. It has been controlled since the 1960s by parties stemming from the Dravidian movement, which began as a revolt against Brahmins (the highest of India’s castes) dominating the civil service"", 'It has been controlled since the 1960s by parties stemming from the Dravidian movement, which began as a revolt against Brahmins (the highest of India’s castes) dominating the civil service. That grew into a campaign to abolish the caste system and protect local language and culture. In the past Dravidian leaders agitated for an independent nation, too.\n\nTo try to break Dravidian parties’ grip on power, the BJP appointed Mr Annamalai, a charismatic Tamil, as its state chief in 2021, two years after he resigned as a police officer. A farmer’s son from a relatively low caste, he has run an aggressive campaign to mobilise young voters, especially in rural areas, and to counter Dravidian parties’ accusations that the BJP is dominated by northern Brahmins']",Karnataka.,,0.5824142117097425
Which company is listed under the letter B in the INDEX TO BUSINESSES section?,"[""##header\n☐ | Wednesday, January 8, 2025\n##header\nTHE WALL STREET JOURNAL.\n##paragraph_title\nINDEX TO BUSINESSES\nThese indexes cite notable references to most parent companies and businesspeople in today's edition. Articles on regional page inserts aren't cited in these indexes.\n##content\nA\nAlpha Architect 1-3 Month\nBox ETF.B12\nAlphabet.B1\nAltaris.B3\nAmazon.com.B2,B4\nAnthropic.B1\nApollo Global Management.B5\nB\nBanco BPM.B3\nBanco de Sabadell.B3\nBlackRock.B12\nBlackstone.B1\nBXP.A2\nC\nCamden Property Trust.B1\nCapital One Financial.B3\nCintas.B1\nCoinbase.B2\nCommerzbank.B3\nConsortium Brand Partners.B6\nCortland.B1\nCushman & Wakefield.B1\nD\nDatabricks.B1\nDefiance Daily Target 2X\nLong MSTR ETF.B12\n##header\nBUSINESS & FINANCE\n##content\nF\nFord Motor.A3\nG\nGetty Images.B3\nGFL Environmental"", 'B1\nP\n##figure_title\nINDEX TO PEOPLE\n##table\n<table><tr><td colspan=""2"">A</td></tr><tr><td>Adler, Jonathan</td><td>B6</td></tr><tr><td>Almon, Lorie</td><td>B2</td></tr><tr><td>Armstrong, Brian</td><td>B2</td></tr><tr><td colspan=""2"">B</td></tr><tr><td>Baker, Cory</td><td>B6</td></tr><tr><td>Bentley, Jeb</td><td>B5</td></tr><tr><td>Binstock, Dan</td><td>B2</td></tr><tr><td>Brady, Kevin</td><td>B2</td></tr><tr><td colspan=""2"">C</td></tr><tr><td>Cardell, Sarah</td><td>B4</td></tr><tr><td colspan=""2"">D</td></tr><tr><td>Daggett, Harold</td><td>B3</td></tr></table>\n##table\n<table><tr><td>Dovigi, Patrick</td><td>B2</td></tr><tr><td colspan=""2"">G</td></tr><tr><td>Garland, James</td><td>B1</td></tr><tr><td colspan=""2"">H</td></tr><tr><td>Heary', 'B6\nCortland.B1\nCushman & Wakefield.B1\nD\nDatabricks.B1\nDefiance Daily Target 2X\nLong MSTR ETF.B12\n##header\nBUSINESS & FINANCE\n##content\nF\nFord Motor.A3\nG\nGetty Images.B3\nGFL Environmental.B2\nGreystar Real Estate Partners.B1\nH\nHome Depot.B3\nI\nING Groep.B3\nJ\nJonathan Adler.B6\nJPMorgan Chase.B3\nJPMorgan Equity Premium Income ETF.B12\nM\nMerck.B3\nMeta Platforms.A1,B1\nMicrosoft.B4\nMicroStrategy.B12\nN\nNEOS Enhanced Income 1-3 Month T-Bill ETF.B12\nO\nOpenAI', '##header_image\n\n##header\n证券研究报告\n##figure_title\n表1：重点公司盈利预测及投资评级\n##table\n<table><tr><td rowspan=""2"">公司代码</td><td rowspan=""2"">公司名称</td><td rowspan=""2"">投资评级</td><td rowspan=""2"">昨收盘（元）</td><td rowspan=""2"">总市值（亿元）</td><td colspan=""2"">EPS</td><td colspan=""2"">PE</td></tr><tr><td>2022E</td><td>2023E</td><td>2022E</td><td>2023E</td></tr><tr><td>300012</td><td>华测检测</td><td>买入</td><td>20.79</td><td>349</td><td>0.56</td><td>0.69</td><td>37</td><td>30</td></tr><tr><td>688686</td><td>奥普特</td><td>买入</td><td>176.58</td><td>146</td><td>4.82</td><td>6.23</td><td>37</td><td>28</td></tr><tr><td>688188</td><td>柏楚电子</td><td>买入</td><td>284.00</td><td>295</td><td>6.57</td><td>8.97</td><td>43</td><td>32</td></tr><tr><td>601100</td><td>恒立液压</td><td>买入</td><td>49.70</td><td>649</td><td>2.08</td><td>2', ""##header\nWEDNESDAY, JANUARY 8, 2025 | THE GLOBE AND MAIL\n##header\nREPORT ON BUSINESS\n##number\nB11\nFormer Alouettes player gives AI a chance to chat on new talk show ☐ B13 Burgess set for debut with four-time Scotties winner Einarson ☐ B14\n\n##image\n\n##doc_title\nSticking to it\nMaple Leafs forward Bobby McMann falls to one knee in a competition for a loose puck with Flyers centre Ryan Poehling during Tuesday night's game at Wells Fargo Center in Philadelphia.\nRead the game story at ☐ GLOBESPORTS.COM\nEMILEE CHINN/GETTY IMAGES\n##doc_title\nVancouver PWHL showcase stirs up fond feelings for Victoire star Poulin\nMarie-Philip Poulin still gets a little emotional as she stands at centre ice in a packed arena, hearing O Canada""]","Answer: Alphabet, Banco BPM, Banco de Sabadell, BlackRock, Blackstone, BXP, Camden Property Trust, Capital One Financial, Cintas, Coinbase, Commerzbank, Consortium Brand Partners, Cortland, Cushman & Wakefield, Defiance Daily Target 2X Long MSTR ETF.",0.3333333333333333,0.5970344599793894
What is the title of the study published in Mol.Cell Biol.23 in 2006?,"['Li, M.F. Wilkinson, Site-directed mutagenesis: a two-step method using PCR and DpnI, Biotechniques 23 (1997) 588–590.\n##reference_content\n[8] Z. Ma, H. Izumi, M. Kanai, Y. Kabuyama, N.G. Ahn, K. Fukasawa, Mortalin controls centrosome duplication via modulating centrosomal localization of p53, Oncogene 39 (2006) 5377–5390.\n##reference_content\n[9] Z. Ma, M. Kanai, K. Kawamura, K. Kaibuchi, K. Ye, K. Fukasawa, Interaction between ROCK II and nucleophosmin/B23 in the regulation of centrosome duplication, Mol. Cell Biol. 23 (2006) 9016–9034', '##number\n2608\n##header\nHASUMI ET AL.\n##chart\n\n##chart\n\n##chart\n\n##chart\n\n##image\n\n##figure_title\nFIGURE 1 – Combination of VEGFR and PDGFR tyrosine kinase inhibitors inhibits B16 melanoma tumor growth in vivo. (a) Subconfluent cultures of PAE/PDGFRβ cells were stimulated with conditioned media from B16/mock or B16/PDGF-BB cells for 1 hr on ice (left panels). Alternatively, PAE/PDGFRβ cells were incubated for 5 min at 37°C with conditioned medium or increasing amounts of PDGF-BB (right panels). PDGFRβ phosphorylation was analyzed by PDGFRβ and phospho-tyrosine (pTyr) immunoblotting of wheat germ agglutinin adsorbed fractions of cell lysates', 'PDGFRβ phosphorylation was analyzed by PDGFRβ and phospho-tyrosine (pTyr) immunoblotting of wheat germ agglutinin adsorbed fractions of cell lysates. (b) B16/PDGF-BB cells were seeded in 12-well plates and cultured in the presence of vehicle (♦), 3 μM STI571 (■), 1 μM PTK787 (▲) or 3 μM STI571 and 1 μM PTK787 (●). B16/mock (c) or B16/PDGF-BB (d) cells were inoculated subcutaneously to C57Bl6/J mice. When the tumor volume reached 20 mm³, mice received either p.o. gavage of vehicle (♦), 100 mg/kg/day STI571 (■), 25 mg/kg/day PTK787 (▲) or 100 mg/kg/day STI571 and 25 mg/kg/day PTK787 (○). Treatment was given for 13 days for mice bearing B16/mock tumors (c) and 8 days for mice bearing B16/PDGF-BB tumors (d). Tumor volumes, determined by palpation were followed over time', 'In some diseases, such as familial dysautonomia and sickle cell, the gene has been identified which allows for accurate pre-natal testing. Further, in diseases where the genetic abnormality is known, such as chronic granulomatous disease, gene therapy remains a realistic prospect and phase I studies are about to commence or currently underway. This article reviews those rare diseases in which there is or is likely to be a significant genetic contribution. © 2001 Harcourt Publishers Ltd\n##paragraph_title\nINTRODUCTION\nOver the past few years there have been great advances in molecular technology. This has enabled further understanding of the molecular pathophysiology and causation of many diseases and the interaction between the host and the environment that influences expression (Fig. 1)', 'PDGFRβ was immunoprecipitated from 15 mg tumor lysate, and receptor phosphorylation was analyzed by PDGFRβ and phospho-tyrosine (pTyr) immunoblotting. Rabbit IgG recognizing PTEN was used for immunoprecipitation as a negative control (lane 1). The ratio between the densitometric analysis of the phosphotyrosine band and the upper, mature PDGFRβ band were compared to the first vehicle-treated tumor to obtain the relative receptor phosphorylation.\n##paragraph_title\nResults\n##paragraph_title\nIn vitro characterization of a B16F10 melanoma clone which produces PDGF-BB\nA B16 melanoma cell line producing PDGF-BB (B16/PDGF-BB) was previously established. $ ^{26} $ This cell line was used to isolate a clone with robust PDGF-BB production that was selected for further experiments']",Interaction between ROCK II and nucleophosmin/B23 in the regulation of centrosome duplication.,1.0,0.4948826955746887
