k,total_queries,num_hit,hit_rate,avg_hit_rate,mrr
1,5258,2638,0.501711677443895,0.501711677443895,0.501711677443895
3,5258,3351,0.6373145682769114,0.6373145682769114,0.5656459997464188
5,5258,3415,0.6494864967668315,0.6494864967668315,0.5684797768479779
