k,total_queries,num_hit,hit_rate,avg_hit_rate,mrr
1,97,37,0.38144329896907214,0.38144329896907214,0.38144329896907214
3,97,48,0.4948453608247423,0.4948453608247423,0.4347079037800687
5,97,48,0.4948453608247423,0.4948453608247423,0.4347079037800687
