k,total_queries,num_hit,hit_rate,avg_hit_rate,mrr
1,97,30,0.30927835051546393,0.30927835051546393,0.30927835051546393
3,97,38,0.3917525773195876,0.3917525773195876,0.34364261168384874
5,97,42,0.4329896907216495,0.4329896907216495,0.35343642611683845
