k,total_queries,num_hit,hit_rate,avg_hit_rate,mrr
1,5258,1928,0.36667934575884364,0.36667934575884364,0.36667934575884364
3,5258,2796,0.5317611259033853,0.5317611259033853,0.43809433244579715
5,5258,3093,0.5882464815519208,0.5882464815519208,0.4506181057436289
